dataset,arm,seed,lr,checkpoint,reconciliation,origin,target_start,primary,bottom_rmsse,raw_mae,coherence_mae,coherence_max
Labour,LORA,92110,0.0003,512,unreconciled,455,2016-01-01,0.6836434048447553,1.0772293923240643,12.501689979938302,2.199332156376532,48.660651206970215
Labour,LORA,92110,0.0003,512,unreconciled,456,2016-02-01,0.7357701078996493,1.0818823988461388,14.359142523669696,2.3339233370552286,32.85198974609375
Labour,LORA,92110,0.0003,512,unreconciled,457,2016-03-01,0.708094195206106,1.0825224159221662,12.828569827025175,2.036239412095812,26.641357421875
Labour,LORA,92110,0.0003,512,unreconciled,458,2016-04-01,0.6865383833627992,1.000847848219801,11.394474626203644,1.8515222630305597,25.5836181640625
Labour,LORA,92110,0.0003,512,unreconciled,459,2016-05-01,0.7003628035482233,0.9564634369535797,11.600041879881017,1.6477680554864003,52.03847885131836
Labour,LORA,92110,0.0003,512,unreconciled,460,2016-06-01,0.6775942851254021,0.9370765490250235,10.838851223765461,1.8126685298674288,34.69913291931152
Labour,LORA,92110,0.0003,512,unreconciled,461,2016-07-01,0.6669574417490445,0.8804243017804616,10.107395683602004,1.7826880209627207,53.61167907714844
Labour,LORA,92110,0.0003,512,unreconciled,462,2016-08-01,0.7261608651485331,0.9171226691471707,11.090011148765525,1.9819934326305724,57.842095375061035
Labour,LORA,92110,0.0003,512,unreconciled,463,2016-09-01,0.8545360874828362,1.0145052230508949,13.402030881476001,2.083885669708252,58.849103927612305
Labour,LORA,92110,0.0003,512,unreconciled,464,2016-10-01,0.9193269713258152,1.0409141178911352,15.393359513795032,2.260003794006437,63.23932647705078
Labour,LORA,92110,0.0003,512,unreconciled,465,2016-11-01,0.921481491531984,1.0330942926213729,14.770497263034818,2.334473707522565,62.450419425964355
Labour,LORA,92110,0.0003,512,unreconciled,466,2016-12-01,0.9178185547117869,0.9686731059694603,15.181340122363476,2.209473428670426,59.260231018066406
Labour,LORA,92110,0.0003,512,unreconciled,467,2017-01-01,0.8554842649723758,0.9348713825012882,13.387422349065824,1.9636840290493436,45.78389263153076
Labour,LORA,92110,0.0003,512,unreconciled,468,2017-02-01,1.1212578044003352,1.05149779733769,19.627465900963397,2.135510295455219,51.79978084564209
Labour,LORA,92110,0.0003,512,unreconciled,469,2017-03-01,1.0717646970732928,0.9925337064363591,17.77406255676231,2.324394615072953,86.59578323364258
Labour,LORA,92110,0.0003,512,unreconciled,470,2017-04-01,1.0501664841208485,0.9891898997505377,17.577055890720025,1.884768763480828,51.365620613098145
Labour,LORA,92110,0.0003,512,unreconciled,471,2017-05-01,1.0329424386376445,1.053604516399133,17.51613746965454,2.0271127223968506,54.811723709106445
Labour,LORA,92110,0.0003,512,unreconciled,472,2017-06-01,0.850274037735048,0.9692340622219227,13.869096246927134,2.2352956721657202,33.68951416015625
Labour,LORA,92110,0.0003,512,unreconciled,473,2017-07-01,0.8235987276557886,0.9135755461713726,13.601103314217214,2.144040018494366,39.510475158691406
Labour,LORA,92110,0.0003,512,unreconciled,474,2017-08-01,0.8378870277687956,0.8786018769316146,13.731784747423331,2.2735344889568307,47.380059242248535
Labour,LORA,92110,0.0003,512,unreconciled,475,2017-09-01,0.8496290980823389,0.8437094405056154,14.251893732159441,2.4719862059543005,56.305203437805176
Labour,LORA,92110,0.0003,512,unreconciled,476,2017-10-01,0.7580228119709407,0.8478049908158447,12.506553472257414,2.2857543850502773,22.4290771484375
Labour,LORA,92110,0.0003,512,unreconciled,477,2017-11-01,0.7782799131633424,0.8930732492492799,12.616503207430613,2.056341770796748,41.39406204223633
Labour,LORA,92110,0.0003,512,unreconciled,478,2017-12-01,0.688205741141938,0.8851623354418938,10.90999829329968,2.196430776551453,37.20016574859619
Labour,LORA,92110,0.0003,512,unreconciled,479,2018-01-01,0.6568144122203752,0.946610952577725,9.304562775550925,2.6328979821233025,61.20219707489014
Labour,LORA,92110,0.0003,512,unreconciled,480,2018-02-01,0.8280726634580123,1.0449849147657764,14.116511720746653,2.1668119221402886,60.50611877441406
Labour,LORA,92110,0.0003,512,unreconciled,481,2018-03-01,0.7055846668652854,1.0180262306849301,10.844758707590765,2.2220974024276288,25.729095458984375
Labour,LORA,92110,0.0003,512,unreconciled,482,2018-04-01,0.7363014720737848,1.051463538458516,11.581001475578043,2.3511735291508904,37.68430709838867
Labour,LORA,92110,0.0003,512,unreconciled,483,2018-05-01,0.7667311329428044,1.0853720916986687,12.479146152261782,2.1191114138441476,40.3459529876709
Labour,LORA,92110,0.0003,512,unreconciled,484,2018-06-01,0.747090928274979,1.1068713095656144,11.48091738008468,2.358640766980355,57.98759365081787
Labour,LORA,92110,0.0003,512,unreconciled,485,2018-07-01,0.7707099042064578,1.1512197502901742,11.560804529390818,1.933024183351394,38.79055976867676
Labour,LORA,92110,0.0003,512,unreconciled,486,2018-08-01,0.8179117628617911,1.1149327479228537,12.404213437858791,1.544405295834904,28.00592041015625
Labour,LORA,92110,0.0003,512,unreconciled,487,2018-09-01,0.8680319552783964,1.0814588125705331,14.065059631600354,1.8358032089924952,55.247490882873535
Labour,LORA,92110,0.0003,512,unreconciled,488,2018-10-01,0.811047652998281,1.0033639959397207,13.052690542985667,1.824462918510214,34.48734378814697
Labour,LORA,92110,0.0003,512,unreconciled,489,2018-11-01,0.8382050437989489,1.0638235038217263,13.477396953271812,1.849692065813388,63.400025367736816
Labour,LORA,92110,0.0003,512,unreconciled,490,2018-12-01,0.771436537122179,1.0456183512990116,12.018062448846102,2.8487227269780564,87.59709358215332
Labour,LORA,92110,0.0003,512,unreconciled,491,2019-01-01,0.6664719637495677,0.9412645700702689,9.527851015008535,2.664730840259128,87.80998134613037
Labour,LORA,92110,0.0003,512,bottom_up,455,2016-01-01,0.7569547465708619,1.0772293923240643,13.735588556628313,0.0,0.0
Labour,LORA,92110,0.0003,512,bottom_up,456,2016-02-01,0.7894436694108504,1.0818823988461388,14.991692775911332,0.0,0.0
Labour,LORA,92110,0.0003,512,bottom_up,457,2016-03-01,0.7317089386832353,1.0825224159221662,13.229357725519325,0.0,0.0
Labour,LORA,92110,0.0003,512,bottom_up,458,2016-04-01,0.7320361020327547,1.000847848219801,12.37376224424923,0.0,0.0
Labour,LORA,92110,0.0003,512,bottom_up,459,2016-05-01,0.7017496266039679,0.9564634369535797,11.757427516795525,0.0,0.0
Labour,LORA,92110,0.0003,512,bottom_up,460,2016-06-01,0.6708452727167992,0.9370765490250235,11.06039491059229,0.0,0.0
Labour,LORA,92110,0.0003,512,bottom_up,461,2016-07-01,0.6144574456102656,0.8804243017804616,9.842008313852453,0.0,0.0
Labour,LORA,92110,0.0003,512,bottom_up,462,2016-08-01,0.6482858437475711,0.9171226691471707,10.544207442840223,0.0,0.0
Labour,LORA,92110,0.0003,512,bottom_up,463,2016-09-01,0.7549039789305966,1.0145052230508949,12.707278726901933,0.0,0.0
Labour,LORA,92110,0.0003,512,bottom_up,464,2016-10-01,0.8487019968192397,1.0409141178911352,14.769395650490134,0.0,0.0
Labour,LORA,92110,0.0003,512,bottom_up,465,2016-11-01,0.8672168842993779,1.0330942926213729,14.653591186267189,0.0,0.0
Labour,LORA,92110,0.0003,512,bottom_up,466,2016-12-01,0.8510294448108117,0.9686731059694603,14.530719682874658,0.0,0.0
Labour,LORA,92110,0.0003,512,bottom_up,467,2017-01-01,0.8378445480201681,0.9348713825012882,13.426683627912324,0.0,0.0
Labour,LORA,92110,0.0003,512,bottom_up,468,2017-02-01,1.061257984197987,1.05149779733769,18.673945511056306,0.0,0.0
Labour,LORA,92110,0.0003,512,bottom_up,469,2017-03-01,0.992764851242733,0.9925337064363591,16.795696569079368,0.0,0.0
Labour,LORA,92110,0.0003,512,bottom_up,470,2017-04-01,0.9993160483019675,0.9891898997505377,17.14922640154625,0.0,0.0
Labour,LORA,92110,0.0003,512,bottom_up,471,2017-05-01,1.0092136406233847,1.053604516399133,17.524087655084507,0.0,0.0
Labour,LORA,92110,0.0003,512,bottom_up,472,2017-06-01,0.8576171241394748,0.9692340622219227,14.193252251100981,0.0,0.0
Labour,LORA,92110,0.0003,512,bottom_up,473,2017-07-01,0.7726981399481019,0.9135755461713726,12.970028551709577,0.0,0.0
Labour,LORA,92110,0.0003,512,bottom_up,474,2017-08-01,0.7523707070021773,0.8786018769316146,13.042457138074763,0.0,0.0
Labour,LORA,92110,0.0003,512,bottom_up,475,2017-09-01,0.7527274779624538,0.8437094405056154,13.264645490926604,0.0,0.0
Labour,LORA,92110,0.0003,512,bottom_up,476,2017-10-01,0.7369442961699306,0.8478049908158447,12.465676019140018,0.0,0.0
Labour,LORA,92110,0.0003,512,bottom_up,477,2017-11-01,0.726191464869248,0.8930732492492799,11.994992731694515,0.0,0.0
Labour,LORA,92110,0.0003,512,bottom_up,478,2017-12-01,0.6967663122881578,0.8851623354418938,10.889774349230528,0.0,0.0
Labour,LORA,92110,0.0003,512,bottom_up,479,2018-01-01,0.7103933515633737,0.946610952577725,9.617079644685173,0.0,0.0
Labour,LORA,92110,0.0003,512,bottom_up,480,2018-02-01,0.8617061735962983,1.0449849147657764,13.86726720503069,0.0,0.0
Labour,LORA,92110,0.0003,512,bottom_up,481,2018-03-01,0.7975916899161066,1.0180262306849301,11.925809116143217,0.0,0.0
Labour,LORA,92110,0.0003,512,bottom_up,482,2018-04-01,0.835239777003405,1.051463538458516,12.8680719533142,0.0,0.0
Labour,LORA,92110,0.0003,512,bottom_up,483,2018-05-01,0.8533990568567009,1.0853720916986687,13.452189539493606,0.0,0.0
Labour,LORA,92110,0.0003,512,bottom_up,484,2018-06-01,0.8466491404046533,1.1068713095656144,12.879541587144825,0.0,0.0
Labour,LORA,92110,0.0003,512,bottom_up,485,2018-07-01,0.8718155553186542,1.1512197502901742,12.555679837808935,0.0,0.0
Labour,LORA,92110,0.0003,512,bottom_up,486,2018-08-01,0.8870981052563127,1.1149327479228537,12.95767567778656,0.0,0.0
Labour,LORA,92110,0.0003,512,bottom_up,487,2018-09-01,0.8677970438695995,1.0814588125705331,13.859468016931304,0.0,0.0
Labour,LORA,92110,0.0003,512,bottom_up,488,2018-10-01,0.8200630437853748,1.0033639959397207,12.934162873296085,0.0,0.0
Labour,LORA,92110,0.0003,512,bottom_up,489,2018-11-01,0.8190150502555569,1.0638235038217263,12.906067602414463,0.0,0.0
Labour,LORA,92110,0.0003,512,bottom_up,490,2018-12-01,0.7516020353191548,1.0456183512990116,11.521750058511268,0.0,0.0
Labour,LORA,92110,0.0003,512,bottom_up,491,2019-01-01,0.6598990375307847,0.9412645700702689,9.567010706536529,0.0,0.0
Labour,LORA,92110,0.0003,512,mint_shrink,455,2016-01-01,0.676721129447718,1.1068902602789468,12.639773732322567,3.191625001972707e-13,3.092281986027956e-11
Labour,LORA,92110,0.0003,512,mint_shrink,456,2016-02-01,0.7888928597273462,1.1774547421223505,15.139124971665291,2.7169949201469913e-13,1.8189894035458565e-11
Labour,LORA,92110,0.0003,512,mint_shrink,457,2016-03-01,0.7290525745197536,1.114897322781561,12.865806098822294,2.616854101832264e-13,2.3646862246096134e-11
Labour,LORA,92110,0.0003,512,mint_shrink,458,2016-04-01,0.7031863505262392,0.9792455810207902,11.327333166986024,3.186430976126508e-13,1.8189894035458565e-11
Labour,LORA,92110,0.0003,512,mint_shrink,459,2016-05-01,0.7202194592528754,0.9928646235226025,11.48639247766003,3.0564764494545947e-13,2.1827872842550278e-11
Labour,LORA,92110,0.0003,512,mint_shrink,460,2016-06-01,0.7017883584918932,0.9878507725619641,10.66985443468475,2.2846442087093395e-13,1.8189894035458565e-11
Labour,LORA,92110,0.0003,512,mint_shrink,461,2016-07-01,0.700497654529182,0.9491387285164135,10.169202638090846,2.9926938120632643e-13,2.546585164964199e-11
Labour,LORA,92110,0.0003,512,mint_shrink,462,2016-08-01,0.761849504244092,0.9997601162778118,10.840384998057605,2.7727787577351746e-13,3.092281986027956e-11
Labour,LORA,92110,0.0003,512,mint_shrink,463,2016-09-01,0.9198322661159697,1.1281372736195996,13.182617738903714,2.793450980603049e-13,1.6370904631912708e-11
Labour,LORA,92110,0.0003,512,mint_shrink,464,2016-10-01,1.0216079272815795,1.2013320219794408,16.221967655417874,2.6322284183370145e-13,1.8189894035458565e-11
Labour,LORA,92110,0.0003,512,mint_shrink,465,2016-11-01,1.0517996121368394,1.189526341736597,16.535298455539262,2.244026926592059e-13,2.000888343900442e-11
Labour,LORA,92110,0.0003,512,mint_shrink,466,2016-12-01,1.0238447214274546,1.1113428025531045,16.412676569656746,3.3936726073898703e-13,2.000888343900442e-11
Labour,LORA,92110,0.0003,512,mint_shrink,467,2017-01-01,0.9269260603121486,1.0114148890754158,14.321634009907424,2.9895773965555445e-13,2.000888343900442e-11
Labour,LORA,92110,0.0003,512,mint_shrink,468,2017-02-01,1.2015210024769467,1.2001343973593381,20.265797662914228,2.9505183221921237e-13,2.000888343900442e-11
Labour,LORA,92110,0.0003,512,mint_shrink,469,2017-03-01,1.1181632627235847,1.0958751036763223,18.020952540494125,2.6285926002446747e-13,2.1827872842550278e-11
Labour,LORA,92110,0.0003,512,mint_shrink,470,2017-04-01,1.1078124671763505,1.0672458154541298,18.28579094039435,2.7089961203438437e-13,1.6370904631912708e-11
Labour,LORA,92110,0.0003,512,mint_shrink,471,2017-05-01,1.1105165383560323,1.127956087679268,18.509545323813484,3.3235532584661763e-13,2.1827872842550278e-11
Labour,LORA,92110,0.0003,512,mint_shrink,472,2017-06-01,0.9978651560282594,1.0859023452572996,15.830486840010407,3.832567791393733e-13,2.7284841053187847e-11
Labour,LORA,92110,0.0003,512,mint_shrink,473,2017-07-01,0.910818041300266,1.0101165259282192,14.336017119580587,2.2139015766841017e-13,1.8189894035458565e-11
Labour,LORA,92110,0.0003,512,mint_shrink,474,2017-08-01,0.9227874221684582,1.0308572580128736,14.444830767528662,2.935040125170449e-13,1.4551915228366852e-11
Labour,LORA,92110,0.0003,512,mint_shrink,475,2017-09-01,0.9301905894580428,1.0065564707841,14.94593073167871,3.5927076778162377e-13,2.7284841053187847e-11
Labour,LORA,92110,0.0003,512,mint_shrink,476,2017-10-01,0.8768662480703071,1.007296335981797,13.937671118763866,3.2309957178869e-13,2.546585164964199e-11
Labour,LORA,92110,0.0003,512,mint_shrink,477,2017-11-01,0.8834833140966003,1.080712718554926,13.856141134294347,3.051282423608395e-13,1.8189894035458565e-11
Labour,LORA,92110,0.0003,512,mint_shrink,478,2017-12-01,0.7914740183892347,1.037108263558562,12.074144500364978,3.9261641371422495e-13,4.001776687800884e-11
Labour,LORA,92110,0.0003,512,mint_shrink,479,2018-01-01,0.6745314280198661,1.0265006558520664,8.73118291368629,3.053360033946875e-13,3.2741809263825417e-11
Labour,LORA,92110,0.0003,512,mint_shrink,480,2018-02-01,0.9021530948755689,1.1356789369229683,14.429692086922671,3.294466713727459e-13,2.7284841053187847e-11
Labour,LORA,92110,0.0003,512,mint_shrink,481,2018-03-01,0.7817885786001175,1.0500342226745882,11.597972044529358,3.220399905160653e-13,2.9103830456733704e-11
Labour,LORA,92110,0.0003,512,mint_shrink,482,2018-04-01,0.8145422486139517,1.115865959099268,12.85346486888862,3.158694878107802e-13,2.3646862246096134e-11
Labour,LORA,92110,0.0003,512,mint_shrink,483,2018-05-01,0.8201410353153544,1.124856679852362,13.394637938765108,3.6016414022717007e-13,2.3646862246096134e-11
Labour,LORA,92110,0.0003,512,mint_shrink,484,2018-06-01,0.8180878950138782,1.1277825646790478,13.273872674452093,2.8895404587577406e-13,2.1827872842550278e-11
Labour,LORA,92110,0.0003,512,mint_shrink,485,2018-07-01,0.8253748826954579,1.1552794722323658,12.364668554562114,3.225905572557624e-13,3.092281986027956e-11
Labour,LORA,92110,0.0003,512,mint_shrink,486,2018-08-01,0.8327317290487513,1.079264007192069,12.777134824940928,3.7361666716882697e-13,3.092281986027956e-11
Labour,LORA,92110,0.0003,512,mint_shrink,487,2018-09-01,0.8410174534832715,1.0768563036784382,13.856071025543594,4.076063723063569e-13,4.001776687800884e-11
Labour,LORA,92110,0.0003,512,mint_shrink,488,2018-10-01,0.8232218814294002,1.0179645504806456,13.20604065416444,3.4491448034272817e-13,2.3646862246096134e-11
Labour,LORA,92110,0.0003,512,mint_shrink,489,2018-11-01,0.8055752912151383,1.0555807276134868,12.919038532427306,3.7874836470487213e-13,3.8198777474462986e-11
Labour,LORA,92110,0.0003,512,mint_shrink,490,2018-12-01,0.7630230328888598,1.0417110356588553,11.580322092870587,3.645375099896701e-13,3.092281986027956e-11
Labour,LORA,92110,0.0003,512,mint_shrink,491,2019-01-01,0.6835460115646081,0.9203317038864502,9.34024649197587,2.6095824656475843e-13,1.6370904631912708e-11
Labour,LORA,92110,0.0003,512,ols,455,2016-01-01,0.6782637984228624,1.0502779911715052,12.325184874902408,5.985803146194225e-13,9.640643838793039e-11
Labour,LORA,92110,0.0003,512,ols,456,2016-02-01,0.7439990867857866,1.050473142239407,14.169937445054268,6.076698598502716e-13,7.457856554538012e-11
Labour,LORA,92110,0.0003,512,ols,457,2016-03-01,0.685355306395847,1.0641807433538264,12.7022052301934,8.917207453272334e-13,7.821654435247183e-11
Labour,LORA,92110,0.0003,512,ols,458,2016-04-01,0.6682793985298756,0.9732496435657438,11.300966201678131,6.189616720399095e-13,7.275957614183426e-11
Labour,LORA,92110,0.0003,512,ols,459,2016-05-01,0.6823700480601045,0.9429363912326658,11.526997520659892,5.221242541633648e-13,4.18367562815547e-11
Labour,LORA,92110,0.0003,512,ols,460,2016-06-01,0.6527357298993263,0.9153058844229446,10.7661879734292,6.01353924421293e-13,4.547473508864641e-11
Labour,LORA,92110,0.0003,512,ols,461,2016-07-01,0.667231404145069,0.9044451511110735,10.135885051432846,5.318682466508352e-13,4.001776687800884e-11
Labour,LORA,92110,0.0003,512,ols,462,2016-08-01,0.7322334720981688,0.9648456626412887,11.143279469417111,5.642893559828129e-13,4.9112713895738125e-11
Labour,LORA,92110,0.0003,512,ols,463,2016-09-01,0.8800263935553968,1.0731568122465034,13.524597242299805,7.915695389608133e-13,6.548361852765083e-11
Labour,LORA,92110,0.0003,512,ols,464,2016-10-01,0.9697424922580385,1.0917206536262163,15.709332030488453,6.018421628508358e-13,5.820766091346741e-11
Labour,LORA,92110,0.0003,512,ols,465,2016-11-01,1.0039751638150998,1.1104681955029232,15.342879996270977,6.133209599709368e-13,6.548361852765083e-11
Labour,LORA,92110,0.0003,512,ols,466,2016-12-01,0.9496721481457021,1.0023409527685652,15.328285823668448,7.27610304690712e-13,8.731149137020111e-11
Labour,LORA,92110,0.0003,512,ols,467,2017-01-01,0.8618339467988945,0.9449212158125393,13.408990933857059,5.87298890481477e-13,6.002665031701326e-11
Labour,LORA,92110,0.0003,512,ols,468,2017-02-01,1.1177872443325558,1.0575660959310635,19.576062662153024,7.235901286857535e-13,9.276845958083868e-11
Labour,LORA,92110,0.0003,512,ols,469,2017-03-01,1.1076796201510333,1.0461249573752998,18.155948323249945,6.234389223193335e-13,7.821654435247183e-11
Labour,LORA,92110,0.0003,512,ols,470,2017-04-01,1.0705394618042456,1.0101906142260708,17.742955042795682,8.022172919455225e-13,8.003553375601768e-11
Labour,LORA,92110,0.0003,512,ols,471,2017-05-01,1.0446647035027241,1.0461110869565928,17.683167845897604,6.590699396242625e-13,5.820766091346741e-11
Labour,LORA,92110,0.0003,512,ols,472,2017-06-01,0.8346042829695011,0.943994639342473,13.656417439683713,8.284886746755999e-13,1.1459633242338896e-10
Labour,LORA,92110,0.0003,512,ols,473,2017-07-01,0.8058486750926795,0.9155989299856322,13.550519912244711,7.279531103965611e-13,8.913048077374697e-11
Labour,LORA,92110,0.0003,512,ols,474,2017-08-01,0.8089986809276957,0.9003028296297445,13.538415600614954,6.080126655561208e-13,5.4569682106375694e-11
Labour,LORA,92110,0.0003,512,ols,475,2017-09-01,0.8439439324273,0.8754914494404961,14.243709791801908,7.900113312069535e-13,6.730260793119669e-11
Labour,LORA,92110,0.0003,512,ols,476,2017-10-01,0.7411606749125275,0.8536401633335488,12.267551941304255,7.844848877065971e-13,6.366462912410498e-11
Labour,LORA,92110,0.0003,512,ols,477,2017-11-01,0.7711637224034165,0.9161539263354002,12.574420270785302,8.214351875764608e-13,1.255102688446641e-10
Labour,LORA,92110,0.0003,512,ols,478,2017-12-01,0.6796145623824512,0.8879241005100547,10.760177284997773,7.176793272727783e-13,8.913048077374697e-11
Labour,LORA,92110,0.0003,512,ols,479,2018-01-01,0.6268527074385601,0.9119555496486922,9.19089825917358,7.207749666771134e-13,5.638867150992155e-11
Labour,LORA,92110,0.0003,512,ols,480,2018-02-01,0.8196046817520302,1.0212301138032718,14.078953677370995,7.090987965748567e-13,6.002665031701326e-11
Labour,LORA,92110,0.0003,512,ols,481,2018-03-01,0.7270746089950799,0.9768028712697718,10.600699442369447,8.286548835026783e-13,9.094947017729282e-11
Labour,LORA,92110,0.0003,512,ols,482,2018-04-01,0.7589101047648571,1.0238493288128345,11.356441851492086,6.416076247293395e-13,4.9112713895738125e-11
Labour,LORA,92110,0.0003,512,ols,483,2018-05-01,0.7683849746013949,1.0577179621931767,12.358912856769692,7.425794871794591e-13,6.002665031701326e-11
Labour,LORA,92110,0.0003,512,ols,484,2018-06-01,0.7955361633765469,1.123957248900345,11.538276513390525,6.124171994736981e-13,5.638867150992155e-11
Labour,LORA,92110,0.0003,512,ols,485,2018-07-01,0.8574537523106832,1.1662335302045115,11.704775417613765,5.745008107964412e-13,4.001776687800884e-11
Labour,LORA,92110,0.0003,512,ols,486,2018-08-01,0.8291585594773472,1.1080635737516742,12.406352873530944,7.056395753612878e-13,8.185452315956354e-11
Labour,LORA,92110,0.0003,512,ols,487,2018-09-01,0.8644825796557968,1.1008112735992142,14.207902372865142,6.266696063956697e-13,5.820766091346741e-11
Labour,LORA,92110,0.0003,512,ols,488,2018-10-01,0.8126222255048242,1.0238479840559305,13.057592448285803,7.569357746183547e-13,6.730260793119669e-11
Labour,LORA,92110,0.0003,512,ols,489,2018-11-01,0.8389166549034488,1.0872611324390076,13.54963580319984,7.730684188966505e-13,6.730260793119669e-11
Labour,LORA,92110,0.0003,512,ols,490,2018-12-01,0.7993073588024602,1.097951296298275,12.277039119397234,6.866917690743518e-13,5.275069270282984e-11
Labour,LORA,92110,0.0003,512,ols,491,2019-01-01,0.7004602779662503,1.0143750063446362,9.708128472340396,6.475911425041615e-13,6.730260793119669e-11
Labour,LORA_SELF,92110,0.0003,512,unreconciled,455,2016-01-01,0.6835215218246474,1.0780863945149415,12.50075228803226,2.219943232006497,48.862918853759766
Labour,LORA_SELF,92110,0.0003,512,unreconciled,456,2016-02-01,0.7357163932229456,1.0823515814863536,14.35939920240314,2.343434142787554,33.124237060546875
Labour,LORA_SELF,92110,0.0003,512,unreconciled,457,2016-03-01,0.7072751682453504,1.0823158686274585,12.814154629302125,2.0421050487206,26.01448345184326
Labour,LORA_SELF,92110,0.0003,512,unreconciled,458,2016-04-01,0.6859841659269863,1.0008263917546678,11.386531751674436,1.8638903536991767,25.774993896484375
Labour,LORA_SELF,92110,0.0003,512,unreconciled,459,2016-05-01,0.7000649539235124,0.9561704428767352,11.586836275634532,1.659675597447401,51.04162311553955
Labour,LORA_SELF,92110,0.0003,512,unreconciled,460,2016-06-01,0.6768500957563374,0.936599922869196,10.81875279420128,1.8212418054279529,34.78368949890137
Labour,LORA_SELF,92110,0.0003,512,unreconciled,461,2016-07-01,0.6667281949618886,0.8800621364826786,10.096487635960672,1.7812413193329035,53.60851192474365
Labour,LORA_SELF,92110,0.0003,512,unreconciled,462,2016-08-01,0.7265091413848075,0.9170754807227439,11.09666028921827,1.9642642757348847,56.876797676086426
Labour,LORA_SELF,92110,0.0003,512,unreconciled,463,2016-09-01,0.8550611730906766,1.015111866366421,13.418983394432962,2.080476480617858,57.33397388458252
Labour,LORA_SELF,92110,0.0003,512,unreconciled,464,2016-10-01,0.9193318097724009,1.0412764099265748,15.398391911736486,2.264808348047803,62.79783630371094
Labour,LORA_SELF,92110,0.0003,512,unreconciled,465,2016-11-01,0.9221561066151134,1.033433123456938,14.792194884269804,2.3405366222760833,62.75687313079834
Labour,LORA_SELF,92110,0.0003,512,unreconciled,466,2016-12-01,0.917883971418829,0.9687931012274755,15.186225995265705,2.186876602340163,59.18570041656494
Labour,LORA_SELF,92110,0.0003,512,unreconciled,467,2017-01-01,0.8556620261953818,0.9355854112135946,13.395721995505012,1.941275579887524,45.82029724121094
Labour,LORA_SELF,92110,0.0003,512,unreconciled,468,2017-02-01,1.1210792605445816,1.0526082685043363,19.638589130151924,2.1095478771722806,50.81048393249512
Labour,LORA_SELF,92110,0.0003,512,unreconciled,469,2017-03-01,1.0706557717516916,0.992628203186842,17.757227271553237,2.3123586345137213,86.5500316619873
Labour,LORA_SELF,92110,0.0003,512,unreconciled,470,2017-04-01,1.049850103217135,0.9895942724055048,17.56551020656995,1.8908905871430335,52.113380432128906
Labour,LORA_SELF,92110,0.0003,512,unreconciled,471,2017-05-01,1.0324169100975775,1.0535032043258425,17.509959919746986,2.0374864932389287,54.54811763763428
Labour,LORA_SELF,92110,0.0003,512,unreconciled,472,2017-06-01,0.8495637161237406,0.9689412345413599,13.862784997338174,2.2448349500957288,33.634918212890625
Labour,LORA_SELF,92110,0.0003,512,unreconciled,473,2017-07-01,0.8224139992818118,0.9130039775865428,13.57968104851344,2.14539290868748,39.393781661987305
Labour,LORA_SELF,92110,0.0003,512,unreconciled,474,2017-08-01,0.8384387415109562,0.878794722068909,13.743323987752918,2.280835731684813,47.82851791381836
Labour,LORA_SELF,92110,0.0003,512,unreconciled,475,2017-09-01,0.8519240515473759,0.8448086615344107,14.307766023946838,2.488700520922566,56.906211853027344
Labour,LORA_SELF,92110,0.0003,512,unreconciled,476,2017-10-01,0.7585065674835364,0.848113211295865,12.523816161686945,2.2797482752660563,23.3994140625
Labour,LORA_SELF,92110,0.0003,512,unreconciled,477,2017-11-01,0.7789529262258211,0.8928390137828313,12.645096107642042,2.0401066269790915,40.35607147216797
Labour,LORA_SELF,92110,0.0003,512,unreconciled,478,2017-12-01,0.6888245954172503,0.8845263983157743,10.934163259127345,2.1948679887760454,36.666871070861816
Labour,LORA_SELF,92110,0.0003,512,unreconciled,479,2018-01-01,0.6561261165180683,0.9457892148904214,9.300199820122918,2.62217957095096,59.804518699645996
Labour,LORA_SELF,92110,0.0003,512,unreconciled,480,2018-02-01,0.8286882638223243,1.0456454319714108,14.137424223035989,2.156052547588683,59.00410747528076
Labour,LORA_SELF,92110,0.0003,512,unreconciled,481,2018-03-01,0.7061144084590303,1.0173862750662988,10.852421099369439,2.2286427732099567,26.2052001953125
Labour,LORA_SELF,92110,0.0003,512,unreconciled,482,2018-04-01,0.7376468704519478,1.051462907133388,11.602978046662086,2.3634933533027156,37.51741123199463
Labour,LORA_SELF,92110,0.0003,512,unreconciled,483,2018-05-01,0.7685846144887125,1.0862655791953355,12.520412308177983,2.1358132153226617,40.30964374542236
Labour,LORA_SELF,92110,0.0003,512,unreconciled,484,2018-06-01,0.7471854809866714,1.1069280797078958,11.489695679672229,2.3911146420484397,58.541494369506836
Labour,LORA_SELF,92110,0.0003,512,unreconciled,485,2018-07-01,0.7695718420214575,1.151411689759994,11.55916515069257,1.967939163509168,40.69784927368164
Labour,LORA_SELF,92110,0.0003,512,unreconciled,486,2018-08-01,0.8169905564447194,1.114286432651212,12.390238277529859,1.5376427912572672,28.253246307373047
Labour,LORA_SELF,92110,0.0003,512,unreconciled,487,2018-09-01,0.8688158630963428,1.0812731469947945,14.072995631634816,1.8426826069926658,55.513442039489746
Labour,LORA_SELF,92110,0.0003,512,unreconciled,488,2018-10-01,0.8106411786695182,1.0023881177388831,13.039364061538766,1.821680622491223,34.60789680480957
Labour,LORA_SELF,92110,0.0003,512,unreconciled,489,2018-11-01,0.8376766917839998,1.0640707613314038,13.460744789631988,1.8434961051271672,63.98311138153076
Labour,LORA_SELF,92110,0.0003,512,unreconciled,490,2018-12-01,0.7710039393625181,1.0454296371864862,11.999829615760888,2.865621929280242,87.60215759277344
Labour,LORA_SELF,92110,0.0003,512,unreconciled,491,2019-01-01,0.6661757420115146,0.9409936888727595,9.520610422183003,2.6590038377639145,86.38366794586182
Labour,LORA_SELF,92110,0.0003,512,bottom_up,455,2016-01-01,0.7573518467359461,1.0780863945149415,13.749897594824008,0.0,0.0
Labour,LORA_SELF,92110,0.0003,512,bottom_up,456,2016-02-01,0.7906137803387159,1.0823515814863536,15.020810334565152,0.0,0.0
Labour,LORA_SELF,92110,0.0003,512,bottom_up,457,2016-03-01,0.7317029024217667,1.0823158686274585,13.233439310255289,0.0,0.0
Labour,LORA_SELF,92110,0.0003,512,bottom_up,458,2016-04-01,0.7319425109535809,1.0008263917546678,12.377460147268543,0.0,0.0
Labour,LORA_SELF,92110,0.0003,512,bottom_up,459,2016-05-01,0.7021253943536092,0.9561704428767352,11.768764197005968,0.0,0.0
Labour,LORA_SELF,92110,0.0003,512,bottom_up,460,2016-06-01,0.6705111623822757,0.936599922869196,11.056688444955192,0.0,0.0
Labour,LORA_SELF,92110,0.0003,512,bottom_up,461,2016-07-01,0.6144525968604291,0.8800621364826786,9.847853991896397,0.0,0.0
Labour,LORA_SELF,92110,0.0003,512,bottom_up,462,2016-08-01,0.6489945759835761,0.9170754807227439,10.57241536356423,0.0,0.0
Labour,LORA_SELF,92110,0.0003,512,bottom_up,463,2016-09-01,0.7577966061659703,1.015111866366421,12.772295751977852,0.0,0.0
Labour,LORA_SELF,92110,0.0003,512,bottom_up,464,2016-10-01,0.8500710562403875,1.0412764099265748,14.799514176159022,0.0,0.0
Labour,LORA_SELF,92110,0.0003,512,bottom_up,465,2016-11-01,0.8684915010001958,1.033433123456938,14.686965498234006,0.0,0.0
Labour,LORA_SELF,92110,0.0003,512,bottom_up,466,2016-12-01,0.8521679416212279,0.9687931012274755,14.559915064682077,0.0,0.0
Labour,LORA_SELF,92110,0.0003,512,bottom_up,467,2017-01-01,0.8393210498101851,0.9355854112135946,13.456724633940276,0.0,0.0
Labour,LORA_SELF,92110,0.0003,512,bottom_up,468,2017-02-01,1.0627703317310853,1.0526082685043363,18.697082760900436,0.0,0.0
Labour,LORA_SELF,92110,0.0003,512,bottom_up,469,2017-03-01,0.992493072859807,0.992628203186842,16.78604779427982,0.0,0.0
Labour,LORA_SELF,92110,0.0003,512,bottom_up,470,2017-04-01,0.9996523836418402,0.9895942724055048,17.15925503709552,0.0,0.0
Labour,LORA_SELF,92110,0.0003,512,bottom_up,471,2017-05-01,1.0099471509131737,1.0535032043258425,17.550036353249165,0.0,0.0
Labour,LORA_SELF,92110,0.0003,512,bottom_up,472,2017-06-01,0.8577185430362306,0.9689412345413599,14.207979073937338,0.0,0.0
Labour,LORA_SELF,92110,0.0003,512,bottom_up,473,2017-07-01,0.7715376272310706,0.9130039775865428,12.952662808864432,0.0,0.0
Labour,LORA_SELF,92110,0.0003,512,bottom_up,474,2017-08-01,0.7519144597352552,0.878794722068909,13.029347200328838,0.0,0.0
Labour,LORA_SELF,92110,0.0003,512,bottom_up,475,2017-09-01,0.7545842866123619,0.8448086615344107,13.305024645455626,0.0,0.0
Labour,LORA_SELF,92110,0.0003,512,bottom_up,476,2017-10-01,0.7379331847939333,0.848113211295865,12.49187356399179,0.0,0.0
Labour,LORA_SELF,92110,0.0003,512,bottom_up,477,2017-11-01,0.7287903464644853,0.8928390137828313,12.054692083235777,0.0,0.0
Labour,LORA_SELF,92110,0.0003,512,bottom_up,478,2017-12-01,0.6977887082182663,0.8845263983157743,10.921028720787254,0.0,0.0
Labour,LORA_SELF,92110,0.0003,512,bottom_up,479,2018-01-01,0.7108278367107812,0.9457892148904214,9.631389065458151,0.0,0.0
Labour,LORA_SELF,92110,0.0003,512,bottom_up,480,2018-02-01,0.8636804835844587,1.0456454319714108,13.911982793450749,0.0,0.0
Labour,LORA_SELF,92110,0.0003,512,bottom_up,481,2018-03-01,0.7980880195949658,1.0173862750662988,11.933674941711592,0.0,0.0
Labour,LORA_SELF,92110,0.0003,512,bottom_up,482,2018-04-01,0.8358441687404212,1.051462907133388,12.890497735076218,0.0,0.0
Labour,LORA_SELF,92110,0.0003,512,bottom_up,483,2018-05-01,0.8550676199911282,1.0862655791953355,13.49854037687971,0.0,0.0
Labour,LORA_SELF,92110,0.0003,512,bottom_up,484,2018-06-01,0.8469267220904615,1.1069280797078958,12.909291164036233,0.0,0.0
Labour,LORA_SELF,92110,0.0003,512,bottom_up,485,2018-07-01,0.8728019701372417,1.151411689759994,12.592230442921684,0.0,0.0
Labour,LORA_SELF,92110,0.0003,512,bottom_up,486,2018-08-01,0.8860799428845721,1.114286432651212,12.949524419842174,0.0,0.0
Labour,LORA_SELF,92110,0.0003,512,bottom_up,487,2018-09-01,0.8680943593020979,1.0812731469947945,13.863920334055342,0.0,0.0
Labour,LORA_SELF,92110,0.0003,512,bottom_up,488,2018-10-01,0.8187275058983292,1.0023881177388831,12.910801015049449,0.0,0.0
Labour,LORA_SELF,92110,0.0003,512,bottom_up,489,2018-11-01,0.8188829856825656,1.0640707613314038,12.902806892798573,0.0,0.0
Labour,LORA_SELF,92110,0.0003,512,bottom_up,490,2018-12-01,0.7512267887546327,1.0454296371864862,11.506842277367634,0.0,0.0
Labour,LORA_SELF,92110,0.0003,512,bottom_up,491,2019-01-01,0.6598675954774008,0.9409936888727595,9.561599028208327,0.0,0.0
Labour,LORA_SELF,92110,0.0003,512,mint_shrink,455,2016-01-01,0.6773251269459488,1.1082147995427105,12.64894001213474,3.2025324562497266e-13,2.000888343900442e-11
Labour,LORA_SELF,92110,0.0003,512,mint_shrink,456,2016-02-01,0.7899476836830643,1.1808517936553606,15.137042917786964,3.127115200962909e-13,3.092281986027956e-11
Labour,LORA_SELF,92110,0.0003,512,mint_shrink,457,2016-03-01,0.729149502886818,1.1172293176472154,12.856346023236755,3.121401772532089e-13,2.1827872842550278e-11
Labour,LORA_SELF,92110,0.0003,512,mint_shrink,458,2016-04-01,0.7032406720386026,0.9805266259995433,11.334537288074404,3.51988743545252e-13,2.9103830456733704e-11
Labour,LORA_SELF,92110,0.0003,512,mint_shrink,459,2016-05-01,0.7220837045435786,0.994485603243993,11.50914353380233,3.2596667405579213e-13,1.8189894035458565e-11
Labour,LORA_SELF,92110,0.0003,512,mint_shrink,460,2016-06-01,0.7023559155699589,0.988266428391511,10.6870807652083,3.6055888619148125e-13,2.546585164964199e-11
Labour,LORA_SELF,92110,0.0003,512,mint_shrink,461,2016-07-01,0.7004897108700676,0.9478615097062812,10.17403211200105,3.3156583391799527e-13,2.1827872842550278e-11
Labour,LORA_SELF,92110,0.0003,512,mint_shrink,462,2016-08-01,0.7627144029053394,0.9983600900109371,10.854434467385298,2.662146007211124e-13,2.000888343900442e-11
Labour,LORA_SELF,92110,0.0003,512,mint_shrink,463,2016-09-01,0.9228454226463594,1.1288176065254492,13.251958938043465,3.111637003941234e-13,3.456079866737127e-11
Labour,LORA_SELF,92110,0.0003,512,mint_shrink,464,2016-10-01,1.0225914891959709,1.20106103877913,16.24793184625828,2.913329097133335e-13,2.000888343900442e-11
Labour,LORA_SELF,92110,0.0003,512,mint_shrink,465,2016-11-01,1.0521133186880784,1.1896608362593128,16.558836757069198,2.910420442659463e-13,2.546585164964199e-11
Labour,LORA_SELF,92110,0.0003,512,mint_shrink,466,2016-12-01,1.022233735919162,1.108923970272913,16.407440771750483,3.7499827804391604e-13,2.7284841053187847e-11
Labour,LORA_SELF,92110,0.0003,512,mint_shrink,467,2017-01-01,0.9252995388874001,1.0087505534366945,14.31671721860409,3.083069861787136e-13,1.8189894035458565e-11
Labour,LORA_SELF,92110,0.0003,512,mint_shrink,468,2017-02-01,1.2000513251099663,1.1985940598024365,20.255854774983774,3.040790491399072e-13,3.637978807091713e-11
Labour,LORA_SELF,92110,0.0003,512,mint_shrink,469,2017-03-01,1.115219353209819,1.0934735709929533,17.982814431060394,3.029363634537433e-13,1.6370904631912708e-11
Labour,LORA_SELF,92110,0.0003,512,mint_shrink,470,2017-04-01,1.1059819519138467,1.0667267234308462,18.267658643700617,2.908654473871755e-13,1.4551915228366852e-11
Labour,LORA_SELF,92110,0.0003,512,mint_shrink,471,2017-05-01,1.1097361006736597,1.1263577743440116,18.508653180987114,3.077564194390165e-13,2.9103830456733704e-11
Labour,LORA_SELF,92110,0.0003,512,mint_shrink,472,2017-06-01,0.9946722757230513,1.0822119426952224,15.776238877229673,3.3555484576787655e-13,2.7284841053187847e-11
Labour,LORA_SELF,92110,0.0003,512,mint_shrink,473,2017-07-01,0.9083196284152482,1.0081018524798848,14.300819817097704,3.4616104654581605e-13,2.7284841053187847e-11
Labour,LORA_SELF,92110,0.0003,512,mint_shrink,474,2017-08-01,0.9194737646130555,1.02933975514303,14.395905854299977,3.1081050663658183e-13,1.4551915228366852e-11
Labour,LORA_SELF,92110,0.0003,512,mint_shrink,475,2017-09-01,0.9285249672296584,1.0052596375673435,14.93168978383672,4.039290020072476e-13,2.546585164964199e-11
Labour,LORA_SELF,92110,0.0003,512,mint_shrink,476,2017-10-01,0.8757154488578738,1.0034985286094584,13.933737000666364,3.372688742971224e-13,2.3646862246096134e-11
Labour,LORA_SELF,92110,0.0003,512,mint_shrink,477,2017-11-01,0.8853986097046348,1.0757796707056606,13.909118777005405,2.5204529821268e-13,1.6370904631912708e-11
Labour,LORA_SELF,92110,0.0003,512,mint_shrink,478,2017-12-01,0.7905224247319026,1.0315633260240546,12.079629328403927,4.3933148217494383e-13,4.9112713895738125e-11
Labour,LORA_SELF,92110,0.0003,512,mint_shrink,479,2018-01-01,0.6747430613541934,1.0246082457346142,8.743971653898665,4.109721010546942e-13,2.9103830456733704e-11
Labour,LORA_SELF,92110,0.0003,512,mint_shrink,480,2018-02-01,0.9020698539961224,1.1365255902291378,14.431752148727467,3.4174612457654645e-13,3.2741809263825417e-11
Labour,LORA_SELF,92110,0.0003,512,mint_shrink,481,2018-03-01,0.7803882764635752,1.0501232362120734,11.575620488098128,3.2114661807051895e-13,3.8198777474462986e-11
Labour,LORA_SELF,92110,0.0003,512,mint_shrink,482,2018-04-01,0.8135651015416496,1.1146569346347546,12.832800118260161,3.8295552564029374e-13,3.092281986027956e-11
Labour,LORA_SELF,92110,0.0003,512,mint_shrink,483,2018-05-01,0.8206361060358155,1.1226479604984196,13.407175814938867,3.443431374996462e-13,3.637978807091713e-11
Labour,LORA_SELF,92110,0.0003,512,mint_shrink,484,2018-06-01,0.8187872585900037,1.127175286979886,13.296016218490536,3.5732820211514513e-13,2.7284841053187847e-11
Labour,LORA_SELF,92110,0.0003,512,mint_shrink,485,2018-07-01,0.8271450405088774,1.1539090823275029,12.375115817974025,2.2357164852381397e-13,1.2732925824820995e-11
Labour,LORA_SELF,92110,0.0003,512,mint_shrink,486,2018-08-01,0.8328101937937538,1.0786898279079598,12.764608380191039,3.196819027818907e-13,2.546585164964199e-11
Labour,LORA_SELF,92110,0.0003,512,mint_shrink,487,2018-09-01,0.8412886796724625,1.0772937642815772,13.847531070180796,3.7847827536086974e-13,2.9103830456733704e-11
Labour,LORA_SELF,92110,0.0003,512,mint_shrink,488,2018-10-01,0.8214108648139455,1.0154924930989333,13.162092038118477,3.2347354164961637e-13,2.3646862246096134e-11
Labour,LORA_SELF,92110,0.0003,512,mint_shrink,489,2018-11-01,0.8055574588810743,1.055046865871434,12.920228686741167,3.298206412336722e-13,1.6370904631912708e-11
Labour,LORA_SELF,92110,0.0003,512,mint_shrink,490,2018-12-01,0.7622896799949862,1.0417865446759351,11.568777953142911,3.020014388014274e-13,2.000888343900442e-11
Labour,LORA_SELF,92110,0.0003,512,mint_shrink,491,2019-01-01,0.6834223372543156,0.920803593066557,9.332488558426626,3.371338296251212e-13,3.456079866737127e-11
Labour,LORA_SELF,92110,0.0003,512,ols,455,2016-01-01,0.6782491003038129,1.0510120247177952,12.321547431347016,6.759609116761035e-13,7.821654435247183e-11
Labour,LORA_SELF,92110,0.0003,512,ols,456,2016-02-01,0.7436066088899678,1.0502485878702954,14.166290913448377,5.754149593453724e-13,7.821654435247183e-11
Labour,LORA_SELF,92110,0.0003,512,ols,457,2016-03-01,0.6845725416725663,1.0639081621746174,12.68844181604644,6.026628189345353e-13,6.002665031701326e-11
Labour,LORA_SELF,92110,0.0003,512,ols,458,2016-04-01,0.667755257973725,0.9732302532477062,11.289879428520386,5.435340287013995e-13,6.366462912410498e-11
Labour,LORA_SELF,92110,0.0003,512,ols,459,2016-05-01,0.6811414498577429,0.9422091890702621,11.512205360877585,9.371476953780948e-13,8.003553375601768e-11
Labour,LORA_SELF,92110,0.0003,512,ols,460,2016-06-01,0.6519875002177945,0.9149562150425734,10.743699356994382,7.119451227385741e-13,7.639755494892597e-11
Labour,LORA_SELF,92110,0.0003,512,ols,461,2016-07-01,0.6676466801497298,0.9045056504915454,10.12883174785505,7.220111448285088e-13,9.276845958083868e-11
Labour,LORA_SELF,92110,0.0003,512,ols,462,2016-08-01,0.7322955858133899,0.9645054660843488,11.14576187734994,7.692456158738476e-13,6.912159733474255e-11
Labour,LORA_SELF,92110,0.0003,512,ols,463,2016-09-01,0.8788368136300806,1.0723158382045546,13.525944386432602,5.791754340580208e-13,5.275069270282984e-11
Labour,LORA_SELF,92110,0.0003,512,ols,464,2016-10-01,0.9695368526742213,1.091675180111225,15.713087994076634,6.252152791587338e-13,7.09405867382884e-11
Labour,LORA_SELF,92110,0.0003,512,ols,465,2016-11-01,1.003997615147464,1.110321250691379,15.358180186551351,6.005644324926706e-13,6.002665031701326e-11
Labour,LORA_SELF,92110,0.0003,512,ols,466,2016-12-01,0.948579099812657,1.0016383319696782,15.322149757748626,5.983310013788049e-13,6.002665031701326e-11
Labour,LORA_SELF,92110,0.0003,512,ols,467,2017-01-01,0.8613796282730548,0.9447487207285945,13.407641748781561,6.423555644511923e-13,6.548361852765083e-11
Labour,LORA_SELF,92110,0.0003,512,ols,468,2017-02-01,1.115832423400403,1.0567870155164538,19.570067137786346,6.09944843170907e-13,5.4569682106375694e-11
Labour,LORA_SELF,92110,0.0003,512,ols,469,2017-03-01,1.1047348329488593,1.044146277583828,18.1225660641874,6.733638987530037e-13,6.184563972055912e-11
Labour,LORA_SELF,92110,0.0003,512,ols,470,2017-04-01,1.0706022688147383,1.0106050758869412,17.732918173703226,5.824996105995886e-13,5.638867150992155e-11
Labour,LORA_SELF,92110,0.0003,512,ols,471,2017-05-01,1.0436295876769597,1.0456212812696768,17.667510053882122,6.379821946886923e-13,8.185452315956354e-11
Labour,LORA_SELF,92110,0.0003,512,ols,472,2017-06-01,0.833756547245422,0.9436388279895463,13.644409138689758,6.287679928375343e-13,6.184563972055912e-11
Labour,LORA_SELF,92110,0.0003,512,ols,473,2017-07-01,0.8045212138570272,0.9152029533666434,13.52761916498998,7.454050372397916e-13,7.457856554538012e-11
Labour,LORA_SELF,92110,0.0003,512,ols,474,2017-08-01,0.8099063636520898,0.9010658902248363,13.557420676665696,7.89242615381716e-13,9.276845958083868e-11
Labour,LORA_SELF,92110,0.0003,512,ols,475,2017-09-01,0.8463206157669259,0.8768117058048963,14.30393407136076,6.980978498326061e-13,6.730260793119669e-11
Labour,LORA_SELF,92110,0.0003,512,ols,476,2017-10-01,0.7404392959459875,0.8535574569756088,12.267652954734784,7.389228929837346e-13,7.821654435247183e-11
Labour,LORA_SELF,92110,0.0003,512,ols,477,2017-11-01,0.7703973280782849,0.9154891246510033,12.582831831003707,5.700235605170172e-13,6.730260793119669e-11
Labour,LORA_SELF,92110,0.0003,512,ols,478,2017-12-01,0.6802155997402302,0.8874955332330143,10.782256879102546,9.144705785335875e-13,9.822542779147625e-11
Labour,LORA_SELF,92110,0.0003,512,ols,479,2018-01-01,0.6266969631161073,0.910534710031358,9.182512327329427,6.476846349693931e-13,7.275957614183426e-11
Labour,LORA_SELF,92110,0.0003,512,ols,480,2018-02-01,0.8204623082063576,1.0211298060458525,14.092114306283928,6.456278007342981e-13,7.639755494892597e-11
Labour,LORA_SELF,92110,0.0003,512,ols,481,2018-03-01,0.7283184664896132,0.976409090047224,10.607933434419264,5.737528710745886e-13,4.729372449219227e-11
Labour,LORA_SELF,92110,0.0003,512,ols,482,2018-04-01,0.7595637294367977,1.0235340504527222,11.37491284577151,9.088921947747691e-13,8.731149137020111e-11
Labour,LORA_SELF,92110,0.0003,512,ols,483,2018-05-01,0.7695859592744595,1.058120291148951,12.39643762133586,7.956624313276186e-13,8.731149137020111e-11
Labour,LORA_SELF,92110,0.0003,512,ols,484,2018-06-01,0.7953167340295644,1.123794878090607,11.544889180805443,7.761328941459083e-13,7.09405867382884e-11
Labour,LORA_SELF,92110,0.0003,512,ols,485,2018-07-01,0.8595812522984947,1.1676584663388634,11.709006381610047,8.469378544813007e-13,8.731149137020111e-11
Labour,LORA_SELF,92110,0.0003,512,ols,486,2018-08-01,0.8285712970311111,1.1075508246259065,12.393082511923586,6.025069981591492e-13,8.36735125631094e-11
Labour,LORA_SELF,92110,0.0003,512,ols,487,2018-09-01,0.864947074496422,1.100717110163342,14.220555461396408,5.409577918816844e-13,5.093170329928398e-11
Labour,LORA_SELF,92110,0.0003,512,ols,488,2018-10-01,0.8121475876390656,1.022767725071094,13.043691004091247,7.008714596344766e-13,1.0368239600211382e-10
Labour,LORA_SELF,92110,0.0003,512,ols,489,2018-11-01,0.8385121225317713,1.0868982861940413,13.528970482444262,6.959682992356643e-13,7.09405867382884e-11
Labour,LORA_SELF,92110,0.0003,512,ols,490,2018-12-01,0.7985674457284512,1.0970313670317302,12.256727432576676,5.916618721922845e-13,7.639755494892597e-11
Labour,LORA_SELF,92110,0.0003,512,ols,491,2019-01-01,0.6987632194260128,1.0126027323646887,9.692536325940791,7.534661653530934e-13,7.639755494892597e-11
Labour,LORA_POOL,92110,0.0003,512,unreconciled,455,2016-01-01,0.6831729259670529,1.0773384831336892,12.48557769419044,2.2211435942621955,49.35998821258545
Labour,LORA_POOL,92110,0.0003,512,unreconciled,456,2016-02-01,0.7345476162654692,1.0821638413013739,14.326355373081975,2.333174789161013,32.838653564453125
Labour,LORA_POOL,92110,0.0003,512,unreconciled,457,2016-03-01,0.706486309648687,1.0818455233084001,12.790964195115247,2.017772404073972,25.444052696228027
Labour,LORA_POOL,92110,0.0003,512,unreconciled,458,2016-04-01,0.6855403986134005,1.000785318846075,11.373581628272326,1.8562885278846786,25.6761474609375
Labour,LORA_POOL,92110,0.0003,512,unreconciled,459,2016-05-01,0.6993987509671645,0.9556527750749031,11.575817385945227,1.6575081076538354,50.63963794708252
Labour,LORA_POOL,92110,0.0003,512,unreconciled,460,2016-06-01,0.6768968928832374,0.9368533449944332,10.824184911828734,1.8285448899743153,34.82876014709473
Labour,LORA_POOL,92110,0.0003,512,unreconciled,461,2016-07-01,0.6666617329964785,0.8805037680422482,10.09834965663585,1.7922320533217044,53.4504337310791
Labour,LORA_POOL,92110,0.0003,512,unreconciled,462,2016-08-01,0.7257034280241443,0.9169307322448084,11.086105486173098,1.974971758691888,56.58755874633789
Labour,LORA_POOL,92110,0.0003,512,unreconciled,463,2016-09-01,0.8529905349861131,1.0139044404166686,13.377282782839012,2.0924430423312717,57.37139892578125
Labour,LORA_POOL,92110,0.0003,512,unreconciled,464,2016-10-01,0.9188549509420105,1.0408973263104246,15.388033665026747,2.270562319727669,62.947858810424805
Labour,LORA_POOL,92110,0.0003,512,unreconciled,465,2016-11-01,0.9210048602370416,1.032898378870268,14.763130580319546,2.3442713447481567,62.75439643859863
Labour,LORA_POOL,92110,0.0003,512,unreconciled,466,2016-12-01,0.9176779294554034,0.968384812027173,15.175272980211526,2.210846351601227,60.08770942687988
Labour,LORA_POOL,92110,0.0003,512,unreconciled,467,2017-01-01,0.855300445044539,0.9348147245331162,13.385722261585723,1.9596957365671794,45.746986389160156
Labour,LORA_POOL,92110,0.0003,512,unreconciled,468,2017-02-01,1.1200925590250554,1.0512726418954912,19.59977168122916,2.133372350045812,51.65960216522217
Labour,LORA_POOL,92110,0.0003,512,unreconciled,469,2017-03-01,1.0698832913352443,0.9915183191940505,17.723397462620937,2.344216928147433,87.5475263595581
Labour,LORA_POOL,92110,0.0003,512,unreconciled,470,2017-04-01,1.0484898142845445,0.9883741723167321,17.52517539906805,1.9058001278436671,52.47123146057129
Labour,LORA_POOL,92110,0.0003,512,unreconciled,471,2017-05-01,1.0314197053341267,1.0525629719687544,17.480047954209045,2.0425140718270463,54.86820983886719
Labour,LORA_POOL,92110,0.0003,512,unreconciled,472,2017-06-01,0.8501320581557931,0.9687783982739653,13.866165859233998,2.234863013551946,33.381439208984375
Labour,LORA_POOL,92110,0.0003,512,unreconciled,473,2017-07-01,0.8229069770455328,0.9131122721532582,13.589094504175414,2.1541064956731963,39.921080589294434
Labour,LORA_POOL,92110,0.0003,512,unreconciled,474,2017-08-01,0.8375942161840652,0.8788041465957233,13.72816693510492,2.297044346904197,47.8107385635376
Labour,LORA_POOL,92110,0.0003,512,unreconciled,475,2017-09-01,0.8495578962875645,0.8439150273482874,14.25626565480757,2.502102575804058,56.758554458618164
Labour,LORA_POOL,92110,0.0003,512,unreconciled,476,2017-10-01,0.7592050235422487,0.847902115512589,12.533406458667223,2.291847358670151,22.706695556640625
Labour,LORA_POOL,92110,0.0003,512,unreconciled,477,2017-11-01,0.7787961640622065,0.8923590670738812,12.634660488252976,2.0567497370535865,41.792625427246094
Labour,LORA_POOL,92110,0.0003,512,unreconciled,478,2017-12-01,0.6895576227872523,0.8845421318055093,10.945683517833563,2.2067331138410067,38.079657554626465
Labour,LORA_POOL,92110,0.0003,512,unreconciled,479,2018-01-01,0.656263548446246,0.9461068107430765,9.306251323526414,2.628571856091594,60.52931785583496
Labour,LORA_POOL,92110,0.0003,512,unreconciled,480,2018-02-01,0.8268711937200408,1.045200410507678,14.093666996213003,2.1574809091132985,58.910200119018555
Labour,LORA_POOL,92110,0.0003,512,unreconciled,481,2018-03-01,0.7048769388930829,1.0171933591888436,10.821886160577046,2.2180248324634038,26.03753662109375
Labour,LORA_POOL,92110,0.0003,512,unreconciled,482,2018-04-01,0.7356207741364236,1.0510243208460615,11.555843325423796,2.344050835447702,38.167049407958984
Labour,LORA_POOL,92110,0.0003,512,unreconciled,483,2018-05-01,0.7673936278510417,1.0857412552629122,12.485987441328763,2.1224299118532772,40.13969039916992
Labour,LORA_POOL,92110,0.0003,512,unreconciled,484,2018-06-01,0.7466499510066853,1.1065482142996181,11.471789373589486,2.3571331570720115,57.75989627838135
Labour,LORA_POOL,92110,0.0003,512,unreconciled,485,2018-07-01,0.7700909685780434,1.1509165586837695,11.562557389755677,1.9418209575073064,40.00136184692383
Labour,LORA_POOL,92110,0.0003,512,unreconciled,486,2018-08-01,0.8166531861975217,1.1137419187990425,12.371835250902308,1.5311331567708513,27.82331085205078
Labour,LORA_POOL,92110,0.0003,512,unreconciled,487,2018-09-01,0.8671722543606386,1.0808064683363068,14.035963857455382,1.832548142873753,55.59515190124512
Labour,LORA_POOL,92110,0.0003,512,unreconciled,488,2018-10-01,0.8101261894486278,1.0021752392381906,13.026077115246796,1.8115630317152591,34.64394474029541
Labour,LORA_POOL,92110,0.0003,512,unreconciled,489,2018-11-01,0.8370152785120615,1.0632642272657136,13.441736491962729,1.8395882391790201,64.2135534286499
Labour,LORA_POOL,92110,0.0003,512,unreconciled,490,2018-12-01,0.7709175225428224,1.045099065859032,11.998792755668546,2.8522566340820132,87.76626491546631
Labour,LORA_POOL,92110,0.0003,512,unreconciled,491,2019-01-01,0.6664318694166202,0.94116318996803,9.523829594454375,2.6597466664007534,86.74699783325195
Labour,LORA_POOL,92110,0.0003,512,bottom_up,455,2016-01-01,0.7573887353572895,1.0773384831336892,13.732664619059426,0.0,0.0
Labour,LORA_POOL,92110,0.0003,512,bottom_up,456,2016-02-01,0.7898013521202923,1.0821638413013739,14.987596211636777,0.0,0.0
Labour,LORA_POOL,92110,0.0003,512,bottom_up,457,2016-03-01,0.7313419983673675,1.0818455233084001,13.216027448653003,0.0,0.0
Labour,LORA_POOL,92110,0.0003,512,bottom_up,458,2016-04-01,0.732103583957132,1.000785318846075,12.372427027888417,0.0,0.0
Labour,LORA_POOL,92110,0.0003,512,bottom_up,459,2016-05-01,0.7018188274662256,0.9556527750749031,11.757430823981897,0.0,0.0
Labour,LORA_POOL,92110,0.0003,512,bottom_up,460,2016-06-01,0.6705854613862139,0.9368533449944332,11.060523784772277,0.0,0.0
Labour,LORA_POOL,92110,0.0003,512,bottom_up,461,2016-07-01,0.6145908244667656,0.8805037680422482,9.848350036389954,0.0,0.0
Labour,LORA_POOL,92110,0.0003,512,bottom_up,462,2016-08-01,0.6486412186679882,0.9169307322448084,10.564049665536201,0.0,0.0
Labour,LORA_POOL,92110,0.0003,512,bottom_up,463,2016-09-01,0.7555128441080916,1.0139044404166686,12.729094492572798,0.0,0.0
Labour,LORA_POOL,92110,0.0003,512,bottom_up,464,2016-10-01,0.8491860483987952,1.0408973263104246,14.784514332587488,0.0,0.0
Labour,LORA_POOL,92110,0.0003,512,bottom_up,465,2016-11-01,0.8669282760815082,1.032898378870268,14.654473078104397,0.0,0.0
Labour,LORA_POOL,92110,0.0003,512,bottom_up,466,2016-12-01,0.8504852424943437,0.968384812027173,14.524253450950024,0.0,0.0
Labour,LORA_POOL,92110,0.0003,512,bottom_up,467,2017-01-01,0.8377847227865693,0.9348147245331162,13.42227452957819,0.0,0.0
Labour,LORA_POOL,92110,0.0003,512,bottom_up,468,2017-02-01,1.060105375482297,1.0512726418954912,18.633186251559092,0.0,0.0
Labour,LORA_POOL,92110,0.0003,512,bottom_up,469,2017-03-01,0.9901372950098666,0.9915183191940505,16.727159029870528,0.0,0.0
Labour,LORA_POOL,92110,0.0003,512,bottom_up,470,2017-04-01,0.9971917606695695,0.9883741723167321,17.100417160413127,0.0,0.0
Labour,LORA_POOL,92110,0.0003,512,bottom_up,471,2017-05-01,1.0074891415818095,1.0525629719687544,17.49382077571046,0.0,0.0
Labour,LORA_POOL,92110,0.0003,512,bottom_up,472,2017-06-01,0.8565161392018364,0.9687783982739653,14.174824552865218,0.0,0.0
Labour,LORA_POOL,92110,0.0003,512,bottom_up,473,2017-07-01,0.7713445701831014,0.9131122721532582,12.945935894185334,0.0,0.0
Labour,LORA_POOL,92110,0.0003,512,bottom_up,474,2017-08-01,0.7515995958588061,0.8788041465957233,13.021729199695999,0.0,0.0
Labour,LORA_POOL,92110,0.0003,512,bottom_up,475,2017-09-01,0.7524135373595047,0.8439150273482874,13.258287890144642,0.0,0.0
Labour,LORA_POOL,92110,0.0003,512,bottom_up,476,2017-10-01,0.7370195604653815,0.847902115512589,12.466949508155974,0.0,0.0
Labour,LORA_POOL,92110,0.0003,512,bottom_up,477,2017-11-01,0.7269783357438846,0.8923590670738812,12.008222146105094,0.0,0.0
Labour,LORA_POOL,92110,0.0003,512,bottom_up,478,2017-12-01,0.6973240498612063,0.8845421318055093,10.900031696907122,0.0,0.0
Labour,LORA_POOL,92110,0.0003,512,bottom_up,479,2018-01-01,0.7110245958252384,0.9461068107430765,9.629090805839118,0.0,0.0
Labour,LORA_POOL,92110,0.0003,512,bottom_up,480,2018-02-01,0.8621589951563724,1.045200410507678,13.869310994826504,0.0,0.0
Labour,LORA_POOL,92110,0.0003,512,bottom_up,481,2018-03-01,0.7967989815778731,1.0171933591888436,11.892359087767295,0.0,0.0
Labour,LORA_POOL,92110,0.0003,512,bottom_up,482,2018-04-01,0.834432017221115,1.0510243208460615,12.840237540068145,0.0,0.0
Labour,LORA_POOL,92110,0.0003,512,bottom_up,483,2018-05-01,0.8536819716440586,1.0857412552629122,13.453073956633563,0.0,0.0
Labour,LORA_POOL,92110,0.0003,512,bottom_up,484,2018-06-01,0.8458555890082007,1.1065482142996181,12.871624240914832,0.0,0.0
Labour,LORA_POOL,92110,0.0003,512,bottom_up,485,2018-07-01,0.872000462274565,1.1509165586837695,12.568404011505352,0.0,0.0
Labour,LORA_POOL,92110,0.0003,512,bottom_up,486,2018-08-01,0.8852203207875267,1.1137419187990425,12.91570754964914,0.0,0.0
Labour,LORA_POOL,92110,0.0003,512,bottom_up,487,2018-09-01,0.8667972717209982,1.0808064683363068,13.824721517841835,0.0,0.0
Labour,LORA_POOL,92110,0.0003,512,bottom_up,488,2018-10-01,0.8183481939518844,1.0021752392381906,12.892046284601758,0.0,0.0
Labour,LORA_POOL,92110,0.0003,512,bottom_up,489,2018-11-01,0.8180590222621709,1.0632642272657136,12.875112415419592,0.0,0.0
Labour,LORA_POOL,92110,0.0003,512,bottom_up,490,2018-12-01,0.7511200751565799,1.045099065859032,11.497048775519268,0.0,0.0
Labour,LORA_POOL,92110,0.0003,512,bottom_up,491,2019-01-01,0.6599333970827166,0.94116318996803,9.557180331631935,0.0,0.0
Labour,LORA_POOL,92110,0.0003,512,mint_shrink,455,2016-01-01,0.6765459996188967,1.107278342331338,12.62195743012257,3.291038656668967e-13,3.8198777474462986e-11
Labour,LORA_POOL,92110,0.0003,512,mint_shrink,456,2016-02-01,0.7883797262397327,1.1793899786679671,15.102193052437183,2.7098271644792357e-13,2.3646862246096134e-11
Labour,LORA_POOL,92110,0.0003,512,mint_shrink,457,2016-03-01,0.7282665409850998,1.115464640327767,12.83646262082208,3.445820626885714e-13,2.9103830456733704e-11
Labour,LORA_POOL,92110,0.0003,512,mint_shrink,458,2016-04-01,0.7034881144030367,0.9802257475427759,11.330664045943362,3.4876844752060826e-13,2.9103830456733704e-11
Labour,LORA_POOL,92110,0.0003,512,mint_shrink,459,2016-05-01,0.7216393497216103,0.9928483286712912,11.503349982877307,2.576236819714983e-13,2.1827872842550278e-11
Labour,LORA_POOL,92110,0.0003,512,mint_shrink,460,2016-06-01,0.7027036930522275,0.9888340975775836,10.689214867733899,3.2033635003851185e-13,2.7284841053187847e-11
Labour,LORA_POOL,92110,0.0003,512,mint_shrink,461,2016-07-01,0.701692510161217,0.949285914697203,10.188772519987229,3.385881568620571e-13,3.092281986027956e-11
Labour,LORA_POOL,92110,0.0003,512,mint_shrink,462,2016-08-01,0.7640554851002801,1.0007682684400498,10.874292874797154,4.026304955456977e-13,2.546585164964199e-11
Labour,LORA_POOL,92110,0.0003,512,mint_shrink,463,2016-09-01,0.9223639624464701,1.1292308773664272,13.224364287589287,3.363235615931141e-13,3.092281986027956e-11
Labour,LORA_POOL,92110,0.0003,512,mint_shrink,464,2016-10-01,1.0224323000255393,1.2017983244137542,16.241385987984646,3.395854098245274e-13,2.3646862246096134e-11
Labour,LORA_POOL,92110,0.0003,512,mint_shrink,465,2016-11-01,1.0524782542395787,1.1904096975312355,16.551944405636313,3.0573074935899867e-13,2.1827872842550278e-11
Labour,LORA_POOL,92110,0.0003,512,mint_shrink,466,2016-12-01,1.0223280807160497,1.1104497753497151,16.39497222356454,3.077148672322469e-13,2.1827872842550278e-11
Labour,LORA_POOL,92110,0.0003,512,mint_shrink,467,2017-01-01,0.9254128787684306,1.0096073432086712,14.30814026915609,3.1395808629937876e-13,2.7284841053187847e-11
Labour,LORA_POOL,92110,0.0003,512,mint_shrink,468,2017-02-01,1.1984948006913325,1.1986235453781835,20.206597777160454,3.2135437910436694e-13,2.7284841053187847e-11
Labour,LORA_POOL,92110,0.0003,512,mint_shrink,469,2017-03-01,1.1132377315159743,1.0941206090924684,17.921090567457494,3.084628069540996e-13,2.000888343900442e-11
Labour,LORA_POOL,92110,0.0003,512,mint_shrink,470,2017-04-01,1.1036110227529556,1.0662855957617179,18.198975780955674,2.731226550965578e-13,1.8189894035458565e-11
Labour,LORA_POOL,92110,0.0003,512,mint_shrink,471,2017-05-01,1.1079173840666277,1.126988493759263,18.45579496377276,2.8808144953361256e-13,2.3646862246096134e-11
Labour,LORA_POOL,92110,0.0003,512,mint_shrink,472,2017-06-01,0.9948894162644356,1.0847740552186518,15.76072927544754,3.6364413754412377e-13,3.092281986027956e-11
Labour,LORA_POOL,92110,0.0003,512,mint_shrink,473,2017-07-01,0.9096678997828311,1.0106400045014035,14.309787844173924,2.7096194034453877e-13,1.8189894035458565e-11
Labour,LORA_POOL,92110,0.0003,512,mint_shrink,474,2017-08-01,0.9206023687920937,1.0321156410733545,14.397658146080225,3.3189825157215205e-13,2.7284841053187847e-11
Labour,LORA_POOL,92110,0.0003,512,mint_shrink,475,2017-09-01,0.9291462448986764,1.0080186659847823,14.91625764157435,3.550843829495869e-13,2.7284841053187847e-11
Labour,LORA_POOL,92110,0.0003,512,mint_shrink,476,2017-10-01,0.8762004469341979,1.0065255612610442,13.925117451589715,3.5365083181603583e-13,2.9103830456733704e-11
Labour,LORA_POOL,92110,0.0003,512,mint_shrink,477,2017-11-01,0.884747621691865,1.0798806245692036,13.875048977945596,2.982409640887789e-13,2.546585164964199e-11
Labour,LORA_POOL,92110,0.0003,512,mint_shrink,478,2017-12-01,0.7919402395033228,1.0365444901021559,12.089090520360962,3.7024055036879725e-13,2.3646862246096134e-11
Labour,LORA_POOL,92110,0.0003,512,mint_shrink,479,2018-01-01,0.6762230842313852,1.0278358128157508,8.758896831465623,3.264341363819501e-13,4.729372449219227e-11
Labour,LORA_POOL,92110,0.0003,512,mint_shrink,480,2018-02-01,0.9016714681592432,1.1371195408406551,14.407543468314639,3.206687676926686e-13,2.1827872842550278e-11
Labour,LORA_POOL,92110,0.0003,512,mint_shrink,481,2018-03-01,0.7799489015206453,1.0500781617363568,11.554294239062772,2.8822688225730615e-13,2.7284841053187847e-11
Labour,LORA_POOL,92110,0.0003,512,mint_shrink,482,2018-04-01,0.8125383768138761,1.1137771899411948,12.799184779716079,3.813246015245871e-13,3.092281986027956e-11
Labour,LORA_POOL,92110,0.0003,512,mint_shrink,483,2018-05-01,0.8199252809253164,1.1229729477688675,13.387089054567834,3.220296024643729e-13,2.1827872842550278e-11
Labour,LORA_POOL,92110,0.0003,512,mint_shrink,484,2018-06-01,0.8174675047073304,1.1270789696916181,13.264688011423097,2.944597132727456e-13,2.1827872842550278e-11
Labour,LORA_POOL,92110,0.0003,512,mint_shrink,485,2018-07-01,0.8264117287257611,1.1536342296394955,12.368690223413855,3.717052656574255e-13,3.092281986027956e-11
Labour,LORA_POOL,92110,0.0003,512,mint_shrink,486,2018-08-01,0.8311984365204728,1.0781058718760974,12.730089131168304,4.099125197820695e-13,3.637978807091713e-11
Labour,LORA_POOL,92110,0.0003,512,mint_shrink,487,2018-09-01,0.8393451678732732,1.076734369675632,13.81068436288493,3.7348162249682577e-13,2.546585164964199e-11
Labour,LORA_POOL,92110,0.0003,512,mint_shrink,488,2018-10-01,0.8204501739284371,1.0158540662764615,13.143164747218345,2.9162377516072066e-13,2.7284841053187847e-11
Labour,LORA_POOL,92110,0.0003,512,mint_shrink,489,2018-11-01,0.8037654934312286,1.053997218531923,12.886494773958399,3.386297090688267e-13,2.7284841053187847e-11
Labour,LORA_POOL,92110,0.0003,512,mint_shrink,490,2018-12-01,0.7616737506516154,1.0416859837459074,11.561182254663825,2.6649507811680717e-13,2.1827872842550278e-11
Labour,LORA_POOL,92110,0.0003,512,mint_shrink,491,2019-01-01,0.6839822946758007,0.9215452702154664,9.34441485127697,3.370091730048124e-13,2.9103830456733704e-11
Labour,LORA_POOL,92110,0.0003,512,ols,455,2016-01-01,0.6779221074315629,1.05052716089988,12.308727258655283,4.872204004769038e-13,3.8198777474462986e-11
Labour,LORA_POOL,92110,0.0003,512,ols,456,2016-02-01,0.7429291401919781,1.0502788291980858,14.138900960481596,6.544784207762221e-13,5.093170329928398e-11
Labour,LORA_POOL,92110,0.0003,512,ols,457,2016-03-01,0.6839547419085645,1.0630412946718848,12.665388120343346,6.394469099773206e-13,7.09405867382884e-11
Labour,LORA_POOL,92110,0.0003,512,ols,458,2016-04-01,0.6676574674884213,0.9729614060376679,11.282029059143117,7.22457831051282e-13,7.639755494892597e-11
Labour,LORA_POOL,92110,0.0003,512,ols,459,2016-05-01,0.6805626106670375,0.9416516509709085,11.50080674832237,6.512373486481936e-13,9.276845958083868e-11
Labour,LORA_POOL,92110,0.0003,512,ols,460,2016-06-01,0.6520569447263377,0.9150214097825616,10.748755457519392,6.154816747229558e-13,7.09405867382884e-11
Labour,LORA_POOL,92110,0.0003,512,ols,461,2016-07-01,0.666686696520487,0.9041067704760788,10.125215733147092,8.085955556846555e-13,7.275957614183426e-11
Labour,LORA_POOL,92110,0.0003,512,ols,462,2016-08-01,0.7312886828264282,0.9641919988208747,11.134294449643505,6.36257778107754e-13,5.4569682106375694e-11
Labour,LORA_POOL,92110,0.0003,512,ols,463,2016-09-01,0.87691357223733,1.071345106233039,13.48629047276096,5.659929964603663e-13,5.4569682106375694e-11
Labour,LORA_POOL,92110,0.0003,512,ols,464,2016-10-01,0.9690250793576047,1.0912604721836243,15.702514516818958,5.963780476606338e-13,4.9112713895738125e-11
Labour,LORA_POOL,92110,0.0003,512,ols,465,2016-11-01,1.0032906012503866,1.1099776093568856,15.331935089220444,6.74672793266246e-13,5.638867150992155e-11
Labour,LORA_POOL,92110,0.0003,512,ols,466,2016-12-01,0.9503872581615534,1.0027686742725153,15.327223116023193,6.071920094724213e-13,6.002665031701326e-11
Labour,LORA_POOL,92110,0.0003,512,ols,467,2017-01-01,0.8614701702508063,0.9446936908888773,13.403070933419203,6.069738603868809e-13,5.4569682106375694e-11
Labour,LORA_POOL,92110,0.0003,512,ols,468,2017-02-01,1.11598409513448,1.05704937470287,19.545615178159217,6.199069847439178e-13,6.184563972055912e-11
Labour,LORA_POOL,92110,0.0003,512,ols,469,2017-03-01,1.105997761038706,1.0454060823097828,18.108061043114983,6.443292942727482e-13,5.4569682106375694e-11
Labour,LORA_POOL,92110,0.0003,512,ols,470,2017-04-01,1.0702186927803576,1.0107546359074044,17.70334529411845,6.187539110060615e-13,6.184563972055912e-11
Labour,LORA_POOL,92110,0.0003,512,ols,471,2017-05-01,1.042973314995307,1.0453831559174458,17.643983590621843,8.331529098854871e-13,9.458744898438454e-11
Labour,LORA_POOL,92110,0.0003,512,ols,472,2017-06-01,0.8346633990596094,0.9438358211509127,13.656089527106703,6.731041974606938e-13,7.457856554538012e-11
Labour,LORA_POOL,92110,0.0003,512,ols,473,2017-07-01,0.8050624867503442,0.9155472050296332,13.539682847737309,6.601710731036569e-13,4.18367562815547e-11
Labour,LORA_POOL,92110,0.0003,512,ols,474,2017-08-01,0.809084021648625,0.9010330540113534,13.54125421322908,7.976153850457896e-13,8.003553375601768e-11
Labour,LORA_POOL,92110,0.0003,512,ols,475,2017-09-01,0.8434577030611845,0.8757291992916316,14.246398030938098,6.26679994447362e-13,7.275957614183426e-11
Labour,LORA_POOL,92110,0.0003,512,ols,476,2017-10-01,0.7414591438639684,0.8539647963083608,12.285152459020049,6.393638055637814e-13,7.639755494892597e-11
Labour,LORA_POOL,92110,0.0003,512,ols,477,2017-11-01,0.7702874255608085,0.9150823735957834,12.577728080950665,6.075452032299628e-13,5.820766091346741e-11
Labour,LORA_POOL,92110,0.0003,512,ols,478,2017-12-01,0.6807296126414971,0.8876438757223383,10.797385852689153,7.874039302321613e-13,5.093170329928398e-11
Labour,LORA_POOL,92110,0.0003,512,ols,479,2018-01-01,0.6266624035433632,0.9106178083873191,9.189463704221765,7.580992364079034e-13,6.184563972055912e-11
Labour,LORA_POOL,92110,0.0003,512,ols,480,2018-02-01,0.8183858587456498,1.0201267890291084,14.045792191803427,6.567845682519347e-13,6.184563972055912e-11
Labour,LORA_POOL,92110,0.0003,512,ols,481,2018-03-01,0.726208546636895,0.9754964849987873,10.578237501584224,6.634017571799929e-13,6.184563972055912e-11
Labour,LORA_POOL,92110,0.0003,512,ols,482,2018-04-01,0.7590685691622898,1.023636590207365,11.331728320670708,7.526143451143166e-13,1.1095835361629725e-10
Labour,LORA_POOL,92110,0.0003,512,ols,483,2018-05-01,0.768159857495127,1.0575657723543244,12.362870451702104,6.621344148735203e-13,6.730260793119669e-11
Labour,LORA_POOL,92110,0.0003,512,ols,484,2018-06-01,0.7944502123251806,1.1232210310801827,11.526134240738848,5.309333219985194e-13,4.3655745685100555e-11
Labour,LORA_POOL,92110,0.0003,512,ols,485,2018-07-01,0.8589694614274458,1.167035492552353,11.710145386297775,7.584108779586754e-13,7.457856554538012e-11
Labour,LORA_POOL,92110,0.0003,512,ols,486,2018-08-01,0.8277922947253327,1.1068460368921158,12.374926542268717,6.158868087389594e-13,6.730260793119669e-11
Labour,LORA_POOL,92110,0.0003,512,ols,487,2018-09-01,0.8632352798985533,1.099980234523171,14.182603527106007,7.580472961494414e-13,6.184563972055912e-11
Labour,LORA_POOL,92110,0.0003,512,ols,488,2018-10-01,0.8116020031983084,1.022510198319052,13.030991459068971,8.43457857164347e-13,6.912159733474255e-11
Labour,LORA_POOL,92110,0.0003,512,ols,489,2018-11-01,0.8378883421923513,1.0863650629507253,13.512153785474494,7.15300463435219e-13,7.09405867382884e-11
Labour,LORA_POOL,92110,0.0003,512,ols,490,2018-12-01,0.7985804123186673,1.096870641105203,12.256093130003315,5.199739274630382e-13,4.729372449219227e-11
Labour,LORA_POOL,92110,0.0003,512,ols,491,2019-01-01,0.6995190249121894,1.013160952354502,9.698312417482382,8.264941687506592e-13,7.457856554538012e-11
Labour,LORA_HIER,92110,0.0003,512,unreconciled,455,2016-01-01,0.6840379861378787,1.0779589916627068,12.51721040203804,2.2442453827774314,50.93820285797119
Labour,LORA_HIER,92110,0.0003,512,unreconciled,456,2016-02-01,0.7342407259591239,1.081276288767032,14.323442930658615,2.3467344345405086,33.11558532714844
Labour,LORA_HIER,92110,0.0003,512,unreconciled,457,2016-03-01,0.7065902832470989,1.081226857251362,12.793994240594664,2.0397741766700968,26.098264694213867
Labour,LORA_HIER,92110,0.0003,512,unreconciled,458,2016-04-01,0.6854770745806609,1.0000979027320642,11.368280209912113,1.8703939831047727,25.99493408203125
Labour,LORA_HIER,92110,0.0003,512,unreconciled,459,2016-05-01,0.6989425049903812,0.9559860090195313,11.560673898677168,1.6611613432566326,51.76898002624512
Labour,LORA_HIER,92110,0.0003,512,unreconciled,460,2016-06-01,0.6759456752838878,0.9364336583280284,10.800961668035242,1.820107545071875,36.088436126708984
Labour,LORA_HIER,92110,0.0003,512,unreconciled,461,2016-07-01,0.6657040941881709,0.8797885529187291,10.084160258674835,1.8003309135548553,55.202383041381836
Labour,LORA_HIER,92110,0.0003,512,unreconciled,462,2016-08-01,0.7254342483898938,0.9177810041841366,11.080384607842916,1.9890543870758592,58.05203437805176
Labour,LORA_HIER,92110,0.0003,512,unreconciled,463,2016-09-01,0.8540988840030854,1.0155708132816992,13.393445635890181,2.095046889712239,58.93387413024902
Labour,LORA_HIER,92110,0.0003,512,unreconciled,464,2016-10-01,0.9189854752951165,1.041924214386269,15.387431731374582,2.263731793353432,63.438015937805176
Labour,LORA_HIER,92110,0.0003,512,unreconciled,465,2016-11-01,0.9217649493743844,1.0337719465599062,14.770907204341984,2.3437620492009392,63.97354984283447
Labour,LORA_HIER,92110,0.0003,512,unreconciled,466,2016-12-01,0.9175302198027722,0.9684065108401567,15.16006189445599,2.2090922656812166,60.865966796875
Labour,LORA_HIER,92110,0.0003,512,unreconciled,467,2017-01-01,0.8551551931499022,0.9346910839527094,13.373378210563972,1.9665823052501121,45.94960975646973
Labour,LORA_HIER,92110,0.0003,512,unreconciled,468,2017-02-01,1.1189547401373459,1.051650735669467,19.58299794068172,2.1017910374535456,50.82769203186035
Labour,LORA_HIER,92110,0.0003,512,unreconciled,469,2017-03-01,1.0693008757670581,0.991335768794638,17.716021134771665,2.322295257222583,87.27865791320801
Labour,LORA_HIER,92110,0.0003,512,unreconciled,470,2017-04-01,1.0478056303734489,0.9882992395775232,17.5071020842563,1.8941183912823771,51.88514995574951
Labour,LORA_HIER,92110,0.0003,512,unreconciled,471,2017-05-01,1.0312751987811497,1.0532136993490298,17.470523852100726,2.0405908955468073,54.75026226043701
Labour,LORA_HIER,92110,0.0003,512,unreconciled,472,2017-06-01,0.8487459417050169,0.9691231407202849,13.838683780607832,2.2365579019513047,33.514923095703125
Labour,LORA_HIER,92110,0.0003,512,unreconciled,473,2017-07-01,0.8201155960979452,0.9125911337352945,13.536951523568158,2.1539993592870164,39.31029510498047
Labour,LORA_HIER,92110,0.0003,512,unreconciled,474,2017-08-01,0.8358905161818391,0.8779260899421839,13.692360348598168,2.2862282705585857,47.7817325592041
Labour,LORA_HIER,92110,0.0003,512,unreconciled,475,2017-09-01,0.8486971754494844,0.843672954775576,14.2445959646587,2.492364313170227,56.55407524108887
Labour,LORA_HIER,92110,0.0003,512,unreconciled,476,2017-10-01,0.7569611801446399,0.8477249739294939,12.493963874260546,2.2831721863551446,22.693206787109375
Labour,LORA_HIER,92110,0.0003,512,unreconciled,477,2017-11-01,0.7767663144266619,0.8927096428748953,12.600984739832196,2.0563674265878245,41.07376766204834
Labour,LORA_HIER,92110,0.0003,512,unreconciled,478,2017-12-01,0.688655510703988,0.8853522960071312,10.918779969348984,2.210260030121831,38.100584983825684
Labour,LORA_HIER,92110,0.0003,512,unreconciled,479,2018-01-01,0.6564411098468669,0.9473676725787901,9.295304400633555,2.638463801110697,60.90260314941406
Labour,LORA_HIER,92110,0.0003,512,unreconciled,480,2018-02-01,0.8276679828954808,1.0468402428439778,14.094141676404774,2.164086313972696,58.86429977416992
Labour,LORA_HIER,92110,0.0003,512,unreconciled,481,2018-03-01,0.705123547586709,1.018554012566084,10.810136952838661,2.2360514925237287,26.124237060546875
Labour,LORA_HIER,92110,0.0003,512,unreconciled,482,2018-04-01,0.7358914260280609,1.0521281619989202,11.542306031437526,2.3628950119018555,37.43127632141113
Labour,LORA_HIER,92110,0.0003,512,unreconciled,483,2018-05-01,0.7675589769422422,1.0862352502919324,12.487304694218475,2.1290243104187367,39.673789978027344
Labour,LORA_HIER,92110,0.0003,512,unreconciled,484,2018-06-01,0.7469822179588284,1.106877926154615,11.470216693534438,2.349916378657023,57.12733554840088
Labour,LORA_HIER,92110,0.0003,512,unreconciled,485,2018-07-01,0.7690660709126356,1.1514563168622045,11.535076662007809,1.9505167132929753,40.64839839935303
Labour,LORA_HIER,92110,0.0003,512,unreconciled,486,2018-08-01,0.8157501871758218,1.1140048918541563,12.345924716466252,1.542921855435734,28.34221839904785
Labour,LORA_HIER,92110,0.0003,512,unreconciled,487,2018-09-01,0.8665635850653006,1.0809504849867901,14.020325086024224,1.8425221652315373,55.072317123413086
Labour,LORA_HIER,92110,0.0003,512,unreconciled,488,2018-10-01,0.8091398770535178,1.0018715718890943,13.001309511635565,1.8340052791506227,35.156325340270996
Labour,LORA_HIER,92110,0.0003,512,unreconciled,489,2018-11-01,0.8358917568550677,1.0629577671341786,13.411883266511266,1.8437257984228301,64.47232437133789
Labour,LORA_HIER,92110,0.0003,512,unreconciled,490,2018-12-01,0.7696197390973333,1.0445721907243661,11.969330551966927,2.8639728325849387,87.61011791229248
Labour,LORA_HIER,92110,0.0003,512,unreconciled,491,2019-01-01,0.6647946977226543,0.9404344728971675,9.496468034176342,2.6686812925059895,87.14775848388672
Labour,LORA_HIER,92110,0.0003,512,bottom_up,455,2016-01-01,0.7600745526467079,1.0779589916627068,13.798630926256111,0.0,0.0
Labour,LORA_HIER,92110,0.0003,512,bottom_up,456,2016-02-01,0.7890617548626319,1.081276288767032,14.972717437553019,0.0,0.0
Labour,LORA_HIER,92110,0.0003,512,bottom_up,457,2016-03-01,0.7316918374720661,1.081226857251362,13.223288969466278,0.0,0.0
Labour,LORA_HIER,92110,0.0003,512,bottom_up,458,2016-04-01,0.7314261239835222,1.0000979027320642,12.361927186499543,0.0,0.0
Labour,LORA_HIER,92110,0.0003,512,bottom_up,459,2016-05-01,0.700917045763696,0.9559860090195313,11.737650079316316,0.0,0.0
Labour,LORA_HIER,92110,0.0003,512,bottom_up,460,2016-06-01,0.669232521432295,0.9364336583280284,11.029221318441804,0.0,0.0
Labour,LORA_HIER,92110,0.0003,512,bottom_up,461,2016-07-01,0.6129856290788319,0.8797885529187291,9.816790713653573,0.0,0.0
Labour,LORA_HIER,92110,0.0003,512,bottom_up,462,2016-08-01,0.6475850308782725,0.9177810041841366,10.533409089802065,0.0,0.0
Labour,LORA_HIER,92110,0.0003,512,bottom_up,463,2016-09-01,0.755331999105499,1.0155708132816992,12.710174192284612,0.0,0.0
Labour,LORA_HIER,92110,0.0003,512,bottom_up,464,2016-10-01,0.8485721673392209,1.041924214386269,14.766821708714746,0.0,0.0
Labour,LORA_HIER,92110,0.0003,512,bottom_up,465,2016-11-01,0.8665110087092338,1.0337719465599062,14.641369870591861,0.0,0.0
Labour,LORA_HIER,92110,0.0003,512,bottom_up,466,2016-12-01,0.8493810432328146,0.9684065108401567,14.49580758813432,0.0,0.0
Labour,LORA_HIER,92110,0.0003,512,bottom_up,467,2017-01-01,0.8369372725987527,0.9346910839527094,13.401084202391168,0.0,0.0
Labour,LORA_HIER,92110,0.0003,512,bottom_up,468,2017-02-01,1.060840047472646,1.051650735669467,18.659205305311758,0.0,0.0
Labour,LORA_HIER,92110,0.0003,512,bottom_up,469,2017-03-01,0.9905921471031807,0.991335768794638,16.74134016974401,0.0,0.0
Labour,LORA_HIER,92110,0.0003,512,bottom_up,470,2017-04-01,0.9974356344186345,0.9882992395775232,17.108594828443625,0.0,0.0
Labour,LORA_HIER,92110,0.0003,512,bottom_up,471,2017-05-01,1.0077581360729084,1.0532136993490298,17.501082649387428,0.0,0.0
Labour,LORA_HIER,92110,0.0003,512,bottom_up,472,2017-06-01,0.8559904655061625,0.9691231407202849,14.16582218497185,0.0,0.0
Labour,LORA_HIER,92110,0.0003,512,bottom_up,473,2017-07-01,0.7694592286333506,0.9125911337352945,12.905084789231173,0.0,0.0
Labour,LORA_HIER,92110,0.0003,512,bottom_up,474,2017-08-01,0.7499089810397086,0.8779260899421839,12.984003819886002,0.0,0.0
Labour,LORA_HIER,92110,0.0003,512,bottom_up,475,2017-09-01,0.7517782048587095,0.843672954775576,13.244589814197633,0.0,0.0
Labour,LORA_HIER,92110,0.0003,512,bottom_up,476,2017-10-01,0.7360735612826669,0.8477249739294939,12.44553526429957,0.0,0.0
Labour,LORA_HIER,92110,0.0003,512,bottom_up,477,2017-11-01,0.726262739856794,0.8927096428748953,11.996316982337312,0.0,0.0
Labour,LORA_HIER,92110,0.0003,512,bottom_up,478,2017-12-01,0.6965214379852709,0.8853522960071312,10.871971985863043,0.0,0.0
Labour,LORA_HIER,92110,0.0003,512,bottom_up,479,2018-01-01,0.7116057839725743,0.9473676725787901,9.620130797388532,0.0,0.0
Labour,LORA_HIER,92110,0.0003,512,bottom_up,480,2018-02-01,0.8633033274713681,1.0468402428439778,13.8641408225153,0.0,0.0
Labour,LORA_HIER,92110,0.0003,512,bottom_up,481,2018-03-01,0.7977241708418965,1.018554012566084,11.898237471443853,0.0,0.0
Labour,LORA_HIER,92110,0.0003,512,bottom_up,482,2018-04-01,0.8347502985425318,1.0521281619989202,12.837403441463708,0.0,0.0
Labour,LORA_HIER,92110,0.0003,512,bottom_up,483,2018-05-01,0.8536485825621214,1.0862352502919324,13.450413662608298,0.0,0.0
Labour,LORA_HIER,92110,0.0003,512,bottom_up,484,2018-06-01,0.8455948552361975,1.106877926154615,12.854862012177732,0.0,0.0
Labour,LORA_HIER,92110,0.0003,512,bottom_up,485,2018-07-01,0.8715956716033463,1.1514563168622045,12.551459561260783,0.0,0.0
Labour,LORA_HIER,92110,0.0003,512,bottom_up,486,2018-08-01,0.8849474912242706,1.1140048918541563,12.89872854396812,0.0,0.0
Labour,LORA_HIER,92110,0.0003,512,bottom_up,487,2018-09-01,0.8665378282515097,1.0809504849867901,13.817040052715145,0.0,0.0
Labour,LORA_HIER,92110,0.0003,512,bottom_up,488,2018-10-01,0.8172783791844201,1.0018715718890943,12.866744016690616,0.0,0.0
Labour,LORA_HIER,92110,0.0003,512,bottom_up,489,2018-11-01,0.8164933551338007,1.0629577671341786,12.84984073479961,0.0,0.0
Labour,LORA_HIER,92110,0.0003,512,bottom_up,490,2018-12-01,0.7497872930367733,1.0445721907243661,11.470364855575264,0.0,0.0
Labour,LORA_HIER,92110,0.0003,512,bottom_up,491,2019-01-01,0.659236620599664,0.9404344728971675,9.542467598060387,0.0,0.0
Labour,LORA_HIER,92110,0.0003,512,mint_shrink,455,2016-01-01,0.677837583099823,1.1097444955718023,12.671395603130723,3.471582995082864e-13,3.092281986027956e-11
Labour,LORA_HIER,92110,0.0003,512,mint_shrink,456,2016-02-01,0.7872372410554654,1.1797045041941163,15.088287399748772,4.1994737771692707e-13,2.546585164964199e-11
Labour,LORA_HIER,92110,0.0003,512,mint_shrink,457,2016-03-01,0.7292219517318204,1.1175408623971044,12.850656492765559,3.6447518167951573e-13,4.001776687800884e-11
Labour,LORA_HIER,92110,0.0003,512,mint_shrink,458,2016-04-01,0.7018096823525388,0.9805058547610697,11.288637342347812,3.7514371076760963e-13,2.9103830456733704e-11
Labour,LORA_HIER,92110,0.0003,512,mint_shrink,459,2016-05-01,0.7199127570905753,0.9932351379440335,11.466400921038582,2.8842425523946174e-13,2.000888343900442e-11
Labour,LORA_HIER,92110,0.0003,512,mint_shrink,460,2016-06-01,0.7012913370929106,0.9886739976016468,10.67281718104182,3.4617143459750845e-13,2.3646862246096134e-11
Labour,LORA_HIER,92110,0.0003,512,mint_shrink,461,2016-07-01,0.699849785358877,0.9488123351135218,10.174251318619831,3.2241396037699163e-13,2.546585164964199e-11
Labour,LORA_HIER,92110,0.0003,512,mint_shrink,462,2016-08-01,0.7621674837188448,1.0010618627317918,10.84977027978048,3.87515880333257e-13,3.637978807091713e-11
Labour,LORA_HIER,92110,0.0003,512,mint_shrink,463,2016-09-01,0.921983804819664,1.1314322569219215,13.221100264665294,3.2138554325944414e-13,3.092281986027956e-11
Labour,LORA_HIER,92110,0.0003,512,mint_shrink,464,2016-10-01,1.0217843410593659,1.202236050591085,16.22866042677142,2.762286825525851e-13,1.6370904631912708e-11
Labour,LORA_HIER,92110,0.0003,512,mint_shrink,465,2016-11-01,1.053134616896498,1.1924604058586716,16.55107257908285,3.6388306273304896e-13,3.092281986027956e-11
Labour,LORA_HIER,92110,0.0003,512,mint_shrink,466,2016-12-01,1.0218465179610603,1.1112752023354118,16.371316452161384,3.5226922094094676e-13,2.546585164964199e-11
Labour,LORA_HIER,92110,0.0003,512,mint_shrink,467,2017-01-01,0.9244280551630045,1.0098293751914236,14.285146941597752,3.4605716602889206e-13,2.9103830456733704e-11
Labour,LORA_HIER,92110,0.0003,512,mint_shrink,468,2017-02-01,1.198816767158245,1.1976411067008295,20.229770898817197,2.8519357116312557e-13,2.7284841053187847e-11
Labour,LORA_HIER,92110,0.0003,512,mint_shrink,469,2017-03-01,1.1139164880620822,1.0933097423756422,17.93715275710004,3.197234549886603e-13,2.546585164964199e-11
Labour,LORA_HIER,92110,0.0003,512,mint_shrink,470,2017-04-01,1.1041661831844687,1.0657162775137805,18.20955620750574,3.0009003729002593e-13,2.7284841053187847e-11
Labour,LORA_HIER,92110,0.0003,512,mint_shrink,471,2017-05-01,1.1076100502873296,1.1267890525427156,18.452015237639614,3.859992247861667e-13,2.546585164964199e-11
Labour,LORA_HIER,92110,0.0003,512,mint_shrink,472,2017-06-01,0.992575008669987,1.0831786107167058,15.726768626795995,3.151319361406199e-13,1.8189894035458565e-11
Labour,LORA_HIER,92110,0.0003,512,mint_shrink,473,2017-07-01,0.9064492212079855,1.0093732314953308,14.266788183549112,3.4728295612859514e-13,3.2741809263825417e-11
Labour,LORA_HIER,92110,0.0003,512,mint_shrink,474,2017-08-01,0.9180690526215596,1.0310831186986527,14.358330901039515,3.619716612216475e-13,2.7284841053187847e-11
Labour,LORA_HIER,92110,0.0003,512,mint_shrink,475,2017-09-01,0.9277539632710015,1.0068718131458467,14.905365982512178,3.2507330161024584e-13,2.546585164964199e-11
Labour,LORA_HIER,92110,0.0003,512,mint_shrink,476,2017-10-01,0.8730793961466123,1.0040056847231267,13.88095957567892,3.1056119339596425e-13,2.000888343900442e-11
Labour,LORA_HIER,92110,0.0003,512,mint_shrink,477,2017-11-01,0.8823570760798084,1.0769444867354356,13.840986568140318,3.0002770897987154e-13,1.8189894035458565e-11
Labour,LORA_HIER,92110,0.0003,512,mint_shrink,478,2017-12-01,0.7891907021911362,1.0347155514280515,12.045051250076096,3.419746617137792e-13,2.7284841053187847e-11
Labour,LORA_HIER,92110,0.0003,512,mint_shrink,479,2018-01-01,0.6738224543447712,1.02720585631898,8.731065201527118,2.7507560881472884e-13,2.3646862246096134e-11
Labour,LORA_HIER,92110,0.0003,512,mint_shrink,480,2018-02-01,0.9001296498349325,1.1384135750035236,14.38535040098049,2.9645421919768624e-13,2.546585164964199e-11
Labour,LORA_HIER,92110,0.0003,512,mint_shrink,481,2018-03-01,0.7785044956628902,1.0534001819569225,11.543806897107423,4.205498847150862e-13,3.092281986027956e-11
Labour,LORA_HIER,92110,0.0003,512,mint_shrink,482,2018-04-01,0.8096927737842246,1.1156329419878723,12.763816082493928,3.3195019183061405e-13,2.3646862246096134e-11
Labour,LORA_HIER,92110,0.0003,512,mint_shrink,483,2018-05-01,0.8171234021905011,1.1222256959709456,13.350552005839948,4.089256548712916e-13,4.18367562815547e-11
Labour,LORA_HIER,92110,0.0003,512,mint_shrink,484,2018-06-01,0.8148456345845658,1.1262412601909484,13.229169422894097,4.719084122823075e-13,3.8198777474462986e-11
Labour,LORA_HIER,92110,0.0003,512,mint_shrink,485,2018-07-01,0.823803571663013,1.1518205762271025,12.326472648716887,3.691705810444801e-13,2.546585164964199e-11
Labour,LORA_HIER,92110,0.0003,512,mint_shrink,486,2018-08-01,0.8302682416715158,1.0777471837087824,12.70986757770751,2.932339231730425e-13,4.18367562815547e-11
Labour,LORA_HIER,92110,0.0003,512,mint_shrink,487,2018-09-01,0.838181188710843,1.077477501064674,13.788931702961762,3.2050255886559024e-13,2.000888343900442e-11
Labour,LORA_HIER,92110,0.0003,512,mint_shrink,488,2018-10-01,0.8183640479749157,1.015593240653982,13.111397804615676,3.513446843403232e-13,2.3646862246096134e-11
Labour,LORA_HIER,92110,0.0003,512,mint_shrink,489,2018-11-01,0.8008368720884945,1.052043879881698,12.828788354004683,2.981786357786245e-13,2.546585164964199e-11
Labour,LORA_HIER,92110,0.0003,512,mint_shrink,490,2018-12-01,0.7595122387148708,1.0399154414117997,11.521811438917075,3.3441216008171266e-13,2.1827872842550278e-11
Labour,LORA_HIER,92110,0.0003,512,mint_shrink,491,2019-01-01,0.6802190224139915,0.9188893961366615,9.283307389453396,2.8794640486161137e-13,3.8198777474462986e-11
Labour,LORA_HIER,92110,0.0003,512,ols,455,2016-01-01,0.6788298180678302,1.0510892125955271,12.339298178456957,5.789053447140185e-13,4.547473508864641e-11
Labour,LORA_HIER,92110,0.0003,512,ols,456,2016-02-01,0.7427357890915266,1.0497399718999776,14.135770197433141,5.795597919706396e-13,5.638867150992155e-11
Labour,LORA_HIER,92110,0.0003,512,ols,457,2016-03-01,0.6844962151270176,1.063152368967336,12.669457124357798,6.450876220462933e-13,6.184563972055912e-11
Labour,LORA_HIER,92110,0.0003,512,ols,458,2016-04-01,0.6678210178980475,0.9727695391383316,11.280540767431836,7.041436959175823e-13,4.9112713895738125e-11
Labour,LORA_HIER,92110,0.0003,512,ols,459,2016-05-01,0.6805646271715758,0.942196617806695,11.486449451188227,5.536935432565658e-13,5.4569682106375694e-11
Labour,LORA_HIER,92110,0.0003,512,ols,460,2016-06-01,0.6513416424412071,0.9147808779493112,10.72936068102513,1.049639907155085e-12,9.458744898438454e-11
Labour,LORA_HIER,92110,0.0003,512,ols,461,2016-07-01,0.6668369085392791,0.9042233377726058,10.117465703299636,5.953288544397015e-13,7.09405867382884e-11
Labour,LORA_HIER,92110,0.0003,512,ols,462,2016-08-01,0.7311624150368756,0.9652905130842769,11.132310869046046,6.741118384748565e-13,9.276845958083868e-11
Labour,LORA_HIER,92110,0.0003,512,ols,463,2016-09-01,0.8777967089762516,1.0729130670567764,13.504426677988462,8.303065837217697e-13,8.185452315956354e-11
Labour,LORA_HIER,92110,0.0003,512,ols,464,2016-10-01,0.9681538856889877,1.0915166244993268,15.696088282398179,5.440845954410966e-13,5.093170329928398e-11
Labour,LORA_HIER,92110,0.0003,512,ols,465,2016-11-01,1.0038646991429263,1.1109372913076538,15.340077760419108,6.392807011502422e-13,4.9112713895738125e-11
Labour,LORA_HIER,92110,0.0003,512,ols,466,2016-12-01,0.9495720771635747,1.002747241537139,15.308017006197918,7.270805140543996e-13,6.548361852765083e-11
Labour,LORA_HIER,92110,0.0003,512,ols,467,2017-01-01,0.8615949666181194,0.9449797427605766,13.394429054716657,6.86515172195581e-13,5.093170329928398e-11
Labour,LORA_HIER,92110,0.0003,512,ols,468,2017-02-01,1.1139222378792586,1.0555764675300217,19.513661628818923,7.824696056782718e-13,1.000444171950221e-10
Labour,LORA_HIER,92110,0.0003,512,ols,469,2017-03-01,1.10301144353897,1.042457129646981,18.080085770424024,7.266442158833188e-13,9.094947017729282e-11
Labour,LORA_HIER,92110,0.0003,512,ols,470,2017-04-01,1.068425291682378,1.009070090237879,17.67431920751714,8.307532699445428e-13,7.639755494892597e-11
Labour,LORA_HIER,92110,0.0003,512,ols,471,2017-05-01,1.042963353773306,1.045332248823919,17.634944997621762,5.503070384048437e-13,5.638867150992155e-11
Labour,LORA_HIER,92110,0.0003,512,ols,472,2017-06-01,0.8330231546425901,0.9439897960197654,13.621431518636461,5.767446299619995e-13,4.001776687800884e-11
Labour,LORA_HIER,92110,0.0003,512,ols,473,2017-07-01,0.8021422009923944,0.9147979827474315,13.481825081175735,1.0447055826011953e-12,1.2187229003757238e-10
Labour,LORA_HIER,92110,0.0003,512,ols,474,2017-08-01,0.8067965583829542,0.8997282335110179,13.500977464461522,6.836480699284788e-13,6.548361852765083e-11
Labour,LORA_HIER,92110,0.0003,512,ols,475,2017-09-01,0.8419341747351666,0.8748236359531107,14.232120286261958,7.618389350171671e-13,6.002665031701326e-11
Labour,LORA_HIER,92110,0.0003,512,ols,476,2017-10-01,0.7391446304283433,0.8531544300284899,12.240764764564542,7.336145985689186e-13,7.639755494892597e-11
Labour,LORA_HIER,92110,0.0003,512,ols,477,2017-11-01,0.7680368142298504,0.9153337513045876,12.53647499374249,6.836376818767865e-13,5.820766091346741e-11
Labour,LORA_HIER,92110,0.0003,512,ols,478,2017-12-01,0.679959464859843,0.8883558248292156,10.773655806162953,7.282024236371787e-13,7.09405867382884e-11
Labour,LORA_HIER,92110,0.0003,512,ols,479,2018-01-01,0.6265935686653955,0.9112768799561524,9.177166446327535,8.366225191507484e-13,7.457856554538012e-11
Labour,LORA_HIER,92110,0.0003,512,ols,480,2018-02-01,0.8191820663426943,1.0211864400694592,14.051050142300108,9.398174246630413e-13,1.1459633242338896e-10
Labour,LORA_HIER,92110,0.0003,512,ols,481,2018-03-01,0.7271489534195488,0.9769833017512026,10.568165305823289,5.11299904299885e-13,4.9112713895738125e-11
Labour,LORA_HIER,92110,0.0003,512,ols,482,2018-04-01,0.7584730496848537,1.024255540139248,11.318710388104224,4.93577888112652e-13,6.184563972055912e-11
Labour,LORA_HIER,92110,0.0003,512,ols,483,2018-05-01,0.767917685315913,1.0578536704848598,12.365146244458684,7.353909554083189e-13,6.912159733474255e-11
Labour,LORA_HIER,92110,0.0003,512,ols,484,2018-06-01,0.793066941945855,1.1227908733625367,11.525159603994199,5.923682597073677e-13,9.276845958083868e-11
Labour,LORA_HIER,92110,0.0003,512,ols,485,2018-07-01,0.8577842425168166,1.1671694036108216,11.684415296059568,8.803873809308259e-13,8.731149137020111e-11
Labour,LORA_HIER,92110,0.0003,512,ols,486,2018-08-01,0.8272957132743061,1.1071960933246676,12.35216754569284,7.047669790191263e-13,1.2005330063402653e-10
Labour,LORA_HIER,92110,0.0003,512,ols,487,2018-09-01,0.8623697128388881,1.0998165340188288,14.16373034066774,6.736755403037757e-13,7.457856554538012e-11
Labour,LORA_HIER,92110,0.0003,512,ols,488,2018-10-01,0.8105556742881203,1.0222566751828452,13.007109240361046,6.378990902751531e-13,6.002665031701326e-11
Labour,LORA_HIER,92110,0.0003,512,ols,489,2018-11-01,0.8366497147650848,1.0859282697844526,13.48053818836234,6.330270940314179e-13,7.639755494892597e-11
Labour,LORA_HIER,92110,0.0003,512,ols,490,2018-12-01,0.7969637954420437,1.0964980446545014,12.224635824678044,8.441019163692758e-13,1.000444171950221e-10
Labour,LORA_HIER,92110,0.0003,512,ols,491,2019-01-01,0.6976176569261165,1.0128214593830336,9.668806157663811,6.300249470923145e-13,7.275957614183426e-11
Labour,LORA,92111,0.0003,512,unreconciled,455,2016-01-01,0.6971826929555878,1.0786410175597774,12.525214060448793,3.233402632830436,105.20550060272217
Labour,LORA,92111,0.0003,512,unreconciled,456,2016-02-01,0.7262635222422295,1.0653933304130674,13.918866410287523,2.7815679360551444,83.28094863891602
Labour,LORA,92111,0.0003,512,unreconciled,457,2016-03-01,0.7011294275859662,1.0455243314005345,12.452509663229526,2.963337367041069,69.12884712219238
Labour,LORA,92111,0.0003,512,unreconciled,458,2016-04-01,0.6722237568106337,0.9763136569097008,11.013102356704755,2.69697372118632,68.94842720031738
Labour,LORA,92111,0.0003,512,unreconciled,459,2016-05-01,0.6790768209502887,0.9594873323413105,11.109260499717625,2.654775102933248,100.3973445892334
Labour,LORA,92111,0.0003,512,unreconciled,460,2016-06-01,0.6579685092207905,0.9329639468253526,10.576968242629365,2.498002360438743,77.25199890136719
Labour,LORA,92111,0.0003,512,unreconciled,461,2016-07-01,0.6517813472909031,0.872160745853372,9.865972126742633,2.87942215573718,106.91405582427979
Labour,LORA,92111,0.0003,512,unreconciled,462,2016-08-01,0.7007382687279105,0.9214185529858208,10.619339395358656,3.0946460523103414,97.01940631866455
Labour,LORA,92111,0.0003,512,unreconciled,463,2016-09-01,0.7978828570586808,0.9949944011544863,12.205334618436032,3.027397650724266,116.36865425109863
Labour,LORA,92111,0.0003,512,unreconciled,464,2016-10-01,0.8463121146382445,1.037228602829364,13.938746531963575,2.781101876532125,98.08288669586182
Labour,LORA,92111,0.0003,512,unreconciled,465,2016-11-01,0.8525669766889841,1.0247128564264882,13.4247955024659,2.5965740931661507,93.40636920928955
Labour,LORA,92111,0.0003,512,unreconciled,466,2016-12-01,0.8762227105847207,0.9587871942048833,14.055860121904713,2.7902705571804827,100.71452140808105
Labour,LORA,92111,0.0003,512,unreconciled,467,2017-01-01,0.8334377346556259,0.9296769958931927,12.640757246120414,2.590052823574222,77.49432468414307
Labour,LORA,92111,0.0003,512,unreconciled,468,2017-02-01,1.049254604275847,1.0187038235799772,17.721811448907168,2.515904008296498,96.28399848937988
Labour,LORA,92111,0.0003,512,unreconciled,469,2017-03-01,0.9712522194978146,0.9602598222698135,15.290502153827541,2.5799108611212835,106.29373550415039
Labour,LORA,92111,0.0003,512,unreconciled,470,2017-04-01,0.9893291755607612,0.9684365205314487,16.005622136648302,2.3676657272361177,82.36025428771973
Labour,LORA,92111,0.0003,512,unreconciled,471,2017-05-01,0.9554069223708729,1.0276661900924102,15.528397203301012,2.3942614731035734,80.09494400024414
Labour,LORA,92111,0.0003,512,unreconciled,472,2017-06-01,0.8076980151523583,0.932956162072317,12.642549640981184,2.4325428747991373,64.91842842102051
Labour,LORA,92111,0.0003,512,unreconciled,473,2017-07-01,0.8024087940637865,0.887740957479459,12.941523887759333,2.9989795071339747,84.74060535430908
Labour,LORA,92111,0.0003,512,unreconciled,474,2017-08-01,0.7922580057851251,0.8528368655715393,12.693968756041318,3.111188842539202,82.31584358215332
Labour,LORA,92111,0.0003,512,unreconciled,475,2017-09-01,0.7999678319539041,0.8210175929413575,13.128169328832186,3.1697710773401093,92.03887176513672
Labour,LORA,92111,0.0003,512,unreconciled,476,2017-10-01,0.6905562973171214,0.8271550777412731,10.982441976907433,2.7473052677355314,56.08269691467285
Labour,LORA,92111,0.0003,512,unreconciled,477,2017-11-01,0.7359033771265939,0.8806261537032196,11.509707923375942,2.860305659255089,82.25485515594482
Labour,LORA,92111,0.0003,512,unreconciled,478,2017-12-01,0.6923007231749219,0.8864945744215627,10.740865104011776,2.8891217903784145,84.5057373046875
Labour,LORA,92111,0.0003,512,unreconciled,479,2018-01-01,0.6827853339022455,0.9601342350395923,9.542459146059093,3.59577659138462,106.84049892425537
Labour,LORA,92111,0.0003,512,unreconciled,480,2018-02-01,0.805709956239083,1.0461259146914053,13.205378539727125,2.9100311806327417,87.20726203918457
Labour,LORA,92111,0.0003,512,unreconciled,481,2018-03-01,0.6859677139106979,1.0330161212446831,9.725567971823715,2.4024374917236684,52.855008125305176
Labour,LORA,92111,0.0003,512,unreconciled,482,2018-04-01,0.7410039961487132,1.0792978823001915,11.006697327291933,2.6126890475289866,51.82999801635742
Labour,LORA,92111,0.0003,512,unreconciled,483,2018-05-01,0.7394963055272208,1.0839591831466313,11.033013277289802,2.4977134501027782,77.61717700958252
Labour,LORA,92111,0.0003,512,unreconciled,484,2018-06-01,0.75280881620157,1.1097579100927764,11.122462590114257,2.0502930454343384,52.141011238098145
Labour,LORA,92111,0.0003,512,unreconciled,485,2018-07-01,0.7991817033082309,1.1523973393944171,11.539482400143772,2.1406468201799003,50.83513259887695
Labour,LORA,92111,0.0003,512,unreconciled,486,2018-08-01,0.8370660113153695,1.118018334063144,12.251354939129408,2.305058405413265,82.02563190460205
Labour,LORA,92111,0.0003,512,unreconciled,487,2018-09-01,0.8709701326814244,1.0868040580170235,13.571584456157009,2.8994014542005218,104.87023544311523
Labour,LORA,92111,0.0003,512,unreconciled,488,2018-10-01,0.7843486077096391,0.9962692372093913,12.05900304563522,2.74590139640005,84.30725288391113
Labour,LORA,92111,0.0003,512,unreconciled,489,2018-11-01,0.8192406719868512,1.0651417632485338,12.780562527866945,3.073095876571031,111.57179069519043
Labour,LORA,92111,0.0003,512,unreconciled,490,2018-12-01,0.7723452747473954,1.0347080898235101,11.847483087289259,4.121138716301723,139.66386032104492
Labour,LORA,92111,0.0003,512,unreconciled,491,2019-01-01,0.6825893539669714,0.9392872760971108,9.738209265869953,3.889050094704879,145.59001445770264
Labour,LORA,92111,0.0003,512,bottom_up,455,2016-01-01,0.8189643200540294,1.0786410175597774,14.43392133402634,0.0,0.0
Labour,LORA,92111,0.0003,512,bottom_up,456,2016-02-01,0.7884132957144222,1.0653933304130674,14.220630058624643,0.0,0.0
Labour,LORA,92111,0.0003,512,bottom_up,457,2016-03-01,0.779721874483745,1.0455243314005345,13.322292141301098,0.0,0.0
Labour,LORA,92111,0.0003,512,bottom_up,458,2016-04-01,0.7444905622130606,0.9763136569097008,11.892286504079015,0.0,0.0
Labour,LORA,92111,0.0003,512,bottom_up,459,2016-05-01,0.6994795717332007,0.9594873323413105,11.1872443391747,0.0,0.0
Labour,LORA,92111,0.0003,512,bottom_up,460,2016-06-01,0.6659067622442278,0.9329639468253526,10.647187160921439,0.0,0.0
Labour,LORA,92111,0.0003,512,bottom_up,461,2016-07-01,0.5960829002277115,0.872160745853372,9.195130470533048,0.0,0.0
Labour,LORA,92111,0.0003,512,bottom_up,462,2016-08-01,0.6305236321379863,0.9214185529858208,9.75107641142642,0.0,0.0
Labour,LORA,92111,0.0003,512,bottom_up,463,2016-09-01,0.6576292462681257,0.9949944011544863,10.430624640417832,0.0,0.0
Labour,LORA,92111,0.0003,512,bottom_up,464,2016-10-01,0.7297673825330936,1.037228602829364,12.276896932908688,0.0,0.0
Labour,LORA,92111,0.0003,512,bottom_up,465,2016-11-01,0.760898303052836,1.0247128564264882,12.31651672394947,0.0,0.0
Labour,LORA,92111,0.0003,512,bottom_up,466,2016-12-01,0.7621730185090172,0.9587871942048833,12.3406181078763,0.0,0.0
Labour,LORA,92111,0.0003,512,bottom_up,467,2017-01-01,0.7700316739183162,0.9296769958931927,11.477008686621293,0.0,0.0
Labour,LORA,92111,0.0003,512,bottom_up,468,2017-02-01,0.9444125341098364,1.0187038235799772,15.827598560894192,0.0,0.0
Labour,LORA,92111,0.0003,512,bottom_up,469,2017-03-01,0.8680518525090437,0.9602598222698135,13.693595455373659,0.0,0.0
Labour,LORA,92111,0.0003,512,bottom_up,470,2017-04-01,0.89421179811317,0.9684365205314487,14.661193029467482,0.0,0.0
Labour,LORA,92111,0.0003,512,bottom_up,471,2017-05-01,0.8818143258286889,1.0276661900924102,14.594618574077007,0.0,0.0
Labour,LORA,92111,0.0003,512,bottom_up,472,2017-06-01,0.7511954891586907,0.932956162072317,11.53492983724896,0.0,0.0
Labour,LORA,92111,0.0003,512,bottom_up,473,2017-07-01,0.6945689571981946,0.887740957479459,11.081300012519256,0.0,0.0
Labour,LORA,92111,0.0003,512,bottom_up,474,2017-08-01,0.6758608258418073,0.8528368655715393,11.091326682855193,0.0,0.0
Labour,LORA,92111,0.0003,512,bottom_up,475,2017-09-01,0.681170935017821,0.8210175929413575,11.249751628841752,0.0,0.0
Labour,LORA,92111,0.0003,512,bottom_up,476,2017-10-01,0.6700133463246039,0.8271550777412731,10.340164816637682,0.0,0.0
Labour,LORA,92111,0.0003,512,bottom_up,477,2017-11-01,0.6666614373012829,0.8806261537032196,10.031141887750985,0.0,0.0
Labour,LORA,92111,0.0003,512,bottom_up,478,2017-12-01,0.6749028012560061,0.8864945744215627,9.715839190271456,0.0,0.0
Labour,LORA,92111,0.0003,512,bottom_up,479,2018-01-01,0.7358831769871754,0.9601342350395923,9.279802764932345,0.0,0.0
Labour,LORA,92111,0.0003,512,bottom_up,480,2018-02-01,0.83118865233589,1.0461259146914053,12.116549374327507,0.0,0.0
Labour,LORA,92111,0.0003,512,bottom_up,481,2018-03-01,0.7905081236985995,1.0330161212446831,10.521388350127392,0.0,0.0
Labour,LORA,92111,0.0003,512,bottom_up,482,2018-04-01,0.8277642993898753,1.0792978823001915,11.546134820357677,0.0,0.0
Labour,LORA,92111,0.0003,512,bottom_up,483,2018-05-01,0.8012134440668166,1.0839591831466313,11.058971981172334,0.0,0.0
Labour,LORA,92111,0.0003,512,bottom_up,484,2018-06-01,0.8258803633429657,1.1097579100927764,11.485842297875267,0.0,0.0
Labour,LORA,92111,0.0003,512,bottom_up,485,2018-07-01,0.8651289675154266,1.1523973393944171,11.58969904402009,0.0,0.0
Labour,LORA,92111,0.0003,512,bottom_up,486,2018-08-01,0.8676152199898645,1.118018334063144,11.70917286846435,0.0,0.0
Labour,LORA,92111,0.0003,512,bottom_up,487,2018-09-01,0.839863019271203,1.0868040580170235,12.373316585832356,0.0,0.0
Labour,LORA,92111,0.0003,512,bottom_up,488,2018-10-01,0.7814457585046757,0.9962692372093913,11.19385490116074,0.0,0.0
Labour,LORA,92111,0.0003,512,bottom_up,489,2018-11-01,0.7862106984723765,1.0651417632485338,11.642327641188169,0.0,0.0
Labour,LORA,92111,0.0003,512,bottom_up,490,2018-12-01,0.7476260195404887,1.0347080898235101,10.81002957350576,0.0,0.0
Labour,LORA,92111,0.0003,512,bottom_up,491,2019-01-01,0.6981219967116385,0.9392872760971108,9.720774844552686,0.0,0.0
Labour,LORA,92111,0.0003,512,mint_shrink,455,2016-01-01,0.6888956162752152,1.1348119590205354,12.603800908624914,2.793139339052277e-13,2.1827872842550278e-11
Labour,LORA,92111,0.0003,512,mint_shrink,456,2016-02-01,0.7279265209702657,1.1218930141334569,13.681867008172734,3.1090399910181343e-13,2.1827872842550278e-11
Labour,LORA,92111,0.0003,512,mint_shrink,457,2016-03-01,0.7141531046372449,1.0955064151897163,12.143504297356783,3.6154575110225914e-13,2.3646862246096134e-11
Labour,LORA,92111,0.0003,512,mint_shrink,458,2016-04-01,0.6608535944639505,0.9654238434874031,10.13513699693344,2.96942457627229e-13,2.7284841053187847e-11
Labour,LORA,92111,0.0003,512,mint_shrink,459,2016-05-01,0.6936147335145236,1.0167735332375076,10.730041988539906,2.588183079161242e-13,1.6370904631912708e-11
Labour,LORA,92111,0.0003,512,mint_shrink,460,2016-06-01,0.6946281271801535,1.0245818719419209,10.485397781024316,3.2136476715605934e-13,2.546585164964199e-11
Labour,LORA,92111,0.0003,512,mint_shrink,461,2016-07-01,0.6970966567791856,0.9751763514747493,10.253757653968263,3.7747063434670705e-13,3.456079866737127e-11
Labour,LORA,92111,0.0003,512,mint_shrink,462,2016-08-01,0.7660396681907549,1.037570879957,10.950722178648864,3.0370507927898083e-13,2.546585164964199e-11
Labour,LORA,92111,0.0003,512,mint_shrink,463,2016-09-01,0.8549298543158103,1.1320257197175256,11.971902925775842,2.9185231229795345e-13,2.000888343900442e-11
Labour,LORA,92111,0.0003,512,mint_shrink,464,2016-10-01,0.9597935191154976,1.207819542789271,15.019409016306914,2.8908909054777525e-13,2.3646862246096134e-11
Labour,LORA,92111,0.0003,512,mint_shrink,465,2016-11-01,1.0202955940774778,1.212015200370733,15.623579460177499,2.37263100654396e-13,1.2732925824820995e-11
Labour,LORA,92111,0.0003,512,mint_shrink,466,2016-12-01,1.021501404053262,1.1540878965931798,15.849947924390777,3.49256685950151e-13,2.3646862246096134e-11
Labour,LORA,92111,0.0003,512,mint_shrink,467,2017-01-01,0.9442439337853226,1.058871101560574,14.032629658946869,3.1031188015534666e-13,2.7284841053187847e-11
Labour,LORA,92111,0.0003,512,mint_shrink,468,2017-02-01,1.1753579408062342,1.213450361897582,19.24051510727678,3.9146333997636867e-13,3.2741809263825417e-11
Labour,LORA,92111,0.0003,512,mint_shrink,469,2017-03-01,1.0827003787000122,1.1159754052460729,16.737616059269403,3.365313226269621e-13,2.3646862246096134e-11
Labour,LORA,92111,0.0003,512,mint_shrink,470,2017-04-01,1.1032135906048102,1.1039635106658467,17.68413464268827,2.87208853191451e-13,2.000888343900442e-11
Labour,LORA,92111,0.0003,512,mint_shrink,471,2017-05-01,1.0954307336442517,1.1680230561279423,17.687843414471924,4.017059589450742e-13,3.2741809263825417e-11
Labour,LORA,92111,0.0003,512,mint_shrink,472,2017-06-01,0.9784421534889639,1.0995270642468635,15.017591126960568,3.2392022787238955e-13,2.546585164964199e-11
Labour,LORA,92111,0.0003,512,mint_shrink,473,2017-07-01,0.9244530575741334,1.038749025827232,14.21135110351473,2.289942115072463e-13,2.000888343900442e-11
Labour,LORA,92111,0.0003,512,mint_shrink,474,2017-08-01,0.9094764172394962,1.0552127240858862,13.828647387806958,3.277534189468848e-13,2.1827872842550278e-11
Labour,LORA,92111,0.0003,512,mint_shrink,475,2017-09-01,0.9426358856515278,1.0463469076095016,14.82389566817516,4.2158868988432613e-13,4.547473508864641e-11
Labour,LORA,92111,0.0003,512,mint_shrink,476,2017-10-01,0.8363967129567083,1.0623089623704076,12.836324476432802,3.848773152033876e-13,3.8198777474462986e-11
Labour,LORA,92111,0.0003,512,mint_shrink,477,2017-11-01,0.8654969468843088,1.1219865354927285,13.219857415047501,3.111637003941234e-13,2.3646862246096134e-11
Labour,LORA,92111,0.0003,512,mint_shrink,478,2017-12-01,0.8117792983161383,1.0811048462353938,12.306257376153788,3.635298689755074e-13,2.9103830456733704e-11
Labour,LORA,92111,0.0003,512,mint_shrink,479,2018-01-01,0.70858398909085,1.0370104204565513,9.244241582547742,3.3103604328168295e-13,3.092281986027956e-11
Labour,LORA,92111,0.0003,512,mint_shrink,480,2018-02-01,0.8928063087472204,1.140417943925341,14.022819693435604,3.258524054871758e-13,2.7284841053187847e-11
Labour,LORA,92111,0.0003,512,mint_shrink,481,2018-03-01,0.7487845519514702,1.0625324611952658,10.216223688815566,2.618723951136896e-13,1.4551915228366852e-11
Labour,LORA,92111,0.0003,512,mint_shrink,482,2018-04-01,0.8080290763621696,1.1498215901933253,12.250575571037773,3.1334519124952724e-13,2.000888343900442e-11
Labour,LORA,92111,0.0003,512,mint_shrink,483,2018-05-01,0.767900557957734,1.1336822060706369,11.650783833639029,4.1170965272485453e-13,2.9103830456733704e-11
Labour,LORA,92111,0.0003,512,mint_shrink,484,2018-06-01,0.7881547045251016,1.1540848760986433,12.378755213807382,4.1129413065715855e-13,2.9103830456733704e-11
Labour,LORA,92111,0.0003,512,mint_shrink,485,2018-07-01,0.7929994345511627,1.1670679221361082,11.62393569298687,3.6881738728693853e-13,2.9103830456733704e-11
Labour,LORA,92111,0.0003,512,mint_shrink,486,2018-08-01,0.8179738014887712,1.1160517839365174,12.211424429231021,3.589279620757746e-13,2.3646862246096134e-11
Labour,LORA,92111,0.0003,512,mint_shrink,487,2018-09-01,0.8432688828498178,1.123268296818758,13.48987375578817,2.6759621159620146e-13,2.3646862246096134e-11
Labour,LORA,92111,0.0003,512,mint_shrink,488,2018-10-01,0.7985806140006618,1.0397283801473312,12.25233549992546,3.6282348146042427e-13,2.9103830456733704e-11
Labour,LORA,92111,0.0003,512,mint_shrink,489,2018-11-01,0.7813036712411824,1.0468993111315767,12.25740168037234,3.5209262406217597e-13,2.546585164964199e-11
Labour,LORA,92111,0.0003,512,mint_shrink,490,2018-12-01,0.7748631420855288,1.0464272147270641,11.640965785090737,3.3524320421710457e-13,3.2741809263825417e-11
Labour,LORA,92111,0.0003,512,mint_shrink,491,2019-01-01,0.7145610027391432,0.9394928547257102,9.531191651310998,3.3939842489406423e-13,3.092281986027956e-11
Labour,LORA,92111,0.0003,512,ols,455,2016-01-01,0.7073201610660961,1.0748679933801495,12.400139041331503,5.677070249896122e-13,4.001776687800884e-11
Labour,LORA,92111,0.0003,512,ols,456,2016-02-01,0.7299829087795167,1.0463845993683256,13.825780323723608,5.285960103677295e-13,3.637978807091713e-11
Labour,LORA,92111,0.0003,512,ols,457,2016-03-01,0.6958939389862667,1.043709904525755,12.369874759812264,7.986022499565676e-13,7.275957614183426e-11
Labour,LORA,92111,0.0003,512,ols,458,2016-04-01,0.6595275736775819,0.9516517867166181,10.946763258541525,5.599367623236976e-13,7.639755494892597e-11
Labour,LORA,92111,0.0003,512,ols,459,2016-05-01,0.6850663075797068,0.9524142389571989,11.090447779613909,6.709954229671368e-13,7.09405867382884e-11
Labour,LORA,92111,0.0003,512,ols,460,2016-06-01,0.6561707170154311,0.9205156536174384,10.517362672700976,7.694949291144652e-13,6.002665031701326e-11
Labour,LORA,92111,0.0003,512,ols,461,2016-07-01,0.6986416502760621,0.9246633677245134,10.030719355370788,7.789480561545484e-13,7.639755494892597e-11
Labour,LORA,92111,0.0003,512,ols,462,2016-08-01,0.732443764095176,0.9781349644742501,10.764683225236046,5.187585254150275e-13,4.001776687800884e-11
Labour,LORA,92111,0.0003,512,ols,463,2016-09-01,0.8624498817614178,1.0774556540837987,12.58853506500409,5.501719937328425e-13,5.275069270282984e-11
Labour,LORA,92111,0.0003,512,ols,464,2016-10-01,0.9157255864013922,1.094162652980882,14.394934766948223,6.260774874492029e-13,6.184563972055912e-11
Labour,LORA,92111,0.0003,512,ols,465,2016-11-01,0.934712262786183,1.0999184448492434,14.010588996844378,6.916364816799337e-13,7.09405867382884e-11
Labour,LORA,92111,0.0003,512,ols,466,2016-12-01,0.9461178675755102,1.020954235960812,14.541157100431066,8.544172516998281e-13,7.275957614183426e-11
Labour,LORA,92111,0.0003,512,ols,467,2017-01-01,0.8602592339226204,0.958689202225436,12.911190560744034,7.952676853633074e-13,8.731149137020111e-11
Labour,LORA,92111,0.0003,512,ols,468,2017-02-01,1.064661981045543,1.0480240153209817,17.96822995276421,6.023407893320708e-13,7.275957614183426e-11
Labour,LORA,92111,0.0003,512,ols,469,2017-03-01,1.0030695610306115,1.0046617920672625,15.736772761246957,6.53304570934981e-13,8.003553375601768e-11
Labour,LORA,92111,0.0003,512,ols,470,2017-04-01,1.0215383172168655,0.9998124058161402,16.41217765548768,7.474826475782715e-13,7.457856554538012e-11
Labour,LORA,92111,0.0003,512,ols,471,2017-05-01,0.977976979229219,1.0205298258036788,15.880652721830403,7.237563375128318e-13,7.821654435247183e-11
Labour,LORA,92111,0.0003,512,ols,472,2017-06-01,0.8005061184371387,0.9086119086541344,12.67222587221923,7.301449893036573e-13,8.36735125631094e-11
Labour,LORA,92111,0.0003,512,ols,473,2017-07-01,0.8051348622185125,0.90074392370876,13.13324213703463,7.763718193348334e-13,5.820766091346741e-11
Labour,LORA,92111,0.0003,512,ols,474,2017-08-01,0.7817126908089213,0.880558203702479,12.70714787482178,7.951430287429986e-13,8.549250196665525e-11
Labour,LORA,92111,0.0003,512,ols,475,2017-09-01,0.8137948717280297,0.8546627657573256,13.339545178585883,6.861931425931167e-13,6.002665031701326e-11
Labour,LORA,92111,0.0003,512,ols,476,2017-10-01,0.6900132311851775,0.8225703402443885,10.915410000881867,7.665135582787466e-13,6.730260793119669e-11
Labour,LORA,92111,0.0003,512,ols,477,2017-11-01,0.7391787666849019,0.9047860721894886,11.658940233284472,8.76512637649561e-13,1.0732037480920553e-10
Labour,LORA,92111,0.0003,512,ols,478,2017-12-01,0.6882355301062667,0.895089780377714,10.833432904121153,5.494759942694518e-13,4.9112713895738125e-11
Labour,LORA,92111,0.0003,512,ols,479,2018-01-01,0.639752051248772,0.9146644358443667,9.473904492539845,7.122671523410385e-13,8.549250196665525e-11
Labour,LORA,92111,0.0003,512,ols,480,2018-02-01,0.7815310257785628,1.001781772498792,13.279323840717126,6.283940229766079e-13,7.821654435247183e-11
Labour,LORA,92111,0.0003,512,ols,481,2018-03-01,0.6740813465354164,0.9488865508329333,9.48795395423751,8.751829670329339e-13,8.003553375601768e-11
Labour,LORA,92111,0.0003,512,ols,482,2018-04-01,0.7224436429947829,1.0155836511420104,10.791353779643162,7.415510700619116e-13,8.36735125631094e-11
Labour,LORA,92111,0.0003,512,ols,483,2018-05-01,0.7028581082266034,1.0341412214340542,10.971409302986778,5.940822882366136e-13,5.638867150992155e-11
Labour,LORA,92111,0.0003,512,ols,484,2018-06-01,0.7469857973968344,1.0903745481222167,11.089311605108028,7.996722192808847e-13,1.0550138540565968e-10
Labour,LORA,92111,0.0003,512,ols,485,2018-07-01,0.8034223570358494,1.114995240798635,11.548140877200476,6.052494438059427e-13,6.912159733474255e-11
Labour,LORA,92111,0.0003,512,ols,486,2018-08-01,0.8049000818759918,1.0972745754621376,12.253126850914652,6.407558044905629e-13,8.549250196665525e-11
Labour,LORA,92111,0.0003,512,ols,487,2018-09-01,0.8512673563691588,1.0999071822015587,13.777646998472857,8.03972872681538e-13,1.000444171950221e-10
Labour,LORA,92111,0.0003,512,ols,488,2018-10-01,0.774651004843784,1.0131930286767201,12.095099705422886,8.238244394657127e-13,7.639755494892597e-11
Labour,LORA,92111,0.0003,512,ols,489,2018-11-01,0.8113117148976625,1.0879585788308281,12.914519460499125,8.604423216814196e-13,1.5825207810848951e-10
Labour,LORA,92111,0.0003,512,ols,490,2018-12-01,0.8026880601846236,1.109552849151474,12.223281820144164,5.94612078872926e-13,6.366462912410498e-11
Labour,LORA,92111,0.0003,512,ols,491,2019-01-01,0.736027134293249,1.0477451067459003,9.982501543040675,6.522865418691258e-13,1.1095835361629725e-10
Labour,LORA_SELF,92111,0.0003,512,unreconciled,455,2016-01-01,0.6963722920729208,1.0788327440875012,12.53137700959737,3.3205449358064527,108.48197937011719
Labour,LORA_SELF,92111,0.0003,512,unreconciled,456,2016-02-01,0.7252859267756018,1.064953951781822,13.898178682387247,2.8065841184024922,84.60718536376953
Labour,LORA_SELF,92111,0.0003,512,unreconciled,457,2016-03-01,0.7010862025703821,1.0459917578484166,12.461382600270245,2.9858734956261705,70.47355556488037
Labour,LORA_SELF,92111,0.0003,512,unreconciled,458,2016-04-01,0.6724249882071501,0.9771646445567623,11.022871382967065,2.7173984315660267,69.8908576965332
Labour,LORA_SELF,92111,0.0003,512,unreconciled,459,2016-05-01,0.6793152467899637,0.9609700339451099,11.112880250238762,2.6678324198862264,101.45079803466797
Labour,LORA_SELF,92111,0.0003,512,unreconciled,460,2016-06-01,0.6575457966643109,0.9341091822534989,10.58099112948025,2.5176411051499215,78.60795593261719
Labour,LORA_SELF,92111,0.0003,512,unreconciled,461,2016-07-01,0.6514569456159736,0.8728793713207461,9.864147639023013,2.932548393282974,109.06693649291992
Labour,LORA_SELF,92111,0.0003,512,unreconciled,462,2016-08-01,0.7001533614489274,0.922934440962115,10.607463382511916,3.1504579106269524,98.0566349029541
Labour,LORA_SELF,92111,0.0003,512,unreconciled,463,2016-09-01,0.7978291176843868,0.994934048186441,12.191038090843984,3.1040327981201528,118.85003852844238
Labour,LORA_SELF,92111,0.0003,512,unreconciled,464,2016-10-01,0.8455949585399527,1.036712371063934,13.909532368329943,2.8224938055228073,100.52009296417236
Labour,LORA_SELF,92111,0.0003,512,unreconciled,465,2016-11-01,0.8531476912431148,1.024423685375188,13.422591883115382,2.610813358373809,95.6365098953247
Labour,LORA_SELF,92111,0.0003,512,unreconciled,466,2016-12-01,0.8771171453770029,0.9583485604047541,14.052406889513177,2.8438406297337937,103.23354721069336
Labour,LORA_SELF,92111,0.0003,512,unreconciled,467,2017-01-01,0.8340582116804284,0.9295920145823158,12.651246645079855,2.6230703250706546,79.53644943237305
Labour,LORA_SELF,92111,0.0003,512,unreconciled,468,2017-02-01,1.048388918901918,1.0176736193708498,17.684415648754563,2.5565937792348583,99.23172569274902
Labour,LORA_SELF,92111,0.0003,512,unreconciled,469,2017-03-01,0.9702918484674878,0.9594310486871923,15.265812541588474,2.6046656711756833,107.1669750213623
Labour,LORA_SELF,92111,0.0003,512,unreconciled,470,2017-04-01,0.988052860162421,0.9681298235225013,15.96976612811864,2.3741266155800624,83.4910831451416
Labour,LORA_SELF,92111,0.0003,512,unreconciled,471,2017-05-01,0.9557924665215322,1.0276781095913208,15.528326613276208,2.4004759175038477,81.19348907470703
Labour,LORA_SELF,92111,0.0003,512,unreconciled,472,2017-06-01,0.8071690491224863,0.9327760681403297,12.62901092066622,2.444997144721405,65.93635368347168
Labour,LORA_SELF,92111,0.0003,512,unreconciled,473,2017-07-01,0.8027739525011452,0.8871516442564685,12.942309296179488,3.0416919515843976,86.28202724456787
Labour,LORA_SELF,92111,0.0003,512,unreconciled,474,2017-08-01,0.7921813167462131,0.8525345487047955,12.693650510585869,3.147552569707235,83.96113204956055
Labour,LORA_SELF,92111,0.0003,512,unreconciled,475,2017-09-01,0.7997407787215788,0.8208574079955168,13.119193294027797,3.1754907000134565,93.165940284729
Labour,LORA_SELF,92111,0.0003,512,unreconciled,476,2017-10-01,0.689551837880241,0.8269120515835658,10.951074568249794,2.7553467443811965,57.744818687438965
Labour,LORA_SELF,92111,0.0003,512,unreconciled,477,2017-11-01,0.7357776112094224,0.8806342036103967,11.50401263474338,2.8811346327352245,83.28941345214844
Labour,LORA_SELF,92111,0.0003,512,unreconciled,478,2017-12-01,0.6941551865619056,0.8871592269133857,10.777674276262108,2.919037682271143,86.35304641723633
Labour,LORA_SELF,92111,0.0003,512,unreconciled,479,2018-01-01,0.6840670253160481,0.9606267943784366,9.57607407353505,3.6337458599380583,108.71022033691406
Labour,LORA_SELF,92111,0.0003,512,unreconciled,480,2018-02-01,0.8039283355168242,1.045902364780948,13.156639848189007,2.9174835472776177,87.66226482391357
Labour,LORA_SELF,92111,0.0003,512,unreconciled,481,2018-03-01,0.6852051092071625,1.0333921467872464,9.706303444734333,2.3981766909883735,53.89081382751465
Labour,LORA_SELF,92111,0.0003,512,unreconciled,482,2018-04-01,0.7397852589376381,1.080351720051552,10.968362120363961,2.60865925348293,52.436662673950195
Labour,LORA_SELF,92111,0.0003,512,unreconciled,483,2018-05-01,0.7396422268001069,1.0843856398495668,11.033867245425418,2.49987352521796,78.86124229431152
Labour,LORA_SELF,92111,0.0003,512,unreconciled,484,2018-06-01,0.7519807631751066,1.109564547733627,11.105799267660903,2.0534028003090308,53.37815475463867
Labour,LORA_SELF,92111,0.0003,512,unreconciled,485,2018-07-01,0.7993789396626475,1.1525235163494387,11.536304151149745,2.154084074566936,52.410770416259766
Labour,LORA_SELF,92111,0.0003,512,unreconciled,486,2018-08-01,0.8360007266887421,1.1173673211034156,12.229351064624703,2.3237250255562407,82.50944709777832
Labour,LORA_SELF,92111,0.0003,512,unreconciled,487,2018-09-01,0.8707110819160641,1.0862841898045112,13.56152332736221,2.9321289815400777,107.00382995605469
Labour,LORA_SELF,92111,0.0003,512,unreconciled,488,2018-10-01,0.7831635419396201,0.9952927999557506,12.035977625438436,2.7537741535588314,84.93853759765625
Labour,LORA_SELF,92111,0.0003,512,unreconciled,489,2018-11-01,0.8183949690728332,1.0634812626349657,12.762629284983285,3.0761309618141217,111.97545528411865
Labour,LORA_SELF,92111,0.0003,512,unreconciled,490,2018-12-01,0.7736454588589701,1.0344380567192728,11.877660095571354,4.148162746987148,140.68314266204834
Labour,LORA_SELF,92111,0.0003,512,unreconciled,491,2019-01-01,0.6832216738958685,0.9390845552209889,9.75942314871779,3.93043019060503,147.55169773101807
Labour,LORA_SELF,92111,0.0003,512,bottom_up,455,2016-01-01,0.8201801491659295,1.0788327440875012,14.504291468173585,0.0,0.0
Labour,LORA_SELF,92111,0.0003,512,bottom_up,456,2016-02-01,0.7871392242174324,1.064953951781822,14.204842920048247,0.0,0.0
Labour,LORA_SELF,92111,0.0003,512,bottom_up,457,2016-03-01,0.7804772433056875,1.0459917578484166,13.344345090236088,0.0,0.0
Labour,LORA_SELF,92111,0.0003,512,bottom_up,458,2016-04-01,0.7449148206697922,0.9771646445567623,11.910568205029167,0.0,0.0
Labour,LORA_SELF,92111,0.0003,512,bottom_up,459,2016-05-01,0.6991896313777576,0.9609700339451099,11.19570467862829,0.0,0.0
Labour,LORA_SELF,92111,0.0003,512,bottom_up,460,2016-06-01,0.6663189477134663,0.9341091822534989,10.65533355182124,0.0,0.0
Labour,LORA_SELF,92111,0.0003,512,bottom_up,461,2016-07-01,0.5956948278288476,0.8728793713207461,9.183567378585726,0.0,0.0
Labour,LORA_SELF,92111,0.0003,512,bottom_up,462,2016-08-01,0.6296356398999899,0.922934440962115,9.720729013863329,0.0,0.0
Labour,LORA_SELF,92111,0.0003,512,bottom_up,463,2016-09-01,0.6551327975581633,0.994934048186441,10.369106056888295,0.0,0.0
Labour,LORA_SELF,92111,0.0003,512,bottom_up,464,2016-10-01,0.7266996764496998,1.036712371063934,12.200892465931991,0.0,0.0
Labour,LORA_SELF,92111,0.0003,512,bottom_up,465,2016-11-01,0.7588332674740217,1.024423685375188,12.260664525488128,0.0,0.0
Labour,LORA_SELF,92111,0.0003,512,bottom_up,466,2016-12-01,0.7593674587205108,0.9583485604047541,12.272998692124625,0.0,0.0
Labour,LORA_SELF,92111,0.0003,512,bottom_up,467,2017-01-01,0.7673606676087666,0.9295920145823158,11.419270373406825,0.0,0.0
Labour,LORA_SELF,92111,0.0003,512,bottom_up,468,2017-02-01,0.940641681779685,1.0176736193708498,15.728474569087002,0.0,0.0
Labour,LORA_SELF,92111,0.0003,512,bottom_up,469,2017-03-01,0.8652757193932565,0.9594310486871923,13.62164937201377,0.0,0.0
Labour,LORA_SELF,92111,0.0003,512,bottom_up,470,2017-04-01,0.8924672227134107,0.9681298235225013,14.61241554259129,0.0,0.0
Labour,LORA_SELF,92111,0.0003,512,bottom_up,471,2017-05-01,0.8806899725329085,1.0276781095913208,14.56528106753179,0.0,0.0
Labour,LORA_SELF,92111,0.0003,512,bottom_up,472,2017-06-01,0.7491258423300102,0.9327760681403297,11.495639754940948,0.0,0.0
Labour,LORA_SELF,92111,0.0003,512,bottom_up,473,2017-07-01,0.6928905591707761,0.8871516442564685,11.047472549650617,0.0,0.0
Labour,LORA_SELF,92111,0.0003,512,bottom_up,474,2017-08-01,0.6741384288491736,0.8525345487047955,11.037559297100048,0.0,0.0
Labour,LORA_SELF,92111,0.0003,512,bottom_up,475,2017-09-01,0.6806778595517039,0.8208574079955168,11.231103327732091,0.0,0.0
Labour,LORA_SELF,92111,0.0003,512,bottom_up,476,2017-10-01,0.668278586202818,0.8269120515835658,10.301403328233434,0.0,0.0
Labour,LORA_SELF,92111,0.0003,512,bottom_up,477,2017-11-01,0.6661588777821182,0.8806342036103967,10.015307763196079,0.0,0.0
Labour,LORA_SELF,92111,0.0003,512,bottom_up,478,2017-12-01,0.6747368545838759,0.8871592269133857,9.719802880727308,0.0,0.0
Labour,LORA_SELF,92111,0.0003,512,bottom_up,479,2018-01-01,0.7349045598009777,0.9606267943784366,9.273219618366019,0.0,0.0
Labour,LORA_SELF,92111,0.0003,512,bottom_up,480,2018-02-01,0.8292632832636859,1.045902364780948,12.06564862503173,0.0,0.0
Labour,LORA_SELF,92111,0.0003,512,bottom_up,481,2018-03-01,0.7884649160423456,1.0333921467872464,10.47464054016517,0.0,0.0
Labour,LORA_SELF,92111,0.0003,512,bottom_up,482,2018-04-01,0.8263465546068355,1.080351720051552,11.511318884297,0.0,0.0
Labour,LORA_SELF,92111,0.0003,512,bottom_up,483,2018-05-01,0.8007672910768783,1.0843856398495668,11.046614645568242,0.0,0.0
Labour,LORA_SELF,92111,0.0003,512,bottom_up,484,2018-06-01,0.8243940157303022,1.109564547733627,11.45729805821373,0.0,0.0
Labour,LORA_SELF,92111,0.0003,512,bottom_up,485,2018-07-01,0.864083479407089,1.1525235163494387,11.569520327237848,0.0,0.0
Labour,LORA_SELF,92111,0.0003,512,bottom_up,486,2018-08-01,0.8652529205954749,1.1173673211034156,11.666443791135377,0.0,0.0
Labour,LORA_SELF,92111,0.0003,512,bottom_up,487,2018-09-01,0.8372297398695171,1.0862841898045112,12.314324899886968,0.0,0.0
Labour,LORA_SELF,92111,0.0003,512,bottom_up,488,2018-10-01,0.7787064781445856,0.9952927999557506,11.134190353815912,0.0,0.0
Labour,LORA_SELF,92111,0.0003,512,bottom_up,489,2018-11-01,0.7847767904265506,1.0634812626349657,11.612421959782262,0.0,0.0
Labour,LORA_SELF,92111,0.0003,512,bottom_up,490,2018-12-01,0.7480915949507805,1.0344380567192728,10.830033647227806,0.0,0.0
Labour,LORA_SELF,92111,0.0003,512,bottom_up,491,2019-01-01,0.6987795325120757,0.9390845552209889,9.726091489633966,0.0,0.0
Labour,LORA_SELF,92111,0.0003,512,mint_shrink,455,2016-01-01,0.6899024174016826,1.1370392798498516,12.63282959974822,3.5713082913298954e-13,2.9103830456733704e-11
Labour,LORA_SELF,92111,0.0003,512,mint_shrink,456,2016-02-01,0.725986884565307,1.1220506547062845,13.646004252102006,4.2582701497482494e-13,2.9103830456733704e-11
Labour,LORA_SELF,92111,0.0003,512,mint_shrink,457,2016-03-01,0.7141202555012799,1.0959811325661,12.130228097651269,3.538482047981914e-13,4.18367562815547e-11
Labour,LORA_SELF,92111,0.0003,512,mint_shrink,458,2016-04-01,0.6600522873278702,0.9656506800872527,10.11452458613179,2.9172765567764465e-13,2.3646862246096134e-11
Labour,LORA_SELF,92111,0.0003,512,mint_shrink,459,2016-05-01,0.6938067612200216,1.0175461948605595,10.73182502108629,3.019079463361958e-13,2.546585164964199e-11
Labour,LORA_SELF,92111,0.0003,512,mint_shrink,460,2016-06-01,0.6942281435140764,1.025431575378657,10.486622350050283,3.410501251131557e-13,3.092281986027956e-11
Labour,LORA_SELF,92111,0.0003,512,mint_shrink,461,2016-07-01,0.6963731920192517,0.9759525339609553,10.257852969583354,3.294570594244383e-13,2.1827872842550278e-11
Labour,LORA_SELF,92111,0.0003,512,mint_shrink,462,2016-08-01,0.7646668648826642,1.038428662555422,10.929816807365386,3.052528989811483e-13,1.6370904631912708e-11
Labour,LORA_SELF,92111,0.0003,512,mint_shrink,463,2016-09-01,0.8526601237303211,1.1317533303224632,11.930429838346798,3.080472848864037e-13,3.637978807091713e-11
Labour,LORA_SELF,92111,0.0003,512,mint_shrink,464,2016-10-01,0.9566407105730417,1.2058032188584122,14.950726929021233,3.5086683396247284e-13,3.092281986027956e-11
Labour,LORA_SELF,92111,0.0003,512,mint_shrink,465,2016-11-01,1.0178497503021737,1.2109868895998324,15.566952688522093,2.5711466743857074e-13,1.8189894035458565e-11
Labour,LORA_SELF,92111,0.0003,512,mint_shrink,466,2016-12-01,1.0195189168232996,1.153177315690353,15.796825961452905,2.7069185100053643e-13,2.1827872842550278e-11
Labour,LORA_SELF,92111,0.0003,512,mint_shrink,467,2017-01-01,0.9419288187621525,1.0580430277732686,13.984848731008396,3.7737714188147545e-13,2.1827872842550278e-11
Labour,LORA_SELF,92111,0.0003,512,mint_shrink,468,2017-02-01,1.168634181629693,1.2091113373042195,19.099374256718352,3.300803425259822e-13,2.3646862246096134e-11
Labour,LORA_SELF,92111,0.0003,512,mint_shrink,469,2017-03-01,1.078869591430522,1.11436301970694,16.657889592101878,3.2809622465273397e-13,2.000888343900442e-11
Labour,LORA_SELF,92111,0.0003,512,mint_shrink,470,2017-04-01,1.0999340434007265,1.102856425952044,17.62519409685394,3.348484582527934e-13,1.8189894035458565e-11
Labour,LORA_SELF,92111,0.0003,512,mint_shrink,471,2017-05-01,1.0930153278542531,1.1681989560525048,17.635621159047087,3.120570728396697e-13,3.8198777474462986e-11
Labour,LORA_SELF,92111,0.0003,512,mint_shrink,472,2017-06-01,0.9737890472199605,1.098132308271154,14.932461543256837,4.192409902018439e-13,3.092281986027956e-11
Labour,LORA_SELF,92111,0.0003,512,mint_shrink,473,2017-07-01,0.9209596309480188,1.0374947569241504,14.154994439039939,3.6395577909489576e-13,2.546585164964199e-11
Labour,LORA_SELF,92111,0.0003,512,mint_shrink,474,2017-08-01,0.9050706457301104,1.0539774054852273,13.768815149293678,3.007860367534167e-13,3.2741809263825417e-11
Labour,LORA_SELF,92111,0.0003,512,mint_shrink,475,2017-09-01,0.9403686899504368,1.04655872139107,14.792468487263786,3.5950969297054896e-13,3.2741809263825417e-11
Labour,LORA_SELF,92111,0.0003,512,mint_shrink,476,2017-10-01,0.8328605897420005,1.0648599738443487,12.768813142411522,3.2131282689759735e-13,2.000888343900442e-11
Labour,LORA_SELF,92111,0.0003,512,mint_shrink,477,2017-11-01,0.8626606846423007,1.1217362271523785,13.165003290230818,3.242214813714691e-13,2.000888343900442e-11
Labour,LORA_SELF,92111,0.0003,512,mint_shrink,478,2017-12-01,0.8102948574105557,1.0810704357130752,12.293682781377361,3.3815185869097635e-13,2.546585164964199e-11
Labour,LORA_SELF,92111,0.0003,512,mint_shrink,479,2018-01-01,0.7067951246424008,1.0376663509580575,9.245005521040184,2.756885038645804e-13,1.8189894035458565e-11
Labour,LORA_SELF,92111,0.0003,512,mint_shrink,480,2018-02-01,0.8858257501221665,1.1384554139949101,13.901668965474203,3.0112884245926583e-13,2.000888343900442e-11
Labour,LORA_SELF,92111,0.0003,512,mint_shrink,481,2018-03-01,0.7435449655325,1.0628681655077403,10.134080386523426,2.833860501686481e-13,1.8189894035458565e-11
Labour,LORA_SELF,92111,0.0003,512,mint_shrink,482,2018-04-01,0.8023806688142341,1.1495906022066225,12.136470793287787,3.553544722935893e-13,2.9103830456733704e-11
Labour,LORA_SELF,92111,0.0003,512,mint_shrink,483,2018-05-01,0.7647165989791853,1.134687144825641,11.603655904317556,3.5935387219516296e-13,2.1827872842550278e-11
Labour,LORA_SELF,92111,0.0003,512,mint_shrink,484,2018-06-01,0.7843311083523019,1.1534550552904548,12.309136631391219,2.978150539693905e-13,2.1827872842550278e-11
Labour,LORA_SELF,92111,0.0003,512,mint_shrink,485,2018-07-01,0.7900923545471148,1.1667910350027086,11.590451432662965,2.9915511263771004e-13,3.8198777474462986e-11
Labour,LORA_SELF,92111,0.0003,512,mint_shrink,486,2018-08-01,0.8150091007997271,1.1153923065413158,12.167597489871167,3.9349939810807885e-13,3.092281986027956e-11
Labour,LORA_SELF,92111,0.0003,512,mint_shrink,487,2018-09-01,0.8400488540630617,1.122595468288231,13.437979571925487,2.7786999471998423e-13,2.1827872842550278e-11
Labour,LORA_SELF,92111,0.0003,512,mint_shrink,488,2018-10-01,0.7954358946727853,1.0387430692970838,12.183422821734545,4.407961974635721e-13,4.547473508864641e-11
Labour,LORA_SELF,92111,0.0003,512,mint_shrink,489,2018-11-01,0.7789122243790185,1.0442020269718713,12.20943018835613,3.020533790598894e-13,2.7284841053187847e-11
Labour,LORA_SELF,92111,0.0003,512,mint_shrink,490,2018-12-01,0.774419210429684,1.0459178050336928,11.649917308672658,3.020326029565046e-13,2.9103830456733704e-11
Labour,LORA_SELF,92111,0.0003,512,mint_shrink,491,2019-01-01,0.7133974801279821,0.938893774702861,9.52297766994214,5.070719672610785e-13,3.637978807091713e-11
Labour,LORA_SELF,92111,0.0003,512,ols,455,2016-01-01,0.7084332605095847,1.0775513090505267,12.420809302818935,6.611683260661271e-13,8.185452315956354e-11
Labour,LORA_SELF,92111,0.0003,512,ols,456,2016-02-01,0.7296827325049196,1.047392036547885,13.806811004052484,6.503439762026472e-13,6.002665031701326e-11
Labour,LORA_SELF,92111,0.0003,512,ols,457,2016-03-01,0.6966502890382547,1.0452270418956742,12.378989326505257,6.872007836072793e-13,5.638867150992155e-11
Labour,LORA_SELF,92111,0.0003,512,ols,458,2016-04-01,0.6599244785905771,0.9529413591466207,10.953888143750627,6.299522307304678e-13,5.638867150992155e-11
Labour,LORA_SELF,92111,0.0003,512,ols,459,2016-05-01,0.6862558190552069,0.9552041607903822,11.098520012997227,6.816120117967687e-13,7.09405867382884e-11
Labour,LORA_SELF,92111,0.0003,512,ols,460,2016-06-01,0.6559457693369319,0.922065631221447,10.523253001179146,6.626434294064478e-13,7.821654435247183e-11
Labour,LORA_SELF,92111,0.0003,512,ols,461,2016-07-01,0.699540195281013,0.9265792833271846,10.03276264809137,5.602899560812392e-13,4.547473508864641e-11
Labour,LORA_SELF,92111,0.0003,512,ols,462,2016-08-01,0.7309482321221242,0.9791754315962751,10.75039708089109,8.543029831312117e-13,7.275957614183426e-11
Labour,LORA_SELF,92111,0.0003,512,ols,463,2016-09-01,0.8632631265104374,1.078483103575184,12.582717687444529,4.91261352585247e-13,4.729372449219227e-11
Labour,LORA_SELF,92111,0.0003,512,ols,464,2016-10-01,0.9152835298643041,1.09418252141748,14.367221931900248,8.575440552592402e-13,7.639755494892597e-11
Labour,LORA_SELF,92111,0.0003,512,ols,465,2016-11-01,0.9346108932404827,1.099402956446705,14.003800790684373,9.580172912281245e-13,1.0368239600211382e-10
Labour,LORA_SELF,92111,0.0003,512,ols,466,2016-12-01,0.9491491939512929,1.0228623323408645,14.551343909935948,8.377340406818351e-13,8.36735125631094e-11
Labour,LORA_SELF,92111,0.0003,512,ols,467,2017-01-01,0.8614582228118751,0.9597669739265656,12.928041570773855,4.586013180643442e-13,4.18367562815547e-11
Labour,LORA_SELF,92111,0.0003,512,ols,468,2017-02-01,1.0644799999837586,1.0480884514369089,17.939287812454346,6.58145403023639e-13,5.638867150992155e-11
Labour,LORA_SELF,92111,0.0003,512,ols,469,2017-03-01,1.002008316234808,1.0040058154664988,15.711992302386278,5.535377224811798e-13,5.275069270282984e-11
Labour,LORA_SELF,92111,0.0003,512,ols,470,2017-04-01,1.02059097497408,0.9993150472874234,16.378198514427837,6.01613625713603e-13,7.09405867382884e-11
Labour,LORA_SELF,92111,0.0003,512,ols,471,2017-05-01,0.9787542692743021,1.0206494379783912,15.880151710745388,8.523708055164255e-13,6.912159733474255e-11
Labour,LORA_SELF,92111,0.0003,512,ols,472,2017-06-01,0.7999454085998576,0.9080497627236175,12.662422133912129,8.018329340329037e-13,7.09405867382884e-11
Labour,LORA_SELF,92111,0.0003,512,ols,473,2017-07-01,0.8068943178672352,0.9007960557836411,13.14687968628763,7.485526169025886e-13,7.09405867382884e-11
Labour,LORA_SELF,92111,0.0003,512,ols,474,2017-08-01,0.7829430560267705,0.8806295962951067,12.721793729813681,4.196772883729247e-13,4.547473508864641e-11
Labour,LORA_SELF,92111,0.0003,512,ols,475,2017-09-01,0.8147417981685792,0.8547657927379618,13.341544370093674,6.20717252775925e-13,6.548361852765083e-11
Labour,LORA_SELF,92111,0.0003,512,ols,476,2017-10-01,0.6898187633349837,0.8227364148603971,10.890549043731449,7.552217460891088e-13,1.0913936421275139e-10
Labour,LORA_SELF,92111,0.0003,512,ols,477,2017-11-01,0.7387322252841793,0.9046410309385762,11.649789569856736,6.018109986957585e-13,6.912159733474255e-11
Labour,LORA_SELF,92111,0.0003,512,ols,478,2017-12-01,0.6903669850496321,0.8966493277756808,10.877056497222206,5.737840352296657e-13,4.547473508864641e-11
Labour,LORA_SELF,92111,0.0003,512,ols,479,2018-01-01,0.6406061315296231,0.915565394168847,9.510741604879875,4.4612526798177285e-13,4.18367562815547e-11
Labour,LORA_SELF,92111,0.0003,512,ols,480,2018-02-01,0.7788537922173624,1.0009903196014935,13.230045207041984,9.589210517253634e-13,9.276845958083868e-11
Labour,LORA_SELF,92111,0.0003,512,ols,481,2018-03-01,0.6724381609610324,0.9490757350842399,9.471384045316555,5.986945831880388e-13,5.820766091346741e-11
Labour,LORA_SELF,92111,0.0003,512,ols,482,2018-04-01,0.7218340577357052,1.016922449102512,10.7569417891185,8.04990901747393e-13,9.458744898438454e-11
Labour,LORA_SELF,92111,0.0003,512,ols,483,2018-05-01,0.7023446807218165,1.0347243989625188,10.97279797144191,6.731457496674634e-13,6.730260793119669e-11
Labour,LORA_SELF,92111,0.0003,512,ols,484,2018-06-01,0.7449824672123977,1.08965218893979,11.070904818884049,5.355663930533293e-13,5.275069270282984e-11
Labour,LORA_SELF,92111,0.0003,512,ols,485,2018-07-01,0.8017498155252061,1.114298227467275,11.54107684177336,6.784436560305869e-13,7.275957614183426e-11
Labour,LORA_SELF,92111,0.0003,512,ols,486,2018-08-01,0.8029525678155269,1.0967630208560966,12.230038922828435,5.746046913133652e-13,9.640643838793039e-11
Labour,LORA_SELF,92111,0.0003,512,ols,487,2018-09-01,0.8504175529837622,1.0999752465285462,13.769395465711137,8.978912480325184e-13,1.000444171950221e-10
Labour,LORA_SELF,92111,0.0003,512,ols,488,2018-10-01,0.772983727183557,1.012686146805354,12.072315225163564,9.026593637593296e-13,7.639755494892597e-11
Labour,LORA_SELF,92111,0.0003,512,ols,489,2018-11-01,0.8101475541441526,1.0866310401877914,12.897404867855531,5.101779947171058e-13,4.9112713895738125e-11
Labour,LORA_SELF,92111,0.0003,512,ols,490,2018-12-01,0.8048793216164787,1.1110013534673175,12.26193052749471,8.067464824834084e-13,6.548361852765083e-11
Labour,LORA_SELF,92111,0.0003,512,ols,491,2019-01-01,0.7378809717008541,1.0492496980318702,10.010182533048443,7.120074510487285e-13,8.36735125631094e-11
Labour,LORA_POOL,92111,0.0003,256,unreconciled,455,2016-01-01,0.7615850649538843,1.0831879770165016,13.79674507300043,3.0144218812909043,100.29408645629883
Labour,LORA_POOL,92111,0.0003,256,unreconciled,456,2016-02-01,0.7031768654045096,1.0367497330380406,13.222603707315288,2.920192375517728,87.5779390335083
Labour,LORA_POOL,92111,0.0003,256,unreconciled,457,2016-03-01,0.7236795543539575,1.0579435797127388,12.604596729876652,3.282415661895484,92.5668716430664
Labour,LORA_POOL,92111,0.0003,256,unreconciled,458,2016-04-01,0.6868009045177591,0.9850395928746956,10.901940856181314,2.6727134512181867,77.41270732879639
Labour,LORA_POOL,92111,0.0003,256,unreconciled,459,2016-05-01,0.6806132131097327,0.9935766931181991,10.850470041432793,2.3555807244707965,99.9189338684082
Labour,LORA_POOL,92111,0.0003,256,unreconciled,460,2016-06-01,0.678193805992193,0.9663720416622115,10.924151369615593,2.2033841205619233,74.57828712463379
Labour,LORA_POOL,92111,0.0003,256,unreconciled,461,2016-07-01,0.6430841103182803,0.8956773888508344,9.704812891003701,2.5608187697784244,97.47253227233887
Labour,LORA_POOL,92111,0.0003,256,unreconciled,462,2016-08-01,0.6856095571061539,0.9810049523578065,10.248140888023773,2.955233500017757,102.65036869049072
Labour,LORA_POOL,92111,0.0003,256,unreconciled,463,2016-09-01,0.7608649537036927,1.0382523277418818,11.239974967590507,2.7908094807675012,102.47398948669434
Labour,LORA_POOL,92111,0.0003,256,unreconciled,464,2016-10-01,0.8087528749893415,1.0814984856898726,13.108122062444707,2.2523408605341326,81.54693794250488
Labour,LORA_POOL,92111,0.0003,256,unreconciled,465,2016-11-01,0.8248160231604449,1.0878425181609312,12.55967507075983,2.251210430212188,82.08933925628662
Labour,LORA_POOL,92111,0.0003,256,unreconciled,466,2016-12-01,0.7859089041584575,0.9828140013702646,12.085990267939586,2.512484730335704,89.27184772491455
Labour,LORA_POOL,92111,0.0003,256,unreconciled,467,2017-01-01,0.7640408195648496,0.9503604227124531,10.849206325279978,2.6689909508353784,83.15881729125977
Labour,LORA_POOL,92111,0.0003,256,unreconciled,468,2017-02-01,0.974786384592404,1.0363017260960188,15.612929820489006,2.426245523475067,78.6401538848877
Labour,LORA_POOL,92111,0.0003,256,unreconciled,469,2017-03-01,0.8929661123170906,0.9728148551201675,13.115735117650857,2.919774295293797,106.8964614868164
Labour,LORA_POOL,92111,0.0003,256,unreconciled,470,2017-04-01,0.8963576841512535,0.9649481864872089,13.565491018058879,2.4807743064144203,82.7788438796997
Labour,LORA_POOL,92111,0.0003,256,unreconciled,471,2017-05-01,0.8892917046753717,1.0619939943357044,13.571897855492209,2.505597394809388,82.9318962097168
Labour,LORA_POOL,92111,0.0003,256,unreconciled,472,2017-06-01,0.72825811903607,0.948447791059612,10.655814184070438,2.5901475496459425,71.01234436035156
Labour,LORA_POOL,92111,0.0003,256,unreconciled,473,2017-07-01,0.7085458154362492,0.8868955134536587,10.810531500551859,3.0306794866483813,94.29865837097168
Labour,LORA_POOL,92111,0.0003,256,unreconciled,474,2017-08-01,0.6578800848750695,0.8179044667983427,9.929161243364959,3.600659996445416,108.0084342956543
Labour,LORA_POOL,92111,0.0003,256,unreconciled,475,2017-09-01,0.6780183967962972,0.7924305087445669,10.287374792794582,3.587219591029206,111.94185829162598
Labour,LORA_POOL,92111,0.0003,256,unreconciled,476,2017-10-01,0.5940096268579004,0.8271718989177094,8.570885866195267,3.141684080425062,83.60543823242188
Labour,LORA_POOL,92111,0.0003,256,unreconciled,477,2017-11-01,0.6528259429164632,0.8990920523746516,9.407275146891356,3.2867107237988744,110.7857494354248
Labour,LORA_POOL,92111,0.0003,256,unreconciled,478,2017-12-01,0.5900044669280872,0.9007755381546408,8.07314808719254,3.0561621537682604,97.23336219787598
Labour,LORA_POOL,92111,0.0003,256,unreconciled,479,2018-01-01,0.6669663954673561,1.0055148266737872,8.670131169992139,3.7512504831392164,119.68206691741943
Labour,LORA_POOL,92111,0.0003,256,unreconciled,480,2018-02-01,0.7477374187232989,1.0689838069857478,10.985605529062303,3.335748725467258,107.98882293701172
Labour,LORA_POOL,92111,0.0003,256,unreconciled,481,2018-03-01,0.6565955589147561,1.0535279815194736,8.374776769485177,2.8645219482176487,69.25684928894043
Labour,LORA_POOL,92111,0.0003,256,unreconciled,482,2018-04-01,0.6989560855478233,1.1093706483062897,9.193482584244778,2.9172789994736164,65.35766983032227
Labour,LORA_POOL,92111,0.0003,256,unreconciled,483,2018-05-01,0.7007453561665974,1.123378937068968,9.53845613153998,2.767494161226596,89.36279296875
Labour,LORA_POOL,92111,0.0003,256,unreconciled,484,2018-06-01,0.7057175749998016,1.1580181158698943,9.384430075489323,2.0358142281136318,65.87569522857666
Labour,LORA_POOL,92111,0.0003,256,unreconciled,485,2018-07-01,0.7725527855054546,1.1942189512683323,9.726338812067821,2.1418137229674046,64.15931510925293
Labour,LORA_POOL,92111,0.0003,256,unreconciled,486,2018-08-01,0.7754180230505816,1.1375866383627637,10.138178100645314,2.777523942858155,101.33909702301025
Labour,LORA_POOL,92111,0.0003,256,unreconciled,487,2018-09-01,0.7772475841277902,1.0769072184722084,11.250609476051347,3.0507521740874353,115.2558183670044
Labour,LORA_POOL,92111,0.0003,256,unreconciled,488,2018-10-01,0.6954262610163806,0.9906416281536778,9.867362117106333,3.056691008004529,105.8366527557373
Labour,LORA_POOL,92111,0.0003,256,unreconciled,489,2018-11-01,0.7344369391513406,1.0568595004335526,10.936820451381417,3.47137142900835,127.53307437896729
Labour,LORA_POOL,92111,0.0003,256,unreconciled,490,2018-12-01,0.6771926630645941,1.0369829040190215,9.839867591886184,4.12132155546668,142.091965675354
Labour,LORA_POOL,92111,0.0003,256,unreconciled,491,2019-01-01,0.6469825549764182,0.9595179981180061,9.226250316883583,3.706127499976353,140.02677249908447
Labour,LORA_POOL,92111,0.0003,256,bottom_up,455,2016-01-01,0.9027555093511647,1.0831879770165016,16.324944052430446,0.0,0.0
Labour,LORA_POOL,92111,0.0003,256,bottom_up,456,2016-02-01,0.7783185755868214,1.0367497330380406,13.95565678910221,0.0,0.0
Labour,LORA_POOL,92111,0.0003,256,bottom_up,457,2016-03-01,0.8268830308676995,1.0579435797127388,14.30715811429097,0.0,0.0
Labour,LORA_POOL,92111,0.0003,256,bottom_up,458,2016-04-01,0.7763528996474072,0.9850395928746956,12.244059714275268,0.0,0.0
Labour,LORA_POOL,92111,0.0003,256,bottom_up,459,2016-05-01,0.7239658401159306,0.9935766931181991,11.32496625412715,0.0,0.0
Labour,LORA_POOL,92111,0.0003,256,bottom_up,460,2016-06-01,0.6925119500752083,0.9663720416622115,10.978256905869555,0.0,0.0
Labour,LORA_POOL,92111,0.0003,256,bottom_up,461,2016-07-01,0.6241320749114139,0.8956773888508344,9.507022606365911,0.0,0.0
Labour,LORA_POOL,92111,0.0003,256,bottom_up,462,2016-08-01,0.6531162767222723,0.9810049523578065,9.874478941477685,0.0,0.0
Labour,LORA_POOL,92111,0.0003,256,bottom_up,463,2016-09-01,0.6340916465878403,1.0382523277418818,9.69164558300977,0.0,0.0
Labour,LORA_POOL,92111,0.0003,256,bottom_up,464,2016-10-01,0.715716363598188,1.0814984856898726,11.75169298371867,0.0,0.0
Labour,LORA_POOL,92111,0.0003,256,bottom_up,465,2016-11-01,0.7377096751483792,1.0878425181609312,11.378083553610164,0.0,0.0
Labour,LORA_POOL,92111,0.0003,256,bottom_up,466,2016-12-01,0.7052069063509308,0.9828140013702646,10.65531082667852,0.0,0.0
Labour,LORA_POOL,92111,0.0003,256,bottom_up,467,2017-01-01,0.7318657352968927,0.9503604227124531,10.019155089355428,0.0,0.0
Labour,LORA_POOL,92111,0.0003,256,bottom_up,468,2017-02-01,0.8891602931974597,1.0363017260960188,13.887817219776801,0.0,0.0
Labour,LORA_POOL,92111,0.0003,256,bottom_up,469,2017-03-01,0.8007463310902626,0.9728148551201675,11.507219327284245,0.0,0.0
Labour,LORA_POOL,92111,0.0003,256,bottom_up,470,2017-04-01,0.808916238631402,0.9649481864872089,12.174243859989447,0.0,0.0
Labour,LORA_POOL,92111,0.0003,256,bottom_up,471,2017-05-01,0.8174952710438355,1.0619939943357044,12.488697617732846,0.0,0.0
Labour,LORA_POOL,92111,0.0003,256,bottom_up,472,2017-06-01,0.6840274342649874,0.948447791059612,9.981171300725567,0.0,0.0
Labour,LORA_POOL,92111,0.0003,256,bottom_up,473,2017-07-01,0.648916729182095,0.8868955134536587,9.988838540735967,0.0,0.0
Labour,LORA_POOL,92111,0.0003,256,bottom_up,474,2017-08-01,0.5852343357713375,0.8179044667983427,8.83732000254267,0.0,0.0
Labour,LORA_POOL,92111,0.0003,256,bottom_up,475,2017-09-01,0.5738061630699682,0.7924305087445669,8.492505475234644,0.0,0.0
Labour,LORA_POOL,92111,0.0003,256,bottom_up,476,2017-10-01,0.5925342352722549,0.8271718989177094,7.947865759624261,0.0,0.0
Labour,LORA_POOL,92111,0.0003,256,bottom_up,477,2017-11-01,0.6039476981004765,0.8990920523746516,7.960368966367923,0.0,0.0
Labour,LORA_POOL,92111,0.0003,256,bottom_up,478,2017-12-01,0.6405276777073302,0.9007755381546408,8.015543330772937,0.0,0.0
Labour,LORA_POOL,92111,0.0003,256,bottom_up,479,2018-01-01,0.8397503963409909,1.0055148266737872,10.517378900148811,0.0,0.0
Labour,LORA_POOL,92111,0.0003,256,bottom_up,480,2018-02-01,0.7637923849964037,1.0689838069857478,9.906841389313868,0.0,0.0
Labour,LORA_POOL,92111,0.0003,256,bottom_up,481,2018-03-01,0.7841970379353409,1.0535279815194736,9.4519215855437,0.0,0.0
Labour,LORA_POOL,92111,0.0003,256,bottom_up,482,2018-04-01,0.7829085603582489,1.1093706483062897,9.787536110561659,0.0,0.0
Labour,LORA_POOL,92111,0.0003,256,bottom_up,483,2018-05-01,0.7598886891915672,1.123378937068968,9.371856280046668,0.0,0.0
Labour,LORA_POOL,92111,0.0003,256,bottom_up,484,2018-06-01,0.7983367273272317,1.1580181158698943,9.834025229256532,0.0,0.0
Labour,LORA_POOL,92111,0.0003,256,bottom_up,485,2018-07-01,0.8622194829842634,1.1942189512683323,10.095543475187165,0.0,0.0
Labour,LORA_POOL,92111,0.0003,256,bottom_up,486,2018-08-01,0.8342580511219367,1.1375866383627637,9.733883861720168,0.0,0.0
Labour,LORA_POOL,92111,0.0003,256,bottom_up,487,2018-09-01,0.7627530898054764,1.0769072184722084,10.118992996017214,0.0,0.0
Labour,LORA_POOL,92111,0.0003,256,bottom_up,488,2018-10-01,0.7215221822311786,0.9906416281536778,9.211868995878739,0.0,0.0
Labour,LORA_POOL,92111,0.0003,256,bottom_up,489,2018-11-01,0.7446139404019205,1.0568595004335526,10.254571360617396,0.0,0.0
Labour,LORA_POOL,92111,0.0003,256,bottom_up,490,2018-12-01,0.7687643077572379,1.0369829040190215,10.55915458310678,0.0,0.0
Labour,LORA_POOL,92111,0.0003,256,bottom_up,491,2019-01-01,0.815522125439606,0.9595179981180061,11.276111679186183,0.0,0.0
Labour,LORA_POOL,92111,0.0003,256,mint_shrink,455,2016-01-01,0.7299881511110026,1.1014580125797393,13.673396265645078,3.7253630979281743e-13,3.456079866737127e-11
Labour,LORA_POOL,92111,0.0003,256,mint_shrink,456,2016-02-01,0.7501790878979493,1.1392330589978015,14.097363286976643,3.483529254529123e-13,3.8198777474462986e-11
Labour,LORA_POOL,92111,0.0003,256,mint_shrink,457,2016-03-01,0.7414321839608761,1.1329514227737336,12.836780292718155,3.585124400080786e-13,2.3646862246096134e-11
Labour,LORA_POOL,92111,0.0003,256,mint_shrink,458,2016-04-01,0.6768817387749362,0.9546219155447443,10.420413735828832,3.5607124786036485e-13,2.3646862246096134e-11
Labour,LORA_POOL,92111,0.0003,256,mint_shrink,459,2016-05-01,0.6886163533370977,1.0149078718349716,10.622323832386854,4.1643621624489617e-13,3.092281986027956e-11
Labour,LORA_POOL,92111,0.0003,256,mint_shrink,460,2016-06-01,0.7039811513657548,1.0453807486832802,10.875059277931888,3.4153836354269846e-13,2.3646862246096134e-11
Labour,LORA_POOL,92111,0.0003,256,mint_shrink,461,2016-07-01,0.7014284980230477,0.9949650565157666,10.455237367312533,2.6067776916906364e-13,1.4551915228366852e-11
Labour,LORA_POOL,92111,0.0003,256,mint_shrink,462,2016-08-01,0.7703384631230938,1.0753958473404035,11.161777367071664,3.3179437105522806e-13,2.7284841053187847e-11
Labour,LORA_POOL,92111,0.0003,256,mint_shrink,463,2016-09-01,0.8320892666146625,1.1417282751105935,11.614408979238641,3.5251853418156435e-13,2.7284841053187847e-11
Labour,LORA_POOL,92111,0.0003,256,mint_shrink,464,2016-10-01,0.9110286510708001,1.200744494851687,14.31893881323336,3.313165206773777e-13,3.637978807091713e-11
Labour,LORA_POOL,92111,0.0003,256,mint_shrink,465,2016-11-01,0.9871540293259706,1.2313225658050024,14.93586069380698,3.155162940532386e-13,2.1827872842550278e-11
Labour,LORA_POOL,92111,0.0003,256,mint_shrink,466,2016-12-01,0.945934421354397,1.1290241037249145,14.44638360334659,3.2253861699730043e-13,2.1827872842550278e-11
Labour,LORA_POOL,92111,0.0003,256,mint_shrink,467,2017-01-01,0.8662865594784535,1.046535892406259,12.348813051012561,2.8571297374774554e-13,2.000888343900442e-11
Labour,LORA_POOL,92111,0.0003,256,mint_shrink,468,2017-02-01,1.0951221584737374,1.1767453796416667,17.264813435955386,3.2772225479180764e-13,2.1827872842550278e-11
Labour,LORA_POOL,92111,0.0003,256,mint_shrink,469,2017-03-01,1.037566227061661,1.1132414438980494,15.313297849214552,4.1523120224857783e-13,4.001776687800884e-11
Labour,LORA_POOL,92111,0.0003,256,mint_shrink,470,2017-04-01,1.0278588288137602,1.0945584253599276,15.653257374436896,2.5986750113705654e-13,2.7284841053187847e-11
Labour,LORA_POOL,92111,0.0003,256,mint_shrink,471,2017-05-01,1.0430260594716505,1.2230307158693532,16.19245475742678,3.5302754871449187e-13,3.456079866737127e-11
Labour,LORA_POOL,92111,0.0003,256,mint_shrink,472,2017-06-01,0.8998745649478682,1.1256102801266459,13.444468534254455,3.303815960250618e-13,2.546585164964199e-11
Labour,LORA_POOL,92111,0.0003,256,mint_shrink,473,2017-07-01,0.821089095503902,1.0170420098987196,12.439222426994348,3.931046521437677e-13,3.456079866737127e-11
Labour,LORA_POOL,92111,0.0003,256,mint_shrink,474,2017-08-01,0.7849328237318398,0.9797187999692151,11.626027899600414,3.4244212403993716e-13,2.3646862246096134e-11
Labour,LORA_POOL,92111,0.0003,256,mint_shrink,475,2017-09-01,0.8134015905225245,0.9700806959587884,12.319092042391073,3.4655579251012723e-13,3.092281986027956e-11
Labour,LORA_POOL,92111,0.0003,256,mint_shrink,476,2017-10-01,0.7402881417206492,0.9996149476895628,11.110730981097268,3.5631017304929e-13,2.1827872842550278e-11
Labour,LORA_POOL,92111,0.0003,256,mint_shrink,477,2017-11-01,0.7816160548807196,1.070342458139999,11.524095752340221,3.7434383078729487e-13,3.092281986027956e-11
Labour,LORA_POOL,92111,0.0003,256,mint_shrink,478,2017-12-01,0.7043234605243278,1.0222415516926295,10.027337931112536,3.193390970760415e-13,2.1827872842550278e-11
Labour,LORA_POOL,92111,0.0003,256,mint_shrink,479,2018-01-01,0.676386879852066,0.9938895019393743,8.481600459457288,4.3430366515582266e-13,4.18367562815547e-11
Labour,LORA_POOL,92111,0.0003,256,mint_shrink,480,2018-02-01,0.8356560762678962,1.1188716649147716,12.17841004975949,3.335707278946283e-13,2.1827872842550278e-11
Labour,LORA_POOL,92111,0.0003,256,mint_shrink,481,2018-03-01,0.680487768571181,1.014543408015705,8.528622022945697,3.507006251353945e-13,2.000888343900442e-11
Labour,LORA_POOL,92111,0.0003,256,mint_shrink,482,2018-04-01,0.7416476272632802,1.1320760762572433,10.425187237041028,3.8429558430861327e-13,2.1827872842550278e-11
Labour,LORA_POOL,92111,0.0003,256,mint_shrink,483,2018-05-01,0.7212274698621979,1.1309520782397575,10.289618844944188,2.907615668702515e-13,1.8189894035458565e-11
Labour,LORA_POOL,92111,0.0003,256,mint_shrink,484,2018-06-01,0.741930767811952,1.1386204828780975,10.804963256847863,3.506590729286249e-13,3.2741809263825417e-11
Labour,LORA_POOL,92111,0.0003,256,mint_shrink,485,2018-07-01,0.7765453140580072,1.168233890032053,10.486276190019838,3.0335188552143925e-13,2.3646862246096134e-11
Labour,LORA_POOL,92111,0.0003,256,mint_shrink,486,2018-08-01,0.7795447634736923,1.0963684216649463,10.760279919619792,4.1367299449471797e-13,4.3655745685100555e-11
Labour,LORA_POOL,92111,0.0003,256,mint_shrink,487,2018-09-01,0.7566168067960748,1.0708563874081616,11.416125826117513,4.095489379728355e-13,3.637978807091713e-11
Labour,LORA_POOL,92111,0.0003,256,mint_shrink,488,2018-10-01,0.7199787798159701,0.990233663001254,10.760439965160952,3.562686208425204e-13,2.3646862246096134e-11
Labour,LORA_POOL,92111,0.0003,256,mint_shrink,489,2018-11-01,0.7142698126003766,1.0388650666096648,11.01150391236002,3.7148711657188513e-13,2.7284841053187847e-11
Labour,LORA_POOL,92111,0.0003,256,mint_shrink,490,2018-12-01,0.6895621951924751,1.0251006406828411,10.103610084798202,3.834957043282985e-13,2.546585164964199e-11
Labour,LORA_POOL,92111,0.0003,256,mint_shrink,491,2019-01-01,0.6559952521275334,0.8937647546468616,8.782518395474268,4.628915834133051e-13,3.637978807091713e-11
Labour,LORA_POOL,92111,0.0003,256,ols,455,2016-01-01,0.7557432595291214,1.0454734378162438,13.650579858349092,4.515374429135128e-13,4.9112713895738125e-11
Labour,LORA_POOL,92111,0.0003,256,ols,456,2016-02-01,0.7116474593470463,1.0156135542009792,13.077875102466715,5.488007709094458e-13,6.002665031701326e-11
Labour,LORA_POOL,92111,0.0003,256,ols,457,2016-03-01,0.7325756970315047,1.0645164024653768,12.544817290641438,5.888570982353368e-13,5.093170329928398e-11
Labour,LORA_POOL,92111,0.0003,256,ols,458,2016-04-01,0.679636584547899,0.9530903490691824,10.831686174609546,6.758258670041023e-13,8.913048077374697e-11
Labour,LORA_POOL,92111,0.0003,256,ols,459,2016-05-01,0.6870173499655773,0.9814107798783627,10.807944403434663,8.606916349220372e-13,1.1459633242338896e-10
Labour,LORA_POOL,92111,0.0003,256,ols,460,2016-06-01,0.6795101343127625,0.9582635600741218,10.901350450593396,7.295009300987286e-13,6.548361852765083e-11
Labour,LORA_POOL,92111,0.0003,256,ols,461,2016-07-01,0.6649513416880128,0.925814403558983,9.776078859674845,6.174554045445117e-13,6.002665031701326e-11
Labour,LORA_POOL,92111,0.0003,256,ols,462,2016-08-01,0.7007348908703017,1.0254395786667945,10.343041627490644,6.512269605965012e-13,5.638867150992155e-11
Labour,LORA_POOL,92111,0.0003,256,ols,463,2016-09-01,0.7913861374613852,1.088710340680993,11.419807214147019,6.188266273679083e-13,4.729372449219227e-11
Labour,LORA_POOL,92111,0.0003,256,ols,464,2016-10-01,0.8306447792654229,1.1016573780585657,13.278905850824794,7.390787137591205e-13,5.638867150992155e-11
Labour,LORA_POOL,92111,0.0003,256,ols,465,2016-11-01,0.866138174933484,1.1255420087972094,12.883456997579248,9.331690715799059e-13,8.913048077374697e-11
Labour,LORA_POOL,92111,0.0003,256,ols,466,2016-12-01,0.8082111754599726,0.9959983934995764,12.2722011350373,7.602391750565376e-13,9.640643838793039e-11
Labour,LORA_POOL,92111,0.0003,256,ols,467,2017-01-01,0.7713567132448236,0.9500430984316102,10.977396917176566,7.623375614984022e-13,9.458744898438454e-11
Labour,LORA_POOL,92111,0.0003,256,ols,468,2017-02-01,0.9752359783248886,1.0300376176764248,15.695912694403706,7.050059042080514e-13,6.366462912410498e-11
Labour,LORA_POOL,92111,0.0003,256,ols,469,2017-03-01,0.9185827716936356,0.9887681895934358,13.4365404349847,7.040709795557355e-13,7.821654435247183e-11
Labour,LORA_POOL,92111,0.0003,256,ols,470,2017-04-01,0.9205818704702913,0.9640039040678225,13.847342733456193,6.25090622538425e-13,6.730260793119669e-11
Labour,LORA_POOL,92111,0.0003,256,ols,471,2017-05-01,0.9032309439128006,1.0214123865860776,13.81230876160915,8.264733926472744e-13,8.36735125631094e-11
Labour,LORA_POOL,92111,0.0003,256,ols,472,2017-06-01,0.7063741062192639,0.8965335407006276,10.588550462706499,7.893672720020248e-13,6.548361852765083e-11
Labour,LORA_POOL,92111,0.0003,256,ols,473,2017-07-01,0.7032408640400755,0.8690893227594938,10.871925074007995,5.926383490513701e-13,7.639755494892597e-11
Labour,LORA_POOL,92111,0.0003,256,ols,474,2017-08-01,0.6831064192681128,0.8324158214086053,10.110463483861286,5.624402827815658e-13,5.093170329928398e-11
Labour,LORA_POOL,92111,0.0003,256,ols,475,2017-09-01,0.7252146879602699,0.8186997023574732,10.700371691907584,7.233408154451359e-13,9.276845958083868e-11
Labour,LORA_POOL,92111,0.0003,256,ols,476,2017-10-01,0.6079602767151008,0.8029366884787468,8.676173424522064,9.069184649532133e-13,8.003553375601768e-11
Labour,LORA_POOL,92111,0.0003,256,ols,477,2017-11-01,0.6754541031069687,0.9059437751416122,9.76120352650617,7.382061174169591e-13,1.000444171950221e-10
Labour,LORA_POOL,92111,0.0003,256,ols,478,2017-12-01,0.5668169091299711,0.8692939969566381,7.97309141203384,6.813211463493815e-13,6.730260793119669e-11
Labour,LORA_POOL,92111,0.0003,256,ols,479,2018-01-01,0.590933995507708,0.9140547728505457,8.250569319559965,8.565260261933851e-13,8.36735125631094e-11
Labour,LORA_POOL,92111,0.0003,256,ols,480,2018-02-01,0.7101907009494621,1.0003896156023482,11.065581463442086,6.935582712430276e-13,4.3655745685100555e-11
Labour,LORA_POOL,92111,0.0003,256,ols,481,2018-03-01,0.6173244336259921,0.9475150072961034,8.15287343738942,7.30944869283972e-13,9.458744898438454e-11
Labour,LORA_POOL,92111,0.0003,256,ols,482,2018-04-01,0.6579789147569586,1.0323134490041945,9.032706356617405,9.13109743761883e-13,8.36735125631094e-11
Labour,LORA_POOL,92111,0.0003,256,ols,483,2018-05-01,0.64291412167364,1.0603269151797807,9.378620467973043,8.676412415042521e-13,8.003553375601768e-11
Labour,LORA_POOL,92111,0.0003,256,ols,484,2018-06-01,0.6964288490291057,1.1214326018651732,9.35198734989568,6.65666352448936e-13,6.730260793119669e-11
Labour,LORA_POOL,92111,0.0003,256,ols,485,2018-07-01,0.7631492270247018,1.1417939322302635,9.709459652026593,8.444862742818945e-13,8.549250196665525e-11
Labour,LORA_POOL,92111,0.0003,256,ols,486,2018-08-01,0.7292148484561207,1.1025032387202744,10.041008348752555,7.952261331565378e-13,1.0913936421275139e-10
Labour,LORA_POOL,92111,0.0003,256,ols,487,2018-09-01,0.7359883152250679,1.0694603803548048,11.369355893492784,5.901659927485791e-13,6.184563972055912e-11
Labour,LORA_POOL,92111,0.0003,256,ols,488,2018-10-01,0.6626430606068839,0.984476872770328,9.80536130667724,5.962949432470946e-13,6.184563972055912e-11
Labour,LORA_POOL,92111,0.0003,256,ols,489,2018-11-01,0.7114146160940686,1.048078020340438,11.009053312785648,6.420958631588824e-13,7.275957614183426e-11
Labour,LORA_POOL,92111,0.0003,256,ols,490,2018-12-01,0.6742981850122872,1.0741025930107546,9.832383583653094,7.032295473686512e-13,6.366462912410498e-11
Labour,LORA_POOL,92111,0.0003,256,ols,491,2019-01-01,0.6571759967127514,1.0010016132495267,9.061314231664479,8.43977259748967e-13,7.639755494892597e-11
Labour,LORA_HIER,92111,0.0003,512,unreconciled,455,2016-01-01,0.6969132783849514,1.0785228896989052,12.534061278939877,3.298739654976025,107.26381874084473
Labour,LORA_HIER,92111,0.0003,512,unreconciled,456,2016-02-01,0.7250918932518117,1.0648649497499245,13.895132889222007,2.8007392130400004,83.62964534759521
Labour,LORA_HIER,92111,0.0003,512,unreconciled,457,2016-03-01,0.7016021166607894,1.0455648658967083,12.458880263433548,2.9783577180048177,70.0363073348999
Labour,LORA_HIER,92111,0.0003,512,unreconciled,458,2016-04-01,0.6723215804717386,0.9770565154626392,11.01611084371632,2.721275775753267,69.75807189941406
Labour,LORA_HIER,92111,0.0003,512,unreconciled,459,2016-05-01,0.67940263725865,0.9609948824083233,11.108403699031951,2.6680194927237886,100.81839179992676
Labour,LORA_HIER,92111,0.0003,512,unreconciled,460,2016-06-01,0.6571852916006135,0.9338305625780292,10.573170582450109,2.5230230838931793,78.68707275390625
Labour,LORA_HIER,92111,0.0003,512,unreconciled,461,2016-07-01,0.6515993362001606,0.8724046215755701,9.86856835739481,2.934834969671149,108.55383396148682
Labour,LORA_HIER,92111,0.0003,512,unreconciled,462,2016-08-01,0.7000389308043594,0.9232627409536933,10.607567778402126,3.158945602283143,98.19773483276367
Labour,LORA_HIER,92111,0.0003,512,unreconciled,463,2016-09-01,0.7985400435944496,0.9952262574286053,12.205325702144375,3.104506994548597,118.92253589630127
Labour,LORA_HIER,92111,0.0003,512,unreconciled,464,2016-10-01,0.8458287973361867,1.0369946079034258,13.916652578357235,2.8292503593957914,100.21381282806396
Labour,LORA_HIER,92111,0.0003,512,unreconciled,465,2016-11-01,0.8535060947412751,1.02383113392865,13.432247697952494,2.6184743217557496,95.36130809783936
Labour,LORA_HIER,92111,0.0003,512,unreconciled,466,2016-12-01,0.876870947236398,0.9582162365845583,14.04391614582032,2.8421767859431037,103.11417961120605
Labour,LORA_HIER,92111,0.0003,512,unreconciled,467,2017-01-01,0.8339469306644289,0.929744967478691,12.647963417892424,2.632524755265978,79.0836763381958
Labour,LORA_HIER,92111,0.0003,512,unreconciled,468,2017-02-01,1.048478783852976,1.0170985837141564,17.68131288638106,2.562576401303386,99.24111366271973
Labour,LORA_HIER,92111,0.0003,512,unreconciled,469,2017-03-01,0.9705839655200108,0.9590282989676086,15.259692577735741,2.612922650331642,106.87216663360596
Labour,LORA_HIER,92111,0.0003,512,unreconciled,470,2017-04-01,0.9877257436697982,0.9680951648714864,15.957294994981977,2.3829070141440942,82.98751258850098
Labour,LORA_HIER,92111,0.0003,512,unreconciled,471,2017-05-01,0.9550305045929441,1.027885937643987,15.501026376758285,2.3998902541155007,80.33504104614258
Labour,LORA_HIER,92111,0.0003,512,unreconciled,472,2017-06-01,0.806530258805215,0.9334913137175141,12.61420433775246,2.4462224740033958,65.43475341796875
Labour,LORA_HIER,92111,0.0003,512,unreconciled,473,2017-07-01,0.8024955684416198,0.8880233135931546,12.935666660837974,3.0342039755213333,85.85492134094238
Labour,LORA_HIER,92111,0.0003,512,unreconciled,474,2017-08-01,0.7916891836898317,0.8525230050069872,12.687171636278938,3.1505175501282454,83.29902172088623
Labour,LORA_HIER,92111,0.0003,512,unreconciled,475,2017-09-01,0.7998397878730894,0.8211218743435587,13.123131945512844,3.1774449766727915,92.76964950561523
Labour,LORA_HIER,92111,0.0003,512,unreconciled,476,2017-10-01,0.6894438479021305,0.8271634824441008,10.953733533544614,2.750782915026124,57.35270118713379
Labour,LORA_HIER,92111,0.0003,512,unreconciled,477,2017-11-01,0.7357130292698985,0.8807856018945963,11.512393560099474,2.881908440450479,82.76447868347168
Labour,LORA_HIER,92111,0.0003,512,unreconciled,478,2017-12-01,0.6938652926286295,0.8874997519255505,10.76854254909925,2.9184359332971406,86.25884437561035
Labour,LORA_HIER,92111,0.0003,512,unreconciled,479,2018-01-01,0.6844656850563482,0.9613463256500512,9.578143514429122,3.6333233222626804,107.97822570800781
Labour,LORA_HIER,92111,0.0003,512,unreconciled,480,2018-02-01,0.8044849720576694,1.0463851620755895,13.165597603684937,2.9142581161699797,87.36320114135742
Labour,LORA_HIER,92111,0.0003,512,unreconciled,481,2018-03-01,0.6850457246972597,1.0334428369522881,9.696987463258788,2.3880454936222724,52.82469844818115
Labour,LORA_HIER,92111,0.0003,512,unreconciled,482,2018-04-01,0.7394850714697985,1.0803844868477073,10.956578430296203,2.604037460527922,52.36224937438965
Labour,LORA_HIER,92111,0.0003,512,unreconciled,483,2018-05-01,0.7396151061110902,1.0841032809630384,11.027535334305346,2.495752129638404,78.56676006317139
Labour,LORA_HIER,92111,0.0003,512,unreconciled,484,2018-06-01,0.7518479634042141,1.109767372303711,11.10548445364102,2.0508561301649664,52.725215911865234
Labour,LORA_HIER,92111,0.0003,512,unreconciled,485,2018-07-01,0.799086880557458,1.15239799272387,11.530960051468771,2.1449539145531014,51.774160385131836
Labour,LORA_HIER,92111,0.0003,512,unreconciled,486,2018-08-01,0.8353676714834709,1.1173027465206693,12.216653527562551,2.3161721675716644,81.90490818023682
Labour,LORA_HIER,92111,0.0003,512,unreconciled,487,2018-09-01,0.8712203634223815,1.0866751201999993,13.570996713925963,2.927873278221889,106.71644306182861
Labour,LORA_HIER,92111,0.0003,512,unreconciled,488,2018-10-01,0.7832945156154506,0.9959039277132735,12.04093191053026,2.7599620219559697,84.64450359344482
Labour,LORA_HIER,92111,0.0003,512,unreconciled,489,2018-11-01,0.818542738760456,1.0637686745933974,12.766676834686427,3.0832393211230897,111.30466270446777
Labour,LORA_HIER,92111,0.0003,512,unreconciled,490,2018-12-01,0.7731150989879894,1.0347992754520874,11.857777164978446,4.151996153837059,140.47961044311523
Labour,LORA_HIER,92111,0.0003,512,unreconciled,491,2019-01-01,0.6832494593434508,0.9389302077298464,9.752940830120753,3.9300232351871958,146.97506523132324
Labour,LORA_HIER,92111,0.0003,512,bottom_up,455,2016-01-01,0.8211467105268964,1.0785228896989052,14.509106312863455,0.0,0.0
Labour,LORA_HIER,92111,0.0003,512,bottom_up,456,2016-02-01,0.787740465686748,1.0648649497499245,14.209809065933298,0.0,0.0
Labour,LORA_HIER,92111,0.0003,512,bottom_up,457,2016-03-01,0.7813883396133757,1.0455648658967083,13.35773777847422,0.0,0.0
Labour,LORA_HIER,92111,0.0003,512,bottom_up,458,2016-04-01,0.7456479643196976,0.9770565154626392,11.914407647633633,0.0,0.0
Labour,LORA_HIER,92111,0.0003,512,bottom_up,459,2016-05-01,0.7000410084716492,0.9609948824083233,11.192120110879408,0.0,0.0
Labour,LORA_HIER,92111,0.0003,512,bottom_up,460,2016-06-01,0.6665640855402704,0.9338305625780292,10.651973539688663,0.0,0.0
Labour,LORA_HIER,92111,0.0003,512,bottom_up,461,2016-07-01,0.596202606147064,0.8724046215755701,9.192815735773241,0.0,0.0
Labour,LORA_HIER,92111,0.0003,512,bottom_up,462,2016-08-01,0.6305916320738448,0.9232627409536933,9.736679838645495,0.0,0.0
Labour,LORA_HIER,92111,0.0003,512,bottom_up,463,2016-09-01,0.656072908132798,0.9952262574286053,10.389812830492767,0.0,0.0
Labour,LORA_HIER,92111,0.0003,512,bottom_up,464,2016-10-01,0.7272456462024611,1.0369946079034258,12.214380058707214,0.0,0.0
Labour,LORA_HIER,92111,0.0003,512,bottom_up,465,2016-11-01,0.7586344054554832,1.02383113392865,12.260318596882342,0.0,0.0
Labour,LORA_HIER,92111,0.0003,512,bottom_up,466,2016-12-01,0.759340976582701,0.9582162365845583,12.268776193124925,0.0,0.0
Labour,LORA_HIER,92111,0.0003,512,bottom_up,467,2017-01-01,0.7679435931432271,0.929744967478691,11.42418523040927,0.0,0.0
Labour,LORA_HIER,92111,0.0003,512,bottom_up,468,2017-02-01,0.9400201900278019,1.0170985837141564,15.722640106679052,0.0,0.0
Labour,LORA_HIER,92111,0.0003,512,bottom_up,469,2017-03-01,0.8652770418754516,0.9590282989676086,13.619053707548831,0.0,0.0
Labour,LORA_HIER,92111,0.0003,512,bottom_up,470,2017-04-01,0.8918975677532817,0.9680951648714864,14.598977408452614,0.0,0.0
Labour,LORA_HIER,92111,0.0003,512,bottom_up,471,2017-05-01,0.8802198676345296,1.027885937643987,14.547104634593186,0.0,0.0
Labour,LORA_HIER,92111,0.0003,512,bottom_up,472,2017-06-01,0.7492639084438482,0.9334913137175141,11.492132586891671,0.0,0.0
Labour,LORA_HIER,92111,0.0003,512,bottom_up,473,2017-07-01,0.6935381944124723,0.8880233135931546,11.053824148869868,0.0,0.0
Labour,LORA_HIER,92111,0.0003,512,bottom_up,474,2017-08-01,0.6740484762639853,0.8525230050069872,11.035948106675143,0.0,0.0
Labour,LORA_HIER,92111,0.0003,512,bottom_up,475,2017-09-01,0.6813050789335164,0.8211218743435587,11.241505747842961,0.0,0.0
Labour,LORA_HIER,92111,0.0003,512,bottom_up,476,2017-10-01,0.6686817629832733,0.8271634824441008,10.307581852465532,0.0,0.0
Labour,LORA_HIER,92111,0.0003,512,bottom_up,477,2017-11-01,0.6660509766902416,0.8807856018945963,10.012550479744208,0.0,0.0
Labour,LORA_HIER,92111,0.0003,512,bottom_up,478,2017-12-01,0.674835766606066,0.8874997519255505,9.709254266805367,0.0,0.0
Labour,LORA_HIER,92111,0.0003,512,bottom_up,479,2018-01-01,0.7363227532080368,0.9613463256500512,9.290295353580127,0.0,0.0
Labour,LORA_HIER,92111,0.0003,512,bottom_up,480,2018-02-01,0.8301208985860682,1.0463851620755895,12.068453001957373,0.0,0.0
Labour,LORA_HIER,92111,0.0003,512,bottom_up,481,2018-03-01,0.7894239167048058,1.0334428369522881,10.482529311802312,0.0,0.0
Labour,LORA_HIER,92111,0.0003,512,bottom_up,482,2018-04-01,0.8261787306158315,1.0803844868477073,11.494015966539411,0.0,0.0
Labour,LORA_HIER,92111,0.0003,512,bottom_up,483,2018-05-01,0.8010977738220886,1.0841032809630384,11.045195608859165,0.0,0.0
Labour,LORA_HIER,92111,0.0003,512,bottom_up,484,2018-06-01,0.8243624449589033,1.109767372303711,11.46104165933792,0.0,0.0
Labour,LORA_HIER,92111,0.0003,512,bottom_up,485,2018-07-01,0.8642559661639702,1.15239799272387,11.570096416237993,0.0,0.0
Labour,LORA_HIER,92111,0.0003,512,bottom_up,486,2018-08-01,0.8652794152251418,1.1173027465206693,11.66330212370552,0.0,0.0
Labour,LORA_HIER,92111,0.0003,512,bottom_up,487,2018-09-01,0.8384268096459495,1.0866751201999993,12.341799604428626,0.0,0.0
Labour,LORA_HIER,92111,0.0003,512,bottom_up,488,2018-10-01,0.7790544903650225,0.9959039277132735,11.144741139896864,0.0,0.0
Labour,LORA_HIER,92111,0.0003,512,bottom_up,489,2018-11-01,0.7848060074990282,1.0637686745933974,11.613582243761355,0.0,0.0
Labour,LORA_HIER,92111,0.0003,512,bottom_up,490,2018-12-01,0.7478508146019889,1.0347992754520874,10.81638189495205,0.0,0.0
Labour,LORA_HIER,92111,0.0003,512,bottom_up,491,2019-01-01,0.6984365755115609,0.9389302077298464,9.721738986512216,0.0,0.0
Labour,LORA_HIER,92111,0.0003,512,mint_shrink,455,2016-01-01,0.6896535715398096,1.1349100230805147,12.620258816231987,2.8578569010959234e-13,2.000888343900442e-11
Labour,LORA_HIER,92111,0.0003,512,mint_shrink,456,2016-02-01,0.7247032264872246,1.118624664018873,13.622222490560905,2.73153819251635e-13,1.8189894035458565e-11
Labour,LORA_HIER,92111,0.0003,512,mint_shrink,457,2016-03-01,0.7141552069322714,1.0930314227588451,12.125482221431241,3.469713145778232e-13,2.7284841053187847e-11
Labour,LORA_HIER,92111,0.0003,512,mint_shrink,458,2016-04-01,0.659505316746221,0.9637392054162791,10.096335864855838,3.4492486839442057e-13,2.7284841053187847e-11
Labour,LORA_HIER,92111,0.0003,512,mint_shrink,459,2016-05-01,0.6932364400199891,1.015642445014517,10.703362953258946,2.8095524607262676e-13,2.000888343900442e-11
Labour,LORA_HIER,92111,0.0003,512,mint_shrink,460,2016-06-01,0.6944601517783101,1.024775201415046,10.485450322285622,3.333421907573955e-13,2.9103830456733704e-11
Labour,LORA_HIER,92111,0.0003,512,mint_shrink,461,2016-07-01,0.696855090222561,0.9750955719071598,10.260516287168228,2.8797756901668856e-13,2.1827872842550278e-11
Labour,LORA_HIER,92111,0.0003,512,mint_shrink,462,2016-08-01,0.7652172962995702,1.03894096153081,10.934806451437058,3.684849696327818e-13,2.546585164964199e-11
Labour,LORA_HIER,92111,0.0003,512,mint_shrink,463,2016-09-01,0.8522705353955615,1.1318479791433829,11.919608348036705,4.1012028081591747e-13,3.092281986027956e-11
Labour,LORA_HIER,92111,0.0003,512,mint_shrink,464,2016-10-01,0.9569717628550792,1.2063473588455262,14.953093553911238,2.9657887581799503e-13,1.8189894035458565e-11
Labour,LORA_HIER,92111,0.0003,512,mint_shrink,465,2016-11-01,1.0178225868577524,1.2108319974094166,15.564524249720046,2.9165493931579786e-13,1.6370904631912708e-11
Labour,LORA_HIER,92111,0.0003,512,mint_shrink,466,2016-12-01,1.0176212082767735,1.1519247031404791,15.76085896094588,3.4275376559070914e-13,2.3646862246096134e-11
Labour,LORA_HIER,92111,0.0003,512,mint_shrink,467,2017-01-01,0.9415473397665657,1.0577463698814882,13.966433460656308,2.653731685340281e-13,1.2732925824820995e-11
Labour,LORA_HIER,92111,0.0003,512,mint_shrink,468,2017-02-01,1.1686832745434939,1.2086564122656545,19.092571690430976,3.56414053566214e-13,2.9103830456733704e-11
Labour,LORA_HIER,92111,0.0003,512,mint_shrink,469,2017-03-01,1.077601052083855,1.1132394407695687,16.622750624709127,3.445924507402638e-13,2.546585164964199e-11
Labour,LORA_HIER,92111,0.0003,512,mint_shrink,470,2017-04-01,1.0998954243036176,1.1031231188169452,17.61507491635676,3.2707819558687887e-13,2.000888343900442e-11
Labour,LORA_HIER,92111,0.0003,512,mint_shrink,471,2017-05-01,1.0921306226134289,1.1675624477132995,17.60664286858417,4.3262080078165396e-13,4.001776687800884e-11
Labour,LORA_HIER,92111,0.0003,512,mint_shrink,472,2017-06-01,0.9735451462346921,1.098100612505505,14.924920985822183,3.4249406429839916e-13,3.456079866737127e-11
Labour,LORA_HIER,92111,0.0003,512,mint_shrink,473,2017-07-01,0.9197746457779631,1.0369283011327255,14.133746045061718,3.7249475758604783e-13,3.2741809263825417e-11
Labour,LORA_HIER,92111,0.0003,512,mint_shrink,474,2017-08-01,0.9020719543480307,1.05183486110653,13.722355635254006,3.3066207342075657e-13,2.546585164964199e-11
Labour,LORA_HIER,92111,0.0003,512,mint_shrink,475,2017-09-01,0.937567967236288,1.0442854324814332,14.74250173616961,2.939299226364333e-13,2.546585164964199e-11
Labour,LORA_HIER,92111,0.0003,512,mint_shrink,476,2017-10-01,0.8309101347449144,1.0609422550600864,12.740753175162707,3.6325977963150505e-13,3.456079866737127e-11
Labour,LORA_HIER,92111,0.0003,512,mint_shrink,477,2017-11-01,0.8606329647941107,1.1198077075990183,13.131826597341115,2.681779424909758e-13,1.6370904631912708e-11
Labour,LORA_HIER,92111,0.0003,512,mint_shrink,478,2017-12-01,0.8084444619834261,1.0794292270655905,12.256426623812246,3.5600891955021045e-13,2.3646862246096134e-11
Labour,LORA_HIER,92111,0.0003,512,mint_shrink,479,2018-01-01,0.7062244113831857,1.0354607227912078,9.227436889239987,3.455273753925797e-13,3.2741809263825417e-11
Labour,LORA_HIER,92111,0.0003,512,mint_shrink,480,2018-02-01,0.8852433188197791,1.1380976619646255,13.868761132153972,3.671552990161547e-13,2.9103830456733704e-11
Labour,LORA_HIER,92111,0.0003,512,mint_shrink,481,2018-03-01,0.7438888895372322,1.061629428186035,10.127884463467534,3.764941574876215e-13,2.7284841053187847e-11
Labour,LORA_HIER,92111,0.0003,512,mint_shrink,482,2018-04-01,0.8016694083415387,1.1470426818593946,12.127507403984936,3.6514001698782924e-13,3.2741809263825417e-11
Labour,LORA_HIER,92111,0.0003,512,mint_shrink,483,2018-05-01,0.7653100576199741,1.1318353469288982,11.612278655302745,2.8794640486161137e-13,2.000888343900442e-11
Labour,LORA_HIER,92111,0.0003,512,mint_shrink,484,2018-06-01,0.78524378934489,1.152388098287577,12.331726644236932,3.2487592862809025e-13,2.3646862246096134e-11
Labour,LORA_HIER,92111,0.0003,512,mint_shrink,485,2018-07-01,0.7903576227631598,1.165102604081519,11.591489216879374,2.904914775262491e-13,2.000888343900442e-11
Labour,LORA_HIER,92111,0.0003,512,mint_shrink,486,2018-08-01,0.8142659632720836,1.1143739501374155,12.14485733502571,3.6364413754412377e-13,2.1827872842550278e-11
Labour,LORA_HIER,92111,0.0003,512,mint_shrink,487,2018-09-01,0.8409643867526811,1.123303155973404,13.447592617686539,2.756988919162728e-13,2.3646862246096134e-11
Labour,LORA_HIER,92111,0.0003,512,mint_shrink,488,2018-10-01,0.7960893978520265,1.040201023668638,12.188138964473492,2.908238951804059e-13,2.000888343900442e-11
Labour,LORA_HIER,92111,0.0003,512,mint_shrink,489,2018-11-01,0.7788922017952957,1.0448140176159917,12.207707869353284,3.4735567249044194e-13,2.7284841053187847e-11
Labour,LORA_HIER,92111,0.0003,512,mint_shrink,490,2018-12-01,0.7731339218192412,1.0458996867212698,11.613007686276948,3.434913172608695e-13,2.9103830456733704e-11
Labour,LORA_HIER,92111,0.0003,512,mint_shrink,491,2019-01-01,0.7123921659451428,0.9375893337660425,9.498840599371206,3.6031996100255606e-13,3.2741809263825417e-11
Labour,LORA_HIER,92111,0.0003,512,ols,455,2016-01-01,0.7080835286202614,1.0764620683663326,12.418724482878995,6.487961565004797e-13,8.549250196665525e-11
Labour,LORA_HIER,92111,0.0003,512,ols,456,2016-02-01,0.7294874489398092,1.0469091496767517,13.805097051124728,6.114926628730745e-13,5.638867150992155e-11
Labour,LORA_HIER,92111,0.0003,512,ols,457,2016-03-01,0.6969016900103697,1.0444257851825096,12.375915478771729,5.449364156798734e-13,6.366462912410498e-11
Labour,LORA_HIER,92111,0.0003,512,ols,458,2016-04-01,0.6599052343533129,0.9524753386091275,10.946794677162243,5.364597654988756e-13,6.366462912410498e-11
Labour,LORA_HIER,92111,0.0003,512,ols,459,2016-05-01,0.685582579920203,0.9544279465364905,11.090859531946156,6.874500968478969e-13,8.36735125631094e-11
Labour,LORA_HIER,92111,0.0003,512,ols,460,2016-06-01,0.6554454793507739,0.9212720430794124,10.513466152763543,7.667005432092098e-13,7.821654435247183e-11
Labour,LORA_HIER,92111,0.0003,512,ols,461,2016-07-01,0.6998096449806852,0.9261085897194111,10.035858827039268,6.93776420328568e-13,8.913048077374697e-11
Labour,LORA_HIER,92111,0.0003,512,ols,462,2016-08-01,0.7308576645789818,0.979400157384267,10.750223931107662,5.574228538141371e-13,4.9112713895738125e-11
Labour,LORA_HIER,92111,0.0003,512,ols,463,2016-09-01,0.8641940964717502,1.078988676519824,12.596360273164379,5.166497509214705e-13,4.001776687800884e-11
Labour,LORA_HIER,92111,0.0003,512,ols,464,2016-10-01,0.9155215067107076,1.0942649367135644,14.374921262252192,7.583797138035982e-13,7.639755494892597e-11
Labour,LORA_HIER,92111,0.0003,512,ols,465,2016-11-01,0.9355208170066751,1.0995708768323225,14.018897352432022,4.674311620028835e-13,5.4569682106375694e-11
Labour,LORA_HIER,92111,0.0003,512,ols,466,2016-12-01,0.9487082173263923,1.0225448750951112,14.542271114669663,6.001592984766671e-13,4.547473508864641e-11
Labour,LORA_HIER,92111,0.0003,512,ols,467,2017-01-01,0.8607785963848481,0.9594593779586158,12.920771119627599,5.343613790570111e-13,7.639755494892597e-11
Labour,LORA_HIER,92111,0.0003,512,ols,468,2017-02-01,1.064840608811347,1.0478176226198925,17.93895555673721,4.3552945525552575e-13,3.637978807091713e-11
Labour,LORA_HIER,92111,0.0003,512,ols,469,2017-03-01,1.0021564767152693,1.0036685430186476,15.705301725179062,7.658487229704331e-13,7.457856554538012e-11
Labour,LORA_HIER,92111,0.0003,512,ols,470,2017-04-01,1.0196531445740744,0.9988324440154699,16.361517291756556,7.230187858426715e-13,6.366462912410498e-11
Labour,LORA_HIER,92111,0.0003,512,ols,471,2017-05-01,0.977376388349569,1.0202537905344238,15.849413980766103,6.496479767392565e-13,5.093170329928398e-11
Labour,LORA_HIER,92111,0.0003,512,ols,472,2017-06-01,0.7991183601470335,0.9084111896109099,12.643349490564978,7.236836211509851e-13,1.1095835361629725e-10
Labour,LORA_HIER,92111,0.0003,512,ols,473,2017-07-01,0.8060435843952227,0.9013840554979831,13.133721994968628,7.188739532174043e-13,7.639755494892597e-11
Labour,LORA_HIER,92111,0.0003,512,ols,474,2017-08-01,0.7814004241945192,0.8801273022878902,12.708072215006167,5.521145593993211e-13,5.820766091346741e-11
Labour,LORA_HIER,92111,0.0003,512,ols,475,2017-09-01,0.8142586479436036,0.8546169756449558,13.341063378232894,5.986322548778844e-13,8.003553375601768e-11
Labour,LORA_HIER,92111,0.0003,512,ols,476,2017-10-01,0.6898047045041082,0.8227779397226878,10.893837205065413,6.9382836058703e-13,7.639755494892597e-11
Labour,LORA_HIER,92111,0.0003,512,ols,477,2017-11-01,0.7388019879468264,0.9048184661459205,11.659148309112148,6.711927959492923e-13,5.275069270282984e-11
Labour,LORA_HIER,92111,0.0003,512,ols,478,2017-12-01,0.6897703793460965,0.8965309861044332,10.86569050209348,7.427249199031527e-13,8.003553375601768e-11
Labour,LORA_HIER,92111,0.0003,512,ols,479,2018-01-01,0.6411059200773643,0.9159928481269042,9.512796307216368,5.203167331688874e-13,4.001776687800884e-11
Labour,LORA_HIER,92111,0.0003,512,ols,480,2018-02-01,0.7798148804659915,1.0011861030452833,13.23731795720464,8.564844739866155e-13,6.002665031701326e-11
Labour,LORA_HIER,92111,0.0003,512,ols,481,2018-03-01,0.6737262894521072,0.949387381670235,9.465609704866745,6.950022104282711e-13,7.09405867382884e-11
Labour,LORA_HIER,92111,0.0003,512,ols,482,2018-04-01,0.7217719104807692,1.0169937173786259,10.747711345852416,6.971629251802901e-13,6.366462912410498e-11
Labour,LORA_HIER,92111,0.0003,512,ols,483,2018-05-01,0.7020421209822818,1.034455561577059,10.967178901358862,5.91464499210129e-13,4.729372449219227e-11
Labour,LORA_HIER,92111,0.0003,512,ols,484,2018-06-01,0.744783634209268,1.089967138024536,11.069813370997872,5.001431367822483e-13,4.001776687800884e-11
Labour,LORA_HIER,92111,0.0003,512,ols,485,2018-07-01,0.8017474340335091,1.1144753602485138,11.537916457292411,7.151550307115254e-13,7.457856554538012e-11
Labour,LORA_HIER,92111,0.0003,512,ols,486,2018-08-01,0.8027632895279739,1.0968384422373727,12.217652109894185,5.934486170833772e-13,5.4569682106375694e-11
Labour,LORA_HIER,92111,0.0003,512,ols,487,2018-09-01,0.8511537129732383,1.100356088205217,13.779839209060244,7.531545238023214e-13,7.639755494892597e-11
Labour,LORA_HIER,92111,0.0003,512,ols,488,2018-10-01,0.7731569799967354,1.013309118578833,12.07642065687723,6.492116785681757e-13,6.002665031701326e-11
Labour,LORA_HIER,92111,0.0003,512,ols,489,2018-11-01,0.8102613161441732,1.0869662415038024,12.902073899619454,8.164385347124169e-13,1.1823431123048067e-10
Labour,LORA_HIER,92111,0.0003,512,ols,490,2018-12-01,0.8042746785685522,1.1113753055845699,12.241780700066972,6.675465898052602e-13,7.821654435247183e-11
Labour,LORA_HIER,92111,0.0003,512,ols,491,2019-01-01,0.7375642938316336,1.0488325577371875,10.001642785147562,6.846557109426415e-13,7.09405867382884e-11
Labour,LORA,92112,0.0003,512,unreconciled,455,2016-01-01,0.6962552708107141,1.0756475692471001,12.574933814902787,2.784582941155685,74.95461940765381
Labour,LORA,92112,0.0003,512,unreconciled,456,2016-02-01,0.7143989486895572,1.0638049809407253,13.583475785432846,2.456264338298151,55.94899559020996
Labour,LORA,92112,0.0003,512,unreconciled,457,2016-03-01,0.6978871544684834,1.063777821380433,12.442823501996877,2.5555979229553403,54.17267417907715
Labour,LORA,92112,0.0003,512,unreconciled,458,2016-04-01,0.6695066641797749,0.9957701650257322,11.083031914057514,2.545696919424492,52.708035469055176
Labour,LORA,92112,0.0003,512,unreconciled,459,2016-05-01,0.6718213865319904,0.9662322746336456,11.217107249421487,2.4131352587750086,76.33892726898193
Labour,LORA,92112,0.0003,512,unreconciled,460,2016-06-01,0.6524391576311588,0.944327057605687,10.813243532644883,2.405748694960834,61.64145851135254
Labour,LORA,92112,0.0003,512,unreconciled,461,2016-07-01,0.6315438974899705,0.8840441207464838,9.863706742508514,2.798127337505943,96.43585681915283
Labour,LORA,92112,0.0003,512,unreconciled,462,2016-08-01,0.6715447052947567,0.9063611409245771,10.287321940129335,2.9725774129231772,86.53265953063965
Labour,LORA,92112,0.0003,512,unreconciled,463,2016-09-01,0.757947373369704,0.9623028910413833,11.610455783371785,2.812136587343718,103.45255184173584
Labour,LORA,92112,0.0003,512,unreconciled,464,2016-10-01,0.8110750756052729,1.006832989072498,13.267211822136328,2.819877664945279,99.23599433898926
Labour,LORA,92112,0.0003,512,unreconciled,465,2016-11-01,0.8085802209169872,1.0026682526765567,12.514160727332621,2.95313156557362,91.63965606689453
Labour,LORA,92112,0.0003,512,unreconciled,466,2016-12-01,0.8270198263403077,0.9335689671145705,13.081808353594738,3.233145895060043,101.3957052230835
Labour,LORA,92112,0.0003,512,unreconciled,467,2017-01-01,0.7792012618415335,0.9142823594547501,11.562851014452662,3.1119162841149937,83.97051048278809
Labour,LORA,92112,0.0003,512,unreconciled,468,2017-02-01,0.9827662061581712,0.9935273025207422,16.197731476548654,2.6533883844899853,79.18977737426758
Labour,LORA,92112,0.0003,512,unreconciled,469,2017-03-01,0.9451469831503274,0.9481031854385003,14.671273664758562,3.24725694126553,112.56578063964844
Labour,LORA,92112,0.0003,512,unreconciled,470,2017-04-01,0.9456719030405322,0.9474183711752762,14.966454950086582,2.744364501440037,86.37454605102539
Labour,LORA,92112,0.0003,512,unreconciled,471,2017-05-01,0.9299437108007043,1.0203702478087415,14.950175200620036,2.879695327658402,88.39736938476562
Labour,LORA,92112,0.0003,512,unreconciled,472,2017-06-01,0.7938427563386165,0.9307306256575152,12.344755763422238,2.9276526699289245,64.58673763275146
Labour,LORA,92112,0.0003,512,unreconciled,473,2017-07-01,0.7706152913857032,0.879377263337852,12.313362005527539,3.31676343309949,83.41182327270508
Labour,LORA,92112,0.0003,512,unreconciled,474,2017-08-01,0.7646519032953438,0.8428977912801618,12.150456329660086,3.4728137679964477,86.56976795196533
Labour,LORA,92112,0.0003,512,unreconciled,475,2017-09-01,0.7631048222508496,0.8082809749256723,12.332314712564388,3.524100705196983,92.92221260070801
Labour,LORA,92112,0.0003,512,unreconciled,476,2017-10-01,0.681559835999586,0.819416779901286,10.748816309679459,3.2249873813829923,65.05167961120605
Labour,LORA,92112,0.0003,512,unreconciled,477,2017-11-01,0.7064179956974235,0.8786519566280242,10.786234715308716,3.203309892910963,81.9472427368164
Labour,LORA,92112,0.0003,512,unreconciled,478,2017-12-01,0.6463680457872834,0.8630790732104109,9.743187229605711,2.8733305164247924,73.07471466064453
Labour,LORA,92112,0.0003,512,unreconciled,479,2018-01-01,0.6164742055467674,0.9427338520127322,8.35619740173659,3.220922556536937,93.67912197113037
Labour,LORA,92112,0.0003,512,unreconciled,480,2018-02-01,0.7271202098454779,1.0188482546155926,11.310760751143807,2.618298886115091,69.9858865737915
Labour,LORA,92112,0.0003,512,unreconciled,481,2018-03-01,0.6175330297637371,1.0004367555151559,8.33645867915996,2.35190665094476,36.599870681762695
Labour,LORA,92112,0.0003,512,unreconciled,482,2018-04-01,0.669015172138651,1.0485685054478981,9.315769373295948,2.3820021347692837,37.59296798706055
Labour,LORA,92112,0.0003,512,unreconciled,483,2018-05-01,0.6865071655546997,1.0661919353009228,9.929627521687257,2.2359615543432403,60.21661949157715
Labour,LORA,92112,0.0003,512,unreconciled,484,2018-06-01,0.6964025479458203,1.1010600401578223,10.031663390348456,1.8350830914681417,29.160033226013184
Labour,LORA,92112,0.0003,512,unreconciled,485,2018-07-01,0.7330010037266187,1.1527885663990185,10.154901332337635,1.800982984185916,28.680726051330566
Labour,LORA,92112,0.0003,512,unreconciled,486,2018-08-01,0.7703794906999426,1.1063808026230908,10.838540638441478,2.065788057115343,60.22682857513428
Labour,LORA,92112,0.0003,512,unreconciled,487,2018-09-01,0.7971363650924991,1.0752339934967527,12.041023195958962,2.6684677963368375,90.64319610595703
Labour,LORA,92112,0.0003,512,unreconciled,488,2018-10-01,0.7322963599900847,0.979789995719651,10.85463491824132,2.66705518438105,76.00401592254639
Labour,LORA,92112,0.0003,512,unreconciled,489,2018-11-01,0.7574832261605662,1.050493298165285,11.573025206177817,2.874648996263917,90.64146518707275
Labour,LORA,92112,0.0003,512,unreconciled,490,2018-12-01,0.7205289287652956,1.0183469201707553,10.883025512486338,3.714463398470516,119.1286211013794
Labour,LORA,92112,0.0003,512,unreconciled,491,2019-01-01,0.6200379636346867,0.9287563499328553,8.70233503031843,3.3592982640740465,118.87868309020996
Labour,LORA,92112,0.0003,512,bottom_up,455,2016-01-01,0.8308401958172822,1.0756475692471001,14.513693569069694,0.0,0.0
Labour,LORA,92112,0.0003,512,bottom_up,456,2016-02-01,0.7865680657542122,1.0638049809407253,14.276216525021503,0.0,0.0
Labour,LORA,92112,0.0003,512,bottom_up,457,2016-03-01,0.7755049113676862,1.063777821380433,13.463206405129988,0.0,0.0
Labour,LORA,92112,0.0003,512,bottom_up,458,2016-04-01,0.7501549290592406,0.9957701650257322,12.245399794735173,0.0,0.0
Labour,LORA,92112,0.0003,512,bottom_up,459,2016-05-01,0.7006305524854105,0.9662322746336456,11.502327917472718,0.0,0.0
Labour,LORA,92112,0.0003,512,bottom_up,460,2016-06-01,0.6752863215149474,0.944327057605687,11.050225306340838,0.0,0.0
Labour,LORA,92112,0.0003,512,bottom_up,461,2016-07-01,0.6116048580747527,0.8840441207464838,9.571238776595314,0.0,0.0
Labour,LORA,92112,0.0003,512,bottom_up,462,2016-08-01,0.6277946378088947,0.9063611409245771,9.83765616296101,0.0,0.0
Labour,LORA,92112,0.0003,512,bottom_up,463,2016-09-01,0.630609714742155,0.9623028910413833,10.10516073488962,0.0,0.0
Labour,LORA,92112,0.0003,512,bottom_up,464,2016-10-01,0.7098353879555841,1.006832989072498,11.940331952695896,0.0,0.0
Labour,LORA,92112,0.0003,512,bottom_up,465,2016-11-01,0.7155136800476722,1.0026682526765567,11.552952134969495,0.0,0.0
Labour,LORA,92112,0.0003,512,bottom_up,466,2016-12-01,0.7148463721205716,0.9335689671145705,11.50942588427861,0.0,0.0
Labour,LORA,92112,0.0003,512,bottom_up,467,2017-01-01,0.72668272155691,0.9142823594547501,10.713169126822907,0.0,0.0
Labour,LORA,92112,0.0003,512,bottom_up,468,2017-02-01,0.8861688840815647,0.9935273025207422,14.778700695652176,0.0,0.0
Labour,LORA,92112,0.0003,512,bottom_up,469,2017-03-01,0.8320761754281132,0.9481031854385003,13.085869655417241,0.0,0.0
Labour,LORA,92112,0.0003,512,bottom_up,470,2017-04-01,0.8427362572236323,0.9474183711752762,13.5730937778155,0.0,0.0
Labour,LORA,92112,0.0003,512,bottom_up,471,2017-05-01,0.8512640932433924,1.0203702478087415,14.021215547157968,0.0,0.0
Labour,LORA,92112,0.0003,512,bottom_up,472,2017-06-01,0.7355506655135385,0.9307306256575152,11.212965500426558,0.0,0.0
Labour,LORA,92112,0.0003,512,bottom_up,473,2017-07-01,0.6730675180796419,0.879377263337852,10.595636930613512,0.0,0.0
Labour,LORA,92112,0.0003,512,bottom_up,474,2017-08-01,0.6531637231974377,0.8428977912801618,10.608452989053582,0.0,0.0
Labour,LORA,92112,0.0003,512,bottom_up,475,2017-09-01,0.6465938230607945,0.8082809749256723,10.448654723921782,0.0,0.0
Labour,LORA,92112,0.0003,512,bottom_up,476,2017-10-01,0.6469572532909112,0.819416779901286,9.934044713387754,0.0,0.0
Labour,LORA,92112,0.0003,512,bottom_up,477,2017-11-01,0.6351785889276418,0.8786519566280242,9.335270530906946,0.0,0.0
Labour,LORA,92112,0.0003,512,bottom_up,478,2017-12-01,0.6400013039308509,0.8630790732104109,9.046895180525503,0.0,0.0
Labour,LORA,92112,0.0003,512,bottom_up,479,2018-01-01,0.7136307063750571,0.9427338520127322,8.857631285232044,0.0,0.0
Labour,LORA,92112,0.0003,512,bottom_up,480,2018-02-01,0.7684226082629744,1.0188482546155926,10.811518092457986,0.0,0.0
Labour,LORA,92112,0.0003,512,bottom_up,481,2018-03-01,0.7344914698472969,1.0004367555151559,9.470597397727392,0.0,0.0
Labour,LORA,92112,0.0003,512,bottom_up,482,2018-04-01,0.7666113407326436,1.0485685054478981,10.362973338117355,0.0,0.0
Labour,LORA,92112,0.0003,512,bottom_up,483,2018-05-01,0.7616395887301268,1.0661919353009228,10.339340135682011,0.0,0.0
Labour,LORA,92112,0.0003,512,bottom_up,484,2018-06-01,0.7884052367306696,1.1010600401578223,10.766805623741789,0.0,0.0
Labour,LORA,92112,0.0003,512,bottom_up,485,2018-07-01,0.8269955849537534,1.1527885663990185,10.781855785418346,0.0,0.0
Labour,LORA,92112,0.0003,512,bottom_up,486,2018-08-01,0.8244304630950273,1.1063808026230908,10.774284792177935,0.0,0.0
Labour,LORA,92112,0.0003,512,bottom_up,487,2018-09-01,0.781440620283327,1.0752339934967527,11.0002929817798,0.0,0.0
Labour,LORA,92112,0.0003,512,bottom_up,488,2018-10-01,0.7412136428442289,0.979789995719651,10.02538465005047,0.0,0.0
Labour,LORA,92112,0.0003,512,bottom_up,489,2018-11-01,0.7573619780351264,1.050493298165285,10.898224743896225,0.0,0.0
Labour,LORA,92112,0.0003,512,bottom_up,490,2018-12-01,0.7432511272944402,1.0183469201707553,10.701447705711516,0.0,0.0
Labour,LORA,92112,0.0003,512,bottom_up,491,2019-01-01,0.7226522738800458,0.9287563499328553,9.870358527698022,0.0,0.0
Labour,LORA,92112,0.0003,512,mint_shrink,455,2016-01-01,0.673841322307067,1.0942292683609436,12.566406005365232,3.30360819921677e-13,3.2741809263825417e-11
Labour,LORA,92112,0.0003,512,mint_shrink,456,2016-02-01,0.7276371581363954,1.086362759290246,13.79943496168655,3.4609871823566166e-13,3.092281986027956e-11
Labour,LORA,92112,0.0003,512,mint_shrink,457,2016-03-01,0.6982500521153968,1.0677369112523598,12.169823297064987,3.8677832866309663e-13,4.001776687800884e-11
Labour,LORA,92112,0.0003,512,mint_shrink,458,2016-04-01,0.6820413911644422,0.9812076865371386,10.64005686881045,4.134963976159472e-13,3.2741809263825417e-11
Labour,LORA,92112,0.0003,512,mint_shrink,459,2016-05-01,0.6988364093109378,1.0010395988349718,11.26957565256159,3.37206545986968e-13,2.000888343900442e-11
Labour,LORA,92112,0.0003,512,mint_shrink,460,2016-06-01,0.7011632962126222,1.0362688683854326,11.10884726481602,3.9381103965885083e-13,2.9103830456733704e-11
Labour,LORA,92112,0.0003,512,mint_shrink,461,2016-07-01,0.7149841027984125,1.0085844326493292,10.974755355595718,3.254472714711722e-13,2.7284841053187847e-11
Labour,LORA,92112,0.0003,512,mint_shrink,462,2016-08-01,0.7651760392023668,1.0366055641528134,11.20590467257125,2.648745420527929e-13,1.6370904631912708e-11
Labour,LORA,92112,0.0003,512,mint_shrink,463,2016-09-01,0.8605779532704959,1.121936817861188,12.247661539495445,2.586624871407382e-13,2.000888343900442e-11
Labour,LORA,92112,0.0003,512,mint_shrink,464,2016-10-01,0.966428001602254,1.1967859050311505,15.292596562165947,3.733258017214398e-13,3.456079866737127e-11
Labour,LORA,92112,0.0003,512,mint_shrink,465,2016-11-01,0.9786075478989926,1.1857982343352076,15.078108186372095,4.0562225443310867e-13,2.9103830456733704e-11
Labour,LORA,92112,0.0003,512,mint_shrink,466,2016-12-01,0.9657506360501131,1.11562392140044,14.900456233421973,3.3461992111556065e-13,2.1827872842550278e-11
Labour,LORA,92112,0.0003,512,mint_shrink,467,2017-01-01,0.877389560611045,1.030559752125309,12.907169301165327,3.4503913696303697e-13,1.8189894035458565e-11
Labour,LORA,92112,0.0003,512,mint_shrink,468,2017-02-01,1.1097161251282555,1.1724643075893453,17.920260807115543,3.181756352864928e-13,3.637978807091713e-11
Labour,LORA,92112,0.0003,512,mint_shrink,469,2017-03-01,1.0510193484997452,1.1014523307737163,16.092946789030076,3.6414276402535895e-13,2.3646862246096134e-11
Labour,LORA,92112,0.0003,512,mint_shrink,470,2017-04-01,1.0469503668980584,1.0772884416665636,16.402386314691576,3.084420308507148e-13,2.1827872842550278e-11
Labour,LORA,92112,0.0003,512,mint_shrink,471,2017-05-01,1.0502588294683233,1.1645353530054385,16.74452015542648,3.085874635744084e-13,2.000888343900442e-11
Labour,LORA,92112,0.0003,512,mint_shrink,472,2017-06-01,0.9453350134575591,1.0863920065624715,14.283243966098626,3.9229438411176057e-13,3.092281986027956e-11
Labour,LORA,92112,0.0003,512,mint_shrink,473,2017-07-01,0.886549693964851,1.0118916223169077,13.395240206986134,3.5325608585172466e-13,2.000888343900442e-11
Labour,LORA,92112,0.0003,512,mint_shrink,474,2017-08-01,0.9135030199283878,1.0318685398875194,13.737835487722078,3.4379257075994904e-13,2.9103830456733704e-11
Labour,LORA,92112,0.0003,512,mint_shrink,475,2017-09-01,0.892044143391854,0.9901793152741523,13.792296250229741,4.182749013944508e-13,3.092281986027956e-11
Labour,LORA,92112,0.0003,512,mint_shrink,476,2017-10-01,0.8349332017991501,0.998035467388532,12.766522409218299,3.481140002639871e-13,2.9103830456733704e-11
Labour,LORA,92112,0.0003,512,mint_shrink,477,2017-11-01,0.8629083927657386,1.1102797931822133,12.928101570620427,3.2811700075611876e-13,2.7284841053187847e-11
Labour,LORA,92112,0.0003,512,mint_shrink,478,2017-12-01,0.7823834656273716,1.0570740334787385,11.644544925656385,3.1444632472892153e-13,2.000888343900442e-11
Labour,LORA,92112,0.0003,512,mint_shrink,479,2018-01-01,0.6609060923967387,1.0363773537186045,8.51143218450422,3.3662481509219364e-13,2.7284841053187847e-11
Labour,LORA,92112,0.0003,512,mint_shrink,480,2018-02-01,0.8332167764460835,1.1128154513386255,12.626267012932477,3.1336596735291204e-13,2.1827872842550278e-11
Labour,LORA,92112,0.0003,512,mint_shrink,481,2018-03-01,0.6989781765818658,1.0414049527236886,9.331496019155905,2.984695012260117e-13,1.8189894035458565e-11
Labour,LORA,92112,0.0003,512,mint_shrink,482,2018-04-01,0.7421418896655904,1.1257036227662942,10.708823756941264,3.407904238208457e-13,3.2741809263825417e-11
Labour,LORA,92112,0.0003,512,mint_shrink,483,2018-05-01,0.713614138541528,1.124757600778327,10.600481581801928,2.832406174449546e-13,2.3646862246096134e-11
Labour,LORA,92112,0.0003,512,mint_shrink,484,2018-06-01,0.7497622462052581,1.1162031472893665,11.261655875036253,3.788937974285657e-13,2.7284841053187847e-11
Labour,LORA,92112,0.0003,512,mint_shrink,485,2018-07-01,0.7520597263478905,1.156534460463138,10.625569580891502,3.1733420309940847e-13,2.7284841053187847e-11
Labour,LORA,92112,0.0003,512,mint_shrink,486,2018-08-01,0.7653527829528961,1.079967948416097,10.872982377564098,3.7714860474424267e-13,3.2741809263825417e-11
Labour,LORA,92112,0.0003,512,mint_shrink,487,2018-09-01,0.7753604395022407,1.0897692751647443,11.850719866563086,2.94314280549052e-13,2.3646862246096134e-11
Labour,LORA,92112,0.0003,512,mint_shrink,488,2018-10-01,0.7514343475391806,1.008983584932187,11.053609152454982,3.507421773421641e-13,3.092281986027956e-11
Labour,LORA,92112,0.0003,512,mint_shrink,489,2018-11-01,0.7372469940041126,1.0379103327509285,11.13516604621821,4.2807083414038316e-13,3.456079866737127e-11
Labour,LORA,92112,0.0003,512,mint_shrink,490,2018-12-01,0.7463162554015952,1.0350723224989657,10.952608163988554,3.8166740723043626e-13,2.3646862246096134e-11
Labour,LORA,92112,0.0003,512,mint_shrink,491,2019-01-01,0.6753056801818353,0.9227913546623528,9.050773562821723,3.420266019722412e-13,2.000888343900442e-11
Labour,LORA,92112,0.0003,512,ols,455,2016-01-01,0.6869006819624964,1.0452297217230386,12.397332737597573,5.641750874141965e-13,6.730260793119669e-11
Labour,LORA,92112,0.0003,512,ols,456,2016-02-01,0.7176272048749961,1.0346969965443111,13.468428661014588,6.522242135589715e-13,6.002665031701326e-11
Labour,LORA,92112,0.0003,512,ols,457,2016-03-01,0.6945079780970376,1.0595267875961003,12.381349782555926,7.661395884178203e-13,6.548361852765083e-11
Labour,LORA,92112,0.0003,512,ols,458,2016-04-01,0.6562785377322038,0.9724222668731011,11.016266395259441,6.114614987179973e-13,5.4569682106375694e-11
Labour,LORA,92112,0.0003,512,ols,459,2016-05-01,0.6814179094624915,0.9616733278736951,11.19137180047825,6.432801010518158e-13,5.4569682106375694e-11
Labour,LORA,92112,0.0003,512,ols,460,2016-06-01,0.6554537870290982,0.9336341628617799,10.747674845760201,5.673434431803783e-13,5.4569682106375694e-11
Labour,LORA,92112,0.0003,512,ols,461,2016-07-01,0.6879152084480207,0.9337029336912837,9.976705728871313,7.733592843440377e-13,6.366462912410498e-11
Labour,LORA,92112,0.0003,512,ols,462,2016-08-01,0.7000353586421335,0.9550389077509602,10.350814876021694,5.784067182327833e-13,8.185452315956354e-11
Labour,LORA,92112,0.0003,512,ols,463,2016-09-01,0.8303487388801839,1.0415971381659914,12.014767805977675,5.919735137430565e-13,5.275069270282984e-11
Labour,LORA,92112,0.0003,512,ols,464,2016-10-01,0.8959484612697785,1.0684220173168453,13.76819603973645,6.839493234275584e-13,6.548361852765083e-11
Labour,LORA,92112,0.0003,512,ols,465,2016-11-01,0.9167781912416559,1.0917804685612775,13.246244183146674,6.305235735735497e-13,7.457856554538012e-11
Labour,LORA,92112,0.0003,512,ols,466,2016-12-01,0.9047292310445897,1.0031774038500965,13.611488872291465,7.223747266377428e-13,7.457856554538012e-11
Labour,LORA,92112,0.0003,512,ols,467,2017-01-01,0.8145721067696134,0.9516694156113432,11.838412230607645,5.975934497086445e-13,1.1095835361629725e-10
Labour,LORA,92112,0.0003,512,ols,468,2017-02-01,1.0054013047850918,1.0265398492175997,16.461359702471206,4.884150264215297e-13,3.637978807091713e-11
Labour,LORA,92112,0.0003,512,ols,469,2017-03-01,1.0012753017919385,1.0263981594916791,15.275646678319651,7.195595646291026e-13,5.820766091346741e-11
Labour,LORA,92112,0.0003,512,ols,470,2017-04-01,0.9872990558687764,0.9987888695698144,15.417744114243916,8.705914481848935e-13,9.822542779147625e-11
Labour,LORA,92112,0.0003,512,ols,471,2017-05-01,0.9604280321004453,1.0302271561078662,15.391276475612022,6.571689261645535e-13,8.003553375601768e-11
Labour,LORA,92112,0.0003,512,ols,472,2017-06-01,0.7873382322576721,0.9099214284189174,12.354467015656137,7.727048370874166e-13,6.548361852765083e-11
Labour,LORA,92112,0.0003,512,ols,473,2017-07-01,0.7638972821922633,0.8836429109078979,12.406470347396679,7.225513235165136e-13,7.09405867382884e-11
Labour,LORA,92112,0.0003,512,ols,474,2017-08-01,0.7639961609471229,0.876179445347856,12.230257675969678,6.624564444759846e-13,8.36735125631094e-11
Labour,LORA,92112,0.0003,512,ols,475,2017-09-01,0.7814960321384914,0.8387780666652906,12.571729892706822,6.533461231417506e-13,8.549250196665525e-11
Labour,LORA,92112,0.0003,512,ols,476,2017-10-01,0.6922569405091368,0.8258319349659788,10.797291294006149,6.488896489657114e-13,5.820766091346741e-11
Labour,LORA,92112,0.0003,512,ols,477,2017-11-01,0.7084627534686452,0.893102749470063,10.95461487562461,7.15456284210605e-13,7.09405867382884e-11
Labour,LORA,92112,0.0003,512,ols,478,2017-12-01,0.6390432867411846,0.86760075102705,9.724538602481397,7.135344946475111e-13,7.09405867382884e-11
Labour,LORA,92112,0.0003,512,ols,479,2018-01-01,0.5726228883373294,0.8832513281795591,8.151933985252274,7.679886616190674e-13,8.731149137020111e-11
Labour,LORA,92112,0.0003,512,ols,480,2018-02-01,0.7113710551664247,0.9695185194228848,11.27388329837525,7.349754333406229e-13,8.549250196665525e-11
Labour,LORA,92112,0.0003,512,ols,481,2018-03-01,0.6315353529598426,0.9349438226176379,8.166797624578793,7.999423086248871e-13,9.276845958083868e-11
Labour,LORA,92112,0.0003,512,ols,482,2018-04-01,0.6738279173479291,0.9974573449338195,9.181492754325985,5.491747407703721e-13,8.36735125631094e-11
Labour,LORA,92112,0.0003,512,ols,483,2018-05-01,0.6583344030697986,1.013729133545486,9.83418746203079,6.91252123767315e-13,4.729372449219227e-11
Labour,LORA,92112,0.0003,512,ols,484,2018-06-01,0.7219419414898698,1.0871118025342885,10.067561752992308,7.510145851536872e-13,8.185452315956354e-11
Labour,LORA,92112,0.0003,512,ols,485,2018-07-01,0.7760920844282714,1.129230234090403,10.198781230594973,5.878806213762514e-13,4.9112713895738125e-11
Labour,LORA,92112,0.0003,512,ols,486,2018-08-01,0.7477717515013194,1.069227044351663,10.774939867124418,6.918857949205513e-13,5.093170329928398e-11
Labour,LORA,92112,0.0003,512,ols,487,2018-09-01,0.7653182257639777,1.0672136093379194,12.082336237527633,7.259586044716205e-13,8.185452315956354e-11
Labour,LORA,92112,0.0003,512,ols,488,2018-10-01,0.7100699491877687,0.9739928091421939,10.840079817370631,6.6113716191105e-13,6.184563972055912e-11
Labour,LORA,92112,0.0003,512,ols,489,2018-11-01,0.7390677868592993,1.0401991242962274,11.60268809794435,9.012050365223937e-13,8.003553375601768e-11
Labour,LORA,92112,0.0003,512,ols,490,2018-12-01,0.731221414859871,1.0555919269077632,11.024165831792347,5.685796213317737e-13,6.366462912410498e-11
Labour,LORA,92112,0.0003,512,ols,491,2019-01-01,0.6411443656415756,0.9771477046457201,8.681660116351127,7.69827346768622e-13,6.548361852765083e-11
Labour,LORA_SELF,92112,0.0003,512,unreconciled,455,2016-01-01,0.6960494148481625,1.0757000140535085,12.564000514839163,2.800478412393938,75.83095645904541
Labour,LORA_SELF,92112,0.0003,512,unreconciled,456,2016-02-01,0.7146182172685058,1.0631886159709807,13.582485032147478,2.4599175745980784,56.48423194885254
Labour,LORA_SELF,92112,0.0003,512,unreconciled,457,2016-03-01,0.69805791614484,1.0634114070098688,12.436252063197971,2.544190238093772,54.14104461669922
Labour,LORA_SELF,92112,0.0003,512,unreconciled,458,2016-04-01,0.6695303628483831,0.9957904591737567,11.080280217076902,2.5423715407388254,51.92164897918701
Labour,LORA_SELF,92112,0.0003,512,unreconciled,459,2016-05-01,0.6717998767367097,0.9661639167069513,11.2033525547383,2.3954915665743646,77.0116491317749
Labour,LORA_SELF,92112,0.0003,512,unreconciled,460,2016-06-01,0.6523296557623992,0.9438946474282235,10.803330012181492,2.3910550150954935,61.68249034881592
Labour,LORA_SELF,92112,0.0003,512,unreconciled,461,2016-07-01,0.6315702979915997,0.8839205419177342,9.856027708537507,2.7863183551364474,97.11076545715332
Labour,LORA_SELF,92112,0.0003,512,unreconciled,462,2016-08-01,0.6718969203386475,0.9063813460985229,10.291570419516798,2.973611767529047,87.24654769897461
Labour,LORA_SELF,92112,0.0003,512,unreconciled,463,2016-09-01,0.7585784893221914,0.962678606935442,11.61680066922578,2.7967064115736218,103.93123054504395
Labour,LORA_SELF,92112,0.0003,512,unreconciled,464,2016-10-01,0.8111680180606797,1.0056238885867554,13.261262605592925,2.8297866966292173,99.61676406860352
Labour,LORA_SELF,92112,0.0003,512,unreconciled,465,2016-11-01,0.808820485722328,1.0015114126998224,12.513579408494833,2.9634306918807893,92.1944351196289
Labour,LORA_SELF,92112,0.0003,512,unreconciled,466,2016-12-01,0.8269512339957983,0.9326351376643387,13.075188360593955,3.246221479616667,102.1169376373291
Labour,LORA_SELF,92112,0.0003,512,unreconciled,467,2017-01-01,0.7795293865133,0.9141812652181307,11.572007382384808,3.094722061826472,83.97824287414551
Labour,LORA_SELF,92112,0.0003,512,unreconciled,468,2017-02-01,0.9814722871633396,0.9932979442390204,16.174206691612294,2.612104438201726,78.04678916931152
Labour,LORA_SELF,92112,0.0003,512,unreconciled,469,2017-03-01,0.9439778586460439,0.9476513342540973,14.653943553297818,3.223047736095406,111.71927738189697
Labour,LORA_SELF,92112,0.0003,512,unreconciled,470,2017-04-01,0.9438631299354519,0.9468860101801753,14.924341979333398,2.710490417759321,84.52609634399414
Labour,LORA_SELF,92112,0.0003,512,unreconciled,471,2017-05-01,0.9294814590390037,1.0200365915769563,14.93322322721098,2.862455851850454,87.58289527893066
Labour,LORA_SELF,92112,0.0003,512,unreconciled,472,2017-06-01,0.7929556967021956,0.9304307287998463,12.32872763599679,2.9064159909187004,63.97703456878662
Labour,LORA_SELF,92112,0.0003,512,unreconciled,473,2017-07-01,0.7701316535649502,0.8794605622276178,12.311835184101058,3.315694358613756,83.47551250457764
Labour,LORA_SELF,92112,0.0003,512,unreconciled,474,2017-08-01,0.7656683549267599,0.8430594180565264,12.16764391646516,3.481010614082827,87.76296424865723
Labour,LORA_SELF,92112,0.0003,512,unreconciled,475,2017-09-01,0.765389923799374,0.808972377694577,12.38380019945941,3.512706640868159,93.84403228759766
Labour,LORA_SELF,92112,0.0003,512,unreconciled,476,2017-10-01,0.683333377833542,0.8198500561315127,10.785620138537737,3.2096879496211894,65.47539234161377
Labour,LORA_SELF,92112,0.0003,512,unreconciled,477,2017-11-01,0.7074748947492424,0.8785854266700406,10.810816444480274,3.1968409861737523,81.69081592559814
Labour,LORA_SELF,92112,0.0003,512,unreconciled,478,2017-12-01,0.6470632108755168,0.862841523263711,9.76472657333367,2.8648535522104006,72.85630798339844
Labour,LORA_SELF,92112,0.0003,512,unreconciled,479,2018-01-01,0.6172212754769795,0.9424923261169376,8.363855565715818,3.21199335410581,93.5632905960083
Labour,LORA_SELF,92112,0.0003,512,unreconciled,480,2018-02-01,0.7264474725311154,1.018663978761511,11.289300474019212,2.590620686436257,69.15135478973389
Labour,LORA_SELF,92112,0.0003,512,unreconciled,481,2018-03-01,0.6161525226443056,1.0005985140451916,8.306232052568584,2.344984843716984,35.009947776794434
Labour,LORA_SELF,92112,0.0003,512,unreconciled,482,2018-04-01,0.6667369577039322,1.0484632070500406,9.248001611986867,2.375526801884523,35.85886859893799
Labour,LORA_SELF,92112,0.0003,512,unreconciled,483,2018-05-01,0.6857946274034754,1.0669130945471454,9.909503804306711,2.212130690178676,58.974796295166016
Labour,LORA_SELF,92112,0.0003,512,unreconciled,484,2018-06-01,0.6963035074342396,1.1014935437882858,10.022784424524485,1.8471895756080137,29.096052169799805
Labour,LORA_SELF,92112,0.0003,512,unreconciled,485,2018-07-01,0.7321763148715175,1.1529205488423437,10.138762740605221,1.7946093918984396,27.558688163757324
Labour,LORA_SELF,92112,0.0003,512,unreconciled,486,2018-08-01,0.7699839759616856,1.106280649623384,10.823921513248253,2.0635518316637005,60.99206733703613
Labour,LORA_SELF,92112,0.0003,512,unreconciled,487,2018-09-01,0.7981168223896253,1.0751367761855066,12.055400547104156,2.658585289068389,90.78404331207275
Labour,LORA_SELF,92112,0.0003,512,unreconciled,488,2018-10-01,0.7328593038915042,0.9793556710511325,10.87230351492797,2.6636488800160367,76.49480628967285
Labour,LORA_SELF,92112,0.0003,512,unreconciled,489,2018-11-01,0.757827322996006,1.0505461632995874,11.584498701538521,2.8638510034795392,90.57627296447754
Labour,LORA_SELF,92112,0.0003,512,unreconciled,490,2018-12-01,0.7195573252581486,1.0184247016068109,10.862500342834926,3.685651365079378,117.74846935272217
Labour,LORA_SELF,92112,0.0003,512,unreconciled,491,2019-01-01,0.6197165671016407,0.9282568432033869,8.69925985264841,3.3428750944416423,117.4987678527832
Labour,LORA_SELF,92112,0.0003,512,bottom_up,455,2016-01-01,0.8311358248202367,1.0757000140535085,14.51978915428416,0.0,0.0
Labour,LORA_SELF,92112,0.0003,512,bottom_up,456,2016-02-01,0.7864052537054288,1.0631886159709807,14.273697547683392,0.0,0.0
Labour,LORA_SELF,92112,0.0003,512,bottom_up,457,2016-03-01,0.775059306154751,1.0634114070098688,13.450777100361108,0.0,0.0
Labour,LORA_SELF,92112,0.0003,512,bottom_up,458,2016-04-01,0.7498263403987201,0.9957904591737567,12.247663226395787,0.0,0.0
Labour,LORA_SELF,92112,0.0003,512,bottom_up,459,2016-05-01,0.6999759690734924,0.9661639167069513,11.495816230733874,0.0,0.0
Labour,LORA_SELF,92112,0.0003,512,bottom_up,460,2016-06-01,0.6746853001061719,0.9438946474282235,11.035861945699878,0.0,0.0
Labour,LORA_SELF,92112,0.0003,512,bottom_up,461,2016-07-01,0.6110143413871574,0.8839205419177342,9.56609544801733,0.0,0.0
Labour,LORA_SELF,92112,0.0003,512,bottom_up,462,2016-08-01,0.6275378869199411,0.9063813460985229,9.832449472066779,0.0,0.0
Labour,LORA_SELF,92112,0.0003,512,bottom_up,463,2016-09-01,0.6307863456169892,0.962678606935442,10.106375310376938,0.0,0.0
Labour,LORA_SELF,92112,0.0003,512,bottom_up,464,2016-10-01,0.7083469900144135,1.0056238885867554,11.91619823201572,0.0,0.0
Labour,LORA_SELF,92112,0.0003,512,bottom_up,465,2016-11-01,0.7138936848918529,1.0015114126998224,11.522624169974476,0.0,0.0
Labour,LORA_SELF,92112,0.0003,512,bottom_up,466,2016-12-01,0.7131315987702911,0.9326351376643387,11.48448102011567,0.0,0.0
Labour,LORA_SELF,92112,0.0003,512,bottom_up,467,2017-01-01,0.7259885992399778,0.9141812652181307,10.701212382373965,0.0,0.0
Labour,LORA_SELF,92112,0.0003,512,bottom_up,468,2017-02-01,0.8855402905459914,0.9932979442390204,14.770681369469377,0.0,0.0
Labour,LORA_SELF,92112,0.0003,512,bottom_up,469,2017-03-01,0.8310962852945819,0.9476513342540973,13.068534592462406,0.0,0.0
Labour,LORA_SELF,92112,0.0003,512,bottom_up,470,2017-04-01,0.8418575014610585,0.9468860101801753,13.552885759407154,0.0,0.0
Labour,LORA_SELF,92112,0.0003,512,bottom_up,471,2017-05-01,0.8505574693997089,1.0200365915769563,14.007599368459774,0.0,0.0
Labour,LORA_SELF,92112,0.0003,512,bottom_up,472,2017-06-01,0.7347768991188386,0.9304307287998463,11.195397762864594,0.0,0.0
Labour,LORA_SELF,92112,0.0003,512,bottom_up,473,2017-07-01,0.6726597229567168,0.8794605622276178,10.596320745772111,0.0,0.0
Labour,LORA_SELF,92112,0.0003,512,bottom_up,474,2017-08-01,0.6525777096579805,0.8430594180565264,10.595105783020774,0.0,0.0
Labour,LORA_SELF,92112,0.0003,512,bottom_up,475,2017-09-01,0.6480971636809008,0.808972377694577,10.481483146258583,0.0,0.0
Labour,LORA_SELF,92112,0.0003,512,bottom_up,476,2017-10-01,0.6479110288046372,0.8198500561315127,9.958387482274174,0.0,0.0
Labour,LORA_SELF,92112,0.0003,512,bottom_up,477,2017-11-01,0.6356102648650392,0.8785854266700406,9.350511559876693,0.0,0.0
Labour,LORA_SELF,92112,0.0003,512,bottom_up,478,2017-12-01,0.6400200609891455,0.862841523263711,9.062621594012237,0.0,0.0
Labour,LORA_SELF,92112,0.0003,512,bottom_up,479,2018-01-01,0.71302729783426,0.9424923261169376,8.850382471860957,0.0,0.0
Labour,LORA_SELF,92112,0.0003,512,bottom_up,480,2018-02-01,0.7689879704500284,1.018663978761511,10.826966489294652,0.0,0.0
Labour,LORA_SELF,92112,0.0003,512,bottom_up,481,2018-03-01,0.7347255096605576,1.0005985140451916,9.471309663998937,0.0,0.0
Labour,LORA_SELF,92112,0.0003,512,bottom_up,482,2018-04-01,0.7655965315282355,1.0484632070500406,10.329170894306854,0.0,0.0
Labour,LORA_SELF,92112,0.0003,512,bottom_up,483,2018-05-01,0.7621365594922819,1.0669130945471454,10.345227815321897,0.0,0.0
Labour,LORA_SELF,92112,0.0003,512,bottom_up,484,2018-06-01,0.7893485051779221,1.1014935437882858,10.782928503082422,0.0,0.0
Labour,LORA_SELF,92112,0.0003,512,bottom_up,485,2018-07-01,0.8275951707281481,1.1529205488423437,10.797669448410232,0.0,0.0
Labour,LORA_SELF,92112,0.0003,512,bottom_up,486,2018-08-01,0.8241648409713287,1.106280649623384,10.768055640496971,0.0,0.0
Labour,LORA_SELF,92112,0.0003,512,bottom_up,487,2018-09-01,0.7822248702545769,1.0751367761855066,11.02166621025227,0.0,0.0
Labour,LORA_SELF,92112,0.0003,512,bottom_up,488,2018-10-01,0.7411189485549917,0.9793556710511325,10.041555168354627,0.0,0.0
Labour,LORA_SELF,92112,0.0003,512,bottom_up,489,2018-11-01,0.7574085282755044,1.0505461632995874,10.916693706063317,0.0,0.0
Labour,LORA_SELF,92112,0.0003,512,bottom_up,490,2018-12-01,0.7427653387703035,1.0184247016068109,10.690491789200829,0.0,0.0
Labour,LORA_SELF,92112,0.0003,512,bottom_up,491,2019-01-01,0.7220421098166587,0.9282568432033869,9.863003387034293,0.0,0.0
Labour,LORA_SELF,92112,0.0003,512,mint_shrink,455,2016-01-01,0.6732142931382947,1.093153577808462,12.543483042048228,2.361931313300789e-13,1.6370904631912708e-11
Labour,LORA_SELF,92112,0.0003,512,mint_shrink,456,2016-02-01,0.726614065439543,1.0836702144918886,13.771238117938394,4.225132264849496e-13,3.2741809263825417e-11
Labour,LORA_SELF,92112,0.0003,512,mint_shrink,457,2016-03-01,0.6970944060771329,1.0641162403670492,12.127098339240957,3.421304824891652e-13,2.3646862246096134e-11
Labour,LORA_SELF,92112,0.0003,512,mint_shrink,458,2016-04-01,0.6812127455124412,0.9793473365909482,10.60954886796808,3.648907037472117e-13,3.637978807091713e-11
Labour,LORA_SELF,92112,0.0003,512,mint_shrink,459,2016-05-01,0.6979446253152929,1.000411846007517,11.23814842338077,3.6166001967087553e-13,2.3646862246096134e-11
Labour,LORA_SELF,92112,0.0003,512,mint_shrink,460,2016-06-01,0.7006179541942223,1.035798152990079,11.082189443972613,3.3923221606698584e-13,2.9103830456733704e-11
Labour,LORA_SELF,92112,0.0003,512,mint_shrink,461,2016-07-01,0.7156413926267718,1.0101618037842064,10.968493939412069,3.1064429780950344e-13,2.1827872842550278e-11
Labour,LORA_SELF,92112,0.0003,512,mint_shrink,462,2016-08-01,0.7651701900824295,1.0369651232166284,11.187242415506624,3.2831437373827435e-13,2.9103830456733704e-11
Labour,LORA_SELF,92112,0.0003,512,mint_shrink,463,2016-09-01,0.8614921767869214,1.121534493603734,12.252582047437425,3.2406566059608314e-13,2.546585164964199e-11
Labour,LORA_SELF,92112,0.0003,512,mint_shrink,464,2016-10-01,0.9673946583233821,1.1974662811768524,15.300151311842304,3.946420837942428e-13,4.18367562815547e-11
Labour,LORA_SELF,92112,0.0003,512,mint_shrink,465,2016-11-01,0.9788043730776821,1.1860075978702722,15.080618641580955,2.793658741636897e-13,2.3646862246096134e-11
Labour,LORA_SELF,92112,0.0003,512,mint_shrink,466,2016-12-01,0.9676323828340037,1.116501416857083,14.93299131226526,3.1397886240276356e-13,2.546585164964199e-11
Labour,LORA_SELF,92112,0.0003,512,mint_shrink,467,2017-01-01,0.8785914279713711,1.0305131510261853,12.942359379080758,3.7494633778545404e-13,3.2741809263825417e-11
Labour,LORA_SELF,92112,0.0003,512,mint_shrink,468,2017-02-01,1.1093569131700343,1.1706130515857356,17.929551109741013,3.2122972248405815e-13,1.4551915228366852e-11
Labour,LORA_SELF,92112,0.0003,512,mint_shrink,469,2017-03-01,1.0513545359775067,1.1011311660848881,16.111863946837182,3.6069393086348244e-13,2.9103830456733704e-11
Labour,LORA_SELF,92112,0.0003,512,mint_shrink,470,2017-04-01,1.0476626066590353,1.0773293179285277,16.427859664767073,4.017475111518438e-13,4.3655745685100555e-11
Labour,LORA_SELF,92112,0.0003,512,mint_shrink,471,2017-05-01,1.053138911277905,1.1659461512140106,16.80679164877824,4.0926846057714077e-13,3.092281986027956e-11
Labour,LORA_SELF,92112,0.0003,512,mint_shrink,472,2017-06-01,0.9468674909890237,1.087197034466128,14.31662888710176,3.731803689977462e-13,4.18367562815547e-11
Labour,LORA_SELF,92112,0.0003,512,mint_shrink,473,2017-07-01,0.8886267436011113,1.0126310267949596,13.440207297302528,3.1667975584278736e-13,2.7284841053187847e-11
Labour,LORA_SELF,92112,0.0003,512,mint_shrink,474,2017-08-01,0.914761346339841,1.0327239857012582,13.77379093989604,3.515108931674016e-13,2.7284841053187847e-11
Labour,LORA_SELF,92112,0.0003,512,mint_shrink,475,2017-09-01,0.8971469571558799,0.9928431434242949,13.910730707974203,3.3790254545035877e-13,3.456079866737127e-11
Labour,LORA_SELF,92112,0.0003,512,mint_shrink,476,2017-10-01,0.8413001600539365,1.0023535711714782,12.903817353177338,3.941538453647e-13,3.2741809263825417e-11
Labour,LORA_SELF,92112,0.0003,512,mint_shrink,477,2017-11-01,0.868166003486494,1.1138003014538198,13.044460261259841,3.685369098912438e-13,3.092281986027956e-11
Labour,LORA_SELF,92112,0.0003,512,mint_shrink,478,2017-12-01,0.7877525210163401,1.0597197240983656,11.766852184060516,2.8503775038773963e-13,1.4551915228366852e-11
Labour,LORA_SELF,92112,0.0003,512,mint_shrink,479,2018-01-01,0.663462615452411,1.0370243238860486,8.5613702541626,3.410293490097709e-13,2.9103830456733704e-11
Labour,LORA_SELF,92112,0.0003,512,mint_shrink,480,2018-02-01,0.8327075673368343,1.1129277624309055,12.64243544975757,3.3684296417773403e-13,2.3646862246096134e-11
Labour,LORA_SELF,92112,0.0003,512,mint_shrink,481,2018-03-01,0.6986614442622917,1.0410206315988713,9.341520090638888,3.3823496310451555e-13,2.9103830456733704e-11
Labour,LORA_SELF,92112,0.0003,512,mint_shrink,482,2018-04-01,0.7410848518281349,1.1258414134203552,10.685696940131969,3.99202438487206e-13,2.3646862246096134e-11
Labour,LORA_SELF,92112,0.0003,512,mint_shrink,483,2018-05-01,0.7141381048917871,1.1254171936781643,10.620133261522124,4.087490579925208e-13,2.546585164964199e-11
Labour,LORA_SELF,92112,0.0003,512,mint_shrink,484,2018-06-01,0.7500029856051696,1.1163869769486032,11.2742253970732,3.3806875427743716e-13,2.546585164964199e-11
Labour,LORA_SELF,92112,0.0003,512,mint_shrink,485,2018-07-01,0.7527076533026127,1.1572901629069179,10.647653954909018,3.9613796323794825e-13,3.2741809263825417e-11
Labour,LORA_SELF,92112,0.0003,512,mint_shrink,486,2018-08-01,0.7657629361191282,1.0808449606052766,10.884080862820369,3.516978780978648e-13,2.3646862246096134e-11
Labour,LORA_SELF,92112,0.0003,512,mint_shrink,487,2018-09-01,0.7775098950510604,1.0923745215226608,11.908086657840055,3.161811293615522e-13,2.1827872842550278e-11
Labour,LORA_SELF,92112,0.0003,512,mint_shrink,488,2018-10-01,0.7534668214515265,1.0101678068761593,11.092304986059233,3.58938350127467e-13,2.3646862246096134e-11
Labour,LORA_SELF,92112,0.0003,512,mint_shrink,489,2018-11-01,0.7377427061672469,1.037740228149792,11.150997280016938,3.2510446576532303e-13,2.000888343900442e-11
Labour,LORA_SELF,92112,0.0003,512,mint_shrink,490,2018-12-01,0.7470642916732979,1.0351045129651975,10.963771058685529,3.824361230556738e-13,2.9103830456733704e-11
Labour,LORA_SELF,92112,0.0003,512,mint_shrink,491,2019-01-01,0.675529459337306,0.9223735103853945,9.053574349133191,3.5734897821852993e-13,2.546585164964199e-11
Labour,LORA_SELF,92112,0.0003,512,ols,455,2016-01-01,0.6874907546126583,1.0461952293745174,12.391251316730466,5.148733940820702e-13,4.3655745685100555e-11
Labour,LORA_SELF,92112,0.0003,512,ols,456,2016-02-01,0.7181951928866745,1.0346430467607726,13.469405451749882,6.55569166203924e-13,6.184563972055912e-11
Labour,LORA_SELF,92112,0.0003,512,ols,457,2016-03-01,0.6949022929172533,1.0594685956037908,12.37641288162319,5.313176799111381e-13,5.275069270282984e-11
Labour,LORA_SELF,92112,0.0003,512,ols,458,2016-04-01,0.6569395408897527,0.9729389694490693,11.014122282897485,5.769835551509246e-13,5.093170329928398e-11
Labour,LORA_SELF,92112,0.0003,512,ols,459,2016-05-01,0.681790896693462,0.961813535225708,11.179694729067666,9.345714585583797e-13,6.184563972055912e-11
Labour,LORA_SELF,92112,0.0003,512,ols,460,2016-06-01,0.6565105825924549,0.9344312109333901,10.7413011114906,6.79565565613366e-13,8.549250196665525e-11
Labour,LORA_SELF,92112,0.0003,512,ols,461,2016-07-01,0.6895920169436377,0.9350201504918523,9.976808950526129,7.503913020521433e-13,8.185452315956354e-11
Labour,LORA_SELF,92112,0.0003,512,ols,462,2016-08-01,0.7012647737622704,0.9555385287268469,10.359813692487188,5.092950103232519e-13,5.820766091346741e-11
Labour,LORA_SELF,92112,0.0003,512,ols,463,2016-09-01,0.8315242837829555,1.0423496662699154,12.025669213968264,6.877929025537461e-13,7.275957614183426e-11
Labour,LORA_SELF,92112,0.0003,512,ols,464,2016-10-01,0.896054423524526,1.0677246813177745,13.765089029732067,6.636926226273801e-13,7.09405867382884e-11
Labour,LORA_SELF,92112,0.0003,512,ols,465,2016-11-01,0.9155994400770571,1.090270400396914,13.2391681735807,7.81721665956419e-13,6.912159733474255e-11
Labour,LORA_SELF,92112,0.0003,512,ols,466,2016-12-01,0.9052273262670214,1.0035300189797143,13.60919075976605,6.949191060147319e-13,6.366462912410498e-11
Labour,LORA_SELF,92112,0.0003,512,ols,467,2017-01-01,0.8144258842911067,0.9515966914430021,11.846647470144166,8.279381079359027e-13,9.640643838793039e-11
Labour,LORA_SELF,92112,0.0003,512,ols,468,2017-02-01,1.0020935143782488,1.0245273122138618,16.42192149660947,7.465581109776479e-13,6.730260793119669e-11
Labour,LORA_SELF,92112,0.0003,512,ols,469,2017-03-01,0.9981626382030183,1.0240189053826794,15.244215934787581,5.672603387668391e-13,8.185452315956354e-11
Labour,LORA_SELF,92112,0.0003,512,ols,470,2017-04-01,0.9836491913070287,0.9960554847084515,15.363126610796527,5.868729803620886e-13,5.093170329928398e-11
Labour,LORA_SELF,92112,0.0003,512,ols,471,2017-05-01,0.9595745365476951,1.0294484638438612,15.370517427307734,6.925714063322497e-13,7.275957614183426e-11
Labour,LORA_SELF,92112,0.0003,512,ols,472,2017-06-01,0.786040750246243,0.9095391235114265,12.333797229122828,5.701274410339412e-13,6.184563972055912e-11
Labour,LORA_SELF,92112,0.0003,512,ols,473,2017-07-01,0.7632352639671848,0.883451080832505,12.401553468027338,7.815242929742635e-13,1.2369127944111824e-10
Labour,LORA_SELF,92112,0.0003,512,ols,474,2017-08-01,0.7659023656026877,0.8765597302670471,12.256757086143603,4.930792616314169e-13,7.457856554538012e-11
Labour,LORA_SELF,92112,0.0003,512,ols,475,2017-09-01,0.7835668443144093,0.839313610063949,12.625353013235241,6.14941496034951e-13,6.184563972055912e-11
Labour,LORA_SELF,92112,0.0003,512,ols,476,2017-10-01,0.6935388192785479,0.8262410730246406,10.835194650769369,7.489681389702846e-13,1.1823431123048067e-10
Labour,LORA_SELF,92112,0.0003,512,ols,477,2017-11-01,0.709292249651687,0.8930448269379196,10.977525703094495,9.13546041932964e-13,1.1095835361629725e-10
Labour,LORA_SELF,92112,0.0003,512,ols,478,2017-12-01,0.6393327768276875,0.8673021718503033,9.743243959940799,9.29865671141723e-13,8.36735125631094e-11
Labour,LORA_SELF,92112,0.0003,512,ols,479,2018-01-01,0.5734821829669885,0.8832561433276206,8.166968402947603,6.365901957619108e-13,5.4569682106375694e-11
Labour,LORA_SELF,92112,0.0003,512,ols,480,2018-02-01,0.7107778182068331,0.9687086483392413,11.249331042994175,6.816743401069231e-13,8.36735125631094e-11
Labour,LORA_SELF,92112,0.0003,512,ols,481,2018-03-01,0.6311920209992499,0.9350857753420949,8.13906399550526,7.498718994675233e-13,6.730260793119669e-11
Labour,LORA_SELF,92112,0.0003,512,ols,482,2018-04-01,0.6724406704268922,0.9973579774342556,9.121008429563345,5.901452166451943e-13,5.638867150992155e-11
Labour,LORA_SELF,92112,0.0003,512,ols,483,2018-05-01,0.6582443256472303,1.0143073607240756,9.812628374749677,7.190401620444827e-13,9.094947017729282e-11
Labour,LORA_SELF,92112,0.0003,512,ols,484,2018-06-01,0.7210845154113991,1.0869738598685525,10.056664654788872,8.274706456097447e-13,7.639755494892597e-11
Labour,LORA_SELF,92112,0.0003,512,ols,485,2018-07-01,0.7767072155679955,1.1299805988083167,10.186778533275664,6.546134654482233e-13,5.638867150992155e-11
Labour,LORA_SELF,92112,0.0003,512,ols,486,2018-08-01,0.7475797494289214,1.0691847191149493,10.761376299397115,6.467393222653848e-13,4.3655745685100555e-11
Labour,LORA_SELF,92112,0.0003,512,ols,487,2018-09-01,0.766327558322604,1.067284968911415,12.102017199305106,7.316928090058248e-13,9.640643838793039e-11
Labour,LORA_SELF,92112,0.0003,512,ols,488,2018-10-01,0.7109986547336002,0.9740749738552262,10.860124930947881,7.668355878812111e-13,8.36735125631094e-11
Labour,LORA_SELF,92112,0.0003,512,ols,489,2018-11-01,0.7397840272137914,1.0410890629640732,11.612397439397512,4.998938235416307e-13,4.001776687800884e-11
Labour,LORA_SELF,92112,0.0003,512,ols,490,2018-12-01,0.729611953599832,1.0548026541094084,10.999155282365633,7.2677926055532e-13,8.549250196665525e-11
Labour,LORA_SELF,92112,0.0003,512,ols,491,2019-01-01,0.6401036300331351,0.9760861952012994,8.673586659156708,7.337392551892274e-13,8.185452315956354e-11
Labour,LORA_POOL,92112,0.0003,512,unreconciled,455,2016-01-01,0.6954226530343659,1.0753673618586697,12.54613950039143,2.7980179995821235,75.33717918395996
Labour,LORA_POOL,92112,0.0003,512,unreconciled,456,2016-02-01,0.7147656093281267,1.0632883318510622,13.587629650555503,2.4535156202595134,56.02145576477051
Labour,LORA_POOL,92112,0.0003,512,unreconciled,457,2016-03-01,0.6977159115580047,1.063155575671419,12.431232779985333,2.535090800614385,53.774600982666016
Labour,LORA_POOL,92112,0.0003,512,unreconciled,458,2016-04-01,0.6693758914752149,0.9957480796009736,11.07763265822884,2.5285306339375455,51.339942932128906
Labour,LORA_POOL,92112,0.0003,512,unreconciled,459,2016-05-01,0.6716957731595279,0.9655997401350784,11.195847667060425,2.385951470213327,75.87480163574219
Labour,LORA_POOL,92112,0.0003,512,unreconciled,460,2016-06-01,0.6523643801233816,0.943846683820821,10.798926153981704,2.3780526571106493,60.94192886352539
Labour,LORA_POOL,92112,0.0003,512,unreconciled,461,2016-07-01,0.6318796295671736,0.883745086631379,9.854850104715366,2.7759583107909265,96.38928413391113
Labour,LORA_POOL,92112,0.0003,512,unreconciled,462,2016-08-01,0.672140898082832,0.9059624523954616,10.29513436596746,2.9562525540067437,86.43633270263672
Labour,LORA_POOL,92112,0.0003,512,unreconciled,463,2016-09-01,0.7584579908416438,0.9629214666487644,11.62162170203432,2.7743106920119613,102.96099090576172
Labour,LORA_POOL,92112,0.0003,512,unreconciled,464,2016-10-01,0.8116166492138915,1.0062299193701398,13.276645327700216,2.809238143831666,98.37190341949463
Labour,LORA_POOL,92112,0.0003,512,unreconciled,465,2016-11-01,0.8092609924782344,1.0018436711952794,12.532151501945368,2.9505454643427975,91.2084903717041
Labour,LORA_POOL,92112,0.0003,512,unreconciled,466,2016-12-01,0.8274472219080269,0.9328009092715439,13.090323278455413,3.241412376102648,101.53207778930664
Labour,LORA_POOL,92112,0.0003,512,unreconciled,467,2017-01-01,0.780222754973861,0.9141322486662311,11.591297356879018,3.0922621941705892,83.83765506744385
Labour,LORA_POOL,92112,0.0003,512,unreconciled,468,2017-02-01,0.9815061435218485,0.9934379787750909,16.17532329226239,2.6016890026672543,77.46385383605957
Labour,LORA_POOL,92112,0.0003,512,unreconciled,469,2017-03-01,0.9446210022762176,0.947729263238086,14.668561355049492,3.2179736672786245,111.40588092803955
Labour,LORA_POOL,92112,0.0003,512,unreconciled,470,2017-04-01,0.944427556219899,0.9470531316750206,14.940812010067813,2.7042935786888616,84.16273880004883
Labour,LORA_POOL,92112,0.0003,512,unreconciled,471,2017-05-01,0.9298407619545715,1.0199557286384038,14.944280852481198,2.8664022774724236,87.38011741638184
Labour,LORA_POOL,92112,0.0003,512,unreconciled,472,2017-06-01,0.7936296247492098,0.9307371903062073,12.343711680686678,2.8989385359468516,63.09917736053467
Labour,LORA_POOL,92112,0.0003,512,unreconciled,473,2017-07-01,0.7706316098965907,0.8793363704966475,12.32212940958188,3.3031262333630123,82.60600662231445
Labour,LORA_POOL,92112,0.0003,512,unreconciled,474,2017-08-01,0.7658875835562458,0.8432269610125032,12.17676359151909,3.468492219322606,86.75017070770264
Labour,LORA_POOL,92112,0.0003,512,unreconciled,475,2017-09-01,0.7651484365708893,0.8091018991637112,12.377624034486557,3.5044896240122836,93.15377616882324
Labour,LORA_POOL,92112,0.0003,512,unreconciled,476,2017-10-01,0.6829525894611985,0.8193804599451557,10.779932114875942,3.199340053469117,64.67959308624268
Labour,LORA_POOL,92112,0.0003,512,unreconciled,477,2017-11-01,0.7070055910663415,0.8780280882246525,10.806597254061204,3.1872968771304304,80.68853950500488
Labour,LORA_POOL,92112,0.0003,512,unreconciled,478,2017-12-01,0.646902958929603,0.8623781938078198,9.768473562511351,2.8604292005126237,72.24244499206543
Labour,LORA_POOL,92112,0.0003,512,unreconciled,479,2018-01-01,0.6172679170176112,0.9415147599733655,8.36850627640386,3.2127919364393804,93.37689399719238
Labour,LORA_POOL,92112,0.0003,512,unreconciled,480,2018-02-01,0.7270271560031378,1.0183209520769636,11.307863286402764,2.5898381478605215,68.84273147583008
Labour,LORA_POOL,92112,0.0003,512,unreconciled,481,2018-03-01,0.6167311342053534,0.9995375540008831,8.323033003387527,2.3483200073242188,35.37807273864746
Labour,LORA_POOL,92112,0.0003,512,unreconciled,482,2018-04-01,0.6671458289007539,1.0474162109994525,9.264917297185841,2.3718652362711947,36.19080448150635
Labour,LORA_POOL,92112,0.0003,512,unreconciled,483,2018-05-01,0.6866413519309499,1.066274792192145,9.929885136447629,2.2134013677898206,59.440579414367676
Labour,LORA_POOL,92112,0.0003,512,unreconciled,484,2018-06-01,0.6974252833310546,1.1014634688993186,10.052716349020962,1.8345923995413975,28.936803817749023
Labour,LORA_POOL,92112,0.0003,512,unreconciled,485,2018-07-01,0.7326137379286946,1.1526503598050941,10.156303093688692,1.7897308695386027,27.635581016540527
Labour,LORA_POOL,92112,0.0003,512,unreconciled,486,2018-08-01,0.7699502837528398,1.1060323896001776,10.83010165186409,2.042933841894942,60.04471969604492
Labour,LORA_POOL,92112,0.0003,512,unreconciled,487,2018-09-01,0.7980112764370532,1.075008412794896,12.054762748125585,2.6387910117879945,89.9252872467041
Labour,LORA_POOL,92112,0.0003,512,unreconciled,488,2018-10-01,0.7330672258648714,0.9789393424006725,10.881833982353987,2.6391984872650682,75.6532793045044
Labour,LORA_POOL,92112,0.0003,512,unreconciled,489,2018-11-01,0.757862189259167,1.0500968872490668,11.58851442409226,2.841985783381769,89.63485145568848
Labour,LORA_POOL,92112,0.0003,512,unreconciled,490,2018-12-01,0.7196537476628475,1.0180976683720646,10.864129550401394,3.673144294504534,117.39303684234619
Labour,LORA_POOL,92112,0.0003,512,unreconciled,491,2019-01-01,0.6201655013852185,0.9281723372548641,8.704723389851427,3.3399252445377106,116.97195434570312
Labour,LORA_POOL,92112,0.0003,512,bottom_up,455,2016-01-01,0.8297037021558286,1.0753673618586697,14.487582842497059,0.0,0.0
Labour,LORA_POOL,92112,0.0003,512,bottom_up,456,2016-02-01,0.7865496903021849,1.0632883318510622,14.280021752468478,0.0,0.0
Labour,LORA_POOL,92112,0.0003,512,bottom_up,457,2016-03-01,0.7743639598204008,1.063155575671419,13.44231460193642,0.0,0.0
Labour,LORA_POOL,92112,0.0003,512,bottom_up,458,2016-04-01,0.7494968836160163,0.9957480796009736,12.244749768090294,0.0,0.0
Labour,LORA_POOL,92112,0.0003,512,bottom_up,459,2016-05-01,0.6995831239167343,0.9655997401350784,11.483560335596678,0.0,0.0
Labour,LORA_POOL,92112,0.0003,512,bottom_up,460,2016-06-01,0.6742827200067607,0.943846683820821,11.027856289660038,0.0,0.0
Labour,LORA_POOL,92112,0.0003,512,bottom_up,461,2016-07-01,0.6107353517338403,0.883745086631379,9.558366492118266,0.0,0.0
Labour,LORA_POOL,92112,0.0003,512,bottom_up,462,2016-08-01,0.6270551291882847,0.9059624523954616,9.828966762646555,0.0,0.0
Labour,LORA_POOL,92112,0.0003,512,bottom_up,463,2016-09-01,0.6313811249071162,0.9629214666487644,10.12607305741227,0.0,0.0
Labour,LORA_POOL,92112,0.0003,512,bottom_up,464,2016-10-01,0.7101394211816501,1.0062299193701398,11.95452631068893,0.0,0.0
Labour,LORA_POOL,92112,0.0003,512,bottom_up,465,2016-11-01,0.715632028247071,1.0018436711952794,11.566136024302763,0.0,0.0
Labour,LORA_POOL,92112,0.0003,512,bottom_up,466,2016-12-01,0.7142969725945554,0.9328009092715439,11.510307165799412,0.0,0.0
Labour,LORA_POOL,92112,0.0003,512,bottom_up,467,2017-01-01,0.7270962157563731,0.9141322486662311,10.726506854703695,0.0,0.0
Labour,LORA_POOL,92112,0.0003,512,bottom_up,468,2017-02-01,0.8865352361984375,0.9934379787750909,14.795177877392883,0.0,0.0
Labour,LORA_POOL,92112,0.0003,512,bottom_up,469,2017-03-01,0.8320661167455179,0.947729263238086,13.092403998175403,0.0,0.0
Labour,LORA_POOL,92112,0.0003,512,bottom_up,470,2017-04-01,0.8429463018540231,0.9470531316750206,13.585313625266515,0.0,0.0
Labour,LORA_POOL,92112,0.0003,512,bottom_up,471,2017-05-01,0.8513182957038956,1.0199557286384038,14.02948806953217,0.0,0.0
Labour,LORA_POOL,92112,0.0003,512,bottom_up,472,2017-06-01,0.7360936614402005,0.9307371903062073,11.228848301094127,0.0,0.0
Labour,LORA_POOL,92112,0.0003,512,bottom_up,473,2017-07-01,0.6735087253486807,0.8793363704966475,10.616127273026985,0.0,0.0
Labour,LORA_POOL,92112,0.0003,512,bottom_up,474,2017-08-01,0.6532337642671002,0.8432269610125032,10.6170260429538,0.0,0.0
Labour,LORA_POOL,92112,0.0003,512,bottom_up,475,2017-09-01,0.6482943030194999,0.8091018991637112,10.489723439580585,0.0,0.0
Labour,LORA_POOL,92112,0.0003,512,bottom_up,476,2017-10-01,0.6477685895669694,0.8193804599451557,9.96212872100787,0.0,0.0
Labour,LORA_POOL,92112,0.0003,512,bottom_up,477,2017-11-01,0.6357286343895057,0.8780280882246525,9.363336468908434,0.0,0.0
Labour,LORA_POOL,92112,0.0003,512,bottom_up,478,2017-12-01,0.6397765473859746,0.8623781938078198,9.069998514018991,0.0,0.0
Labour,LORA_POOL,92112,0.0003,512,bottom_up,479,2018-01-01,0.7123361923003135,0.9415147599733655,8.852978623617982,0.0,0.0
Labour,LORA_POOL,92112,0.0003,512,bottom_up,480,2018-02-01,0.7692080080370501,1.0183209520769636,10.840489563913591,0.0,0.0
Labour,LORA_POOL,92112,0.0003,512,bottom_up,481,2018-03-01,0.7344130156387431,0.9995375540008831,9.47790600346659,0.0,0.0
Labour,LORA_POOL,92112,0.0003,512,bottom_up,482,2018-04-01,0.7652425014194268,1.0474162109994525,10.332419960868656,0.0,0.0
Labour,LORA_POOL,92112,0.0003,512,bottom_up,483,2018-05-01,0.7618236366452331,1.066274792192145,10.345919303343623,0.0,0.0
Labour,LORA_POOL,92112,0.0003,512,bottom_up,484,2018-06-01,0.7894915720562721,1.1014634688993186,10.800222724794663,0.0,0.0
Labour,LORA_POOL,92112,0.0003,512,bottom_up,485,2018-07-01,0.8276363768378697,1.1526503598050941,10.813701667343338,0.0,0.0
Labour,LORA_POOL,92112,0.0003,512,bottom_up,486,2018-08-01,0.8241750663541039,1.1060323896001776,10.782780469529289,0.0,0.0
Labour,LORA_POOL,92112,0.0003,512,bottom_up,487,2018-09-01,0.7823168283159029,1.075008412794896,11.029178790833846,0.0,0.0
Labour,LORA_POOL,92112,0.0003,512,bottom_up,488,2018-10-01,0.7413203087341589,0.9789393424006725,10.058915521281282,0.0,0.0
Labour,LORA_POOL,92112,0.0003,512,bottom_up,489,2018-11-01,0.7574188962588744,1.0500968872490668,10.92736462370926,0.0,0.0
Labour,LORA_POOL,92112,0.0003,512,bottom_up,490,2018-12-01,0.7420986806581025,1.0180976683720646,10.688925624526014,0.0,0.0
Labour,LORA_POOL,92112,0.0003,512,bottom_up,491,2019-01-01,0.7211273240570867,0.9281723372548641,9.85230365198398,0.0,0.0
Labour,LORA_POOL,92112,0.0003,512,mint_shrink,455,2016-01-01,0.6729870380165488,1.0937787332283748,12.535327642889301,2.9958102275709836e-13,2.1827872842550278e-11
Labour,LORA_POOL,92112,0.0003,512,mint_shrink,456,2016-02-01,0.7269566029134966,1.085144936674475,13.781647190563634,3.690978646826333e-13,3.456079866737127e-11
Labour,LORA_POOL,92112,0.0003,512,mint_shrink,457,2016-03-01,0.6971792259183578,1.0655478475215343,12.144812564389342,3.39730842548221e-13,3.8198777474462986e-11
Labour,LORA_POOL,92112,0.0003,512,mint_shrink,458,2016-04-01,0.6811081338848826,0.979738946286919,10.620730500689183,2.9983033599771595e-13,2.000888343900442e-11
Labour,LORA_POOL,92112,0.0003,512,mint_shrink,459,2016-05-01,0.6979326574300587,1.0001115806604883,11.23876270830228,3.8083636309504436e-13,3.2741809263825417e-11
Labour,LORA_POOL,92112,0.0003,512,mint_shrink,460,2016-06-01,0.7007039394402232,1.0349384568730926,11.091448187147256,3.541286821938862e-13,3.092281986027956e-11
Labour,LORA_POOL,92112,0.0003,512,mint_shrink,461,2016-07-01,0.7158972877901555,1.0092646175102689,10.97603396923535,3.3115031185029934e-13,3.456079866737127e-11
Labour,LORA_POOL,92112,0.0003,512,mint_shrink,462,2016-08-01,0.7655477927845742,1.0362509477130801,11.201215658556682,3.1431128005692034e-13,1.8189894035458565e-11
Labour,LORA_POOL,92112,0.0003,512,mint_shrink,463,2016-09-01,0.8615580540201914,1.121889339353538,12.265556109522645,2.8833076277423014e-13,2.9103830456733704e-11
Labour,LORA_POOL,92112,0.0003,512,mint_shrink,464,2016-10-01,0.9679818700924163,1.1970002205083397,15.323004078933007,3.187469781295748e-13,1.8189894035458565e-11
Labour,LORA_POOL,92112,0.0003,512,mint_shrink,465,2016-11-01,0.9794993594146209,1.1860937383527654,15.10768546189883,2.9941481393001997e-13,2.1827872842550278e-11
Labour,LORA_POOL,92112,0.0003,512,mint_shrink,466,2016-12-01,0.9678207313539227,1.1166382183482073,14.942166213947408,3.4229669131624357e-13,2.3646862246096134e-11
Labour,LORA_POOL,92112,0.0003,512,mint_shrink,467,2017-01-01,0.8785634672709881,1.0303484947008155,12.944200483438781,3.3531592057895136e-13,2.546585164964199e-11
Labour,LORA_POOL,92112,0.0003,512,mint_shrink,468,2017-02-01,1.109252187274572,1.1703694374045002,17.927914544738833,3.9636650037518104e-13,2.1827872842550278e-11
Labour,LORA_POOL,92112,0.0003,512,mint_shrink,469,2017-03-01,1.051337919858021,1.1008454122024887,16.107182911738633,3.77730335639017e-13,2.9103830456733704e-11
Labour,LORA_POOL,92112,0.0003,512,mint_shrink,470,2017-04-01,1.048631918802763,1.0781360181327928,16.44618882408281,3.6162885551579834e-13,2.3646862246096134e-11
Labour,LORA_POOL,92112,0.0003,512,mint_shrink,471,2017-05-01,1.0548744115765905,1.1674980471676104,16.833882126183788,2.9281840110534654e-13,1.8189894035458565e-11
Labour,LORA_POOL,92112,0.0003,512,mint_shrink,472,2017-06-01,0.9482344076058848,1.0884917413829507,14.342004578247282,3.981532452662737e-13,2.7284841053187847e-11
Labour,LORA_POOL,92112,0.0003,512,mint_shrink,473,2017-07-01,0.8894008807351527,1.0133415295119224,13.446343752750613,3.6881738728693853e-13,4.001776687800884e-11
Labour,LORA_POOL,92112,0.0003,512,mint_shrink,474,2017-08-01,0.9144007089823507,1.0324965102273396,13.75730779173465,3.330617133617008e-13,2.7284841053187847e-11
Labour,LORA_POOL,92112,0.0003,512,mint_shrink,475,2017-09-01,0.896251255049076,0.992647473062542,13.878943265072323,3.832879432944505e-13,2.3646862246096134e-11
Labour,LORA_POOL,92112,0.0003,512,mint_shrink,476,2017-10-01,0.8407587040735631,1.001566442927108,12.878653293903941,3.233488850293076e-13,2.000888343900442e-11
Labour,LORA_POOL,92112,0.0003,512,mint_shrink,477,2017-11-01,0.8674288408208494,1.1126717772345271,13.017605070061597,3.476984781962911e-13,2.9103830456733704e-11
Labour,LORA_POOL,92112,0.0003,512,mint_shrink,478,2017-12-01,0.7874788634200449,1.0596116872349832,11.747135704009255,3.3556523381956895e-13,2.000888343900442e-11
Labour,LORA_POOL,92112,0.0003,512,mint_shrink,479,2018-01-01,0.6645602876924785,1.0376841541187973,8.57695995547535,3.7127935553803715e-13,2.9103830456733704e-11
Labour,LORA_POOL,92112,0.0003,512,mint_shrink,480,2018-02-01,0.832952782009124,1.11327353472679,12.636792840931957,2.753872503655008e-13,2.000888343900442e-11
Labour,LORA_POOL,92112,0.0003,512,mint_shrink,481,2018-03-01,0.7006989230644066,1.0421712756242076,9.370966173938305,3.7973522961565e-13,2.3646862246096134e-11
Labour,LORA_POOL,92112,0.0003,512,mint_shrink,482,2018-04-01,0.7419295057402462,1.1257760915857102,10.700933352076618,3.480516719538327e-13,2.3646862246096134e-11
Labour,LORA_POOL,92112,0.0003,512,mint_shrink,483,2018-05-01,0.7148451712860685,1.1251831703411983,10.6265736276286,3.551467112597413e-13,2.1827872842550278e-11
Labour,LORA_POOL,92112,0.0003,512,mint_shrink,484,2018-06-01,0.7508962138029314,1.115860147832755,11.292643191013285,3.29841417337057e-13,2.000888343900442e-11
Labour,LORA_POOL,92112,0.0003,512,mint_shrink,485,2018-07-01,0.7534661377883911,1.1568853294999157,10.662684353307812,3.268081062428765e-13,2.7284841053187847e-11
Labour,LORA_POOL,92112,0.0003,512,mint_shrink,486,2018-08-01,0.7660469975181702,1.0798847279743164,10.88560702607843,3.583877833877698e-13,2.9103830456733704e-11
Labour,LORA_POOL,92112,0.0003,512,mint_shrink,487,2018-09-01,0.7775492796784851,1.091613451014993,11.906295486551357,3.1090399910181343e-13,1.8189894035458565e-11
Labour,LORA_POOL,92112,0.0003,512,mint_shrink,488,2018-10-01,0.753097433602835,1.0087415437459901,11.091040159189655,3.7224544434543024e-13,2.3646862246096134e-11
Labour,LORA_POOL,92112,0.0003,512,mint_shrink,489,2018-11-01,0.7379387828972757,1.0368825360083203,11.15881041654726,2.691440312983689e-13,2.1827872842550278e-11
Labour,LORA_POOL,92112,0.0003,512,mint_shrink,490,2018-12-01,0.7474372810075558,1.0349983336338773,10.968949783993097,3.9597175441086986e-13,3.8198777474462986e-11
Labour,LORA_POOL,92112,0.0003,512,mint_shrink,491,2019-01-01,0.6764141022914573,0.922794192950211,9.068017669808365,3.9300077162684373e-13,2.7284841053187847e-11
Labour,LORA_POOL,92112,0.0003,512,ols,455,2016-01-01,0.6866593405751216,1.0460073506158398,12.372004358440764,6.412336548684133e-13,5.638867150992155e-11
Labour,LORA_POOL,92112,0.0003,512,ols,456,2016-02-01,0.7180909570297249,1.0344093385155728,13.473633261043725,7.885985561767872e-13,7.275957614183426e-11
Labour,LORA_POOL,92112,0.0003,512,ols,457,2016-03-01,0.694916657108618,1.0596220300721684,12.372721783087222,7.610702191919296e-13,6.730260793119669e-11
Labour,LORA_POOL,92112,0.0003,512,ols,458,2016-04-01,0.6568697000279482,0.9729592715704758,11.012746473699517,7.603430555734616e-13,6.912159733474255e-11
Labour,LORA_POOL,92112,0.0003,512,ols,459,2016-05-01,0.6816959368228346,0.9612768639122015,11.170963207917982,7.200581911103378e-13,6.730260793119669e-11
Labour,LORA_POOL,92112,0.0003,512,ols,460,2016-06-01,0.6563501720727065,0.9343119168180137,10.736427324251713,6.696449762471248e-13,4.9112713895738125e-11
Labour,LORA_POOL,92112,0.0003,512,ols,461,2016-07-01,0.689353285369561,0.9345401881626283,9.97388541116434,7.807348010456411e-13,6.002665031701326e-11
Labour,LORA_POOL,92112,0.0003,512,ols,462,2016-08-01,0.700964612777009,0.95513954202829,10.36237238035171,6.873462163309729e-13,7.09405867382884e-11
Labour,LORA_POOL,92112,0.0003,512,ols,463,2016-09-01,0.8300714887798345,1.041716037022678,12.023036650378677,5.114037848168089e-13,5.093170329928398e-11
Labour,LORA_POOL,92112,0.0003,512,ols,464,2016-10-01,0.8956643249382796,1.067694342066422,13.77457020500922,7.880687655404749e-13,9.276845958083868e-11
Labour,LORA_POOL,92112,0.0003,512,ols,465,2016-11-01,0.9156970806413869,1.0901729326027185,13.255258213066751,7.12776166873966e-13,6.366462912410498e-11
Labour,LORA_POOL,92112,0.0003,512,ols,466,2016-12-01,0.9059641986160621,1.0034835698026523,13.624563053828346,6.391041042714714e-13,6.184563972055912e-11
Labour,LORA_POOL,92112,0.0003,512,ols,467,2017-01-01,0.8157614961799815,0.9518750213943896,11.869674491836069,8.279588840392875e-13,6.548361852765083e-11
Labour,LORA_POOL,92112,0.0003,512,ols,468,2017-02-01,1.0020191117281008,1.0243525690825517,16.419678766083727,7.593146384559141e-13,1.000444171950221e-10
Labour,LORA_POOL,92112,0.0003,512,ols,469,2017-03-01,0.9991776712023467,1.0244482299122883,15.260996308997989,6.618435494261331e-13,8.185452315956354e-11
Labour,LORA_POOL,92112,0.0003,512,ols,470,2017-04-01,0.9843424620241246,0.996561628435984,15.381147862549705,8.253514830644954e-13,6.730260793119669e-11
Labour,LORA_POOL,92112,0.0003,512,ols,471,2017-05-01,0.9597377249066406,1.0292987785166041,15.381002164128104,6.584985967811806e-13,4.547473508864641e-11
Labour,LORA_POOL,92112,0.0003,512,ols,472,2017-06-01,0.7865659972070459,0.9098969632536922,12.346188647938543,6.683672458889597e-13,1.0550138540565968e-10
Labour,LORA_POOL,92112,0.0003,512,ols,473,2017-07-01,0.7635465684893835,0.8834709498115357,12.41035540621729,4.910120393446294e-13,3.2741809263825417e-11
Labour,LORA_POOL,92112,0.0003,512,ols,474,2017-08-01,0.7657860729840898,0.8769190058018692,12.26222009584137,8.000877413485807e-13,1.1095835361629725e-10
Labour,LORA_POOL,92112,0.0003,512,ols,475,2017-09-01,0.7834853526987393,0.8397095219919981,12.618178528206457,6.460640989053788e-13,6.548361852765083e-11
Labour,LORA_POOL,92112,0.0003,512,ols,476,2017-10-01,0.6928306004531538,0.8257627053579637,10.825191290950045,5.807959701220352e-13,5.638867150992155e-11
Labour,LORA_POOL,92112,0.0003,512,ols,477,2017-11-01,0.7085345377416247,0.8922321375202942,10.966834459153363,8.652208254599231e-13,1.2187229003757238e-10
Labour,LORA_POOL,92112,0.0003,512,ols,478,2017-12-01,0.6395672854173675,0.8670638515510447,9.745933716043126,8.228687387100119e-13,6.730260793119669e-11
Labour,LORA_POOL,92112,0.0003,512,ols,479,2018-01-01,0.5737969784544086,0.8826429669718999,8.177256181466795,5.679147860234602e-13,6.002665031701326e-11
Labour,LORA_POOL,92112,0.0003,512,ols,480,2018-02-01,0.7113403065834593,0.9685806862115837,11.268692016353262,4.3315059141796633e-13,5.638867150992155e-11
Labour,LORA_POOL,92112,0.0003,512,ols,481,2018-03-01,0.6316092477973205,0.9345162465394758,8.153109146097066,7.41145936045908e-13,6.548361852765083e-11
Labour,LORA_POOL,92112,0.0003,512,ols,482,2018-04-01,0.6724977773632034,0.9965129295352627,9.136701111873593,6.988665656578435e-13,1.0368239600211382e-10
Labour,LORA_POOL,92112,0.0003,512,ols,483,2018-05-01,0.6591640409164496,1.0140554049217139,9.833200045342185,5.483436966349803e-13,6.548361852765083e-11
Labour,LORA_POOL,92112,0.0003,512,ols,484,2018-06-01,0.7219903996322523,1.0870063305761084,10.084906009400658,6.08199650486584e-13,6.730260793119669e-11
Labour,LORA_POOL,92112,0.0003,512,ols,485,2018-07-01,0.7769042722873147,1.1296806995095288,10.200797388282567,7.27246722881478e-13,1.0732037480920553e-10
Labour,LORA_POOL,92112,0.0003,512,ols,486,2018-08-01,0.7482514718175122,1.0693055078060627,10.76747257860153,7.560216260694235e-13,9.640643838793039e-11
Labour,LORA_POOL,92112,0.0003,512,ols,487,2018-09-01,0.7663752216649496,1.0672047807707483,12.101694242761996,5.843175196457584e-13,4.547473508864641e-11
Labour,LORA_POOL,92112,0.0003,512,ols,488,2018-10-01,0.7111620824199492,0.9734623261067317,10.867928185947013,7.385800872778855e-13,8.731149137020111e-11
Labour,LORA_POOL,92112,0.0003,512,ols,489,2018-11-01,0.7397057329913218,1.04017958674893,11.615767310637793,7.55668432311882e-13,6.366462912410498e-11
Labour,LORA_POOL,92112,0.0003,512,ols,490,2018-12-01,0.7294490477917255,1.0541061319219622,11.001204887039743,8.245100508774109e-13,9.640643838793039e-11
Labour,LORA_POOL,92112,0.0003,512,ols,491,2019-01-01,0.6399571973857765,0.9755429542614398,8.680253139886736,7.660460959525887e-13,8.003553375601768e-11
Labour,LORA_HIER,92112,0.0003,512,unreconciled,455,2016-01-01,0.6950955571401675,1.0750664220262436,12.539139577843327,2.7944825364832293,75.67817306518555
Labour,LORA_HIER,92112,0.0003,512,unreconciled,456,2016-02-01,0.714795218165484,1.0632747147514854,13.589066147591282,2.446463448262354,55.48188018798828
Labour,LORA_HIER,92112,0.0003,512,unreconciled,457,2016-03-01,0.697707503058522,1.0631684915169193,12.432381455602753,2.5238174220971894,52.80269908905029
Labour,LORA_HIER,92112,0.0003,512,unreconciled,458,2016-04-01,0.6695492877677546,0.9960066732876425,11.085278664783154,2.5198914990787618,51.02462291717529
Labour,LORA_HIER,92112,0.0003,512,unreconciled,459,2016-05-01,0.6721017602720867,0.9656548809750939,11.209664097673159,2.3801317563530993,75.85517883300781
Labour,LORA_HIER,92112,0.0003,512,unreconciled,460,2016-06-01,0.6522173442054833,0.9436301590978733,10.80385947184323,2.3755400654865286,60.6250524520874
Labour,LORA_HIER,92112,0.0003,512,unreconciled,461,2016-07-01,0.6318347751381518,0.8835966457929949,9.859402891525722,2.7724864441051817,95.88679790496826
Labour,LORA_HIER,92112,0.0003,512,unreconciled,462,2016-08-01,0.6721014293258312,0.9054578882238623,10.29608645169271,2.949909003854495,86.04941844940186
Labour,LORA_HIER,92112,0.0003,512,unreconciled,463,2016-09-01,0.7587284996674136,0.9625535846211749,11.629072415187395,2.765337096320258,102.72038555145264
Labour,LORA_HIER,92112,0.0003,512,unreconciled,464,2016-10-01,0.8112180563718563,1.0058466999754028,13.272421285253923,2.8008805088132447,98.09454917907715
Labour,LORA_HIER,92112,0.0003,512,unreconciled,465,2016-11-01,0.808809714758106,1.0014403291196499,12.523740090291883,2.9451302743097494,91.0882625579834
Labour,LORA_HIER,92112,0.0003,512,unreconciled,466,2016-12-01,0.8270395090549767,0.9326721698800076,13.081996296258405,3.2217510583107933,101.20018482208252
Labour,LORA_HIER,92112,0.0003,512,unreconciled,467,2017-01-01,0.7798469318229202,0.9141355559577786,11.585596025511748,3.077952471392894,83.76153469085693
Labour,LORA_HIER,92112,0.0003,512,unreconciled,468,2017-02-01,0.9811143447884513,0.9939642716954595,16.174357752787458,2.586352196353221,76.6496410369873
Labour,LORA_HIER,92112,0.0003,512,unreconciled,469,2017-03-01,0.9438526411499975,0.9479769751052471,14.66279845836495,3.1972325364051506,110.68399047851562
Labour,LORA_HIER,92112,0.0003,512,unreconciled,470,2017-04-01,0.9438286158941938,0.9469812869667279,14.93309902157765,2.697580676329763,83.58527374267578
Labour,LORA_HIER,92112,0.0003,512,unreconciled,471,2017-05-01,0.9296172902137321,1.019580487320512,14.940520849274174,2.8681576516893177,87.41926574707031
Labour,LORA_HIER,92112,0.0003,512,unreconciled,472,2017-06-01,0.793571372375404,0.9303498689157509,12.343088698516528,2.9130961420940378,63.6063175201416
Labour,LORA_HIER,92112,0.0003,512,unreconciled,473,2017-07-01,0.7706395730182496,0.879110683809926,12.321930620074555,3.321081038804082,82.96986961364746
Labour,LORA_HIER,92112,0.0003,512,unreconciled,474,2017-08-01,0.7664979834025449,0.8428462544639832,12.186483219491022,3.4780374716596993,87.11708450317383
Labour,LORA_HIER,92112,0.0003,512,unreconciled,475,2017-09-01,0.7660951393050466,0.8088676274052256,12.3996501843367,3.507059755381088,93.37766170501709
Labour,LORA_HIER,92112,0.0003,512,unreconciled,476,2017-10-01,0.6839666465806071,0.819536444620373,10.798825328873052,3.2097083671748288,65.31900310516357
Labour,LORA_HIER,92112,0.0003,512,unreconciled,477,2017-11-01,0.7079667029576908,0.8780501723339855,10.821432897581555,3.1899098750443486,81.16267585754395
Labour,LORA_HIER,92112,0.0003,512,unreconciled,478,2017-12-01,0.6475873664069233,0.8621254674065266,9.782366917217251,2.8602494203556352,72.45557022094727
Labour,LORA_HIER,92112,0.0003,512,unreconciled,479,2018-01-01,0.6171570328958111,0.9411378294970656,8.367043950688677,3.208697639710722,93.33127117156982
Labour,LORA_HIER,92112,0.0003,512,unreconciled,480,2018-02-01,0.7266951961137827,1.0180067746313668,11.306456602843458,2.583817325837431,68.32299137115479
Labour,LORA_HIER,92112,0.0003,512,unreconciled,481,2018-03-01,0.6162084683701294,0.9994890964198491,8.315333527736628,2.3470811927527713,35.186580657958984
Labour,LORA_HIER,92112,0.0003,512,unreconciled,482,2018-04-01,0.6668604716474004,1.0474703221139987,9.260755497325562,2.3717030237989816,35.72074508666992
Labour,LORA_HIER,92112,0.0003,512,unreconciled,483,2018-05-01,0.6862606731720537,1.0663223346294641,9.926536731546559,2.2043612839882836,59.45560264587402
Labour,LORA_HIER,92112,0.0003,512,unreconciled,484,2018-06-01,0.6965398060032191,1.1015654734729692,10.03841168043829,1.8435393509111906,28.513671875
Labour,LORA_HIER,92112,0.0003,512,unreconciled,485,2018-07-01,0.7321256392172175,1.1525308645156245,10.151195983681925,1.789821181380958,27.399168968200684
Labour,LORA_HIER,92112,0.0003,512,unreconciled,486,2018-08-01,0.7699486631068484,1.1059909651483761,10.832935680531964,2.0480471103512055,60.09144306182861
Labour,LORA_HIER,92112,0.0003,512,unreconciled,487,2018-09-01,0.7982587920539185,1.0751600123672964,12.062743118507704,2.6414220528295864,90.08635234832764
Labour,LORA_HIER,92112,0.0003,512,unreconciled,488,2018-10-01,0.7329304171125792,0.9790088972373435,10.879896704521064,2.6468288466247203,75.97204780578613
Labour,LORA_HIER,92112,0.0003,512,unreconciled,489,2018-11-01,0.7578704676649567,1.0501385447277087,11.589019097665268,2.8514717405999614,90.14419269561768
Labour,LORA_HIER,92112,0.0003,512,unreconciled,490,2018-12-01,0.7197995097661991,1.017834268227262,10.868851433149022,3.6697344947279547,117.67092514038086
Labour,LORA_HIER,92112,0.0003,512,unreconciled,491,2019-01-01,0.6198941354859617,0.9278179923872081,8.70244962346993,3.331997571632876,117.0809497833252
Labour,LORA_HIER,92112,0.0003,512,bottom_up,455,2016-01-01,0.8290256165207461,1.0750664220262436,14.477080221976431,0.0,0.0
Labour,LORA_HIER,92112,0.0003,512,bottom_up,456,2016-02-01,0.7861031295939341,1.0632747147514854,14.279253037987548,0.0,0.0
Labour,LORA_HIER,92112,0.0003,512,bottom_up,457,2016-03-01,0.7736611034466382,1.0631684915169193,13.434876482808752,0.0,0.0
Labour,LORA_HIER,92112,0.0003,512,bottom_up,458,2016-04-01,0.7493543751548047,0.9960066732876425,12.249346218962883,0.0,0.0
Labour,LORA_HIER,92112,0.0003,512,bottom_up,459,2016-05-01,0.6996677212876148,0.9656548809750939,11.496390686427917,0.0,0.0
Labour,LORA_HIER,92112,0.0003,512,bottom_up,460,2016-06-01,0.6737386948156683,0.9436301590978733,11.026566888184057,0.0,0.0
Labour,LORA_HIER,92112,0.0003,512,bottom_up,461,2016-07-01,0.6104818425721049,0.8835966457929949,9.566005622986172,0.0,0.0
Labour,LORA_HIER,92112,0.0003,512,bottom_up,462,2016-08-01,0.626659226934486,0.9054578882238623,9.82752629004531,0.0,0.0
Labour,LORA_HIER,92112,0.0003,512,bottom_up,463,2016-09-01,0.6318776118352111,0.9625535846211749,10.137080820864526,0.0,0.0
Labour,LORA_HIER,92112,0.0003,512,bottom_up,464,2016-10-01,0.7103357516635895,1.0058466999754028,11.960643643519385,0.0,0.0
Labour,LORA_HIER,92112,0.0003,512,bottom_up,465,2016-11-01,0.7155975882145198,1.0014403291196499,11.566601166402243,0.0,0.0
Labour,LORA_HIER,92112,0.0003,512,bottom_up,466,2016-12-01,0.7146463884395826,0.9326721698800076,11.519630596224331,0.0,0.0
Labour,LORA_HIER,92112,0.0003,512,bottom_up,467,2017-01-01,0.7270499076683854,0.9141355559577786,10.72970353476151,0.0,0.0
Labour,LORA_HIER,92112,0.0003,512,bottom_up,468,2017-02-01,0.8877042943162625,0.9939642716954595,14.823735674317318,0.0,0.0
Labour,LORA_HIER,92112,0.0003,512,bottom_up,469,2017-03-01,0.8328093351455734,0.9479769751052471,13.119174444908131,0.0,0.0
Labour,LORA_HIER,92112,0.0003,512,bottom_up,470,2017-04-01,0.843166115600346,0.9469812869667279,13.597371462256426,0.0,0.0
Labour,LORA_HIER,92112,0.0003,512,bottom_up,471,2017-05-01,0.8513043547455585,1.019580487320512,14.035062775537245,0.0,0.0
Labour,LORA_HIER,92112,0.0003,512,bottom_up,472,2017-06-01,0.7355000165024718,0.9303498689157509,11.223086785231304,0.0,0.0
Labour,LORA_HIER,92112,0.0003,512,bottom_up,473,2017-07-01,0.6730022819442923,0.879110683809926,10.605063992865624,0.0,0.0
Labour,LORA_HIER,92112,0.0003,512,bottom_up,474,2017-08-01,0.6532492085619729,0.8428462544639832,10.619012052710751,0.0,0.0
Labour,LORA_HIER,92112,0.0003,512,bottom_up,475,2017-09-01,0.6489100884037413,0.8088676274052256,10.512290566085692,0.0,0.0
Labour,LORA_HIER,92112,0.0003,512,bottom_up,476,2017-10-01,0.6482883130140771,0.819536444620373,9.97738074511747,0.0,0.0
Labour,LORA_HIER,92112,0.0003,512,bottom_up,477,2017-11-01,0.6359949107554349,0.8780501723339855,9.373287721625676,0.0,0.0
Labour,LORA_HIER,92112,0.0003,512,bottom_up,478,2017-12-01,0.6398600705193904,0.8621254674065266,9.078805469377734,0.0,0.0
Labour,LORA_HIER,92112,0.0003,512,bottom_up,479,2018-01-01,0.7116007157317341,0.9411378294970656,8.84393559165423,0.0,0.0
Labour,LORA_HIER,92112,0.0003,512,bottom_up,480,2018-02-01,0.7691738028538901,1.0180067746313668,10.84601819796821,0.0,0.0
Labour,LORA_HIER,92112,0.0003,512,bottom_up,481,2018-03-01,0.7341822763007655,0.9994890964198491,9.476829277278153,0.0,0.0
Labour,LORA_HIER,92112,0.0003,512,bottom_up,482,2018-04-01,0.765287048515514,1.0474703221139987,10.33816329991645,0.0,0.0
Labour,LORA_HIER,92112,0.0003,512,bottom_up,483,2018-05-01,0.7620477196264415,1.0663223346294641,10.360611088408676,0.0,0.0
Labour,LORA_HIER,92112,0.0003,512,bottom_up,484,2018-06-01,0.789387163866031,1.1015654734729692,10.804919591854274,0.0,0.0
Labour,LORA_HIER,92112,0.0003,512,bottom_up,485,2018-07-01,0.8274170491264163,1.1525308645156245,10.816297429171842,0.0,0.0
Labour,LORA_HIER,92112,0.0003,512,bottom_up,486,2018-08-01,0.8240396696939477,1.1059909651483761,10.789778440470593,0.0,0.0
Labour,LORA_HIER,92112,0.0003,512,bottom_up,487,2018-09-01,0.7824861927147773,1.0751600123672964,11.03907846842277,0.0,0.0
Labour,LORA_HIER,92112,0.0003,512,bottom_up,488,2018-10-01,0.7411770807289138,0.9790088972373435,10.058232295071214,0.0,0.0
Labour,LORA_HIER,92112,0.0003,512,bottom_up,489,2018-11-01,0.7572810562049391,1.0501385447277087,10.922606914796877,0.0,0.0
Labour,LORA_HIER,92112,0.0003,512,bottom_up,490,2018-12-01,0.7419072405470472,1.017834268227262,10.685834936166346,0.0,0.0
Labour,LORA_HIER,92112,0.0003,512,bottom_up,491,2019-01-01,0.7203911337789106,0.9278179923872081,9.840719799494888,0.0,0.0
Labour,LORA_HIER,92112,0.0003,512,mint_shrink,455,2016-01-01,0.6722665550153644,1.0924083628286447,12.524299407818061,3.6761237329062025e-13,2.9103830456733704e-11
Labour,LORA_HIER,92112,0.0003,512,mint_shrink,456,2016-02-01,0.7277410816896451,1.0860763009981702,13.79962451958689,3.154643537947766e-13,2.3646862246096134e-11
Labour,LORA_HIER,92112,0.0003,512,mint_shrink,457,2016-03-01,0.6972465047833182,1.0648522322195055,12.1479368723498,3.0113923051095823e-13,3.092281986027956e-11
Labour,LORA_HIER,92112,0.0003,512,mint_shrink,458,2016-04-01,0.681335044203096,0.9784248592359039,10.635465014814113,3.1744847166802486e-13,2.1827872842550278e-11
Labour,LORA_HIER,92112,0.0003,512,mint_shrink,459,2016-05-01,0.6986986819178639,0.998864056994661,11.2597141039878,3.0272860241989534e-13,3.637978807091713e-11
Labour,LORA_HIER,92112,0.0003,512,mint_shrink,460,2016-06-01,0.7000957044501566,1.0322599638378045,11.087959821509846,3.18154859183108e-13,3.2741809263825417e-11
Labour,LORA_HIER,92112,0.0003,512,mint_shrink,461,2016-07-01,0.7153395814005923,1.0069586716564551,10.969785085190427,3.8533438947785316e-13,3.456079866737127e-11
Labour,LORA_HIER,92112,0.0003,512,mint_shrink,462,2016-08-01,0.7653165782501226,1.034278582807006,11.198427769572497,3.256134802982506e-13,2.1827872842550278e-11
Labour,LORA_HIER,92112,0.0003,512,mint_shrink,463,2016-09-01,0.8628573580181222,1.1212766545390727,12.287083410730746,3.730661004291298e-13,2.3646862246096134e-11
Labour,LORA_HIER,92112,0.0003,512,mint_shrink,464,2016-10-01,0.9675285885335903,1.19551774696427,15.320960287016602,3.6091207994902283e-13,2.7284841053187847e-11
Labour,LORA_HIER,92112,0.0003,512,mint_shrink,465,2016-11-01,0.9790893958896347,1.1842302493376067,15.107945656406319,3.0944967186487756e-13,2.1827872842550278e-11
Labour,LORA_HIER,92112,0.0003,512,mint_shrink,466,2016-12-01,0.9678357502715909,1.11483933424879,14.95225496754465,3.2852213477212234e-13,2.546585164964199e-11
Labour,LORA_HIER,92112,0.0003,512,mint_shrink,467,2017-01-01,0.8781942977142733,1.0290550231671087,12.951386981355588,3.6997046102479487e-13,2.546585164964199e-11
Labour,LORA_HIER,92112,0.0003,512,mint_shrink,468,2017-02-01,1.1100685103655072,1.1703566708852895,17.965293100228596,3.290415373567423e-13,2.7284841053187847e-11
Labour,LORA_HIER,92112,0.0003,512,mint_shrink,469,2017-03-01,1.0526587802298097,1.100726394569363,16.15611925308135,3.228190943929952e-13,2.546585164964199e-11
Labour,LORA_HIER,92112,0.0003,512,mint_shrink,470,2017-04-01,1.0495678158303927,1.0772183595035598,16.47982805907877,4.1849305047999115e-13,2.9103830456733704e-11
Labour,LORA_HIER,92112,0.0003,512,mint_shrink,471,2017-05-01,1.0552611346068506,1.1657801545040354,16.85497991683841,3.518433108215584e-13,2.000888343900442e-11
Labour,LORA_HIER,92112,0.0003,512,mint_shrink,472,2017-06-01,0.9490303035680505,1.0876061157757346,14.36756225900054,2.9909278432755564e-13,1.8189894035458565e-11
Labour,LORA_HIER,92112,0.0003,512,mint_shrink,473,2017-07-01,0.8900070278809571,1.0127011577035483,13.463914452643118,3.162226815683218e-13,2.000888343900442e-11
Labour,LORA_HIER,92112,0.0003,512,mint_shrink,474,2017-08-01,0.9155776161232603,1.032061269058188,13.797066009816689,4.089672070780612e-13,3.2741809263825417e-11
Labour,LORA_HIER,92112,0.0003,512,mint_shrink,475,2017-09-01,0.8978093768478059,0.9921932431197075,13.928420216008364,3.0718507659593454e-13,2.1827872842550278e-11
Labour,LORA_HIER,92112,0.0003,512,mint_shrink,476,2017-10-01,0.8417783609158678,1.0004935444444496,12.91339573856242,3.6041345346778765e-13,2.546585164964199e-11
Labour,LORA_HIER,92112,0.0003,512,mint_shrink,477,2017-11-01,0.8683177912936829,1.1108909364995667,13.04453810650169,3.3678063586757963e-13,4.18367562815547e-11
Labour,LORA_HIER,92112,0.0003,512,mint_shrink,478,2017-12-01,0.787299068372381,1.055957830148591,11.761057855063287,2.766026524135115e-13,2.1827872842550278e-11
Labour,LORA_HIER,92112,0.0003,512,mint_shrink,479,2018-01-01,0.6631711531292352,1.0342583429522576,8.559604798586488,3.5249775807817955e-13,2.1827872842550278e-11
Labour,LORA_HIER,92112,0.0003,512,mint_shrink,480,2018-02-01,0.8329465295793395,1.1115706094149593,12.653703515518208,3.4171496042146925e-13,2.546585164964199e-11
Labour,LORA_HIER,92112,0.0003,512,mint_shrink,481,2018-03-01,0.6991225707061917,1.0398498186636695,9.342982157783426,4.4031834708572173e-13,4.18367562815547e-11
Labour,LORA_HIER,92112,0.0003,512,mint_shrink,482,2018-04-01,0.7402018794595174,1.1220000588978114,10.67448860006105,2.8856968796315533e-13,2.3646862246096134e-11
Labour,LORA_HIER,92112,0.0003,512,mint_shrink,483,2018-05-01,0.7144055918508176,1.121635743341015,10.632136558761566,2.8820610615392135e-13,2.7284841053187847e-11
Labour,LORA_HIER,92112,0.0003,512,mint_shrink,484,2018-06-01,0.7502142319769526,1.1136099643732735,11.28742924465312,3.421408705408576e-13,1.8189894035458565e-11
Labour,LORA_HIER,92112,0.0003,512,mint_shrink,485,2018-07-01,0.7530066066422452,1.1544915579867772,10.656952985821027,3.040582730365224e-13,2.000888343900442e-11
Labour,LORA_HIER,92112,0.0003,512,mint_shrink,486,2018-08-01,0.7661561919333425,1.0797356748588496,10.902505221600581,4.1176159298331653e-13,2.546585164964199e-11
Labour,LORA_HIER,92112,0.0003,512,mint_shrink,487,2018-09-01,0.778527460887237,1.0923716720553704,11.938290075473457,3.327708479143136e-13,2.7284841053187847e-11
Labour,LORA_HIER,92112,0.0003,512,mint_shrink,488,2018-10-01,0.7533525716941181,1.0088392728395847,11.102883863394833,3.2032596198681945e-13,3.092281986027956e-11
Labour,LORA_HIER,92112,0.0003,512,mint_shrink,489,2018-11-01,0.7380410988702721,1.0372003363052844,11.162640735807686,3.8317367472583413e-13,3.2741809263825417e-11
Labour,LORA_HIER,92112,0.0003,512,mint_shrink,490,2018-12-01,0.7471908801057399,1.0346001579515067,10.974590606639016,3.368741283328112e-13,2.3646862246096134e-11
Labour,LORA_HIER,92112,0.0003,512,mint_shrink,491,2019-01-01,0.6755722737017671,0.9220670946635107,9.057663320315333,3.70624908281416e-13,2.9103830456733704e-11
Labour,LORA_HIER,92112,0.0003,512,ols,455,2016-01-01,0.6866810053339142,1.0462093276090458,12.367560623914319,6.576156123873266e-13,6.184563972055912e-11
Labour,LORA_HIER,92112,0.0003,512,ols,456,2016-02-01,0.7185094507790979,1.0348292055394173,13.47701572340807,5.012442702616426e-13,4.3655745685100555e-11
Labour,LORA_HIER,92112,0.0003,512,ols,457,2016-03-01,0.6942550259752915,1.0589804503904292,12.373246089060382,7.504016901038356e-13,8.731149137020111e-11
Labour,LORA_HIER,92112,0.0003,512,ols,458,2016-04-01,0.656819082630563,0.9730010343833007,11.020916274191876,7.274752600187107e-13,6.184563972055912e-11
Labour,LORA_HIER,92112,0.0003,512,ols,459,2016-05-01,0.6817989703255831,0.9613707068811058,11.182812127550392,4.88840936540918e-13,4.547473508864641e-11
Labour,LORA_HIER,92112,0.0003,512,ols,460,2016-06-01,0.6559693701498941,0.9341618024620566,10.742538560084899,7.806516966321019e-13,8.549250196665525e-11
Labour,LORA_HIER,92112,0.0003,512,ols,461,2016-07-01,0.68871328409361,0.9342297334314662,9.975920913958078,8.381080105427614e-13,7.09405867382884e-11
Labour,LORA_HIER,92112,0.0003,512,ols,462,2016-08-01,0.7000440236949986,0.9543011285406316,10.361099153148457,6.326946763772611e-13,5.638867150992155e-11
Labour,LORA_HIER,92112,0.0003,512,ols,463,2016-09-01,0.8302821418745872,1.0413752462312402,12.03069637789416,6.249244137113466e-13,4.9112713895738125e-11
Labour,LORA_HIER,92112,0.0003,512,ols,464,2016-10-01,0.8949160577474663,1.0670959302826524,13.76849934493096,5.175638994704016e-13,5.820766091346741e-11
Labour,LORA_HIER,92112,0.0003,512,ols,465,2016-11-01,0.9145589278049693,1.0892981563537045,13.243263990115173,7.427145318514602e-13,7.821654435247183e-11
Labour,LORA_HIER,92112,0.0003,512,ols,466,2016-12-01,0.9048411753141321,1.0028755071779525,13.61218533320038,7.07675633492998e-13,9.276845958083868e-11
Labour,LORA_HIER,92112,0.0003,512,ols,467,2017-01-01,0.8149632824329649,0.9515617162795716,11.861644362268267,8.339527898658018e-13,9.822542779147625e-11
Labour,LORA_HIER,92112,0.0003,512,ols,468,2017-02-01,1.001458989915496,1.024435601109869,16.41623992414189,7.277349613110208e-13,7.275957614183426e-11
Labour,LORA_HIER,92112,0.0003,512,ols,469,2017-03-01,0.9974709342961492,1.023666709601812,15.246786876361421,6.354890622825165e-13,7.821654435247183e-11
Labour,LORA_HIER,92112,0.0003,512,ols,470,2017-04-01,0.9834254007981451,0.9960144043890173,15.36948108263323,8.709550299941275e-13,7.275957614183426e-11
Labour,LORA_HIER,92112,0.0003,512,ols,471,2017-05-01,0.9600613758441796,1.029569977127726,15.38168925680043,5.900205600248855e-13,4.729372449219227e-11
Labour,LORA_HIER,92112,0.0003,512,ols,472,2017-06-01,0.787046694544506,0.9101266147630186,12.350420735202379,7.319005700396728e-13,7.457856554538012e-11
Labour,LORA_HIER,92112,0.0003,512,ols,473,2017-07-01,0.7641086280246332,0.8838180648085529,12.413340738039272,9.380099036685639e-13,8.003553375601768e-11
Labour,LORA_HIER,92112,0.0003,512,ols,474,2017-08-01,0.7668855511690214,0.876988782456276,12.274688151865425,4.872204004769038e-13,6.002665031701326e-11
Labour,LORA_HIER,92112,0.0003,512,ols,475,2017-09-01,0.7846177162012953,0.8397310297415068,12.642081296186072,8.723470289209089e-13,6.366462912410498e-11
Labour,LORA_HIER,92112,0.0003,512,ols,476,2017-10-01,0.694121142333584,0.8260409236634059,10.847555180545651,5.985179863092681e-13,9.822542779147625e-11
Labour,LORA_HIER,92112,0.0003,512,ols,477,2017-11-01,0.7099496461005521,0.892705039412754,10.987618101416734,6.681698729068041e-13,6.548361852765083e-11
Labour,LORA_HIER,92112,0.0003,512,ols,478,2017-12-01,0.6401431300625261,0.8670345373003948,9.762122380301074,6.310014239514001e-13,6.184563972055912e-11
Labour,LORA_HIER,92112,0.0003,512,ols,479,2018-01-01,0.5737904251499203,0.8822765432621664,8.17679391586649,7.595951158516088e-13,7.09405867382884e-11
Labour,LORA_HIER,92112,0.0003,512,ols,480,2018-02-01,0.7111255823569681,0.9683112949314959,11.265011270956359,7.886297203318645e-13,8.185452315956354e-11
Labour,LORA_HIER,92112,0.0003,512,ols,481,2018-03-01,0.6312978133496654,0.9345340728389873,8.145687616252488,7.173157454635444e-13,1.1095835361629725e-10
Labour,LORA_HIER,92112,0.0003,512,ols,482,2018-04-01,0.6723635358650801,0.9966077521223586,9.132254742112893,1.0045453747583802e-12,9.458744898438454e-11
Labour,LORA_HIER,92112,0.0003,512,ols,483,2018-05-01,0.6584937481354665,1.0139057508172484,9.829267406144579,6.58405104315949e-13,6.366462912410498e-11
Labour,LORA_HIER,92112,0.0003,512,ols,484,2018-06-01,0.7212142545311861,1.087114089553175,10.07102745091374,7.928992095774405e-13,9.458744898438454e-11
Labour,LORA_HIER,92112,0.0003,512,ols,485,2018-07-01,0.7776281118676368,1.1304840140082155,10.200115974040788,4.940141862837328e-13,5.093170329928398e-11
Labour,LORA_HIER,92112,0.0003,512,ols,486,2018-08-01,0.7479080728285663,1.069264142122085,10.770797243180816,5.377894361155028e-13,6.366462912410498e-11
Labour,LORA_HIER,92112,0.0003,512,ols,487,2018-09-01,0.766673467791672,1.0674311891809838,12.110876481836478,7.92577179974976e-13,1.0550138540565968e-10
Labour,LORA_HIER,92112,0.0003,512,ols,488,2018-10-01,0.7111788732481245,0.973587782556441,10.867088008884185,8.017082774125949e-13,6.184563972055912e-11
Labour,LORA_HIER,92112,0.0003,512,ols,489,2018-11-01,0.7398601842826767,1.0404203085291557,11.615421552004275,9.896177444764026e-13,7.821654435247183e-11
Labour,LORA_HIER,92112,0.0003,512,ols,490,2018-12-01,0.7301511154016336,1.0544029614498778,11.007768025890153,6.664870085326355e-13,7.275957614183426e-11
Labour,LORA_HIER,92112,0.0003,512,ols,491,2019-01-01,0.6403021811361287,0.9757139524538927,8.679418357489245,6.629550709572198e-13,4.9112713895738125e-11
Labour,F0,-1,0.0,0,unreconciled,455,2016-01-01,0.7933986428754403,1.260304638902841,13.944762720651028,9.56522892441666,264.91273164749146
Labour,F0,-1,0.0,0,unreconciled,456,2016-02-01,0.9754946889578452,1.3717805104820937,17.98572824026976,7.745367449626588,228.63552379608154
Labour,F0,-1,0.0,0,unreconciled,457,2016-03-01,0.9218809517317457,1.3821557256173556,15.466370051475844,6.823855913870516,193.0454044342041
Labour,F0,-1,0.0,0,unreconciled,458,2016-04-01,0.8952309101097924,1.2756520910101496,14.317464674525063,8.391403088095592,220.42841148376465
Labour,F0,-1,0.0,0,unreconciled,459,2016-05-01,0.9078207779407927,1.2111358626705906,14.190469739275693,7.677831018877308,205.63972902297974
Labour,F0,-1,0.0,0,unreconciled,460,2016-06-01,0.8718969227880565,1.167518248410432,13.38813831300719,9.466146876937465,252.54463386535645
Labour,F0,-1,0.0,0,unreconciled,461,2016-07-01,0.8621621135656916,1.1126944803815189,12.787874496421061,8.870523441604703,242.50620079040527
Labour,F0,-1,0.0,0,unreconciled,462,2016-08-01,0.8942303099633628,1.1377426927619767,13.496543153934557,8.498170169473392,250.15310096740723
Labour,F0,-1,0.0,0,unreconciled,463,2016-09-01,1.1702821149990923,1.2310247375530614,18.647920615702,6.80344075347945,142.7510061264038
Labour,F0,-1,0.0,0,unreconciled,464,2016-10-01,1.1458045029905701,1.2250054779929584,18.53108681866999,6.945535898208618,172.46593284606934
Labour,F0,-1,0.0,0,unreconciled,465,2016-11-01,1.1904016339309949,1.2474319401219032,18.980036237580318,6.361056343156692,142.2721405029297
Labour,F0,-1,0.0,0,unreconciled,466,2016-12-01,1.14340551425969,1.2361819459050118,18.70703585537072,6.605471778334233,197.98327541351318
Labour,F0,-1,0.0,0,unreconciled,467,2017-01-01,1.0133924898058653,1.2316687137812794,15.714882528160963,7.387534905595389,250.98333072662354
Labour,F0,-1,0.0,0,unreconciled,468,2017-02-01,1.4909358252998761,1.4371212217516594,27.223311686239963,5.805123366807637,175.78824138641357
Labour,F0,-1,0.0,0,unreconciled,469,2017-03-01,1.3706009805685908,1.3884877662221418,23.391959493731346,5.364461947602836,181.48107814788818
Labour,F0,-1,0.0,0,unreconciled,470,2017-04-01,1.363387949950773,1.3506653985414991,23.16058042517084,5.322312362012807,172.58979320526123
Labour,F0,-1,0.0,0,unreconciled,471,2017-05-01,1.2875241435090883,1.3637095748889687,21.716959183891102,6.64855554647613,210.78526782989502
Labour,F0,-1,0.0,0,unreconciled,472,2017-06-01,1.0234704274387671,1.2404574844661032,16.662945059542672,7.815175430119386,269.9266891479492
Labour,F0,-1,0.0,0,unreconciled,473,2017-07-01,1.008782209428753,1.219523089520827,16.459624243164196,6.892875442727965,250.23311710357666
Labour,F0,-1,0.0,0,unreconciled,474,2017-08-01,1.0370985906705097,1.2257107798622138,16.378426336168648,7.04572009622005,265.0297360420227
Labour,F0,-1,0.0,0,unreconciled,475,2017-09-01,1.1245316297234835,1.1991642427248308,18.788646289253503,6.464242188554061,219.2999062538147
Labour,F0,-1,0.0,0,unreconciled,476,2017-10-01,0.8975476148911601,1.1149039880407592,14.795506633269172,8.232232792335644,272.5743293762207
Labour,F0,-1,0.0,0,unreconciled,477,2017-11-01,0.917044412970586,1.1028280769701175,15.30594262605742,7.2666817506154375,236.6161699295044
Labour,F0,-1,0.0,0,unreconciled,478,2017-12-01,0.7769098062386116,1.1109405356196,12.973016020690936,8.679665714676617,307.8230953216553
Labour,F0,-1,0.0,0,unreconciled,479,2018-01-01,0.73067841860549,1.072243415476065,11.398929179710043,8.663875533823381,280.8538570404053
Labour,F0,-1,0.0,0,unreconciled,480,2018-02-01,1.0777095537381234,1.2910793423176425,20.7441418811229,8.274706042998018,280.5259675979614
Labour,F0,-1,0.0,0,unreconciled,481,2018-03-01,0.9284042741600161,1.243693073291407,16.59048288971721,8.728347697453192,305.6077833175659
Labour,F0,-1,0.0,0,unreconciled,482,2018-04-01,0.9563232312315993,1.2084030801918533,17.691005838871785,7.412383375112077,265.5538911819458
Labour,F0,-1,0.0,0,unreconciled,483,2018-05-01,0.9235285894751839,1.2083725517466999,17.250871562728314,7.120379097977577,279.2871570587158
Labour,F0,-1,0.0,0,unreconciled,484,2018-06-01,0.8102508119981577,1.2077581264792314,14.51224933350294,8.640521768938031,327.9967374801636
Labour,F0,-1,0.0,0,unreconciled,485,2018-07-01,0.7999360245760432,1.2207856373385024,13.255422662507852,7.980663531007822,318.2461233139038
Labour,F0,-1,0.0,0,unreconciled,486,2018-08-01,0.8824110543731731,1.318736181564109,15.220824642193442,8.448837738985207,318.2206983566284
Labour,F0,-1,0.0,0,unreconciled,487,2018-09-01,1.0022821516239455,1.361068631622143,17.841718407110406,7.952439331868936,256.4900875091553
Labour,F0,-1,0.0,0,unreconciled,488,2018-10-01,0.9211692632423467,1.2886912484102264,15.351432713147668,8.467445397237588,253.26031684875488
Labour,F0,-1,0.0,0,unreconciled,489,2018-11-01,0.964428207083801,1.356034680761229,15.647843592925813,7.286233070998164,232.66799354553223
Labour,F0,-1,0.0,0,unreconciled,490,2018-12-01,0.8505030832344533,1.3372739405071912,13.004213528398326,6.689124278854906,224.32097911834717
Labour,F0,-1,0.0,0,unreconciled,491,2019-01-01,0.7745100136967975,1.2184668218638612,10.648187990104852,6.926589168303194,212.70770740509033
Labour,F0,-1,0.0,0,bottom_up,455,2016-01-01,1.0707058917077312,1.260304638902841,19.59891950082773,0.0,0.0
Labour,F0,-1,0.0,0,bottom_up,456,2016-02-01,1.306239600226864,1.3717805104820937,25.11023524615111,0.0,0.0
Labour,F0,-1,0.0,0,bottom_up,457,2016-03-01,1.178362195348706,1.3821557256173556,20.923915904923014,0.0,0.0
Labour,F0,-1,0.0,0,bottom_up,458,2016-04-01,1.2108218629675283,1.2756520910101496,21.243351977094978,0.0,0.0
Labour,F0,-1,0.0,0,bottom_up,459,2016-05-01,1.1589192653598548,1.2111358626705906,19.716124061425177,0.0,0.0
Labour,F0,-1,0.0,0,bottom_up,460,2016-06-01,1.13968470007743,1.167518248410432,18.586649729619,0.0,0.0
Labour,F0,-1,0.0,0,bottom_up,461,2016-07-01,1.1197029433502679,1.1126944803815189,17.814367969857624,0.0,0.0
Labour,F0,-1,0.0,0,bottom_up,462,2016-08-01,1.19039371660753,1.1377426927619767,18.945520912496317,0.0,0.0
Labour,F0,-1,0.0,0,bottom_up,463,2016-09-01,1.4249921488164734,1.2310247375530614,23.698039954879874,0.0,0.0
Labour,F0,-1,0.0,0,bottom_up,464,2016-10-01,1.437726539134639,1.2250054779929584,24.02840389644311,0.0,0.0
Labour,F0,-1,0.0,0,bottom_up,465,2016-11-01,1.4494427988735858,1.2474319401219032,24.108204701503208,0.0,0.0
Labour,F0,-1,0.0,0,bottom_up,466,2016-12-01,1.468566545036004,1.2361819459050118,24.376165331317516,0.0,0.0
Labour,F0,-1,0.0,0,bottom_up,467,2017-01-01,1.3898880440865027,1.2316687137812794,22.29657118382281,0.0,0.0
Labour,F0,-1,0.0,0,bottom_up,468,2017-02-01,1.7820754389740576,1.4371212217516594,31.57345005066095,0.0,0.0
Labour,F0,-1,0.0,0,bottom_up,469,2017-03-01,1.6748666401776071,1.3884877662221418,28.49198640160465,0.0,0.0
Labour,F0,-1,0.0,0,bottom_up,470,2017-04-01,1.6457535192792925,1.3506653985414991,27.93363979579292,0.0,0.0
Labour,F0,-1,0.0,0,bottom_up,471,2017-05-01,1.6138179276033766,1.3637095748889687,27.493691758895135,0.0,0.0
Labour,F0,-1,0.0,0,bottom_up,472,2017-06-01,1.4334973464555367,1.2404574844661032,23.425419921490434,0.0,0.0
Labour,F0,-1,0.0,0,bottom_up,473,2017-07-01,1.3637667127374424,1.219523089520827,22.23334921465546,0.0,0.0
Labour,F0,-1,0.0,0,bottom_up,474,2017-08-01,1.39455779879412,1.2257107798622138,22.713140607372505,0.0,0.0
Labour,F0,-1,0.0,0,bottom_up,475,2017-09-01,1.4279449296605387,1.1991642427248308,24.55569522088837,0.0,0.0
Labour,F0,-1,0.0,0,bottom_up,476,2017-10-01,1.2680625349502919,1.1149039880407592,21.68186983695954,0.0,0.0
Labour,F0,-1,0.0,0,bottom_up,477,2017-11-01,1.2091241289023613,1.1028280769701175,21.25322224965417,0.0,0.0
Labour,F0,-1,0.0,0,bottom_up,478,2017-12-01,1.1711596913567757,1.1109405356196,20.239644225152517,0.0,0.0
Labour,F0,-1,0.0,0,bottom_up,479,2018-01-01,1.022627423121894,1.072243415476065,17.563628450935838,0.0,0.0
Labour,F0,-1,0.0,0,bottom_up,480,2018-02-01,1.4451274154068057,1.2910793423176425,28.3922279203211,0.0,0.0
Labour,F0,-1,0.0,0,bottom_up,481,2018-03-01,1.3320320381556545,1.243693073291407,24.601060361095687,0.0,0.0
Labour,F0,-1,0.0,0,bottom_up,482,2018-04-01,1.3194035502247088,1.2084030801918533,24.39065772145385,0.0,0.0
Labour,F0,-1,0.0,0,bottom_up,483,2018-05-01,1.2930709247392165,1.2083725517466999,23.52800511697046,0.0,0.0
Labour,F0,-1,0.0,0,bottom_up,484,2018-06-01,1.2616571905545675,1.2077581264792314,22.06245502041484,0.0,0.0
Labour,F0,-1,0.0,0,bottom_up,485,2018-07-01,1.1812242803902673,1.2207856373385024,19.759354070896343,0.0,0.0
Labour,F0,-1,0.0,0,bottom_up,486,2018-08-01,1.334951635472684,1.318736181564109,22.77309337852801,0.0,0.0
Labour,F0,-1,0.0,0,bottom_up,487,2018-09-01,1.4494587069519618,1.361068631622143,25.392634646006595,0.0,0.0
Labour,F0,-1,0.0,0,bottom_up,488,2018-10-01,1.3655294167708947,1.2886912484102264,23.234313375252132,0.0,0.0
Labour,F0,-1,0.0,0,bottom_up,489,2018-11-01,1.3365565444009326,1.356034680761229,22.362894837178835,0.0,0.0
Labour,F0,-1,0.0,0,bottom_up,490,2018-12-01,1.1781966413185148,1.3372739405071912,18.801325758959113,0.0,0.0
Labour,F0,-1,0.0,0,bottom_up,491,2019-01-01,1.0296799780116064,1.2184668218638612,14.846576823662128,0.0,0.0
Labour,F0,-1,0.0,0,mint_shrink,455,2016-01-01,0.7952525518819147,1.2765939976788372,14.82666314500925,4.126030251704009e-13,3.092281986027956e-11
Labour,F0,-1,0.0,0,mint_shrink,456,2016-02-01,0.9880157362488267,1.3223093632319234,18.180927755308918,4.1505460536980704e-13,2.9103830456733704e-11
Labour,F0,-1,0.0,0,mint_shrink,457,2016-03-01,0.9269445320833001,1.3727933403999868,15.812307375813798,4.089775951297536e-13,3.637978807091713e-11
Labour,F0,-1,0.0,0,mint_shrink,458,2016-04-01,0.9839160760876989,1.2383918470297552,16.475853807167734,4.201135865440054e-13,3.092281986027956e-11
Labour,F0,-1,0.0,0,mint_shrink,459,2016-05-01,0.937625377358929,1.1264948329611224,15.112507056603329,3.542845029692722e-13,1.8189894035458565e-11
Labour,F0,-1,0.0,0,mint_shrink,460,2016-06-01,0.8926805423868979,1.1365288649498857,14.255318049198648,3.7826012627532935e-13,2.7284841053187847e-11
Labour,F0,-1,0.0,0,mint_shrink,461,2016-07-01,0.8771062370072236,1.0740290948767401,13.178500491668037,3.654101063318316e-13,2.1827872842550278e-11
Labour,F0,-1,0.0,0,mint_shrink,462,2016-08-01,0.9302426014820699,1.1036160372408277,13.67642910038284,2.967658607484582e-13,1.8189894035458565e-11
Labour,F0,-1,0.0,0,mint_shrink,463,2016-09-01,1.2932207957450181,1.3098148944189454,19.972459121940872,4.337115462093559e-13,2.1827872842550278e-11
Labour,F0,-1,0.0,0,mint_shrink,464,2016-10-01,1.232295189888056,1.2737591983068475,19.029759533280966,3.775537387602462e-13,2.9103830456733704e-11
Labour,F0,-1,0.0,0,mint_shrink,465,2016-11-01,1.244175192293544,1.3081721883536641,19.044591430090644,2.8452873585481206e-13,1.4551915228366852e-11
Labour,F0,-1,0.0,0,mint_shrink,466,2016-12-01,1.1629625605713367,1.2456803821493443,17.946900096017487,4.0313951007862526e-13,3.456079866737127e-11
Labour,F0,-1,0.0,0,mint_shrink,467,2017-01-01,1.0343284575990066,1.2568535982393945,14.740871330770503,3.5444032374465814e-13,2.7284841053187847e-11
Labour,F0,-1,0.0,0,mint_shrink,468,2017-02-01,1.406109855787515,1.4022822153936847,23.59461695780054,4.095177738177583e-13,2.546585164964199e-11
Labour,F0,-1,0.0,0,mint_shrink,469,2017-03-01,1.3041419650358133,1.3220472622478863,20.402126307195683,3.3106720743676015e-13,2.1827872842550278e-11
Labour,F0,-1,0.0,0,mint_shrink,470,2017-04-01,1.3434387893347974,1.285820777062745,20.920166573099237,3.6804867146170103e-13,2.3646862246096134e-11
Labour,F0,-1,0.0,0,mint_shrink,471,2017-05-01,1.2688310726749772,1.3073470386882455,19.019391070347407,3.752995315429956e-13,2.9103830456733704e-11
Labour,F0,-1,0.0,0,mint_shrink,472,2017-06-01,0.997629737172621,1.154061578023899,13.905354348521332,3.4847758207322107e-13,1.8189894035458565e-11
Labour,F0,-1,0.0,0,mint_shrink,473,2017-07-01,0.8999361934703096,1.0555125350432502,13.277565924781301,4.348750079989046e-13,4.547473508864641e-11
Labour,F0,-1,0.0,0,mint_shrink,474,2017-08-01,0.8690321422587352,1.004365860823952,12.626973601136672,3.5599853149851805e-13,3.8198777474462986e-11
Labour,F0,-1,0.0,0,mint_shrink,475,2017-09-01,1.003154310621514,1.0146878689957206,15.425961127189412,4.0787646165035925e-13,2.7284841053187847e-11
Labour,F0,-1,0.0,0,mint_shrink,476,2017-10-01,0.7559011499290942,0.9077029732291159,10.45746431514104,3.6031996100255606e-13,2.7284841053187847e-11
Labour,F0,-1,0.0,0,mint_shrink,477,2017-11-01,0.8685233034379477,0.965078340996329,12.878878245964428,3.9983610964044235e-13,3.8198777474462986e-11
Labour,F0,-1,0.0,0,mint_shrink,478,2017-12-01,0.7388899586076756,0.9763856521421195,9.882101429009195,3.084628069540996e-13,1.8189894035458565e-11
Labour,F0,-1,0.0,0,mint_shrink,479,2018-01-01,0.7998462921475398,1.0193452604109705,10.12475683918194,3.147891304347707e-13,2.000888343900442e-11
Labour,F0,-1,0.0,0,mint_shrink,480,2018-02-01,1.143747470858147,1.1553609110088034,18.82557564203474,3.365832628854241e-13,1.6370904631912708e-11
Labour,F0,-1,0.0,0,mint_shrink,481,2018-03-01,0.9810958528309524,1.0990972362225058,13.827382202933169,4.585389897541898e-13,2.7284841053187847e-11
Labour,F0,-1,0.0,0,mint_shrink,482,2018-04-01,1.0238221061086563,1.145194072663155,15.644439102740012,3.1791593399418284e-13,3.637978807091713e-11
Labour,F0,-1,0.0,0,mint_shrink,483,2018-05-01,0.9738259145192592,1.1603153809407218,14.780908938418676,3.898635800157392e-13,3.092281986027956e-11
Labour,F0,-1,0.0,0,mint_shrink,484,2018-06-01,0.8242396425279616,1.1317532425654813,11.04872313958609,4.454396565700745e-13,2.9103830456733704e-11
Labour,F0,-1,0.0,0,mint_shrink,485,2018-07-01,0.8305106619411975,1.210933757370158,10.343581282897413,4.0434452407494354e-13,2.000888343900442e-11
Labour,F0,-1,0.0,0,mint_shrink,486,2018-08-01,0.8833419144546416,1.2007017079742495,11.32225446570078,4.673376695376518e-13,3.456079866737127e-11
Labour,F0,-1,0.0,0,mint_shrink,487,2018-09-01,1.0388939190402946,1.2559683209798997,15.117647840081633,3.8288280927844695e-13,3.8198777474462986e-11
Labour,F0,-1,0.0,0,mint_shrink,488,2018-10-01,1.0008418372166532,1.1872735323278027,13.455731477309595,2.933689678450437e-13,2.3646862246096134e-11
Labour,F0,-1,0.0,0,mint_shrink,489,2018-11-01,0.997987707281283,1.2318720359637956,13.71206524972849,2.911563128345627e-13,1.2732925824820995e-11
Labour,F0,-1,0.0,0,mint_shrink,490,2018-12-01,0.8160780131333497,1.1873067441781755,10.96440442641935,3.7724209720947426e-13,3.456079866737127e-11
Labour,F0,-1,0.0,0,mint_shrink,491,2019-01-01,0.848427027966682,1.0997059589215055,11.597663609579188,3.6389345078474136e-13,2.000888343900442e-11
Labour,F0,-1,0.0,0,ols,455,2016-01-01,0.808538377479014,1.1354591563996854,13.04408486733208,4.912301884301699e-13,4.547473508864641e-11
Labour,F0,-1,0.0,0,ols,456,2016-02-01,0.9584229771951738,1.1784776307332856,16.59596153612565,4.523580989972123e-13,4.001776687800884e-11
Labour,F0,-1,0.0,0,ols,457,2016-03-01,0.8085834857323864,1.194562475630791,14.45387197173047,5.737217069195113e-13,5.820766091346741e-11
Labour,F0,-1,0.0,0,ols,458,2016-04-01,0.7983116650223069,1.0829655585478313,13.128359668273992,5.513354555223912e-13,5.820766091346741e-11
Labour,F0,-1,0.0,0,ols,459,2016-05-01,0.7611048310111717,1.0329936062973315,13.263107484467282,5.690782478130089e-13,6.184563972055912e-11
Labour,F0,-1,0.0,0,ols,460,2016-06-01,0.7336977478512812,0.9904320682152807,12.08829322780099,6.036289077419284e-13,5.4569682106375694e-11
Labour,F0,-1,0.0,0,ols,461,2016-07-01,0.7005871286746412,0.9203012057998458,11.326919165920259,8.040559770950771e-13,9.094947017729282e-11
Labour,F0,-1,0.0,0,ols,462,2016-08-01,0.7501577589310637,0.9500972637625223,11.9206323610428,8.6040076947465e-13,1.2005330063402653e-10
Labour,F0,-1,0.0,0,ols,463,2016-09-01,1.017762268179196,1.0473144007612767,17.157868210526143,6.149103318798738e-13,6.184563972055912e-11
Labour,F0,-1,0.0,0,ols,464,2016-10-01,1.0231022759707544,1.0966703556887016,17.38916891698054,6.225974901322492e-13,7.457856554538012e-11
Labour,F0,-1,0.0,0,ols,465,2016-11-01,1.158241606772596,1.1934268890503734,18.565267980930034,8.446005428505109e-13,7.821654435247183e-11
Labour,F0,-1,0.0,0,ols,466,2016-12-01,1.01522398471925,1.0425396831130314,17.191357040988272,9.354440549005413e-13,9.640643838793039e-11
Labour,F0,-1,0.0,0,ols,467,2017-01-01,0.9301223573714186,1.027988670596682,14.288976562165772,7.318382417295184e-13,7.457856554538012e-11
Labour,F0,-1,0.0,0,ols,468,2017-02-01,1.3799015272893436,1.225772731666957,24.967956919348698,5.598121057033888e-13,5.093170329928398e-11
Labour,F0,-1,0.0,0,ols,469,2017-03-01,1.2666366554422512,1.1867246461782124,21.612656460931316,6.611579380144348e-13,5.638867150992155e-11
Labour,F0,-1,0.0,0,ols,470,2017-04-01,1.2591886102492156,1.168298357861651,21.471186022014077,6.01613625713603e-13,5.275069270282984e-11
Labour,F0,-1,0.0,0,ols,471,2017-05-01,1.2104682714253574,1.2350352276701628,20.194632982059595,7.026685925772616e-13,6.730260793119669e-11
Labour,F0,-1,0.0,0,ols,472,2017-06-01,0.9923156256544298,1.0906017336907246,14.986997040484724,6.763244934853375e-13,7.457856554538012e-11
Labour,F0,-1,0.0,0,ols,473,2017-07-01,0.9176547648748643,1.021033600747361,14.63841006350811,5.817101186709662e-13,6.002665031701326e-11
Labour,F0,-1,0.0,0,ols,474,2017-08-01,0.8605021249611722,0.9564715156280448,14.056433495751468,6.291627388018454e-13,6.912159733474255e-11
Labour,F0,-1,0.0,0,ols,475,2017-09-01,0.9485557205532971,0.9475456581042971,16.457715034633825,7.079041706302308e-13,5.820766091346741e-11
Labour,F0,-1,0.0,0,ols,476,2017-10-01,0.7972815913013804,0.8957625432182986,12.675465280272698,7.10563511863485e-13,7.09405867382884e-11
Labour,F0,-1,0.0,0,ols,477,2017-11-01,0.8679110231379132,1.0096606809405035,13.702781848131165,7.629816207033309e-13,6.002665031701326e-11
Labour,F0,-1,0.0,0,ols,478,2017-12-01,0.8230336874875404,0.9767428018852644,11.30642957210405,7.978023699762528e-13,6.912159733474255e-11
Labour,F0,-1,0.0,0,ols,479,2018-01-01,0.8055006451262099,0.9815790149438255,10.10226702231259,5.474295480860491e-13,4.3655745685100555e-11
Labour,F0,-1,0.0,0,ols,480,2018-02-01,1.206332369040573,1.235226926002467,19.094662357541914,6.517775273361983e-13,5.4569682106375694e-11
Labour,F0,-1,0.0,0,ols,481,2018-03-01,1.1460091012306546,1.2253553570598468,15.221827307266903,6.81934041399233e-13,5.820766091346741e-11
Labour,F0,-1,0.0,0,ols,482,2018-04-01,1.191082755000137,1.2575735884572132,16.71085288516103,5.625129991434127e-13,4.001776687800884e-11
Labour,F0,-1,0.0,0,ols,483,2018-05-01,1.1999871940223434,1.293633977236128,16.26020219432927,8.115977026237589e-13,7.821654435247183e-11
Labour,F0,-1,0.0,0,ols,484,2018-06-01,1.166689724591142,1.345958412653331,13.96140431283249,5.974376289332585e-13,6.184563972055912e-11
Labour,F0,-1,0.0,0,ols,485,2018-07-01,1.1464882984910805,1.3841281807479655,13.163742799954829,8.920843271364673e-13,1.2732925824820995e-10
Labour,F0,-1,0.0,0,ols,486,2018-08-01,1.130837859896082,1.321811152477157,14.658720752614787,6.681179326483422e-13,5.638867150992155e-11
Labour,F0,-1,0.0,0,ols,487,2018-09-01,1.0560629056680673,1.2057031293269904,16.621615839590103,8.581569503090917e-13,8.731149137020111e-11
Labour,F0,-1,0.0,0,ols,488,2018-10-01,0.921054400294422,1.0701171139856274,13.694406444390435,6.22929907786406e-13,5.093170329928398e-11
Labour,F0,-1,0.0,0,ols,489,2018-11-01,0.9251931914610625,1.1255204950485815,14.18228753064676,6.995729531729267e-13,5.275069270282984e-11
Labour,F0,-1,0.0,0,ols,490,2018-12-01,0.8309594709794543,1.1559191373536137,12.113747190692404,5.454142660577236e-13,4.9112713895738125e-11
Labour,F0,-1,0.0,0,ols,491,2019-01-01,0.7546764775479038,1.030619004108614,9.897552942266547,8.399986359507781e-13,9.094947017729282e-11
Labour,SeasonalNaive,-1,0.0,0,unreconciled,455,2016-01-01,1.1075735787216345,1.3346487095616402,20.373492732748563,2.8224336448248425e-14,1.8189894035458565e-12
Labour,SeasonalNaive,-1,0.0,0,unreconciled,456,2016-02-01,1.0898465151653194,1.3520582482671062,19.78245092923979,2.768415776024367e-14,1.8189894035458565e-12
Labour,SeasonalNaive,-1,0.0,0,unreconciled,457,2016-03-01,1.0926131198105304,1.3735672673549317,19.250236614619908,2.7736098018705665e-14,1.8189894035458565e-12
Labour,SeasonalNaive,-1,0.0,0,unreconciled,458,2016-04-01,1.0892173051080496,1.3688232518238994,18.845051309941542,2.4765115234679515e-14,1.8189894035458565e-12
Labour,SeasonalNaive,-1,0.0,0,unreconciled,459,2016-05-01,1.0864896965811122,1.360089841448906,18.622125510818737,2.3715922013747202e-14,1.8189894035458565e-12
Labour,SeasonalNaive,-1,0.0,0,unreconciled,460,2016-06-01,1.0955079809333756,1.3469052008007114,18.41384878216375,2.4037951616211575e-14,1.8189894035458565e-12
Labour,SeasonalNaive,-1,0.0,0,unreconciled,461,2016-07-01,1.1037453587916126,1.3479439550028047,18.313343496198822,2.4650846666063125e-14,1.8189894035458565e-12
Labour,SeasonalNaive,-1,0.0,0,unreconciled,462,2016-08-01,1.1068977821802601,1.3349383177830922,18.28161158128654,2.3965235254364782e-14,1.8189894035458565e-12
Labour,SeasonalNaive,-1,0.0,0,unreconciled,463,2016-09-01,1.1408496025766244,1.348852281008654,18.746656412865487,2.340428046297523e-14,1.8189894035458565e-12
Labour,SeasonalNaive,-1,0.0,0,unreconciled,464,2016-10-01,1.1911325126433328,1.340239795204909,19.517077526315795,2.435998121867595e-14,1.8189894035458565e-12
Labour,SeasonalNaive,-1,0.0,0,unreconciled,465,2016-11-01,1.2400750140334638,1.352044832462369,20.220192569590644,2.078649143649065e-14,1.8189894035458565e-12
Labour,SeasonalNaive,-1,0.0,0,unreconciled,466,2016-12-01,1.2992508717876337,1.3617490633830411,21.49601034269004,1.712989724076616e-14,1.8189894035458565e-12
Labour,SeasonalNaive,-1,0.0,0,unreconciled,467,2017-01-01,1.3604756419921435,1.3752738650302159,22.647036525146177,1.5987211554602254e-14,1.8189894035458565e-12
Labour,SeasonalNaive,-1,0.0,0,unreconciled,468,2017-02-01,1.4152849324592438,1.3980610127615631,23.8427682847953,1.3514855251811263e-14,1.8189894035458565e-12
Labour,SeasonalNaive,-1,0.0,0,unreconciled,469,2017-03-01,1.457942860532837,1.4071837907053406,25.11866753859648,1.3764168492428841e-14,1.8189894035458565e-12
Labour,SeasonalNaive,-1,0.0,0,unreconciled,470,2017-04-01,1.480897230327467,1.4142901152737846,26.032988187134492,1.3494079148426464e-14,1.8189894035458565e-12
Labour,SeasonalNaive,-1,0.0,0,unreconciled,471,2017-05-01,1.4966360023036018,1.413291516842762,26.603788642397653,1.377455654412124e-14,1.8189894035458565e-12
Labour,SeasonalNaive,-1,0.0,0,unreconciled,472,2017-06-01,1.4989331162742392,1.410095015351017,26.856102473391804,1.4397839645665187e-14,1.8189894035458565e-12
Labour,SeasonalNaive,-1,0.0,0,unreconciled,473,2017-07-01,1.513782809985313,1.409732403253277,27.278633245321632,1.1842378929335004e-14,1.8189894035458565e-12
Labour,SeasonalNaive,-1,0.0,0,unreconciled,474,2017-08-01,1.5168511998778647,1.3924801161288165,27.368458023099425,1.1821602825950205e-14,1.8189894035458565e-12
Labour,SeasonalNaive,-1,0.0,0,unreconciled,475,2017-09-01,1.4926226739532977,1.3486892855021952,27.036805665789483,1.2652646961342135e-14,1.8189894035458565e-12
Labour,SeasonalNaive,-1,0.0,0,unreconciled,476,2017-10-01,1.4538149170602896,1.3163401687121852,26.33774458596492,1.0304947278859932e-14,4.547473508864641e-13
Labour,SeasonalNaive,-1,0.0,0,unreconciled,477,2017-11-01,1.4353393252655793,1.2961606976956372,26.089740907894736,1.3629123820427652e-14,1.8189894035458565e-12
Labour,SeasonalNaive,-1,0.0,0,unreconciled,478,2017-12-01,1.4063394419084339,1.3045243091162502,25.481291390643296,1.3764168492428841e-14,1.8189894035458565e-12
Labour,SeasonalNaive,-1,0.0,0,unreconciled,479,2018-01-01,1.3638508058287937,1.298240915571806,24.75465543011698,1.1977423601336191e-14,1.8189894035458565e-12
Labour,SeasonalNaive,-1,0.0,0,unreconciled,480,2018-02-01,1.322225322939826,1.274053804443969,24.34889946198832,1.270458721980413e-14,1.8189894035458565e-12
Labour,SeasonalNaive,-1,0.0,0,unreconciled,481,2018-03-01,1.2708410623109425,1.2527461817509655,23.586109366666673,1.5405480659827902e-14,1.8189894035458565e-12
Labour,SeasonalNaive,-1,0.0,0,unreconciled,482,2018-04-01,1.2493892353068579,1.2686025808398809,23.29264992660819,1.4678317041359965e-14,1.8189894035458565e-12
Labour,SeasonalNaive,-1,0.0,0,unreconciled,483,2018-05-01,1.2383598173323223,1.2722358023278275,23.183395307309954,1.7649299825386114e-14,1.8189894035458565e-12
Labour,SeasonalNaive,-1,0.0,0,unreconciled,484,2018-06-01,1.258621350145074,1.3011739478032025,23.512961070467853,2.0641058712797062e-14,1.8189894035458565e-12
Labour,SeasonalNaive,-1,0.0,0,unreconciled,485,2018-07-01,1.2486971738922006,1.315680953537977,23.356306983625757,2.01839844383315e-14,1.8189894035458565e-12
Labour,SeasonalNaive,-1,0.0,0,unreconciled,486,2018-08-01,1.2598577914688738,1.3556873948031787,23.589524762573102,2.3238071635896845e-14,1.8189894035458565e-12
Labour,SeasonalNaive,-1,0.0,0,unreconciled,487,2018-09-01,1.274655433161287,1.380083726336966,23.744587646491233,2.5336458077761468e-14,1.8189894035458565e-12
Labour,SeasonalNaive,-1,0.0,0,unreconciled,488,2018-10-01,1.29470912717703,1.3945021424375705,23.927706378947367,2.9034604480255554e-14,1.8189894035458565e-12
Labour,SeasonalNaive,-1,0.0,0,unreconciled,489,2018-11-01,1.2794467076956,1.3973761719963278,23.58423204181287,2.7414068416241292e-14,1.8189894035458565e-12
Labour,SeasonalNaive,-1,0.0,0,unreconciled,490,2018-12-01,1.2812663589980282,1.3952000772789686,23.39424431052632,2.754911308824248e-14,1.8189894035458565e-12
Labour,SeasonalNaive,-1,0.0,0,unreconciled,491,2019-01-01,1.287425023802899,1.4026582965775547,23.241152852923985,3.004224549441827e-14,1.8189894035458565e-12
Labour,SeasonalNaive,-1,0.0,0,bottom_up,455,2016-01-01,1.1075735787216345,1.3346487095616402,20.37349273274857,0.0,0.0
Labour,SeasonalNaive,-1,0.0,0,bottom_up,456,2016-02-01,1.0898465151653196,1.3520582482671062,19.78245092923979,0.0,0.0
Labour,SeasonalNaive,-1,0.0,0,bottom_up,457,2016-03-01,1.0926131198105304,1.3735672673549317,19.250236614619908,0.0,0.0
Labour,SeasonalNaive,-1,0.0,0,bottom_up,458,2016-04-01,1.0892173051080494,1.3688232518238994,18.845051309941542,0.0,0.0
Labour,SeasonalNaive,-1,0.0,0,bottom_up,459,2016-05-01,1.0864896965811122,1.360089841448906,18.622125510818737,0.0,0.0
Labour,SeasonalNaive,-1,0.0,0,bottom_up,460,2016-06-01,1.0955079809333756,1.3469052008007114,18.413848782163747,0.0,0.0
Labour,SeasonalNaive,-1,0.0,0,bottom_up,461,2016-07-01,1.103745358791613,1.3479439550028047,18.313343496198826,0.0,0.0
Labour,SeasonalNaive,-1,0.0,0,bottom_up,462,2016-08-01,1.1068977821802606,1.3349383177830922,18.28161158128654,0.0,0.0
Labour,SeasonalNaive,-1,0.0,0,bottom_up,463,2016-09-01,1.1408496025766248,1.348852281008654,18.746656412865487,0.0,0.0
Labour,SeasonalNaive,-1,0.0,0,bottom_up,464,2016-10-01,1.1911325126433328,1.340239795204909,19.517077526315795,0.0,0.0
Labour,SeasonalNaive,-1,0.0,0,bottom_up,465,2016-11-01,1.2400750140334638,1.352044832462369,20.22019256959064,0.0,0.0
Labour,SeasonalNaive,-1,0.0,0,bottom_up,466,2016-12-01,1.2992508717876334,1.3617490633830411,21.496010342690038,0.0,0.0
Labour,SeasonalNaive,-1,0.0,0,bottom_up,467,2017-01-01,1.3604756419921435,1.3752738650302159,22.647036525146177,0.0,0.0
Labour,SeasonalNaive,-1,0.0,0,bottom_up,468,2017-02-01,1.4152849324592438,1.3980610127615631,23.8427682847953,0.0,0.0
Labour,SeasonalNaive,-1,0.0,0,bottom_up,469,2017-03-01,1.457942860532837,1.4071837907053406,25.11866753859648,0.0,0.0
Labour,SeasonalNaive,-1,0.0,0,bottom_up,470,2017-04-01,1.480897230327467,1.4142901152737846,26.032988187134492,0.0,0.0
Labour,SeasonalNaive,-1,0.0,0,bottom_up,471,2017-05-01,1.4966360023036018,1.413291516842762,26.603788642397653,0.0,0.0
Labour,SeasonalNaive,-1,0.0,0,bottom_up,472,2017-06-01,1.4989331162742392,1.410095015351017,26.856102473391807,0.0,0.0
Labour,SeasonalNaive,-1,0.0,0,bottom_up,473,2017-07-01,1.5137828099853128,1.409732403253277,27.278633245321632,0.0,0.0
Labour,SeasonalNaive,-1,0.0,0,bottom_up,474,2017-08-01,1.5168511998778644,1.3924801161288165,27.368458023099418,0.0,0.0
Labour,SeasonalNaive,-1,0.0,0,bottom_up,475,2017-09-01,1.4926226739532977,1.3486892855021952,27.036805665789483,0.0,0.0
Labour,SeasonalNaive,-1,0.0,0,bottom_up,476,2017-10-01,1.4538149170602896,1.3163401687121852,26.33774458596492,0.0,0.0
Labour,SeasonalNaive,-1,0.0,0,bottom_up,477,2017-11-01,1.4353393252655788,1.2961606976956372,26.089740907894736,0.0,0.0
Labour,SeasonalNaive,-1,0.0,0,bottom_up,478,2017-12-01,1.4063394419084339,1.3045243091162502,25.48129139064329,0.0,0.0
Labour,SeasonalNaive,-1,0.0,0,bottom_up,479,2018-01-01,1.3638508058287935,1.298240915571806,24.754655430116976,0.0,0.0
Labour,SeasonalNaive,-1,0.0,0,bottom_up,480,2018-02-01,1.322225322939826,1.274053804443969,24.34889946198832,0.0,0.0
Labour,SeasonalNaive,-1,0.0,0,bottom_up,481,2018-03-01,1.270841062310942,1.2527461817509655,23.586109366666665,0.0,0.0
Labour,SeasonalNaive,-1,0.0,0,bottom_up,482,2018-04-01,1.2493892353068579,1.2686025808398809,23.29264992660819,0.0,0.0
Labour,SeasonalNaive,-1,0.0,0,bottom_up,483,2018-05-01,1.238359817332322,1.2722358023278275,23.18339530730995,0.0,0.0
Labour,SeasonalNaive,-1,0.0,0,bottom_up,484,2018-06-01,1.2586213501450736,1.3011739478032025,23.512961070467842,0.0,0.0
Labour,SeasonalNaive,-1,0.0,0,bottom_up,485,2018-07-01,1.2486971738922001,1.315680953537977,23.35630698362575,0.0,0.0
Labour,SeasonalNaive,-1,0.0,0,bottom_up,486,2018-08-01,1.2598577914688736,1.3556873948031787,23.58952476257309,0.0,0.0
Labour,SeasonalNaive,-1,0.0,0,bottom_up,487,2018-09-01,1.2746554331612865,1.380083726336966,23.74458764649123,0.0,0.0
Labour,SeasonalNaive,-1,0.0,0,bottom_up,488,2018-10-01,1.2947091271770297,1.3945021424375705,23.927706378947363,0.0,0.0
Labour,SeasonalNaive,-1,0.0,0,bottom_up,489,2018-11-01,1.2794467076955998,1.3973761719963278,23.58423204181288,0.0,0.0
Labour,SeasonalNaive,-1,0.0,0,bottom_up,490,2018-12-01,1.2812663589980282,1.3952000772789686,23.39424431052632,0.0,0.0
Labour,SeasonalNaive,-1,0.0,0,bottom_up,491,2019-01-01,1.2874250238028995,1.4026582965775547,23.24115285292399,0.0,0.0
Labour,SeasonalNaive,-1,0.0,0,mint_shrink,455,2016-01-01,1.1075735787216345,1.3346487095616395,20.373492732748563,2.5697962276656955e-13,1.2732925824820995e-11
Labour,SeasonalNaive,-1,0.0,0,mint_shrink,456,2016-02-01,1.08984651516532,1.3520582482671057,19.782450929239783,2.6293197638631427e-13,1.2732925824820995e-11
Labour,SeasonalNaive,-1,0.0,0,mint_shrink,457,2016-03-01,1.0926131198105322,1.3735672673549315,19.250236614619922,2.6417854258940215e-13,1.2732925824820995e-11
Labour,SeasonalNaive,-1,0.0,0,mint_shrink,458,2016-04-01,1.0892173051080531,1.368823251823899,18.84505130994159,2.876555394142242e-13,1.6370904631912708e-11
Labour,SeasonalNaive,-1,0.0,0,mint_shrink,459,2016-05-01,1.0864896965811122,1.360089841448906,18.622125510818748,3.007029323398775e-13,2.1827872842550278e-11
Labour,SeasonalNaive,-1,0.0,0,mint_shrink,460,2016-06-01,1.0955079809333772,1.3469052008007114,18.41384878216377,3.124310427005961e-13,2.1827872842550278e-11
Labour,SeasonalNaive,-1,0.0,0,mint_shrink,461,2016-07-01,1.1037453587916133,1.3479439550028052,18.31334349619883,3.185080529406496e-13,2.1827872842550278e-11
Labour,SeasonalNaive,-1,0.0,0,mint_shrink,462,2016-08-01,1.1068977821802624,1.334938317783093,18.281611581286572,3.228502585480724e-13,2.1827872842550278e-11
Labour,SeasonalNaive,-1,0.0,0,mint_shrink,463,2016-09-01,1.1408496025766273,1.3488522810086552,18.74665641286552,3.115480583067422e-13,2.1827872842550278e-11
Labour,SeasonalNaive,-1,0.0,0,mint_shrink,464,2016-10-01,1.191132512643335,1.3402397952049099,19.517077526315827,3.010769022008039e-13,2.1827872842550278e-11
Labour,SeasonalNaive,-1,0.0,0,mint_shrink,465,2016-11-01,1.2400750140334673,1.3520448324623695,20.220192569590683,3.2012858900466386e-13,2.1827872842550278e-11
Labour,SeasonalNaive,-1,0.0,0,mint_shrink,466,2016-12-01,1.2992508717876368,1.3617490633830414,21.496010342690088,3.151423241923123e-13,2.1827872842550278e-11
Labour,SeasonalNaive,-1,0.0,0,mint_shrink,467,2017-01-01,1.3604756419921449,1.3752738650302159,22.6470365251462,3.182899038551092e-13,2.1827872842550278e-11
Labour,SeasonalNaive,-1,0.0,0,mint_shrink,468,2017-02-01,1.4152849324592414,1.3980610127615634,23.84276828479529,3.6077703527702163e-13,3.456079866737127e-11
Labour,SeasonalNaive,-1,0.0,0,mint_shrink,469,2017-03-01,1.457942860532833,1.4071837907053404,25.11866753859646,3.542221746591178e-13,3.456079866737127e-11
Labour,SeasonalNaive,-1,0.0,0,mint_shrink,470,2017-04-01,1.480897230327463,1.4142901152737846,26.03298818713446,3.349315626663326e-13,3.456079866737127e-11
Labour,SeasonalNaive,-1,0.0,0,mint_shrink,471,2017-05-01,1.4966360023035992,1.413291516842762,26.603788642397642,3.1332441514614244e-13,3.456079866737127e-11
Labour,SeasonalNaive,-1,0.0,0,mint_shrink,472,2017-06-01,1.498933116274237,1.4100950153510166,26.856102473391793,3.2005587264281707e-13,3.456079866737127e-11
Labour,SeasonalNaive,-1,0.0,0,mint_shrink,473,2017-07-01,1.5137828099853115,1.409732403253277,27.27863324532164,3.2092846898497857e-13,3.456079866737127e-11
Labour,SeasonalNaive,-1,0.0,0,mint_shrink,474,2017-08-01,1.516851199877863,1.3924801161288163,27.368458023099425,3.288545524262791e-13,3.456079866737127e-11
Labour,SeasonalNaive,-1,0.0,0,mint_shrink,475,2017-09-01,1.4926226739532953,1.348689285502195,27.036805665789473,3.4299269077963433e-13,3.456079866737127e-11
Labour,SeasonalNaive,-1,0.0,0,mint_shrink,476,2017-10-01,1.453814917060286,1.316340168712184,26.337744585964888,3.442704211377994e-13,3.456079866737127e-11
Labour,SeasonalNaive,-1,0.0,0,mint_shrink,477,2017-11-01,1.4353393252655726,1.2961606976956368,26.089740907894658,3.506071326701629e-13,3.456079866737127e-11
Labour,SeasonalNaive,-1,0.0,0,mint_shrink,478,2017-12-01,1.4063394419084287,1.3045243091162504,25.481291390643246,3.6887971559709293e-13,3.456079866737127e-11
Labour,SeasonalNaive,-1,0.0,0,mint_shrink,479,2018-01-01,1.3638508058287886,1.2982409155718055,24.754655430116923,3.7459314402791246e-13,3.456079866737127e-11
Labour,SeasonalNaive,-1,0.0,0,mint_shrink,480,2018-02-01,1.3222253229398258,1.2740538044439687,24.34889946198833,3.374558592275856e-13,2.000888343900442e-11
Labour,SeasonalNaive,-1,0.0,0,mint_shrink,481,2018-03-01,1.2708410623109452,1.2527461817509649,23.586109366666715,3.4738683664551913e-13,2.000888343900442e-11
Labour,SeasonalNaive,-1,0.0,0,mint_shrink,482,2018-04-01,1.2493892353068623,1.2686025808398806,23.29264992660826,3.668955977238447e-13,2.000888343900442e-11
Labour,SeasonalNaive,-1,0.0,0,mint_shrink,483,2018-05-01,1.2383598173323263,1.272235802327827,23.18339530731003,3.692432974063269e-13,2.000888343900442e-11
Labour,SeasonalNaive,-1,0.0,0,mint_shrink,484,2018-06-01,1.258621350145075,1.301173947803202,23.512961070467888,3.6155613915395154e-13,1.8189894035458565e-11
Labour,SeasonalNaive,-1,0.0,0,mint_shrink,485,2018-07-01,1.2486971738922015,1.3156809535379768,23.356306983625796,3.6366491364750857e-13,1.8189894035458565e-11
Labour,SeasonalNaive,-1,0.0,0,mint_shrink,486,2018-08-01,1.259857791468872,1.3556873948031785,23.589524762573095,3.7609941152331033e-13,2.1827872842550278e-11
Labour,SeasonalNaive,-1,0.0,0,mint_shrink,487,2018-09-01,1.2746554331612865,1.3800837263369656,23.74458764649124,3.765045455393139e-13,2.1827872842550278e-11
Labour,SeasonalNaive,-1,0.0,0,mint_shrink,488,2018-10-01,1.2947091271770303,1.39450214243757,23.927706378947388,3.7019899816202766e-13,2.1827872842550278e-11
Labour,SeasonalNaive,-1,0.0,0,mint_shrink,489,2018-11-01,1.2794467076956038,1.3973761719963276,23.584232041812953,3.5596736734344085e-13,2.1827872842550278e-11
Labour,SeasonalNaive,-1,0.0,0,mint_shrink,490,2018-12-01,1.2812663589980287,1.3952000772789677,23.39424431052634,3.6783052237616064e-13,2.1827872842550278e-11
Labour,SeasonalNaive,-1,0.0,0,mint_shrink,491,2019-01-01,1.2874250238029017,1.4026582965775538,23.241152852924035,3.791846628759529e-13,2.1827872842550278e-11
Labour,SeasonalNaive,-1,0.0,0,ols,455,2016-01-01,1.1075735787216487,1.3346487095616433,20.37349273274871,4.5452920180092373e-13,4.001776687800884e-11
Labour,SeasonalNaive,-1,0.0,0,ols,456,2016-02-01,1.089846515165335,1.352058248267109,19.782450929239957,4.739236943106329e-13,4.001776687800884e-11
Labour,SeasonalNaive,-1,0.0,0,ols,457,2016-03-01,1.092613119810545,1.373567267354936,19.250236614620047,4.683660866551994e-13,4.001776687800884e-11
Labour,SeasonalNaive,-1,0.0,0,ols,458,2016-04-01,1.0892173051080656,1.3688232518239025,18.845051309941724,5.241395361916902e-13,5.4569682106375694e-11
Labour,SeasonalNaive,-1,0.0,0,ols,459,2016-05-01,1.0864896965811246,1.3600898414489095,18.622125510818865,5.274533246815656e-13,5.4569682106375694e-11
Labour,SeasonalNaive,-1,0.0,0,ols,460,2016-06-01,1.0955079809333803,1.3469052008007139,18.413848782163793,5.891064114759544e-13,5.4569682106375694e-11
Labour,SeasonalNaive,-1,0.0,0,ols,461,2016-07-01,1.1037453587916204,1.347943955002806,18.313343496198904,6.237505638701055e-13,6.366462912410498e-11
Labour,SeasonalNaive,-1,0.0,0,ols,462,2016-08-01,1.1068977821802675,1.3349383177830927,18.28161158128661,6.373173593803787e-13,6.366462912410498e-11
Labour,SeasonalNaive,-1,0.0,0,ols,463,2016-09-01,1.1408496025766262,1.348852281008655,18.746656412865534,6.901509902879207e-13,6.366462912410498e-11
Labour,SeasonalNaive,-1,0.0,0,ols,464,2016-10-01,1.1911325126433323,1.3402397952049112,19.517077526315838,7.344144785492333e-13,6.366462912410498e-11
Labour,SeasonalNaive,-1,0.0,0,ols,465,2016-11-01,1.2400750140334653,1.3520448324623708,20.220192569590683,7.609143984165435e-13,6.366462912410498e-11
Labour,SeasonalNaive,-1,0.0,0,ols,466,2016-12-01,1.2992508717876328,1.3617490633830416,21.49601034269007,7.647060372842693e-13,6.366462912410498e-11
Labour,SeasonalNaive,-1,0.0,0,ols,467,2017-01-01,1.3604756419921402,1.3752738650302152,22.647036525146216,7.403876082723629e-13,6.366462912410498e-11
Labour,SeasonalNaive,-1,0.0,0,ols,468,2017-02-01,1.415284932459243,1.3980610127615622,23.842768284795337,7.536739263869414e-13,6.366462912410498e-11
Labour,SeasonalNaive,-1,0.0,0,ols,469,2017-03-01,1.4579428605328366,1.407183790705338,25.118667538596533,7.599794737642277e-13,6.366462912410498e-11
Labour,SeasonalNaive,-1,0.0,0,ols,470,2017-04-01,1.4808972303274637,1.4142901152737821,26.03298818713446,6.91979287385783e-13,6.366462912410498e-11
Labour,SeasonalNaive,-1,0.0,0,ols,471,2017-05-01,1.4966360023036016,1.413291516842759,26.60378864239769,7.230915022045183e-13,6.366462912410498e-11
Labour,SeasonalNaive,-1,0.0,0,ols,472,2017-06-01,1.4989331162742454,1.4100950153510146,26.856102473391978,7.013700861157117e-13,6.366462912410498e-11
Labour,SeasonalNaive,-1,0.0,0,ols,473,2017-07-01,1.5137828099853143,1.4097324032532763,27.278633245321682,6.576467765424038e-13,4.729372449219227e-11
Labour,SeasonalNaive,-1,0.0,0,ols,474,2017-08-01,1.5168511998778644,1.3924801161288176,27.36845802309944,6.702786474003611e-13,4.729372449219227e-11
Labour,SeasonalNaive,-1,0.0,0,ols,475,2017-09-01,1.4926226739533002,1.3486892855021964,27.036805665789537,6.327050644289535e-13,3.456079866737127e-11
Labour,SeasonalNaive,-1,0.0,0,ols,476,2017-10-01,1.4538149170602932,1.3163401687121852,26.337744585964987,5.86727547638395e-13,3.456079866737127e-11
Labour,SeasonalNaive,-1,0.0,0,ols,477,2017-11-01,1.4353393252655828,1.2961606976956377,26.08974090789481,5.65722907116364e-13,3.456079866737127e-11
Labour,SeasonalNaive,-1,0.0,0,ols,478,2017-12-01,1.4063394419084416,1.3045243091162515,25.481291390643424,5.860315481750043e-13,3.456079866737127e-11
Labour,SeasonalNaive,-1,0.0,0,ols,479,2018-01-01,1.363850805828805,1.2982409155718075,24.75465543011715,5.694106654671657e-13,3.456079866737127e-11
Labour,SeasonalNaive,-1,0.0,0,ols,480,2018-02-01,1.3222253229398406,1.2740538044439706,24.34889946198854,6.244361752818039e-13,6.366462912410498e-11
Labour,SeasonalNaive,-1,0.0,0,ols,481,2018-03-01,1.2708410623109498,1.2527461817509669,23.58610936666677,6.831909956540133e-13,6.366462912410498e-11
Labour,SeasonalNaive,-1,0.0,0,ols,482,2018-04-01,1.2493892353068654,1.2686025808398829,23.292649926608288,6.907950494928494e-13,6.366462912410498e-11
Labour,SeasonalNaive,-1,0.0,0,ols,483,2018-05-01,1.238359817332322,1.2722358023278297,23.183395307309983,6.850089047001831e-13,6.366462912410498e-11
Labour,SeasonalNaive,-1,0.0,0,ols,484,2018-06-01,1.258621350145074,1.3011739478032052,23.51296107046785,6.732807943394645e-13,6.366462912410498e-11
Labour,SeasonalNaive,-1,0.0,0,ols,485,2018-07-01,1.2486971738922006,1.315680953537979,23.356306983625775,6.444643389447493e-13,6.366462912410498e-11
Labour,SeasonalNaive,-1,0.0,0,ols,486,2018-08-01,1.259857791468866,1.355687394803179,23.58952476257301,7.046423223988175e-13,7.639755494892597e-11
Labour,SeasonalNaive,-1,0.0,0,ols,487,2018-09-01,1.2746554331612816,1.380083726336966,23.744587646491173,6.876682459334373e-13,7.639755494892597e-11
Labour,SeasonalNaive,-1,0.0,0,ols,488,2018-10-01,1.2947091271770277,1.3945021424375699,23.92770637894735,7.248366948888414e-13,7.639755494892597e-11
Labour,SeasonalNaive,-1,0.0,0,ols,489,2018-11-01,1.279446707695596,1.3973761719963285,23.584232041812825,7.399409220495897e-13,7.639755494892597e-11
Labour,SeasonalNaive,-1,0.0,0,ols,490,2018-12-01,1.281266358998022,1.3952000772789699,23.39424431052625,7.168586711890788e-13,7.639755494892597e-11
Labour,SeasonalNaive,-1,0.0,0,ols,491,2019-01-01,1.2874250238028955,1.4026582965775551,23.241152852923953,7.630543370651778e-13,7.639755494892597e-11
Labour,AutoETS,-1,0.0,0,unreconciled,455,2016-01-01,0.9149234030020283,1.186365758465521,16.839471532897132,5.777464668543328,196.06739261287112
Labour,AutoETS,-1,0.0,0,unreconciled,456,2016-02-01,0.8366292053883011,1.1420897608879994,13.366088820696486,6.631725730480901,341.53230161083593
Labour,AutoETS,-1,0.0,0,unreconciled,457,2016-03-01,0.8962966494605232,1.1742959121327652,13.394640911519785,6.4143217470165705,313.40542828934485
Labour,AutoETS,-1,0.0,0,unreconciled,458,2016-04-01,0.7059279032577147,1.0298061961881566,9.996438535678044,4.782058589694513,201.8706227081766
Labour,AutoETS,-1,0.0,0,unreconciled,459,2016-05-01,0.7978765157924383,1.0062493005277342,11.315490561625934,6.582794157847932,265.9470019932087
Labour,AutoETS,-1,0.0,0,unreconciled,460,2016-06-01,0.7884438851030091,1.005016698823776,11.78390488082913,6.194307675001546,261.0094620010186
Labour,AutoETS,-1,0.0,0,unreconciled,461,2016-07-01,0.7428779022452829,0.941424633077407,10.764208495116302,6.3587716200640685,230.75341767197642
Labour,AutoETS,-1,0.0,0,unreconciled,462,2016-08-01,0.7673984012322578,1.052557324843908,11.177487330214825,6.393645559494288,195.65259709020756
Labour,AutoETS,-1,0.0,0,unreconciled,463,2016-09-01,0.8061693567394301,1.1060458840057366,12.24527555396262,4.911362686341944,221.0217316056751
Labour,AutoETS,-1,0.0,0,unreconciled,464,2016-10-01,0.9576104818898828,1.0913311037346767,14.946160868209533,4.476845399128726,126.13435755167302
Labour,AutoETS,-1,0.0,0,unreconciled,465,2016-11-01,1.0212253275033736,1.1022818477179088,15.74289204599965,4.012710607305678,147.09501298420946
Labour,AutoETS,-1,0.0,0,unreconciled,466,2016-12-01,0.9601636518900598,1.0393489803665728,14.825021995173227,3.9320666674112505,155.21585818086896
Labour,AutoETS,-1,0.0,0,unreconciled,467,2017-01-01,0.8670025628034435,0.9965409846950058,12.866561931599977,5.660718122850352,187.16429458005769
Labour,AutoETS,-1,0.0,0,unreconciled,468,2017-02-01,1.3002627150064514,1.1645499825634127,21.07613013406578,4.075005506728148,118.56951409933208
Labour,AutoETS,-1,0.0,0,unreconciled,469,2017-03-01,1.1486488410077582,1.1220531909920912,18.720288241333602,3.6710974407338277,157.8912969531193
Labour,AutoETS,-1,0.0,0,unreconciled,470,2017-04-01,1.02939646425389,1.064538798806315,17.147543910150475,4.350050806869419,230.30607449553463
Labour,AutoETS,-1,0.0,0,unreconciled,471,2017-05-01,0.9792799417060433,1.1324409878171493,16.01972250400006,4.195978179466371,176.80515240392924
Labour,AutoETS,-1,0.0,0,unreconciled,472,2017-06-01,0.8742994120631145,1.0729777690520963,14.800991188194027,5.123773335964469,169.63837903936474
Labour,AutoETS,-1,0.0,0,unreconciled,473,2017-07-01,0.8446917592360444,1.0168672176153777,14.223887271322004,6.093511099785225,169.98193589136463
Labour,AutoETS,-1,0.0,0,unreconciled,474,2017-08-01,0.847038932260997,0.9816711720977018,13.935106709314862,5.649628920130183,151.17735968763827
Labour,AutoETS,-1,0.0,0,unreconciled,475,2017-09-01,0.8418140036011896,0.986119862563179,14.19220137206079,6.277522222346084,167.94811282204137
Labour,AutoETS,-1,0.0,0,unreconciled,476,2017-10-01,0.765054123981592,0.9746510381579588,12.552385609220599,6.066779045033838,149.17130328276744
Labour,AutoETS,-1,0.0,0,unreconciled,477,2017-11-01,0.7489250402663964,1.0405187815171568,11.914282991603596,6.054958459545212,159.5206944742422
Labour,AutoETS,-1,0.0,0,unreconciled,478,2017-12-01,0.6816752262664879,0.9340867753853537,10.504078310550305,3.818545351208532,222.48938870262464
Labour,AutoETS,-1,0.0,0,unreconciled,479,2018-01-01,0.6898478971697654,0.9711793655022315,10.288101767945635,5.2311322086355725,299.2197941455015
Labour,AutoETS,-1,0.0,0,unreconciled,480,2018-02-01,0.7278164796860458,1.1079673540617834,11.907852719463204,5.466898857414592,234.14212092972411
Labour,AutoETS,-1,0.0,0,unreconciled,481,2018-03-01,0.7240123623381721,1.1083997536070282,12.060062205643643,5.1105560850977225,156.7057380294027
Labour,AutoETS,-1,0.0,0,unreconciled,482,2018-04-01,0.728959311604193,1.132687275592895,10.881695142056845,6.0969510701088385,138.10172984966084
Labour,AutoETS,-1,0.0,0,unreconciled,483,2018-05-01,0.6979035560234109,1.1271465653504484,10.557556486114143,4.456916266385808,134.60504558855064
Labour,AutoETS,-1,0.0,0,unreconciled,484,2018-06-01,0.7065260795328168,1.177401477229421,10.496247839623495,5.184735323618927,189.27890374251
Labour,AutoETS,-1,0.0,0,unreconciled,485,2018-07-01,0.8358348847150978,1.2211324847629275,12.015813464055555,3.9559017515859254,131.43207060465647
Labour,AutoETS,-1,0.0,0,unreconciled,486,2018-08-01,0.979482344501551,1.22675746161067,14.000276998839581,4.805169322412694,216.6057952560932
Labour,AutoETS,-1,0.0,0,unreconciled,487,2018-09-01,0.7676039159846059,1.160493301046293,12.13506549292575,6.277495502688543,144.07587144385616
Labour,AutoETS,-1,0.0,0,unreconciled,488,2018-10-01,0.6746125731054864,1.0884587718476006,11.222451791602301,5.485112753274346,162.6393540188492
Labour,AutoETS,-1,0.0,0,unreconciled,489,2018-11-01,0.6446995578781105,1.1084765573557047,10.896608077201146,7.313157355932141,243.66899459917113
Labour,AutoETS,-1,0.0,0,unreconciled,490,2018-12-01,0.6450602321555285,1.1302206322185062,10.02887702872086,5.305376868109113,225.573579345104
Labour,AutoETS,-1,0.0,0,unreconciled,491,2019-01-01,0.6681830805126572,1.1340954285559746,10.207029411500743,4.145967247193314,230.38331465963165
Labour,AutoETS,-1,0.0,0,bottom_up,455,2016-01-01,0.8614004555599614,1.186365758465521,17.33173653658509,0.0,0.0
Labour,AutoETS,-1,0.0,0,bottom_up,456,2016-02-01,0.8739141908166084,1.1420897608879994,15.469756063478167,0.0,0.0
Labour,AutoETS,-1,0.0,0,bottom_up,457,2016-03-01,0.8361105305479749,1.1742959121327652,13.583959386784072,0.0,0.0
Labour,AutoETS,-1,0.0,0,bottom_up,458,2016-04-01,0.8114700559411635,1.0298061961881566,12.094551127320301,0.0,0.0
Labour,AutoETS,-1,0.0,0,bottom_up,459,2016-05-01,0.7946246771082023,1.0062493005277342,11.795271174060337,0.0,0.0
Labour,AutoETS,-1,0.0,0,bottom_up,460,2016-06-01,0.8254820408093192,1.005016698823776,12.000051680797322,0.0,0.0
Labour,AutoETS,-1,0.0,0,bottom_up,461,2016-07-01,0.7959065496769806,0.941424633077407,11.716606831192523,0.0,0.0
Labour,AutoETS,-1,0.0,0,bottom_up,462,2016-08-01,0.8580061549857271,1.052557324843908,13.011645113206193,0.0,0.0
Labour,AutoETS,-1,0.0,0,bottom_up,463,2016-09-01,1.010763638718851,1.1060458840057366,15.637102691025081,0.0,0.0
Labour,AutoETS,-1,0.0,0,bottom_up,464,2016-10-01,1.0289438658493346,1.0913311037346767,16.58956442346005,0.0,0.0
Labour,AutoETS,-1,0.0,0,bottom_up,465,2016-11-01,1.056736990477856,1.1022818477179088,17.117200732680406,0.0,0.0
Labour,AutoETS,-1,0.0,0,bottom_up,466,2016-12-01,1.0291998576765597,1.0393489803665728,16.607171035549268,0.0,0.0
Labour,AutoETS,-1,0.0,0,bottom_up,467,2017-01-01,0.9669624118355169,0.9965409846950058,14.811518034984891,0.0,0.0
Labour,AutoETS,-1,0.0,0,bottom_up,468,2017-02-01,1.2877225840713529,1.1645499825634127,22.138899521172917,0.0,0.0
Labour,AutoETS,-1,0.0,0,bottom_up,469,2017-03-01,1.218809894469359,1.1220531909920912,20.117562953671854,0.0,0.0
Labour,AutoETS,-1,0.0,0,bottom_up,470,2017-04-01,1.2001888165277426,1.064538798806315,19.99050448373898,0.0,0.0
Labour,AutoETS,-1,0.0,0,bottom_up,471,2017-05-01,1.127691192382751,1.1324409878171493,18.827973229716903,0.0,0.0
Labour,AutoETS,-1,0.0,0,bottom_up,472,2017-06-01,1.0367142480399334,1.0729777690520963,16.411113792000496,0.0,0.0
Labour,AutoETS,-1,0.0,0,bottom_up,473,2017-07-01,1.0143051506449245,1.0168672176153777,16.66577266292818,0.0,0.0
Labour,AutoETS,-1,0.0,0,bottom_up,474,2017-08-01,0.9652903020126404,0.9816711720977018,15.653234402983461,0.0,0.0
Labour,AutoETS,-1,0.0,0,bottom_up,475,2017-09-01,1.0446433204956724,0.986119862563179,17.631582233055774,0.0,0.0
Labour,AutoETS,-1,0.0,0,bottom_up,476,2017-10-01,0.9339480730864543,0.9746510381579588,15.45027036790794,0.0,0.0
Labour,AutoETS,-1,0.0,0,bottom_up,477,2017-11-01,0.9294701925386774,1.0405187815171568,15.65082073514708,0.0,0.0
Labour,AutoETS,-1,0.0,0,bottom_up,478,2017-12-01,0.7368748034791519,0.9340867753853537,11.749523873262586,0.0,0.0
Labour,AutoETS,-1,0.0,0,bottom_up,479,2018-01-01,0.7057089892925777,0.9711793655022315,10.517236569110185,0.0,0.0
Labour,AutoETS,-1,0.0,0,bottom_up,480,2018-02-01,0.9508007666883173,1.1079673540617834,16.107606125683226,0.0,0.0
Labour,AutoETS,-1,0.0,0,bottom_up,481,2018-03-01,0.8060594745964108,1.1083997536070282,13.750919976444195,0.0,0.0
Labour,AutoETS,-1,0.0,0,bottom_up,482,2018-04-01,0.8112128831587584,1.132687275592895,13.706747373356837,0.0,0.0
Labour,AutoETS,-1,0.0,0,bottom_up,483,2018-05-01,0.7949079422912507,1.1271465653504484,11.923487708305338,0.0,0.0
Labour,AutoETS,-1,0.0,0,bottom_up,484,2018-06-01,0.8564732797842369,1.177401477229421,13.302799495109356,0.0,0.0
Labour,AutoETS,-1,0.0,0,bottom_up,485,2018-07-01,0.9008701227108693,1.2211324847629275,13.667502065846737,0.0,0.0
Labour,AutoETS,-1,0.0,0,bottom_up,486,2018-08-01,0.9909805770022095,1.22675746161067,15.640090725950207,0.0,0.0
Labour,AutoETS,-1,0.0,0,bottom_up,487,2018-09-01,0.9721963452410307,1.160493301046293,16.727522559310184,0.0,0.0
Labour,AutoETS,-1,0.0,0,bottom_up,488,2018-10-01,0.8617140731198546,1.0884587718476006,14.498188274552934,0.0,0.0
Labour,AutoETS,-1,0.0,0,bottom_up,489,2018-11-01,0.9283088039339197,1.1084765573557047,15.96517201307437,0.0,0.0
Labour,AutoETS,-1,0.0,0,bottom_up,490,2018-12-01,0.8203881870912741,1.1302206322185062,13.315127888931782,0.0,0.0
Labour,AutoETS,-1,0.0,0,bottom_up,491,2019-01-01,0.757854700437778,1.1340954285559746,11.226894475286295,0.0,0.0
Labour,AutoETS,-1,0.0,0,mint_shrink,455,2016-01-01,0.8490859611787015,1.2255857557960566,16.447651137671627,4.3170665223272286e-13,2.7284841053187847e-11
Labour,AutoETS,-1,0.0,0,mint_shrink,456,2016-02-01,0.721001844162904,1.113701309638938,12.23765274777384,2.868868235889866e-13,1.8189894035458565e-11
Labour,AutoETS,-1,0.0,0,mint_shrink,457,2016-03-01,0.747230117071594,1.1344517246277084,11.657408198493265,2.6806367392235943e-13,1.8189894035458565e-11
Labour,AutoETS,-1,0.0,0,mint_shrink,458,2016-04-01,0.7044024249749962,0.9845862003766606,9.578401754757506,2.8239918525787023e-13,1.4551915228366852e-11
Labour,AutoETS,-1,0.0,0,mint_shrink,459,2016-05-01,0.784729171358465,1.0668457139408287,11.287878450445742,2.802176944024664e-13,1.2732925824820995e-11
Labour,AutoETS,-1,0.0,0,mint_shrink,460,2016-06-01,0.7409476542585929,1.0074059229225054,11.932961732063802,5.020441502419573e-13,2.9103830456733704e-11
Labour,AutoETS,-1,0.0,0,mint_shrink,461,2016-07-01,0.6956690261280916,0.9364127751671418,10.626041645411592,3.645686741447473e-13,2.546585164964199e-11
Labour,AutoETS,-1,0.0,0,mint_shrink,462,2016-08-01,0.7346307118762803,1.0469949751024843,11.353877222837792,2.722085065476267e-13,1.4551915228366852e-11
Labour,AutoETS,-1,0.0,0,mint_shrink,463,2016-09-01,0.7004698030980608,0.9956222452479341,10.14078151364943,2.545488186705482e-13,2.000888343900442e-11
Labour,AutoETS,-1,0.0,0,mint_shrink,464,2016-10-01,0.972979036753209,1.0600080701787904,15.099184937690358,2.7866987470029894e-13,2.000888343900442e-11
Labour,AutoETS,-1,0.0,0,mint_shrink,465,2016-11-01,1.1369143591126787,1.1699413719412335,17.134549706918982,2.2635564637737694e-13,2.1827872842550278e-11
Labour,AutoETS,-1,0.0,0,mint_shrink,466,2016-12-01,0.9901079223134184,1.0656006597429262,15.260053851383008,3.330201611549312e-13,2.3646862246096134e-11
Labour,AutoETS,-1,0.0,0,mint_shrink,467,2017-01-01,0.947983382901064,1.0751700359462018,13.838433285805111,3.2388906371731235e-13,1.6370904631912708e-11
Labour,AutoETS,-1,0.0,0,mint_shrink,468,2017-02-01,1.418611707959922,1.2990700381367324,24.004340399360434,2.255661544487546e-13,1.2732925824820995e-11
Labour,AutoETS,-1,0.0,0,mint_shrink,469,2017-03-01,1.167948262631007,1.172461318958618,19.10503373543593,2.9266258032996055e-13,1.6370904631912708e-11
Labour,AutoETS,-1,0.0,0,mint_shrink,470,2017-04-01,1.1092427597411927,1.0751036153025662,17.918737389397222,3.161915174132446e-13,1.8189894035458565e-11
Labour,AutoETS,-1,0.0,0,mint_shrink,471,2017-05-01,0.9879698281702163,1.0985886176874349,16.013424019365136,4.1032804184976546e-13,2.9103830456733704e-11
Labour,AutoETS,-1,0.0,0,mint_shrink,472,2017-06-01,1.0382366794648739,1.1443640047593857,17.12112872983255,2.673053461488143e-13,1.6370904631912708e-11
Labour,AutoETS,-1,0.0,0,mint_shrink,473,2017-07-01,0.9865594019639774,1.0823681407668782,15.392554961427487,4.556822755387801e-13,2.3646862246096134e-11
Labour,AutoETS,-1,0.0,0,mint_shrink,474,2017-08-01,0.8527677106495792,1.0033566241415703,13.711513680641955,3.397204544965286e-13,2.1827872842550278e-11
Labour,AutoETS,-1,0.0,0,mint_shrink,475,2017-09-01,1.0127436162553933,1.0882519093484606,16.657752821735265,5.059604457299918e-13,3.456079866737127e-11
Labour,AutoETS,-1,0.0,0,mint_shrink,476,2017-10-01,0.8864050342756493,0.9891225657221142,14.17425131093137,2.659133472220328e-13,1.0913936421275139e-11
Labour,AutoETS,-1,0.0,0,mint_shrink,477,2017-11-01,0.8483261092341137,1.0475880835916291,13.419784102238609,2.2189917220133772e-13,1.0913936421275139e-11
Labour,AutoETS,-1,0.0,0,mint_shrink,478,2017-12-01,0.7073670708213491,0.9993034735223203,10.874417496569523,2.983136804506257e-13,1.6370904631912708e-11
Labour,AutoETS,-1,0.0,0,mint_shrink,479,2018-01-01,0.6859951598759414,1.033629144300734,9.47427295955926,2.8548443661051275e-13,1.8189894035458565e-11
Labour,AutoETS,-1,0.0,0,mint_shrink,480,2018-02-01,0.8619855007563955,1.1328789712409086,13.581892540981759,2.83199065238185e-13,1.4551915228366852e-11
Labour,AutoETS,-1,0.0,0,mint_shrink,481,2018-03-01,1.025831618858432,1.279550828255442,16.77064331600848,2.470901975554056e-13,1.6370904631912708e-11
Labour,AutoETS,-1,0.0,0,mint_shrink,482,2018-04-01,1.052490890486132,1.4229656354391316,17.50851229171503,3.1403080266122555e-13,1.2732925824820995e-11
Labour,AutoETS,-1,0.0,0,mint_shrink,483,2018-05-01,0.759997900966373,1.2084663926342294,11.360593000821295,5.831228937011325e-13,3.637978807091713e-11
Labour,AutoETS,-1,0.0,0,mint_shrink,484,2018-06-01,0.748023764437723,1.240083761134951,11.303277605810885,2.472148541757144e-13,2.000888343900442e-11
Labour,AutoETS,-1,0.0,0,mint_shrink,485,2018-07-01,0.8494226415399563,1.2168029352076704,12.337582362931977,2.055795429925787e-13,1.4551915228366852e-11
Labour,AutoETS,-1,0.0,0,mint_shrink,486,2018-08-01,1.0182096799315763,1.276014044183893,15.584736428225117,2.4565664642185454e-13,1.6370904631912708e-11
Labour,AutoETS,-1,0.0,0,mint_shrink,487,2018-09-01,0.7729790247189815,1.0998399997260315,11.460565240572828,2.3593343003776893e-13,1.2732925824820995e-11
Labour,AutoETS,-1,0.0,0,mint_shrink,488,2018-10-01,0.6961443122507875,1.107411154448572,11.062125631442296,2.8098641022770396e-13,1.4551915228366852e-11
Labour,AutoETS,-1,0.0,0,mint_shrink,489,2018-11-01,0.6976492291340597,1.0964577400787083,10.889917412298765,3.802961844070396e-13,2.546585164964199e-11
Labour,AutoETS,-1,0.0,0,mint_shrink,490,2018-12-01,0.7211891061265879,1.1247736767477328,10.75308524863064,4.0013736313952193e-13,2.1827872842550278e-11
Labour,AutoETS,-1,0.0,0,mint_shrink,491,2019-01-01,0.7095408478478201,1.144312826408313,10.84892784798224,2.447113337178462e-13,1.0913936421275139e-11
Labour,AutoETS,-1,0.0,0,ols,455,2016-01-01,1.1469892769664303,1.3268916452472097,17.467345203627755,1.5887797899905995e-12,1.0550138540565968e-10
Labour,AutoETS,-1,0.0,0,ols,456,2016-02-01,1.1848447774750221,1.3504377292780965,14.001154558875966,3.6746694056692666e-13,4.547473508864641e-11
Labour,AutoETS,-1,0.0,0,ols,457,2016-03-01,1.1275158885669299,1.3011845536226463,14.07856650761972,3.2763915037826844e-13,2.9103830456733704e-11
Labour,AutoETS,-1,0.0,0,ols,458,2016-04-01,0.7425737760480503,1.0552650437855118,9.753638322924074,6.398208798382469e-13,5.820766091346741e-11
Labour,AutoETS,-1,0.0,0,ols,459,2016-05-01,0.8587332888298029,1.036639777554029,11.605935642881933,4.5337612806306745e-13,2.7284841053187847e-11
Labour,AutoETS,-1,0.0,0,ols,460,2016-06-01,0.8720621213188908,1.0777605096532854,12.220836817052945,3.921697274914518e-13,3.092281986027956e-11
Labour,AutoETS,-1,0.0,0,ols,461,2016-07-01,0.7276451218429658,0.9544173254765812,10.552531827897033,6.653339347947792e-13,5.093170329928398e-11
Labour,AutoETS,-1,0.0,0,ols,462,2016-08-01,0.7318531692179266,1.0507104828048723,10.884830976237135,1.4639881250098087e-12,9.458744898438454e-11
Labour,AutoETS,-1,0.0,0,ols,463,2016-09-01,0.8762400806241958,1.1526639683161792,11.184313927919492,5.670733538363759e-13,5.820766091346741e-11
Labour,AutoETS,-1,0.0,0,ols,464,2016-10-01,1.0815528109411787,1.1875807548618242,15.090799653767135,6.184111053002123e-13,5.638867150992155e-11
Labour,AutoETS,-1,0.0,0,ols,465,2016-11-01,1.0805137127752722,1.1644020435404079,15.816562430601623,5.304243074655917e-13,4.9112713895738125e-11
Labour,AutoETS,-1,0.0,0,ols,466,2016-12-01,1.1136645726149972,1.151482669681279,15.126249013305806,7.500173321912169e-13,5.638867150992155e-11
Labour,AutoETS,-1,0.0,0,ols,467,2017-01-01,0.9574412055204254,1.0691179375947462,12.410016130823259,4.898070253483112e-13,4.001776687800884e-11
Labour,AutoETS,-1,0.0,0,ols,468,2017-02-01,1.7674883380870139,1.5058722724629598,23.80178498149835,6.642328013153849e-13,4.9112713895738125e-11
Labour,AutoETS,-1,0.0,0,ols,469,2017-03-01,1.2046160713652183,1.156717361190841,18.13393471099509,8.159710723862589e-13,5.275069270282984e-11
Labour,AutoETS,-1,0.0,0,ols,470,2017-04-01,1.0802067536008173,1.1064896763364245,16.050463030694267,6.870657389352782e-13,5.275069270282984e-11
Labour,AutoETS,-1,0.0,0,ols,471,2017-05-01,1.0563029364981498,1.1887986048973018,15.800211768218592,4.845298950885724e-13,4.547473508864641e-11
Labour,AutoETS,-1,0.0,0,ols,472,2017-06-01,1.0214063031435157,1.1529727650186172,14.930229134776116,6.264410692584369e-13,4.18367562815547e-11
Labour,AutoETS,-1,0.0,0,ols,473,2017-07-01,1.016191648358349,1.066114265222194,14.309476615921913,4.3873936322847707e-13,2.7284841053187847e-11
Labour,AutoETS,-1,0.0,0,ols,474,2017-08-01,1.0719096972547542,1.1320792663958357,13.853670651321808,5.708026643939471e-13,4.729372449219227e-11
Labour,AutoETS,-1,0.0,0,ols,475,2017-09-01,0.9959519959372833,1.0732334208080445,13.636159751587927,5.717064248911859e-13,3.092281986027956e-11
Labour,AutoETS,-1,0.0,0,ols,476,2017-10-01,0.9934981135435421,1.1288641247079927,12.669942737143126,7.262910221257773e-13,4.729372449219227e-11
Labour,AutoETS,-1,0.0,0,ols,477,2017-11-01,0.9116951569883154,1.1059057812455366,11.923331780880197,1.0370080362971274e-12,8.36735125631094e-11
Labour,AutoETS,-1,0.0,0,ols,478,2017-12-01,0.9148114542200008,1.0744074172664895,10.957734218687062,3.9167110101021665e-13,3.092281986027956e-11
Labour,AutoETS,-1,0.0,0,ols,479,2018-01-01,1.0875629810941752,1.3241733481804066,10.834261292545373,3.685576859946286e-13,3.2741809263825417e-11
Labour,AutoETS,-1,0.0,0,ols,480,2018-02-01,0.7932939073705448,1.0557173286497972,11.447108723492997,1.2862381725011673e-12,7.09405867382884e-11
Labour,AutoETS,-1,0.0,0,ols,481,2018-03-01,0.8329224695139934,1.1677751901604412,12.090670949730157,3.6169118382595273e-13,3.637978807091713e-11
Labour,AutoETS,-1,0.0,0,ols,482,2018-04-01,0.7364928362176415,1.1134118537934028,10.425860949886083,7.204633251263414e-13,6.184563972055912e-11
Labour,AutoETS,-1,0.0,0,ols,483,2018-05-01,0.7697959519916355,1.1432830575880197,10.152417783321601,6.102357086182942e-13,5.4569682106375694e-11
Labour,AutoETS,-1,0.0,0,ols,484,2018-06-01,0.7728844837924947,1.1897961626850397,10.200560537754678,5.889298145971837e-13,4.729372449219227e-11
Labour,AutoETS,-1,0.0,0,ols,485,2018-07-01,0.8294995297183095,1.2292370866205125,11.843199553028231,7.255846346106941e-13,7.457856554538012e-11
Labour,AutoETS,-1,0.0,0,ols,486,2018-08-01,1.2900296347155567,1.4728168768052452,15.732180595105312,5.559061982670469e-13,5.638867150992155e-11
Labour,AutoETS,-1,0.0,0,ols,487,2018-09-01,0.8898995352718128,1.2094782418938173,12.103188662350739,9.111464019920197e-13,8.549250196665525e-11
Labour,AutoETS,-1,0.0,0,ols,488,2018-10-01,0.7513960935915374,1.0718290980860241,10.552923331168925,8.060920352267873e-13,5.638867150992155e-11
Labour,AutoETS,-1,0.0,0,ols,489,2018-11-01,0.7889853261313676,1.1463423381660927,10.051151832606877,3.8150119840335787e-13,2.1827872842550278e-11
Labour,AutoETS,-1,0.0,0,ols,490,2018-12-01,0.6817304809688451,1.0842833120723365,9.544550857396953,5.089937568241724e-13,8.549250196665525e-11
Labour,AutoETS,-1,0.0,0,ols,491,2019-01-01,0.6928221055565587,1.138131630810713,9.789767495610837,1.2493086487346884e-12,1.0186340659856796e-10
