dataset,method,id,seed,aggregation,period,mse,mae,target_count,origins,target_counts,reused,source,evidence_scope
robin,OUTPUT_AFFINE,s1_robin_output_affine_lr1em3_seed92601,92601,individual,test_a,0.273555324594172,0.34641804605306425,32640,40,"[1920, 1920, 1920, 1920, 1920, 1920, 1920, 1920, 1920, 1920, 1920, 1920, 1920, 1920, 1920, 1920, 1920]",False,.cache/tsfm_readout_adaptation_screen_20261007/evaluation/robin/OUTPUT_AFFINE/seed92601/prediction.npz,new S1 selected readout
robin,OUTPUT_AFFINE,s1_robin_output_affine_lr1em3_seed92601,92601,individual,test_b,0.2804476503596442,0.33468559546358634,32638,40,"[1920, 1920, 1920, 1920, 1920, 1920, 1920, 1920, 1920, 1920, 1920, 1920, 1920, 1918, 1920, 1920, 1920]",False,.cache/tsfm_readout_adaptation_screen_20261007/evaluation/robin/OUTPUT_AFFINE/seed92601/prediction.npz,new S1 selected readout
robin,OUTPUT_AFFINE,s1_robin_output_affine_lr1em3_seed92601,92601,individual,combined,0.2770030605905176,0.34055383828894686,65278,80,"[3840, 3840, 3840, 3840, 3840, 3840, 3840, 3840, 3840, 3840, 3840, 3840, 3840, 3838, 3840, 3840, 3840]",False,.cache/tsfm_readout_adaptation_screen_20261007/evaluation/robin/OUTPUT_AFFINE/seed92601/prediction.npz,new S1 selected readout
robin,OUTPUT_AFFINE,s1_robin_output_affine_lr1em3_seed92602,92602,individual,test_a,0.26913361096577737,0.3395427194956988,32640,40,"[1920, 1920, 1920, 1920, 1920, 1920, 1920, 1920, 1920, 1920, 1920, 1920, 1920, 1920, 1920, 1920, 1920]",False,.cache/tsfm_readout_adaptation_screen_20261007/evaluation/robin/OUTPUT_AFFINE/seed92602/prediction.npz,new S1 selected readout
robin,OUTPUT_AFFINE,s1_robin_output_affine_lr1em3_seed92602,92602,individual,test_b,0.278901473402226,0.33017903477251637,32638,40,"[1920, 1920, 1920, 1920, 1920, 1920, 1920, 1920, 1920, 1920, 1920, 1920, 1920, 1918, 1920, 1920, 1920]",False,.cache/tsfm_readout_adaptation_screen_20261007/evaluation/robin/OUTPUT_AFFINE/seed92602/prediction.npz,new S1 selected readout
robin,OUTPUT_AFFINE,s1_robin_output_affine_lr1em3_seed92602,92602,individual,combined,0.2740189497776166,0.3348625748822118,65278,80,"[3840, 3840, 3840, 3840, 3840, 3840, 3840, 3840, 3840, 3840, 3840, 3840, 3840, 3838, 3840, 3840, 3840]",False,.cache/tsfm_readout_adaptation_screen_20261007/evaluation/robin/OUTPUT_AFFINE/seed92602/prediction.npz,new S1 selected readout
robin,NATIVE_HEAD,s1_robin_native_head_lr1em4_seed92601,92601,individual,test_a,0.23843337838195294,0.28967432453950714,32640,40,"[1920, 1920, 1920, 1920, 1920, 1920, 1920, 1920, 1920, 1920, 1920, 1920, 1920, 1920, 1920, 1920, 1920]",False,.cache/tsfm_readout_adaptation_screen_20261007/evaluation/robin/NATIVE_HEAD/seed92601/prediction.npz,new S1 selected readout
robin,NATIVE_HEAD,s1_robin_native_head_lr1em4_seed92601,92601,individual,test_b,0.2226498237159349,0.2404994139323419,32638,40,"[1920, 1920, 1920, 1920, 1920, 1920, 1920, 1920, 1920, 1920, 1920, 1920, 1920, 1918, 1920, 1920, 1920]",False,.cache/tsfm_readout_adaptation_screen_20261007/evaluation/robin/NATIVE_HEAD/seed92601/prediction.npz,new S1 selected readout
robin,NATIVE_HEAD,s1_robin_native_head_lr1em4_seed92601,92601,individual,combined,0.23054296885558903,0.26508849256396516,65278,80,"[3840, 3840, 3840, 3840, 3840, 3840, 3840, 3840, 3840, 3840, 3840, 3840, 3840, 3838, 3840, 3840, 3840]",False,.cache/tsfm_readout_adaptation_screen_20261007/evaluation/robin/NATIVE_HEAD/seed92601/prediction.npz,new S1 selected readout
robin,NATIVE_HEAD,s1_robin_native_head_lr1em4_seed92602,92602,individual,test_a,0.23438995230112916,0.28835076220616046,32640,40,"[1920, 1920, 1920, 1920, 1920, 1920, 1920, 1920, 1920, 1920, 1920, 1920, 1920, 1920, 1920, 1920, 1920]",False,.cache/tsfm_readout_adaptation_screen_20261007/evaluation/robin/NATIVE_HEAD/seed92602/prediction.npz,new S1 selected readout
robin,NATIVE_HEAD,s1_robin_native_head_lr1em4_seed92602,92602,individual,test_b,0.22339678508145874,0.2394739398772817,32638,40,"[1920, 1920, 1920, 1920, 1920, 1920, 1920, 1920, 1920, 1920, 1920, 1920, 1920, 1918, 1920, 1920, 1920]",False,.cache/tsfm_readout_adaptation_screen_20261007/evaluation/robin/NATIVE_HEAD/seed92602/prediction.npz,new S1 selected readout
robin,NATIVE_HEAD,s1_robin_native_head_lr1em4_seed92602,92602,individual,combined,0.22889480035195103,0.26391401722400215,65278,80,"[3840, 3840, 3840, 3840, 3840, 3840, 3840, 3840, 3840, 3840, 3840, 3840, 3840, 3838, 3840, 3840, 3840]",False,.cache/tsfm_readout_adaptation_screen_20261007/evaluation/robin/NATIVE_HEAD/seed92602/prediction.npz,new S1 selected readout
robin,B,v6_robin_compress,,individual,test_a,1.123537073826218,0.6929059546231178,32640,40,"[1920, 1920, 1920, 1920, 1920, 1920, 1920, 1920, 1920, 1920, 1920, 1920, 1920, 1920, 1920, 1920, 1920]",True,research/level_chronos2_controls_v1/accuracy_comparison.csv,historical stored result on exposed development targets; no new fit or reselection
robin,B,v6_robin_compress,,individual,test_b,0.830506180803,0.6308315739722015,32638,40,"[1920, 1920, 1920, 1920, 1920, 1920, 1920, 1920, 1920, 1920, 1920, 1920, 1920, 1918, 1920, 1920, 1920]",True,research/level_chronos2_controls_v1/accuracy_comparison.csv,historical stored result on exposed development targets; no new fit or reselection
robin,B,v6_robin_compress,,individual,combined,0.9770230865300422,0.6618704700729161,65278,80,"[3840, 3840, 3840, 3840, 3840, 3840, 3840, 3840, 3840, 3840, 3840, 3840, 3840, 3838, 3840, 3840, 3840]",True,research/level_chronos2_controls_v1/accuracy_comparison.csv,historical stored result on exposed development targets; no new fit or reselection
robin,LEVEL,v6_robin_level_res_92601,92601,individual,test_a,0.2737467694171549,0.3320506342363804,32640,40,"[1920, 1920, 1920, 1920, 1920, 1920, 1920, 1920, 1920, 1920, 1920, 1920, 1920, 1920, 1920, 1920, 1920]",True,research/level_chronos2_controls_v1/accuracy_comparison.csv,historical stored result on exposed development targets; no new fit or reselection
robin,LEVEL,v6_robin_level_res_92601,92601,individual,test_b,0.2762684912874164,0.3168226376097151,32638,40,"[1920, 1920, 1920, 1920, 1920, 1920, 1920, 1920, 1920, 1920, 1920, 1920, 1920, 1918, 1920, 1920, 1920]",True,research/level_chronos2_controls_v1/accuracy_comparison.csv,historical stored result on exposed development targets; no new fit or reselection
robin,LEVEL,v6_robin_level_res_92601,92601,individual,combined,0.2750087927589786,0.32443795858995605,65278,80,"[3840, 3840, 3840, 3840, 3840, 3840, 3840, 3840, 3840, 3840, 3840, 3840, 3840, 3838, 3840, 3840, 3840]",True,research/level_chronos2_controls_v1/accuracy_comparison.csv,historical stored result on exposed development targets; no new fit or reselection
robin,LEVEL,v6_robin_level_res_92602,92602,individual,test_a,0.27360769350787895,0.3316793656455705,32640,40,"[1920, 1920, 1920, 1920, 1920, 1920, 1920, 1920, 1920, 1920, 1920, 1920, 1920, 1920, 1920, 1920, 1920]",True,research/level_chronos2_controls_v1/accuracy_comparison.csv,historical stored result on exposed development targets; no new fit or reselection
robin,LEVEL,v6_robin_level_res_92602,92602,individual,test_b,0.2771557642578982,0.31781480064304674,32638,40,"[1920, 1920, 1920, 1920, 1920, 1920, 1920, 1920, 1920, 1920, 1920, 1920, 1920, 1918, 1920, 1920, 1920]",True,research/level_chronos2_controls_v1/accuracy_comparison.csv,historical stored result on exposed development targets; no new fit or reselection
robin,LEVEL,v6_robin_level_res_92602,92602,individual,combined,0.275382914421879,0.32474844115099794,65278,80,"[3840, 3840, 3840, 3840, 3840, 3840, 3840, 3840, 3840, 3840, 3840, 3840, 3840, 3838, 3840, 3840, 3840]",True,research/level_chronos2_controls_v1/accuracy_comparison.csv,historical stored result on exposed development targets; no new fit or reselection
robin,F0,v6_robin_f0,,individual,test_a,0.23153876570433538,0.2830654624257689,32640,40,"[1920, 1920, 1920, 1920, 1920, 1920, 1920, 1920, 1920, 1920, 1920, 1920, 1920, 1920, 1920, 1920, 1920]",True,research/level_chronos2_controls_v1/accuracy_comparison.csv,historical stored result on exposed development targets; no new fit or reselection
robin,F0,v6_robin_f0,,individual,test_b,0.22664913960946464,0.24107944671965875,32638,40,"[1920, 1920, 1920, 1920, 1920, 1920, 1920, 1920, 1920, 1920, 1920, 1920, 1920, 1918, 1920, 1920, 1920]",True,research/level_chronos2_controls_v1/accuracy_comparison.csv,historical stored result on exposed development targets; no new fit or reselection
robin,F0,v6_robin_f0,,individual,combined,0.22909530431015587,0.2620739422979974,65278,80,"[3840, 3840, 3840, 3840, 3840, 3840, 3840, 3840, 3840, 3840, 3840, 3840, 3840, 3838, 3840, 3840, 3840]",True,research/level_chronos2_controls_v1/accuracy_comparison.csv,historical stored result on exposed development targets; no new fit or reselection
robin,MSE_LORA,v11_robin_full_lora_mse_lr0.001_92601,92601,individual,test_a,0.22942791114195848,0.2857996291971136,32640,40,"[1920, 1920, 1920, 1920, 1920, 1920, 1920, 1920, 1920, 1920, 1920, 1920, 1920, 1920, 1920, 1920, 1920]",True,research/level_chronos2_controls_v1/accuracy_comparison.csv,historical stored result on exposed development targets; no new fit or reselection
robin,MSE_LORA,v11_robin_full_lora_mse_lr0.001_92601,92601,individual,test_b,0.20867820300039547,0.23639407434411125,32638,40,"[1920, 1920, 1920, 1920, 1920, 1920, 1920, 1920, 1920, 1920, 1920, 1920, 1920, 1918, 1920, 1920, 1920]",True,research/level_chronos2_controls_v1/accuracy_comparison.csv,historical stored result on exposed development targets; no new fit or reselection
robin,MSE_LORA,v11_robin_full_lora_mse_lr0.001_92601,92601,individual,combined,0.21905462219728258,0.26109869930836416,65278,80,"[3840, 3840, 3840, 3840, 3840, 3840, 3840, 3840, 3840, 3840, 3840, 3840, 3840, 3838, 3840, 3840, 3840]",True,research/level_chronos2_controls_v1/accuracy_comparison.csv,historical stored result on exposed development targets; no new fit or reselection
robin,MSE_LORA,v11_robin_full_lora_mse_lr0.001_92602,92602,individual,test_a,0.23046474948902182,0.28120171156364354,32640,40,"[1920, 1920, 1920, 1920, 1920, 1920, 1920, 1920, 1920, 1920, 1920, 1920, 1920, 1920, 1920, 1920, 1920]",True,research/level_chronos2_controls_v1/accuracy_comparison.csv,historical stored result on exposed development targets; no new fit or reselection
robin,MSE_LORA,v11_robin_full_lora_mse_lr0.001_92602,92602,individual,test_b,0.20549136023974676,0.2314701039600826,32638,40,"[1920, 1920, 1920, 1920, 1920, 1920, 1920, 1920, 1920, 1920, 1920, 1920, 1920, 1918, 1920, 1920, 1920]",True,research/level_chronos2_controls_v1/accuracy_comparison.csv,historical stored result on exposed development targets; no new fit or reselection
robin,MSE_LORA,v11_robin_full_lora_mse_lr0.001_92602,92602,individual,combined,0.21797947328900383,0.25633766065123426,65278,80,"[3840, 3840, 3840, 3840, 3840, 3840, 3840, 3840, 3840, 3840, 3840, 3840, 3840, 3838, 3840, 3840, 3840]",True,research/level_chronos2_controls_v1/accuracy_comparison.csv,historical stored result on exposed development targets; no new fit or reselection
robin,DIRECT_NLINEAR,v7_robin_direct_nlinear_lr0.001_92601,92601,individual,test_a,0.33255329151074325,0.37532900146670883,32640,40,"[1920, 1920, 1920, 1920, 1920, 1920, 1920, 1920, 1920, 1920, 1920, 1920, 1920, 1920, 1920, 1920, 1920]",True,research/level_chronos2_controls_v1/accuracy_comparison.csv,historical stored result on exposed development targets; no new fit or reselection
robin,DIRECT_NLINEAR,v7_robin_direct_nlinear_lr0.001_92601,92601,individual,test_b,0.335702451244459,0.3492716858155535,32638,40,"[1920, 1920, 1920, 1920, 1920, 1920, 1920, 1920, 1920, 1920, 1920, 1920, 1920, 1918, 1920, 1920, 1920]",True,research/level_chronos2_controls_v1/accuracy_comparison.csv,historical stored result on exposed development targets; no new fit or reselection
robin,DIRECT_NLINEAR,v7_robin_direct_nlinear_lr0.001_92601,92601,individual,combined,0.3341294226113352,0.3623018117831495,65278,80,"[3840, 3840, 3840, 3840, 3840, 3840, 3840, 3840, 3840, 3840, 3840, 3840, 3840, 3838, 3840, 3840, 3840]",True,research/level_chronos2_controls_v1/accuracy_comparison.csv,historical stored result on exposed development targets; no new fit or reselection
robin,DIRECT_NLINEAR,v7_robin_direct_nlinear_lr0.001_92602,92602,individual,test_a,0.3224139260319136,0.3590906012736101,32640,40,"[1920, 1920, 1920, 1920, 1920, 1920, 1920, 1920, 1920, 1920, 1920, 1920, 1920, 1920, 1920, 1920, 1920]",True,research/level_chronos2_controls_v1/accuracy_comparison.csv,historical stored result on exposed development targets; no new fit or reselection
robin,DIRECT_NLINEAR,v7_robin_direct_nlinear_lr0.001_92602,92602,individual,test_b,0.3202206226390388,0.3299436511426772,32638,40,"[1920, 1920, 1920, 1920, 1920, 1920, 1920, 1920, 1920, 1920, 1920, 1920, 1920, 1918, 1920, 1920, 1920]",True,research/level_chronos2_controls_v1/accuracy_comparison.csv,historical stored result on exposed development targets; no new fit or reselection
robin,DIRECT_NLINEAR,v7_robin_direct_nlinear_lr0.001_92602,92602,individual,combined,0.3213187999385263,0.34451867516670026,65278,80,"[3840, 3840, 3840, 3840, 3840, 3840, 3840, 3840, 3840, 3840, 3840, 3840, 3840, 3838, 3840, 3840, 3840]",True,research/level_chronos2_controls_v1/accuracy_comparison.csv,historical stored result on exposed development targets; no new fit or reselection
robin,C2_MV,robin_C2_MV,,individual,test_a,0.22142620519011913,0.2732241773912983,32640,40,"[1920, 1920, 1920, 1920, 1920, 1920, 1920, 1920, 1920, 1920, 1920, 1920, 1920, 1920, 1920, 1920, 1920]",True,research/level_chronos2_controls_v1/accuracy_comparison.csv,historical stored result on exposed development targets; no new fit or reselection
robin,C2_MV,robin_C2_MV,,individual,test_b,0.2388713602795382,0.23482050086164763,32638,40,"[1920, 1920, 1920, 1920, 1920, 1920, 1920, 1920, 1920, 1920, 1920, 1920, 1920, 1918, 1920, 1920, 1920]",True,research/level_chronos2_controls_v1/accuracy_comparison.csv,historical stored result on exposed development targets; no new fit or reselection
robin,C2_MV,robin_C2_MV,,individual,combined,0.23015048867707527,0.25402410182697727,65278,80,"[3840, 3840, 3840, 3840, 3840, 3840, 3840, 3840, 3840, 3840, 3840, 3840, 3840, 3838, 3840, 3840, 3840]",True,research/level_chronos2_controls_v1/accuracy_comparison.csv,historical stored result on exposed development targets; no new fit or reselection
robin,C2_SMALL_MV,robin_C2_SMALL_MV,,individual,test_a,0.2414414771683085,0.2888773887642394,32640,40,"[1920, 1920, 1920, 1920, 1920, 1920, 1920, 1920, 1920, 1920, 1920, 1920, 1920, 1920, 1920, 1920, 1920]",True,research/level_chronos2_controls_v1/accuracy_comparison.csv,historical stored result on exposed development targets; no new fit or reselection
robin,C2_SMALL_MV,robin_C2_SMALL_MV,,individual,test_b,0.20785544932435726,0.2306539322467431,32638,40,"[1920, 1920, 1920, 1920, 1920, 1920, 1920, 1920, 1920, 1920, 1920, 1920, 1920, 1918, 1920, 1920, 1920]",True,research/level_chronos2_controls_v1/accuracy_comparison.csv,historical stored result on exposed development targets; no new fit or reselection
robin,C2_SMALL_MV,robin_C2_SMALL_MV,,individual,combined,0.2246504656523076,0.2597677161536353,65278,80,"[3840, 3840, 3840, 3840, 3840, 3840, 3840, 3840, 3840, 3840, 3840, 3840, 3840, 3838, 3840, 3840, 3840]",True,research/level_chronos2_controls_v1/accuracy_comparison.csv,historical stored result on exposed development targets; no new fit or reselection
robin,C2_UNI,robin_C2_UNI,,individual,test_a,0.2144918482592592,0.26909226360822336,32640,40,"[1920, 1920, 1920, 1920, 1920, 1920, 1920, 1920, 1920, 1920, 1920, 1920, 1920, 1920, 1920, 1920, 1920]",True,research/level_chronos2_controls_v1/accuracy_comparison.csv,historical stored result on exposed development targets; no new fit or reselection
robin,C2_UNI,robin_C2_UNI,,individual,test_b,0.25067896333516587,0.24065584770212584,32638,40,"[1920, 1920, 1920, 1920, 1920, 1920, 1920, 1920, 1920, 1920, 1920, 1920, 1920, 1918, 1920, 1920, 1920]",True,research/level_chronos2_controls_v1/accuracy_comparison.csv,historical stored result on exposed development targets; no new fit or reselection
robin,C2_UNI,robin_C2_UNI,,individual,combined,0.23258690867680165,0.2548757182693712,65278,80,"[3840, 3840, 3840, 3840, 3840, 3840, 3840, 3840, 3840, 3840, 3840, 3840, 3840, 3838, 3840, 3840, 3840]",True,research/level_chronos2_controls_v1/accuracy_comparison.csv,historical stored result on exposed development targets; no new fit or reselection
robin,C2_SMALL_UNI,robin_C2_SMALL_UNI,,individual,test_a,0.24211577516995048,0.28665281436474044,32640,40,"[1920, 1920, 1920, 1920, 1920, 1920, 1920, 1920, 1920, 1920, 1920, 1920, 1920, 1920, 1920, 1920, 1920]",True,research/level_chronos2_controls_v1/accuracy_comparison.csv,historical stored result on exposed development targets; no new fit or reselection
robin,C2_SMALL_UNI,robin_C2_SMALL_UNI,,individual,test_b,0.2287482833186296,0.23882405884885868,32638,40,"[1920, 1920, 1920, 1920, 1920, 1920, 1920, 1920, 1920, 1920, 1920, 1920, 1920, 1918, 1920, 1920, 1920]",True,research/level_chronos2_controls_v1/accuracy_comparison.csv,historical stored result on exposed development targets; no new fit or reselection
robin,C2_SMALL_UNI,robin_C2_SMALL_UNI,,individual,combined,0.23543390872860842,0.26274041249949076,65278,80,"[3840, 3840, 3840, 3840, 3840, 3840, 3840, 3840, 3840, 3840, 3840, 3840, 3840, 3838, 3840, 3840, 3840]",True,research/level_chronos2_controls_v1/accuracy_comparison.csv,historical stored result on exposed development targets; no new fit or reselection
robin,B,v6_robin_compress,single_model,mean_seed,test_a,1.123537073826218,0.6929059546231178,32640,40,"[1920, 1920, 1920, 1920, 1920, 1920, 1920, 1920, 1920, 1920, 1920, 1920, 1920, 1920, 1920, 1920, 1920]",True,research/level_chronos2_controls_v1/accuracy_comparison.csv,historical stored result on exposed development targets; no new fit or reselection
robin,B,v6_robin_compress,single_model,mean_seed,test_b,0.830506180803,0.6308315739722015,32638,40,"[1920, 1920, 1920, 1920, 1920, 1920, 1920, 1920, 1920, 1920, 1920, 1920, 1920, 1918, 1920, 1920, 1920]",True,research/level_chronos2_controls_v1/accuracy_comparison.csv,historical stored result on exposed development targets; no new fit or reselection
robin,B,v6_robin_compress,single_model,mean_seed,combined,0.9770230865300422,0.6618704700729161,65278,80,"[3840, 3840, 3840, 3840, 3840, 3840, 3840, 3840, 3840, 3840, 3840, 3840, 3840, 3838, 3840, 3840, 3840]",True,research/level_chronos2_controls_v1/accuracy_comparison.csv,historical stored result on exposed development targets; no new fit or reselection
robin,LEVEL,v6_robin_level_res_92601;v6_robin_level_res_92602,mean_selected_seeds,mean_seed,test_a,0.273677231462517,0.3318649999409754,32640,40,"[1920, 1920, 1920, 1920, 1920, 1920, 1920, 1920, 1920, 1920, 1920, 1920, 1920, 1920, 1920, 1920, 1920]",True,research/level_chronos2_controls_v1/accuracy_comparison.csv,historical stored result on exposed development targets; no new fit or reselection
robin,LEVEL,v6_robin_level_res_92601;v6_robin_level_res_92602,mean_selected_seeds,mean_seed,test_b,0.2767121277726573,0.31731871912638093,32638,40,"[1920, 1920, 1920, 1920, 1920, 1920, 1920, 1920, 1920, 1920, 1920, 1920, 1920, 1918, 1920, 1920, 1920]",True,research/level_chronos2_controls_v1/accuracy_comparison.csv,historical stored result on exposed development targets; no new fit or reselection
robin,LEVEL,v6_robin_level_res_92601;v6_robin_level_res_92602,mean_selected_seeds,mean_seed,combined,0.27519585359042886,0.3245931998704771,65278,80,"[3840, 3840, 3840, 3840, 3840, 3840, 3840, 3840, 3840, 3840, 3840, 3840, 3840, 3838, 3840, 3840, 3840]",True,research/level_chronos2_controls_v1/accuracy_comparison.csv,historical stored result on exposed development targets; no new fit or reselection
robin,F0,v6_robin_f0,single_model,mean_seed,test_a,0.23153876570433538,0.2830654624257689,32640,40,"[1920, 1920, 1920, 1920, 1920, 1920, 1920, 1920, 1920, 1920, 1920, 1920, 1920, 1920, 1920, 1920, 1920]",True,research/level_chronos2_controls_v1/accuracy_comparison.csv,historical stored result on exposed development targets; no new fit or reselection
robin,F0,v6_robin_f0,single_model,mean_seed,test_b,0.22664913960946464,0.24107944671965875,32638,40,"[1920, 1920, 1920, 1920, 1920, 1920, 1920, 1920, 1920, 1920, 1920, 1920, 1920, 1918, 1920, 1920, 1920]",True,research/level_chronos2_controls_v1/accuracy_comparison.csv,historical stored result on exposed development targets; no new fit or reselection
robin,F0,v6_robin_f0,single_model,mean_seed,combined,0.22909530431015587,0.2620739422979974,65278,80,"[3840, 3840, 3840, 3840, 3840, 3840, 3840, 3840, 3840, 3840, 3840, 3840, 3840, 3838, 3840, 3840, 3840]",True,research/level_chronos2_controls_v1/accuracy_comparison.csv,historical stored result on exposed development targets; no new fit or reselection
robin,MSE_LORA,v11_robin_full_lora_mse_lr0.001_92601;v11_robin_full_lora_mse_lr0.001_92602,mean_selected_seeds,mean_seed,test_a,0.22994633031549017,0.28350067038037857,32640,40,"[1920, 1920, 1920, 1920, 1920, 1920, 1920, 1920, 1920, 1920, 1920, 1920, 1920, 1920, 1920, 1920, 1920]",True,research/level_chronos2_controls_v1/accuracy_comparison.csv,historical stored result on exposed development targets; no new fit or reselection
robin,MSE_LORA,v11_robin_full_lora_mse_lr0.001_92601;v11_robin_full_lora_mse_lr0.001_92602,mean_selected_seeds,mean_seed,test_b,0.20708478162007116,0.23393208915209693,32638,40,"[1920, 1920, 1920, 1920, 1920, 1920, 1920, 1920, 1920, 1920, 1920, 1920, 1920, 1918, 1920, 1920, 1920]",True,research/level_chronos2_controls_v1/accuracy_comparison.csv,historical stored result on exposed development targets; no new fit or reselection
robin,MSE_LORA,v11_robin_full_lora_mse_lr0.001_92601;v11_robin_full_lora_mse_lr0.001_92602,mean_selected_seeds,mean_seed,combined,0.21851704774314318,0.25871817997979923,65278,80,"[3840, 3840, 3840, 3840, 3840, 3840, 3840, 3840, 3840, 3840, 3840, 3840, 3840, 3838, 3840, 3840, 3840]",True,research/level_chronos2_controls_v1/accuracy_comparison.csv,historical stored result on exposed development targets; no new fit or reselection
robin,DIRECT_NLINEAR,v7_robin_direct_nlinear_lr0.001_92601;v7_robin_direct_nlinear_lr0.001_92602,mean_selected_seeds,mean_seed,test_a,0.3274836087713284,0.36720980137015946,32640,40,"[1920, 1920, 1920, 1920, 1920, 1920, 1920, 1920, 1920, 1920, 1920, 1920, 1920, 1920, 1920, 1920, 1920]",True,research/level_chronos2_controls_v1/accuracy_comparison.csv,historical stored result on exposed development targets; no new fit or reselection
robin,DIRECT_NLINEAR,v7_robin_direct_nlinear_lr0.001_92601;v7_robin_direct_nlinear_lr0.001_92602,mean_selected_seeds,mean_seed,test_b,0.32796153694174895,0.33960766847911533,32638,40,"[1920, 1920, 1920, 1920, 1920, 1920, 1920, 1920, 1920, 1920, 1920, 1920, 1920, 1918, 1920, 1920, 1920]",True,research/level_chronos2_controls_v1/accuracy_comparison.csv,historical stored result on exposed development targets; no new fit or reselection
robin,DIRECT_NLINEAR,v7_robin_direct_nlinear_lr0.001_92601;v7_robin_direct_nlinear_lr0.001_92602,mean_selected_seeds,mean_seed,combined,0.3277241112749308,0.35341024347492483,65278,80,"[3840, 3840, 3840, 3840, 3840, 3840, 3840, 3840, 3840, 3840, 3840, 3840, 3840, 3838, 3840, 3840, 3840]",True,research/level_chronos2_controls_v1/accuracy_comparison.csv,historical stored result on exposed development targets; no new fit or reselection
robin,C2_MV,robin_C2_MV,single_model,mean_seed,test_a,0.22142620519011913,0.2732241773912983,32640,40,"[1920, 1920, 1920, 1920, 1920, 1920, 1920, 1920, 1920, 1920, 1920, 1920, 1920, 1920, 1920, 1920, 1920]",True,research/level_chronos2_controls_v1/accuracy_comparison.csv,historical stored result on exposed development targets; no new fit or reselection
robin,C2_MV,robin_C2_MV,single_model,mean_seed,test_b,0.2388713602795382,0.23482050086164763,32638,40,"[1920, 1920, 1920, 1920, 1920, 1920, 1920, 1920, 1920, 1920, 1920, 1920, 1920, 1918, 1920, 1920, 1920]",True,research/level_chronos2_controls_v1/accuracy_comparison.csv,historical stored result on exposed development targets; no new fit or reselection
robin,C2_MV,robin_C2_MV,single_model,mean_seed,combined,0.23015048867707527,0.25402410182697727,65278,80,"[3840, 3840, 3840, 3840, 3840, 3840, 3840, 3840, 3840, 3840, 3840, 3840, 3840, 3838, 3840, 3840, 3840]",True,research/level_chronos2_controls_v1/accuracy_comparison.csv,historical stored result on exposed development targets; no new fit or reselection
robin,C2_SMALL_MV,robin_C2_SMALL_MV,single_model,mean_seed,test_a,0.2414414771683085,0.2888773887642394,32640,40,"[1920, 1920, 1920, 1920, 1920, 1920, 1920, 1920, 1920, 1920, 1920, 1920, 1920, 1920, 1920, 1920, 1920]",True,research/level_chronos2_controls_v1/accuracy_comparison.csv,historical stored result on exposed development targets; no new fit or reselection
robin,C2_SMALL_MV,robin_C2_SMALL_MV,single_model,mean_seed,test_b,0.20785544932435726,0.2306539322467431,32638,40,"[1920, 1920, 1920, 1920, 1920, 1920, 1920, 1920, 1920, 1920, 1920, 1920, 1920, 1918, 1920, 1920, 1920]",True,research/level_chronos2_controls_v1/accuracy_comparison.csv,historical stored result on exposed development targets; no new fit or reselection
robin,C2_SMALL_MV,robin_C2_SMALL_MV,single_model,mean_seed,combined,0.2246504656523076,0.2597677161536353,65278,80,"[3840, 3840, 3840, 3840, 3840, 3840, 3840, 3840, 3840, 3840, 3840, 3840, 3840, 3838, 3840, 3840, 3840]",True,research/level_chronos2_controls_v1/accuracy_comparison.csv,historical stored result on exposed development targets; no new fit or reselection
robin,C2_UNI,robin_C2_UNI,single_model,mean_seed,test_a,0.2144918482592592,0.26909226360822336,32640,40,"[1920, 1920, 1920, 1920, 1920, 1920, 1920, 1920, 1920, 1920, 1920, 1920, 1920, 1920, 1920, 1920, 1920]",True,research/level_chronos2_controls_v1/accuracy_comparison.csv,historical stored result on exposed development targets; no new fit or reselection
robin,C2_UNI,robin_C2_UNI,single_model,mean_seed,test_b,0.25067896333516587,0.24065584770212584,32638,40,"[1920, 1920, 1920, 1920, 1920, 1920, 1920, 1920, 1920, 1920, 1920, 1920, 1920, 1918, 1920, 1920, 1920]",True,research/level_chronos2_controls_v1/accuracy_comparison.csv,historical stored result on exposed development targets; no new fit or reselection
robin,C2_UNI,robin_C2_UNI,single_model,mean_seed,combined,0.23258690867680165,0.2548757182693712,65278,80,"[3840, 3840, 3840, 3840, 3840, 3840, 3840, 3840, 3840, 3840, 3840, 3840, 3840, 3838, 3840, 3840, 3840]",True,research/level_chronos2_controls_v1/accuracy_comparison.csv,historical stored result on exposed development targets; no new fit or reselection
robin,C2_SMALL_UNI,robin_C2_SMALL_UNI,single_model,mean_seed,test_a,0.24211577516995048,0.28665281436474044,32640,40,"[1920, 1920, 1920, 1920, 1920, 1920, 1920, 1920, 1920, 1920, 1920, 1920, 1920, 1920, 1920, 1920, 1920]",True,research/level_chronos2_controls_v1/accuracy_comparison.csv,historical stored result on exposed development targets; no new fit or reselection
robin,C2_SMALL_UNI,robin_C2_SMALL_UNI,single_model,mean_seed,test_b,0.2287482833186296,0.23882405884885868,32638,40,"[1920, 1920, 1920, 1920, 1920, 1920, 1920, 1920, 1920, 1920, 1920, 1920, 1920, 1918, 1920, 1920, 1920]",True,research/level_chronos2_controls_v1/accuracy_comparison.csv,historical stored result on exposed development targets; no new fit or reselection
robin,C2_SMALL_UNI,robin_C2_SMALL_UNI,single_model,mean_seed,combined,0.23543390872860842,0.26274041249949076,65278,80,"[3840, 3840, 3840, 3840, 3840, 3840, 3840, 3840, 3840, 3840, 3840, 3840, 3840, 3838, 3840, 3840, 3840]",True,research/level_chronos2_controls_v1/accuracy_comparison.csv,historical stored result on exposed development targets; no new fit or reselection
robin,BOLT_MINI_F0,robin_BOLT_MINI_F0,,individual,test_a,0.22779489254152352,0.2841073626193312,32640,40,"[1920, 1920, 1920, 1920, 1920, 1920, 1920, 1920, 1920, 1920, 1920, 1920, 1920, 1920, 1920, 1920, 1920]",True,research/level_bolt_backbone_scaling_v1_20261006/accuracy_comparison.csv,historical stored result on exposed development targets; no new fit or reselection
robin,BOLT_MINI_F0,robin_BOLT_MINI_F0,,individual,test_b,0.2274750229755586,0.24530434863844117,32638,40,"[1920, 1920, 1920, 1920, 1920, 1920, 1920, 1920, 1920, 1920, 1920, 1920, 1920, 1918, 1920, 1920, 1920]",True,research/level_bolt_backbone_scaling_v1_20261006/accuracy_comparison.csv,historical stored result on exposed development targets; no new fit or reselection
robin,BOLT_MINI_F0,robin_BOLT_MINI_F0,,individual,combined,0.22763621320745372,0.2647073110956679,65278,80,"[3840, 3840, 3840, 3840, 3840, 3840, 3840, 3840, 3840, 3840, 3840, 3840, 3840, 3838, 3840, 3840, 3840]",True,research/level_bolt_backbone_scaling_v1_20261006/accuracy_comparison.csv,historical stored result on exposed development targets; no new fit or reselection
robin,BOLT_TINY_F0,robin_BOLT_TINY_F0,,individual,test_a,0.2415224349822966,0.2894648833941001,32640,40,"[1920, 1920, 1920, 1920, 1920, 1920, 1920, 1920, 1920, 1920, 1920, 1920, 1920, 1920, 1920, 1920, 1920]",True,research/level_bolt_backbone_scaling_v1_20261006/accuracy_comparison.csv,historical stored result on exposed development targets; no new fit or reselection
robin,BOLT_TINY_F0,robin_BOLT_TINY_F0,,individual,test_b,0.24578270017081363,0.24992661811045652,32638,40,"[1920, 1920, 1920, 1920, 1920, 1920, 1920, 1920, 1920, 1920, 1920, 1920, 1920, 1918, 1920, 1920, 1920]",True,research/level_bolt_backbone_scaling_v1_20261006/accuracy_comparison.csv,historical stored result on exposed development targets; no new fit or reselection
robin,BOLT_TINY_F0,robin_BOLT_TINY_F0,,individual,combined,0.2436538844328945,0.26969735813728074,65278,80,"[3840, 3840, 3840, 3840, 3840, 3840, 3840, 3840, 3840, 3840, 3840, 3840, 3840, 3838, 3840, 3840, 3840]",True,research/level_bolt_backbone_scaling_v1_20261006/accuracy_comparison.csv,historical stored result on exposed development targets; no new fit or reselection
robin,BOLT_MINI_F0,robin_BOLT_MINI_F0,single_model,mean_seed,test_a,0.22779489254152352,0.2841073626193312,32640,40,"[1920, 1920, 1920, 1920, 1920, 1920, 1920, 1920, 1920, 1920, 1920, 1920, 1920, 1920, 1920, 1920, 1920]",True,research/level_bolt_backbone_scaling_v1_20261006/accuracy_comparison.csv,historical stored result on exposed development targets; no new fit or reselection
robin,BOLT_MINI_F0,robin_BOLT_MINI_F0,single_model,mean_seed,test_b,0.2274750229755586,0.24530434863844117,32638,40,"[1920, 1920, 1920, 1920, 1920, 1920, 1920, 1920, 1920, 1920, 1920, 1920, 1920, 1918, 1920, 1920, 1920]",True,research/level_bolt_backbone_scaling_v1_20261006/accuracy_comparison.csv,historical stored result on exposed development targets; no new fit or reselection
robin,BOLT_MINI_F0,robin_BOLT_MINI_F0,single_model,mean_seed,combined,0.22763621320745372,0.2647073110956679,65278,80,"[3840, 3840, 3840, 3840, 3840, 3840, 3840, 3840, 3840, 3840, 3840, 3840, 3840, 3838, 3840, 3840, 3840]",True,research/level_bolt_backbone_scaling_v1_20261006/accuracy_comparison.csv,historical stored result on exposed development targets; no new fit or reselection
robin,BOLT_TINY_F0,robin_BOLT_TINY_F0,single_model,mean_seed,test_a,0.2415224349822966,0.2894648833941001,32640,40,"[1920, 1920, 1920, 1920, 1920, 1920, 1920, 1920, 1920, 1920, 1920, 1920, 1920, 1920, 1920, 1920, 1920]",True,research/level_bolt_backbone_scaling_v1_20261006/accuracy_comparison.csv,historical stored result on exposed development targets; no new fit or reselection
robin,BOLT_TINY_F0,robin_BOLT_TINY_F0,single_model,mean_seed,test_b,0.24578270017081363,0.24992661811045652,32638,40,"[1920, 1920, 1920, 1920, 1920, 1920, 1920, 1920, 1920, 1920, 1920, 1920, 1920, 1918, 1920, 1920, 1920]",True,research/level_bolt_backbone_scaling_v1_20261006/accuracy_comparison.csv,historical stored result on exposed development targets; no new fit or reselection
robin,BOLT_TINY_F0,robin_BOLT_TINY_F0,single_model,mean_seed,combined,0.2436538844328945,0.26969735813728074,65278,80,"[3840, 3840, 3840, 3840, 3840, 3840, 3840, 3840, 3840, 3840, 3840, 3840, 3840, 3838, 3840, 3840, 3840]",True,research/level_bolt_backbone_scaling_v1_20261006/accuracy_comparison.csv,historical stored result on exposed development targets; no new fit or reselection
robin,NATIVE_LORA_QUANTILE,v6_robin_lora_92601,92601,individual,test_a,0.228894822542995,0.2776929286442731,32640,40,"[1920, 1920, 1920, 1920, 1920, 1920, 1920, 1920, 1920, 1920, 1920, 1920, 1920, 1920, 1920, 1920, 1920]",True,E:\CODING\proj\hierarchical-tsfm-peft\research\tsfm_peft_internal_vs_subspace_v11_20260930\evaluation01.json,historical native quantile loss; distinct from point MSE adaptation
robin,NATIVE_LORA_QUANTILE,v6_robin_lora_92602,92602,individual,test_a,0.23217460084539082,0.2802632418968622,32640,40,"[1920, 1920, 1920, 1920, 1920, 1920, 1920, 1920, 1920, 1920, 1920, 1920, 1920, 1920, 1920, 1920, 1920]",True,E:\CODING\proj\hierarchical-tsfm-peft\research\tsfm_peft_internal_vs_subspace_v11_20260930\evaluation01.json,historical native quantile loss; distinct from point MSE adaptation
robin,NATIVE_LORA_QUANTILE,v6_robin_lora_92601;v6_robin_lora_92602,,mean_seed,test_a,0.23053471169419293,0.27897808527056767,32640,40,"[1920, 1920, 1920, 1920, 1920, 1920, 1920, 1920, 1920, 1920, 1920, 1920, 1920, 1920, 1920, 1920, 1920]",True,E:\CODING\proj\hierarchical-tsfm-peft\research\tsfm_peft_internal_vs_subspace_v11_20260930\evaluation01.json,historical native quantile loss; distinct from point MSE adaptation
robin,NATIVE_LORA_QUANTILE,v6_robin_lora_92601,92601,individual,test_b,0.21486450745249522,0.23260952791108053,32638,40,"[1920, 1920, 1920, 1920, 1920, 1920, 1920, 1920, 1920, 1920, 1920, 1920, 1920, 1918, 1920, 1920, 1920]",True,E:\CODING\proj\hierarchical-tsfm-peft\research\tsfm_peft_internal_vs_subspace_v11_20260930\evaluation01.json,historical native quantile loss; distinct from point MSE adaptation
robin,NATIVE_LORA_QUANTILE,v6_robin_lora_92602,92602,individual,test_b,0.21850120709404602,0.23481594851722537,32638,40,"[1920, 1920, 1920, 1920, 1920, 1920, 1920, 1920, 1920, 1920, 1920, 1920, 1920, 1918, 1920, 1920, 1920]",True,E:\CODING\proj\hierarchical-tsfm-peft\research\tsfm_peft_internal_vs_subspace_v11_20260930\evaluation01.json,historical native quantile loss; distinct from point MSE adaptation
robin,NATIVE_LORA_QUANTILE,v6_robin_lora_92601;v6_robin_lora_92602,,mean_seed,test_b,0.21668285727327063,0.23371273821415295,32638,40,"[1920, 1920, 1920, 1920, 1920, 1920, 1920, 1920, 1920, 1920, 1920, 1920, 1920, 1918, 1920, 1920, 1920]",True,E:\CODING\proj\hierarchical-tsfm-peft\research\tsfm_peft_internal_vs_subspace_v11_20260930\evaluation01.json,historical native quantile loss; distinct from point MSE adaptation
robin,NATIVE_LORA_QUANTILE,v6_robin_lora_92601,92601,individual,combined,0.2218811879270592,0.25515288942374703,65278,80,"[3840, 3840, 3840, 3840, 3840, 3840, 3840, 3840, 3840, 3840, 3840, 3840, 3840, 3838, 3840, 3840, 3840]",True,E:\CODING\proj\hierarchical-tsfm-peft\research\tsfm_peft_internal_vs_subspace_v11_20260930\evaluation01.json,historical native quantile loss; distinct from point MSE adaptation
robin,NATIVE_LORA_QUANTILE,v6_robin_lora_92602,92602,individual,combined,0.22533934619634272,0.25754118174246093,65278,80,"[3840, 3840, 3840, 3840, 3840, 3840, 3840, 3840, 3840, 3840, 3840, 3840, 3840, 3838, 3840, 3840, 3840]",True,E:\CODING\proj\hierarchical-tsfm-peft\research\tsfm_peft_internal_vs_subspace_v11_20260930\evaluation01.json,historical native quantile loss; distinct from point MSE adaptation
robin,NATIVE_LORA_QUANTILE,v6_robin_lora_92601;v6_robin_lora_92602,,mean_seed,combined,0.22361026706170095,0.256347035583104,65278,80,"[3840, 3840, 3840, 3840, 3840, 3840, 3840, 3840, 3840, 3840, 3840, 3840, 3840, 3838, 3840, 3840, 3840]",True,E:\CODING\proj\hierarchical-tsfm-peft\research\tsfm_peft_internal_vs_subspace_v11_20260930\evaluation01.json,historical native quantile loss; distinct from point MSE adaptation
robin,OUTPUT_AFFINE,s1_robin_output_affine_lr1em3_seed92601;s1_robin_output_affine_lr1em3_seed92602,,mean_seed,test_a,0.2713444677799747,0.34298038277438153,32640,40,"[1920, 1920, 1920, 1920, 1920, 1920, 1920, 1920, 1920, 1920, 1920, 1920, 1920, 1920, 1920, 1920, 1920]",False,prediction_manifest.json,new S1 selected readout
robin,OUTPUT_AFFINE,s1_robin_output_affine_lr1em3_seed92601;s1_robin_output_affine_lr1em3_seed92602,,mean_seed,test_b,0.2796745618809351,0.3324323151180514,32638,40,"[1920, 1920, 1920, 1920, 1920, 1920, 1920, 1920, 1920, 1920, 1920, 1920, 1920, 1918, 1920, 1920, 1920]",False,prediction_manifest.json,new S1 selected readout
robin,OUTPUT_AFFINE,s1_robin_output_affine_lr1em3_seed92601;s1_robin_output_affine_lr1em3_seed92602,,mean_seed,combined,0.2755110051840671,0.3377082065855793,65278,80,"[3840, 3840, 3840, 3840, 3840, 3840, 3840, 3840, 3840, 3840, 3840, 3840, 3840, 3838, 3840, 3840, 3840]",False,prediction_manifest.json,new S1 selected readout
robin,NATIVE_HEAD,s1_robin_native_head_lr1em4_seed92601;s1_robin_native_head_lr1em4_seed92602,,mean_seed,test_a,0.23641166534154107,0.2890125433728338,32640,40,"[1920, 1920, 1920, 1920, 1920, 1920, 1920, 1920, 1920, 1920, 1920, 1920, 1920, 1920, 1920, 1920, 1920]",False,prediction_manifest.json,new S1 selected readout
robin,NATIVE_HEAD,s1_robin_native_head_lr1em4_seed92601;s1_robin_native_head_lr1em4_seed92602,,mean_seed,test_b,0.22302330439869683,0.2399866769048118,32638,40,"[1920, 1920, 1920, 1920, 1920, 1920, 1920, 1920, 1920, 1920, 1920, 1920, 1920, 1918, 1920, 1920, 1920]",False,prediction_manifest.json,new S1 selected readout
robin,NATIVE_HEAD,s1_robin_native_head_lr1em4_seed92601;s1_robin_native_head_lr1em4_seed92602,,mean_seed,combined,0.22971888460377005,0.2645012548939837,65278,80,"[3840, 3840, 3840, 3840, 3840, 3840, 3840, 3840, 3840, 3840, 3840, 3840, 3840, 3838, 3840, 3840, 3840]",False,prediction_manifest.json,new S1 selected readout
peacock_education,OUTPUT_AFFINE,s1_peacock_education_output_affine_lr1em3_seed92601,92601,individual,test_a,0.22919833353701377,0.3276381072119239,24958,40,"[1920, 1920, 1920, 1920, 1920, 1920, 1920, 1920, 1920, 1920, 1920, 1918, 1920]",False,.cache/tsfm_readout_adaptation_screen_20261007/evaluation/peacock_education/OUTPUT_AFFINE/seed92601/prediction.npz,new S1 selected readout
peacock_education,OUTPUT_AFFINE,s1_peacock_education_output_affine_lr1em3_seed92601,92601,individual,test_b,0.16785853774319717,0.2825858892018997,24946,40,"[1920, 1920, 1918, 1920, 1920, 1916, 1920, 1920, 1920, 1920, 1920, 1912, 1920]",False,.cache/tsfm_readout_adaptation_screen_20261007/evaluation/peacock_education/OUTPUT_AFFINE/seed92601/prediction.npz,new S1 selected readout
peacock_education,OUTPUT_AFFINE,s1_peacock_education_output_affine_lr1em3_seed92601,92601,individual,combined,0.1985342751162974,0.3051152966964092,49904,80,"[3840, 3840, 3838, 3840, 3840, 3836, 3840, 3840, 3840, 3840, 3840, 3830, 3840]",False,.cache/tsfm_readout_adaptation_screen_20261007/evaluation/peacock_education/OUTPUT_AFFINE/seed92601/prediction.npz,new S1 selected readout
peacock_education,OUTPUT_AFFINE,s1_peacock_education_output_affine_lr1em3_seed92602,92602,individual,test_a,0.23031669495910836,0.3313905187156342,24958,40,"[1920, 1920, 1920, 1920, 1920, 1920, 1920, 1920, 1920, 1920, 1920, 1918, 1920]",False,.cache/tsfm_readout_adaptation_screen_20261007/evaluation/peacock_education/OUTPUT_AFFINE/seed92602/prediction.npz,new S1 selected readout
peacock_education,OUTPUT_AFFINE,s1_peacock_education_output_affine_lr1em3_seed92602,92602,individual,test_b,0.17039118586377425,0.28575111111706775,24946,40,"[1920, 1920, 1918, 1920, 1920, 1916, 1920, 1920, 1920, 1920, 1920, 1912, 1920]",False,.cache/tsfm_readout_adaptation_screen_20261007/evaluation/peacock_education/OUTPUT_AFFINE/seed92602/prediction.npz,new S1 selected readout
peacock_education,OUTPUT_AFFINE,s1_peacock_education_output_affine_lr1em3_seed92602,92602,individual,combined,0.20036008675810724,0.3085743183927479,49904,80,"[3840, 3840, 3838, 3840, 3840, 3836, 3840, 3840, 3840, 3840, 3840, 3830, 3840]",False,.cache/tsfm_readout_adaptation_screen_20261007/evaluation/peacock_education/OUTPUT_AFFINE/seed92602/prediction.npz,new S1 selected readout
peacock_education,NATIVE_HEAD,s1_peacock_education_native_head_lr1em4_seed92601,92601,individual,test_a,0.2343514916841351,0.3306544498336804,24958,40,"[1920, 1920, 1920, 1920, 1920, 1920, 1920, 1920, 1920, 1920, 1920, 1918, 1920]",False,.cache/tsfm_readout_adaptation_screen_20261007/evaluation/peacock_education/NATIVE_HEAD/seed92601/prediction.npz,new S1 selected readout
peacock_education,NATIVE_HEAD,s1_peacock_education_native_head_lr1em4_seed92601,92601,individual,test_b,0.16799496928074914,0.28037981463946504,24946,40,"[1920, 1920, 1918, 1920, 1920, 1916, 1920, 1920, 1920, 1920, 1920, 1912, 1920]",False,.cache/tsfm_readout_adaptation_screen_20261007/evaluation/peacock_education/NATIVE_HEAD/seed92601/prediction.npz,new S1 selected readout
peacock_education,NATIVE_HEAD,s1_peacock_education_native_head_lr1em4_seed92601,92601,individual,combined,0.2011806513167618,0.3055228056948352,49904,80,"[3840, 3840, 3838, 3840, 3840, 3836, 3840, 3840, 3840, 3840, 3840, 3830, 3840]",False,.cache/tsfm_readout_adaptation_screen_20261007/evaluation/peacock_education/NATIVE_HEAD/seed92601/prediction.npz,new S1 selected readout
peacock_education,NATIVE_HEAD,s1_peacock_education_native_head_lr1em4_seed92602,92602,individual,test_a,0.23501060053700065,0.324832173099962,24958,40,"[1920, 1920, 1920, 1920, 1920, 1920, 1920, 1920, 1920, 1920, 1920, 1918, 1920]",False,.cache/tsfm_readout_adaptation_screen_20261007/evaluation/peacock_education/NATIVE_HEAD/seed92602/prediction.npz,new S1 selected readout
peacock_education,NATIVE_HEAD,s1_peacock_education_native_head_lr1em4_seed92602,92602,individual,test_b,0.1680198100700378,0.2758747584648228,24946,40,"[1920, 1920, 1918, 1920, 1920, 1916, 1920, 1920, 1920, 1920, 1920, 1912, 1920]",False,.cache/tsfm_readout_adaptation_screen_20261007/evaluation/peacock_education/NATIVE_HEAD/seed92602/prediction.npz,new S1 selected readout
peacock_education,NATIVE_HEAD,s1_peacock_education_native_head_lr1em4_seed92602,92602,individual,combined,0.20152139200163005,0.30035755345036663,49904,80,"[3840, 3840, 3838, 3840, 3840, 3836, 3840, 3840, 3840, 3840, 3840, 3830, 3840]",False,.cache/tsfm_readout_adaptation_screen_20261007/evaluation/peacock_education/NATIVE_HEAD/seed92602/prediction.npz,new S1 selected readout
peacock_education,B,peacock_education_a_lr1e-4_s92601__main_only,,individual,test_a,0.3227126900269925,0.4352706262158123,24958,40,"[1920, 1920, 1920, 1920, 1920, 1920, 1920, 1920, 1920, 1920, 1920, 1918, 1920]",True,research/level_chronos2_controls_v1/accuracy_comparison.csv,historical stored result on exposed development targets; no new fit or reselection
peacock_education,B,peacock_education_a_lr1e-4_s92601__main_only,,individual,test_b,0.27494427956706124,0.4070541448320898,24946,40,"[1920, 1920, 1918, 1920, 1920, 1916, 1920, 1920, 1920, 1920, 1920, 1912, 1920]",True,research/level_chronos2_controls_v1/accuracy_comparison.csv,historical stored result on exposed development targets; no new fit or reselection
peacock_education,B,peacock_education_a_lr1e-4_s92601__main_only,,individual,combined,0.2988315778023622,0.421164614258922,49904,80,"[3840, 3840, 3838, 3840, 3840, 3836, 3840, 3840, 3840, 3840, 3840, 3830, 3840]",True,research/level_chronos2_controls_v1/accuracy_comparison.csv,historical stored result on exposed development targets; no new fit or reselection
peacock_education,LEVEL,peacock_education_level_lr1e-3_s92601__retry_heartbeat01,92601,individual,test_a,0.23427061415585218,0.3391900087048547,24958,40,"[1920, 1920, 1920, 1920, 1920, 1920, 1920, 1920, 1920, 1920, 1920, 1918, 1920]",True,research/level_chronos2_controls_v1/accuracy_comparison.csv,historical stored result on exposed development targets; no new fit or reselection
peacock_education,LEVEL,peacock_education_level_lr1e-3_s92601__retry_heartbeat01,92601,individual,test_b,0.17317419300705023,0.29183088141779584,24946,40,"[1920, 1920, 1918, 1920, 1920, 1916, 1920, 1920, 1920, 1920, 1920, 1912, 1920]",True,research/level_chronos2_controls_v1/accuracy_comparison.csv,historical stored result on exposed development targets; no new fit or reselection
peacock_education,LEVEL,peacock_education_level_lr1e-3_s92601__retry_heartbeat01,92601,individual,combined,0.2037268471433063,0.315513112242859,49904,80,"[3840, 3840, 3838, 3840, 3840, 3836, 3840, 3840, 3840, 3840, 3840, 3830, 3840]",True,research/level_chronos2_controls_v1/accuracy_comparison.csv,historical stored result on exposed development targets; no new fit or reselection
peacock_education,LEVEL,peacock_education_level_lr1e-3_s92602,92602,individual,test_a,0.2343288836638956,0.3391965705344562,24958,40,"[1920, 1920, 1920, 1920, 1920, 1920, 1920, 1920, 1920, 1920, 1920, 1918, 1920]",True,research/level_chronos2_controls_v1/accuracy_comparison.csv,historical stored result on exposed development targets; no new fit or reselection
peacock_education,LEVEL,peacock_education_level_lr1e-3_s92602,92602,individual,test_b,0.1712723262720206,0.289788412283206,24946,40,"[1920, 1920, 1918, 1920, 1920, 1916, 1920, 1920, 1920, 1920, 1920, 1912, 1920]",True,research/level_chronos2_controls_v1/accuracy_comparison.csv,historical stored result on exposed development targets; no new fit or reselection
peacock_education,LEVEL,peacock_education_level_lr1e-3_s92602,92602,individual,combined,0.20280549532911796,0.3144954373180053,49904,80,"[3840, 3840, 3838, 3840, 3840, 3836, 3840, 3840, 3840, 3840, 3840, 3830, 3840]",True,research/level_chronos2_controls_v1/accuracy_comparison.csv,historical stored result on exposed development targets; no new fit or reselection
peacock_education,F0,v12_confirmation_peacock_education_f0,,individual,test_a,0.23501060053700065,0.324832173099962,24958,40,"[1920, 1920, 1920, 1920, 1920, 1920, 1920, 1920, 1920, 1920, 1920, 1918, 1920]",True,research/level_chronos2_controls_v1/accuracy_comparison.csv,historical stored result on exposed development targets; no new fit or reselection
peacock_education,F0,v12_confirmation_peacock_education_f0,,individual,test_b,0.1680198100700378,0.2758747584648228,24946,40,"[1920, 1920, 1918, 1920, 1920, 1916, 1920, 1920, 1920, 1920, 1920, 1912, 1920]",True,research/level_chronos2_controls_v1/accuracy_comparison.csv,historical stored result on exposed development targets; no new fit or reselection
peacock_education,F0,v12_confirmation_peacock_education_f0,,individual,combined,0.20152139200163005,0.30035755345036663,49904,80,"[3840, 3840, 3838, 3840, 3840, 3836, 3840, 3840, 3840, 3840, 3840, 3830, 3840]",True,research/level_chronos2_controls_v1/accuracy_comparison.csv,historical stored result on exposed development targets; no new fit or reselection
peacock_education,MSE_LORA,peacock_education_full_mse_lr1e-4_s92601,92601,individual,test_a,0.2309485006838292,0.3232877129929093,24958,40,"[1920, 1920, 1920, 1920, 1920, 1920, 1920, 1920, 1920, 1920, 1920, 1918, 1920]",True,research/level_chronos2_controls_v1/accuracy_comparison.csv,historical stored result on exposed development targets; no new fit or reselection
peacock_education,MSE_LORA,peacock_education_full_mse_lr1e-4_s92601,92601,individual,test_b,0.16532346272096837,0.27472880326429167,24946,40,"[1920, 1920, 1918, 1920, 1920, 1916, 1920, 1920, 1920, 1920, 1920, 1912, 1920]",True,research/level_chronos2_controls_v1/accuracy_comparison.csv,historical stored result on exposed development targets; no new fit or reselection
peacock_education,MSE_LORA,peacock_education_full_mse_lr1e-4_s92601,92601,individual,combined,0.19814254609044732,0.299012800470179,49904,80,"[3840, 3840, 3838, 3840, 3840, 3836, 3840, 3840, 3840, 3840, 3840, 3830, 3840]",True,research/level_chronos2_controls_v1/accuracy_comparison.csv,historical stored result on exposed development targets; no new fit or reselection
peacock_education,MSE_LORA,peacock_education_full_mse_lr1e-4_s92602,92602,individual,test_a,0.2308739518695252,0.3230779650929112,24958,40,"[1920, 1920, 1920, 1920, 1920, 1920, 1920, 1920, 1920, 1920, 1920, 1918, 1920]",True,research/level_chronos2_controls_v1/accuracy_comparison.csv,historical stored result on exposed development targets; no new fit or reselection
peacock_education,MSE_LORA,peacock_education_full_mse_lr1e-4_s92602,92602,individual,test_b,0.16553383611031866,0.2742456955397327,24946,40,"[1920, 1920, 1918, 1920, 1920, 1916, 1920, 1920, 1920, 1920, 1920, 1912, 1920]",True,research/level_chronos2_controls_v1/accuracy_comparison.csv,historical stored result on exposed development targets; no new fit or reselection
peacock_education,MSE_LORA,peacock_education_full_mse_lr1e-4_s92602,92602,individual,combined,0.198210151817009,0.2986660701197085,49904,80,"[3840, 3840, 3838, 3840, 3840, 3836, 3840, 3840, 3840, 3840, 3840, 3830, 3840]",True,research/level_chronos2_controls_v1/accuracy_comparison.csv,historical stored result on exposed development targets; no new fit or reselection
peacock_education,DIRECT_NLINEAR,peacock_education_direct_lr1e-3_s92601,92601,individual,test_a,0.25427130040500245,0.35549165630302215,24958,40,"[1920, 1920, 1920, 1920, 1920, 1920, 1920, 1920, 1920, 1920, 1920, 1918, 1920]",True,research/level_chronos2_controls_v1/accuracy_comparison.csv,historical stored result on exposed development targets; no new fit or reselection
peacock_education,DIRECT_NLINEAR,peacock_education_direct_lr1e-3_s92601,92601,individual,test_b,0.1852721161695502,0.3022621949739794,24946,40,"[1920, 1920, 1918, 1920, 1920, 1916, 1920, 1920, 1920, 1920, 1920, 1912, 1920]",True,research/level_chronos2_controls_v1/accuracy_comparison.csv,historical stored result on exposed development targets; no new fit or reselection
peacock_education,DIRECT_NLINEAR,peacock_education_direct_lr1e-3_s92601,92601,individual,combined,0.21977657507139162,0.328880262003361,49904,80,"[3840, 3840, 3838, 3840, 3840, 3836, 3840, 3840, 3840, 3840, 3840, 3830, 3840]",True,research/level_chronos2_controls_v1/accuracy_comparison.csv,historical stored result on exposed development targets; no new fit or reselection
peacock_education,DIRECT_NLINEAR,peacock_education_direct_lr1e-3_s92602,92602,individual,test_a,0.2526130872858348,0.3551333305956637,24958,40,"[1920, 1920, 1920, 1920, 1920, 1920, 1920, 1920, 1920, 1920, 1920, 1918, 1920]",True,research/level_chronos2_controls_v1/accuracy_comparison.csv,historical stored result on exposed development targets; no new fit or reselection
peacock_education,DIRECT_NLINEAR,peacock_education_direct_lr1e-3_s92602,92602,individual,test_b,0.18736057967387357,0.30490065836028096,24946,40,"[1920, 1920, 1918, 1920, 1920, 1916, 1920, 1920, 1920, 1920, 1920, 1912, 1920]",True,research/level_chronos2_controls_v1/accuracy_comparison.csv,historical stored result on exposed development targets; no new fit or reselection
peacock_education,DIRECT_NLINEAR,peacock_education_direct_lr1e-3_s92602,92602,individual,combined,0.2199911241772148,0.33001965845595443,49904,80,"[3840, 3840, 3838, 3840, 3840, 3836, 3840, 3840, 3840, 3840, 3840, 3830, 3840]",True,research/level_chronos2_controls_v1/accuracy_comparison.csv,historical stored result on exposed development targets; no new fit or reselection
peacock_education,C2_MV,peacock_education_C2_MV,,individual,test_a,0.23266422252114394,0.31903423782814494,24958,40,"[1920, 1920, 1920, 1920, 1920, 1920, 1920, 1920, 1920, 1920, 1920, 1918, 1920]",True,research/level_chronos2_controls_v1/accuracy_comparison.csv,historical stored result on exposed development targets; no new fit or reselection
peacock_education,C2_MV,peacock_education_C2_MV,,individual,test_b,0.16646721128906908,0.27124845895752536,24946,40,"[1920, 1920, 1918, 1920, 1920, 1916, 1920, 1920, 1920, 1920, 1920, 1912, 1920]",True,research/level_chronos2_controls_v1/accuracy_comparison.csv,historical stored result on exposed development targets; no new fit or reselection
peacock_education,C2_MV,peacock_education_C2_MV,,individual,combined,0.19957182242794386,0.2951452702072128,49904,80,"[3840, 3840, 3838, 3840, 3840, 3836, 3840, 3840, 3840, 3840, 3840, 3830, 3840]",True,research/level_chronos2_controls_v1/accuracy_comparison.csv,historical stored result on exposed development targets; no new fit or reselection
peacock_education,C2_SMALL_MV,peacock_education_C2_SMALL_MV,,individual,test_a,0.23512166301114545,0.3242980885168152,24958,40,"[1920, 1920, 1920, 1920, 1920, 1920, 1920, 1920, 1920, 1920, 1920, 1918, 1920]",True,research/level_chronos2_controls_v1/accuracy_comparison.csv,historical stored result on exposed development targets; no new fit or reselection
peacock_education,C2_SMALL_MV,peacock_education_C2_SMALL_MV,,individual,test_b,0.17341552724483028,0.2796795101329251,24946,40,"[1920, 1920, 1918, 1920, 1920, 1916, 1920, 1920, 1920, 1920, 1920, 1912, 1920]",True,research/level_chronos2_controls_v1/accuracy_comparison.csv,historical stored result on exposed development targets; no new fit or reselection
peacock_education,C2_SMALL_MV,peacock_education_C2_SMALL_MV,,individual,combined,0.2042740641119311,0.30199216369505366,49904,80,"[3840, 3840, 3838, 3840, 3840, 3836, 3840, 3840, 3840, 3840, 3840, 3830, 3840]",True,research/level_chronos2_controls_v1/accuracy_comparison.csv,historical stored result on exposed development targets; no new fit or reselection
peacock_education,C2_UNI,peacock_education_C2_UNI,,individual,test_a,0.23271752916966137,0.3208664963060505,24958,40,"[1920, 1920, 1920, 1920, 1920, 1920, 1920, 1920, 1920, 1920, 1920, 1918, 1920]",True,research/level_chronos2_controls_v1/accuracy_comparison.csv,historical stored result on exposed development targets; no new fit or reselection
peacock_education,C2_UNI,peacock_education_C2_UNI,,individual,test_b,0.16722743911158686,0.2715543512914696,24946,40,"[1920, 1920, 1918, 1920, 1920, 1916, 1920, 1920, 1920, 1920, 1920, 1912, 1920]",True,research/level_chronos2_controls_v1/accuracy_comparison.csv,historical stored result on exposed development targets; no new fit or reselection
peacock_education,C2_UNI,peacock_education_C2_UNI,,individual,combined,0.19997758563824178,0.29621377934295495,49904,80,"[3840, 3840, 3838, 3840, 3840, 3836, 3840, 3840, 3840, 3840, 3840, 3830, 3840]",True,research/level_chronos2_controls_v1/accuracy_comparison.csv,historical stored result on exposed development targets; no new fit or reselection
peacock_education,C2_SMALL_UNI,peacock_education_C2_SMALL_UNI,,individual,test_a,0.2377888399226114,0.3275813964137096,24958,40,"[1920, 1920, 1920, 1920, 1920, 1920, 1920, 1920, 1920, 1920, 1920, 1918, 1920]",True,research/level_chronos2_controls_v1/accuracy_comparison.csv,historical stored result on exposed development targets; no new fit or reselection
peacock_education,C2_SMALL_UNI,peacock_education_C2_SMALL_UNI,,individual,test_b,0.17335287407505096,0.2796488374830223,24946,40,"[1920, 1920, 1918, 1920, 1920, 1916, 1920, 1920, 1920, 1920, 1920, 1912, 1920]",True,research/level_chronos2_controls_v1/accuracy_comparison.csv,historical stored result on exposed development targets; no new fit or reselection
peacock_education,C2_SMALL_UNI,peacock_education_C2_SMALL_UNI,,individual,combined,0.20557709157984566,0.30361917891740703,49904,80,"[3840, 3840, 3838, 3840, 3840, 3836, 3840, 3840, 3840, 3840, 3840, 3830, 3840]",True,research/level_chronos2_controls_v1/accuracy_comparison.csv,historical stored result on exposed development targets; no new fit or reselection
peacock_education,B,peacock_education_a_lr1e-4_s92601__main_only,single_model,mean_seed,test_a,0.3227126900269925,0.4352706262158123,24958,40,"[1920, 1920, 1920, 1920, 1920, 1920, 1920, 1920, 1920, 1920, 1920, 1918, 1920]",True,research/level_chronos2_controls_v1/accuracy_comparison.csv,historical stored result on exposed development targets; no new fit or reselection
peacock_education,B,peacock_education_a_lr1e-4_s92601__main_only,single_model,mean_seed,test_b,0.27494427956706124,0.4070541448320898,24946,40,"[1920, 1920, 1918, 1920, 1920, 1916, 1920, 1920, 1920, 1920, 1920, 1912, 1920]",True,research/level_chronos2_controls_v1/accuracy_comparison.csv,historical stored result on exposed development targets; no new fit or reselection
peacock_education,B,peacock_education_a_lr1e-4_s92601__main_only,single_model,mean_seed,combined,0.2988315778023622,0.421164614258922,49904,80,"[3840, 3840, 3838, 3840, 3840, 3836, 3840, 3840, 3840, 3840, 3840, 3830, 3840]",True,research/level_chronos2_controls_v1/accuracy_comparison.csv,historical stored result on exposed development targets; no new fit or reselection
peacock_education,LEVEL,peacock_education_level_lr1e-3_s92601__retry_heartbeat01;peacock_education_level_lr1e-3_s92602,mean_selected_seeds,mean_seed,test_a,0.23429974890987387,0.33919328961965545,24958,40,"[1920, 1920, 1920, 1920, 1920, 1920, 1920, 1920, 1920, 1920, 1920, 1918, 1920]",True,research/level_chronos2_controls_v1/accuracy_comparison.csv,historical stored result on exposed development targets; no new fit or reselection
peacock_education,LEVEL,peacock_education_level_lr1e-3_s92601__retry_heartbeat01;peacock_education_level_lr1e-3_s92602,mean_selected_seeds,mean_seed,test_b,0.17222325963953541,0.2908096468505009,24946,40,"[1920, 1920, 1918, 1920, 1920, 1916, 1920, 1920, 1920, 1920, 1920, 1912, 1920]",True,research/level_chronos2_controls_v1/accuracy_comparison.csv,historical stored result on exposed development targets; no new fit or reselection
peacock_education,LEVEL,peacock_education_level_lr1e-3_s92601__retry_heartbeat01;peacock_education_level_lr1e-3_s92602,mean_selected_seeds,mean_seed,combined,0.2032661712362121,0.3150042747804322,49904,80,"[3840, 3840, 3838, 3840, 3840, 3836, 3840, 3840, 3840, 3840, 3840, 3830, 3840]",True,research/level_chronos2_controls_v1/accuracy_comparison.csv,historical stored result on exposed development targets; no new fit or reselection
peacock_education,F0,v12_confirmation_peacock_education_f0,single_model,mean_seed,test_a,0.23501060053700065,0.324832173099962,24958,40,"[1920, 1920, 1920, 1920, 1920, 1920, 1920, 1920, 1920, 1920, 1920, 1918, 1920]",True,research/level_chronos2_controls_v1/accuracy_comparison.csv,historical stored result on exposed development targets; no new fit or reselection
peacock_education,F0,v12_confirmation_peacock_education_f0,single_model,mean_seed,test_b,0.1680198100700378,0.2758747584648228,24946,40,"[1920, 1920, 1918, 1920, 1920, 1916, 1920, 1920, 1920, 1920, 1920, 1912, 1920]",True,research/level_chronos2_controls_v1/accuracy_comparison.csv,historical stored result on exposed development targets; no new fit or reselection
peacock_education,F0,v12_confirmation_peacock_education_f0,single_model,mean_seed,combined,0.20152139200163005,0.30035755345036663,49904,80,"[3840, 3840, 3838, 3840, 3840, 3836, 3840, 3840, 3840, 3840, 3840, 3830, 3840]",True,research/level_chronos2_controls_v1/accuracy_comparison.csv,historical stored result on exposed development targets; no new fit or reselection
peacock_education,MSE_LORA,peacock_education_full_mse_lr1e-4_s92601;peacock_education_full_mse_lr1e-4_s92602,mean_selected_seeds,mean_seed,test_a,0.23091122627667715,0.32318283904291023,24958,40,"[1920, 1920, 1920, 1920, 1920, 1920, 1920, 1920, 1920, 1920, 1920, 1918, 1920]",True,research/level_chronos2_controls_v1/accuracy_comparison.csv,historical stored result on exposed development targets; no new fit or reselection
peacock_education,MSE_LORA,peacock_education_full_mse_lr1e-4_s92601;peacock_education_full_mse_lr1e-4_s92602,mean_selected_seeds,mean_seed,test_b,0.1654286494156435,0.2744872494020122,24946,40,"[1920, 1920, 1918, 1920, 1920, 1916, 1920, 1920, 1920, 1920, 1920, 1912, 1920]",True,research/level_chronos2_controls_v1/accuracy_comparison.csv,historical stored result on exposed development targets; no new fit or reselection
peacock_education,MSE_LORA,peacock_education_full_mse_lr1e-4_s92601;peacock_education_full_mse_lr1e-4_s92602,mean_selected_seeds,mean_seed,combined,0.19817634895372815,0.2988394352949437,49904,80,"[3840, 3840, 3838, 3840, 3840, 3836, 3840, 3840, 3840, 3840, 3840, 3830, 3840]",True,research/level_chronos2_controls_v1/accuracy_comparison.csv,historical stored result on exposed development targets; no new fit or reselection
peacock_education,DIRECT_NLINEAR,peacock_education_direct_lr1e-3_s92601;peacock_education_direct_lr1e-3_s92602,mean_selected_seeds,mean_seed,test_a,0.2534421938454186,0.3553124934493429,24958,40,"[1920, 1920, 1920, 1920, 1920, 1920, 1920, 1920, 1920, 1920, 1920, 1918, 1920]",True,research/level_chronos2_controls_v1/accuracy_comparison.csv,historical stored result on exposed development targets; no new fit or reselection
peacock_education,DIRECT_NLINEAR,peacock_education_direct_lr1e-3_s92601;peacock_education_direct_lr1e-3_s92602,mean_selected_seeds,mean_seed,test_b,0.18631634792171187,0.3035814266671301,24946,40,"[1920, 1920, 1918, 1920, 1920, 1916, 1920, 1920, 1920, 1920, 1920, 1912, 1920]",True,research/level_chronos2_controls_v1/accuracy_comparison.csv,historical stored result on exposed development targets; no new fit or reselection
peacock_education,DIRECT_NLINEAR,peacock_education_direct_lr1e-3_s92601;peacock_education_direct_lr1e-3_s92602,mean_selected_seeds,mean_seed,combined,0.21988384962430318,0.3294499602296578,49904,80,"[3840, 3840, 3838, 3840, 3840, 3836, 3840, 3840, 3840, 3840, 3840, 3830, 3840]",True,research/level_chronos2_controls_v1/accuracy_comparison.csv,historical stored result on exposed development targets; no new fit or reselection
peacock_education,C2_MV,peacock_education_C2_MV,single_model,mean_seed,test_a,0.23266422252114394,0.31903423782814494,24958,40,"[1920, 1920, 1920, 1920, 1920, 1920, 1920, 1920, 1920, 1920, 1920, 1918, 1920]",True,research/level_chronos2_controls_v1/accuracy_comparison.csv,historical stored result on exposed development targets; no new fit or reselection
peacock_education,C2_MV,peacock_education_C2_MV,single_model,mean_seed,test_b,0.16646721128906908,0.27124845895752536,24946,40,"[1920, 1920, 1918, 1920, 1920, 1916, 1920, 1920, 1920, 1920, 1920, 1912, 1920]",True,research/level_chronos2_controls_v1/accuracy_comparison.csv,historical stored result on exposed development targets; no new fit or reselection
peacock_education,C2_MV,peacock_education_C2_MV,single_model,mean_seed,combined,0.19957182242794386,0.2951452702072128,49904,80,"[3840, 3840, 3838, 3840, 3840, 3836, 3840, 3840, 3840, 3840, 3840, 3830, 3840]",True,research/level_chronos2_controls_v1/accuracy_comparison.csv,historical stored result on exposed development targets; no new fit or reselection
peacock_education,C2_SMALL_MV,peacock_education_C2_SMALL_MV,single_model,mean_seed,test_a,0.23512166301114545,0.3242980885168152,24958,40,"[1920, 1920, 1920, 1920, 1920, 1920, 1920, 1920, 1920, 1920, 1920, 1918, 1920]",True,research/level_chronos2_controls_v1/accuracy_comparison.csv,historical stored result on exposed development targets; no new fit or reselection
peacock_education,C2_SMALL_MV,peacock_education_C2_SMALL_MV,single_model,mean_seed,test_b,0.17341552724483028,0.2796795101329251,24946,40,"[1920, 1920, 1918, 1920, 1920, 1916, 1920, 1920, 1920, 1920, 1920, 1912, 1920]",True,research/level_chronos2_controls_v1/accuracy_comparison.csv,historical stored result on exposed development targets; no new fit or reselection
peacock_education,C2_SMALL_MV,peacock_education_C2_SMALL_MV,single_model,mean_seed,combined,0.2042740641119311,0.30199216369505366,49904,80,"[3840, 3840, 3838, 3840, 3840, 3836, 3840, 3840, 3840, 3840, 3840, 3830, 3840]",True,research/level_chronos2_controls_v1/accuracy_comparison.csv,historical stored result on exposed development targets; no new fit or reselection
peacock_education,C2_UNI,peacock_education_C2_UNI,single_model,mean_seed,test_a,0.23271752916966137,0.3208664963060505,24958,40,"[1920, 1920, 1920, 1920, 1920, 1920, 1920, 1920, 1920, 1920, 1920, 1918, 1920]",True,research/level_chronos2_controls_v1/accuracy_comparison.csv,historical stored result on exposed development targets; no new fit or reselection
peacock_education,C2_UNI,peacock_education_C2_UNI,single_model,mean_seed,test_b,0.16722743911158686,0.2715543512914696,24946,40,"[1920, 1920, 1918, 1920, 1920, 1916, 1920, 1920, 1920, 1920, 1920, 1912, 1920]",True,research/level_chronos2_controls_v1/accuracy_comparison.csv,historical stored result on exposed development targets; no new fit or reselection
peacock_education,C2_UNI,peacock_education_C2_UNI,single_model,mean_seed,combined,0.19997758563824178,0.29621377934295495,49904,80,"[3840, 3840, 3838, 3840, 3840, 3836, 3840, 3840, 3840, 3840, 3840, 3830, 3840]",True,research/level_chronos2_controls_v1/accuracy_comparison.csv,historical stored result on exposed development targets; no new fit or reselection
peacock_education,C2_SMALL_UNI,peacock_education_C2_SMALL_UNI,single_model,mean_seed,test_a,0.2377888399226114,0.3275813964137096,24958,40,"[1920, 1920, 1920, 1920, 1920, 1920, 1920, 1920, 1920, 1920, 1920, 1918, 1920]",True,research/level_chronos2_controls_v1/accuracy_comparison.csv,historical stored result on exposed development targets; no new fit or reselection
peacock_education,C2_SMALL_UNI,peacock_education_C2_SMALL_UNI,single_model,mean_seed,test_b,0.17335287407505096,0.2796488374830223,24946,40,"[1920, 1920, 1918, 1920, 1920, 1916, 1920, 1920, 1920, 1920, 1920, 1912, 1920]",True,research/level_chronos2_controls_v1/accuracy_comparison.csv,historical stored result on exposed development targets; no new fit or reselection
peacock_education,C2_SMALL_UNI,peacock_education_C2_SMALL_UNI,single_model,mean_seed,combined,0.20557709157984566,0.30361917891740703,49904,80,"[3840, 3840, 3838, 3840, 3840, 3836, 3840, 3840, 3840, 3840, 3840, 3830, 3840]",True,research/level_chronos2_controls_v1/accuracy_comparison.csv,historical stored result on exposed development targets; no new fit or reselection
peacock_education,BOLT_MINI_F0,peacock_education_BOLT_MINI_F0,,individual,test_a,0.23852032206265983,0.32848897887266887,24958,40,"[1920, 1920, 1920, 1920, 1920, 1920, 1920, 1920, 1920, 1920, 1920, 1918, 1920]",True,research/level_bolt_backbone_scaling_v1_20261006/accuracy_comparison.csv,historical stored result on exposed development targets; no new fit or reselection
peacock_education,BOLT_MINI_F0,peacock_education_BOLT_MINI_F0,,individual,test_b,0.16558276443673564,0.2749175101541365,24946,40,"[1920, 1920, 1918, 1920, 1920, 1916, 1920, 1920, 1920, 1920, 1920, 1912, 1920]",True,research/level_bolt_backbone_scaling_v1_20261006/accuracy_comparison.csv,historical stored result on exposed development targets; no new fit or reselection
peacock_education,BOLT_MINI_F0,peacock_education_BOLT_MINI_F0,,individual,combined,0.20205682169473732,0.30170677157301773,49904,80,"[3840, 3840, 3838, 3840, 3840, 3836, 3840, 3840, 3840, 3840, 3840, 3830, 3840]",True,research/level_bolt_backbone_scaling_v1_20261006/accuracy_comparison.csv,historical stored result on exposed development targets; no new fit or reselection
peacock_education,BOLT_TINY_F0,peacock_education_BOLT_TINY_F0,,individual,test_a,0.23537193332579642,0.32838851057102936,24958,40,"[1920, 1920, 1920, 1920, 1920, 1920, 1920, 1920, 1920, 1920, 1920, 1918, 1920]",True,research/level_bolt_backbone_scaling_v1_20261006/accuracy_comparison.csv,historical stored result on exposed development targets; no new fit or reselection
peacock_education,BOLT_TINY_F0,peacock_education_BOLT_TINY_F0,,individual,test_b,0.1701040902490241,0.2811619892206569,24946,40,"[1920, 1920, 1918, 1920, 1920, 1916, 1920, 1920, 1920, 1920, 1920, 1912, 1920]",True,research/level_bolt_backbone_scaling_v1_20261006/accuracy_comparison.csv,historical stored result on exposed development targets; no new fit or reselection
peacock_education,BOLT_TINY_F0,peacock_education_BOLT_TINY_F0,,individual,combined,0.2027445589856302,0.30477954598425694,49904,80,"[3840, 3840, 3838, 3840, 3840, 3836, 3840, 3840, 3840, 3840, 3840, 3830, 3840]",True,research/level_bolt_backbone_scaling_v1_20261006/accuracy_comparison.csv,historical stored result on exposed development targets; no new fit or reselection
peacock_education,BOLT_MINI_F0,peacock_education_BOLT_MINI_F0,single_model,mean_seed,test_a,0.23852032206265983,0.32848897887266887,24958,40,"[1920, 1920, 1920, 1920, 1920, 1920, 1920, 1920, 1920, 1920, 1920, 1918, 1920]",True,research/level_bolt_backbone_scaling_v1_20261006/accuracy_comparison.csv,historical stored result on exposed development targets; no new fit or reselection
peacock_education,BOLT_MINI_F0,peacock_education_BOLT_MINI_F0,single_model,mean_seed,test_b,0.16558276443673564,0.2749175101541365,24946,40,"[1920, 1920, 1918, 1920, 1920, 1916, 1920, 1920, 1920, 1920, 1920, 1912, 1920]",True,research/level_bolt_backbone_scaling_v1_20261006/accuracy_comparison.csv,historical stored result on exposed development targets; no new fit or reselection
peacock_education,BOLT_MINI_F0,peacock_education_BOLT_MINI_F0,single_model,mean_seed,combined,0.20205682169473732,0.30170677157301773,49904,80,"[3840, 3840, 3838, 3840, 3840, 3836, 3840, 3840, 3840, 3840, 3840, 3830, 3840]",True,research/level_bolt_backbone_scaling_v1_20261006/accuracy_comparison.csv,historical stored result on exposed development targets; no new fit or reselection
peacock_education,BOLT_TINY_F0,peacock_education_BOLT_TINY_F0,single_model,mean_seed,test_a,0.23537193332579642,0.32838851057102936,24958,40,"[1920, 1920, 1920, 1920, 1920, 1920, 1920, 1920, 1920, 1920, 1920, 1918, 1920]",True,research/level_bolt_backbone_scaling_v1_20261006/accuracy_comparison.csv,historical stored result on exposed development targets; no new fit or reselection
peacock_education,BOLT_TINY_F0,peacock_education_BOLT_TINY_F0,single_model,mean_seed,test_b,0.1701040902490241,0.2811619892206569,24946,40,"[1920, 1920, 1918, 1920, 1920, 1916, 1920, 1920, 1920, 1920, 1920, 1912, 1920]",True,research/level_bolt_backbone_scaling_v1_20261006/accuracy_comparison.csv,historical stored result on exposed development targets; no new fit or reselection
peacock_education,BOLT_TINY_F0,peacock_education_BOLT_TINY_F0,single_model,mean_seed,combined,0.2027445589856302,0.30477954598425694,49904,80,"[3840, 3840, 3838, 3840, 3840, 3836, 3840, 3840, 3840, 3840, 3840, 3830, 3840]",True,research/level_bolt_backbone_scaling_v1_20261006/accuracy_comparison.csv,historical stored result on exposed development targets; no new fit or reselection
peacock_education,NATIVE_LORA_QUANTILE,peacock_education_native_lr1e-4_s92601,92601,individual,test_a,0.23270985523251408,0.32325234027978306,24958,40,"[1920, 1920, 1920, 1920, 1920, 1920, 1920, 1920, 1920, 1920, 1920, 1918, 1920]",True,E:\CODING\proj\hierarchical-tsfm-peft\research\tsfm_peft_a_confirmation_v12_20261001\confirmation_evaluation01.json,historical native quantile loss; distinct from point MSE adaptation
peacock_education,NATIVE_LORA_QUANTILE,peacock_education_native_lr1e-4_s92602,92602,individual,test_a,0.2356524354159555,0.32486960037813184,24958,40,"[1920, 1920, 1920, 1920, 1920, 1920, 1920, 1920, 1920, 1920, 1920, 1918, 1920]",True,E:\CODING\proj\hierarchical-tsfm-peft\research\tsfm_peft_a_confirmation_v12_20261001\confirmation_evaluation01.json,historical native quantile loss; distinct from point MSE adaptation
peacock_education,NATIVE_LORA_QUANTILE,peacock_education_native_lr1e-4_s92601;peacock_education_native_lr1e-4_s92602,,mean_seed,test_a,0.23418114532423479,0.3240609703289574,24958,40,"[1920, 1920, 1920, 1920, 1920, 1920, 1920, 1920, 1920, 1920, 1920, 1918, 1920]",True,E:\CODING\proj\hierarchical-tsfm-peft\research\tsfm_peft_a_confirmation_v12_20261001\confirmation_evaluation01.json,historical native quantile loss; distinct from point MSE adaptation
peacock_education,NATIVE_LORA_QUANTILE,peacock_education_native_lr1e-4_s92601,92601,individual,test_b,0.16542326606432362,0.27474359429922857,24946,40,"[1920, 1920, 1918, 1920, 1920, 1916, 1920, 1920, 1920, 1920, 1920, 1912, 1920]",True,E:\CODING\proj\hierarchical-tsfm-peft\research\tsfm_peft_a_confirmation_v12_20261001\confirmation_evaluation01.json,historical native quantile loss; distinct from point MSE adaptation
peacock_education,NATIVE_LORA_QUANTILE,peacock_education_native_lr1e-4_s92602,92602,individual,test_b,0.16667705595057972,0.27603985771613637,24946,40,"[1920, 1920, 1918, 1920, 1920, 1916, 1920, 1920, 1920, 1920, 1920, 1912, 1920]",True,E:\CODING\proj\hierarchical-tsfm-peft\research\tsfm_peft_a_confirmation_v12_20261001\confirmation_evaluation01.json,historical native quantile loss; distinct from point MSE adaptation
peacock_education,NATIVE_LORA_QUANTILE,peacock_education_native_lr1e-4_s92601;peacock_education_native_lr1e-4_s92602,,mean_seed,test_b,0.16605016100745168,0.27539172600768247,24946,40,"[1920, 1920, 1918, 1920, 1920, 1916, 1920, 1920, 1920, 1920, 1920, 1912, 1920]",True,E:\CODING\proj\hierarchical-tsfm-peft\research\tsfm_peft_a_confirmation_v12_20261001\confirmation_evaluation01.json,historical native quantile loss; distinct from point MSE adaptation
peacock_education,NATIVE_LORA_QUANTILE,peacock_education_native_lr1e-4_s92601,92601,individual,combined,0.19907372898305045,0.2990026673628954,49904,80,"[3840, 3840, 3838, 3840, 3840, 3836, 3840, 3840, 3840, 3840, 3840, 3830, 3840]",True,E:\CODING\proj\hierarchical-tsfm-peft\research\tsfm_peft_a_confirmation_v12_20261001\confirmation_evaluation01.json,historical native quantile loss; distinct from point MSE adaptation
peacock_education,NATIVE_LORA_QUANTILE,peacock_education_native_lr1e-4_s92602,92602,individual,combined,0.2011723478691359,0.30045989607847284,49904,80,"[3840, 3840, 3838, 3840, 3840, 3836, 3840, 3840, 3840, 3840, 3840, 3830, 3840]",True,E:\CODING\proj\hierarchical-tsfm-peft\research\tsfm_peft_a_confirmation_v12_20261001\confirmation_evaluation01.json,historical native quantile loss; distinct from point MSE adaptation
peacock_education,NATIVE_LORA_QUANTILE,peacock_education_native_lr1e-4_s92601;peacock_education_native_lr1e-4_s92602,,mean_seed,combined,0.2001230384260932,0.2997312817206841,49904,80,"[3840, 3840, 3838, 3840, 3840, 3836, 3840, 3840, 3840, 3840, 3840, 3830, 3840]",True,E:\CODING\proj\hierarchical-tsfm-peft\research\tsfm_peft_a_confirmation_v12_20261001\confirmation_evaluation01.json,historical native quantile loss; distinct from point MSE adaptation
peacock_education,OUTPUT_AFFINE,s1_peacock_education_output_affine_lr1em3_seed92601;s1_peacock_education_output_affine_lr1em3_seed92602,,mean_seed,test_a,0.22975751424806107,0.32951431296377903,24958,40,"[1920, 1920, 1920, 1920, 1920, 1920, 1920, 1920, 1920, 1920, 1920, 1918, 1920]",False,prediction_manifest.json,new S1 selected readout
peacock_education,OUTPUT_AFFINE,s1_peacock_education_output_affine_lr1em3_seed92601;s1_peacock_education_output_affine_lr1em3_seed92602,,mean_seed,test_b,0.1691248618034857,0.2841685001594837,24946,40,"[1920, 1920, 1918, 1920, 1920, 1916, 1920, 1920, 1920, 1920, 1920, 1912, 1920]",False,prediction_manifest.json,new S1 selected readout
peacock_education,OUTPUT_AFFINE,s1_peacock_education_output_affine_lr1em3_seed92601;s1_peacock_education_output_affine_lr1em3_seed92602,,mean_seed,combined,0.19944718093720232,0.30684480754457855,49904,80,"[3840, 3840, 3838, 3840, 3840, 3836, 3840, 3840, 3840, 3840, 3840, 3830, 3840]",False,prediction_manifest.json,new S1 selected readout
peacock_education,NATIVE_HEAD,s1_peacock_education_native_head_lr1em4_seed92601;s1_peacock_education_native_head_lr1em4_seed92602,,mean_seed,test_a,0.2346810461105679,0.32774331146682123,24958,40,"[1920, 1920, 1920, 1920, 1920, 1920, 1920, 1920, 1920, 1920, 1920, 1918, 1920]",False,prediction_manifest.json,new S1 selected readout
peacock_education,NATIVE_HEAD,s1_peacock_education_native_head_lr1em4_seed92601;s1_peacock_education_native_head_lr1em4_seed92602,,mean_seed,test_b,0.16800738967539347,0.2781272865521439,24946,40,"[1920, 1920, 1918, 1920, 1920, 1916, 1920, 1920, 1920, 1920, 1920, 1912, 1920]",False,prediction_manifest.json,new S1 selected readout
peacock_education,NATIVE_HEAD,s1_peacock_education_native_head_lr1em4_seed92601;s1_peacock_education_native_head_lr1em4_seed92602,,mean_seed,combined,0.20135102165919594,0.3029401795726009,49904,80,"[3840, 3840, 3838, 3840, 3840, 3836, 3840, 3840, 3840, 3840, 3840, 3830, 3840]",False,prediction_manifest.json,new S1 selected readout
jena,OUTPUT_AFFINE,s1_jena_output_affine_lr1em3_seed92601,92601,individual,test_a,0.323737411235211,0.3252787883295188,367920,365,"[17520, 17520, 17520, 17520, 17520, 17520, 17520, 17520, 17520, 17520, 17520, 17520, 17520, 17520, 17520, 17520, 17520, 17520, 17520, 17520, 17520]",False,.cache/tsfm_readout_adaptation_screen_20261007/evaluation/jena/OUTPUT_AFFINE/seed92601/prediction.npz,new S1 selected readout
jena,OUTPUT_AFFINE,s1_jena_output_affine_lr1em3_seed92601,92601,individual,test_b,0.20655332622421282,0.25585539516629874,367920,365,"[17520, 17520, 17520, 17520, 17520, 17520, 17520, 17520, 17520, 17520, 17520, 17520, 17520, 17520, 17520, 17520, 17520, 17520, 17520, 17520, 17520]",False,.cache/tsfm_readout_adaptation_screen_20261007/evaluation/jena/OUTPUT_AFFINE/seed92601/prediction.npz,new S1 selected readout
jena,OUTPUT_AFFINE,s1_jena_output_affine_lr1em3_seed92601,92601,individual,combined,0.26514536872971195,0.29056709174790873,735840,730,"[35040, 35040, 35040, 35040, 35040, 35040, 35040, 35040, 35040, 35040, 35040, 35040, 35040, 35040, 35040, 35040, 35040, 35040, 35040, 35040, 35040]",False,.cache/tsfm_readout_adaptation_screen_20261007/evaluation/jena/OUTPUT_AFFINE/seed92601/prediction.npz,new S1 selected readout
jena,OUTPUT_AFFINE,s1_jena_output_affine_lr1em3_seed92602,92602,individual,test_a,0.32348748776051944,0.32528423344361856,367920,365,"[17520, 17520, 17520, 17520, 17520, 17520, 17520, 17520, 17520, 17520, 17520, 17520, 17520, 17520, 17520, 17520, 17520, 17520, 17520, 17520, 17520]",False,.cache/tsfm_readout_adaptation_screen_20261007/evaluation/jena/OUTPUT_AFFINE/seed92602/prediction.npz,new S1 selected readout
jena,OUTPUT_AFFINE,s1_jena_output_affine_lr1em3_seed92602,92602,individual,test_b,0.20654025696977885,0.2534040752578033,367920,365,"[17520, 17520, 17520, 17520, 17520, 17520, 17520, 17520, 17520, 17520, 17520, 17520, 17520, 17520, 17520, 17520, 17520, 17520, 17520, 17520, 17520]",False,.cache/tsfm_readout_adaptation_screen_20261007/evaluation/jena/OUTPUT_AFFINE/seed92602/prediction.npz,new S1 selected readout
jena,OUTPUT_AFFINE,s1_jena_output_affine_lr1em3_seed92602,92602,individual,combined,0.26501387236514906,0.2893441543507109,735840,730,"[35040, 35040, 35040, 35040, 35040, 35040, 35040, 35040, 35040, 35040, 35040, 35040, 35040, 35040, 35040, 35040, 35040, 35040, 35040, 35040, 35040]",False,.cache/tsfm_readout_adaptation_screen_20261007/evaluation/jena/OUTPUT_AFFINE/seed92602/prediction.npz,new S1 selected readout
jena,NATIVE_HEAD,s1_jena_native_head_lr1em3_seed92601,92601,individual,test_a,0.2928936181317772,0.28947152028915973,367920,365,"[17520, 17520, 17520, 17520, 17520, 17520, 17520, 17520, 17520, 17520, 17520, 17520, 17520, 17520, 17520, 17520, 17520, 17520, 17520, 17520, 17520]",False,.cache/tsfm_readout_adaptation_screen_20261007/evaluation/jena/NATIVE_HEAD/seed92601/prediction.npz,new S1 selected readout
jena,NATIVE_HEAD,s1_jena_native_head_lr1em3_seed92601,92601,individual,test_b,0.1931442434850916,0.223622470893977,367920,365,"[17520, 17520, 17520, 17520, 17520, 17520, 17520, 17520, 17520, 17520, 17520, 17520, 17520, 17520, 17520, 17520, 17520, 17520, 17520, 17520, 17520]",False,.cache/tsfm_readout_adaptation_screen_20261007/evaluation/jena/NATIVE_HEAD/seed92601/prediction.npz,new S1 selected readout
jena,NATIVE_HEAD,s1_jena_native_head_lr1em3_seed92601,92601,individual,combined,0.2430189308084342,0.25654699559156835,735840,730,"[35040, 35040, 35040, 35040, 35040, 35040, 35040, 35040, 35040, 35040, 35040, 35040, 35040, 35040, 35040, 35040, 35040, 35040, 35040, 35040, 35040]",False,.cache/tsfm_readout_adaptation_screen_20261007/evaluation/jena/NATIVE_HEAD/seed92601/prediction.npz,new S1 selected readout
jena,NATIVE_HEAD,s1_jena_native_head_lr1em3_seed92602,92602,individual,test_a,0.2923531769223153,0.2891879780360827,367920,365,"[17520, 17520, 17520, 17520, 17520, 17520, 17520, 17520, 17520, 17520, 17520, 17520, 17520, 17520, 17520, 17520, 17520, 17520, 17520, 17520, 17520]",False,.cache/tsfm_readout_adaptation_screen_20261007/evaluation/jena/NATIVE_HEAD/seed92602/prediction.npz,new S1 selected readout
jena,NATIVE_HEAD,s1_jena_native_head_lr1em3_seed92602,92602,individual,test_b,0.19448119850172166,0.22518782550826583,367920,365,"[17520, 17520, 17520, 17520, 17520, 17520, 17520, 17520, 17520, 17520, 17520, 17520, 17520, 17520, 17520, 17520, 17520, 17520, 17520, 17520, 17520]",False,.cache/tsfm_readout_adaptation_screen_20261007/evaluation/jena/NATIVE_HEAD/seed92602/prediction.npz,new S1 selected readout
jena,NATIVE_HEAD,s1_jena_native_head_lr1em3_seed92602,92602,individual,combined,0.24341718771201845,0.2571879017721742,735840,730,"[35040, 35040, 35040, 35040, 35040, 35040, 35040, 35040, 35040, 35040, 35040, 35040, 35040, 35040, 35040, 35040, 35040, 35040, 35040, 35040, 35040]",False,.cache/tsfm_readout_adaptation_screen_20261007/evaluation/jena/NATIVE_HEAD/seed92602/prediction.npz,new S1 selected readout
jena,B,v7_jena_compress,,individual,test_a,0.48686310682583694,0.4408258266269809,367920,365,"[17520, 17520, 17520, 17520, 17520, 17520, 17520, 17520, 17520, 17520, 17520, 17520, 17520, 17520, 17520, 17520, 17520, 17520, 17520, 17520, 17520]",True,research/level_chronos2_controls_v1/accuracy_comparison.csv,historical stored result on exposed development targets; no new fit or reselection
jena,B,v7_jena_compress,,individual,test_b,0.2755099299006247,0.3213575314121024,367920,365,"[17520, 17520, 17520, 17520, 17520, 17520, 17520, 17520, 17520, 17520, 17520, 17520, 17520, 17520, 17520, 17520, 17520, 17520, 17520, 17520, 17520]",True,research/level_chronos2_controls_v1/accuracy_comparison.csv,historical stored result on exposed development targets; no new fit or reselection
jena,B,v7_jena_compress,,individual,combined,0.3811865183632306,0.3810916790195416,735840,730,"[35040, 35040, 35040, 35040, 35040, 35040, 35040, 35040, 35040, 35040, 35040, 35040, 35040, 35040, 35040, 35040, 35040, 35040, 35040, 35040, 35040]",True,research/level_chronos2_controls_v1/accuracy_comparison.csv,historical stored result on exposed development targets; no new fit or reselection
jena,LEVEL,v7_jena_level_res_92601,92601,individual,test_a,0.4222002440174097,0.3810606831762398,367920,365,"[17520, 17520, 17520, 17520, 17520, 17520, 17520, 17520, 17520, 17520, 17520, 17520, 17520, 17520, 17520, 17520, 17520, 17520, 17520, 17520, 17520]",True,research/level_chronos2_controls_v1/accuracy_comparison.csv,historical stored result on exposed development targets; no new fit or reselection
jena,LEVEL,v7_jena_level_res_92601,92601,individual,test_b,0.22623753018946116,0.2599065718567734,367920,365,"[17520, 17520, 17520, 17520, 17520, 17520, 17520, 17520, 17520, 17520, 17520, 17520, 17520, 17520, 17520, 17520, 17520, 17520, 17520, 17520, 17520]",True,research/level_chronos2_controls_v1/accuracy_comparison.csv,historical stored result on exposed development targets; no new fit or reselection
jena,LEVEL,v7_jena_level_res_92601,92601,individual,combined,0.3242188871034354,0.3204836275165066,735840,730,"[35040, 35040, 35040, 35040, 35040, 35040, 35040, 35040, 35040, 35040, 35040, 35040, 35040, 35040, 35040, 35040, 35040, 35040, 35040, 35040, 35040]",True,research/level_chronos2_controls_v1/accuracy_comparison.csv,historical stored result on exposed development targets; no new fit or reselection
jena,LEVEL,v7_jena_level_res_92602,92602,individual,test_a,0.4227494811207223,0.38102043080016684,367920,365,"[17520, 17520, 17520, 17520, 17520, 17520, 17520, 17520, 17520, 17520, 17520, 17520, 17520, 17520, 17520, 17520, 17520, 17520, 17520, 17520, 17520]",True,research/level_chronos2_controls_v1/accuracy_comparison.csv,historical stored result on exposed development targets; no new fit or reselection
jena,LEVEL,v7_jena_level_res_92602,92602,individual,test_b,0.2262493750418761,0.2598119851728067,367920,365,"[17520, 17520, 17520, 17520, 17520, 17520, 17520, 17520, 17520, 17520, 17520, 17520, 17520, 17520, 17520, 17520, 17520, 17520, 17520, 17520, 17520]",True,research/level_chronos2_controls_v1/accuracy_comparison.csv,historical stored result on exposed development targets; no new fit or reselection
jena,LEVEL,v7_jena_level_res_92602,92602,individual,combined,0.3244994280812994,0.3204162079864868,735840,730,"[35040, 35040, 35040, 35040, 35040, 35040, 35040, 35040, 35040, 35040, 35040, 35040, 35040, 35040, 35040, 35040, 35040, 35040, 35040, 35040, 35040]",True,research/level_chronos2_controls_v1/accuracy_comparison.csv,historical stored result on exposed development targets; no new fit or reselection
jena,F0,v7_jena_f0,,individual,test_a,0.3707561544364758,0.3131295741185513,367920,365,"[17520, 17520, 17520, 17520, 17520, 17520, 17520, 17520, 17520, 17520, 17520, 17520, 17520, 17520, 17520, 17520, 17520, 17520, 17520, 17520, 17520]",True,research/level_chronos2_controls_v1/accuracy_comparison.csv,historical stored result on exposed development targets; no new fit or reselection
jena,F0,v7_jena_f0,,individual,test_b,0.2138438967827428,0.21638567720780014,367920,365,"[17520, 17520, 17520, 17520, 17520, 17520, 17520, 17520, 17520, 17520, 17520, 17520, 17520, 17520, 17520, 17520, 17520, 17520, 17520, 17520, 17520]",True,research/level_chronos2_controls_v1/accuracy_comparison.csv,historical stored result on exposed development targets; no new fit or reselection
jena,F0,v7_jena_f0,,individual,combined,0.2923000256096091,0.26475762566317573,735840,730,"[35040, 35040, 35040, 35040, 35040, 35040, 35040, 35040, 35040, 35040, 35040, 35040, 35040, 35040, 35040, 35040, 35040, 35040, 35040, 35040, 35040]",True,research/level_chronos2_controls_v1/accuracy_comparison.csv,historical stored result on exposed development targets; no new fit or reselection
jena,MSE_LORA,v11_jena_full_lora_mse_lr0.0001_92601,92601,individual,test_a,0.2772561966536052,0.2651845366522206,367920,365,"[17520, 17520, 17520, 17520, 17520, 17520, 17520, 17520, 17520, 17520, 17520, 17520, 17520, 17520, 17520, 17520, 17520, 17520, 17520, 17520, 17520]",True,research/level_chronos2_controls_v1/accuracy_comparison.csv,historical stored result on exposed development targets; no new fit or reselection
jena,MSE_LORA,v11_jena_full_lora_mse_lr0.0001_92601,92601,individual,test_b,0.18586534578675643,0.20867820500517648,367920,365,"[17520, 17520, 17520, 17520, 17520, 17520, 17520, 17520, 17520, 17520, 17520, 17520, 17520, 17520, 17520, 17520, 17520, 17520, 17520, 17520, 17520]",True,research/level_chronos2_controls_v1/accuracy_comparison.csv,historical stored result on exposed development targets; no new fit or reselection
jena,MSE_LORA,v11_jena_full_lora_mse_lr0.0001_92601,92601,individual,combined,0.23156077122018082,0.23693137082869858,735840,730,"[35040, 35040, 35040, 35040, 35040, 35040, 35040, 35040, 35040, 35040, 35040, 35040, 35040, 35040, 35040, 35040, 35040, 35040, 35040, 35040, 35040]",True,research/level_chronos2_controls_v1/accuracy_comparison.csv,historical stored result on exposed development targets; no new fit or reselection
jena,MSE_LORA,v11_jena_full_lora_mse_lr0.0001_92602,92602,individual,test_a,0.2802193474500152,0.26991854118990266,367920,365,"[17520, 17520, 17520, 17520, 17520, 17520, 17520, 17520, 17520, 17520, 17520, 17520, 17520, 17520, 17520, 17520, 17520, 17520, 17520, 17520, 17520]",True,research/level_chronos2_controls_v1/accuracy_comparison.csv,historical stored result on exposed development targets; no new fit or reselection
jena,MSE_LORA,v11_jena_full_lora_mse_lr0.0001_92602,92602,individual,test_b,0.18822558830182398,0.21199237796130355,367920,365,"[17520, 17520, 17520, 17520, 17520, 17520, 17520, 17520, 17520, 17520, 17520, 17520, 17520, 17520, 17520, 17520, 17520, 17520, 17520, 17520, 17520]",True,research/level_chronos2_controls_v1/accuracy_comparison.csv,historical stored result on exposed development targets; no new fit or reselection
jena,MSE_LORA,v11_jena_full_lora_mse_lr0.0001_92602,92602,individual,combined,0.23422246787591927,0.24095545957560316,735840,730,"[35040, 35040, 35040, 35040, 35040, 35040, 35040, 35040, 35040, 35040, 35040, 35040, 35040, 35040, 35040, 35040, 35040, 35040, 35040, 35040, 35040]",True,research/level_chronos2_controls_v1/accuracy_comparison.csv,historical stored result on exposed development targets; no new fit or reselection
jena,DIRECT_NLINEAR,v7_jena_direct_nlinear_lr0.001_92601,92601,individual,test_a,0.33050417802597404,0.32372648691358413,367920,365,"[17520, 17520, 17520, 17520, 17520, 17520, 17520, 17520, 17520, 17520, 17520, 17520, 17520, 17520, 17520, 17520, 17520, 17520, 17520, 17520, 17520]",True,research/level_chronos2_controls_v1/accuracy_comparison.csv,historical stored result on exposed development targets; no new fit or reselection
jena,DIRECT_NLINEAR,v7_jena_direct_nlinear_lr0.001_92601,92601,individual,test_b,0.21579935588979482,0.2524806785097359,367920,365,"[17520, 17520, 17520, 17520, 17520, 17520, 17520, 17520, 17520, 17520, 17520, 17520, 17520, 17520, 17520, 17520, 17520, 17520, 17520, 17520, 17520]",True,research/level_chronos2_controls_v1/accuracy_comparison.csv,historical stored result on exposed development targets; no new fit or reselection
jena,DIRECT_NLINEAR,v7_jena_direct_nlinear_lr0.001_92601,92601,individual,combined,0.2731517669578845,0.28810358271166,735840,730,"[35040, 35040, 35040, 35040, 35040, 35040, 35040, 35040, 35040, 35040, 35040, 35040, 35040, 35040, 35040, 35040, 35040, 35040, 35040, 35040, 35040]",True,research/level_chronos2_controls_v1/accuracy_comparison.csv,historical stored result on exposed development targets; no new fit or reselection
jena,DIRECT_NLINEAR,v7_jena_direct_nlinear_lr0.001_92602,92602,individual,test_a,0.33363536519310083,0.32220808563630526,367920,365,"[17520, 17520, 17520, 17520, 17520, 17520, 17520, 17520, 17520, 17520, 17520, 17520, 17520, 17520, 17520, 17520, 17520, 17520, 17520, 17520, 17520]",True,research/level_chronos2_controls_v1/accuracy_comparison.csv,historical stored result on exposed development targets; no new fit or reselection
jena,DIRECT_NLINEAR,v7_jena_direct_nlinear_lr0.001_92602,92602,individual,test_b,0.21599777401923617,0.2484407597058186,367920,365,"[17520, 17520, 17520, 17520, 17520, 17520, 17520, 17520, 17520, 17520, 17520, 17520, 17520, 17520, 17520, 17520, 17520, 17520, 17520, 17520, 17520]",True,research/level_chronos2_controls_v1/accuracy_comparison.csv,historical stored result on exposed development targets; no new fit or reselection
jena,DIRECT_NLINEAR,v7_jena_direct_nlinear_lr0.001_92602,92602,individual,combined,0.27481656960616874,0.28532442267106195,735840,730,"[35040, 35040, 35040, 35040, 35040, 35040, 35040, 35040, 35040, 35040, 35040, 35040, 35040, 35040, 35040, 35040, 35040, 35040, 35040, 35040, 35040]",True,research/level_chronos2_controls_v1/accuracy_comparison.csv,historical stored result on exposed development targets; no new fit or reselection
jena,C2_MV,jena_C2_MV,,individual,test_a,0.3030964563057429,0.2526174737059504,367920,365,"[17520, 17520, 17520, 17520, 17520, 17520, 17520, 17520, 17520, 17520, 17520, 17520, 17520, 17520, 17520, 17520, 17520, 17520, 17520, 17520, 17520]",True,research/level_chronos2_controls_v1/accuracy_comparison.csv,historical stored result on exposed development targets; no new fit or reselection
jena,C2_MV,jena_C2_MV,,individual,test_b,0.20487719759275208,0.19629599013318644,367920,365,"[17520, 17520, 17520, 17520, 17520, 17520, 17520, 17520, 17520, 17520, 17520, 17520, 17520, 17520, 17520, 17520, 17520, 17520, 17520, 17520, 17520]",True,research/level_chronos2_controls_v1/accuracy_comparison.csv,historical stored result on exposed development targets; no new fit or reselection
jena,C2_MV,jena_C2_MV,,individual,combined,0.25398682694924746,0.22445673191956841,735840,730,"[35040, 35040, 35040, 35040, 35040, 35040, 35040, 35040, 35040, 35040, 35040, 35040, 35040, 35040, 35040, 35040, 35040, 35040, 35040, 35040, 35040]",True,research/level_chronos2_controls_v1/accuracy_comparison.csv,historical stored result on exposed development targets; no new fit or reselection
jena,C2_SMALL_MV,jena_C2_SMALL_MV,,individual,test_a,0.32324806084823293,0.2630875059217552,367920,365,"[17520, 17520, 17520, 17520, 17520, 17520, 17520, 17520, 17520, 17520, 17520, 17520, 17520, 17520, 17520, 17520, 17520, 17520, 17520, 17520, 17520]",True,research/level_chronos2_controls_v1/accuracy_comparison.csv,historical stored result on exposed development targets; no new fit or reselection
jena,C2_SMALL_MV,jena_C2_SMALL_MV,,individual,test_b,0.20306214539360679,0.19734617945803518,367920,365,"[17520, 17520, 17520, 17520, 17520, 17520, 17520, 17520, 17520, 17520, 17520, 17520, 17520, 17520, 17520, 17520, 17520, 17520, 17520, 17520, 17520]",True,research/level_chronos2_controls_v1/accuracy_comparison.csv,historical stored result on exposed development targets; no new fit or reselection
jena,C2_SMALL_MV,jena_C2_SMALL_MV,,individual,combined,0.2631551031209199,0.23021684268989517,735840,730,"[35040, 35040, 35040, 35040, 35040, 35040, 35040, 35040, 35040, 35040, 35040, 35040, 35040, 35040, 35040, 35040, 35040, 35040, 35040, 35040, 35040]",True,research/level_chronos2_controls_v1/accuracy_comparison.csv,historical stored result on exposed development targets; no new fit or reselection
jena,C2_UNI,jena_C2_UNI,,individual,test_a,0.3245814816211777,0.2693248934771868,367920,365,"[17520, 17520, 17520, 17520, 17520, 17520, 17520, 17520, 17520, 17520, 17520, 17520, 17520, 17520, 17520, 17520, 17520, 17520, 17520, 17520, 17520]",True,research/level_chronos2_controls_v1/accuracy_comparison.csv,historical stored result on exposed development targets; no new fit or reselection
jena,C2_UNI,jena_C2_UNI,,individual,test_b,0.21217811999899014,0.20472123400948694,367920,365,"[17520, 17520, 17520, 17520, 17520, 17520, 17520, 17520, 17520, 17520, 17520, 17520, 17520, 17520, 17520, 17520, 17520, 17520, 17520, 17520, 17520]",True,research/level_chronos2_controls_v1/accuracy_comparison.csv,historical stored result on exposed development targets; no new fit or reselection
jena,C2_UNI,jena_C2_UNI,,individual,combined,0.2683798008100839,0.2370230637433369,735840,730,"[35040, 35040, 35040, 35040, 35040, 35040, 35040, 35040, 35040, 35040, 35040, 35040, 35040, 35040, 35040, 35040, 35040, 35040, 35040, 35040, 35040]",True,research/level_chronos2_controls_v1/accuracy_comparison.csv,historical stored result on exposed development targets; no new fit or reselection
jena,C2_SMALL_UNI,jena_C2_SMALL_UNI,,individual,test_a,0.33044584814575295,0.2722999322069314,367920,365,"[17520, 17520, 17520, 17520, 17520, 17520, 17520, 17520, 17520, 17520, 17520, 17520, 17520, 17520, 17520, 17520, 17520, 17520, 17520, 17520, 17520]",True,research/level_chronos2_controls_v1/accuracy_comparison.csv,historical stored result on exposed development targets; no new fit or reselection
jena,C2_SMALL_UNI,jena_C2_SMALL_UNI,,individual,test_b,0.21286442912464093,0.2054653164515871,367920,365,"[17520, 17520, 17520, 17520, 17520, 17520, 17520, 17520, 17520, 17520, 17520, 17520, 17520, 17520, 17520, 17520, 17520, 17520, 17520, 17520, 17520]",True,research/level_chronos2_controls_v1/accuracy_comparison.csv,historical stored result on exposed development targets; no new fit or reselection
jena,C2_SMALL_UNI,jena_C2_SMALL_UNI,,individual,combined,0.27165513863519697,0.23888262432925925,735840,730,"[35040, 35040, 35040, 35040, 35040, 35040, 35040, 35040, 35040, 35040, 35040, 35040, 35040, 35040, 35040, 35040, 35040, 35040, 35040, 35040, 35040]",True,research/level_chronos2_controls_v1/accuracy_comparison.csv,historical stored result on exposed development targets; no new fit or reselection
jena,B,v7_jena_compress,single_model,mean_seed,test_a,0.48686310682583694,0.4408258266269809,367920,365,"[17520, 17520, 17520, 17520, 17520, 17520, 17520, 17520, 17520, 17520, 17520, 17520, 17520, 17520, 17520, 17520, 17520, 17520, 17520, 17520, 17520]",True,research/level_chronos2_controls_v1/accuracy_comparison.csv,historical stored result on exposed development targets; no new fit or reselection
jena,B,v7_jena_compress,single_model,mean_seed,test_b,0.2755099299006247,0.3213575314121024,367920,365,"[17520, 17520, 17520, 17520, 17520, 17520, 17520, 17520, 17520, 17520, 17520, 17520, 17520, 17520, 17520, 17520, 17520, 17520, 17520, 17520, 17520]",True,research/level_chronos2_controls_v1/accuracy_comparison.csv,historical stored result on exposed development targets; no new fit or reselection
jena,B,v7_jena_compress,single_model,mean_seed,combined,0.3811865183632306,0.3810916790195416,735840,730,"[35040, 35040, 35040, 35040, 35040, 35040, 35040, 35040, 35040, 35040, 35040, 35040, 35040, 35040, 35040, 35040, 35040, 35040, 35040, 35040, 35040]",True,research/level_chronos2_controls_v1/accuracy_comparison.csv,historical stored result on exposed development targets; no new fit or reselection
jena,LEVEL,v7_jena_level_res_92601;v7_jena_level_res_92602,mean_selected_seeds,mean_seed,test_a,0.4224748625690661,0.38104055698820327,367920,365,"[17520, 17520, 17520, 17520, 17520, 17520, 17520, 17520, 17520, 17520, 17520, 17520, 17520, 17520, 17520, 17520, 17520, 17520, 17520, 17520, 17520]",True,research/level_chronos2_controls_v1/accuracy_comparison.csv,historical stored result on exposed development targets; no new fit or reselection
jena,LEVEL,v7_jena_level_res_92601;v7_jena_level_res_92602,mean_selected_seeds,mean_seed,test_b,0.2262434526156686,0.25985927851479,367920,365,"[17520, 17520, 17520, 17520, 17520, 17520, 17520, 17520, 17520, 17520, 17520, 17520, 17520, 17520, 17520, 17520, 17520, 17520, 17520, 17520, 17520]",True,research/level_chronos2_controls_v1/accuracy_comparison.csv,historical stored result on exposed development targets; no new fit or reselection
jena,LEVEL,v7_jena_level_res_92601;v7_jena_level_res_92602,mean_selected_seeds,mean_seed,combined,0.3243591575923673,0.32044991775149667,735840,730,"[35040, 35040, 35040, 35040, 35040, 35040, 35040, 35040, 35040, 35040, 35040, 35040, 35040, 35040, 35040, 35040, 35040, 35040, 35040, 35040, 35040]",True,research/level_chronos2_controls_v1/accuracy_comparison.csv,historical stored result on exposed development targets; no new fit or reselection
jena,F0,v7_jena_f0,single_model,mean_seed,test_a,0.3707561544364758,0.3131295741185513,367920,365,"[17520, 17520, 17520, 17520, 17520, 17520, 17520, 17520, 17520, 17520, 17520, 17520, 17520, 17520, 17520, 17520, 17520, 17520, 17520, 17520, 17520]",True,research/level_chronos2_controls_v1/accuracy_comparison.csv,historical stored result on exposed development targets; no new fit or reselection
jena,F0,v7_jena_f0,single_model,mean_seed,test_b,0.2138438967827428,0.21638567720780014,367920,365,"[17520, 17520, 17520, 17520, 17520, 17520, 17520, 17520, 17520, 17520, 17520, 17520, 17520, 17520, 17520, 17520, 17520, 17520, 17520, 17520, 17520]",True,research/level_chronos2_controls_v1/accuracy_comparison.csv,historical stored result on exposed development targets; no new fit or reselection
jena,F0,v7_jena_f0,single_model,mean_seed,combined,0.2923000256096091,0.26475762566317573,735840,730,"[35040, 35040, 35040, 35040, 35040, 35040, 35040, 35040, 35040, 35040, 35040, 35040, 35040, 35040, 35040, 35040, 35040, 35040, 35040, 35040, 35040]",True,research/level_chronos2_controls_v1/accuracy_comparison.csv,historical stored result on exposed development targets; no new fit or reselection
jena,MSE_LORA,v11_jena_full_lora_mse_lr0.0001_92601;v11_jena_full_lora_mse_lr0.0001_92602,mean_selected_seeds,mean_seed,test_a,0.2787377720518102,0.26755153892106165,367920,365,"[17520, 17520, 17520, 17520, 17520, 17520, 17520, 17520, 17520, 17520, 17520, 17520, 17520, 17520, 17520, 17520, 17520, 17520, 17520, 17520, 17520]",True,research/level_chronos2_controls_v1/accuracy_comparison.csv,historical stored result on exposed development targets; no new fit or reselection
jena,MSE_LORA,v11_jena_full_lora_mse_lr0.0001_92601;v11_jena_full_lora_mse_lr0.0001_92602,mean_selected_seeds,mean_seed,test_b,0.1870454670442903,0.21033529148323998,367920,365,"[17520, 17520, 17520, 17520, 17520, 17520, 17520, 17520, 17520, 17520, 17520, 17520, 17520, 17520, 17520, 17520, 17520, 17520, 17520, 17520, 17520]",True,research/level_chronos2_controls_v1/accuracy_comparison.csv,historical stored result on exposed development targets; no new fit or reselection
jena,MSE_LORA,v11_jena_full_lora_mse_lr0.0001_92601;v11_jena_full_lora_mse_lr0.0001_92602,mean_selected_seeds,mean_seed,combined,0.23289161954805002,0.23894341520215084,735840,730,"[35040, 35040, 35040, 35040, 35040, 35040, 35040, 35040, 35040, 35040, 35040, 35040, 35040, 35040, 35040, 35040, 35040, 35040, 35040, 35040, 35040]",True,research/level_chronos2_controls_v1/accuracy_comparison.csv,historical stored result on exposed development targets; no new fit or reselection
jena,DIRECT_NLINEAR,v7_jena_direct_nlinear_lr0.001_92601;v7_jena_direct_nlinear_lr0.001_92602,mean_selected_seeds,mean_seed,test_a,0.33206977160953727,0.3229672862749447,367920,365,"[17520, 17520, 17520, 17520, 17520, 17520, 17520, 17520, 17520, 17520, 17520, 17520, 17520, 17520, 17520, 17520, 17520, 17520, 17520, 17520, 17520]",True,research/level_chronos2_controls_v1/accuracy_comparison.csv,historical stored result on exposed development targets; no new fit or reselection
jena,DIRECT_NLINEAR,v7_jena_direct_nlinear_lr0.001_92601;v7_jena_direct_nlinear_lr0.001_92602,mean_selected_seeds,mean_seed,test_b,0.21589856495451548,0.25046071910777723,367920,365,"[17520, 17520, 17520, 17520, 17520, 17520, 17520, 17520, 17520, 17520, 17520, 17520, 17520, 17520, 17520, 17520, 17520, 17520, 17520, 17520, 17520]",True,research/level_chronos2_controls_v1/accuracy_comparison.csv,historical stored result on exposed development targets; no new fit or reselection
jena,DIRECT_NLINEAR,v7_jena_direct_nlinear_lr0.001_92601;v7_jena_direct_nlinear_lr0.001_92602,mean_selected_seeds,mean_seed,combined,0.2739841682820264,0.286714002691361,735840,730,"[35040, 35040, 35040, 35040, 35040, 35040, 35040, 35040, 35040, 35040, 35040, 35040, 35040, 35040, 35040, 35040, 35040, 35040, 35040, 35040, 35040]",True,research/level_chronos2_controls_v1/accuracy_comparison.csv,historical stored result on exposed development targets; no new fit or reselection
jena,C2_MV,jena_C2_MV,single_model,mean_seed,test_a,0.3030964563057429,0.2526174737059504,367920,365,"[17520, 17520, 17520, 17520, 17520, 17520, 17520, 17520, 17520, 17520, 17520, 17520, 17520, 17520, 17520, 17520, 17520, 17520, 17520, 17520, 17520]",True,research/level_chronos2_controls_v1/accuracy_comparison.csv,historical stored result on exposed development targets; no new fit or reselection
jena,C2_MV,jena_C2_MV,single_model,mean_seed,test_b,0.20487719759275208,0.19629599013318644,367920,365,"[17520, 17520, 17520, 17520, 17520, 17520, 17520, 17520, 17520, 17520, 17520, 17520, 17520, 17520, 17520, 17520, 17520, 17520, 17520, 17520, 17520]",True,research/level_chronos2_controls_v1/accuracy_comparison.csv,historical stored result on exposed development targets; no new fit or reselection
jena,C2_MV,jena_C2_MV,single_model,mean_seed,combined,0.25398682694924746,0.22445673191956841,735840,730,"[35040, 35040, 35040, 35040, 35040, 35040, 35040, 35040, 35040, 35040, 35040, 35040, 35040, 35040, 35040, 35040, 35040, 35040, 35040, 35040, 35040]",True,research/level_chronos2_controls_v1/accuracy_comparison.csv,historical stored result on exposed development targets; no new fit or reselection
jena,C2_SMALL_MV,jena_C2_SMALL_MV,single_model,mean_seed,test_a,0.32324806084823293,0.2630875059217552,367920,365,"[17520, 17520, 17520, 17520, 17520, 17520, 17520, 17520, 17520, 17520, 17520, 17520, 17520, 17520, 17520, 17520, 17520, 17520, 17520, 17520, 17520]",True,research/level_chronos2_controls_v1/accuracy_comparison.csv,historical stored result on exposed development targets; no new fit or reselection
jena,C2_SMALL_MV,jena_C2_SMALL_MV,single_model,mean_seed,test_b,0.20306214539360679,0.19734617945803518,367920,365,"[17520, 17520, 17520, 17520, 17520, 17520, 17520, 17520, 17520, 17520, 17520, 17520, 17520, 17520, 17520, 17520, 17520, 17520, 17520, 17520, 17520]",True,research/level_chronos2_controls_v1/accuracy_comparison.csv,historical stored result on exposed development targets; no new fit or reselection
jena,C2_SMALL_MV,jena_C2_SMALL_MV,single_model,mean_seed,combined,0.2631551031209199,0.23021684268989517,735840,730,"[35040, 35040, 35040, 35040, 35040, 35040, 35040, 35040, 35040, 35040, 35040, 35040, 35040, 35040, 35040, 35040, 35040, 35040, 35040, 35040, 35040]",True,research/level_chronos2_controls_v1/accuracy_comparison.csv,historical stored result on exposed development targets; no new fit or reselection
jena,C2_UNI,jena_C2_UNI,single_model,mean_seed,test_a,0.3245814816211777,0.2693248934771868,367920,365,"[17520, 17520, 17520, 17520, 17520, 17520, 17520, 17520, 17520, 17520, 17520, 17520, 17520, 17520, 17520, 17520, 17520, 17520, 17520, 17520, 17520]",True,research/level_chronos2_controls_v1/accuracy_comparison.csv,historical stored result on exposed development targets; no new fit or reselection
jena,C2_UNI,jena_C2_UNI,single_model,mean_seed,test_b,0.21217811999899014,0.20472123400948694,367920,365,"[17520, 17520, 17520, 17520, 17520, 17520, 17520, 17520, 17520, 17520, 17520, 17520, 17520, 17520, 17520, 17520, 17520, 17520, 17520, 17520, 17520]",True,research/level_chronos2_controls_v1/accuracy_comparison.csv,historical stored result on exposed development targets; no new fit or reselection
jena,C2_UNI,jena_C2_UNI,single_model,mean_seed,combined,0.2683798008100839,0.2370230637433369,735840,730,"[35040, 35040, 35040, 35040, 35040, 35040, 35040, 35040, 35040, 35040, 35040, 35040, 35040, 35040, 35040, 35040, 35040, 35040, 35040, 35040, 35040]",True,research/level_chronos2_controls_v1/accuracy_comparison.csv,historical stored result on exposed development targets; no new fit or reselection
jena,C2_SMALL_UNI,jena_C2_SMALL_UNI,single_model,mean_seed,test_a,0.33044584814575295,0.2722999322069314,367920,365,"[17520, 17520, 17520, 17520, 17520, 17520, 17520, 17520, 17520, 17520, 17520, 17520, 17520, 17520, 17520, 17520, 17520, 17520, 17520, 17520, 17520]",True,research/level_chronos2_controls_v1/accuracy_comparison.csv,historical stored result on exposed development targets; no new fit or reselection
jena,C2_SMALL_UNI,jena_C2_SMALL_UNI,single_model,mean_seed,test_b,0.21286442912464093,0.2054653164515871,367920,365,"[17520, 17520, 17520, 17520, 17520, 17520, 17520, 17520, 17520, 17520, 17520, 17520, 17520, 17520, 17520, 17520, 17520, 17520, 17520, 17520, 17520]",True,research/level_chronos2_controls_v1/accuracy_comparison.csv,historical stored result on exposed development targets; no new fit or reselection
jena,C2_SMALL_UNI,jena_C2_SMALL_UNI,single_model,mean_seed,combined,0.27165513863519697,0.23888262432925925,735840,730,"[35040, 35040, 35040, 35040, 35040, 35040, 35040, 35040, 35040, 35040, 35040, 35040, 35040, 35040, 35040, 35040, 35040, 35040, 35040, 35040, 35040]",True,research/level_chronos2_controls_v1/accuracy_comparison.csv,historical stored result on exposed development targets; no new fit or reselection
jena,BOLT_MINI_F0,jena_BOLT_MINI_F0,,individual,test_a,0.3866891152961546,0.322624657024782,367920,365,"[17520, 17520, 17520, 17520, 17520, 17520, 17520, 17520, 17520, 17520, 17520, 17520, 17520, 17520, 17520, 17520, 17520, 17520, 17520, 17520, 17520]",True,research/level_bolt_backbone_scaling_v1_20261006/accuracy_comparison.csv,historical stored result on exposed development targets; no new fit or reselection
jena,BOLT_MINI_F0,jena_BOLT_MINI_F0,,individual,test_b,0.21743789039908754,0.22022362405202822,367920,365,"[17520, 17520, 17520, 17520, 17520, 17520, 17520, 17520, 17520, 17520, 17520, 17520, 17520, 17520, 17520, 17520, 17520, 17520, 17520, 17520, 17520]",True,research/level_bolt_backbone_scaling_v1_20261006/accuracy_comparison.csv,historical stored result on exposed development targets; no new fit or reselection
jena,BOLT_MINI_F0,jena_BOLT_MINI_F0,,individual,combined,0.302063502847621,0.2714241405384051,735840,730,"[35040, 35040, 35040, 35040, 35040, 35040, 35040, 35040, 35040, 35040, 35040, 35040, 35040, 35040, 35040, 35040, 35040, 35040, 35040, 35040, 35040]",True,research/level_bolt_backbone_scaling_v1_20261006/accuracy_comparison.csv,historical stored result on exposed development targets; no new fit or reselection
jena,BOLT_TINY_F0,jena_BOLT_TINY_F0,,individual,test_a,0.42284831893489594,0.3393313357897413,367920,365,"[17520, 17520, 17520, 17520, 17520, 17520, 17520, 17520, 17520, 17520, 17520, 17520, 17520, 17520, 17520, 17520, 17520, 17520, 17520, 17520, 17520]",True,research/level_bolt_backbone_scaling_v1_20261006/accuracy_comparison.csv,historical stored result on exposed development targets; no new fit or reselection
jena,BOLT_TINY_F0,jena_BOLT_TINY_F0,,individual,test_b,0.2199699266943809,0.2226813165296392,367920,365,"[17520, 17520, 17520, 17520, 17520, 17520, 17520, 17520, 17520, 17520, 17520, 17520, 17520, 17520, 17520, 17520, 17520, 17520, 17520, 17520, 17520]",True,research/level_bolt_backbone_scaling_v1_20261006/accuracy_comparison.csv,historical stored result on exposed development targets; no new fit or reselection
jena,BOLT_TINY_F0,jena_BOLT_TINY_F0,,individual,combined,0.3214091228146381,0.2810063261596903,735840,730,"[35040, 35040, 35040, 35040, 35040, 35040, 35040, 35040, 35040, 35040, 35040, 35040, 35040, 35040, 35040, 35040, 35040, 35040, 35040, 35040, 35040]",True,research/level_bolt_backbone_scaling_v1_20261006/accuracy_comparison.csv,historical stored result on exposed development targets; no new fit or reselection
jena,BOLT_MINI_F0,jena_BOLT_MINI_F0,single_model,mean_seed,test_a,0.3866891152961546,0.322624657024782,367920,365,"[17520, 17520, 17520, 17520, 17520, 17520, 17520, 17520, 17520, 17520, 17520, 17520, 17520, 17520, 17520, 17520, 17520, 17520, 17520, 17520, 17520]",True,research/level_bolt_backbone_scaling_v1_20261006/accuracy_comparison.csv,historical stored result on exposed development targets; no new fit or reselection
jena,BOLT_MINI_F0,jena_BOLT_MINI_F0,single_model,mean_seed,test_b,0.21743789039908754,0.22022362405202822,367920,365,"[17520, 17520, 17520, 17520, 17520, 17520, 17520, 17520, 17520, 17520, 17520, 17520, 17520, 17520, 17520, 17520, 17520, 17520, 17520, 17520, 17520]",True,research/level_bolt_backbone_scaling_v1_20261006/accuracy_comparison.csv,historical stored result on exposed development targets; no new fit or reselection
jena,BOLT_MINI_F0,jena_BOLT_MINI_F0,single_model,mean_seed,combined,0.302063502847621,0.2714241405384051,735840,730,"[35040, 35040, 35040, 35040, 35040, 35040, 35040, 35040, 35040, 35040, 35040, 35040, 35040, 35040, 35040, 35040, 35040, 35040, 35040, 35040, 35040]",True,research/level_bolt_backbone_scaling_v1_20261006/accuracy_comparison.csv,historical stored result on exposed development targets; no new fit or reselection
jena,BOLT_TINY_F0,jena_BOLT_TINY_F0,single_model,mean_seed,test_a,0.42284831893489594,0.3393313357897413,367920,365,"[17520, 17520, 17520, 17520, 17520, 17520, 17520, 17520, 17520, 17520, 17520, 17520, 17520, 17520, 17520, 17520, 17520, 17520, 17520, 17520, 17520]",True,research/level_bolt_backbone_scaling_v1_20261006/accuracy_comparison.csv,historical stored result on exposed development targets; no new fit or reselection
jena,BOLT_TINY_F0,jena_BOLT_TINY_F0,single_model,mean_seed,test_b,0.2199699266943809,0.2226813165296392,367920,365,"[17520, 17520, 17520, 17520, 17520, 17520, 17520, 17520, 17520, 17520, 17520, 17520, 17520, 17520, 17520, 17520, 17520, 17520, 17520, 17520, 17520]",True,research/level_bolt_backbone_scaling_v1_20261006/accuracy_comparison.csv,historical stored result on exposed development targets; no new fit or reselection
jena,BOLT_TINY_F0,jena_BOLT_TINY_F0,single_model,mean_seed,combined,0.3214091228146381,0.2810063261596903,735840,730,"[35040, 35040, 35040, 35040, 35040, 35040, 35040, 35040, 35040, 35040, 35040, 35040, 35040, 35040, 35040, 35040, 35040, 35040, 35040, 35040, 35040]",True,research/level_bolt_backbone_scaling_v1_20261006/accuracy_comparison.csv,historical stored result on exposed development targets; no new fit or reselection
jena,NATIVE_LORA_QUANTILE,v7_jena_lora_92601,92601,individual,test_a,0.2849919585012538,0.25318471385859836,367920,365,"[17520, 17520, 17520, 17520, 17520, 17520, 17520, 17520, 17520, 17520, 17520, 17520, 17520, 17520, 17520, 17520, 17520, 17520, 17520, 17520, 17520]",True,E:\CODING\proj\hierarchical-tsfm-peft\research\tsfm_peft_internal_vs_subspace_v11_20260930\evaluation01.json,historical native quantile loss; distinct from point MSE adaptation
jena,NATIVE_LORA_QUANTILE,v7_jena_lora_92602,92602,individual,test_a,0.28589856333450614,0.25477704154024733,367920,365,"[17520, 17520, 17520, 17520, 17520, 17520, 17520, 17520, 17520, 17520, 17520, 17520, 17520, 17520, 17520, 17520, 17520, 17520, 17520, 17520, 17520]",True,E:\CODING\proj\hierarchical-tsfm-peft\research\tsfm_peft_internal_vs_subspace_v11_20260930\evaluation01.json,historical native quantile loss; distinct from point MSE adaptation
jena,NATIVE_LORA_QUANTILE,v7_jena_lora_92601;v7_jena_lora_92602,,mean_seed,test_a,0.28544526091788,0.25398087769942285,367920,365,"[17520, 17520, 17520, 17520, 17520, 17520, 17520, 17520, 17520, 17520, 17520, 17520, 17520, 17520, 17520, 17520, 17520, 17520, 17520, 17520, 17520]",True,E:\CODING\proj\hierarchical-tsfm-peft\research\tsfm_peft_internal_vs_subspace_v11_20260930\evaluation01.json,historical native quantile loss; distinct from point MSE adaptation
jena,NATIVE_LORA_QUANTILE,v7_jena_lora_92601,92601,individual,test_b,0.1953755904459964,0.19886966456962973,367920,365,"[17520, 17520, 17520, 17520, 17520, 17520, 17520, 17520, 17520, 17520, 17520, 17520, 17520, 17520, 17520, 17520, 17520, 17520, 17520, 17520, 17520]",True,E:\CODING\proj\hierarchical-tsfm-peft\research\tsfm_peft_internal_vs_subspace_v11_20260930\evaluation01.json,historical native quantile loss; distinct from point MSE adaptation
jena,NATIVE_LORA_QUANTILE,v7_jena_lora_92602,92602,individual,test_b,0.19609346846376732,0.19950551071485167,367920,365,"[17520, 17520, 17520, 17520, 17520, 17520, 17520, 17520, 17520, 17520, 17520, 17520, 17520, 17520, 17520, 17520, 17520, 17520, 17520, 17520, 17520]",True,E:\CODING\proj\hierarchical-tsfm-peft\research\tsfm_peft_internal_vs_subspace_v11_20260930\evaluation01.json,historical native quantile loss; distinct from point MSE adaptation
jena,NATIVE_LORA_QUANTILE,v7_jena_lora_92601;v7_jena_lora_92602,,mean_seed,test_b,0.19573452945488184,0.1991875876422407,367920,365,"[17520, 17520, 17520, 17520, 17520, 17520, 17520, 17520, 17520, 17520, 17520, 17520, 17520, 17520, 17520, 17520, 17520, 17520, 17520, 17520, 17520]",True,E:\CODING\proj\hierarchical-tsfm-peft\research\tsfm_peft_internal_vs_subspace_v11_20260930\evaluation01.json,historical native quantile loss; distinct from point MSE adaptation
jena,NATIVE_LORA_QUANTILE,v7_jena_lora_92601,92601,individual,combined,0.24018377447362516,0.22602718921411413,735840,730,"[35040, 35040, 35040, 35040, 35040, 35040, 35040, 35040, 35040, 35040, 35040, 35040, 35040, 35040, 35040, 35040, 35040, 35040, 35040, 35040, 35040]",True,E:\CODING\proj\hierarchical-tsfm-peft\research\tsfm_peft_internal_vs_subspace_v11_20260930\evaluation01.json,historical native quantile loss; distinct from point MSE adaptation
jena,NATIVE_LORA_QUANTILE,v7_jena_lora_92602,92602,individual,combined,0.24099601589913677,0.22714127612754959,735840,730,"[35040, 35040, 35040, 35040, 35040, 35040, 35040, 35040, 35040, 35040, 35040, 35040, 35040, 35040, 35040, 35040, 35040, 35040, 35040, 35040, 35040]",True,E:\CODING\proj\hierarchical-tsfm-peft\research\tsfm_peft_internal_vs_subspace_v11_20260930\evaluation01.json,historical native quantile loss; distinct from point MSE adaptation
jena,NATIVE_LORA_QUANTILE,v7_jena_lora_92601;v7_jena_lora_92602,,mean_seed,combined,0.24058989518638096,0.22658423267083186,735840,730,"[35040, 35040, 35040, 35040, 35040, 35040, 35040, 35040, 35040, 35040, 35040, 35040, 35040, 35040, 35040, 35040, 35040, 35040, 35040, 35040, 35040]",True,E:\CODING\proj\hierarchical-tsfm-peft\research\tsfm_peft_internal_vs_subspace_v11_20260930\evaluation01.json,historical native quantile loss; distinct from point MSE adaptation
jena,OUTPUT_AFFINE,s1_jena_output_affine_lr1em3_seed92601;s1_jena_output_affine_lr1em3_seed92602,,mean_seed,test_a,0.3236124494978652,0.32528151088656865,367920,365,"[17520, 17520, 17520, 17520, 17520, 17520, 17520, 17520, 17520, 17520, 17520, 17520, 17520, 17520, 17520, 17520, 17520, 17520, 17520, 17520, 17520]",False,prediction_manifest.json,new S1 selected readout
jena,OUTPUT_AFFINE,s1_jena_output_affine_lr1em3_seed92601;s1_jena_output_affine_lr1em3_seed92602,,mean_seed,test_b,0.20654679159699585,0.254629735212051,367920,365,"[17520, 17520, 17520, 17520, 17520, 17520, 17520, 17520, 17520, 17520, 17520, 17520, 17520, 17520, 17520, 17520, 17520, 17520, 17520, 17520, 17520]",False,prediction_manifest.json,new S1 selected readout
jena,OUTPUT_AFFINE,s1_jena_output_affine_lr1em3_seed92601;s1_jena_output_affine_lr1em3_seed92602,,mean_seed,combined,0.2650796205474305,0.28995562304930983,735840,730,"[35040, 35040, 35040, 35040, 35040, 35040, 35040, 35040, 35040, 35040, 35040, 35040, 35040, 35040, 35040, 35040, 35040, 35040, 35040, 35040, 35040]",False,prediction_manifest.json,new S1 selected readout
jena,NATIVE_HEAD,s1_jena_native_head_lr1em3_seed92601;s1_jena_native_head_lr1em3_seed92602,,mean_seed,test_a,0.29262339752704625,0.2893297491626212,367920,365,"[17520, 17520, 17520, 17520, 17520, 17520, 17520, 17520, 17520, 17520, 17520, 17520, 17520, 17520, 17520, 17520, 17520, 17520, 17520, 17520, 17520]",False,prediction_manifest.json,new S1 selected readout
jena,NATIVE_HEAD,s1_jena_native_head_lr1em3_seed92601;s1_jena_native_head_lr1em3_seed92602,,mean_seed,test_b,0.19381272099340663,0.2244051482011214,367920,365,"[17520, 17520, 17520, 17520, 17520, 17520, 17520, 17520, 17520, 17520, 17520, 17520, 17520, 17520, 17520, 17520, 17520, 17520, 17520, 17520, 17520]",False,prediction_manifest.json,new S1 selected readout
jena,NATIVE_HEAD,s1_jena_native_head_lr1em3_seed92601;s1_jena_native_head_lr1em3_seed92602,,mean_seed,combined,0.24321805926022633,0.2568674486818713,735840,730,"[35040, 35040, 35040, 35040, 35040, 35040, 35040, 35040, 35040, 35040, 35040, 35040, 35040, 35040, 35040, 35040, 35040, 35040, 35040, 35040, 35040]",False,prediction_manifest.json,new S1 selected readout
