family,model_id,seed,period,channel,mse,mae,target_count,squared_error_sum,absolute_error_sum
level_res,v6_robin_level_res_92601,92601,test_a,Robin_office_Addie,0.4460881432013618,0.49440961464230593,1920,856.4892349466147,949.2664601132274
level_res,v6_robin_level_res_92601,92601,test_a,Robin_office_Adolph,0.37123210513947863,0.45551652397067904,1920,712.765641867799,874.5917260237038
level_res,v6_robin_level_res_92601,92601,test_a,Robin_office_Antonina,0.1317532973189143,0.27040018745174166,1920,252.96633085231545,519.168359907344
level_res,v6_robin_level_res_92601,92601,test_a,Robin_office_Dina,0.541097462164069,0.45479487721750045,1920,1038.9071273550123,873.2061642576009
level_res,v6_robin_level_res_92601,92601,test_a,Robin_office_Donald,1.0383420783164212,0.5695056908301884,1920,1993.6167903675287,1093.4509263939617
level_res,v6_robin_level_res_92601,92601,test_a,Robin_office_Erma,0.14716901523632672,0.2535075972492147,1920,282.5645092537473,486.7345867184922
level_res,v6_robin_level_res_92601,92601,test_a,Robin_office_Gayle,0.21630047568275285,0.3484163237934505,1920,415.2969133108855,668.959341683425
level_res,v6_robin_level_res_92601,92601,test_a,Robin_office_Lindsay,0.02132342571942972,0.10047075250186026,1920,40.94097738130506,192.9038448035717
level_res,v6_robin_level_res_92601,92601,test_a,Robin_office_Maryann,0.09280701801336357,0.21018060581748918,1920,178.18947458565805,403.5467631695792
level_res,v6_robin_level_res_92601,92601,test_a,Robin_office_Sammie,0.1979672966312125,0.3516840620090079,1920,380.097209531928,675.2333990572952
level_res,v6_robin_level_res_92601,92601,test_a,Robin_office_Saul,0.1995682280510304,0.3247843809813882,1920,383.17099785797836,623.5860114842653
level_res,v6_robin_level_res_92601,92601,test_a,Robin_office_Serena,0.09813228495949655,0.2325004962645835,1920,188.41398712223338,446.4009528280003
level_res,v6_robin_level_res_92601,92601,test_a,Robin_office_Shirlene,0.20612434433492702,0.3239895182545297,1920,395.75874112305985,622.059875048697
level_res,v6_robin_level_res_92601,92601,test_a,Robin_office_Soledad,0.29175957039634376,0.37625711859339694,1920,560.1783751609801,722.4136676993221
level_res,v6_robin_level_res_92601,92601,test_a,Robin_office_Victor,0.19192996394363954,0.2850051722839453,1920,368.5055307717879,547.209930785175
level_res,v6_robin_level_res_92601,92601,test_a,Robin_office_Wai,0.060699274936829174,0.17131757091071145,1920,116.54260787871202,328.929736148566
level_res,v6_robin_level_res_92601,92601,test_a,Robin_office_Zelma,0.4014010960460364,0.4221202892464741,1920,770.6901044083899,810.4709553532302
level_res,v6_robin_level_res_92601,92601,test_b,Robin_office_Addie,0.5183094871199605,0.5493196743340074,1920,995.1542152703241,1054.6937747212942
level_res,v6_robin_level_res_92601,92601,test_b,Robin_office_Adolph,0.27765313376362655,0.36785361488030804,1920,533.0940168261629,706.2789405701915
level_res,v6_robin_level_res_92601,92601,test_b,Robin_office_Antonina,0.17522755783993196,0.29186434519021226,1920,336.43691105266936,560.3795427652076
level_res,v6_robin_level_res_92601,92601,test_b,Robin_office_Dina,0.15745680221823516,0.2580661064411591,1920,302.3170602590115,495.4869243670255
level_res,v6_robin_level_res_92601,92601,test_b,Robin_office_Donald,1.2132491725071122,0.5913286663245116,1920,2329.4384112136554,1135.3510393430624
level_res,v6_robin_level_res_92601,92601,test_b,Robin_office_Erma,0.06961354245225738,0.18687646325609725,1920,133.65800150833417,358.8028094517067
level_res,v6_robin_level_res_92601,92601,test_b,Robin_office_Gayle,0.21505174537871113,0.3104864703316707,1920,412.8993511271254,596.1340230368078
level_res,v6_robin_level_res_92601,92601,test_b,Robin_office_Lindsay,0.016426694992570528,0.09377730777487159,1920,31.539254385735415,180.05243092775345
level_res,v6_robin_level_res_92601,92601,test_b,Robin_office_Maryann,0.1354066507706668,0.2546975984538828,1920,259.98076947968025,489.0193890314549
level_res,v6_robin_level_res_92601,92601,test_b,Robin_office_Sammie,0.3074024422220428,0.4135228160118762,1920,590.2126890663222,793.9638067428023
level_res,v6_robin_level_res_92601,92601,test_b,Robin_office_Saul,0.5263030901373503,0.45642246113857254,1920,1010.5019330637126,876.3311253860593
level_res,v6_robin_level_res_92601,92601,test_b,Robin_office_Serena,0.11141564472336879,0.24511406968716376,1920,213.91803786886808,470.61901379935443
level_res,v6_robin_level_res_92601,92601,test_b,Robin_office_Shirlene,0.20519820284480467,0.30044102760536284,1920,393.98054946202495,576.8467730022967
level_res,v6_robin_level_res_92601,92601,test_b,Robin_office_Soledad,0.21591718330653017,0.28995839349160263,1918,414.12915758192486,556.1401987168938
level_res,v6_robin_level_res_92601,92601,test_b,Robin_office_Victor,0.18576602361213126,0.2666743406252863,1920,356.670765335292,512.0147340005497
level_res,v6_robin_level_res_92601,92601,test_b,Robin_office_Wai,0.10807878868769114,0.20591899411568496,1920,207.511274280367,395.3644687021151
level_res,v6_robin_level_res_92601,92601,test_b,Robin_office_Zelma,0.25808818930908684,0.3036624897028863,1920,495.52932347344677,583.0319802295417
level_res,v6_robin_level_res_92601,92601,combined,Robin_office_Addie,0.4821988151606612,0.5218646444881566,3840,1851.643450216939,2003.9602348345215
level_res,v6_robin_level_res_92601,92601,combined,Robin_office_Adolph,0.3244426194515526,0.41168506942549354,3840,1245.859658693962,1580.8706665938953
level_res,v6_robin_level_res_92601,92601,combined,Robin_office_Antonina,0.15349042757942305,0.281132266320977,3840,589.4032419049845,1079.5479026725516
level_res,v6_robin_level_res_92601,92601,combined,Robin_office_Dina,0.349277132191152,0.3564304918293298,3840,1341.2241876140235,1368.6930886246264
level_res,v6_robin_level_res_92601,92601,combined,Robin_office_Donald,1.1257956254117665,0.5804171785773501,3840,4323.055201581184,2228.801965737024
level_res,v6_robin_level_res_92601,92601,combined,Robin_office_Erma,0.10839127884429202,0.22019203025265596,3840,416.22251076208136,845.5373961701989
level_res,v6_robin_level_res_92601,92601,combined,Robin_office_Gayle,0.215676110530732,0.3294513970625606,3840,828.1962644380109,1265.0933647202328
level_res,v6_robin_level_res_92601,92601,combined,Robin_office_Lindsay,0.01887506035600012,0.09712403013836593,3840,72.48023176704046,372.95627573132515
level_res,v6_robin_level_res_92601,92601,combined,Robin_office_Maryann,0.11410683439201517,0.23243910213568597,3840,438.1702440653383,892.5661522010341
level_res,v6_robin_level_res_92601,92601,combined,Robin_office_Sammie,0.2526848694266276,0.382603439010442,3840,970.30989859825,1469.1972058000974
level_res,v6_robin_level_res_92601,92601,combined,Robin_office_Saul,0.36293565909419034,0.39060342105998036,3840,1393.672930921691,1499.9171368703246
level_res,v6_robin_level_res_92601,92601,combined,Robin_office_Serena,0.10477396484143266,0.23880728297587364,3840,402.3320249911014,917.0199666273547
level_res,v6_robin_level_res_92601,92601,combined,Robin_office_Shirlene,0.20566127358986583,0.3122152729299463,3840,789.7392905850847,1198.9066480509937
level_res,v6_robin_level_res_92601,92601,combined,Robin_office_Soledad,0.25385813776521765,0.3331302413799416,3838,974.3075327429054,1278.553866416216
level_res,v6_robin_level_res_92601,92601,combined,Robin_office_Victor,0.18884799377788536,0.2758397564546158,3840,725.1762961070798,1059.2246647857246
level_res,v6_robin_level_res_92601,92601,combined,Robin_office_Wai,0.08438903181226018,0.1886182825131982,3840,324.0538821590791,724.2942048506811
level_res,v6_robin_level_res_92601,92601,combined,Robin_office_Zelma,0.32974464267756154,0.3628913894746802,3840,1266.2194278818363,1393.502935582772
level_res,v6_robin_level_res_92602,92602,test_a,Robin_office_Addie,0.44432253640484,0.4916851704891087,1920,853.0992698972927,944.0355273390887
level_res,v6_robin_level_res_92602,92602,test_a,Robin_office_Adolph,0.3722798257461823,0.45773204778670334,1920,714.77726543267,878.8455317504704
level_res,v6_robin_level_res_92602,92602,test_a,Robin_office_Antonina,0.13309792222311737,0.2717344277203665,1920,255.54801066838536,521.7301012231037
level_res,v6_robin_level_res_92602,92602,test_a,Robin_office_Dina,0.537790390930626,0.4580283778089021,1920,1032.5575505868019,879.414485393092
level_res,v6_robin_level_res_92602,92602,test_a,Robin_office_Donald,1.043853363207609,0.5658690948392139,1920,2004.1984573586092,1086.4686620912908
level_res,v6_robin_level_res_92602,92602,test_a,Robin_office_Erma,0.14755807755931097,0.25406244881790674,1920,283.31150891387705,487.79990173038095
level_res,v6_robin_level_res_92602,92602,test_a,Robin_office_Gayle,0.2170266568532205,0.34903928477870066,1920,416.6911811581834,670.1554267751053
level_res,v6_robin_level_res_92602,92602,test_a,Robin_office_Lindsay,0.021032347037956853,0.09991326361584167,1920,40.382106312877156,191.833466142416
level_res,v6_robin_level_res_92602,92602,test_a,Robin_office_Maryann,0.09198347806739506,0.2091493061700021,1920,176.6082778893985,401.566667846404
level_res,v6_robin_level_res_92602,92602,test_a,Robin_office_Sammie,0.19623661912837542,0.3506390950363614,1920,376.7743087264808,673.227062469814
level_res,v6_robin_level_res_92602,92602,test_a,Robin_office_Saul,0.19897420879802183,0.32348907845201513,1920,382.0304808922019,621.0990306278691
level_res,v6_robin_level_res_92602,92602,test_a,Robin_office_Serena,0.09662392170809482,0.23144520682884226,1920,185.51792967954205,444.3747971113771
level_res,v6_robin_level_res_92602,92602,test_a,Robin_office_Shirlene,0.20573012729247966,0.32283524016384035,1920,395.00184440156096,619.8436611145735
level_res,v6_robin_level_res_92602,92602,test_a,Robin_office_Soledad,0.29015240824356625,0.37631776893977076,1920,557.0926238276472,722.5301163643599
level_res,v6_robin_level_res_92602,92602,test_a,Robin_office_Victor,0.1904273827620754,0.281923809289007,1920,365.6205749031848,541.2937138348934
level_res,v6_robin_level_res_92602,92602,test_a,Robin_office_Wai,0.06058566933993833,0.17146289553978325,1920,116.32448513268159,329.20875943638384
level_res,v6_robin_level_res_92602,92602,test_a,Robin_office_Zelma,0.4036558543311326,0.42322269969833237,1920,775.0192403157746,812.5875834207982
level_res,v6_robin_level_res_92602,92602,test_b,Robin_office_Addie,0.5221974753386557,0.5523406276802234,1920,1002.6191526502189,1060.494005146029
level_res,v6_robin_level_res_92602,92602,test_b,Robin_office_Adolph,0.27188168475084873,0.36394264944253035,1920,522.0128347216296,698.7698869296582
level_res,v6_robin_level_res_92602,92602,test_b,Robin_office_Antonina,0.17532150521930648,0.2931657350428092,1920,336.6172900210684,562.8782112821937
level_res,v6_robin_level_res_92602,92602,test_b,Robin_office_Dina,0.15732364909206853,0.2578949205490062,1920,302.0614062567716,495.1582474540919
level_res,v6_robin_level_res_92602,92602,test_b,Robin_office_Donald,1.2472942403326042,0.614234746406881,1920,2394.8049414386,1179.3307131012116
level_res,v6_robin_level_res_92602,92602,test_b,Robin_office_Erma,0.06941691108900336,0.18786591995182486,1920,133.28046929088646,360.70256630750373
level_res,v6_robin_level_res_92602,92602,test_b,Robin_office_Gayle,0.2124792664459912,0.3079504726115071,1920,407.9601915763031,591.2649074140936
level_res,v6_robin_level_res_92602,92602,test_b,Robin_office_Lindsay,0.015846430670538314,0.09205138000349204,1920,30.425146887433563,176.7386496067047
level_res,v6_robin_level_res_92602,92602,test_b,Robin_office_Maryann,0.1328878454082111,0.2520621013895531,1920,255.14466318376532,483.9592346679419
level_res,v6_robin_level_res_92602,92602,test_b,Robin_office_Sammie,0.3059513437916014,0.41523511386452205,1920,587.4265800798746,797.2514186198823
level_res,v6_robin_level_res_92602,92602,test_b,Robin_office_Saul,0.5222876242391787,0.4559688922056618,1920,1002.7922385392233,875.4602730348706
level_res,v6_robin_level_res_92602,92602,test_b,Robin_office_Serena,0.11055370337698357,0.2454597604451313,1920,212.26311048380845,471.2827400546521
level_res,v6_robin_level_res_92602,92602,test_b,Robin_office_Shirlene,0.20379513072858077,0.3005874767472657,1920,391.2866509988751,577.1279553547502
level_res,v6_robin_level_res_92602,92602,test_b,Robin_office_Soledad,0.2128007312748204,0.2877132644866155,1918,408.15180258510554,551.8340412853286
level_res,v6_robin_level_res_92602,92602,test_b,Robin_office_Victor,0.18532147589927417,0.26633726402681834,1920,355.8172337266064,511.36754693149123
level_res,v6_robin_level_res_92602,92602,test_b,Robin_office_Wai,0.1072117162349605,0.20582421595415024,1920,205.84649517112416,395.18249463196844
level_res,v6_robin_level_res_92602,92602,test_b,Robin_office_Zelma,0.2590772584916425,0.3042170701238016,1920,497.4283363039536,584.0967746376991
level_res,v6_robin_level_res_92602,92602,combined,Robin_office_Addie,0.48326000587174794,0.5220128990846661,3840,1855.718422547512,2004.5295324851177
level_res,v6_robin_level_res_92602,92602,combined,Robin_office_Adolph,0.32208075524851537,0.41083734861461685,3840,1236.7901001542991,1577.6154186801286
level_res,v6_robin_level_res_92602,92602,combined,Robin_office_Antonina,0.15420971372121192,0.28245008138158784,3840,592.1653006894538,1084.6083125052974
level_res,v6_robin_level_res_92602,92602,combined,Robin_office_Dina,0.3475570200113472,0.3579616491789542,3840,1334.6189568435732,1374.572732847184
level_res,v6_robin_level_res_92602,92602,combined,Robin_office_Donald,1.1455738017701065,0.5900519206230475,3840,4399.003398797209,2265.7993751925023
level_res,v6_robin_level_res_92602,92602,combined,Robin_office_Erma,0.10848749432415715,0.2209641843848658,3840,416.59197820476345,848.5024680378847
level_res,v6_robin_level_res_92602,92602,combined,Robin_office_Gayle,0.21475296164960583,0.3284948786951039,3840,824.6513727344864,1261.420334189199
level_res,v6_robin_level_res_92602,92602,combined,Robin_office_Lindsay,0.018439388854247583,0.09598232180966686,3840,70.80725320031073,368.5721157491207
level_res,v6_robin_level_res_92602,92602,combined,Robin_office_Maryann,0.11243566173780306,0.2306057037797776,3840,431.75294107316375,885.525902514346
level_res,v6_robin_level_res_92602,92602,combined,Robin_office_Sammie,0.25109398145998846,0.38293710445044177,3840,964.2008888063556,1470.4784810896963
level_res,v6_robin_level_res_92602,92602,combined,Robin_office_Saul,0.36063091651860046,0.3897289853288385,3840,1384.8227194314259,1496.5593036627397
level_res,v6_robin_level_res_92602,92602,combined,Robin_office_Serena,0.1035888125425392,0.23845248363698676,3840,397.7810401633505,915.6575371660292
level_res,v6_robin_level_res_92602,92602,combined,Robin_office_Shirlene,0.20476262901053024,0.31171135845555303,3840,786.2884954004361,1196.9716164693236
level_res,v6_robin_level_res_92602,92602,combined,Robin_office_Soledad,0.25149672392203054,0.33203860282691205,3838,965.2444264127531,1274.3641576496884
level_res,v6_robin_level_res_92602,92602,combined,Robin_office_Victor,0.18787442933067475,0.27413053665791265,3840,721.437808629791,1052.6612607663847
level_res,v6_robin_level_res_92602,92602,combined,Robin_office_Wai,0.08389869278744944,0.18864355574696673,3840,322.17098030380583,724.3912540683523
level_res,v6_robin_level_res_92602,92602,combined,Robin_office_Zelma,0.33136655641138757,0.363719884911067,3840,1272.4475766197284,1396.6843580584973
old_res,v6_robin_old_res_92601,92601,test_a,Robin_office_Addie,0.4780837376289457,0.5277211372744205,1920,917.9207762475758,1013.2245835668873
old_res,v6_robin_old_res_92601,92601,test_a,Robin_office_Adolph,1.0787072260848163,0.8857228376766823,1920,2071.1178740828473,1700.5878483392298
old_res,v6_robin_old_res_92601,92601,test_a,Robin_office_Antonina,0.13953474408347752,0.2805905474514778,1920,267.90670864027686,538.7338511068374
old_res,v6_robin_old_res_92601,92601,test_a,Robin_office_Dina,0.273872384306101,0.35558939537246864,1920,525.834977867714,682.7316391151398
old_res,v6_robin_old_res_92601,92601,test_a,Robin_office_Donald,4.518011697136562,1.7056103156708522,1920,8674.5824585022,3274.771806088036
old_res,v6_robin_old_res_92601,92601,test_a,Robin_office_Erma,0.16274780550489998,0.28169620011807034,1920,312.47578656940794,540.856704226695
old_res,v6_robin_old_res_92601,92601,test_a,Robin_office_Gayle,0.3235564311215925,0.44515135955880397,1920,621.2283477534576,854.6906103529036
old_res,v6_robin_old_res_92601,92601,test_a,Robin_office_Lindsay,0.03406722302575963,0.1423626690171659,1920,65.4090682094585,273.3363245129585
old_res,v6_robin_old_res_92601,92601,test_a,Robin_office_Maryann,0.14571247590155884,0.29756685551110423,1920,279.767953730993,571.3283625813201
old_res,v6_robin_old_res_92601,92601,test_a,Robin_office_Sammie,0.44435782305187677,0.556391201086808,1920,853.1670202596034,1068.2711060866714
old_res,v6_robin_old_res_92601,92601,test_a,Robin_office_Saul,0.2749526023199935,0.38050399233422166,1920,527.9089964543875,730.5676652817056
old_res,v6_robin_old_res_92601,92601,test_a,Robin_office_Serena,0.17114040859888952,0.32579285193981683,1920,328.58958450986785,625.5222757244483
old_res,v6_robin_old_res_92601,92601,test_a,Robin_office_Shirlene,0.7112061133006917,0.7209777237983265,1920,1365.515737537328,1384.277229692787
old_res,v6_robin_old_res_92601,92601,test_a,Robin_office_Soledad,0.39850900209257845,0.47861861181784965,1920,765.1372840177506,918.9477346902713
old_res,v6_robin_old_res_92601,92601,test_a,Robin_office_Victor,0.25791379078832305,0.3774330664540381,1920,495.1944783135803,724.6714875917532
old_res,v6_robin_old_res_92601,92601,test_a,Robin_office_Wai,0.14172744666453696,0.30127390178943947,1920,272.116697595911,578.4458914357238
old_res,v6_robin_old_res_92601,92601,test_a,Robin_office_Zelma,0.4619335534362688,0.4773791226776666,1920,886.9124225976361,916.5679155411199
old_res,v6_robin_old_res_92601,92601,test_b,Robin_office_Addie,0.6291475719940192,0.6307388306955242,1920,1207.9633382285167,1211.0185549354064
old_res,v6_robin_old_res_92601,92601,test_b,Robin_office_Adolph,0.6190936902718416,0.6162062096123312,1920,1188.659885321936,1183.115922455676
old_res,v6_robin_old_res_92601,92601,test_b,Robin_office_Antonina,0.18856852895038242,0.31009199914212027,1920,362.0515755847343,595.3766383528709
old_res,v6_robin_old_res_92601,92601,test_b,Robin_office_Dina,0.18411041692884408,0.29244267812658414,1920,353.49200050338067,561.4899420030415
old_res,v6_robin_old_res_92601,92601,test_b,Robin_office_Donald,3.749636901678718,1.5417454040737917,1920,7199.3028512231385,2960.15117582168
old_res,v6_robin_old_res_92601,92601,test_b,Robin_office_Erma,0.10439659981797199,0.2525904463327606,1920,200.44147165050623,484.9736569589004
old_res,v6_robin_old_res_92601,92601,test_b,Robin_office_Gayle,0.2585496928914694,0.3659858694756016,1920,496.4154103516213,702.692869393155
old_res,v6_robin_old_res_92601,92601,test_b,Robin_office_Lindsay,0.07920173138557093,0.241595412682121,1920,152.0673242602962,463.8631923496723
old_res,v6_robin_old_res_92601,92601,test_b,Robin_office_Maryann,0.1881071251173267,0.3454774254899045,1920,361.16568022526724,663.3166569406167
old_res,v6_robin_old_res_92601,92601,test_b,Robin_office_Sammie,0.6480922387149568,0.6558919710936607,1920,1244.337098332717,1259.3125844998285
old_res,v6_robin_old_res_92601,92601,test_b,Robin_office_Saul,0.45053665696228506,0.45586534992180533,1920,865.0303813675873,875.2614718498662
old_res,v6_robin_old_res_92601,92601,test_b,Robin_office_Serena,0.3916946787452653,0.5339230072582722,1920,752.0537831909094,1025.1321739358827
old_res,v6_robin_old_res_92601,92601,test_b,Robin_office_Shirlene,0.6447162889417065,0.6842294627494994,1920,1237.8552747680765,1313.7205684790388
old_res,v6_robin_old_res_92601,92601,test_b,Robin_office_Soledad,0.2853007593478447,0.3813984686231029,1918,547.2068564291661,731.5222628191113
old_res,v6_robin_old_res_92601,92601,test_b,Robin_office_Victor,0.5080783487328142,0.6083481987708486,1920,975.5104295670033,1168.0285416400293
old_res,v6_robin_old_res_92601,92601,test_b,Robin_office_Wai,0.2483564763065501,0.3951691189223008,1920,476.8444345085762,758.7247083308175
old_res,v6_robin_old_res_92601,92601,test_b,Robin_office_Zelma,0.2845058086492045,0.33619082492562785,1920,546.2511526064726,645.4863838572055
old_res,v6_robin_old_res_92601,92601,combined,Robin_office_Addie,0.5536156548114824,0.5792299839849723,3840,2125.8841144760927,2224.2431385022937
old_res,v6_robin_old_res_92601,92601,combined,Robin_office_Adolph,0.848900458178329,0.7509645236445067,3840,3259.7777594047834,2883.7037707949057
old_res,v6_robin_old_res_92601,92601,combined,Robin_office_Antonina,0.16405163651693003,0.29534127329679905,3840,629.9582842250113,1134.1104894597083
old_res,v6_robin_old_res_92601,92601,combined,Robin_office_Dina,0.22899140061747258,0.3240160367495264,3840,879.3269783710947,1244.2215811181813
old_res,v6_robin_old_res_92601,92601,combined,Robin_office_Donald,4.1338242994076415,1.623677859872322,3840,15873.885309725343,6234.922981909716
old_res,v6_robin_old_res_92601,92601,combined,Robin_office_Erma,0.13357220266143593,0.26714332322541545,3840,512.917258219914,1025.8303611855954
old_res,v6_robin_old_res_92601,92601,combined,Robin_office_Gayle,0.2910530620065309,0.4055686145172028,3840,1117.6437581050786,1557.3834797460586
old_res,v6_robin_old_res_92601,92601,combined,Robin_office_Lindsay,0.05663447720566529,0.19197904084964346,3840,217.47639246975473,737.1995168626308
old_res,v6_robin_old_res_92601,92601,combined,Robin_office_Maryann,0.1669098005094428,0.32152214050050437,3840,640.9336339562603,1234.6450195219368
old_res,v6_robin_old_res_92601,92601,combined,Robin_office_Sammie,0.5462250308834168,0.6061415860902344,3840,2097.5041185923205,2327.5836905865
old_res,v6_robin_old_res_92601,92601,combined,Robin_office_Saul,0.3627446296411392,0.4181846711280135,3840,1392.9393778219744,1605.8291371315718
old_res,v6_robin_old_res_92601,92601,combined,Robin_office_Serena,0.2814175436720774,0.4298579295990445,3840,1080.6433677007772,1650.654449660331
old_res,v6_robin_old_res_92601,92601,combined,Robin_office_Shirlene,0.6779612011211993,0.702603593273913,3840,2603.371012305405,2697.9977981718257
old_res,v6_robin_old_res_92601,92601,combined,Robin_office_Soledad,0.34193437739627847,0.4300338711592972,3838,1312.3441404469168,1650.4699975093827
old_res,v6_robin_old_res_92601,92601,combined,Robin_office_Victor,0.3829960697605685,0.49289063261244337,3840,1470.704907880583,1892.7000292317825
old_res,v6_robin_old_res_92601,92601,combined,Robin_office_Wai,0.19504196148554354,0.3482215103558701,3840,748.9611321044872,1337.1705997665413
old_res,v6_robin_old_res_92601,92601,combined,Robin_office_Zelma,0.3732196810427367,0.40678497380164724,3840,1433.1635752041088,1562.0542993983254
old_res,v6_robin_old_res_92602,92602,test_a,Robin_office_Addie,0.4756845039304639,0.5226130984441019,1920,913.3142475464907,1003.4171490126755
old_res,v6_robin_old_res_92602,92602,test_a,Robin_office_Adolph,0.9022528765576978,0.7790504362608772,1920,1732.3255229907797,1495.7768376208842
old_res,v6_robin_old_res_92602,92602,test_a,Robin_office_Antonina,0.1381123461286538,0.2767392837854762,1920,265.1757045670153,531.3394248681143
old_res,v6_robin_old_res_92602,92602,test_a,Robin_office_Dina,0.29722274245236585,0.3736821905137428,1920,570.6676655085424,717.4698057863861
old_res,v6_robin_old_res_92602,92602,test_a,Robin_office_Donald,4.039966850086386,1.523135257223593,1920,7756.736352165862,2924.4196938692985
old_res,v6_robin_old_res_92602,92602,test_a,Robin_office_Erma,0.1600310428659924,0.2751085038699481,1920,307.2596023027054,528.2083274303004
old_res,v6_robin_old_res_92602,92602,test_a,Robin_office_Gayle,0.3044038878477594,0.4248845909887071,1920,584.455464667698,815.7784146983176
old_res,v6_robin_old_res_92602,92602,test_a,Robin_office_Lindsay,0.029819686202596465,0.12913681019563228,1920,57.253797508985215,247.94267557561398
old_res,v6_robin_old_res_92602,92602,test_a,Robin_office_Maryann,0.13553342578600022,0.2801950398847112,1920,260.2241775091204,537.9744765786454
old_res,v6_robin_old_res_92602,92602,test_a,Robin_office_Sammie,0.3952710540580905,0.5104817827329194,1920,758.9204237915337,980.1250228472054
old_res,v6_robin_old_res_92602,92602,test_a,Robin_office_Saul,0.2676482491237747,0.3705405120403157,1920,513.8846383176475,711.4377831174061
old_res,v6_robin_old_res_92602,92602,test_a,Robin_office_Serena,0.16013537400495179,0.3057817876634848,1920,307.4599180895074,587.1010323138908
old_res,v6_robin_old_res_92602,92602,test_a,Robin_office_Shirlene,0.6115539986551496,0.6333522261974092,1920,1174.183677417887,1216.0362742990255
old_res,v6_robin_old_res_92602,92602,test_a,Robin_office_Soledad,0.38274535686157696,0.46018025010998825,1920,734.8710851742278,883.5460802111775
old_res,v6_robin_old_res_92602,92602,test_a,Robin_office_Victor,0.2411178673216944,0.35275929102023534,1920,462.94630525765325,677.2978387588519
old_res,v6_robin_old_res_92602,92602,test_a,Robin_office_Wai,0.1313169250946135,0.2767308094051259,1920,252.12849618165797,531.3231540578417
old_res,v6_robin_old_res_92602,92602,test_a,Robin_office_Zelma,0.455766841270369,0.4663599320512731,1920,875.0723352391085,895.4110695384443
old_res,v6_robin_old_res_92602,92602,test_b,Robin_office_Addie,0.5974304942613532,0.6078161802423893,1920,1147.0665489817982,1167.0070660653873
old_res,v6_robin_old_res_92602,92602,test_b,Robin_office_Adolph,0.5227511928789669,0.5414824456015291,1920,1003.6822903276163,1039.646295554936
old_res,v6_robin_old_res_92602,92602,test_b,Robin_office_Antonina,0.18635039097275005,0.30638767315880006,1920,357.7927506676801,588.2643324648961
old_res,v6_robin_old_res_92602,92602,test_b,Robin_office_Dina,0.18196387804395775,0.2845390022916642,1920,349.3706458443989,546.3148843999952
old_res,v6_robin_old_res_92602,92602,test_b,Robin_office_Donald,2.900427971962506,1.2620972774416033,1920,5568.821706168012,2423.226772687878
old_res,v6_robin_old_res_92602,92602,test_b,Robin_office_Erma,0.09775394925348739,0.23768414519630218,1920,187.6875825666958,456.3535587769002
old_res,v6_robin_old_res_92602,92602,test_b,Robin_office_Gayle,0.2487948799051606,0.3453132084114865,1920,477.6861694179084,663.0013601500541
old_res,v6_robin_old_res_92602,92602,test_b,Robin_office_Lindsay,0.0640947573171085,0.2072436248107503,1920,123.06193404884831,397.90775963664055
old_res,v6_robin_old_res_92602,92602,test_b,Robin_office_Maryann,0.17530032733190157,0.32209044043896334,1920,336.576628477251,618.4136456428096
old_res,v6_robin_old_res_92602,92602,test_b,Robin_office_Sammie,0.5752872585967216,0.5920069414001773,1920,1104.5515365057054,1136.6533274883404
old_res,v6_robin_old_res_92602,92602,test_b,Robin_office_Saul,0.4518834166920094,0.45058673372501895,1920,867.616160048658,865.1265287520364
old_res,v6_robin_old_res_92602,92602,test_b,Robin_office_Serena,0.33491773735969294,0.46501710521843054,1920,643.0420557306104,892.8328420193866
old_res,v6_robin_old_res_92602,92602,test_b,Robin_office_Shirlene,0.5025097182773463,0.5645272622544629,1920,964.8186590925048,1083.8923435285687
old_res,v6_robin_old_res_92602,92602,test_b,Robin_office_Soledad,0.263971555428413,0.34555575781821335,1918,506.29744331169616,662.7759434953332
old_res,v6_robin_old_res_92602,92602,test_b,Robin_office_Victor,0.4297396744187256,0.5227039725542151,1920,825.1001748839532,1003.591627304093
old_res,v6_robin_old_res_92602,92602,test_b,Robin_office_Wai,0.21819729748768263,0.3458680074438841,1920,418.93881117635067,664.0665742922574
old_res,v6_robin_old_res_92602,92602,test_b,Robin_office_Zelma,0.2785820665869583,0.3275916654927035,1920,534.8775678469599,628.9759977459908
old_res,v6_robin_old_res_92602,92602,combined,Robin_office_Addie,0.5365574990959086,0.5652146393432456,3840,2060.380796528289,2170.424215078063
old_res,v6_robin_old_res_92602,92602,combined,Robin_office_Adolph,0.7125020347183322,0.6602664409312031,3840,2736.0078133183956,2535.42313317582
old_res,v6_robin_old_res_92602,92602,combined,Robin_office_Antonina,0.1622313685507019,0.29156347847213815,3840,622.9684552346953,1119.6037573330104
old_res,v6_robin_old_res_92602,92602,combined,Robin_office_Dina,0.23959331024816172,0.32911059640270346,3840,920.038311352941,1263.7846901863813
old_res,v6_robin_old_res_92602,92602,combined,Robin_office_Donald,3.4701974110244462,1.3926162673325981,3840,13325.558058333874,5347.646466557177
old_res,v6_robin_old_res_92602,92602,combined,Robin_office_Erma,0.12889249605973988,0.25639632453312516,3840,494.94718486940116,984.5618862072006
old_res,v6_robin_old_res_92602,92602,combined,Robin_office_Gayle,0.2765993838764601,0.3850988997000968,3840,1062.1416340856067,1478.7797748483717
old_res,v6_robin_old_res_92602,92602,combined,Robin_office_Lindsay,0.04695722175985248,0.16819021750319127,3840,180.31573155783352,645.8504352122545
old_res,v6_robin_old_res_92602,92602,combined,Robin_office_Maryann,0.15541687655895092,0.30114274016183723,3840,596.8008059863715,1156.388122221455
old_res,v6_robin_old_res_92602,92602,combined,Robin_office_Sammie,0.48527915632740604,0.5512443620665484,3840,1863.471960297239,2116.778350335546
old_res,v6_robin_old_res_92602,92602,combined,Robin_office_Saul,0.359765832907892,0.4105636228826673,3840,1381.5007983663052,1576.5643118694425
old_res,v6_robin_old_res_92602,92602,combined,Robin_office_Serena,0.24752655568232232,0.38539944644095764,3840,950.5019738201177,1479.9338743332773
old_res,v6_robin_old_res_92602,92602,combined,Robin_office_Shirlene,0.5570318584662476,0.598939744225936,3840,2139.0023365103907,2299.9286178275943
old_res,v6_robin_old_res_92602,92602,combined,Robin_office_Soledad,0.3233894029405743,0.40289786964734514,3838,1241.168528485924,1546.3220237065107
old_res,v6_robin_old_res_92602,92602,combined,Robin_office_Victor,0.33542877087020995,0.43773163178722524,3840,1288.0464801416063,1680.8894660629448
old_res,v6_robin_old_res_92602,92602,combined,Robin_office_Wai,0.17475711129114804,0.311299408424505,3840,671.0673073580085,1195.3897283500992
old_res,v6_robin_old_res_92602,92602,combined,Robin_office_Zelma,0.36717445392866377,0.3969757987719883,3840,1409.9499030860688,1524.387067284435
level_raw,v6_robin_level_raw_92601,92601,test_a,Robin_office_Addie,0.6261915951911265,0.5962278102227477,1920,1202.287862766963,1144.7573956276756
level_raw,v6_robin_level_raw_92601,92601,test_a,Robin_office_Adolph,0.6310134889236328,0.6049239580626211,1920,1211.545898733375,1161.4539994802326
level_raw,v6_robin_level_raw_92601,92601,test_a,Robin_office_Antonina,0.19161724992768425,0.336616202298804,1920,367.90511986115376,646.3031084137037
level_raw,v6_robin_level_raw_92601,92601,test_a,Robin_office_Dina,0.42295424097194995,0.4275953396446615,1920,812.0721426661439,820.98305211775
level_raw,v6_robin_level_raw_92601,92601,test_a,Robin_office_Donald,1.3821381249296578,0.7232066742924227,1920,2653.705199864943,1388.5568146414516
level_raw,v6_robin_level_raw_92601,92601,test_a,Robin_office_Erma,0.1777071080139593,0.2966121395239801,1920,341.19764738680186,569.4953078860417
level_raw,v6_robin_level_raw_92601,92601,test_a,Robin_office_Gayle,0.3204427980056602,0.4301462192714098,1920,615.2501721708676,825.8807410011068
level_raw,v6_robin_level_raw_92601,92601,test_a,Robin_office_Lindsay,0.0412992433735113,0.14324452860552508,1920,79.29454727714169,275.02949492260814
level_raw,v6_robin_level_raw_92601,92601,test_a,Robin_office_Maryann,0.11471034087166777,0.24195019923742317,1920,220.2438544736021,464.5443825358525
level_raw,v6_robin_level_raw_92601,92601,test_a,Robin_office_Sammie,0.31381185521126886,0.4410115465436926,1920,602.5187620056362,846.7421693638898
level_raw,v6_robin_level_raw_92601,92601,test_a,Robin_office_Saul,0.2052169005386573,0.3463429019524483,1920,394.016449034222,664.9783717487007
level_raw,v6_robin_level_raw_92601,92601,test_a,Robin_office_Serena,0.1297450071766997,0.2641446052354392,1920,249.11041377926344,507.15764205204323
level_raw,v6_robin_level_raw_92601,92601,test_a,Robin_office_Shirlene,0.3507595178582512,0.4540011582449855,1920,673.4582742878423,871.6822238303721
level_raw,v6_robin_level_raw_92601,92601,test_a,Robin_office_Soledad,0.37900323277462916,0.4452548438721957,1920,727.686206927288,854.8893002346158
level_raw,v6_robin_level_raw_92601,92601,test_a,Robin_office_Victor,0.310835153516735,0.37478927137378076,1920,596.8034947521312,719.595401037659
level_raw,v6_robin_level_raw_92601,92601,test_a,Robin_office_Wai,0.07375927487477248,0.1899713723216943,1920,141.61780775956316,364.7450348576531
level_raw,v6_robin_level_raw_92601,92601,test_a,Robin_office_Zelma,0.3855781010651521,0.4216615549696144,1920,740.309954045092,809.5901855416596
level_raw,v6_robin_level_raw_92601,92601,test_b,Robin_office_Addie,0.6664576858488028,0.6437722203215344,1920,1279.5987568297014,1236.042663017346
level_raw,v6_robin_level_raw_92601,92601,test_b,Robin_office_Adolph,0.46194243972447796,0.48450848966664734,1920,886.9294842709977,930.2563001599628
level_raw,v6_robin_level_raw_92601,92601,test_b,Robin_office_Antonina,0.23154312455234774,0.35487717113962086,1920,444.56279914050765,681.3641685880721
level_raw,v6_robin_level_raw_92601,92601,test_b,Robin_office_Dina,0.18467057199199502,0.2907308558836424,1920,354.5674982246304,558.2032432965934
level_raw,v6_robin_level_raw_92601,92601,test_b,Robin_office_Donald,1.1325139784216767,0.6441785304598625,1920,2174.426838569619,1236.822778482936
level_raw,v6_robin_level_raw_92601,92601,test_b,Robin_office_Erma,0.10836730360155336,0.24321362847210062,1920,208.06522291498246,466.9701666664332
level_raw,v6_robin_level_raw_92601,92601,test_b,Robin_office_Gayle,0.24808200550217738,0.35086793600736804,1920,476.31745056418055,673.6664371341467
level_raw,v6_robin_level_raw_92601,92601,test_b,Robin_office_Lindsay,0.04558972244367403,0.1618007498172422,1920,87.53226709185414,310.6574396491051
level_raw,v6_robin_level_raw_92601,92601,test_b,Robin_office_Maryann,0.15330442908393965,0.2813908392582865,1920,294.3445038411641,540.27041137591
level_raw,v6_robin_level_raw_92601,92601,test_b,Robin_office_Sammie,0.51203197552265,0.5198511859140126,1920,983.101393003488,998.1142769549042
level_raw,v6_robin_level_raw_92601,92601,test_b,Robin_office_Saul,0.6011302411113774,0.5011568754178977,1920,1154.1700629338445,962.2212008023635
level_raw,v6_robin_level_raw_92601,92601,test_b,Robin_office_Serena,0.13892594623245005,0.2799417012089786,1920,266.7378167663041,537.4880663212389
level_raw,v6_robin_level_raw_92601,92601,test_b,Robin_office_Shirlene,0.26620707417141903,0.33644101333338766,1920,511.11758240912457,645.9667456001043
level_raw,v6_robin_level_raw_92601,92601,test_b,Robin_office_Soledad,0.2588061718608434,0.31682703221883,1918,496.39023762909767,607.6742477957159
level_raw,v6_robin_level_raw_92601,92601,test_b,Robin_office_Victor,0.23512584983800394,0.3228701392657361,1920,451.44163168896756,619.9106673902133
level_raw,v6_robin_level_raw_92601,92601,test_b,Robin_office_Wai,0.1736857742834101,0.28990527293547835,1920,333.47668662414736,556.6181240361184
level_raw,v6_robin_level_raw_92601,92601,test_b,Robin_office_Zelma,0.2566830275794506,0.3165519860029841,1920,492.8314129525452,607.7798131257296
level_raw,v6_robin_level_raw_92601,92601,combined,Robin_office_Addie,0.6463246405199646,0.6200000152721411,3840,2481.8866195966643,2380.8000586450216
level_raw,v6_robin_level_raw_92601,92601,combined,Robin_office_Adolph,0.5464779643240554,0.5447162238646343,3840,2098.475383004373,2091.7102996401954
level_raw,v6_robin_level_raw_92601,92601,combined,Robin_office_Antonina,0.21158018724001593,0.34574668671921244,3840,812.4679190016611,1327.6672770017758
level_raw,v6_robin_level_raw_92601,92601,combined,Robin_office_Dina,0.30381240648197244,0.35916309776415195,3840,1166.6396408907742,1379.1862954143435
level_raw,v6_robin_level_raw_92601,92601,combined,Robin_office_Donald,1.2573260516756677,0.6836926023761426,3840,4828.132038434564,2625.3795931243876
level_raw,v6_robin_level_raw_92601,92601,combined,Robin_office_Erma,0.1430372058077563,0.26991288399804036,3840,549.2628703017842,1036.465474552475
level_raw,v6_robin_level_raw_92601,92601,combined,Robin_office_Gayle,0.2842624017539187,0.3905070776393889,3840,1091.5676227350477,1499.5471781352535
level_raw,v6_robin_level_raw_92601,92601,combined,Robin_office_Lindsay,0.04344448290859267,0.15252263921138365,3840,166.82681436899585,585.6869345717132
level_raw,v6_robin_level_raw_92601,92601,combined,Robin_office_Maryann,0.1340073849778037,0.26167051924785484,3840,514.5883583147662,1004.8147939117625
level_raw,v6_robin_level_raw_92601,92601,combined,Robin_office_Sammie,0.4129219153669593,0.48043136622885263,3840,1585.620155009124,1844.856446318794
level_raw,v6_robin_level_raw_92601,92601,combined,Robin_office_Saul,0.40317357082501726,0.423749888685173,3840,1548.1865119680663,1627.1995725510642
level_raw,v6_robin_level_raw_92601,92601,combined,Robin_office_Serena,0.1343354767045749,0.2720431532222089,3840,515.8482305455676,1044.645708373282
level_raw,v6_robin_level_raw_92601,92601,combined,Robin_office_Shirlene,0.308483296014835,0.3952210857891866,3840,1184.5758566969664,1517.6489694304764
level_raw,v6_robin_level_raw_92601,92601,combined,Robin_office_Soledad,0.31893601994694804,0.3810744002163449,3838,1224.0764445563866,1462.5635480303317
level_raw,v6_robin_level_raw_92601,92601,combined,Robin_office_Victor,0.27298050167736954,0.34882970531975843,3840,1048.245126441099,1339.5060684278724
level_raw,v6_robin_level_raw_92601,92601,combined,Robin_office_Wai,0.1237225245790913,0.23993832262858633,3840,475.0944943837106,921.3631588937715
level_raw,v6_robin_level_raw_92601,92601,combined,Robin_office_Zelma,0.32113056432230136,0.36910677048629925,3840,1233.1413669976373,1417.3699986673892
level_raw,v6_robin_level_raw_92602,92602,test_a,Robin_office_Addie,0.6376538992235187,0.6027212249531052,1920,1224.2954865091558,1157.224751909962
level_raw,v6_robin_level_raw_92602,92602,test_a,Robin_office_Adolph,0.6427867595332121,0.6108672085480066,1920,1234.1505783037671,1172.8650404121727
level_raw,v6_robin_level_raw_92602,92602,test_a,Robin_office_Antonina,0.19065885104636174,0.3370570923909933,1920,366.0649940090145,647.1496173907071
level_raw,v6_robin_level_raw_92602,92602,test_a,Robin_office_Dina,0.42915641111850694,0.4311588375994082,1920,823.9803093475333,827.8249681908637
level_raw,v6_robin_level_raw_92602,92602,test_a,Robin_office_Donald,1.412224588259142,0.7451240017858519,1920,2711.4712094575525,1430.6380834288357
level_raw,v6_robin_level_raw_92602,92602,test_a,Robin_office_Erma,0.17889328707681942,0.2987264582256709,1920,343.47511118749327,573.5547997932881
level_raw,v6_robin_level_raw_92602,92602,test_a,Robin_office_Gayle,0.30837155148068185,0.42278950393520065,1920,592.0733788429092,811.7558475555852
level_raw,v6_robin_level_raw_92602,92602,test_a,Robin_office_Lindsay,0.0412992433735113,0.14324452860552508,1920,79.29454727714169,275.02949492260814
level_raw,v6_robin_level_raw_92602,92602,test_a,Robin_office_Maryann,0.1098071808479291,0.2367850773400278,1920,210.8297872280239,454.62734849285334
level_raw,v6_robin_level_raw_92602,92602,test_a,Robin_office_Sammie,0.31956600307159555,0.44577477401229165,1920,613.5667258974635,855.8875661036
level_raw,v6_robin_level_raw_92602,92602,test_a,Robin_office_Saul,0.20901102484693315,0.34703931739592614,1920,401.30116770611164,666.3154894001782
level_raw,v6_robin_level_raw_92602,92602,test_a,Robin_office_Serena,0.1311720830094177,0.2660525459371759,1920,251.850399378082,510.8208881993778
level_raw,v6_robin_level_raw_92602,92602,test_a,Robin_office_Shirlene,0.3695682924600568,0.4661913523663922,1920,709.571121523309,895.087396543473
level_raw,v6_robin_level_raw_92602,92602,test_a,Robin_office_Soledad,0.3736593375436803,0.4398971554983291,1920,717.4259280838662,844.6025385567918
level_raw,v6_robin_level_raw_92602,92602,test_a,Robin_office_Victor,0.3125684149082195,0.37564718488438303,1920,600.1313566237815,721.2425949780154
level_raw,v6_robin_level_raw_92602,92602,test_a,Robin_office_Wai,0.07327994486619407,0.1910359413033196,1920,140.69749414309263,366.78900730237365
level_raw,v6_robin_level_raw_92602,92602,test_a,Robin_office_Zelma,0.39669289929064516,0.42444061880911854,1920,761.6503666380387,814.9259881135076
level_raw,v6_robin_level_raw_92602,92602,test_b,Robin_office_Addie,0.6767539111056456,0.647035408956223,1920,1299.3675093228396,1242.3079851959483
level_raw,v6_robin_level_raw_92602,92602,test_b,Robin_office_Adolph,0.4701604206517697,0.4888065704024484,1920,902.7080076513979,938.508615172701
level_raw,v6_robin_level_raw_92602,92602,test_b,Robin_office_Antonina,0.23162495056191917,0.35645404206758635,1920,444.71990507888484,684.3917607697658
level_raw,v6_robin_level_raw_92602,92602,test_b,Robin_office_Dina,0.17870735416629427,0.2881264129789391,1920,343.118119999285,553.202712919563
level_raw,v6_robin_level_raw_92602,92602,test_b,Robin_office_Donald,1.1352619612395745,0.6609227478574591,1920,2179.702965579983,1268.9716758863215
level_raw,v6_robin_level_raw_92602,92602,test_b,Robin_office_Erma,0.10934549478359484,0.2436732355466423,1920,209.9433499845021,467.8526122495532
level_raw,v6_robin_level_raw_92602,92602,test_b,Robin_office_Gayle,0.24814495899647324,0.3584373405513664,1920,476.4383212732286,688.1996938586235
level_raw,v6_robin_level_raw_92602,92602,test_b,Robin_office_Lindsay,0.04558972244367403,0.1618007498172422,1920,87.53226709185414,310.6574396491051
level_raw,v6_robin_level_raw_92602,92602,test_b,Robin_office_Maryann,0.15182819945921056,0.27734352890693115,1920,291.51014296168427,532.4995755013078
level_raw,v6_robin_level_raw_92602,92602,test_b,Robin_office_Sammie,0.5162853391787163,0.5192063176354471,1920,991.2678512231354,996.8761298600584
level_raw,v6_robin_level_raw_92602,92602,test_b,Robin_office_Saul,0.6046811893346619,0.5081500918861518,1920,1160.9878835225509,975.6481764214113
level_raw,v6_robin_level_raw_92602,92602,test_b,Robin_office_Serena,0.14417131056463514,0.2822635159856873,1920,276.8089162840995,541.9459506925195
level_raw,v6_robin_level_raw_92602,92602,test_b,Robin_office_Shirlene,0.2580884529159007,0.33626776849462964,1920,495.5298295985293,645.6341155096889
level_raw,v6_robin_level_raw_92602,92602,test_b,Robin_office_Soledad,0.25831548800808757,0.3161016788277328,1918,495.44910599951197,606.2830199915916
level_raw,v6_robin_level_raw_92602,92602,test_b,Robin_office_Victor,0.23606727199788313,0.32551946882188837,1920,453.2491622359356,624.9973801380256
level_raw,v6_robin_level_raw_92602,92602,test_b,Robin_office_Wai,0.17001395012646758,0.2840164853424843,1920,326.42678424281775,545.3116518575698
level_raw,v6_robin_level_raw_92602,92602,test_b,Robin_office_Zelma,0.2674804380784923,0.32466657468806565,1920,513.5624411107052,623.359823401086
level_raw,v6_robin_level_raw_92602,92602,combined,Robin_office_Addie,0.6572039051645822,0.6248783169546641,3840,2523.6629958319954,2399.53273710591
level_raw,v6_robin_level_raw_92602,92602,combined,Robin_office_Adolph,0.5564735900924905,0.5498368894752275,3840,2136.8585859551636,2111.3736555848736
level_raw,v6_robin_level_raw_92602,92602,combined,Robin_office_Antonina,0.21114190080414044,0.34675556722928985,3840,810.7848990878992,1331.541378160473
level_raw,v6_robin_level_raw_92602,92602,combined,Robin_office_Dina,0.3039318826424007,0.3596426252891736,3840,1167.0984293468186,1381.0276811104268
level_raw,v6_robin_level_raw_92602,92602,combined,Robin_office_Donald,1.273743274749358,0.7030233748216556,3840,4891.174175037535,2699.609759315157
level_raw,v6_robin_level_raw_92602,92602,combined,Robin_office_Erma,0.14411939093020712,0.2711998468861566,3840,553.4184611719953,1041.4074120428413
level_raw,v6_robin_level_raw_92602,92602,combined,Robin_office_Gayle,0.27825825523857756,0.3906134222432835,3840,1068.5117001161377,1499.9555414142087
level_raw,v6_robin_level_raw_92602,92602,combined,Robin_office_Lindsay,0.04344448290859267,0.15252263921138365,3840,166.82681436899585,585.6869345717132
level_raw,v6_robin_level_raw_92602,92602,combined,Robin_office_Maryann,0.1308176901535698,0.2570643031234795,3840,502.33993018970807,987.1269239941612
level_raw,v6_robin_level_raw_92602,92602,combined,Robin_office_Sammie,0.4179256711251559,0.48249054582386935,3840,1604.8345771205986,1852.7636959636584
level_raw,v6_robin_level_raw_92602,92602,combined,Robin_office_Saul,0.40684610709079755,0.42759470464103894,3840,1562.2890512286626,1641.9636658215895
level_raw,v6_robin_level_raw_92602,92602,combined,Robin_office_Serena,0.13767169678702648,0.2741580309614316,3840,528.6593156621817,1052.7668388918974
level_raw,v6_robin_level_raw_92602,92602,combined,Robin_office_Shirlene,0.31382837268797875,0.4012295604305109,3840,1205.1009511218383,1540.7215120531619
level_raw,v6_robin_level_raw_92602,92602,combined,Robin_office_Soledad,0.31601746588936386,0.37803167236799984,3838,1212.8750340833785,1450.8855585483834
level_raw,v6_robin_level_raw_92602,92602,combined,Robin_office_Victor,0.2743178434530513,0.3505833268531357,3840,1053.380518859717,1346.239975116041
level_raw,v6_robin_level_raw_92602,92602,combined,Robin_office_Wai,0.12164694749633086,0.23752621332290194,3840,467.1242783859105,912.1006591599435
level_raw,v6_robin_level_raw_92602,92602,combined,Robin_office_Zelma,0.33208666868456876,0.3745535967485921,3840,1275.2128077487441,1438.2858115145937
level_linear_res,v6_robin_level_linear_res_92601,92601,test_a,Robin_office_Addie,0.5054063038339226,0.5275719763206629,1920,970.3801033611313,1012.9381945356727
level_linear_res,v6_robin_level_linear_res_92601,92601,test_a,Robin_office_Adolph,0.3492011651890679,0.4473378936352674,1920,670.4662371630104,858.8887557797134
level_linear_res,v6_robin_level_linear_res_92601,92601,test_a,Robin_office_Antonina,0.16226214517941367,0.29488945833048397,1920,311.5433187444743,566.1877599945292
level_linear_res,v6_robin_level_linear_res_92601,92601,test_a,Robin_office_Dina,0.663437086788498,0.5256372328731231,1920,1273.7992066339161,1009.2234871163964
level_linear_res,v6_robin_level_linear_res_92601,92601,test_a,Robin_office_Donald,1.0281292487107063,0.5882291496114059,1920,1974.0081575245563,1129.3999672538994
level_linear_res,v6_robin_level_linear_res_92601,92601,test_a,Robin_office_Erma,0.1752739142495117,0.27921790908828065,1920,336.5259153590624,536.0983854494989
level_linear_res,v6_robin_level_linear_res_92601,92601,test_a,Robin_office_Gayle,0.2330703290233437,0.36452950860887845,1920,447.4950317248199,699.8966565290466
level_linear_res,v6_robin_level_linear_res_92601,92601,test_a,Robin_office_Lindsay,0.009595097860986942,0.07684796154499055,1920,18.422587893094928,147.54808616638184
level_linear_res,v6_robin_level_linear_res_92601,92601,test_a,Robin_office_Maryann,0.14193961035303346,0.2601804982671941,1920,272.52405187782426,499.5465566730127
level_linear_res,v6_robin_level_linear_res_92601,92601,test_a,Robin_office_Sammie,0.2683324096235011,0.4110846187827216,1920,515.198226477122,789.2824680628255
level_linear_res,v6_robin_level_linear_res_92601,92601,test_a,Robin_office_Saul,0.198102587457689,0.3392220929590015,1920,380.35696791876285,651.3064184812829
level_linear_res,v6_robin_level_linear_res_92601,92601,test_a,Robin_office_Serena,0.12376250774365939,0.2500462231597339,1920,237.62401486782602,480.08874846668914
level_linear_res,v6_robin_level_linear_res_92601,92601,test_a,Robin_office_Shirlene,0.2826618208900664,0.38309382083825766,1920,542.7106961089276,735.5401360094547
level_linear_res,v6_robin_level_linear_res_92601,92601,test_a,Robin_office_Soledad,0.3073410569184409,0.3980220357363578,1920,590.0948292834065,764.202308613807
level_linear_res,v6_robin_level_linear_res_92601,92601,test_a,Robin_office_Victor,0.28878894548541095,0.35983031834248325,1920,554.474775331989,690.8742112175678
level_linear_res,v6_robin_level_linear_res_92601,92601,test_a,Robin_office_Wai,0.09096478222149088,0.19407262453920945,1920,174.65238186526247,372.61943911528215
level_linear_res,v6_robin_level_linear_res_92601,92601,test_a,Robin_office_Zelma,0.5577753446004861,0.52435340443238,1920,1070.9286616329332,1006.7585365101695
level_linear_res,v6_robin_level_linear_res_92601,92601,test_b,Robin_office_Addie,0.4530160491811667,0.5147653702530988,1920,869.7908144278401,988.3495108859497
level_linear_res,v6_robin_level_linear_res_92601,92601,test_b,Robin_office_Adolph,0.283001227372378,0.3753121371914555,1920,543.3623565549657,720.5993034075946
level_linear_res,v6_robin_level_linear_res_92601,92601,test_b,Robin_office_Antonina,0.12250624018812743,0.2682040355342906,1920,235.21198116120468,514.951748225838
level_linear_res,v6_robin_level_linear_res_92601,92601,test_b,Robin_office_Dina,0.2438977843994086,0.3210623242193833,1920,468.2837460468645,616.4396625012159
level_linear_res,v6_robin_level_linear_res_92601,92601,test_b,Robin_office_Donald,1.3522352339204118,0.6135895471644062,1920,2596.291649127191,1178.09193055566
level_linear_res,v6_robin_level_linear_res_92601,92601,test_b,Robin_office_Erma,0.043107727765857654,0.1608757578859998,1920,82.76683731044669,308.88145514111966
level_linear_res,v6_robin_level_linear_res_92601,92601,test_b,Robin_office_Gayle,0.27348825402497806,0.34953178898528375,1920,525.0974477279578,671.1010348517448
level_linear_res,v6_robin_level_linear_res_92601,92601,test_b,Robin_office_Lindsay,0.012533884742143973,0.0815462786393861,1920,24.065058704916428,156.5688549876213
level_linear_res,v6_robin_level_linear_res_92601,92601,test_b,Robin_office_Maryann,0.11459068528990118,0.2493237854912877,1920,220.01411575661027,478.7016681432724
level_linear_res,v6_robin_level_linear_res_92601,92601,test_b,Robin_office_Sammie,0.3873275736186855,0.46321159281748503,1920,743.6689413478761,889.3662582095712
level_linear_res,v6_robin_level_linear_res_92601,92601,test_b,Robin_office_Saul,0.5226731326629385,0.471965174106784,1920,1003.5324147128418,906.1731342850253
level_linear_res,v6_robin_level_linear_res_92601,92601,test_b,Robin_office_Serena,0.10081079330885627,0.23793481164757396,1920,193.55672315300404,456.834838363342
level_linear_res,v6_robin_level_linear_res_92601,92601,test_b,Robin_office_Shirlene,0.32137521521971757,0.3831040972649741,1920,617.0404132218578,735.5598667487502
level_linear_res,v6_robin_level_linear_res_92601,92601,test_b,Robin_office_Soledad,0.2514630889080232,0.31708044973342864,1918,482.3062045255885,608.1603025887161
level_linear_res,v6_robin_level_linear_res_92601,92601,test_b,Robin_office_Victor,0.3012611313381629,0.3530942126820567,1920,578.4213721692728,677.9408883495489
level_linear_res,v6_robin_level_linear_res_92601,92601,test_b,Robin_office_Wai,0.10039239407039582,0.20753290044425132,1920,192.75339661515997,398.46316885296255
level_linear_res,v6_robin_level_linear_res_92601,92601,test_b,Robin_office_Zelma,0.330103016771096,0.3644652919533352,1920,633.7977922005043,699.7733605504036
level_linear_res,v6_robin_level_linear_res_92601,92601,combined,Robin_office_Addie,0.47921117650754474,0.5211686732868809,3840,1840.1709177889718,2001.2877054216224
level_linear_res,v6_robin_level_linear_res_92601,92601,combined,Robin_office_Adolph,0.316101196280723,0.41132501541336147,3840,1213.8285937179762,1579.488059187308
level_linear_res,v6_robin_level_linear_res_92601,92601,combined,Robin_office_Antonina,0.14238419268377056,0.2815467469323873,3840,546.755299905679,1081.1395082203671
level_linear_res,v6_robin_level_linear_res_92601,92601,combined,Robin_office_Dina,0.4536674355939534,0.4233497785462532,3840,1742.082952680781,1625.6631496176124
level_linear_res,v6_robin_level_linear_res_92601,92601,combined,Robin_office_Donald,1.1901822413155592,0.6009093483879061,3840,4570.2998066517475,2307.4918978095593
level_linear_res,v6_robin_level_linear_res_92601,92601,combined,Robin_office_Erma,0.10919082100768467,0.22004683348714024,3840,419.2927526695091,844.9798405906186
level_linear_res,v6_robin_level_linear_res_92601,92601,combined,Robin_office_Gayle,0.2532792915241609,0.3570306487970811,3840,972.5924794527779,1370.9976913807914
level_linear_res,v6_robin_level_linear_res_92601,92601,combined,Robin_office_Lindsay,0.011064491301565456,0.07919712009218832,3840,42.48764659801135,304.11694115400314
level_linear_res,v6_robin_level_linear_res_92601,92601,combined,Robin_office_Maryann,0.12826514782146728,0.2547521418792409,3840,492.5381676344344,978.2482248162851
level_linear_res,v6_robin_level_linear_res_92601,92601,combined,Robin_office_Sammie,0.3278299916210932,0.4371481058001033,3840,1258.867167824998,1678.6487262723967
level_linear_res,v6_robin_level_linear_res_92601,92601,combined,Robin_office_Saul,0.36038786006031387,0.40559363353289274,3840,1383.8893826316053,1557.4795527663082
level_linear_res,v6_robin_level_linear_res_92601,92601,combined,Robin_office_Serena,0.11228665052625782,0.24399051740365393,3840,431.18073802083,936.9235868300311
level_linear_res,v6_robin_level_linear_res_92601,92601,combined,Robin_office_Shirlene,0.3020185180548921,0.3830989590516159,3840,1159.7511093307858,1471.100002758205
level_linear_res,v6_robin_level_linear_res_92601,92601,combined,Robin_office_Soledad,0.2794166320502854,0.35757233225704094,3838,1072.4010338089954,1372.362611202523
level_linear_res,v6_robin_level_linear_res_92601,92601,combined,Robin_office_Victor,0.29502503841178707,0.35646226551226995,3840,1132.8961475012622,1368.8150995671167
level_linear_res,v6_robin_level_linear_res_92601,92601,combined,Robin_office_Wai,0.0956785881459433,0.2008027624917304,3840,367.40577848042227,771.0826079682447
level_linear_res,v6_robin_level_linear_res_92601,92601,combined,Robin_office_Zelma,0.443939180685791,0.4444093481928576,3840,1704.7264538334375,1706.531897060573
level_linear_res,v6_robin_level_linear_res_92602,92602,test_a,Robin_office_Addie,0.5153002295022194,0.5345853168178413,1920,989.3764406442614,1026.4038082902553
level_linear_res,v6_robin_level_linear_res_92602,92602,test_a,Robin_office_Adolph,0.37068138123477573,0.4613382157384573,1920,711.7082519707694,885.769374217838
level_linear_res,v6_robin_level_linear_res_92602,92602,test_a,Robin_office_Antonina,0.16675646544093337,0.3001394300537262,1920,320.1724136465921,576.2677057031542
level_linear_res,v6_robin_level_linear_res_92602,92602,test_a,Robin_office_Dina,0.6873918279132383,0.533425454343281,1920,1319.7923095934175,1024.1768723390996
level_linear_res,v6_robin_level_linear_res_92602,92602,test_a,Robin_office_Donald,1.0781081564111976,0.6143610588394911,1920,2069.9676603094995,1179.573232971823
level_linear_res,v6_robin_level_linear_res_92602,92602,test_a,Robin_office_Erma,0.17924145534311997,0.27924518261570486,1920,344.14359425879036,536.1507506221533
level_linear_res,v6_robin_level_linear_res_92602,92602,test_a,Robin_office_Gayle,0.23368069960466453,0.36097209613314285,1920,448.6669432409559,693.0664245756343
level_linear_res,v6_robin_level_linear_res_92602,92602,test_a,Robin_office_Lindsay,0.010380360497259334,0.0790780077688396,1920,19.930292154737923,151.82977491617203
level_linear_res,v6_robin_level_linear_res_92602,92602,test_a,Robin_office_Maryann,0.1404678626891858,0.25837222326517806,1920,269.6982963632367,496.07466866914183
level_linear_res,v6_robin_level_linear_res_92602,92602,test_a,Robin_office_Sammie,0.24650985977016646,0.3944641372290789,1920,473.2989307587196,757.3711434798315
level_linear_res,v6_robin_level_linear_res_92602,92602,test_a,Robin_office_Saul,0.19801906173415376,0.3362912219449451,1920,380.1965985295752,645.6791461342946
level_linear_res,v6_robin_level_linear_res_92602,92602,test_a,Robin_office_Serena,0.12679577026294922,0.25367459931682484,1920,243.4478789048625,487.0552306883037
level_linear_res,v6_robin_level_linear_res_92602,92602,test_a,Robin_office_Shirlene,0.28047558972887493,0.3809917810295398,1920,538.5131322794399,731.5042195767164
level_linear_res,v6_robin_level_linear_res_92602,92602,test_a,Robin_office_Soledad,0.3107721807420828,0.4004025736188244,1920,596.682587024799,768.7729413481429
level_linear_res,v6_robin_level_linear_res_92602,92602,test_a,Robin_office_Victor,0.27708355058566414,0.3498163144378547,1920,532.0004171244751,671.647323720681
level_linear_res,v6_robin_level_linear_res_92602,92602,test_a,Robin_office_Wai,0.09492645250154612,0.20377062733920562,1920,182.25878880296855,391.2396044912748
level_linear_res,v6_robin_level_linear_res_92602,92602,test_a,Robin_office_Zelma,0.5714504172972634,0.5324690373284587,1920,1097.1848012107457,1022.3405516706407
level_linear_res,v6_robin_level_linear_res_92602,92602,test_b,Robin_office_Addie,0.46419969659868,0.5213348540218249,1920,891.2634174694656,1000.9629197219037
level_linear_res,v6_robin_level_linear_res_92602,92602,test_b,Robin_office_Adolph,0.2850467749207041,0.38081452681532635,1920,547.289807847752,731.1638914854266
level_linear_res,v6_robin_level_linear_res_92602,92602,test_b,Robin_office_Antonina,0.13248143397852458,0.27647608546346114,1920,254.3643532387672,530.8340840898454
level_linear_res,v6_robin_level_linear_res_92602,92602,test_b,Robin_office_Dina,0.24695442926824232,0.327054991507733,1920,474.15250419502524,627.9455836948473
level_linear_res,v6_robin_level_linear_res_92602,92602,test_b,Robin_office_Donald,1.4786521735657026,0.6861919404999526,1920,2839.012173246149,1317.488525759909
level_linear_res,v6_robin_level_linear_res_92602,92602,test_b,Robin_office_Erma,0.046163285947574524,0.16518978400805887,1920,88.63350901934308,317.16438529547304
level_linear_res,v6_robin_level_linear_res_92602,92602,test_b,Robin_office_Gayle,0.2759353521937674,0.35353759827363923,1920,529.7958762120335,678.7921886853874
level_linear_res,v6_robin_level_linear_res_92602,92602,test_b,Robin_office_Lindsay,0.013774045154598557,0.08704536063596606,1920,26.446166696829227,167.12709242105484
level_linear_res,v6_robin_level_linear_res_92602,92602,test_b,Robin_office_Maryann,0.11235587778093133,0.24550907933541263,1920,215.72328533938816,471.37743232399225
level_linear_res,v6_robin_level_linear_res_92602,92602,test_b,Robin_office_Sammie,0.3866134159242098,0.4619828260969371,1920,742.2977585744828,887.0070261061192
level_linear_res,v6_robin_level_linear_res_92602,92602,test_b,Robin_office_Saul,0.5242538334068445,0.48180314894610393,1920,1006.5673601411414,925.0620459765196
level_linear_res,v6_robin_level_linear_res_92602,92602,test_b,Robin_office_Serena,0.10183056102346634,0.23999972871946132,1920,195.51467716505536,460.79947914136574
level_linear_res,v6_robin_level_linear_res_92602,92602,test_b,Robin_office_Shirlene,0.3171185847157781,0.38182115892802054,1920,608.867682654294,733.0966251417994
level_linear_res,v6_robin_level_linear_res_92602,92602,test_b,Robin_office_Soledad,0.25329546183761226,0.3137878885058583,1918,485.8206958045403,601.8451701542363
level_linear_res,v6_robin_level_linear_res_92602,92602,test_b,Robin_office_Victor,0.30047490739740923,0.3501396147323855,1920,576.9118222030257,672.2680602861801
level_linear_res,v6_robin_level_linear_res_92602,92602,test_b,Robin_office_Wai,0.10263093824028638,0.21266531749934076,1920,197.05140142134985,408.31740959873423
level_linear_res,v6_robin_level_linear_res_92602,92602,test_b,Robin_office_Zelma,0.3342145807467106,0.37459931008318864,1920,641.6919950336844,719.2306753597222
level_linear_res,v6_robin_level_linear_res_92602,92602,combined,Robin_office_Addie,0.4897499630504496,0.5279600854198331,3840,1880.6398581137264,2027.366728012159
level_linear_res,v6_robin_level_linear_res_92602,92602,combined,Robin_office_Adolph,0.32786407807774,0.42107637127689185,3840,1258.9980598185216,1616.9332657032646
level_linear_res,v6_robin_level_linear_res_92602,92602,combined,Robin_office_Antonina,0.149618949709729,0.28830775775859363,3840,574.5367668853594,1107.1017897929996
level_linear_res,v6_robin_level_linear_res_92602,92602,combined,Robin_office_Dina,0.46717312859074034,0.430240222925507,3840,1793.9448137884428,1652.122456033947
level_linear_res,v6_robin_level_linear_res_92602,92602,combined,Robin_office_Donald,1.27838016498845,0.6502764996697219,3840,4908.979833555648,2497.061758731732
level_linear_res,v6_robin_level_linear_res_92602,92602,combined,Robin_office_Erma,0.11270237064534723,0.22221748331188185,3840,432.7771032781334,853.3151359176263
level_linear_res,v6_robin_level_linear_res_92602,92602,combined,Robin_office_Gayle,0.254808025899216,0.35725484720339107,3840,978.4628194529893,1371.8586132610217
level_linear_res,v6_robin_level_linear_res_92602,92602,combined,Robin_office_Lindsay,0.012077202825928947,0.08306168420240283,3840,46.37645885156716,318.95686733722687
level_linear_res,v6_robin_level_linear_res_92602,92602,combined,Robin_office_Maryann,0.12641187023505857,0.25194065130029536,3840,485.4215817026249,967.4521009931341
level_linear_res,v6_robin_level_linear_res_92602,92602,combined,Robin_office_Sammie,0.316561637847188,0.428223481663008,3840,1215.596689333202,1644.3781695859507
level_linear_res,v6_robin_level_linear_res_92602,92602,combined,Robin_office_Saul,0.3611364475704992,0.40904718544552454,3840,1386.7639586707169,1570.7411921108142
level_linear_res,v6_robin_level_linear_res_92602,92602,combined,Robin_office_Serena,0.11431316564320773,0.2468371640181431,3840,438.9625560699177,947.8547098296694
level_linear_res,v6_robin_level_linear_res_92602,92602,combined,Robin_office_Shirlene,0.29879708722232656,0.3814064699787802,3840,1147.380814933734,1464.6008447185159
level_linear_res,v6_robin_level_linear_res_92602,92602,combined,Robin_office_Soledad,0.2820487969852369,0.3571177987239133,3838,1082.5032828293392,1370.6181115023792
level_linear_res,v6_robin_level_linear_res_92602,92602,combined,Robin_office_Victor,0.28877922899153674,0.3499779645851201,3840,1108.912239327501,1343.9153840068611
level_linear_res,v6_robin_level_linear_res_92602,92602,combined,Robin_office_Wai,0.09877869537091626,0.20821797241927317,3840,379.31019022431843,799.557014090009
level_linear_res,v6_robin_level_linear_res_92602,92602,combined,Robin_office_Zelma,0.45283249902198697,0.45353417370582366,3840,1738.87679624443,1741.571227030363
lora,v6_robin_lora_92601,92601,test_a,Robin_office_Addie,0.4437805405462465,0.4768611784064584,1920,852.0586378487933,915.5734625404002
lora,v6_robin_lora_92601,92601,test_a,Robin_office_Adolph,0.3066923635004823,0.4135392339512085,1920,588.849337920926,793.9953291863203
lora,v6_robin_lora_92601,92601,test_a,Robin_office_Antonina,0.13484147914346004,0.2695649682980729,1920,258.89563995544324,517.5647391323
lora,v6_robin_lora_92601,92601,test_a,Robin_office_Dina,0.4520935807185335,0.3863892250859256,1920,868.0196749795844,741.8673121649772
lora,v6_robin_lora_92601,92601,test_a,Robin_office_Donald,0.5713634300807205,0.2700211486860364,1920,1097.0177857549834,518.4406054771898
lora,v6_robin_lora_92601,92601,test_a,Robin_office_Erma,0.14233130128059096,0.21846762170219639,1920,273.2760984587346,419.45783366821706
lora,v6_robin_lora_92601,92601,test_a,Robin_office_Gayle,0.22785432751463217,0.3303050304884285,1920,437.48030882809377,634.1856585377827
lora,v6_robin_lora_92601,92601,test_a,Robin_office_Lindsay,0.0,0.0,1920,0.0,0.0
lora,v6_robin_lora_92601,92601,test_a,Robin_office_Maryann,0.08282995967725162,0.17524201245444904,1920,159.0335225803231,336.46466391254216
lora,v6_robin_lora_92601,92601,test_a,Robin_office_Sammie,0.1708532695744783,0.3219885240944374,1920,328.0382775829983,618.2179662613198
lora,v6_robin_lora_92601,92601,test_a,Robin_office_Saul,0.17379044141027197,0.29655519155882454,1920,333.6776475077222,569.3859677929431
lora,v6_robin_lora_92601,92601,test_a,Robin_office_Serena,0.1068287872707358,0.2193121978900308,1920,205.11127155981274,421.07941994885914
lora,v6_robin_lora_92601,92601,test_a,Robin_office_Shirlene,0.20775193020530322,0.29078444176508733,1920,398.8837059941822,558.3061281889677
lora,v6_robin_lora_92601,92601,test_a,Robin_office_Soledad,0.2787688411460934,0.33249233829653047,1920,535.2361750004993,638.3852895293385
lora,v6_robin_lora_92601,92601,test_a,Robin_office_Victor,0.14132080907781763,0.20501531885732524,1920,271.33595342940987,393.62941220606444
lora,v6_robin_lora_92601,92601,test_a,Robin_office_Wai,0.05716030549781017,0.14843846012736323,1920,109.74778655579553,285.00184344453737
lora,v6_robin_lora_92601,92601,test_a,Robin_office_Zelma,0.3929506165864872,0.3658028952902669,1920,754.4651838460554,702.3415589573124
lora,v6_robin_lora_92601,92601,test_b,Robin_office_Addie,0.4578294958197922,0.5097641558139913,1920,879.032631974001,978.7471791628632
lora,v6_robin_lora_92601,92601,test_b,Robin_office_Adolph,0.17556548657869755,0.25838794039991625,1920,337.0857342310993,496.1048455678392
lora,v6_robin_lora_92601,92601,test_b,Robin_office_Antonina,0.0963144049888505,0.22656365541188278,1920,184.92365757859295,435.00221839081496
lora,v6_robin_lora_92601,92601,test_b,Robin_office_Dina,0.15070918130112992,0.21045051339703302,1920,289.36162809816943,404.0649857223034
lora,v6_robin_lora_92601,92601,test_b,Robin_office_Donald,0.9834621183108704,0.32062587620094596,1920,1888.2472671568712,615.6016823058162
lora,v6_robin_lora_92601,92601,test_b,Robin_office_Erma,0.019049841424195857,0.10484268410994749,1920,36.575695534456045,201.29795349109918
lora,v6_robin_lora_92601,92601,test_b,Robin_office_Gayle,0.1964547897649154,0.2551411033316981,1920,377.19319634863757,489.87091839686036
lora,v6_robin_lora_92601,92601,test_b,Robin_office_Lindsay,0.0,0.0,1920,0.0,0.0
lora,v6_robin_lora_92601,92601,test_b,Robin_office_Maryann,0.0682362856002476,0.1871564253116958,1920,131.01366835247538,359.3403365984559
lora,v6_robin_lora_92601,92601,test_b,Robin_office_Sammie,0.20883565685408245,0.2902722228774413,1920,400.9644611598383,557.3226679246873
lora,v6_robin_lora_92601,92601,test_b,Robin_office_Saul,0.33098353141591436,0.3251490030476513,1920,635.4883803185555,624.2860858514905
lora,v6_robin_lora_92601,92601,test_b,Robin_office_Serena,0.08487268379350296,0.2132708304343396,1920,162.95555288352568,409.479994433932
lora,v6_robin_lora_92601,92601,test_b,Robin_office_Shirlene,0.18007122908673007,0.22485841466307951,1920,345.73675984652175,431.72815615311265
lora,v6_robin_lora_92601,92601,test_b,Robin_office_Soledad,0.17940379512403387,0.22410920179304322,1918,344.096479047897,429.8414490390569
lora,v6_robin_lora_92601,92601,test_b,Robin_office_Victor,0.17658399295521437,0.1924631372970301,1920,339.0412664740116,369.5292236102978
lora,v6_robin_lora_92601,92601,test_b,Robin_office_Wai,0.07676279894569965,0.1736769284075611,1920,147.38457397574334,333.45970254251733
lora,v6_robin_lora_92601,92601,test_b,Robin_office_Zelma,0.2675613347285416,0.2376298819911123,1920,513.7177626787999,456.2493734229356
lora,v6_robin_lora_92601,92601,combined,Robin_office_Addie,0.45080501818301955,0.49331266711022487,3840,1731.091269822795,1894.3206417032634
lora,v6_robin_lora_92601,92601,combined,Robin_office_Adolph,0.2411289250395899,0.33596358717556235,3840,925.9350721520252,1290.1001747541595
lora,v6_robin_lora_92601,92601,combined,Robin_office_Antonina,0.11557794206615528,0.24806431185497785,3840,443.81929753403625,952.566957523115
lora,v6_robin_lora_92601,92601,combined,Robin_office_Dina,0.30140138100983177,0.29841986924147934,3840,1157.381303077754,1145.9322978872806
lora,v6_robin_lora_92601,92601,combined,Robin_office_Donald,0.7774127741957956,0.29532351244349114,3840,2985.265052911855,1134.042287783006
lora,v6_robin_lora_92601,92601,combined,Robin_office_Erma,0.08069057135239342,0.16165515290607194,3840,309.85179399319077,620.7557871593162
lora,v6_robin_lora_92601,92601,combined,Robin_office_Gayle,0.2121545586397738,0.2927230669100633,3840,814.6735051767314,1124.056576934643
lora,v6_robin_lora_92601,92601,combined,Robin_office_Lindsay,0.0,0.0,3840,0.0,0.0
lora,v6_robin_lora_92601,92601,combined,Robin_office_Maryann,0.07553312263874959,0.18119921888307242,3840,290.0471909327984,695.8050005109981
lora,v6_robin_lora_92601,92601,combined,Robin_office_Sammie,0.18984446321428042,0.30613037348593936,3840,729.0027387428368,1175.540634186007
lora,v6_robin_lora_92601,92601,combined,Robin_office_Saul,0.25238698641309315,0.31085209730323793,3840,969.1660278262777,1193.6720536444336
lora,v6_robin_lora_92601,92601,combined,Robin_office_Serena,0.09585073553211933,0.2162915141621852,3840,368.0668244433382,830.5594143827911
lora,v6_robin_lora_92601,92601,combined,Robin_office_Shirlene,0.19391157964601674,0.25782142821408344,3840,744.6204658407042,990.0342843420804
lora,v6_robin_lora_92601,92601,combined,Robin_office_Soledad,0.22911220793340178,0.2783290095279821,3838,879.3326540483961,1068.2267385683954
lora,v6_robin_lora_92601,92601,combined,Robin_office_Victor,0.158952401016516,0.19873922807717767,3840,610.3772199034214,763.1586358163622
lora,v6_robin_lora_92601,92601,combined,Robin_office_Wai,0.06696155222175489,0.16105769426746216,3840,257.1323605315388,618.4615459870547
lora,v6_robin_lora_92601,92601,combined,Robin_office_Zelma,0.33025597565751447,0.30171638864068956,3840,1268.1829465248557,1158.590932380248
lora,v6_robin_lora_92602,92602,test_a,Robin_office_Addie,0.4463505979409369,0.47935242383391596,1920,856.9931480465989,920.3566537611187
lora,v6_robin_lora_92602,92602,test_a,Robin_office_Adolph,0.3115296470612747,0.4190401721590509,1920,598.1369223576473,804.5571305453777
lora,v6_robin_lora_92602,92602,test_a,Robin_office_Antonina,0.13539546556972334,0.2702591683337232,1920,259.95929389386885,518.8976032007486
lora,v6_robin_lora_92602,92602,test_a,Robin_office_Dina,0.4563095937339587,0.3875771748600528,1920,876.1144199692006,744.1481757313013
lora,v6_robin_lora_92602,92602,test_a,Robin_office_Donald,0.5982899539558506,0.2796138662382835,1920,1148.7167115952332,536.8586231775043
lora,v6_robin_lora_92602,92602,test_a,Robin_office_Erma,0.137251043412604,0.21568175277813376,1920,263.52200335219965,414.10896533401683
lora,v6_robin_lora_92602,92602,test_a,Robin_office_Gayle,0.24130076526121308,0.3376042037135145,1920,463.29746930152913,648.2000711299479
lora,v6_robin_lora_92602,92602,test_a,Robin_office_Lindsay,0.0,0.0,1920,0.0,0.0
lora,v6_robin_lora_92602,92602,test_a,Robin_office_Maryann,0.08217552249529432,0.17588687135479025,1920,157.7770031909651,337.7027930011973
lora,v6_robin_lora_92602,92602,test_a,Robin_office_Sammie,0.175616034022394,0.32638596472049053,1920,337.1827853229965,626.6610522633418
lora,v6_robin_lora_92602,92602,test_a,Robin_office_Saul,0.1823585692652298,0.30603400349791626,1920,350.1284529892412,587.5852867159992
lora,v6_robin_lora_92602,92602,test_a,Robin_office_Serena,0.10610187926324129,0.21936807464032124,1920,203.71560818542326,421.18670330941677
lora,v6_robin_lora_92602,92602,test_a,Robin_office_Shirlene,0.19761588128580246,0.2905392262560781,1920,379.4224920687407,557.83531441167
lora,v6_robin_lora_92602,92602,test_a,Robin_office_Soledad,0.2743595531673155,0.33005987386083385,1920,526.7703420812458,633.714957812801
lora,v6_robin_lora_92602,92602,test_a,Robin_office_Victor,0.13246549318703427,0.2012010906608642,1920,254.3337469191058,386.30609406885924
lora,v6_robin_lora_92602,92602,test_a,Robin_office_Wai,0.05682216705732044,0.14827486072535975,1920,109.09856075005524,284.68773259269074
lora,v6_robin_lora_92602,92602,test_a,Robin_office_Zelma,0.41302604769245105,0.37759638461332845,1920,793.010011569506,724.9850584575906
lora,v6_robin_lora_92602,92602,test_b,Robin_office_Addie,0.45838413394246225,0.510392291448655,1920,880.0975371695275,979.9531995814177
lora,v6_robin_lora_92602,92602,test_b,Robin_office_Adolph,0.17472104119596799,0.25778500761625767,1920,335.46439909625855,494.9472146232147
lora,v6_robin_lora_92602,92602,test_b,Robin_office_Antonina,0.09415005361864838,0.22465782021705916,1920,180.7681029478049,431.34301481675357
lora,v6_robin_lora_92602,92602,test_b,Robin_office_Dina,0.15444853638180328,0.21273946514508377,1920,296.5411898530623,408.45977307856083
lora,v6_robin_lora_92602,92602,test_b,Robin_office_Donald,0.9990727355511116,0.3210988850180077,1920,1918.2196522581344,616.5098592345748
lora,v6_robin_lora_92602,92602,test_b,Robin_office_Erma,0.019604771129117234,0.10680856260005385,1920,37.64116056790509,205.0724401921034
lora,v6_robin_lora_92602,92602,test_b,Robin_office_Gayle,0.20238459626916605,0.26153085243034485,1920,388.57842483679883,502.13923666626215
lora,v6_robin_lora_92602,92602,test_b,Robin_office_Lindsay,0.0,0.0,1920,0.0,0.0
lora,v6_robin_lora_92602,92602,test_b,Robin_office_Maryann,0.06860396671766208,0.18843087977341685,1920,131.7196160979112,361.7872891649604
lora,v6_robin_lora_92602,92602,test_b,Robin_office_Sammie,0.21267654548274012,0.2964068146645635,1920,408.33896732686105,569.1010841559619
lora,v6_robin_lora_92602,92602,test_b,Robin_office_Saul,0.3397512208615723,0.33067418753247085,1920,652.3223440542188,634.8944400623441
lora,v6_robin_lora_92602,92602,test_b,Robin_office_Serena,0.0850930125326361,0.21533366920339175,1920,163.3785840626613,413.4406448705122
lora,v6_robin_lora_92602,92602,test_b,Robin_office_Shirlene,0.1854436983577548,0.2280371166532859,1920,356.05190084688917,437.83126397430897
lora,v6_robin_lora_92602,92602,test_b,Robin_office_Soledad,0.18026003483987318,0.22654478403528894,1918,345.73874682287675,434.5128957796842
lora,v6_robin_lora_92602,92602,test_b,Robin_office_Victor,0.18447710493585243,0.1965695643742341,1920,354.1960414768367,377.41356359852944
lora,v6_robin_lora_92602,92602,test_b,Robin_office_Wai,0.07619018421103368,0.17435244163522537,1920,146.28515368518467,334.7566879396327
lora,v6_robin_lora_92602,92602,test_b,Robin_office_Zelma,0.27925888457138126,0.24050878244549193,1920,536.177058377052,461.7768622953445
lora,v6_robin_lora_92602,92602,combined,Robin_office_Addie,0.4523673659416996,0.4948723576412855,3840,1737.0906852161263,1900.3098533425364
lora,v6_robin_lora_92602,92602,combined,Robin_office_Adolph,0.24312534412862122,0.33841258988765427,3840,933.6013214539055,1299.5043451685924
lora,v6_robin_lora_92602,92602,combined,Robin_office_Antonina,0.11477275959418588,0.24745849427539118,3840,440.7273968416738,950.2406180175021
lora,v6_robin_lora_92602,92602,combined,Robin_office_Dina,0.3053790650578809,0.30015832000256826,3840,1172.6556098222627,1152.6079488098621
lora,v6_robin_lora_92602,92602,combined,Robin_office_Donald,0.798681344753481,0.3003563756281456,3840,3066.936363853367,1153.3684824120792
lora,v6_robin_lora_92602,92602,combined,Robin_office_Erma,0.0784279072708606,0.1612451576890938,3840,301.1631639201047,619.1814055261202
lora,v6_robin_lora_92602,92602,combined,Robin_office_Gayle,0.22184268076518965,0.2995675280719297,3840,851.8758941383282,1150.33930779621
lora,v6_robin_lora_92602,92602,combined,Robin_office_Lindsay,0.0,0.0,3840,0.0,0.0
lora,v6_robin_lora_92602,92602,combined,Robin_office_Maryann,0.0753897446064782,0.18215887556410357,3840,289.4966192888763,699.4900821661577
lora,v6_robin_lora_92602,92602,combined,Robin_office_Sammie,0.19414628975256715,0.31139638969252703,3840,745.5217526498578,1195.7621364193037
lora,v6_robin_lora_92602,92602,combined,Robin_office_Saul,0.26105489506340107,0.31835409551519356,3840,1002.4507970434602,1222.4797267783433
lora,v6_robin_lora_92602,92602,combined,Robin_office_Serena,0.09559744589793871,0.2173508719218565,3840,367.09419224808465,834.627348179929
lora,v6_robin_lora_92602,92602,combined,Robin_office_Shirlene,0.19152978982177865,0.259288171454682,3840,735.47439291563,995.6665783859789
lora,v6_robin_lora_92602,92602,combined,Robin_office_Soledad,0.22733431185620698,0.2783293000501525,3838,872.5090889041223,1068.2278535924852
lora,v6_robin_lora_92602,92602,combined,Robin_office_Victor,0.1584712990614433,0.19888532751754914,3840,608.5297883959423,763.7196576673887
lora,v6_robin_lora_92602,92602,combined,Robin_office_Wai,0.06650617563417706,0.16131365118029256,3840,255.3837144352399,619.4444205323234
lora,v6_robin_lora_92602,92602,combined,Robin_office_Zelma,0.3461424661319162,0.3090525835294102,3840,1329.187069946558,1186.761920752935
f0,v6_robin_f0,,test_a,Robin_office_Addie,0.4642650525676533,0.48382292990039183,1920,891.3889009298944,928.9400254087523
f0,v6_robin_f0,,test_a,Robin_office_Adolph,0.32161636613741046,0.42905410009746753,1920,617.503422983828,823.7838721871376
f0,v6_robin_f0,,test_a,Robin_office_Antonina,0.13713804369290478,0.27556517796019764,1920,263.3050438903772,529.0851416835794
f0,v6_robin_f0,,test_a,Robin_office_Dina,0.404977152647814,0.36886828926605325,1920,777.5561330838028,708.2271153908223
f0,v6_robin_f0,,test_a,Robin_office_Donald,0.5513038186907249,0.27649791428544856,1920,1058.5033318861917,530.8759954280613
f0,v6_robin_f0,,test_a,Robin_office_Erma,0.13549004001517082,0.2170045720631606,1920,260.140876829128,416.64877836126834
f0,v6_robin_f0,,test_a,Robin_office_Gayle,0.2985323912789288,0.3619232706880818,1920,573.1821912555432,694.892679721117
f0,v6_robin_f0,,test_a,Robin_office_Lindsay,1.3026616822268503e-14,1.0927518208821614e-07,1920,2.5011104298755527e-11,0.000209808349609375
f0,v6_robin_f0,,test_a,Robin_office_Maryann,0.08205247973282942,0.17723178072628798,1920,157.54076108703248,340.2850189944729
f0,v6_robin_f0,,test_a,Robin_office_Sammie,0.1783844586857461,0.32785223776348477,1920,342.4981606766325,629.4762965058908
f0,v6_robin_f0,,test_a,Robin_office_Saul,0.20372863038741715,0.3227154775260715,1920,391.1589703438409,619.6137168500572
f0,v6_robin_f0,,test_a,Robin_office_Serena,0.10831905637733688,0.2286360677064901,1920,207.97258824448681,438.981249996461
f0,v6_robin_f0,,test_a,Robin_office_Shirlene,0.18128444920068346,0.28359844899581127,1920,348.0661424653122,544.5090220719576
f0,v6_robin_f0,,test_a,Robin_office_Soledad,0.2690880114486944,0.3266729532556686,1920,516.6489819814932,627.2120702508837
f0,v6_robin_f0,,test_a,Robin_office_Victor,0.1310436729906916,0.20268243008549688,1920,251.60385214212792,389.150265764154
f0,v6_robin_f0,,test_a,Robin_office_Wai,0.05602722918339764,0.14856340605280519,1920,107.57228003212347,285.24173962138593
f0,v6_robin_f0,,test_a,Robin_office_Zelma,0.4129081639362846,0.38142369558997113,1920,792.7836747576664,732.3334955327446
f0,v6_robin_f0,,test_b,Robin_office_Addie,0.48335003280850397,0.514646970285412,1920,928.0320629923276,988.122182947991
f0,v6_robin_f0,,test_b,Robin_office_Adolph,0.1728588140375211,0.25953639248873517,1920,331.8889229520405,498.3098735783715
f0,v6_robin_f0,,test_b,Robin_office_Antonina,0.09625810383850336,0.22613844256217513,1920,184.81555936992646,434.18580971937627
f0,v6_robin_f0,,test_b,Robin_office_Dina,0.16135839042181596,0.2203516321935846,1920,309.8081096098866,423.07513381168246
f0,v6_robin_f0,,test_b,Robin_office_Donald,1.0099557937247432,0.3278614472134677,1920,1939.115123951507,629.493978649858
f0,v6_robin_f0,,test_b,Robin_office_Erma,0.02066229190845581,0.1093223948405163,1920,39.671600464235155,209.8989980937913
f0,v6_robin_f0,,test_b,Robin_office_Gayle,0.2372701802554177,0.2860751627769787,1920,455.558746090402,549.2643125317991
f0,v6_robin_f0,,test_b,Robin_office_Lindsay,1.3026616822268503e-14,1.0927518208821614e-07,1920,2.5011104298755527e-11,0.000209808349609375
f0,v6_robin_f0,,test_b,Robin_office_Maryann,0.07064041838742204,0.19242528518952895,1920,135.6296033038503,369.4565475638956
f0,v6_robin_f0,,test_b,Robin_office_Sammie,0.22796191638710095,0.30697813724691514,1920,437.6868794632338,589.3980235140771
f0,v6_robin_f0,,test_b,Robin_office_Saul,0.34146938469652593,0.33215088575767976,1920,655.6212186173298,637.7297006547451
f0,v6_robin_f0,,test_b,Robin_office_Serena,0.09140706633939341,0.2232800202660049,1920,175.50156737163536,428.69763891072944
f0,v6_robin_f0,,test_b,Robin_office_Shirlene,0.19425791967616082,0.23549321458752578,1920,372.97520577822877,452.1469720080495
f0,v6_robin_f0,,test_b,Robin_office_Soledad,0.18089804311533367,0.22960482939895208,1918,346.96244669520996,440.3820627871901
f0,v6_robin_f0,,test_b,Robin_office_Victor,0.20095472663987257,0.21279039489872958,1920,385.83307514855534,408.5575582055608
f0,v6_robin_f0,,test_b,Robin_office_Wai,0.07367337175864573,0.1698048708603892,1920,141.4528737765998,326.02535205194727
f0,v6_robin_f0,,test_b,Robin_office_Zelma,0.29005891936547035,0.2518904043924219,1920,556.9131251817031,483.62957643345
f0,v6_robin_f0,,combined,Robin_office_Addie,0.4738075426880785,0.49923495009290186,3840,1819.4209639222215,1917.0622083567432
f0,v6_robin_f0,,combined,Robin_office_Adolph,0.2472375900874657,0.3442952462931013,3840,949.3923459358683,1322.093745765509
f0,v6_robin_f0,,combined,Robin_office_Antonina,0.11669807376570408,0.25085181026118636,3840,448.12060326030365,963.2709514029557
f0,v6_robin_f0,,combined,Robin_office_Dina,0.2831677715348148,0.29460996072981893,3840,1087.364242693689,1131.3022492025048
f0,v6_robin_f0,,combined,Robin_office_Donald,0.7806298062077343,0.30217968074945817,3840,2997.6184558376995,1160.3699740779193
f0,v6_robin_f0,,combined,Robin_office_Erma,0.07807616596181331,0.16316348345183845,3840,299.81247729336314,626.5477764550596
f0,v6_robin_f0,,combined,Robin_office_Gayle,0.2679012857671733,0.32399921673253024,3840,1028.7409373459454,1244.156992252916
f0,v6_robin_f0,,combined,Robin_office_Lindsay,1.3026616822268503e-14,1.0927518208821614e-07,3840,5.002220859751105e-11,0.00041961669921875
f0,v6_robin_f0,,combined,Robin_office_Maryann,0.0763464490601257,0.18482853295790846,3840,293.1703643908827,709.7415665583685
f0,v6_robin_f0,,combined,Robin_office_Sammie,0.20317318753642352,0.3174151875052,3840,780.1850401398664,1218.8743200199679
f0,v6_robin_f0,,combined,Robin_office_Saul,0.2725990075419714,0.3274331816418756,3840,1046.7801889611703,1257.3434175048023
f0,v6_robin_f0,,combined,Robin_office_Serena,0.09986306135836516,0.2259580439862475,3840,383.47415561612223,867.6788889071904
f0,v6_robin_f0,,combined,Robin_office_Shirlene,0.18777118443842214,0.2595458317916685,3840,721.041348243541,996.6559940800071
f0,v6_robin_f0,,combined,Robin_office_Soledad,0.22501600538736405,0.2781641826571323,3838,863.6114286767032,1067.5941330380738
f0,v6_robin_f0,,combined,Robin_office_Victor,0.16599919981528208,0.20773641249211322,3840,637.4369272906832,797.7078239697148
f0,v6_robin_f0,,combined,Robin_office_Wai,0.06485030047102171,0.15918413845659718,3840,249.02515380872333,611.2670916733332
f0,v6_robin_f0,,combined,Robin_office_Zelma,0.35148354165087764,0.3166570499911965,3840,1349.69679993937,1215.9630719661945
compress,v6_robin_compress,,test_a,Robin_office_Addie,0.6426142832541962,0.6262974350783528,1920,1233.8194238480567,1202.4910753504373
compress,v6_robin_compress,,test_a,Robin_office_Adolph,2.106514453937649,1.3000897887532725,1920,4044.507751560286,2496.1723944062833
compress,v6_robin_compress,,test_a,Robin_office_Antonina,0.1774246903922947,0.32362492018328337,1920,340.6554055532058,621.3598467519041
compress,v6_robin_compress,,test_a,Robin_office_Dina,0.46513882663500644,0.5092622032888661,1920,893.0665471392124,977.7834303146228
compress,v6_robin_compress,,test_a,Robin_office_Donald,10.022296334635472,2.654983794616021,1920,19242.808962500105,5097.56888566276
compress,v6_robin_compress,,test_a,Robin_office_Erma,0.22973612623033096,0.3609085728768908,1920,441.09336236223544,692.9444599236303
compress,v6_robin_compress,,test_a,Robin_office_Gayle,0.5891621464509161,0.6065658281513,1920,1131.191321185759,1164.606390050496
compress,v6_robin_compress,,test_a,Robin_office_Lindsay,0.06758740485721562,0.20050715156103252,1920,129.767817325854,384.97373099718243
compress,v6_robin_compress,,test_a,Robin_office_Maryann,0.2028482610685032,0.3680829763517219,1920,389.46866125152616,706.7193145953061
compress,v6_robin_compress,,test_a,Robin_office_Sammie,0.7918787032695497,0.769292568150098,1920,1520.4071102775354,1477.0417308481883
compress,v6_robin_compress,,test_a,Robin_office_Saul,0.3792680126142722,0.482798936914575,1920,728.1945842194026,926.973958875984
compress,v6_robin_compress,,test_a,Robin_office_Serena,0.29777545550954404,0.4481724709240249,1920,571.7288745783245,860.4911441741278
compress,v6_robin_compress,,test_a,Robin_office_Shirlene,1.4165422528392624,1.0924154417817211,1920,2719.7611254513836,2097.4376482209045
compress,v6_robin_compress,,test_a,Robin_office_Soledad,0.51617024283223,0.5617171824430746,1920,991.0468662378815,1078.4969902907033
compress,v6_robin_compress,,test_a,Robin_office_Victor,0.4299476150261402,0.4935188777645332,1920,825.4994208501892,947.5562453079037
compress,v6_robin_compress,,test_a,Robin_office_Wai,0.26821750286973617,0.44780820948750866,1920,514.9776055098935,859.7917622160167
compress,v6_robin_compress,,test_a,Robin_office_Zelma,0.4970079426233845,0.5333548702667258,1920,954.2552498368982,1024.0413509121136
compress,v6_robin_compress,,test_b,Robin_office_Addie,0.8194829481331602,0.7438059668807909,1920,1573.4072604156677,1428.1074564111186
compress,v6_robin_compress,,test_b,Robin_office_Adolph,0.9882565500888443,0.7859525016021507,1920,1897.452576170581,1509.0288030761294
compress,v6_robin_compress,,test_b,Robin_office_Antonina,0.22736496530623515,0.357531891788858,1920,436.5407333879715,686.4612322346075
compress,v6_robin_compress,,test_b,Robin_office_Dina,0.24037551707551624,0.3402640594286216,1920,461.52099278499117,653.3069941029535
compress,v6_robin_compress,,test_b,Robin_office_Donald,5.910026352374109,1.8511161254030184,1920,11347.25059655829,3554.1429607737955
compress,v6_robin_compress,,test_b,Robin_office_Erma,0.16802375063355307,0.32980914336439277,1920,322.6056012164219,633.2335552596342
compress,v6_robin_compress,,test_b,Robin_office_Gayle,0.286459849200791,0.4002178563493241,1920,550.0029104655187,768.4182841907023
compress,v6_robin_compress,,test_b,Robin_office_Lindsay,0.16418208063973477,0.3473530656226103,1920,315.2295948282908,666.9178859954118
compress,v6_robin_compress,,test_b,Robin_office_Maryann,0.2772283850921942,0.44759037630728926,1920,532.2784993770128,859.3735225099954
compress,v6_robin_compress,,test_b,Robin_office_Sammie,1.1121167023481098,0.9126618696444818,1920,2135.2640685083707,1752.310789717405
compress,v6_robin_compress,,test_b,Robin_office_Saul,0.4898835656582245,0.504585635197994,1920,940.5764460637911,968.8044195801485
compress,v6_robin_compress,,test_b,Robin_office_Serena,0.6537946981234228,0.7496064229457261,1920,1255.2858203969718,1439.244332055794
compress,v6_robin_compress,,test_b,Robin_office_Shirlene,0.8945647545506261,0.8288329892368135,1920,1717.5643287372022,1591.3593393346819
compress,v6_robin_compress,,test_b,Robin_office_Soledad,0.42096227266849917,0.45042217006213475,1918,807.4056389781814,863.9097221791744
compress,v6_robin_compress,,test_b,Robin_office_Victor,0.7673897225501142,0.7801529400735693,1920,1473.3882672962193,1497.8936449412531
compress,v6_robin_compress,,test_b,Robin_office_Wai,0.39713417622838454,0.5209884704895861,1920,762.4976183584984,1000.2978633400053
compress,v6_robin_compress,,test_b,Robin_office_Zelma,0.30135878297948027,0.37324527313006306,1920,578.6088633206022,716.630924409721
compress,v6_robin_compress,,combined,Robin_office_Addie,0.731048615693678,0.6850517009795719,3840,2807.226684263723,2630.598531761556
compress,v6_robin_compress,,combined,Robin_office_Adolph,1.547385502013247,1.0430211451777116,3840,5941.960327730869,4005.2011974824127
compress,v6_robin_compress,,combined,Robin_office_Antonina,0.20239482784926494,0.3405784059860707,3840,777.1961389411773,1307.8210789865116
compress,v6_robin_compress,,combined,Robin_office_Dina,0.3527571718552614,0.42476313135874383,3840,1354.5875399242038,1631.0904244175763
compress,v6_robin_compress,,combined,Robin_office_Donald,7.966161343504789,2.2530499600095197,3840,30590.059559058387,8651.711846436556
compress,v6_robin_compress,,combined,Robin_office_Erma,0.19887993843194193,0.3453588581206418,3840,763.6989635786571,1326.1780151832645
compress,v6_robin_compress,,combined,Robin_office_Gayle,0.43781099782585353,0.5033918422503121,3840,1681.1942316512775,1933.0246742411982
compress,v6_robin_compress,,combined,Robin_office_Lindsay,0.11588474274847523,0.27393010859182143,3840,444.99741215414485,1051.8916169925942
compress,v6_robin_compress,,combined,Robin_office_Maryann,0.2400383230803487,0.4078366763295056,3840,921.747160628539,1566.0928371053014
compress,v6_robin_compress,,combined,Robin_office_Sammie,0.9519977028088299,0.8409772188972899,3840,3655.6711787859067,3229.3525205655933
compress,v6_robin_compress,,combined,Robin_office_Saul,0.4345757891362484,0.4936922860562845,3840,1668.7710302831938,1895.7783784561325
compress,v6_robin_compress,,combined,Robin_office_Serena,0.47578507681648313,0.5988894469348754,3840,1827.0146949752952,2299.735476229922
compress,v6_robin_compress,,combined,Robin_office_Shirlene,1.1555535036949438,0.9606242155092672,3840,4437.325454188584,3688.7969875555864
compress,v6_robin_compress,,combined,Robin_office_Soledad,0.46859106441273113,0.506098674431964,3838,1798.452505216062,1942.4067124698777
compress,v6_robin_compress,,combined,Robin_office_Victor,0.5986686687881274,0.6368359089190513,3840,2298.8876881464093,2445.449890249157
compress,v6_robin_compress,,combined,Robin_office_Wai,0.3326758395490604,0.48439833998854737,3840,1277.4752238683918,1860.089625556022
compress,v6_robin_compress,,combined,Robin_office_Zelma,0.39918336280143246,0.4533000716983944,3840,1532.8641131575007,1740.6722753218346
level_only,v6_robin_level_only,,test_a,Robin_office_Addie,0.6838679034839605,0.6190345649853649,1920,1313.0263746892042,1188.5463647719007
level_only,v6_robin_level_only,,test_a,Robin_office_Adolph,0.6621150808661299,0.6208316115381118,1920,1271.2609552629694,1191.9966941531748
level_only,v6_robin_level_only,,test_a,Robin_office_Antonina,0.20304209421448816,0.34790633570034213,1920,389.84082089181726,667.9801645446569
level_only,v6_robin_level_only,,test_a,Robin_office_Dina,0.4041656136395594,0.4129033810837427,1920,775.997978187954,792.774491680786
level_only,v6_robin_level_only,,test_a,Robin_office_Donald,1.093997974242627,0.6280454886653957,1920,2100.4761105458438,1205.8473382375596
level_only,v6_robin_level_only,,test_a,Robin_office_Erma,0.17492791100662436,0.3003553858754458,1920,335.8615891327188,576.6823408808559
level_only,v6_robin_level_only,,test_a,Robin_office_Gayle,0.37294808441815064,0.4608958179601662,1920,716.0603220828492,884.9199704835191
level_only,v6_robin_level_only,,test_a,Robin_office_Lindsay,0.0412992433735113,0.14324452860552508,1920,79.29454727714169,275.02949492260814
level_only,v6_robin_level_only,,test_a,Robin_office_Maryann,0.1068695433609289,0.2361883872678542,1920,205.1895232529835,453.4817035542801
level_only,v6_robin_level_only,,test_a,Robin_office_Sammie,0.35783188158980284,0.46272193438126125,1920,687.0372126524214,888.4261140120216
level_only,v6_robin_level_only,,test_a,Robin_office_Saul,0.2296454893540787,0.3531598683213815,1920,440.9193395598311,678.0669471770525
level_only,v6_robin_level_only,,test_a,Robin_office_Serena,0.13371509947587013,0.2671388328320366,1920,256.7329909936706,512.9065590375103
level_only,v6_robin_level_only,,test_a,Robin_office_Shirlene,0.40497180131297256,0.49193456008215436,1920,777.5458585209074,944.5143553577363
level_only,v6_robin_level_only,,test_a,Robin_office_Soledad,0.4110216683440784,0.4615636151269428,1920,789.1616032206305,886.2021410437301
level_only,v6_robin_level_only,,test_a,Robin_office_Victor,0.31106179108582405,0.3795997551850026,1920,597.2386388847822,728.831529955205
level_only,v6_robin_level_only,,test_a,Robin_office_Wai,0.0659709371538532,0.1794744745377102,1920,126.66419933539815,344.5909911124036
level_only,v6_robin_level_only,,test_a,Robin_office_Zelma,0.3918352612247909,0.43140086746813416,1920,752.3237015515986,828.2896655388176
level_only,v6_robin_level_only,,test_b,Robin_office_Addie,0.7489219405988923,0.6812574661194049,1920,1437.9301259498732,1308.0143349492573
level_only,v6_robin_level_only,,test_b,Robin_office_Adolph,0.4548523308115791,0.4782060226024138,1920,873.3164751582319,918.1555633966345
level_only,v6_robin_level_only,,test_b,Robin_office_Antonina,0.2444064365933705,0.3682076959851353,1920,469.26035825927136,706.9587762914598
level_only,v6_robin_level_only,,test_b,Robin_office_Dina,0.1924109840383293,0.29686766443386053,1920,369.42908935359225,569.9859157130122
level_only,v6_robin_level_only,,test_b,Robin_office_Donald,0.9929708743446641,0.5225517320825019,1920,1906.5040787417552,1003.2993255984038
level_only,v6_robin_level_only,,test_b,Robin_office_Erma,0.11451183457096513,0.25131526772262686,1920,219.86272237625306,482.5253140274435
level_only,v6_robin_level_only,,test_b,Robin_office_Gayle,0.24286576620721415,0.3408000597303423,1920,466.30227111785115,654.3361146822572
level_only,v6_robin_level_only,,test_b,Robin_office_Lindsay,0.04558972244367403,0.1618007498172422,1920,87.53226709185414,310.6574396491051
level_only,v6_robin_level_only,,test_b,Robin_office_Maryann,0.1539056852173927,0.2827742954279529,1920,295.498915617394,542.9266472216696
level_only,v6_robin_level_only,,test_b,Robin_office_Sammie,0.7201191961221727,0.6280571881730187,1920,1382.6288565545715,1205.869801292196
level_only,v6_robin_level_only,,test_b,Robin_office_Saul,0.531930374762961,0.4521855360711925,1920,1021.3063195448851,868.1962292566895
level_only,v6_robin_level_only,,test_b,Robin_office_Serena,0.15286777141812338,0.29404486738882646,1920,293.5061211227969,564.5661453865469
level_only,v6_robin_level_only,,test_b,Robin_office_Shirlene,0.2748167761728586,0.3311513088061474,1920,527.6482102518885,635.8105129078031
level_only,v6_robin_level_only,,test_b,Robin_office_Soledad,0.27059895555170127,0.3275583912506777,1918,519.008796748163,628.2569944187999
level_only,v6_robin_level_only,,test_b,Robin_office_Victor,0.24961551706778998,0.33505311674701566,1920,479.2617927701568,643.30198415427
level_only,v6_robin_level_only,,test_b,Robin_office_Wai,0.162201845244301,0.27834801271286175,1920,311.42754286905796,534.4281844086945
level_only,v6_robin_level_only,,test_b,Robin_office_Zelma,0.26543396649324075,0.30755093082940826,1920,509.6332156670223,590.4977871924639
level_only,v6_robin_level_only,,combined,Robin_office_Addie,0.7163949220414262,0.6501460155523849,3840,2750.9565006390767,2496.560699721158
level_only,v6_robin_level_only,,combined,Robin_office_Adolph,0.5584837058388544,0.5495188170702628,3840,2144.577430421201,2110.1522575498093
level_only,v6_robin_level_only,,combined,Robin_office_Antonina,0.2237242654039294,0.3580570158427387,3840,859.1011791510889,1374.9389408361167
level_only,v6_robin_level_only,,combined,Robin_office_Dina,0.29828829883894425,0.35488552275880164,3840,1145.427067541546,1362.7604073937982
level_only,v6_robin_level_only,,combined,Robin_office_Donald,1.0434844242936452,0.5752986103739488,3840,4006.9801892875976,2209.1466638359634
level_only,v6_robin_level_only,,combined,Robin_office_Erma,0.14471987278879475,0.27583532679903633,3840,555.7243115089718,1059.2076549082994
level_only,v6_robin_level_only,,combined,Robin_office_Gayle,0.3079069253126824,0.40084793884525427,3840,1182.3625932007003,1539.2560851657763
level_only,v6_robin_level_only,,combined,Robin_office_Lindsay,0.04344448290859267,0.15252263921138365,3840,166.82681436899585,585.6869345717132
level_only,v6_robin_level_only,,combined,Robin_office_Maryann,0.13038761428916082,0.25948134134790357,3840,500.6884388703776,996.4083507759497
level_only,v6_robin_level_only,,combined,Robin_office_Sammie,0.5389755388559878,0.54538956127714,3840,2069.666069206993,2094.2959153042175
level_only,v6_robin_level_only,,combined,Robin_office_Saul,0.38078793205851974,0.402672702196287,3840,1462.2256591047158,1546.263176433742
level_only,v6_robin_level_only,,combined,Robin_office_Serena,0.14329143544699677,0.28059185011043153,3840,550.2391121164676,1077.4727044240572
level_only,v6_robin_level_only,,combined,Robin_office_Shirlene,0.3398942887429154,0.4115429344441509,3840,1305.1940687727952,1580.3248682655394
level_only,v6_robin_level_only,,combined,Robin_office_Soledad,0.3408468994186538,0.39459591856762116,3838,1308.1703999687934,1514.45913546253
level_only,v6_robin_level_only,,combined,Robin_office_Victor,0.28033865407680697,0.35732643596600916,3840,1076.5004316549387,1372.133514109475
level_only,v6_robin_level_only,,combined,Robin_office_Wai,0.11408639119907707,0.22891124362528595,3840,438.09174220445595,879.0191755210981
level_only,v6_robin_level_only,,combined,Robin_office_Zelma,0.3286346138590159,0.3694758991487712,3840,1261.956917218621,1418.7874527312815
shared,shared_ridge_p0p001,,test_a,Robin_office_Addie,0.5205306657856273,0.5216417850459796,1920,999.4188783084046,1001.5522272882808
shared,shared_ridge_p0p001,,test_a,Robin_office_Adolph,0.3740233524553086,0.4591024371128393,1920,718.1248367141925,881.4766792566516
shared,shared_ridge_p0p001,,test_a,Robin_office_Antonina,0.1682367809711082,0.2971584331258782,1920,323.01461946452775,570.5441916016862
shared,shared_ridge_p0p001,,test_a,Robin_office_Dina,0.5874049609370502,0.5164123285018528,1920,1127.8175249991364,991.5116707235575
shared,shared_ridge_p0p001,,test_a,Robin_office_Donald,1.519036233135963,0.8803627774869975,1920,2916.549567621049,1690.2965327750353
shared,shared_ridge_p0p001,,test_a,Robin_office_Erma,0.15890028424359842,0.2505281845503608,1920,305.08854574770896,481.0141143366927
shared,shared_ridge_p0p001,,test_a,Robin_office_Gayle,0.2569511841914815,0.36684643750074125,1920,493.34627364764447,704.3451600014232
shared,shared_ridge_p0p001,,test_a,Robin_office_Lindsay,0.040377354181505946,0.18859759966532388,1920,77.52452002849142,362.1073913574219
shared,shared_ridge_p0p001,,test_a,Robin_office_Maryann,0.13110347478154533,0.24797294287433638,1920,251.71867158056705,476.1080503187259
shared,shared_ridge_p0p001,,test_a,Robin_office_Sammie,0.2276916703265851,0.3841441124539415,1920,437.1680070270434,737.5566959115677
shared,shared_ridge_p0p001,,test_a,Robin_office_Saul,0.21101542425861064,0.35985270374223244,1920,405.14961457653243,690.9171911850863
shared,shared_ridge_p0p001,,test_a,Robin_office_Serena,0.11656012634566398,0.2395979432478877,1920,223.79544258367486,460.0280510359444
shared,shared_ridge_p0p001,,test_a,Robin_office_Shirlene,0.27813488121682756,0.3695866078892929,1920,534.018971936309,709.6062871474423
shared,shared_ridge_p0p001,,test_a,Robin_office_Soledad,0.32096018220058414,0.4246911358912257,1920,616.2435498251216,815.4069809111534
shared,shared_ridge_p0p001,,test_a,Robin_office_Victor,0.2558573073687604,0.31547458173023796,1920,491.24603014802,605.7111969220568
shared,shared_ridge_p0p001,,test_a,Robin_office_Wai,0.08989403814125728,0.18793013325204508,1920,172.596553231214,360.82585584392655
shared,shared_ridge_p0p001,,test_a,Robin_office_Zelma,0.532633823302958,0.510836063001807,1920,1022.6569407416795,980.8052409634693
shared,shared_ridge_p0p001,,test_b,Robin_office_Addie,0.5582377407210951,0.5611133617920435,1920,1071.8164621845026,1077.3376546407235
shared,shared_ridge_p0p001,,test_b,Robin_office_Adolph,0.20394773665312285,0.33262719648654787,1920,391.5796543739959,638.644217254172
shared,shared_ridge_p0p001,,test_b,Robin_office_Antonina,0.14765442325656822,0.29144772639185323,1920,283.496492652611,559.5796346723582
shared,shared_ridge_p0p001,,test_b,Robin_office_Dina,0.24055120888629616,0.3315671472148324,1920,461.8583210616886,636.6089226524782
shared,shared_ridge_p0p001,,test_b,Robin_office_Donald,1.5470214207468025,0.8580951925472694,1920,2970.281127833861,1647.5427696907573
shared,shared_ridge_p0p001,,test_b,Robin_office_Erma,0.031275654378471456,0.14036637173494076,1920,60.0492564066652,269.50343373108626
shared,shared_ridge_p0p001,,test_b,Robin_office_Gayle,0.27942892290513205,0.36446700172449104,1920,536.5035319778535,699.7766433110228
shared,shared_ridge_p0p001,,test_b,Robin_office_Lindsay,0.040377354181505946,0.18859759966532388,1920,77.52452002849142,362.1073913574219
shared,shared_ridge_p0p001,,test_b,Robin_office_Maryann,0.09375267219124249,0.2289040932260832,1920,180.00513060718558,439.49585899407975
shared,shared_ridge_p0p001,,test_b,Robin_office_Sammie,0.35174101208470504,0.44633552822948935,1920,675.3427432026336,856.9642142006196
shared,shared_ridge_p0p001,,test_b,Robin_office_Saul,0.8162016471788973,0.6701863974677205,1920,1567.107162583483,1286.7578831380233
shared,shared_ridge_p0p001,,test_b,Robin_office_Serena,0.14109472447254007,0.27360104347393793,1920,270.90187098727694,525.3140034699609
shared,shared_ridge_p0p001,,test_b,Robin_office_Shirlene,0.28732084845998423,0.3605973419094047,1920,551.6560290431697,692.3468964660569
shared,shared_ridge_p0p001,,test_b,Robin_office_Soledad,0.24188388604925146,0.345997116950108,1918,463.9332934424643,663.6224703103071
shared,shared_ridge_p0p001,,test_b,Robin_office_Victor,0.2699674558589199,0.3255040750220966,1920,518.3375152491262,624.9678240424255
shared,shared_ridge_p0p001,,test_b,Robin_office_Wai,0.11878711797885082,0.21344976314060962,1920,228.07126651939356,409.8235452299705
shared,shared_ridge_p0p001,,test_b,Robin_office_Zelma,0.30881014894453046,0.35486980963161535,1920,592.9154859734984,681.3500344927015
shared,shared_ridge_p0p001,,combined,Robin_office_Addie,0.5393842032533611,0.5413775734190115,3840,2071.2353404929067,2078.8898819290043
shared,shared_ridge_p0p001,,combined,Robin_office_Adolph,0.28898554455421566,0.3958648167996936,3840,1109.7044910881882,1520.1208965108235
shared,shared_ridge_p0p001,,combined,Robin_office_Antonina,0.15794560211383823,0.2943030797588657,3840,606.5111121171389,1130.1238262740444
shared,shared_ridge_p0p001,,combined,Robin_office_Dina,0.41397808491167315,0.42398973785834265,3840,1589.6758460608248,1628.1205933760357
shared,shared_ridge_p0p001,,combined,Robin_office_Donald,1.533028826941383,0.8692289850171335,3840,5886.830695454911,3337.8393024657926
shared,shared_ridge_p0p001,,combined,Robin_office_Erma,0.0950879693110349,0.19544727814265078,3840,365.137802154374,750.517548067779
shared,shared_ridge_p0p001,,combined,Robin_office_Gayle,0.2681900535483068,0.36565671961261614,3840,1029.849805625498,1404.121803312446
shared,shared_ridge_p0p001,,combined,Robin_office_Lindsay,0.040377354181506016,0.18859759966532388,3840,155.0490400569831,724.2147827148438
shared,shared_ridge_p0p001,,combined,Robin_office_Maryann,0.11242807348639393,0.2384385180502098,3840,431.7238021877527,915.6039093128056
shared,shared_ridge_p0p001,,combined,Robin_office_Sammie,0.28971634120564516,0.4152398203417154,3840,1112.5107502296773,1594.5209101121873
shared,shared_ridge_p0p001,,combined,Robin_office_Saul,0.5136085357187541,0.5150195506049765,3840,1972.2567771600156,1977.6750743231096
shared,shared_ridge_p0p001,,combined,Robin_office_Serena,0.128827425409102,0.2565994933609128,3840,494.6973135709517,985.3420545059053
shared,shared_ridge_p0p001,,combined,Robin_office_Shirlene,0.282727864838406,0.36509197489934875,3840,1085.6750009794791,1401.9531836134993
shared,shared_ridge_p0p001,,combined,Robin_office_Soledad,0.28144263764137206,0.38536463033388757,3838,1080.176843267586,1479.0294512214605
shared,shared_ridge_p0p001,,combined,Robin_office_Victor,0.26291238161384006,0.3204893283761673,3840,1009.5835453971459,1230.6790209644823
shared,shared_ridge_p0p001,,combined,Robin_office_Wai,0.10434057806005402,0.20068994819632735,3840,400.66781975060746,770.649401073897
shared,shared_ridge_p0p001,,combined,Robin_office_Zelma,0.4207219861237443,0.4328529363167111,3840,1615.5724267151782,1662.1552754561708
