dataset,method,original_method,id,seed,origin,period,mse_observed_channel_mean,mae_observed_channel_mean,signed_mean_error_observed_channel_mean,observed_channels,target_count,scope
robin,BOLT_SMALL_LEVEL,LEVEL,v6_robin_level_res_92601,92601,3360,test_a,0.5124331085491769,0.3594379599984873,0.09795120468425905,17,816,Origin-local observed-channel mean; does not replace pooled main metric
robin,BOLT_SMALL_LEVEL,LEVEL,v6_robin_level_res_92601,92601,3384,test_a,0.32189044601949085,0.34026161043113784,0.06657868482123411,17,816,Origin-local observed-channel mean; does not replace pooled main metric
robin,BOLT_SMALL_LEVEL,LEVEL,v6_robin_level_res_92601,92601,3408,test_a,0.15886932001850318,0.2779864850987602,0.09143611538257021,17,816,Origin-local observed-channel mean; does not replace pooled main metric
robin,BOLT_SMALL_LEVEL,LEVEL,v6_robin_level_res_92601,92601,3432,test_a,0.20355880226472303,0.3367851464390697,0.038086957669364374,17,816,Origin-local observed-channel mean; does not replace pooled main metric
robin,BOLT_SMALL_LEVEL,LEVEL,v6_robin_level_res_92601,92601,3456,test_a,0.16936150928972413,0.3002947682628064,0.05864390876705134,17,816,Origin-local observed-channel mean; does not replace pooled main metric
robin,BOLT_SMALL_LEVEL,LEVEL,v6_robin_level_res_92601,92601,3480,test_a,0.15688520092809835,0.27695233501414324,0.05660129028283158,17,816,Origin-local observed-channel mean; does not replace pooled main metric
robin,BOLT_SMALL_LEVEL,LEVEL,v6_robin_level_res_92601,92601,3504,test_a,0.17604647547128777,0.29557499226597,0.02696017703462584,17,816,Origin-local observed-channel mean; does not replace pooled main metric
robin,BOLT_SMALL_LEVEL,LEVEL,v6_robin_level_res_92601,92601,3528,test_a,0.11559625271113234,0.24214286898039095,0.03132523749795213,17,816,Origin-local observed-channel mean; does not replace pooled main metric
robin,BOLT_SMALL_LEVEL,LEVEL,v6_robin_level_res_92601,92601,3552,test_a,0.10560789760136716,0.2389889205315187,0.011118235382680575,17,816,Origin-local observed-channel mean; does not replace pooled main metric
robin,BOLT_SMALL_LEVEL,LEVEL,v6_robin_level_res_92601,92601,3576,test_a,0.6774378458668965,0.5123702573290952,0.37448356962904294,17,816,Origin-local observed-channel mean; does not replace pooled main metric
robin,BOLT_SMALL_LEVEL,LEVEL,v6_robin_level_res_92601,92601,3600,test_a,0.7057818774042447,0.5591076901222479,0.33981918487480983,17,816,Origin-local observed-channel mean; does not replace pooled main metric
robin,BOLT_SMALL_LEVEL,LEVEL,v6_robin_level_res_92601,92601,3624,test_a,0.4434229329999175,0.4877880384929263,-0.32728539804121093,17,816,Origin-local observed-channel mean; does not replace pooled main metric
robin,BOLT_SMALL_LEVEL,LEVEL,v6_robin_level_res_92601,92601,3648,test_a,0.15578724463605287,0.2900324124148385,0.031130771761287607,17,816,Origin-local observed-channel mean; does not replace pooled main metric
robin,BOLT_SMALL_LEVEL,LEVEL,v6_robin_level_res_92601,92601,3672,test_a,0.157238980029816,0.2666686930837493,0.09309394118049658,17,816,Origin-local observed-channel mean; does not replace pooled main metric
robin,BOLT_SMALL_LEVEL,LEVEL,v6_robin_level_res_92601,92601,3696,test_a,0.2188748689322275,0.31130317539317925,0.018174440024463993,17,816,Origin-local observed-channel mean; does not replace pooled main metric
robin,BOLT_SMALL_LEVEL,LEVEL,v6_robin_level_res_92601,92601,3720,test_a,0.2822265695437598,0.360266070291069,0.0347415553739719,17,816,Origin-local observed-channel mean; does not replace pooled main metric
robin,BOLT_SMALL_LEVEL,LEVEL,v6_robin_level_res_92601,92601,3744,test_a,0.8024968747787408,0.45210465548934375,0.16040605083610132,17,816,Origin-local observed-channel mean; does not replace pooled main metric
robin,BOLT_SMALL_LEVEL,LEVEL,v6_robin_level_res_92601,92601,3768,test_a,0.9826413573177422,0.5495649401024875,0.0990216970097333,17,816,Origin-local observed-channel mean; does not replace pooled main metric
robin,BOLT_SMALL_LEVEL,LEVEL,v6_robin_level_res_92601,92601,3792,test_a,0.5187533661000095,0.4791755881084172,-0.14352623236460635,17,816,Origin-local observed-channel mean; does not replace pooled main metric
robin,BOLT_SMALL_LEVEL,LEVEL,v6_robin_level_res_92601,92601,3816,test_a,0.35711316854039493,0.4095814160447808,-0.1621730834654134,17,816,Origin-local observed-channel mean; does not replace pooled main metric
robin,BOLT_SMALL_LEVEL,LEVEL,v6_robin_level_res_92601,92601,3840,test_a,0.29829598271782704,0.3515482468225374,0.003235390135266827,17,816,Origin-local observed-channel mean; does not replace pooled main metric
robin,BOLT_SMALL_LEVEL,LEVEL,v6_robin_level_res_92601,92601,3864,test_a,0.17352636016137774,0.29283160518710194,-0.03451371635303219,17,816,Origin-local observed-channel mean; does not replace pooled main metric
robin,BOLT_SMALL_LEVEL,LEVEL,v6_robin_level_res_92601,92601,3888,test_a,0.1386653037403031,0.2836477761001351,0.047292621644623535,17,816,Origin-local observed-channel mean; does not replace pooled main metric
robin,BOLT_SMALL_LEVEL,LEVEL,v6_robin_level_res_92601,92601,3912,test_a,0.1603805092852657,0.27252820652667614,-0.015732791815774846,17,816,Origin-local observed-channel mean; does not replace pooled main metric
robin,BOLT_SMALL_LEVEL,LEVEL,v6_robin_level_res_92601,92601,3936,test_a,0.26388243618308355,0.3745829469887266,-0.0092607412028455,17,816,Origin-local observed-channel mean; does not replace pooled main metric
robin,BOLT_SMALL_LEVEL,LEVEL,v6_robin_level_res_92601,92601,3960,test_a,0.17830194545590214,0.2966893189695125,0.024606206486864457,17,816,Origin-local observed-channel mean; does not replace pooled main metric
robin,BOLT_SMALL_LEVEL,LEVEL,v6_robin_level_res_92601,92601,3984,test_a,0.15311645064564183,0.271285421282336,0.015798477272220026,17,816,Origin-local observed-channel mean; does not replace pooled main metric
robin,BOLT_SMALL_LEVEL,LEVEL,v6_robin_level_res_92601,92601,4008,test_a,0.15471166779428747,0.26846788598848825,0.1186534904166668,17,816,Origin-local observed-channel mean; does not replace pooled main metric
robin,BOLT_SMALL_LEVEL,LEVEL,v6_robin_level_res_92601,92601,4032,test_a,0.12538421165033545,0.2528637528265986,0.049452672036554124,17,816,Origin-local observed-channel mean; does not replace pooled main metric
robin,BOLT_SMALL_LEVEL,LEVEL,v6_robin_level_res_92601,92601,4056,test_a,0.12400460416512597,0.26833960811713686,-0.06278846552738163,17,816,Origin-local observed-channel mean; does not replace pooled main metric
robin,BOLT_SMALL_LEVEL,LEVEL,v6_robin_level_res_92601,92601,4080,test_a,0.2268505953318429,0.3068855262133059,-0.11284541761122846,17,816,Origin-local observed-channel mean; does not replace pooled main metric
robin,BOLT_SMALL_LEVEL,LEVEL,v6_robin_level_res_92601,92601,4104,test_a,0.3211576662281868,0.3870274640260094,-0.045268099249227034,17,816,Origin-local observed-channel mean; does not replace pooled main metric
robin,BOLT_SMALL_LEVEL,LEVEL,v6_robin_level_res_92601,92601,4128,test_a,0.1727085383865284,0.299193157778206,0.010935396907049888,17,816,Origin-local observed-channel mean; does not replace pooled main metric
robin,BOLT_SMALL_LEVEL,LEVEL,v6_robin_level_res_92601,92601,4152,test_a,0.1632745492634745,0.2794761961570247,-0.05660833929569515,17,816,Origin-local observed-channel mean; does not replace pooled main metric
robin,BOLT_SMALL_LEVEL,LEVEL,v6_robin_level_res_92601,92601,4176,test_a,0.1911799919897716,0.3057900842377778,0.03236450806113733,17,816,Origin-local observed-channel mean; does not replace pooled main metric
robin,BOLT_SMALL_LEVEL,LEVEL,v6_robin_level_res_92601,92601,4200,test_a,0.17359382223782496,0.29576879461912503,0.13817357163990143,17,816,Origin-local observed-channel mean; does not replace pooled main metric
robin,BOLT_SMALL_LEVEL,LEVEL,v6_robin_level_res_92601,92601,4224,test_a,0.16643427383510295,0.28115465136829254,0.15380434384546698,17,816,Origin-local observed-channel mean; does not replace pooled main metric
robin,BOLT_SMALL_LEVEL,LEVEL,v6_robin_level_res_92601,92601,4248,test_a,0.11868455350988849,0.23878113721430583,0.03158708548075725,17,816,Origin-local observed-channel mean; does not replace pooled main metric
robin,BOLT_SMALL_LEVEL,LEVEL,v6_robin_level_res_92601,92601,4272,test_a,0.26223845368667875,0.33806380281820053,-0.07145408019763029,17,816,Origin-local observed-channel mean; does not replace pooled main metric
robin,BOLT_SMALL_LEVEL,LEVEL,v6_robin_level_res_92601,92601,4296,test_a,0.16145476141443954,0.27071176231930066,-0.01398528401749026,17,816,Origin-local observed-channel mean; does not replace pooled main metric
robin,BOLT_SMALL_LEVEL,LEVEL,v6_robin_level_res_92601,92601,4344,test_b,0.1439014450503017,0.25680654918238255,-0.002685311512965098,17,816,Origin-local observed-channel mean; does not replace pooled main metric
robin,BOLT_SMALL_LEVEL,LEVEL,v6_robin_level_res_92601,92601,4368,test_b,0.12457226346977086,0.25790572116452765,-0.054210480482901856,17,816,Origin-local observed-channel mean; does not replace pooled main metric
robin,BOLT_SMALL_LEVEL,LEVEL,v6_robin_level_res_92601,92601,4392,test_b,0.13935982450696388,0.2699815305611849,0.004675934321758361,17,816,Origin-local observed-channel mean; does not replace pooled main metric
robin,BOLT_SMALL_LEVEL,LEVEL,v6_robin_level_res_92601,92601,4416,test_b,0.11331166385636024,0.2313723583516263,-0.004300611697402142,17,816,Origin-local observed-channel mean; does not replace pooled main metric
robin,BOLT_SMALL_LEVEL,LEVEL,v6_robin_level_res_92601,92601,4440,test_b,0.18561805634062412,0.29994103856049203,-0.10211305831406066,17,816,Origin-local observed-channel mean; does not replace pooled main metric
robin,BOLT_SMALL_LEVEL,LEVEL,v6_robin_level_res_92601,92601,4464,test_b,0.1704844595894948,0.280329878908792,-0.045786440510567565,17,816,Origin-local observed-channel mean; does not replace pooled main metric
robin,BOLT_SMALL_LEVEL,LEVEL,v6_robin_level_res_92601,92601,4488,test_b,0.17130795720420786,0.25979362112154963,-0.01008938216517552,17,816,Origin-local observed-channel mean; does not replace pooled main metric
robin,BOLT_SMALL_LEVEL,LEVEL,v6_robin_level_res_92601,92601,4512,test_b,0.08802012015155018,0.2085928528109684,-0.014599898297627293,17,816,Origin-local observed-channel mean; does not replace pooled main metric
robin,BOLT_SMALL_LEVEL,LEVEL,v6_robin_level_res_92601,92601,4536,test_b,0.24722912521647242,0.2873439464099504,0.038115960772961886,17,816,Origin-local observed-channel mean; does not replace pooled main metric
robin,BOLT_SMALL_LEVEL,LEVEL,v6_robin_level_res_92601,92601,4560,test_b,0.4995702562992211,0.35081962295282887,0.03252239445311146,17,816,Origin-local observed-channel mean; does not replace pooled main metric
robin,BOLT_SMALL_LEVEL,LEVEL,v6_robin_level_res_92601,92601,4584,test_b,0.21662693804904332,0.2932807955846382,-0.00630308494745645,17,816,Origin-local observed-channel mean; does not replace pooled main metric
robin,BOLT_SMALL_LEVEL,LEVEL,v6_robin_level_res_92601,92601,4608,test_b,0.26761016217969197,0.3676989974291977,0.02570112775235127,17,816,Origin-local observed-channel mean; does not replace pooled main metric
robin,BOLT_SMALL_LEVEL,LEVEL,v6_robin_level_res_92601,92601,4632,test_b,0.13893519594587184,0.26919769172016855,0.10923403880402549,17,816,Origin-local observed-channel mean; does not replace pooled main metric
robin,BOLT_SMALL_LEVEL,LEVEL,v6_robin_level_res_92601,92601,4656,test_b,0.1949259660440403,0.27082075158721314,0.16389770548380958,17,816,Origin-local observed-channel mean; does not replace pooled main metric
robin,BOLT_SMALL_LEVEL,LEVEL,v6_robin_level_res_92601,92601,4680,test_b,0.11069812935283502,0.24121000842897758,0.06814818998984763,17,816,Origin-local observed-channel mean; does not replace pooled main metric
robin,BOLT_SMALL_LEVEL,LEVEL,v6_robin_level_res_92601,92601,4704,test_b,0.11710222395090172,0.24889716497123385,-0.026641467662414594,17,816,Origin-local observed-channel mean; does not replace pooled main metric
robin,BOLT_SMALL_LEVEL,LEVEL,v6_robin_level_res_92601,92601,4728,test_b,0.16698048810352614,0.29728088066893216,-0.09887420496171198,17,816,Origin-local observed-channel mean; does not replace pooled main metric
robin,BOLT_SMALL_LEVEL,LEVEL,v6_robin_level_res_92601,92601,4752,test_b,0.4340555972638643,0.3308851194518616,-0.17223756667326418,17,816,Origin-local observed-channel mean; does not replace pooled main metric
robin,BOLT_SMALL_LEVEL,LEVEL,v6_robin_level_res_92601,92601,4776,test_b,1.5074098938612661,0.6668907543023453,-0.5172802411021284,17,815,Origin-local observed-channel mean; does not replace pooled main metric
robin,BOLT_SMALL_LEVEL,LEVEL,v6_robin_level_res_92601,92601,4800,test_b,1.0249360951793545,0.618106036665718,-0.3728233431481448,17,815,Origin-local observed-channel mean; does not replace pooled main metric
robin,BOLT_SMALL_LEVEL,LEVEL,v6_robin_level_res_92601,92601,4824,test_b,0.3733989839887554,0.41207807244227657,-0.023246166466574954,17,816,Origin-local observed-channel mean; does not replace pooled main metric
robin,BOLT_SMALL_LEVEL,LEVEL,v6_robin_level_res_92601,92601,4848,test_b,0.2737823334733239,0.3658813217192017,0.052592319569050555,17,816,Origin-local observed-channel mean; does not replace pooled main metric
robin,BOLT_SMALL_LEVEL,LEVEL,v6_robin_level_res_92601,92601,4872,test_b,0.2261025837418071,0.3066834897118479,-0.15934056519187176,17,816,Origin-local observed-channel mean; does not replace pooled main metric
robin,BOLT_SMALL_LEVEL,LEVEL,v6_robin_level_res_92601,92601,4896,test_b,0.20898000668060962,0.3039402934472509,-0.19047703692201903,17,816,Origin-local observed-channel mean; does not replace pooled main metric
robin,BOLT_SMALL_LEVEL,LEVEL,v6_robin_level_res_92601,92601,4920,test_b,0.16492891863757017,0.2777622158191305,0.04780277927035487,17,816,Origin-local observed-channel mean; does not replace pooled main metric
robin,BOLT_SMALL_LEVEL,LEVEL,v6_robin_level_res_92601,92601,4944,test_b,0.618687455778722,0.49478105533133065,0.2862061464567851,17,816,Origin-local observed-channel mean; does not replace pooled main metric
robin,BOLT_SMALL_LEVEL,LEVEL,v6_robin_level_res_92601,92601,4968,test_b,0.8357083633597757,0.6236344613568566,0.21675746469169527,17,816,Origin-local observed-channel mean; does not replace pooled main metric
robin,BOLT_SMALL_LEVEL,LEVEL,v6_robin_level_res_92601,92601,4992,test_b,0.45768028549022,0.45664538376870184,0.23449695591254713,17,816,Origin-local observed-channel mean; does not replace pooled main metric
robin,BOLT_SMALL_LEVEL,LEVEL,v6_robin_level_res_92601,92601,5016,test_b,0.12012273202118144,0.25580233903148086,0.06613562857291624,17,816,Origin-local observed-channel mean; does not replace pooled main metric
robin,BOLT_SMALL_LEVEL,LEVEL,v6_robin_level_res_92601,92601,5040,test_b,0.19482235617210655,0.2951613435456524,0.09040691241627392,17,816,Origin-local observed-channel mean; does not replace pooled main metric
robin,BOLT_SMALL_LEVEL,LEVEL,v6_robin_level_res_92601,92601,5064,test_b,0.2665591070684355,0.4100077217653069,0.03295375616089943,17,816,Origin-local observed-channel mean; does not replace pooled main metric
robin,BOLT_SMALL_LEVEL,LEVEL,v6_robin_level_res_92601,92601,5088,test_b,0.110704119986941,0.22900127486625968,-0.05353009957830449,17,816,Origin-local observed-channel mean; does not replace pooled main metric
robin,BOLT_SMALL_LEVEL,LEVEL,v6_robin_level_res_92601,92601,5112,test_b,0.35594741475765984,0.40476155132872754,-0.18291958412972986,17,816,Origin-local observed-channel mean; does not replace pooled main metric
robin,BOLT_SMALL_LEVEL,LEVEL,v6_robin_level_res_92601,92601,5136,test_b,0.08162834301626566,0.1863532436601578,-0.07475084445896381,17,816,Origin-local observed-channel mean; does not replace pooled main metric
robin,BOLT_SMALL_LEVEL,LEVEL,v6_robin_level_res_92601,92601,5160,test_b,0.046298368781087076,0.1483923994533589,0.020758102316904115,17,816,Origin-local observed-channel mean; does not replace pooled main metric
robin,BOLT_SMALL_LEVEL,LEVEL,v6_robin_level_res_92601,92601,5184,test_b,0.05228497535766443,0.1431731702029413,-0.0024819665807573233,17,816,Origin-local observed-channel mean; does not replace pooled main metric
robin,BOLT_SMALL_LEVEL,LEVEL,v6_robin_level_res_92601,92601,5208,test_b,0.11559096857570515,0.23125662043743184,0.049448650379952816,17,816,Origin-local observed-channel mean; does not replace pooled main metric
robin,BOLT_SMALL_LEVEL,LEVEL,v6_robin_level_res_92601,92601,5232,test_b,0.16493560949158795,0.3064527499778242,-0.026294992789831557,17,816,Origin-local observed-channel mean; does not replace pooled main metric
robin,BOLT_SMALL_LEVEL,LEVEL,v6_robin_level_res_92601,92601,5256,test_b,0.10087812505735828,0.1965108121786376,-0.00027383649584782456,17,816,Origin-local observed-channel mean; does not replace pooled main metric
robin,BOLT_SMALL_LEVEL,LEVEL,v6_robin_level_res_92601,92601,5280,test_b,0.22049575546996364,0.31815477828814775,-0.020767300136332545,17,816,Origin-local observed-channel mean; does not replace pooled main metric
robin,BOLT_SMALL_LEVEL,LEVEL,v6_robin_level_res_92602,92602,3360,test_a,0.5068862693016614,0.3658841378421362,0.09814670307989716,17,816,Origin-local observed-channel mean; does not replace pooled main metric
robin,BOLT_SMALL_LEVEL,LEVEL,v6_robin_level_res_92602,92602,3384,test_a,0.32199667740322235,0.33924969040655173,0.06637256778691046,17,816,Origin-local observed-channel mean; does not replace pooled main metric
robin,BOLT_SMALL_LEVEL,LEVEL,v6_robin_level_res_92602,92602,3408,test_a,0.1597213680064137,0.27897258809460646,0.09168008275417949,17,816,Origin-local observed-channel mean; does not replace pooled main metric
robin,BOLT_SMALL_LEVEL,LEVEL,v6_robin_level_res_92602,92602,3432,test_a,0.20898072686398067,0.3431210136883487,0.03819396804843279,17,816,Origin-local observed-channel mean; does not replace pooled main metric
robin,BOLT_SMALL_LEVEL,LEVEL,v6_robin_level_res_92602,92602,3456,test_a,0.16830518025495858,0.29904466030754573,0.0582748970275633,17,816,Origin-local observed-channel mean; does not replace pooled main metric
robin,BOLT_SMALL_LEVEL,LEVEL,v6_robin_level_res_92602,92602,3480,test_a,0.15590675447411378,0.2785698083942264,0.05699270255354348,17,816,Origin-local observed-channel mean; does not replace pooled main metric
robin,BOLT_SMALL_LEVEL,LEVEL,v6_robin_level_res_92602,92602,3504,test_a,0.1733638163906319,0.2939605477557623,0.02660275128123341,17,816,Origin-local observed-channel mean; does not replace pooled main metric
robin,BOLT_SMALL_LEVEL,LEVEL,v6_robin_level_res_92602,92602,3528,test_a,0.11328870096302186,0.23830754104796253,0.03105475098994907,17,816,Origin-local observed-channel mean; does not replace pooled main metric
robin,BOLT_SMALL_LEVEL,LEVEL,v6_robin_level_res_92602,92602,3552,test_a,0.10347529933922077,0.2347193954149535,0.011318570501673234,17,816,Origin-local observed-channel mean; does not replace pooled main metric
robin,BOLT_SMALL_LEVEL,LEVEL,v6_robin_level_res_92602,92602,3576,test_a,0.6772139601965881,0.5124760645135836,0.3743717576988845,17,816,Origin-local observed-channel mean; does not replace pooled main metric
robin,BOLT_SMALL_LEVEL,LEVEL,v6_robin_level_res_92602,92602,3600,test_a,0.705525306807787,0.5577537071310195,0.33913700156171767,17,816,Origin-local observed-channel mean; does not replace pooled main metric
robin,BOLT_SMALL_LEVEL,LEVEL,v6_robin_level_res_92602,92602,3624,test_a,0.44189346735616825,0.48776001520323636,-0.32750392754193547,17,816,Origin-local observed-channel mean; does not replace pooled main metric
robin,BOLT_SMALL_LEVEL,LEVEL,v6_robin_level_res_92602,92602,3648,test_a,0.15904956804138295,0.29210771579727957,0.03135964598229347,17,816,Origin-local observed-channel mean; does not replace pooled main metric
robin,BOLT_SMALL_LEVEL,LEVEL,v6_robin_level_res_92602,92602,3672,test_a,0.15459018097999383,0.2605945895524129,0.09271753301408013,17,816,Origin-local observed-channel mean; does not replace pooled main metric
robin,BOLT_SMALL_LEVEL,LEVEL,v6_robin_level_res_92602,92602,3696,test_a,0.217531879567083,0.3081731813980892,0.01829077989090115,17,816,Origin-local observed-channel mean; does not replace pooled main metric
robin,BOLT_SMALL_LEVEL,LEVEL,v6_robin_level_res_92602,92602,3720,test_a,0.27887666080362966,0.35717673642947745,0.034657487350427015,17,816,Origin-local observed-channel mean; does not replace pooled main metric
robin,BOLT_SMALL_LEVEL,LEVEL,v6_robin_level_res_92602,92602,3744,test_a,0.804063434571611,0.45116196625053373,0.16072329107955027,17,816,Origin-local observed-channel mean; does not replace pooled main metric
robin,BOLT_SMALL_LEVEL,LEVEL,v6_robin_level_res_92602,92602,3768,test_a,1.00330009075683,0.5575041776239374,0.09860495564570038,17,816,Origin-local observed-channel mean; does not replace pooled main metric
robin,BOLT_SMALL_LEVEL,LEVEL,v6_robin_level_res_92602,92602,3792,test_a,0.5251947269097993,0.4864260608838402,-0.14391165613985732,17,816,Origin-local observed-channel mean; does not replace pooled main metric
robin,BOLT_SMALL_LEVEL,LEVEL,v6_robin_level_res_92602,92602,3816,test_a,0.35878010100130764,0.4107347949737981,-0.1627655646198928,17,816,Origin-local observed-channel mean; does not replace pooled main metric
robin,BOLT_SMALL_LEVEL,LEVEL,v6_robin_level_res_92602,92602,3840,test_a,0.30036329338959755,0.3513764528051622,0.002718878635385107,17,816,Origin-local observed-channel mean; does not replace pooled main metric
robin,BOLT_SMALL_LEVEL,LEVEL,v6_robin_level_res_92602,92602,3864,test_a,0.1786721447436554,0.29667171523725105,-0.034622336806219824,17,816,Origin-local observed-channel mean; does not replace pooled main metric
robin,BOLT_SMALL_LEVEL,LEVEL,v6_robin_level_res_92602,92602,3888,test_a,0.13882272282502564,0.28127341007847484,0.04759211597468262,17,816,Origin-local observed-channel mean; does not replace pooled main metric
robin,BOLT_SMALL_LEVEL,LEVEL,v6_robin_level_res_92602,92602,3912,test_a,0.16319670577172835,0.2792330835032843,-0.01569890046798095,17,816,Origin-local observed-channel mean; does not replace pooled main metric
robin,BOLT_SMALL_LEVEL,LEVEL,v6_robin_level_res_92602,92602,3936,test_a,0.257737822999569,0.36687143602495215,-0.01008530405655904,17,816,Origin-local observed-channel mean; does not replace pooled main metric
robin,BOLT_SMALL_LEVEL,LEVEL,v6_robin_level_res_92602,92602,3960,test_a,0.1698411861164039,0.2905095438124822,0.02417717506600015,17,816,Origin-local observed-channel mean; does not replace pooled main metric
robin,BOLT_SMALL_LEVEL,LEVEL,v6_robin_level_res_92602,92602,3984,test_a,0.15457775758017503,0.27167473026601524,0.015243119193816228,17,816,Origin-local observed-channel mean; does not replace pooled main metric
robin,BOLT_SMALL_LEVEL,LEVEL,v6_robin_level_res_92602,92602,4008,test_a,0.15098459069409598,0.26651614565058734,0.11760439889764587,17,816,Origin-local observed-channel mean; does not replace pooled main metric
robin,BOLT_SMALL_LEVEL,LEVEL,v6_robin_level_res_92602,92602,4032,test_a,0.12601845190150018,0.2538459639098637,0.049375724279967725,17,816,Origin-local observed-channel mean; does not replace pooled main metric
robin,BOLT_SMALL_LEVEL,LEVEL,v6_robin_level_res_92602,92602,4056,test_a,0.11874839768103346,0.26490095327750957,-0.06288539253171835,17,816,Origin-local observed-channel mean; does not replace pooled main metric
robin,BOLT_SMALL_LEVEL,LEVEL,v6_robin_level_res_92602,92602,4080,test_a,0.22348019043211156,0.30540120189770653,-0.11256463192644423,17,816,Origin-local observed-channel mean; does not replace pooled main metric
robin,BOLT_SMALL_LEVEL,LEVEL,v6_robin_level_res_92602,92602,4104,test_a,0.32040455859361167,0.3844485502074759,-0.045817715472866456,17,816,Origin-local observed-channel mean; does not replace pooled main metric
robin,BOLT_SMALL_LEVEL,LEVEL,v6_robin_level_res_92602,92602,4128,test_a,0.169893367531182,0.29551862503599385,0.010714872443749487,17,816,Origin-local observed-channel mean; does not replace pooled main metric
robin,BOLT_SMALL_LEVEL,LEVEL,v6_robin_level_res_92602,92602,4152,test_a,0.16659672962109895,0.280009654774011,-0.056704318524091774,17,816,Origin-local observed-channel mean; does not replace pooled main metric
robin,BOLT_SMALL_LEVEL,LEVEL,v6_robin_level_res_92602,92602,4176,test_a,0.18905131439833078,0.30430947991272644,0.03193565497427948,17,816,Origin-local observed-channel mean; does not replace pooled main metric
robin,BOLT_SMALL_LEVEL,LEVEL,v6_robin_level_res_92602,92602,4200,test_a,0.1717850354970333,0.2947623123129911,0.1383385679805988,17,816,Origin-local observed-channel mean; does not replace pooled main metric
robin,BOLT_SMALL_LEVEL,LEVEL,v6_robin_level_res_92602,92602,4224,test_a,0.16297470985230347,0.2771053691851158,0.15404541102379524,17,816,Origin-local observed-channel mean; does not replace pooled main metric
robin,BOLT_SMALL_LEVEL,LEVEL,v6_robin_level_res_92602,92602,4248,test_a,0.1183287345178702,0.23857428993634291,0.031374981672093315,17,816,Origin-local observed-channel mean; does not replace pooled main metric
robin,BOLT_SMALL_LEVEL,LEVEL,v6_robin_level_res_92602,92602,4272,test_a,0.2642400021980955,0.3365556988218861,-0.07197654485065083,17,816,Origin-local observed-channel mean; does not replace pooled main metric
robin,BOLT_SMALL_LEVEL,LEVEL,v6_robin_level_res_92602,92602,4296,test_a,0.1606458539813307,0.2739176164636863,-0.01454618005949419,17,816,Origin-local observed-channel mean; does not replace pooled main metric
robin,BOLT_SMALL_LEVEL,LEVEL,v6_robin_level_res_92602,92602,4344,test_b,0.1446546164749541,0.26097007933996935,-0.0030479767182459527,17,816,Origin-local observed-channel mean; does not replace pooled main metric
robin,BOLT_SMALL_LEVEL,LEVEL,v6_robin_level_res_92602,92602,4368,test_b,0.12461146736968824,0.25811748862878287,-0.05380350326909228,17,816,Origin-local observed-channel mean; does not replace pooled main metric
robin,BOLT_SMALL_LEVEL,LEVEL,v6_robin_level_res_92602,92602,4392,test_b,0.1336840345828689,0.2640821539189703,0.00463113622675997,17,816,Origin-local observed-channel mean; does not replace pooled main metric
robin,BOLT_SMALL_LEVEL,LEVEL,v6_robin_level_res_92602,92602,4416,test_b,0.10992002663434734,0.2310750933749802,-0.004414304996174113,17,816,Origin-local observed-channel mean; does not replace pooled main metric
robin,BOLT_SMALL_LEVEL,LEVEL,v6_robin_level_res_92602,92602,4440,test_b,0.18614106963379115,0.30007287757482615,-0.1022120056172842,17,816,Origin-local observed-channel mean; does not replace pooled main metric
robin,BOLT_SMALL_LEVEL,LEVEL,v6_robin_level_res_92602,92602,4464,test_b,0.16609724931585632,0.2754676371217048,-0.046407823632334304,17,816,Origin-local observed-channel mean; does not replace pooled main metric
robin,BOLT_SMALL_LEVEL,LEVEL,v6_robin_level_res_92602,92602,4488,test_b,0.17017719606854267,0.2603793033369013,-0.010024359158705927,17,816,Origin-local observed-channel mean; does not replace pooled main metric
robin,BOLT_SMALL_LEVEL,LEVEL,v6_robin_level_res_92602,92602,4512,test_b,0.09053107396868006,0.2138731308291694,-0.014546413990947433,17,816,Origin-local observed-channel mean; does not replace pooled main metric
robin,BOLT_SMALL_LEVEL,LEVEL,v6_robin_level_res_92602,92602,4536,test_b,0.24640525725401854,0.2881191294450843,0.03767587025718325,17,816,Origin-local observed-channel mean; does not replace pooled main metric
robin,BOLT_SMALL_LEVEL,LEVEL,v6_robin_level_res_92602,92602,4560,test_b,0.4936807629950705,0.34667250738757677,0.03235468131777668,17,816,Origin-local observed-channel mean; does not replace pooled main metric
robin,BOLT_SMALL_LEVEL,LEVEL,v6_robin_level_res_92602,92602,4584,test_b,0.2111419411838664,0.2885029287672118,-0.006627293921637296,17,816,Origin-local observed-channel mean; does not replace pooled main metric
robin,BOLT_SMALL_LEVEL,LEVEL,v6_robin_level_res_92602,92602,4608,test_b,0.2642358226881186,0.36256026152370713,0.025015862530791293,17,816,Origin-local observed-channel mean; does not replace pooled main metric
robin,BOLT_SMALL_LEVEL,LEVEL,v6_robin_level_res_92602,92602,4632,test_b,0.13530060629025376,0.26519149552783056,0.1085533245016396,17,816,Origin-local observed-channel mean; does not replace pooled main metric
robin,BOLT_SMALL_LEVEL,LEVEL,v6_robin_level_res_92602,92602,4656,test_b,0.19405839101279307,0.2728648400454903,0.16320179889061917,17,816,Origin-local observed-channel mean; does not replace pooled main metric
robin,BOLT_SMALL_LEVEL,LEVEL,v6_robin_level_res_92602,92602,4680,test_b,0.11635958620573239,0.24981483175246932,0.06759998391698543,17,816,Origin-local observed-channel mean; does not replace pooled main metric
robin,BOLT_SMALL_LEVEL,LEVEL,v6_robin_level_res_92602,92602,4704,test_b,0.11466294587609363,0.24707333164484477,-0.0272145461478395,17,816,Origin-local observed-channel mean; does not replace pooled main metric
robin,BOLT_SMALL_LEVEL,LEVEL,v6_robin_level_res_92602,92602,4728,test_b,0.16900323892928265,0.30085025329725457,-0.09878260585295115,17,816,Origin-local observed-channel mean; does not replace pooled main metric
robin,BOLT_SMALL_LEVEL,LEVEL,v6_robin_level_res_92602,92602,4752,test_b,0.44096355388197356,0.3337458688159435,-0.17202032952870164,17,816,Origin-local observed-channel mean; does not replace pooled main metric
robin,BOLT_SMALL_LEVEL,LEVEL,v6_robin_level_res_92602,92602,4776,test_b,1.519138370704532,0.669854842144031,-0.517693711386681,17,815,Origin-local observed-channel mean; does not replace pooled main metric
robin,BOLT_SMALL_LEVEL,LEVEL,v6_robin_level_res_92602,92602,4800,test_b,1.0479928894907877,0.6213878979546388,-0.37312608710132544,17,815,Origin-local observed-channel mean; does not replace pooled main metric
robin,BOLT_SMALL_LEVEL,LEVEL,v6_robin_level_res_92602,92602,4824,test_b,0.3780820175183984,0.41530641372860283,-0.023700366421204926,17,816,Origin-local observed-channel mean; does not replace pooled main metric
robin,BOLT_SMALL_LEVEL,LEVEL,v6_robin_level_res_92602,92602,4848,test_b,0.2713813342338304,0.3620224609773026,0.05242014061870719,17,816,Origin-local observed-channel mean; does not replace pooled main metric
robin,BOLT_SMALL_LEVEL,LEVEL,v6_robin_level_res_92602,92602,4872,test_b,0.2290940815470938,0.3059380096945496,-0.1587594666175302,17,816,Origin-local observed-channel mean; does not replace pooled main metric
robin,BOLT_SMALL_LEVEL,LEVEL,v6_robin_level_res_92602,92602,4896,test_b,0.21135311884175345,0.30555303753591906,-0.1899264641661812,17,816,Origin-local observed-channel mean; does not replace pooled main metric
robin,BOLT_SMALL_LEVEL,LEVEL,v6_robin_level_res_92602,92602,4920,test_b,0.16581003580225329,0.2829972396634819,0.047889839067233965,17,816,Origin-local observed-channel mean; does not replace pooled main metric
robin,BOLT_SMALL_LEVEL,LEVEL,v6_robin_level_res_92602,92602,4944,test_b,0.6246466740286674,0.5035012021698468,0.28627444941644087,17,816,Origin-local observed-channel mean; does not replace pooled main metric
robin,BOLT_SMALL_LEVEL,LEVEL,v6_robin_level_res_92602,92602,4968,test_b,0.8327164657658299,0.6202375082431508,0.21642487137190375,17,816,Origin-local observed-channel mean; does not replace pooled main metric
robin,BOLT_SMALL_LEVEL,LEVEL,v6_robin_level_res_92602,92602,4992,test_b,0.45776383227842665,0.45671082443682365,0.23398695179175952,17,816,Origin-local observed-channel mean; does not replace pooled main metric
robin,BOLT_SMALL_LEVEL,LEVEL,v6_robin_level_res_92602,92602,5016,test_b,0.12107659298140498,0.25877370663154436,0.06563109808599156,17,816,Origin-local observed-channel mean; does not replace pooled main metric
robin,BOLT_SMALL_LEVEL,LEVEL,v6_robin_level_res_92602,92602,5040,test_b,0.19536187643738692,0.2962576225795869,0.09035273895485671,17,816,Origin-local observed-channel mean; does not replace pooled main metric
robin,BOLT_SMALL_LEVEL,LEVEL,v6_robin_level_res_92602,92602,5064,test_b,0.2682775889939744,0.4110362612960207,0.03376047772740004,17,816,Origin-local observed-channel mean; does not replace pooled main metric
robin,BOLT_SMALL_LEVEL,LEVEL,v6_robin_level_res_92602,92602,5088,test_b,0.11161685038975466,0.23120356528014266,-0.05369192087256998,17,816,Origin-local observed-channel mean; does not replace pooled main metric
robin,BOLT_SMALL_LEVEL,LEVEL,v6_robin_level_res_92602,92602,5112,test_b,0.361896334957082,0.41020468832400236,-0.18328181640469005,17,816,Origin-local observed-channel mean; does not replace pooled main metric
robin,BOLT_SMALL_LEVEL,LEVEL,v6_robin_level_res_92602,92602,5136,test_b,0.07909977521266992,0.18415428471438217,-0.0756915638472385,17,816,Origin-local observed-channel mean; does not replace pooled main metric
robin,BOLT_SMALL_LEVEL,LEVEL,v6_robin_level_res_92602,92602,5160,test_b,0.04501948189610617,0.14747282189958189,0.020611082938629288,17,816,Origin-local observed-channel mean; does not replace pooled main metric
robin,BOLT_SMALL_LEVEL,LEVEL,v6_robin_level_res_92602,92602,5184,test_b,0.054520792234649215,0.14924045183750634,-0.002626008226298822,17,816,Origin-local observed-channel mean; does not replace pooled main metric
robin,BOLT_SMALL_LEVEL,LEVEL,v6_robin_level_res_92602,92602,5208,test_b,0.11584969864057768,0.23612759913279055,0.049122729662271644,17,816,Origin-local observed-channel mean; does not replace pooled main metric
robin,BOLT_SMALL_LEVEL,LEVEL,v6_robin_level_res_92602,92602,5232,test_b,0.161219738374248,0.3050004287455094,-0.02598721983296998,17,816,Origin-local observed-channel mean; does not replace pooled main metric
robin,BOLT_SMALL_LEVEL,LEVEL,v6_robin_level_res_92602,92602,5256,test_b,0.10142457116121846,0.19796496395286464,-0.00027789850491007724,17,816,Origin-local observed-channel mean; does not replace pooled main metric
robin,BOLT_SMALL_LEVEL,LEVEL,v6_robin_level_res_92602,92602,5280,test_b,0.22270633580352864,0.32290724685470407,-0.021244217792306747,17,816,Origin-local observed-channel mean; does not replace pooled main metric
robin,BOLT_SMALL_F0,F0,v6_robin_f0,,3360,test_a,0.4793814736233318,0.32987542570730083,0.10014343138162111,17,816,Origin-local observed-channel mean; does not replace pooled main metric
robin,BOLT_SMALL_F0,F0,v6_robin_f0,,3384,test_a,0.1910351997517515,0.2504840478396349,0.029812645940075853,17,816,Origin-local observed-channel mean; does not replace pooled main metric
robin,BOLT_SMALL_F0,F0,v6_robin_f0,,3408,test_a,0.11238266669843636,0.22381462796685953,0.03359388575264864,17,816,Origin-local observed-channel mean; does not replace pooled main metric
robin,BOLT_SMALL_F0,F0,v6_robin_f0,,3432,test_a,0.18558851639935703,0.2995218208310617,0.05901536019654505,17,816,Origin-local observed-channel mean; does not replace pooled main metric
robin,BOLT_SMALL_F0,F0,v6_robin_f0,,3456,test_a,0.11326771700174884,0.24804181590754493,0.038674957541076645,17,816,Origin-local observed-channel mean; does not replace pooled main metric
robin,BOLT_SMALL_F0,F0,v6_robin_f0,,3480,test_a,0.13989873139302508,0.2539958439296706,0.08863499113944916,17,816,Origin-local observed-channel mean; does not replace pooled main metric
robin,BOLT_SMALL_F0,F0,v6_robin_f0,,3504,test_a,0.1425235523611904,0.2587559064716105,0.04132696030023462,17,816,Origin-local observed-channel mean; does not replace pooled main metric
robin,BOLT_SMALL_F0,F0,v6_robin_f0,,3528,test_a,0.10421267908997703,0.21487780329748515,0.05622701090418131,17,816,Origin-local observed-channel mean; does not replace pooled main metric
robin,BOLT_SMALL_F0,F0,v6_robin_f0,,3552,test_a,0.09491966815225009,0.2047015640658655,-0.002535579825395382,17,816,Origin-local observed-channel mean; does not replace pooled main metric
robin,BOLT_SMALL_F0,F0,v6_robin_f0,,3576,test_a,0.6704647129057818,0.4861873907890792,0.36895165512767425,17,816,Origin-local observed-channel mean; does not replace pooled main metric
robin,BOLT_SMALL_F0,F0,v6_robin_f0,,3600,test_a,0.7240160434143253,0.5464594619931864,0.37692566774842584,17,816,Origin-local observed-channel mean; does not replace pooled main metric
robin,BOLT_SMALL_F0,F0,v6_robin_f0,,3624,test_a,0.44619056160311066,0.47508193218798667,-0.33411431644144973,17,816,Origin-local observed-channel mean; does not replace pooled main metric
robin,BOLT_SMALL_F0,F0,v6_robin_f0,,3648,test_a,0.1429242124029932,0.27082864561902276,0.0283141493504552,17,816,Origin-local observed-channel mean; does not replace pooled main metric
robin,BOLT_SMALL_F0,F0,v6_robin_f0,,3672,test_a,0.17664106425097265,0.2622801532721211,0.11222769878633485,17,816,Origin-local observed-channel mean; does not replace pooled main metric
robin,BOLT_SMALL_F0,F0,v6_robin_f0,,3696,test_a,0.22082469565856067,0.2911889351520336,0.044421124197576906,17,816,Origin-local observed-channel mean; does not replace pooled main metric
robin,BOLT_SMALL_F0,F0,v6_robin_f0,,3720,test_a,0.2684864206392863,0.32437677002556425,0.06696333802520872,17,816,Origin-local observed-channel mean; does not replace pooled main metric
robin,BOLT_SMALL_F0,F0,v6_robin_f0,,3744,test_a,0.8067897424184194,0.40251890130971063,0.1043060985781873,17,816,Origin-local observed-channel mean; does not replace pooled main metric
robin,BOLT_SMALL_F0,F0,v6_robin_f0,,3768,test_a,0.7821015420531325,0.5038558397149352,-0.026093928689792226,17,816,Origin-local observed-channel mean; does not replace pooled main metric
robin,BOLT_SMALL_F0,F0,v6_robin_f0,,3792,test_a,0.22944854057642433,0.3443088964711077,-0.19633690397149264,17,816,Origin-local observed-channel mean; does not replace pooled main metric
robin,BOLT_SMALL_F0,F0,v6_robin_f0,,3816,test_a,0.1727036229619072,0.28023736927235743,-0.16416489728148653,17,816,Origin-local observed-channel mean; does not replace pooled main metric
robin,BOLT_SMALL_F0,F0,v6_robin_f0,,3840,test_a,0.14708478758368443,0.2520977308199422,0.0024828946242290376,17,816,Origin-local observed-channel mean; does not replace pooled main metric
robin,BOLT_SMALL_F0,F0,v6_robin_f0,,3864,test_a,0.09925038718020027,0.21704802012926153,-0.03260111051385334,17,816,Origin-local observed-channel mean; does not replace pooled main metric
robin,BOLT_SMALL_F0,F0,v6_robin_f0,,3888,test_a,0.06954141870032057,0.17653549689152984,-0.0011105728673796607,17,816,Origin-local observed-channel mean; does not replace pooled main metric
robin,BOLT_SMALL_F0,F0,v6_robin_f0,,3912,test_a,0.0956048736875482,0.19676701014509937,-0.02782689199974651,17,816,Origin-local observed-channel mean; does not replace pooled main metric
robin,BOLT_SMALL_F0,F0,v6_robin_f0,,3936,test_a,0.15637155925321639,0.2791795730933218,-0.06007125274981279,17,816,Origin-local observed-channel mean; does not replace pooled main metric
robin,BOLT_SMALL_F0,F0,v6_robin_f0,,3960,test_a,0.08961492582853288,0.20329615936840556,-0.00652226333348902,17,816,Origin-local observed-channel mean; does not replace pooled main metric
robin,BOLT_SMALL_F0,F0,v6_robin_f0,,3984,test_a,0.11856523017132051,0.22370772931711091,0.016348938771532668,17,816,Origin-local observed-channel mean; does not replace pooled main metric
robin,BOLT_SMALL_F0,F0,v6_robin_f0,,4008,test_a,0.1297326478238566,0.22584828587038344,0.12011277849638183,17,816,Origin-local observed-channel mean; does not replace pooled main metric
robin,BOLT_SMALL_F0,F0,v6_robin_f0,,4032,test_a,0.1492896717735388,0.23165869516721135,0.06755396525584408,17,816,Origin-local observed-channel mean; does not replace pooled main metric
robin,BOLT_SMALL_F0,F0,v6_robin_f0,,4056,test_a,0.17447608456699026,0.26744584687991185,-0.07638061709397281,17,816,Origin-local observed-channel mean; does not replace pooled main metric
robin,BOLT_SMALL_F0,F0,v6_robin_f0,,4080,test_a,0.2149296918473538,0.271042578816217,-0.03888415574592905,17,816,Origin-local observed-channel mean; does not replace pooled main metric
robin,BOLT_SMALL_F0,F0,v6_robin_f0,,4104,test_a,0.2809708820507757,0.31380820199845794,-0.047782209871679776,17,816,Origin-local observed-channel mean; does not replace pooled main metric
robin,BOLT_SMALL_F0,F0,v6_robin_f0,,4128,test_a,0.139489682219788,0.24190424997661963,0.02283970775298419,17,816,Origin-local observed-channel mean; does not replace pooled main metric
robin,BOLT_SMALL_F0,F0,v6_robin_f0,,4152,test_a,0.14572716728511823,0.2397804710655656,-0.07335791502070302,17,816,Origin-local observed-channel mean; does not replace pooled main metric
robin,BOLT_SMALL_F0,F0,v6_robin_f0,,4176,test_a,0.1567258887221392,0.26201724398054593,0.028733746670731503,17,816,Origin-local observed-channel mean; does not replace pooled main metric
robin,BOLT_SMALL_F0,F0,v6_robin_f0,,4200,test_a,0.14505107811333448,0.23942111129023644,0.11506862107339924,17,816,Origin-local observed-channel mean; does not replace pooled main metric
robin,BOLT_SMALL_F0,F0,v6_robin_f0,,4224,test_a,0.14550389669675398,0.2256288968731978,0.10081642471121477,17,816,Origin-local observed-channel mean; does not replace pooled main metric
robin,BOLT_SMALL_F0,F0,v6_robin_f0,,4248,test_a,0.11712450490070087,0.21021496565991385,-0.015970078977618103,17,816,Origin-local observed-channel mean; does not replace pooled main metric
robin,BOLT_SMALL_F0,F0,v6_robin_f0,,4272,test_a,0.3383696324406844,0.3378222085501001,-0.16693510888666532,17,816,Origin-local observed-channel mean; does not replace pooled main metric
robin,BOLT_SMALL_F0,F0,v6_robin_f0,,4296,test_a,0.1443252539715734,0.23600086931358366,-0.03507942863164798,17,816,Origin-local observed-channel mean; does not replace pooled main metric
robin,BOLT_SMALL_F0,F0,v6_robin_f0,,4344,test_b,0.1411105137738364,0.22559188952771936,0.011140889823639318,17,816,Origin-local observed-channel mean; does not replace pooled main metric
robin,BOLT_SMALL_F0,F0,v6_robin_f0,,4368,test_b,0.14662826611082105,0.2379717151200691,0.03080523027992789,17,816,Origin-local observed-channel mean; does not replace pooled main metric
robin,BOLT_SMALL_F0,F0,v6_robin_f0,,4392,test_b,0.12026598406848597,0.20485884021835257,0.03099399381979168,17,816,Origin-local observed-channel mean; does not replace pooled main metric
robin,BOLT_SMALL_F0,F0,v6_robin_f0,,4416,test_b,0.0713385747143475,0.1692427322645124,0.0021742998209197608,17,816,Origin-local observed-channel mean; does not replace pooled main metric
robin,BOLT_SMALL_F0,F0,v6_robin_f0,,4440,test_b,0.10547371949911655,0.2036258216437144,-0.07074090310055124,17,816,Origin-local observed-channel mean; does not replace pooled main metric
robin,BOLT_SMALL_F0,F0,v6_robin_f0,,4464,test_b,0.14999501818419342,0.2244334462105625,-0.03746623313853371,17,816,Origin-local observed-channel mean; does not replace pooled main metric
robin,BOLT_SMALL_F0,F0,v6_robin_f0,,4488,test_b,0.17166994777681968,0.24040003483726954,0.002896151371875447,17,816,Origin-local observed-channel mean; does not replace pooled main metric
robin,BOLT_SMALL_F0,F0,v6_robin_f0,,4512,test_b,0.09301343866565044,0.19812137280378544,-0.0009817476138956468,17,816,Origin-local observed-channel mean; does not replace pooled main metric
robin,BOLT_SMALL_F0,F0,v6_robin_f0,,4536,test_b,0.16946318484525114,0.22856234335317732,0.0391479295794852,17,816,Origin-local observed-channel mean; does not replace pooled main metric
robin,BOLT_SMALL_F0,F0,v6_robin_f0,,4560,test_b,0.4039160624478688,0.2951719404081814,0.06294656239390628,17,816,Origin-local observed-channel mean; does not replace pooled main metric
robin,BOLT_SMALL_F0,F0,v6_robin_f0,,4584,test_b,0.08708504170678347,0.18836806789234586,-0.06394189697240626,17,816,Origin-local observed-channel mean; does not replace pooled main metric
robin,BOLT_SMALL_F0,F0,v6_robin_f0,,4608,test_b,0.1450422435558046,0.23910836965603496,-0.09261467669150042,17,816,Origin-local observed-channel mean; does not replace pooled main metric
robin,BOLT_SMALL_F0,F0,v6_robin_f0,,4632,test_b,0.09771753639517722,0.21370882209927966,0.058186150666990545,17,816,Origin-local observed-channel mean; does not replace pooled main metric
robin,BOLT_SMALL_F0,F0,v6_robin_f0,,4656,test_b,0.15404597013930488,0.24023813915960535,0.14368423977986608,17,816,Origin-local observed-channel mean; does not replace pooled main metric
robin,BOLT_SMALL_F0,F0,v6_robin_f0,,4680,test_b,0.07046214704627199,0.17932709217825948,0.005846545267701793,17,816,Origin-local observed-channel mean; does not replace pooled main metric
robin,BOLT_SMALL_F0,F0,v6_robin_f0,,4704,test_b,0.07208614273852505,0.19277223931631476,-0.050401198413858185,17,816,Origin-local observed-channel mean; does not replace pooled main metric
robin,BOLT_SMALL_F0,F0,v6_robin_f0,,4728,test_b,0.10868034838511742,0.22706240674040815,-0.1350894057262956,17,816,Origin-local observed-channel mean; does not replace pooled main metric
robin,BOLT_SMALL_F0,F0,v6_robin_f0,,4752,test_b,0.48648414780997357,0.3062525565024664,-0.1903899013914805,17,816,Origin-local observed-channel mean; does not replace pooled main metric
robin,BOLT_SMALL_F0,F0,v6_robin_f0,,4776,test_b,1.717072021821049,0.6735340914413266,-0.5691257419603469,17,815,Origin-local observed-channel mean; does not replace pooled main metric
robin,BOLT_SMALL_F0,F0,v6_robin_f0,,4800,test_b,0.6607363869857272,0.5319182130814996,-0.3488821841049402,17,815,Origin-local observed-channel mean; does not replace pooled main metric
robin,BOLT_SMALL_F0,F0,v6_robin_f0,,4824,test_b,0.3086994983026441,0.3709622757945481,-0.08579411791709156,17,816,Origin-local observed-channel mean; does not replace pooled main metric
robin,BOLT_SMALL_F0,F0,v6_robin_f0,,4848,test_b,0.16355114485138825,0.2980930418436365,0.0664294075004542,17,816,Origin-local observed-channel mean; does not replace pooled main metric
robin,BOLT_SMALL_F0,F0,v6_robin_f0,,4872,test_b,0.1389204088355253,0.2466604133241002,-0.037289873047163434,17,816,Origin-local observed-channel mean; does not replace pooled main metric
robin,BOLT_SMALL_F0,F0,v6_robin_f0,,4896,test_b,0.17313721082701025,0.26245505198362395,-0.028983071766774896,17,816,Origin-local observed-channel mean; does not replace pooled main metric
robin,BOLT_SMALL_F0,F0,v6_robin_f0,,4920,test_b,0.10242904139445831,0.21906585478748586,0.06510448941024187,17,816,Origin-local observed-channel mean; does not replace pooled main metric
robin,BOLT_SMALL_F0,F0,v6_robin_f0,,4944,test_b,0.6006436839634556,0.4627000871125846,0.20273432454126247,17,816,Origin-local observed-channel mean; does not replace pooled main metric
robin,BOLT_SMALL_F0,F0,v6_robin_f0,,4968,test_b,0.987427143302975,0.657529032409109,0.25570168851431935,17,816,Origin-local observed-channel mean; does not replace pooled main metric
robin,BOLT_SMALL_F0,F0,v6_robin_f0,,4992,test_b,0.6741438295002478,0.4588804783221242,0.2967055380712041,17,816,Origin-local observed-channel mean; does not replace pooled main metric
robin,BOLT_SMALL_F0,F0,v6_robin_f0,,5016,test_b,0.14659386093886373,0.2423556235136108,0.1415248465394446,17,816,Origin-local observed-channel mean; does not replace pooled main metric
robin,BOLT_SMALL_F0,F0,v6_robin_f0,,5040,test_b,0.05650761590920156,0.13568905072765225,0.009149732073531003,17,816,Origin-local observed-channel mean; does not replace pooled main metric
robin,BOLT_SMALL_F0,F0,v6_robin_f0,,5064,test_b,0.03488343550472574,0.12000957811816239,-0.004736851870856141,17,816,Origin-local observed-channel mean; does not replace pooled main metric
robin,BOLT_SMALL_F0,F0,v6_robin_f0,,5088,test_b,0.02344015833070202,0.08157018806948556,0.018668061491802754,17,816,Origin-local observed-channel mean; does not replace pooled main metric
robin,BOLT_SMALL_F0,F0,v6_robin_f0,,5112,test_b,0.07520138191038483,0.1268780351150353,-0.07332626810274828,17,816,Origin-local observed-channel mean; does not replace pooled main metric
robin,BOLT_SMALL_F0,F0,v6_robin_f0,,5136,test_b,0.06407725514465304,0.14264858851318277,-0.0850395191925653,17,816,Origin-local observed-channel mean; does not replace pooled main metric
robin,BOLT_SMALL_F0,F0,v6_robin_f0,,5160,test_b,0.02815773898127955,0.08331554850305752,-0.022102822994829872,17,816,Origin-local observed-channel mean; does not replace pooled main metric
robin,BOLT_SMALL_F0,F0,v6_robin_f0,,5184,test_b,0.057574623048777834,0.09296394478274034,-0.025939903094195856,17,816,Origin-local observed-channel mean; does not replace pooled main metric
robin,BOLT_SMALL_F0,F0,v6_robin_f0,,5208,test_b,0.05215124763509088,0.09355746636078145,0.029132022371164103,17,816,Origin-local observed-channel mean; does not replace pooled main metric
robin,BOLT_SMALL_F0,F0,v6_robin_f0,,5232,test_b,0.04121322933360302,0.08675277429489035,0.0007627982658781418,17,816,Origin-local observed-channel mean; does not replace pooled main metric
robin,BOLT_SMALL_F0,F0,v6_robin_f0,,5256,test_b,0.062057519889666915,0.10934954968180655,-0.009075738825177884,17,816,Origin-local observed-channel mean; does not replace pooled main metric
robin,BOLT_SMALL_F0,F0,v6_robin_f0,,5280,test_b,0.10503045780732605,0.13244788994893944,-0.06410672561968585,17,816,Origin-local observed-channel mean; does not replace pooled main metric
robin,BOLT_MINI_F0,F0,robin_BOLT_MINI_F0,,3360,test_a,0.4861709998811096,0.34482976521472025,0.10355346062036844,17,816,Origin-local observed-channel mean; does not replace pooled main metric
robin,BOLT_MINI_F0,F0,robin_BOLT_MINI_F0,,3384,test_a,0.18331956782390044,0.25547829701185143,0.01780939084510821,17,816,Origin-local observed-channel mean; does not replace pooled main metric
robin,BOLT_MINI_F0,F0,robin_BOLT_MINI_F0,,3408,test_a,0.19375132131684147,0.27431677381694086,0.06105045279557588,17,816,Origin-local observed-channel mean; does not replace pooled main metric
robin,BOLT_MINI_F0,F0,robin_BOLT_MINI_F0,,3432,test_a,0.16404074477329245,0.28414177558721243,-0.05776009418153917,17,816,Origin-local observed-channel mean; does not replace pooled main metric
robin,BOLT_MINI_F0,F0,robin_BOLT_MINI_F0,,3456,test_a,0.11219779871699463,0.24511167898890562,0.03905701633373289,17,816,Origin-local observed-channel mean; does not replace pooled main metric
robin,BOLT_MINI_F0,F0,robin_BOLT_MINI_F0,,3480,test_a,0.12698149989683977,0.23959010073810405,0.07263792348863253,17,816,Origin-local observed-channel mean; does not replace pooled main metric
robin,BOLT_MINI_F0,F0,robin_BOLT_MINI_F0,,3504,test_a,0.14178936850802903,0.2604026587034562,0.03217892574092747,17,816,Origin-local observed-channel mean; does not replace pooled main metric
robin,BOLT_MINI_F0,F0,robin_BOLT_MINI_F0,,3528,test_a,0.109807211305257,0.21521728447816496,0.05710803798523129,17,816,Origin-local observed-channel mean; does not replace pooled main metric
robin,BOLT_MINI_F0,F0,robin_BOLT_MINI_F0,,3552,test_a,0.08423169302409288,0.18846435005452444,-0.024281663357910207,17,816,Origin-local observed-channel mean; does not replace pooled main metric
robin,BOLT_MINI_F0,F0,robin_BOLT_MINI_F0,,3576,test_a,0.65325390923889,0.4892343643838175,0.3259437549790806,17,816,Origin-local observed-channel mean; does not replace pooled main metric
robin,BOLT_MINI_F0,F0,robin_BOLT_MINI_F0,,3600,test_a,0.706231618434558,0.5370367867181617,0.3694925810006109,17,816,Origin-local observed-channel mean; does not replace pooled main metric
robin,BOLT_MINI_F0,F0,robin_BOLT_MINI_F0,,3624,test_a,0.4240270569184761,0.473140262635984,-0.3567570477770299,17,816,Origin-local observed-channel mean; does not replace pooled main metric
robin,BOLT_MINI_F0,F0,robin_BOLT_MINI_F0,,3648,test_a,0.1545657284058565,0.2791619310443696,0.01776895592675098,17,816,Origin-local observed-channel mean; does not replace pooled main metric
robin,BOLT_MINI_F0,F0,robin_BOLT_MINI_F0,,3672,test_a,0.1624089655883356,0.2528526637321977,0.0959238922297635,17,816,Origin-local observed-channel mean; does not replace pooled main metric
robin,BOLT_MINI_F0,F0,robin_BOLT_MINI_F0,,3696,test_a,0.2197159111341741,0.28454096250974475,0.010017119016779093,17,816,Origin-local observed-channel mean; does not replace pooled main metric
robin,BOLT_MINI_F0,F0,robin_BOLT_MINI_F0,,3720,test_a,0.2600814735392133,0.32035490452607535,0.009540706783060586,17,816,Origin-local observed-channel mean; does not replace pooled main metric
robin,BOLT_MINI_F0,F0,robin_BOLT_MINI_F0,,3744,test_a,0.795321407656434,0.4112235272358007,0.07611068438592496,17,816,Origin-local observed-channel mean; does not replace pooled main metric
robin,BOLT_MINI_F0,F0,robin_BOLT_MINI_F0,,3768,test_a,0.6937650277808902,0.49727662755764207,-0.053321560822808485,17,816,Origin-local observed-channel mean; does not replace pooled main metric
robin,BOLT_MINI_F0,F0,robin_BOLT_MINI_F0,,3792,test_a,0.2937154065040155,0.3711213061747092,-0.15196813234076983,17,816,Origin-local observed-channel mean; does not replace pooled main metric
robin,BOLT_MINI_F0,F0,robin_BOLT_MINI_F0,,3816,test_a,0.16950218294054362,0.2810029331723818,-0.1849090806771368,17,816,Origin-local observed-channel mean; does not replace pooled main metric
robin,BOLT_MINI_F0,F0,robin_BOLT_MINI_F0,,3840,test_a,0.13969339417581828,0.24756013614637146,-0.0013974205649705548,17,816,Origin-local observed-channel mean; does not replace pooled main metric
robin,BOLT_MINI_F0,F0,robin_BOLT_MINI_F0,,3864,test_a,0.09786020187740294,0.21436141951526938,-0.04582339178480598,17,816,Origin-local observed-channel mean; does not replace pooled main metric
robin,BOLT_MINI_F0,F0,robin_BOLT_MINI_F0,,3888,test_a,0.07350730202976813,0.1932447965583004,-0.015533045616358121,17,816,Origin-local observed-channel mean; does not replace pooled main metric
robin,BOLT_MINI_F0,F0,robin_BOLT_MINI_F0,,3912,test_a,0.09704277479060076,0.19667392809003337,-0.07233585293550847,17,816,Origin-local observed-channel mean; does not replace pooled main metric
robin,BOLT_MINI_F0,F0,robin_BOLT_MINI_F0,,3936,test_a,0.14800465988966388,0.2646084514237694,-0.044410972886230325,17,816,Origin-local observed-channel mean; does not replace pooled main metric
robin,BOLT_MINI_F0,F0,robin_BOLT_MINI_F0,,3960,test_a,0.09019309276247159,0.2051171462460165,0.020416073357302916,17,816,Origin-local observed-channel mean; does not replace pooled main metric
robin,BOLT_MINI_F0,F0,robin_BOLT_MINI_F0,,3984,test_a,0.11806220378560586,0.22088342336549732,0.0026354151287152562,17,816,Origin-local observed-channel mean; does not replace pooled main metric
robin,BOLT_MINI_F0,F0,robin_BOLT_MINI_F0,,4008,test_a,0.13130915089226833,0.22557633040289113,0.116931352716147,17,816,Origin-local observed-channel mean; does not replace pooled main metric
robin,BOLT_MINI_F0,F0,robin_BOLT_MINI_F0,,4032,test_a,0.1271463164547333,0.22262629971459424,0.046185146511347475,17,816,Origin-local observed-channel mean; does not replace pooled main metric
robin,BOLT_MINI_F0,F0,robin_BOLT_MINI_F0,,4056,test_a,0.14144722645057378,0.2406842914839645,-0.10908091040790384,17,816,Origin-local observed-channel mean; does not replace pooled main metric
robin,BOLT_MINI_F0,F0,robin_BOLT_MINI_F0,,4080,test_a,0.2308991484864999,0.2962308899586074,-0.07998152033292617,17,816,Origin-local observed-channel mean; does not replace pooled main metric
robin,BOLT_MINI_F0,F0,robin_BOLT_MINI_F0,,4104,test_a,0.2617603270213199,0.30351486310096604,-0.09398621768902078,17,816,Origin-local observed-channel mean; does not replace pooled main metric
robin,BOLT_MINI_F0,F0,robin_BOLT_MINI_F0,,4128,test_a,0.14893467813191918,0.2525306868246487,0.028659863471950625,17,816,Origin-local observed-channel mean; does not replace pooled main metric
robin,BOLT_MINI_F0,F0,robin_BOLT_MINI_F0,,4152,test_a,0.1518540585633125,0.25173177000696717,-0.08476190341924153,17,816,Origin-local observed-channel mean; does not replace pooled main metric
robin,BOLT_MINI_F0,F0,robin_BOLT_MINI_F0,,4176,test_a,0.16678544163006773,0.2728974423056677,0.034990165493831694,17,816,Origin-local observed-channel mean; does not replace pooled main metric
robin,BOLT_MINI_F0,F0,robin_BOLT_MINI_F0,,4200,test_a,0.15332619308328246,0.2440721479457245,0.11470289787044463,17,816,Origin-local observed-channel mean; does not replace pooled main metric
robin,BOLT_MINI_F0,F0,robin_BOLT_MINI_F0,,4224,test_a,0.14009407024246012,0.22909667741110112,0.09857452132478906,17,816,Origin-local observed-channel mean; does not replace pooled main metric
robin,BOLT_MINI_F0,F0,robin_BOLT_MINI_F0,,4248,test_a,0.12163903614168807,0.21561016877882033,-0.02852817910866625,17,816,Origin-local observed-channel mean; does not replace pooled main metric
robin,BOLT_MINI_F0,F0,robin_BOLT_MINI_F0,,4272,test_a,0.29622928719009123,0.32292634953773813,-0.1745765408352371,17,816,Origin-local observed-channel mean; does not replace pooled main metric
robin,BOLT_MINI_F0,F0,robin_BOLT_MINI_F0,,4296,test_a,0.14112824467364965,0.23984833167153685,-0.019202064679406,17,816,Origin-local observed-channel mean; does not replace pooled main metric
robin,BOLT_MINI_F0,F0,robin_BOLT_MINI_F0,,4344,test_b,0.11247353447275614,0.21382279350762154,-0.006195334099103609,17,816,Origin-local observed-channel mean; does not replace pooled main metric
robin,BOLT_MINI_F0,F0,robin_BOLT_MINI_F0,,4368,test_b,0.10356066328838578,0.21221445444925668,-0.009848978660325068,17,816,Origin-local observed-channel mean; does not replace pooled main metric
robin,BOLT_MINI_F0,F0,robin_BOLT_MINI_F0,,4392,test_b,0.11688070096797655,0.20352048302119524,0.01707448984847824,17,816,Origin-local observed-channel mean; does not replace pooled main metric
robin,BOLT_MINI_F0,F0,robin_BOLT_MINI_F0,,4416,test_b,0.07677248621686969,0.17672965187675266,-0.04126247550091505,17,816,Origin-local observed-channel mean; does not replace pooled main metric
robin,BOLT_MINI_F0,F0,robin_BOLT_MINI_F0,,4440,test_b,0.09564485368633073,0.19566695302024062,-0.06124337079909667,17,816,Origin-local observed-channel mean; does not replace pooled main metric
robin,BOLT_MINI_F0,F0,robin_BOLT_MINI_F0,,4464,test_b,0.1572576982273328,0.23191636402557114,-0.04559882863438415,17,816,Origin-local observed-channel mean; does not replace pooled main metric
robin,BOLT_MINI_F0,F0,robin_BOLT_MINI_F0,,4488,test_b,0.16989995170598093,0.23886344479921948,-0.00022470063698824572,17,816,Origin-local observed-channel mean; does not replace pooled main metric
robin,BOLT_MINI_F0,F0,robin_BOLT_MINI_F0,,4512,test_b,0.0887116883030838,0.1950355229469007,-0.0007454900592611236,17,816,Origin-local observed-channel mean; does not replace pooled main metric
robin,BOLT_MINI_F0,F0,robin_BOLT_MINI_F0,,4536,test_b,0.17126837921814014,0.22638811159299177,0.02684152081458117,17,816,Origin-local observed-channel mean; does not replace pooled main metric
robin,BOLT_MINI_F0,F0,robin_BOLT_MINI_F0,,4560,test_b,0.4045760289460342,0.303843948516456,0.06061738617512781,17,816,Origin-local observed-channel mean; does not replace pooled main metric
robin,BOLT_MINI_F0,F0,robin_BOLT_MINI_F0,,4584,test_b,0.10876132658747956,0.213012331679541,-0.10894519585246384,17,816,Origin-local observed-channel mean; does not replace pooled main metric
robin,BOLT_MINI_F0,F0,robin_BOLT_MINI_F0,,4608,test_b,0.14026673048352253,0.23962264547955386,-0.08239126007081757,17,816,Origin-local observed-channel mean; does not replace pooled main metric
robin,BOLT_MINI_F0,F0,robin_BOLT_MINI_F0,,4632,test_b,0.10386064247849702,0.22248480484938457,0.06012623068647158,17,816,Origin-local observed-channel mean; does not replace pooled main metric
robin,BOLT_MINI_F0,F0,robin_BOLT_MINI_F0,,4656,test_b,0.13900711953963432,0.23466714018514703,0.13032879656227533,17,816,Origin-local observed-channel mean; does not replace pooled main metric
robin,BOLT_MINI_F0,F0,robin_BOLT_MINI_F0,,4680,test_b,0.07479263873743076,0.1828558022654547,0.0028117446935913663,17,816,Origin-local observed-channel mean; does not replace pooled main metric
robin,BOLT_MINI_F0,F0,robin_BOLT_MINI_F0,,4704,test_b,0.08939475830246897,0.20650348633702664,-0.05294225031748818,17,816,Origin-local observed-channel mean; does not replace pooled main metric
robin,BOLT_MINI_F0,F0,robin_BOLT_MINI_F0,,4728,test_b,0.10780113293164975,0.22381589344007025,-0.14518430887098885,17,816,Origin-local observed-channel mean; does not replace pooled main metric
robin,BOLT_MINI_F0,F0,robin_BOLT_MINI_F0,,4752,test_b,0.5066294220071571,0.3327938600421333,-0.2338572705959771,17,816,Origin-local observed-channel mean; does not replace pooled main metric
robin,BOLT_MINI_F0,F0,robin_BOLT_MINI_F0,,4776,test_b,1.6991253102912567,0.675247909845373,-0.5697098494207351,17,815,Origin-local observed-channel mean; does not replace pooled main metric
robin,BOLT_MINI_F0,F0,robin_BOLT_MINI_F0,,4800,test_b,0.7774966218127857,0.5558013681293125,-0.3773582410875459,17,815,Origin-local observed-channel mean; does not replace pooled main metric
robin,BOLT_MINI_F0,F0,robin_BOLT_MINI_F0,,4824,test_b,0.2849911464682217,0.3687368382186333,-0.08502603101670485,17,816,Origin-local observed-channel mean; does not replace pooled main metric
robin,BOLT_MINI_F0,F0,robin_BOLT_MINI_F0,,4848,test_b,0.2129188285454935,0.3376061590436924,0.05607601330078016,17,816,Origin-local observed-channel mean; does not replace pooled main metric
robin,BOLT_MINI_F0,F0,robin_BOLT_MINI_F0,,4872,test_b,0.1570569863158647,0.26853760078808464,-0.054571700363143745,17,816,Origin-local observed-channel mean; does not replace pooled main metric
robin,BOLT_MINI_F0,F0,robin_BOLT_MINI_F0,,4896,test_b,0.145452792419586,0.2484652063139234,-0.034935440932838235,17,816,Origin-local observed-channel mean; does not replace pooled main metric
robin,BOLT_MINI_F0,F0,robin_BOLT_MINI_F0,,4920,test_b,0.10333946801936623,0.2182342233164116,0.05250502258515516,17,816,Origin-local observed-channel mean; does not replace pooled main metric
robin,BOLT_MINI_F0,F0,robin_BOLT_MINI_F0,,4944,test_b,0.5793360667333672,0.46460250342451953,0.19617948950355069,17,816,Origin-local observed-channel mean; does not replace pooled main metric
robin,BOLT_MINI_F0,F0,robin_BOLT_MINI_F0,,4968,test_b,1.0213356033006074,0.667658888465524,0.25998010036567515,17,816,Origin-local observed-channel mean; does not replace pooled main metric
robin,BOLT_MINI_F0,F0,robin_BOLT_MINI_F0,,4992,test_b,0.5729309264717699,0.4492650215657954,0.2683611053026278,17,816,Origin-local observed-channel mean; does not replace pooled main metric
robin,BOLT_MINI_F0,F0,robin_BOLT_MINI_F0,,5016,test_b,0.11548327203908135,0.22426000487015982,0.11716843800169563,17,816,Origin-local observed-channel mean; does not replace pooled main metric
robin,BOLT_MINI_F0,F0,robin_BOLT_MINI_F0,,5040,test_b,0.05892172488306147,0.1514496582246519,0.005462195720468243,17,816,Origin-local observed-channel mean; does not replace pooled main metric
robin,BOLT_MINI_F0,F0,robin_BOLT_MINI_F0,,5064,test_b,0.04243272520037908,0.11745382347012934,0.03098644937334957,17,816,Origin-local observed-channel mean; does not replace pooled main metric
robin,BOLT_MINI_F0,F0,robin_BOLT_MINI_F0,,5088,test_b,0.031579153783203626,0.08983123499994831,0.002672132273266253,17,816,Origin-local observed-channel mean; does not replace pooled main metric
robin,BOLT_MINI_F0,F0,robin_BOLT_MINI_F0,,5112,test_b,0.0586692288232453,0.11501974834070151,-0.047493000585068244,17,816,Origin-local observed-channel mean; does not replace pooled main metric
robin,BOLT_MINI_F0,F0,robin_BOLT_MINI_F0,,5136,test_b,0.06929212978631194,0.14280603124229943,-0.08229441553546578,17,816,Origin-local observed-channel mean; does not replace pooled main metric
robin,BOLT_MINI_F0,F0,robin_BOLT_MINI_F0,,5160,test_b,0.03098598242908097,0.08224485681043292,-0.025858388015359533,17,816,Origin-local observed-channel mean; does not replace pooled main metric
robin,BOLT_MINI_F0,F0,robin_BOLT_MINI_F0,,5184,test_b,0.06701822409215359,0.10046165123326231,-0.053482621962971544,17,816,Origin-local observed-channel mean; does not replace pooled main metric
robin,BOLT_MINI_F0,F0,robin_BOLT_MINI_F0,,5208,test_b,0.043522676923523,0.0975166699379984,0.0023611964350885805,17,816,Origin-local observed-channel mean; does not replace pooled main metric
robin,BOLT_MINI_F0,F0,robin_BOLT_MINI_F0,,5232,test_b,0.050087722909309344,0.11143082476223307,-0.024381779490938116,17,816,Origin-local observed-channel mean; does not replace pooled main metric
robin,BOLT_MINI_F0,F0,robin_BOLT_MINI_F0,,5256,test_b,0.06839509067821127,0.12323816389749374,-0.03159018188450194,17,816,Origin-local observed-channel mean; does not replace pooled main metric
robin,BOLT_MINI_F0,F0,robin_BOLT_MINI_F0,,5280,test_b,0.14336904799635686,0.14957164226821165,-0.0730091376280339,17,816,Origin-local observed-channel mean; does not replace pooled main metric
robin,BOLT_TINY_F0,F0,robin_BOLT_TINY_F0,,3360,test_a,0.6097712284498256,0.3620924672600981,0.14287870540903325,17,816,Origin-local observed-channel mean; does not replace pooled main metric
robin,BOLT_TINY_F0,F0,robin_BOLT_TINY_F0,,3384,test_a,0.23379348890402937,0.2720706102414874,0.010712081846363346,17,816,Origin-local observed-channel mean; does not replace pooled main metric
robin,BOLT_TINY_F0,F0,robin_BOLT_TINY_F0,,3408,test_a,0.12227684924618897,0.23892726162397165,0.03713886106675536,17,816,Origin-local observed-channel mean; does not replace pooled main metric
robin,BOLT_TINY_F0,F0,robin_BOLT_TINY_F0,,3432,test_a,0.19789398174533276,0.3034418809569901,-0.06093610847671574,17,816,Origin-local observed-channel mean; does not replace pooled main metric
robin,BOLT_TINY_F0,F0,robin_BOLT_TINY_F0,,3456,test_a,0.10318428104990254,0.23739065436487128,0.04117894889179082,17,816,Origin-local observed-channel mean; does not replace pooled main metric
robin,BOLT_TINY_F0,F0,robin_BOLT_TINY_F0,,3480,test_a,0.1281857693369816,0.25020013933987917,0.09945591612867088,17,816,Origin-local observed-channel mean; does not replace pooled main metric
robin,BOLT_TINY_F0,F0,robin_BOLT_TINY_F0,,3504,test_a,0.1461292514511372,0.26047897845245305,0.031111035713133867,17,816,Origin-local observed-channel mean; does not replace pooled main metric
robin,BOLT_TINY_F0,F0,robin_BOLT_TINY_F0,,3528,test_a,0.11294336708844996,0.21786059243444753,0.030185512033081147,17,816,Origin-local observed-channel mean; does not replace pooled main metric
robin,BOLT_TINY_F0,F0,robin_BOLT_TINY_F0,,3552,test_a,0.09062237899062657,0.19623688223780883,-0.0302940686804005,17,816,Origin-local observed-channel mean; does not replace pooled main metric
robin,BOLT_TINY_F0,F0,robin_BOLT_TINY_F0,,3576,test_a,0.6726665317918245,0.4926579213249223,0.35225321005746796,17,816,Origin-local observed-channel mean; does not replace pooled main metric
robin,BOLT_TINY_F0,F0,robin_BOLT_TINY_F0,,3600,test_a,0.7416211765794308,0.5497269291429571,0.3795736113605409,17,816,Origin-local observed-channel mean; does not replace pooled main metric
robin,BOLT_TINY_F0,F0,robin_BOLT_TINY_F0,,3624,test_a,0.5153014905448158,0.5095625170840375,-0.40549271733314024,17,816,Origin-local observed-channel mean; does not replace pooled main metric
robin,BOLT_TINY_F0,F0,robin_BOLT_TINY_F0,,3648,test_a,0.1477833678770133,0.27197505313447706,0.03869494228930825,17,816,Origin-local observed-channel mean; does not replace pooled main metric
robin,BOLT_TINY_F0,F0,robin_BOLT_TINY_F0,,3672,test_a,0.16956585993732098,0.26154125979576515,0.10204320354672496,17,816,Origin-local observed-channel mean; does not replace pooled main metric
robin,BOLT_TINY_F0,F0,robin_BOLT_TINY_F0,,3696,test_a,0.21998136484885306,0.2937209065093353,0.007934510215658094,17,816,Origin-local observed-channel mean; does not replace pooled main metric
robin,BOLT_TINY_F0,F0,robin_BOLT_TINY_F0,,3720,test_a,0.27650121072846545,0.3311996469488162,-0.012405654934506556,17,816,Origin-local observed-channel mean; does not replace pooled main metric
robin,BOLT_TINY_F0,F0,robin_BOLT_TINY_F0,,3744,test_a,0.8174436864943064,0.41549579612225945,0.09906335014566853,17,816,Origin-local observed-channel mean; does not replace pooled main metric
robin,BOLT_TINY_F0,F0,robin_BOLT_TINY_F0,,3768,test_a,0.6563400169212674,0.47402599986440586,-0.01154974576824246,17,816,Origin-local observed-channel mean; does not replace pooled main metric
robin,BOLT_TINY_F0,F0,robin_BOLT_TINY_F0,,3792,test_a,0.19206143546730337,0.31469278060980926,-0.17395026270249073,17,816,Origin-local observed-channel mean; does not replace pooled main metric
robin,BOLT_TINY_F0,F0,robin_BOLT_TINY_F0,,3816,test_a,0.1619762285849508,0.27396075418094845,-0.1631896907601913,17,816,Origin-local observed-channel mean; does not replace pooled main metric
robin,BOLT_TINY_F0,F0,robin_BOLT_TINY_F0,,3840,test_a,0.14021249430958718,0.2487218056705709,-0.009974431210067962,17,816,Origin-local observed-channel mean; does not replace pooled main metric
robin,BOLT_TINY_F0,F0,robin_BOLT_TINY_F0,,3864,test_a,0.09711060297731686,0.21132114532783994,-0.037330885550081974,17,816,Origin-local observed-channel mean; does not replace pooled main metric
robin,BOLT_TINY_F0,F0,robin_BOLT_TINY_F0,,3888,test_a,0.09124399172102832,0.2150863197276325,-0.03799911220652147,17,816,Origin-local observed-channel mean; does not replace pooled main metric
robin,BOLT_TINY_F0,F0,robin_BOLT_TINY_F0,,3912,test_a,0.09456850127742128,0.20303333526723746,-0.055025033362885466,17,816,Origin-local observed-channel mean; does not replace pooled main metric
robin,BOLT_TINY_F0,F0,robin_BOLT_TINY_F0,,3936,test_a,0.188250198144969,0.29735382516096875,-0.06005185922749305,17,816,Origin-local observed-channel mean; does not replace pooled main metric
robin,BOLT_TINY_F0,F0,robin_BOLT_TINY_F0,,3960,test_a,0.08638673805876404,0.19864474705108853,-0.005563097695224264,17,816,Origin-local observed-channel mean; does not replace pooled main metric
robin,BOLT_TINY_F0,F0,robin_BOLT_TINY_F0,,3984,test_a,0.11546680363087372,0.21752358501658356,0.0011730877312776773,17,816,Origin-local observed-channel mean; does not replace pooled main metric
robin,BOLT_TINY_F0,F0,robin_BOLT_TINY_F0,,4008,test_a,0.12884374930596337,0.22357366763839415,0.1130030533300562,17,816,Origin-local observed-channel mean; does not replace pooled main metric
robin,BOLT_TINY_F0,F0,robin_BOLT_TINY_F0,,4032,test_a,0.13261003323015902,0.22414864159466508,0.06438256984698705,17,816,Origin-local observed-channel mean; does not replace pooled main metric
robin,BOLT_TINY_F0,F0,robin_BOLT_TINY_F0,,4056,test_a,0.13440941045286467,0.24961679631429862,-0.11226352936886114,17,816,Origin-local observed-channel mean; does not replace pooled main metric
robin,BOLT_TINY_F0,F0,robin_BOLT_TINY_F0,,4080,test_a,0.21669771346117675,0.2876563959097457,-0.09344978635714393,17,816,Origin-local observed-channel mean; does not replace pooled main metric
robin,BOLT_TINY_F0,F0,robin_BOLT_TINY_F0,,4104,test_a,0.3071009513887155,0.3253378853918476,-0.06969061568152564,17,816,Origin-local observed-channel mean; does not replace pooled main metric
robin,BOLT_TINY_F0,F0,robin_BOLT_TINY_F0,,4128,test_a,0.13507764312081655,0.24497971009473343,0.02124236453942014,17,816,Origin-local observed-channel mean; does not replace pooled main metric
robin,BOLT_TINY_F0,F0,robin_BOLT_TINY_F0,,4152,test_a,0.16904902221175389,0.2644033481255082,-0.04467937071675288,17,816,Origin-local observed-channel mean; does not replace pooled main metric
robin,BOLT_TINY_F0,F0,robin_BOLT_TINY_F0,,4176,test_a,0.1705654120720802,0.2751452839965721,0.03615396782262513,17,816,Origin-local observed-channel mean; does not replace pooled main metric
robin,BOLT_TINY_F0,F0,robin_BOLT_TINY_F0,,4200,test_a,0.16457805799254063,0.26243257350863275,0.13956299910654812,17,816,Origin-local observed-channel mean; does not replace pooled main metric
robin,BOLT_TINY_F0,F0,robin_BOLT_TINY_F0,,4224,test_a,0.25799674198209754,0.2798630268342665,0.1523171057958868,17,816,Origin-local observed-channel mean; does not replace pooled main metric
robin,BOLT_TINY_F0,F0,robin_BOLT_TINY_F0,,4248,test_a,0.13869836834995275,0.22400282259260682,-0.019795265848098972,17,816,Origin-local observed-channel mean; does not replace pooled main metric
robin,BOLT_TINY_F0,F0,robin_BOLT_TINY_F0,,4272,test_a,0.43584958434599697,0.36485350416792334,-0.19826181079920122,17,816,Origin-local observed-channel mean; does not replace pooled main metric
robin,BOLT_TINY_F0,F0,robin_BOLT_TINY_F0,,4296,test_a,0.14013841521976073,0.23363788474314642,-0.01754049999484172,17,816,Origin-local observed-channel mean; does not replace pooled main metric
robin,BOLT_TINY_F0,F0,robin_BOLT_TINY_F0,,4344,test_b,0.1114672870850262,0.20929585603588233,-0.008890644275179868,17,816,Origin-local observed-channel mean; does not replace pooled main metric
robin,BOLT_TINY_F0,F0,robin_BOLT_TINY_F0,,4368,test_b,0.12823522511697028,0.23153404358491372,0.0025916145589458344,17,816,Origin-local observed-channel mean; does not replace pooled main metric
robin,BOLT_TINY_F0,F0,robin_BOLT_TINY_F0,,4392,test_b,0.08804576234488382,0.18845733967678183,-0.001793001768151846,17,816,Origin-local observed-channel mean; does not replace pooled main metric
robin,BOLT_TINY_F0,F0,robin_BOLT_TINY_F0,,4416,test_b,0.07095424796048701,0.17168340799238935,-0.04341411040570843,17,816,Origin-local observed-channel mean; does not replace pooled main metric
robin,BOLT_TINY_F0,F0,robin_BOLT_TINY_F0,,4440,test_b,0.09475960672126761,0.19384617085726108,-0.07689461006392616,17,816,Origin-local observed-channel mean; does not replace pooled main metric
robin,BOLT_TINY_F0,F0,robin_BOLT_TINY_F0,,4464,test_b,0.14660196008664847,0.22645060780490112,-0.0245595010643478,17,816,Origin-local observed-channel mean; does not replace pooled main metric
robin,BOLT_TINY_F0,F0,robin_BOLT_TINY_F0,,4488,test_b,0.1838479344868406,0.24719958512144458,0.00559843684816003,17,816,Origin-local observed-channel mean; does not replace pooled main metric
robin,BOLT_TINY_F0,F0,robin_BOLT_TINY_F0,,4512,test_b,0.09270146596919712,0.1957865925385918,-0.016574097891434037,17,816,Origin-local observed-channel mean; does not replace pooled main metric
robin,BOLT_TINY_F0,F0,robin_BOLT_TINY_F0,,4536,test_b,0.18123497784819814,0.24569164529127782,0.023817463375071027,17,816,Origin-local observed-channel mean; does not replace pooled main metric
robin,BOLT_TINY_F0,F0,robin_BOLT_TINY_F0,,4560,test_b,0.40853293498103427,0.3054846918550502,0.03734503980776221,17,816,Origin-local observed-channel mean; does not replace pooled main metric
robin,BOLT_TINY_F0,F0,robin_BOLT_TINY_F0,,4584,test_b,0.0932470272848806,0.19597855746556608,-0.08649446306848332,17,816,Origin-local observed-channel mean; does not replace pooled main metric
robin,BOLT_TINY_F0,F0,robin_BOLT_TINY_F0,,4608,test_b,0.15343111135191356,0.24476484777908045,-0.0684179896831184,17,816,Origin-local observed-channel mean; does not replace pooled main metric
robin,BOLT_TINY_F0,F0,robin_BOLT_TINY_F0,,4632,test_b,0.11016907408722984,0.22674833839004815,0.03811206350841459,17,816,Origin-local observed-channel mean; does not replace pooled main metric
robin,BOLT_TINY_F0,F0,robin_BOLT_TINY_F0,,4656,test_b,0.16997378495020135,0.25274187019457195,0.15257968166962893,17,816,Origin-local observed-channel mean; does not replace pooled main metric
robin,BOLT_TINY_F0,F0,robin_BOLT_TINY_F0,,4680,test_b,0.07908037554880806,0.1834063188360625,0.010953791342235134,17,816,Origin-local observed-channel mean; does not replace pooled main metric
robin,BOLT_TINY_F0,F0,robin_BOLT_TINY_F0,,4704,test_b,0.09070772116977961,0.20573936036981097,-0.06089058691984118,17,816,Origin-local observed-channel mean; does not replace pooled main metric
robin,BOLT_TINY_F0,F0,robin_BOLT_TINY_F0,,4728,test_b,0.12031893781361151,0.23494328195574424,-0.14861819013458444,17,816,Origin-local observed-channel mean; does not replace pooled main metric
robin,BOLT_TINY_F0,F0,robin_BOLT_TINY_F0,,4752,test_b,0.5080511988782678,0.33572243893271947,-0.221832202319324,17,816,Origin-local observed-channel mean; does not replace pooled main metric
robin,BOLT_TINY_F0,F0,robin_BOLT_TINY_F0,,4776,test_b,1.69353896207653,0.6775388231586389,-0.5499971226389571,17,815,Origin-local observed-channel mean; does not replace pooled main metric
robin,BOLT_TINY_F0,F0,robin_BOLT_TINY_F0,,4800,test_b,1.392598932246668,0.655915467582036,-0.46428084218506077,17,815,Origin-local observed-channel mean; does not replace pooled main metric
robin,BOLT_TINY_F0,F0,robin_BOLT_TINY_F0,,4824,test_b,0.3374317299861622,0.3781149552530277,-0.10435205504808098,17,816,Origin-local observed-channel mean; does not replace pooled main metric
robin,BOLT_TINY_F0,F0,robin_BOLT_TINY_F0,,4848,test_b,0.21238204891659823,0.32048291595185896,0.022790470891278312,17,816,Origin-local observed-channel mean; does not replace pooled main metric
robin,BOLT_TINY_F0,F0,robin_BOLT_TINY_F0,,4872,test_b,0.15121033965002914,0.2640139530352933,-0.07122947721982913,17,816,Origin-local observed-channel mean; does not replace pooled main metric
robin,BOLT_TINY_F0,F0,robin_BOLT_TINY_F0,,4896,test_b,0.17424995680177352,0.28018619103650233,-0.04152240066447549,17,816,Origin-local observed-channel mean; does not replace pooled main metric
robin,BOLT_TINY_F0,F0,robin_BOLT_TINY_F0,,4920,test_b,0.12647176221863046,0.24529097292050958,0.07427008502453841,17,816,Origin-local observed-channel mean; does not replace pooled main metric
robin,BOLT_TINY_F0,F0,robin_BOLT_TINY_F0,,4944,test_b,0.6270853906448187,0.4960482041819442,0.22997716151282888,17,816,Origin-local observed-channel mean; does not replace pooled main metric
robin,BOLT_TINY_F0,F0,robin_BOLT_TINY_F0,,4968,test_b,1.0390836506869634,0.6816012920371219,0.27831880681960863,17,816,Origin-local observed-channel mean; does not replace pooled main metric
robin,BOLT_TINY_F0,F0,robin_BOLT_TINY_F0,,4992,test_b,0.5269044278038937,0.4252707950823499,0.278422193229441,17,816,Origin-local observed-channel mean; does not replace pooled main metric
robin,BOLT_TINY_F0,F0,robin_BOLT_TINY_F0,,5016,test_b,0.0959007617254691,0.20891941990075613,0.10941899603623073,17,816,Origin-local observed-channel mean; does not replace pooled main metric
robin,BOLT_TINY_F0,F0,robin_BOLT_TINY_F0,,5040,test_b,0.05503519625856507,0.14773602606695863,0.02104534077828729,17,816,Origin-local observed-channel mean; does not replace pooled main metric
robin,BOLT_TINY_F0,F0,robin_BOLT_TINY_F0,,5064,test_b,0.034317152775008714,0.12309834353058535,0.009316419619055667,17,816,Origin-local observed-channel mean; does not replace pooled main metric
robin,BOLT_TINY_F0,F0,robin_BOLT_TINY_F0,,5088,test_b,0.026264072285353074,0.08219852765957031,0.0060178736340615185,17,816,Origin-local observed-channel mean; does not replace pooled main metric
robin,BOLT_TINY_F0,F0,robin_BOLT_TINY_F0,,5112,test_b,0.07079548033687388,0.11974900919556282,-0.03639426975068465,17,816,Origin-local observed-channel mean; does not replace pooled main metric
robin,BOLT_TINY_F0,F0,robin_BOLT_TINY_F0,,5136,test_b,0.06292494124648286,0.1293583900664018,-0.05731562572413274,17,816,Origin-local observed-channel mean; does not replace pooled main metric
robin,BOLT_TINY_F0,F0,robin_BOLT_TINY_F0,,5160,test_b,0.03288390708167375,0.08771256723347881,0.010078672824045712,17,816,Origin-local observed-channel mean; does not replace pooled main metric
robin,BOLT_TINY_F0,F0,robin_BOLT_TINY_F0,,5184,test_b,0.06824996312707891,0.10457957073060029,-0.04454801035314507,17,816,Origin-local observed-channel mean; does not replace pooled main metric
robin,BOLT_TINY_F0,F0,robin_BOLT_TINY_F0,,5208,test_b,0.043793346073102715,0.10045099179956642,0.0032545371276700747,17,816,Origin-local observed-channel mean; does not replace pooled main metric
robin,BOLT_TINY_F0,F0,robin_BOLT_TINY_F0,,5232,test_b,0.04061753241241371,0.10292222588288816,-0.02813547992149788,17,816,Origin-local observed-channel mean; does not replace pooled main metric
robin,BOLT_TINY_F0,F0,robin_BOLT_TINY_F0,,5256,test_b,0.06592903224446653,0.11923995064160622,-0.027590849051051136,17,816,Origin-local observed-channel mean; does not replace pooled main metric
robin,BOLT_TINY_F0,F0,robin_BOLT_TINY_F0,,5280,test_b,0.12445299261162651,0.15214772692050638,-0.06512240708266914,17,816,Origin-local observed-channel mean; does not replace pooled main metric
peacock_education,BOLT_SMALL_LEVEL,LEVEL,peacock_education_level_lr1e-3_s92601__retry_heartbeat01,92601,3360,test_a,0.15460329344804336,0.29338776621536966,0.0750002939605157,13,624,Origin-local observed-channel mean; does not replace pooled main metric
peacock_education,BOLT_SMALL_LEVEL,LEVEL,peacock_education_level_lr1e-3_s92601__retry_heartbeat01,92601,3384,test_a,0.18449041163357133,0.32624327618395915,0.11621385873504318,13,624,Origin-local observed-channel mean; does not replace pooled main metric
peacock_education,BOLT_SMALL_LEVEL,LEVEL,peacock_education_level_lr1e-3_s92601__retry_heartbeat01,92601,3408,test_a,0.12409971654809798,0.27665543952473226,0.12281157763656946,13,624,Origin-local observed-channel mean; does not replace pooled main metric
peacock_education,BOLT_SMALL_LEVEL,LEVEL,peacock_education_level_lr1e-3_s92601__retry_heartbeat01,92601,3432,test_a,0.13924579090781058,0.2852867692649269,0.09911873910086565,13,624,Origin-local observed-channel mean; does not replace pooled main metric
peacock_education,BOLT_SMALL_LEVEL,LEVEL,peacock_education_level_lr1e-3_s92601__retry_heartbeat01,92601,3456,test_a,0.1681016440664716,0.27798789323638334,-0.026495327332983803,13,623,Origin-local observed-channel mean; does not replace pooled main metric
peacock_education,BOLT_SMALL_LEVEL,LEVEL,peacock_education_level_lr1e-3_s92601__retry_heartbeat01,92601,3480,test_a,0.3003079393508787,0.3908856253074449,-0.2819355960389606,13,623,Origin-local observed-channel mean; does not replace pooled main metric
peacock_education,BOLT_SMALL_LEVEL,LEVEL,peacock_education_level_lr1e-3_s92601__retry_heartbeat01,92601,3504,test_a,0.38243606165674277,0.4703421134998699,-0.39580917212207656,13,624,Origin-local observed-channel mean; does not replace pooled main metric
peacock_education,BOLT_SMALL_LEVEL,LEVEL,peacock_education_level_lr1e-3_s92601__retry_heartbeat01,92601,3528,test_a,0.38863263269740744,0.4517817199103332,-0.18040617553364988,13,624,Origin-local observed-channel mean; does not replace pooled main metric
peacock_education,BOLT_SMALL_LEVEL,LEVEL,peacock_education_level_lr1e-3_s92601__retry_heartbeat01,92601,3552,test_a,0.3586754585148054,0.443864493367213,-0.28372167184473557,13,624,Origin-local observed-channel mean; does not replace pooled main metric
peacock_education,BOLT_SMALL_LEVEL,LEVEL,peacock_education_level_lr1e-3_s92601__retry_heartbeat01,92601,3576,test_a,0.30568393454804965,0.41360865062784014,0.016225532013124443,13,624,Origin-local observed-channel mean; does not replace pooled main metric
peacock_education,BOLT_SMALL_LEVEL,LEVEL,peacock_education_level_lr1e-3_s92601__retry_heartbeat01,92601,3600,test_a,0.3138489991669561,0.42289428606715934,0.1372158161852545,13,624,Origin-local observed-channel mean; does not replace pooled main metric
peacock_education,BOLT_SMALL_LEVEL,LEVEL,peacock_education_level_lr1e-3_s92601__retry_heartbeat01,92601,3624,test_a,0.25669524478206696,0.3787540706816333,-0.07839652900927319,13,624,Origin-local observed-channel mean; does not replace pooled main metric
peacock_education,BOLT_SMALL_LEVEL,LEVEL,peacock_education_level_lr1e-3_s92601__retry_heartbeat01,92601,3648,test_a,0.43273517654909044,0.49648469282636554,0.19362990430986082,13,624,Origin-local observed-channel mean; does not replace pooled main metric
peacock_education,BOLT_SMALL_LEVEL,LEVEL,peacock_education_level_lr1e-3_s92601__retry_heartbeat01,92601,3672,test_a,0.21381476109077802,0.34668198208890266,-0.00536319331560009,13,624,Origin-local observed-channel mean; does not replace pooled main metric
peacock_education,BOLT_SMALL_LEVEL,LEVEL,peacock_education_level_lr1e-3_s92601__retry_heartbeat01,92601,3696,test_a,0.2089808916374767,0.3451215029147137,0.011344642073545873,13,624,Origin-local observed-channel mean; does not replace pooled main metric
peacock_education,BOLT_SMALL_LEVEL,LEVEL,peacock_education_level_lr1e-3_s92601__retry_heartbeat01,92601,3720,test_a,0.22990351431208245,0.3696915528681786,-0.013289467078627631,13,624,Origin-local observed-channel mean; does not replace pooled main metric
peacock_education,BOLT_SMALL_LEVEL,LEVEL,peacock_education_level_lr1e-3_s92601__retry_heartbeat01,92601,3744,test_a,0.1317079070710113,0.28326167772264366,0.00011644266524876819,13,624,Origin-local observed-channel mean; does not replace pooled main metric
peacock_education,BOLT_SMALL_LEVEL,LEVEL,peacock_education_level_lr1e-3_s92601__retry_heartbeat01,92601,3768,test_a,0.3328917827409751,0.3681260486422942,-0.051245784830266164,13,624,Origin-local observed-channel mean; does not replace pooled main metric
peacock_education,BOLT_SMALL_LEVEL,LEVEL,peacock_education_level_lr1e-3_s92601__retry_heartbeat01,92601,3792,test_a,0.4213193959281769,0.43529234692743135,0.16659552108803138,13,624,Origin-local observed-channel mean; does not replace pooled main metric
peacock_education,BOLT_SMALL_LEVEL,LEVEL,peacock_education_level_lr1e-3_s92601__retry_heartbeat01,92601,3816,test_a,0.2013338936517948,0.3226604114127276,0.08163259778927733,13,624,Origin-local observed-channel mean; does not replace pooled main metric
peacock_education,BOLT_SMALL_LEVEL,LEVEL,peacock_education_level_lr1e-3_s92601__retry_heartbeat01,92601,3840,test_a,0.18046529081251292,0.3187668491001928,-0.0013672861129564973,13,624,Origin-local observed-channel mean; does not replace pooled main metric
peacock_education,BOLT_SMALL_LEVEL,LEVEL,peacock_education_level_lr1e-3_s92601__retry_heartbeat01,92601,3864,test_a,0.16407041370085335,0.30593936583952597,-0.012591653431837376,13,624,Origin-local observed-channel mean; does not replace pooled main metric
peacock_education,BOLT_SMALL_LEVEL,LEVEL,peacock_education_level_lr1e-3_s92601__retry_heartbeat01,92601,3888,test_a,0.1865896010654352,0.3285296942093947,-0.09774430420545216,13,624,Origin-local observed-channel mean; does not replace pooled main metric
peacock_education,BOLT_SMALL_LEVEL,LEVEL,peacock_education_level_lr1e-3_s92601__retry_heartbeat01,92601,3912,test_a,0.11556044559278397,0.2551408751505033,-0.029465184517903257,13,624,Origin-local observed-channel mean; does not replace pooled main metric
peacock_education,BOLT_SMALL_LEVEL,LEVEL,peacock_education_level_lr1e-3_s92601__retry_heartbeat01,92601,3936,test_a,0.14130749015755256,0.2860188945853271,-0.0756114812161869,13,624,Origin-local observed-channel mean; does not replace pooled main metric
peacock_education,BOLT_SMALL_LEVEL,LEVEL,peacock_education_level_lr1e-3_s92601__retry_heartbeat01,92601,3960,test_a,0.1423465078442629,0.2664322200968551,-0.013266875735448243,13,624,Origin-local observed-channel mean; does not replace pooled main metric
peacock_education,BOLT_SMALL_LEVEL,LEVEL,peacock_education_level_lr1e-3_s92601__retry_heartbeat01,92601,3984,test_a,0.15866460677814512,0.2786100843299186,-0.109837532898487,13,624,Origin-local observed-channel mean; does not replace pooled main metric
peacock_education,BOLT_SMALL_LEVEL,LEVEL,peacock_education_level_lr1e-3_s92601__retry_heartbeat01,92601,4008,test_a,0.16422968913123315,0.29158284076851115,-0.08581954033398011,13,624,Origin-local observed-channel mean; does not replace pooled main metric
peacock_education,BOLT_SMALL_LEVEL,LEVEL,peacock_education_level_lr1e-3_s92601__retry_heartbeat01,92601,4032,test_a,0.16282982918839986,0.31034494633040133,0.060102227351401374,13,624,Origin-local observed-channel mean; does not replace pooled main metric
peacock_education,BOLT_SMALL_LEVEL,LEVEL,peacock_education_level_lr1e-3_s92601__retry_heartbeat01,92601,4056,test_a,0.10948966571523748,0.2592367597300416,0.07289253098842427,13,624,Origin-local observed-channel mean; does not replace pooled main metric
peacock_education,BOLT_SMALL_LEVEL,LEVEL,peacock_education_level_lr1e-3_s92601__retry_heartbeat01,92601,4080,test_a,0.1696636193479792,0.3072913502035543,-0.16091321972765935,13,624,Origin-local observed-channel mean; does not replace pooled main metric
peacock_education,BOLT_SMALL_LEVEL,LEVEL,peacock_education_level_lr1e-3_s92601__retry_heartbeat01,92601,4104,test_a,0.28900717450599106,0.38574408439214886,-0.22990429225282222,13,624,Origin-local observed-channel mean; does not replace pooled main metric
peacock_education,BOLT_SMALL_LEVEL,LEVEL,peacock_education_level_lr1e-3_s92601__retry_heartbeat01,92601,4128,test_a,0.28748453437750876,0.35360857762591485,-0.14373328758507012,13,624,Origin-local observed-channel mean; does not replace pooled main metric
peacock_education,BOLT_SMALL_LEVEL,LEVEL,peacock_education_level_lr1e-3_s92601__retry_heartbeat01,92601,4152,test_a,0.18739122255468105,0.3220806185797697,-0.013157912111823981,13,624,Origin-local observed-channel mean; does not replace pooled main metric
peacock_education,BOLT_SMALL_LEVEL,LEVEL,peacock_education_level_lr1e-3_s92601__retry_heartbeat01,92601,4176,test_a,0.4413061548830418,0.34016195692283174,0.01675285508659167,13,624,Origin-local observed-channel mean; does not replace pooled main metric
peacock_education,BOLT_SMALL_LEVEL,LEVEL,peacock_education_level_lr1e-3_s92601__retry_heartbeat01,92601,4200,test_a,0.48049720486506237,0.35375864231415716,0.11268198839836538,13,624,Origin-local observed-channel mean; does not replace pooled main metric
peacock_education,BOLT_SMALL_LEVEL,LEVEL,peacock_education_level_lr1e-3_s92601__retry_heartbeat01,92601,4224,test_a,0.16065942970461825,0.29249464721084595,-0.0489889263587359,13,624,Origin-local observed-channel mean; does not replace pooled main metric
peacock_education,BOLT_SMALL_LEVEL,LEVEL,peacock_education_level_lr1e-3_s92601__retry_heartbeat01,92601,4248,test_a,0.1655915024078195,0.28915000562548626,0.03864721816670424,13,624,Origin-local observed-channel mean; does not replace pooled main metric
peacock_education,BOLT_SMALL_LEVEL,LEVEL,peacock_education_level_lr1e-3_s92601__retry_heartbeat01,92601,4272,test_a,0.19401211466173998,0.3118314495040044,0.03497564378239286,13,624,Origin-local observed-channel mean; does not replace pooled main metric
peacock_education,BOLT_SMALL_LEVEL,LEVEL,peacock_education_level_lr1e-3_s92601__retry_heartbeat01,92601,4296,test_a,0.22055391151356366,0.31211495563538616,-0.0396931140078381,13,624,Origin-local observed-channel mean; does not replace pooled main metric
peacock_education,BOLT_SMALL_LEVEL,LEVEL,peacock_education_level_lr1e-3_s92601__retry_heartbeat01,92601,4344,test_b,0.2606737958229897,0.3492696164117917,0.10003061492747854,13,624,Origin-local observed-channel mean; does not replace pooled main metric
peacock_education,BOLT_SMALL_LEVEL,LEVEL,peacock_education_level_lr1e-3_s92601__retry_heartbeat01,92601,4368,test_b,0.30537059586373494,0.3800939116268776,0.1574991556430737,13,624,Origin-local observed-channel mean; does not replace pooled main metric
peacock_education,BOLT_SMALL_LEVEL,LEVEL,peacock_education_level_lr1e-3_s92601__retry_heartbeat01,92601,4392,test_b,0.1945772299880968,0.3087007635405872,0.027821823762795427,13,624,Origin-local observed-channel mean; does not replace pooled main metric
peacock_education,BOLT_SMALL_LEVEL,LEVEL,peacock_education_level_lr1e-3_s92601__retry_heartbeat01,92601,4416,test_b,0.3387458205121667,0.40048783106538344,0.2606643161449868,13,624,Origin-local observed-channel mean; does not replace pooled main metric
peacock_education,BOLT_SMALL_LEVEL,LEVEL,peacock_education_level_lr1e-3_s92601__retry_heartbeat01,92601,4440,test_b,0.3566909054168913,0.378467079925124,0.20658599302166689,13,624,Origin-local observed-channel mean; does not replace pooled main metric
peacock_education,BOLT_SMALL_LEVEL,LEVEL,peacock_education_level_lr1e-3_s92601__retry_heartbeat01,92601,4464,test_b,0.32977420410444674,0.4258475121129707,-0.3380603885488176,13,624,Origin-local observed-channel mean; does not replace pooled main metric
peacock_education,BOLT_SMALL_LEVEL,LEVEL,peacock_education_level_lr1e-3_s92601__retry_heartbeat01,92601,4488,test_b,0.16332852693279387,0.2818399844366141,-0.12017308782919314,13,623,Origin-local observed-channel mean; does not replace pooled main metric
peacock_education,BOLT_SMALL_LEVEL,LEVEL,peacock_education_level_lr1e-3_s92601__retry_heartbeat01,92601,4512,test_b,0.18951613910880089,0.30836907748959635,-0.019453109244832144,13,623,Origin-local observed-channel mean; does not replace pooled main metric
peacock_education,BOLT_SMALL_LEVEL,LEVEL,peacock_education_level_lr1e-3_s92601__retry_heartbeat01,92601,4536,test_b,0.15889143413397638,0.30498848887939933,0.03451850195805934,13,624,Origin-local observed-channel mean; does not replace pooled main metric
peacock_education,BOLT_SMALL_LEVEL,LEVEL,peacock_education_level_lr1e-3_s92601__retry_heartbeat01,92601,4560,test_b,0.10716100093982922,0.25061343676777775,0.015405264949479783,13,624,Origin-local observed-channel mean; does not replace pooled main metric
peacock_education,BOLT_SMALL_LEVEL,LEVEL,peacock_education_level_lr1e-3_s92601__retry_heartbeat01,92601,4584,test_b,0.10869106492088358,0.2516888366983786,0.02549082212350092,13,624,Origin-local observed-channel mean; does not replace pooled main metric
peacock_education,BOLT_SMALL_LEVEL,LEVEL,peacock_education_level_lr1e-3_s92601__retry_heartbeat01,92601,4608,test_b,0.14029476790277798,0.2913616361124113,-0.009756848214191201,13,624,Origin-local observed-channel mean; does not replace pooled main metric
peacock_education,BOLT_SMALL_LEVEL,LEVEL,peacock_education_level_lr1e-3_s92601__retry_heartbeat01,92601,4632,test_b,0.1465474638469795,0.2696398605834335,-0.02670772258604232,13,624,Origin-local observed-channel mean; does not replace pooled main metric
peacock_education,BOLT_SMALL_LEVEL,LEVEL,peacock_education_level_lr1e-3_s92601__retry_heartbeat01,92601,4656,test_b,0.15229930525261884,0.2943415222152526,-0.030725267860461515,13,623,Origin-local observed-channel mean; does not replace pooled main metric
peacock_education,BOLT_SMALL_LEVEL,LEVEL,peacock_education_level_lr1e-3_s92601__retry_heartbeat01,92601,4680,test_b,0.2107561886147208,0.3475778020698431,-0.15500586837217284,13,623,Origin-local observed-channel mean; does not replace pooled main metric
peacock_education,BOLT_SMALL_LEVEL,LEVEL,peacock_education_level_lr1e-3_s92601__retry_heartbeat01,92601,4704,test_b,0.13789975777060814,0.27848880009416743,-0.13024944713815317,13,624,Origin-local observed-channel mean; does not replace pooled main metric
peacock_education,BOLT_SMALL_LEVEL,LEVEL,peacock_education_level_lr1e-3_s92601__retry_heartbeat01,92601,4728,test_b,0.1579499954242816,0.27543581935662165,-0.0825702687542593,13,624,Origin-local observed-channel mean; does not replace pooled main metric
peacock_education,BOLT_SMALL_LEVEL,LEVEL,peacock_education_level_lr1e-3_s92601__retry_heartbeat01,92601,4752,test_b,0.166791261547237,0.2851461082202896,-0.10002192476158366,13,624,Origin-local observed-channel mean; does not replace pooled main metric
peacock_education,BOLT_SMALL_LEVEL,LEVEL,peacock_education_level_lr1e-3_s92601__retry_heartbeat01,92601,4776,test_b,0.11487242169982698,0.2521058343244919,-0.02565153440212807,13,624,Origin-local observed-channel mean; does not replace pooled main metric
peacock_education,BOLT_SMALL_LEVEL,LEVEL,peacock_education_level_lr1e-3_s92601__retry_heartbeat01,92601,4800,test_b,0.13272754710185525,0.2624546607642118,-0.02805989217766834,13,624,Origin-local observed-channel mean; does not replace pooled main metric
peacock_education,BOLT_SMALL_LEVEL,LEVEL,peacock_education_level_lr1e-3_s92601__retry_heartbeat01,92601,4824,test_b,0.11593947597772286,0.2528478575990541,-0.0008020398415213207,13,624,Origin-local observed-channel mean; does not replace pooled main metric
peacock_education,BOLT_SMALL_LEVEL,LEVEL,peacock_education_level_lr1e-3_s92601__retry_heartbeat01,92601,4848,test_b,0.11469457159670103,0.2527668023510322,-0.013452805145136202,13,624,Origin-local observed-channel mean; does not replace pooled main metric
peacock_education,BOLT_SMALL_LEVEL,LEVEL,peacock_education_level_lr1e-3_s92601__retry_heartbeat01,92601,4872,test_b,0.14025524595203012,0.26976391282798245,-0.08574984170860635,13,624,Origin-local observed-channel mean; does not replace pooled main metric
peacock_education,BOLT_SMALL_LEVEL,LEVEL,peacock_education_level_lr1e-3_s92601__retry_heartbeat01,92601,4896,test_b,0.15681127019445332,0.2878812963907153,0.009139421754158463,13,624,Origin-local observed-channel mean; does not replace pooled main metric
peacock_education,BOLT_SMALL_LEVEL,LEVEL,peacock_education_level_lr1e-3_s92601__retry_heartbeat01,92601,4920,test_b,0.15896235777166184,0.28507369340439204,0.06969210771897522,13,624,Origin-local observed-channel mean; does not replace pooled main metric
peacock_education,BOLT_SMALL_LEVEL,LEVEL,peacock_education_level_lr1e-3_s92601__retry_heartbeat01,92601,4944,test_b,0.1454469052458964,0.27598469593906955,-0.032435425924725286,13,624,Origin-local observed-channel mean; does not replace pooled main metric
peacock_education,BOLT_SMALL_LEVEL,LEVEL,peacock_education_level_lr1e-3_s92601__retry_heartbeat01,92601,4968,test_b,0.16385297787742964,0.2840747692530326,0.03636533186247591,13,623,Origin-local observed-channel mean; does not replace pooled main metric
peacock_education,BOLT_SMALL_LEVEL,LEVEL,peacock_education_level_lr1e-3_s92601__retry_heartbeat01,92601,4992,test_b,0.19444122988532736,0.30418326419779207,-0.0672497019661965,13,623,Origin-local observed-channel mean; does not replace pooled main metric
peacock_education,BOLT_SMALL_LEVEL,LEVEL,peacock_education_level_lr1e-3_s92601__retry_heartbeat01,92601,5016,test_b,0.19570102990953872,0.31507732450542947,0.01820252833551121,13,623,Origin-local observed-channel mean; does not replace pooled main metric
peacock_education,BOLT_SMALL_LEVEL,LEVEL,peacock_education_level_lr1e-3_s92601__retry_heartbeat01,92601,5040,test_b,0.16594336285735478,0.3007889723862075,-0.030134309534213637,13,623,Origin-local observed-channel mean; does not replace pooled main metric
peacock_education,BOLT_SMALL_LEVEL,LEVEL,peacock_education_level_lr1e-3_s92601__retry_heartbeat01,92601,5064,test_b,0.1488373022167961,0.2914310488155864,-0.00489849720421868,13,624,Origin-local observed-channel mean; does not replace pooled main metric
peacock_education,BOLT_SMALL_LEVEL,LEVEL,peacock_education_level_lr1e-3_s92601__retry_heartbeat01,92601,5088,test_b,0.12964647974712865,0.2585210239340086,0.0657195679086726,13,624,Origin-local observed-channel mean; does not replace pooled main metric
peacock_education,BOLT_SMALL_LEVEL,LEVEL,peacock_education_level_lr1e-3_s92601__retry_heartbeat01,92601,5112,test_b,0.25634203219567386,0.32448479871053654,0.13988157273504015,13,621,Origin-local observed-channel mean; does not replace pooled main metric
peacock_education,BOLT_SMALL_LEVEL,LEVEL,peacock_education_level_lr1e-3_s92601__retry_heartbeat01,92601,5136,test_b,0.21135658655524756,0.2684391123383966,0.03812543101873422,13,621,Origin-local observed-channel mean; does not replace pooled main metric
peacock_education,BOLT_SMALL_LEVEL,LEVEL,peacock_education_level_lr1e-3_s92601__retry_heartbeat01,92601,5160,test_b,0.10947136145426845,0.23306934349826547,0.03508877992555007,13,624,Origin-local observed-channel mean; does not replace pooled main metric
peacock_education,BOLT_SMALL_LEVEL,LEVEL,peacock_education_level_lr1e-3_s92601__retry_heartbeat01,92601,5184,test_b,0.10115178314643636,0.24033627844572691,0.049028143895739985,13,624,Origin-local observed-channel mean; does not replace pooled main metric
peacock_education,BOLT_SMALL_LEVEL,LEVEL,peacock_education_level_lr1e-3_s92601__retry_heartbeat01,92601,5208,test_b,0.1319976246702702,0.25841294526430714,0.004644711617378889,13,624,Origin-local observed-channel mean; does not replace pooled main metric
peacock_education,BOLT_SMALL_LEVEL,LEVEL,peacock_education_level_lr1e-3_s92601__retry_heartbeat01,92601,5232,test_b,0.16125860611139853,0.27781578743246754,0.015146033330566775,13,624,Origin-local observed-channel mean; does not replace pooled main metric
peacock_education,BOLT_SMALL_LEVEL,LEVEL,peacock_education_level_lr1e-3_s92601__retry_heartbeat01,92601,5256,test_b,0.10902522697498983,0.23650728847282243,-0.03230172233620228,13,624,Origin-local observed-channel mean; does not replace pooled main metric
peacock_education,BOLT_SMALL_LEVEL,LEVEL,peacock_education_level_lr1e-3_s92601__retry_heartbeat01,92601,5280,test_b,0.14778284168194813,0.2619535933197954,-0.05791699256933032,13,624,Origin-local observed-channel mean; does not replace pooled main metric
peacock_education,BOLT_SMALL_LEVEL,LEVEL,peacock_education_level_lr1e-3_s92602,92602,3360,test_a,0.1552932250952256,0.2921764354252492,0.07462460333529938,13,624,Origin-local observed-channel mean; does not replace pooled main metric
peacock_education,BOLT_SMALL_LEVEL,LEVEL,peacock_education_level_lr1e-3_s92602,92602,3384,test_a,0.17884373302345016,0.31944049294375315,0.11549243204241905,13,624,Origin-local observed-channel mean; does not replace pooled main metric
peacock_education,BOLT_SMALL_LEVEL,LEVEL,peacock_education_level_lr1e-3_s92602,92602,3408,test_a,0.1255589501228534,0.2777160636749333,0.12249155114972007,13,624,Origin-local observed-channel mean; does not replace pooled main metric
peacock_education,BOLT_SMALL_LEVEL,LEVEL,peacock_education_level_lr1e-3_s92602,92602,3432,test_a,0.1402097521407617,0.284803141750252,0.09869054941018708,13,624,Origin-local observed-channel mean; does not replace pooled main metric
peacock_education,BOLT_SMALL_LEVEL,LEVEL,peacock_education_level_lr1e-3_s92602,92602,3456,test_a,0.16535044063717075,0.27484524241799513,-0.026653177003082507,13,623,Origin-local observed-channel mean; does not replace pooled main metric
peacock_education,BOLT_SMALL_LEVEL,LEVEL,peacock_education_level_lr1e-3_s92602,92602,3480,test_a,0.3007343851513442,0.38945238433639956,-0.2826160056343715,13,623,Origin-local observed-channel mean; does not replace pooled main metric
peacock_education,BOLT_SMALL_LEVEL,LEVEL,peacock_education_level_lr1e-3_s92602,92602,3504,test_a,0.37825594625757153,0.46914165937685026,-0.39629466470722,13,624,Origin-local observed-channel mean; does not replace pooled main metric
peacock_education,BOLT_SMALL_LEVEL,LEVEL,peacock_education_level_lr1e-3_s92602,92602,3528,test_a,0.3847983466285448,0.45027642706330745,-0.18130269624574186,13,624,Origin-local observed-channel mean; does not replace pooled main metric
peacock_education,BOLT_SMALL_LEVEL,LEVEL,peacock_education_level_lr1e-3_s92602,92602,3552,test_a,0.3597154339574853,0.4447092045184736,-0.28452099149189264,13,624,Origin-local observed-channel mean; does not replace pooled main metric
peacock_education,BOLT_SMALL_LEVEL,LEVEL,peacock_education_level_lr1e-3_s92602,92602,3576,test_a,0.30945154648850043,0.4155914764017395,0.016130383801982343,13,624,Origin-local observed-channel mean; does not replace pooled main metric
peacock_education,BOLT_SMALL_LEVEL,LEVEL,peacock_education_level_lr1e-3_s92602,92602,3600,test_a,0.3160786338907141,0.42612879697714023,0.13615857548817678,13,624,Origin-local observed-channel mean; does not replace pooled main metric
peacock_education,BOLT_SMALL_LEVEL,LEVEL,peacock_education_level_lr1e-3_s92602,92602,3624,test_a,0.2603403785916484,0.3832551611785909,-0.07958250889444174,13,624,Origin-local observed-channel mean; does not replace pooled main metric
peacock_education,BOLT_SMALL_LEVEL,LEVEL,peacock_education_level_lr1e-3_s92602,92602,3648,test_a,0.4344320875797383,0.49929162125903165,0.19265865234849164,13,624,Origin-local observed-channel mean; does not replace pooled main metric
peacock_education,BOLT_SMALL_LEVEL,LEVEL,peacock_education_level_lr1e-3_s92602,92602,3672,test_a,0.21748633052173535,0.3502608693801076,-0.005768756661638756,13,624,Origin-local observed-channel mean; does not replace pooled main metric
peacock_education,BOLT_SMALL_LEVEL,LEVEL,peacock_education_level_lr1e-3_s92602,92602,3696,test_a,0.21195581978031425,0.34670196195358394,0.011109697867934122,13,624,Origin-local observed-channel mean; does not replace pooled main metric
peacock_education,BOLT_SMALL_LEVEL,LEVEL,peacock_education_level_lr1e-3_s92602,92602,3720,test_a,0.2325675812331737,0.36937742245320876,-0.013396952470663023,13,624,Origin-local observed-channel mean; does not replace pooled main metric
peacock_education,BOLT_SMALL_LEVEL,LEVEL,peacock_education_level_lr1e-3_s92602,92602,3744,test_a,0.1343401125054749,0.28631419868160707,-0.0008904207841111011,13,624,Origin-local observed-channel mean; does not replace pooled main metric
peacock_education,BOLT_SMALL_LEVEL,LEVEL,peacock_education_level_lr1e-3_s92602,92602,3768,test_a,0.33362335057074055,0.36854089568488485,-0.05219100465854775,13,624,Origin-local observed-channel mean; does not replace pooled main metric
peacock_education,BOLT_SMALL_LEVEL,LEVEL,peacock_education_level_lr1e-3_s92602,92602,3792,test_a,0.41751957906447146,0.4379500032196236,0.16622133509502957,13,624,Origin-local observed-channel mean; does not replace pooled main metric
peacock_education,BOLT_SMALL_LEVEL,LEVEL,peacock_education_level_lr1e-3_s92602,92602,3816,test_a,0.19908821757685644,0.3221040568674559,0.0808462281496852,13,624,Origin-local observed-channel mean; does not replace pooled main metric
peacock_education,BOLT_SMALL_LEVEL,LEVEL,peacock_education_level_lr1e-3_s92602,92602,3840,test_a,0.18083733251968553,0.31852155141435406,-0.0014037807044447737,13,624,Origin-local observed-channel mean; does not replace pooled main metric
peacock_education,BOLT_SMALL_LEVEL,LEVEL,peacock_education_level_lr1e-3_s92602,92602,3864,test_a,0.16444879822466518,0.30534743785541746,-0.012783190008634938,13,624,Origin-local observed-channel mean; does not replace pooled main metric
peacock_education,BOLT_SMALL_LEVEL,LEVEL,peacock_education_level_lr1e-3_s92602,92602,3888,test_a,0.18895956828914626,0.32899986478598575,-0.09841436608948219,13,624,Origin-local observed-channel mean; does not replace pooled main metric
peacock_education,BOLT_SMALL_LEVEL,LEVEL,peacock_education_level_lr1e-3_s92602,92602,3912,test_a,0.1148114250244778,0.2532789425242346,-0.029592382896972153,13,624,Origin-local observed-channel mean; does not replace pooled main metric
peacock_education,BOLT_SMALL_LEVEL,LEVEL,peacock_education_level_lr1e-3_s92602,92602,3936,test_a,0.1379245922889771,0.28020484951169544,-0.07665503488626714,13,624,Origin-local observed-channel mean; does not replace pooled main metric
peacock_education,BOLT_SMALL_LEVEL,LEVEL,peacock_education_level_lr1e-3_s92602,92602,3960,test_a,0.14077419381981873,0.2643768656685447,-0.013749193070301164,13,624,Origin-local observed-channel mean; does not replace pooled main metric
peacock_education,BOLT_SMALL_LEVEL,LEVEL,peacock_education_level_lr1e-3_s92602,92602,3984,test_a,0.15732151816050874,0.2782849747050022,-0.11008333265972864,13,624,Origin-local observed-channel mean; does not replace pooled main metric
peacock_education,BOLT_SMALL_LEVEL,LEVEL,peacock_education_level_lr1e-3_s92602,92602,4008,test_a,0.16624303141258442,0.295433989074354,-0.08584598126245534,13,624,Origin-local observed-channel mean; does not replace pooled main metric
peacock_education,BOLT_SMALL_LEVEL,LEVEL,peacock_education_level_lr1e-3_s92602,92602,4032,test_a,0.16612201973150229,0.311668721844072,0.05987144862032996,13,624,Origin-local observed-channel mean; does not replace pooled main metric
peacock_education,BOLT_SMALL_LEVEL,LEVEL,peacock_education_level_lr1e-3_s92602,92602,4056,test_a,0.11403527436010166,0.26373110432327035,0.07220410616943042,13,624,Origin-local observed-channel mean; does not replace pooled main metric
peacock_education,BOLT_SMALL_LEVEL,LEVEL,peacock_education_level_lr1e-3_s92602,92602,4080,test_a,0.16867457531092206,0.30658175147031075,-0.16116252768701184,13,624,Origin-local observed-channel mean; does not replace pooled main metric
peacock_education,BOLT_SMALL_LEVEL,LEVEL,peacock_education_level_lr1e-3_s92602,92602,4104,test_a,0.28135632998969173,0.3818751883481104,-0.2300043202479943,13,624,Origin-local observed-channel mean; does not replace pooled main metric
peacock_education,BOLT_SMALL_LEVEL,LEVEL,peacock_education_level_lr1e-3_s92602,92602,4128,test_a,0.2921373556528462,0.35481044510705917,-0.14412834848106007,13,624,Origin-local observed-channel mean; does not replace pooled main metric
peacock_education,BOLT_SMALL_LEVEL,LEVEL,peacock_education_level_lr1e-3_s92602,92602,4152,test_a,0.1902626398362921,0.32242981009273003,-0.013877493812637672,13,624,Origin-local observed-channel mean; does not replace pooled main metric
peacock_education,BOLT_SMALL_LEVEL,LEVEL,peacock_education_level_lr1e-3_s92602,92602,4176,test_a,0.4445885462660338,0.34127367928904745,0.016429444901848164,13,624,Origin-local observed-channel mean; does not replace pooled main metric
peacock_education,BOLT_SMALL_LEVEL,LEVEL,peacock_education_level_lr1e-3_s92602,92602,4200,test_a,0.47527842510717816,0.3499510011543186,0.11261053799908273,13,624,Origin-local observed-channel mean; does not replace pooled main metric
peacock_education,BOLT_SMALL_LEVEL,LEVEL,peacock_education_level_lr1e-3_s92602,92602,4224,test_a,0.1607739820484064,0.29417463181277687,-0.049305240722158215,13,624,Origin-local observed-channel mean; does not replace pooled main metric
peacock_education,BOLT_SMALL_LEVEL,LEVEL,peacock_education_level_lr1e-3_s92602,92602,4248,test_a,0.16955174042441165,0.28832098566561354,0.03867441501269916,13,624,Origin-local observed-channel mean; does not replace pooled main metric
peacock_education,BOLT_SMALL_LEVEL,LEVEL,peacock_education_level_lr1e-3_s92602,92602,4272,test_a,0.18909989723320703,0.3126969625927114,0.03453225447745539,13,624,Origin-local observed-channel mean; does not replace pooled main metric
peacock_education,BOLT_SMALL_LEVEL,LEVEL,peacock_education_level_lr1e-3_s92602,92602,4296,test_a,0.2147163104891256,0.30805217200563323,-0.0395077727798474,13,624,Origin-local observed-channel mean; does not replace pooled main metric
peacock_education,BOLT_SMALL_LEVEL,LEVEL,peacock_education_level_lr1e-3_s92602,92602,4344,test_b,0.25992791763547846,0.3458090490176241,0.09932258473099864,13,624,Origin-local observed-channel mean; does not replace pooled main metric
peacock_education,BOLT_SMALL_LEVEL,LEVEL,peacock_education_level_lr1e-3_s92602,92602,4368,test_b,0.2998183782268597,0.37674411584903744,0.1571998849290256,13,624,Origin-local observed-channel mean; does not replace pooled main metric
peacock_education,BOLT_SMALL_LEVEL,LEVEL,peacock_education_level_lr1e-3_s92602,92602,4392,test_b,0.18273636355017261,0.30014430076848025,0.028056481076279095,13,624,Origin-local observed-channel mean; does not replace pooled main metric
peacock_education,BOLT_SMALL_LEVEL,LEVEL,peacock_education_level_lr1e-3_s92602,92602,4416,test_b,0.34105579306510564,0.40021533085158667,0.26117566148810184,13,624,Origin-local observed-channel mean; does not replace pooled main metric
peacock_education,BOLT_SMALL_LEVEL,LEVEL,peacock_education_level_lr1e-3_s92602,92602,4440,test_b,0.35498091951012883,0.3776605320715297,0.20618055001325092,13,624,Origin-local observed-channel mean; does not replace pooled main metric
peacock_education,BOLT_SMALL_LEVEL,LEVEL,peacock_education_level_lr1e-3_s92602,92602,4464,test_b,0.3243126948641566,0.4206076730115456,-0.3381558505843247,13,624,Origin-local observed-channel mean; does not replace pooled main metric
peacock_education,BOLT_SMALL_LEVEL,LEVEL,peacock_education_level_lr1e-3_s92602,92602,4488,test_b,0.16083343066396788,0.2783255243592277,-0.1208825870487079,13,623,Origin-local observed-channel mean; does not replace pooled main metric
peacock_education,BOLT_SMALL_LEVEL,LEVEL,peacock_education_level_lr1e-3_s92602,92602,4512,test_b,0.1891832898254333,0.30728884073460094,-0.018695756374501517,13,623,Origin-local observed-channel mean; does not replace pooled main metric
peacock_education,BOLT_SMALL_LEVEL,LEVEL,peacock_education_level_lr1e-3_s92602,92602,4536,test_b,0.15917117821295815,0.3045652778533879,0.03398844140497786,13,624,Origin-local observed-channel mean; does not replace pooled main metric
peacock_education,BOLT_SMALL_LEVEL,LEVEL,peacock_education_level_lr1e-3_s92602,92602,4560,test_b,0.10456716987911914,0.2495360373547719,0.015414384827286437,13,624,Origin-local observed-channel mean; does not replace pooled main metric
peacock_education,BOLT_SMALL_LEVEL,LEVEL,peacock_education_level_lr1e-3_s92602,92602,4584,test_b,0.10974318147808862,0.25478600793203204,0.02590834941955295,13,624,Origin-local observed-channel mean; does not replace pooled main metric
peacock_education,BOLT_SMALL_LEVEL,LEVEL,peacock_education_level_lr1e-3_s92602,92602,4608,test_b,0.14007083022534675,0.29225887685382845,-0.009223026711156424,13,624,Origin-local observed-channel mean; does not replace pooled main metric
peacock_education,BOLT_SMALL_LEVEL,LEVEL,peacock_education_level_lr1e-3_s92602,92602,4632,test_b,0.14371681924489027,0.2695295060223613,-0.027332979339497316,13,624,Origin-local observed-channel mean; does not replace pooled main metric
peacock_education,BOLT_SMALL_LEVEL,LEVEL,peacock_education_level_lr1e-3_s92602,92602,4656,test_b,0.15242773673851504,0.2936764355296758,-0.03144129344003185,13,623,Origin-local observed-channel mean; does not replace pooled main metric
peacock_education,BOLT_SMALL_LEVEL,LEVEL,peacock_education_level_lr1e-3_s92602,92602,4680,test_b,0.21189793454048306,0.34891041930472383,-0.15480745390791875,13,623,Origin-local observed-channel mean; does not replace pooled main metric
peacock_education,BOLT_SMALL_LEVEL,LEVEL,peacock_education_level_lr1e-3_s92602,92602,4704,test_b,0.1357847628627935,0.276754518529439,-0.1300673191163253,13,624,Origin-local observed-channel mean; does not replace pooled main metric
peacock_education,BOLT_SMALL_LEVEL,LEVEL,peacock_education_level_lr1e-3_s92602,92602,4728,test_b,0.15789015824723515,0.2756270095232116,-0.08222975148423872,13,624,Origin-local observed-channel mean; does not replace pooled main metric
peacock_education,BOLT_SMALL_LEVEL,LEVEL,peacock_education_level_lr1e-3_s92602,92602,4752,test_b,0.16584708361140058,0.28508031150126134,-0.09992765095637132,13,624,Origin-local observed-channel mean; does not replace pooled main metric
peacock_education,BOLT_SMALL_LEVEL,LEVEL,peacock_education_level_lr1e-3_s92602,92602,4776,test_b,0.11343186767119008,0.2500297320590247,-0.02574688653858642,13,624,Origin-local observed-channel mean; does not replace pooled main metric
peacock_education,BOLT_SMALL_LEVEL,LEVEL,peacock_education_level_lr1e-3_s92602,92602,4800,test_b,0.12736660522413074,0.2566337143664266,-0.028226974766883548,13,624,Origin-local observed-channel mean; does not replace pooled main metric
peacock_education,BOLT_SMALL_LEVEL,LEVEL,peacock_education_level_lr1e-3_s92602,92602,4824,test_b,0.11525748473840657,0.25279185372197294,-0.0002757626005824533,13,624,Origin-local observed-channel mean; does not replace pooled main metric
peacock_education,BOLT_SMALL_LEVEL,LEVEL,peacock_education_level_lr1e-3_s92602,92602,4848,test_b,0.11119672058523732,0.24777838704698626,-0.013261372040664686,13,624,Origin-local observed-channel mean; does not replace pooled main metric
peacock_education,BOLT_SMALL_LEVEL,LEVEL,peacock_education_level_lr1e-3_s92602,92602,4872,test_b,0.13935548685557272,0.26925802384712133,-0.0857974575065339,13,624,Origin-local observed-channel mean; does not replace pooled main metric
peacock_education,BOLT_SMALL_LEVEL,LEVEL,peacock_education_level_lr1e-3_s92602,92602,4896,test_b,0.15650441875614146,0.2860944153717122,0.008821677583723493,13,624,Origin-local observed-channel mean; does not replace pooled main metric
peacock_education,BOLT_SMALL_LEVEL,LEVEL,peacock_education_level_lr1e-3_s92602,92602,4920,test_b,0.15651455790050003,0.28354672471341946,0.0698218432878956,13,624,Origin-local observed-channel mean; does not replace pooled main metric
peacock_education,BOLT_SMALL_LEVEL,LEVEL,peacock_education_level_lr1e-3_s92602,92602,4944,test_b,0.14178837807780287,0.2701446437168693,-0.03303252516548711,13,624,Origin-local observed-channel mean; does not replace pooled main metric
peacock_education,BOLT_SMALL_LEVEL,LEVEL,peacock_education_level_lr1e-3_s92602,92602,4968,test_b,0.1567902627741208,0.2795054131949927,0.036904465955794837,13,623,Origin-local observed-channel mean; does not replace pooled main metric
peacock_education,BOLT_SMALL_LEVEL,LEVEL,peacock_education_level_lr1e-3_s92602,92602,4992,test_b,0.19296222956857995,0.3034808655888855,-0.06664607665184466,13,623,Origin-local observed-channel mean; does not replace pooled main metric
peacock_education,BOLT_SMALL_LEVEL,LEVEL,peacock_education_level_lr1e-3_s92602,92602,5016,test_b,0.19487700084088833,0.31410941537350784,0.01862745130263963,13,623,Origin-local observed-channel mean; does not replace pooled main metric
peacock_education,BOLT_SMALL_LEVEL,LEVEL,peacock_education_level_lr1e-3_s92602,92602,5040,test_b,0.16337806586022152,0.29836663803131985,-0.03008777982472704,13,623,Origin-local observed-channel mean; does not replace pooled main metric
peacock_education,BOLT_SMALL_LEVEL,LEVEL,peacock_education_level_lr1e-3_s92602,92602,5064,test_b,0.14617410529665456,0.28777713368822916,-0.005225501580683225,13,624,Origin-local observed-channel mean; does not replace pooled main metric
peacock_education,BOLT_SMALL_LEVEL,LEVEL,peacock_education_level_lr1e-3_s92602,92602,5088,test_b,0.12804232331577198,0.25453403520544104,0.06550223884121992,13,624,Origin-local observed-channel mean; does not replace pooled main metric
peacock_education,BOLT_SMALL_LEVEL,LEVEL,peacock_education_level_lr1e-3_s92602,92602,5112,test_b,0.25142698923054824,0.31919979419928385,0.13978160136438003,13,621,Origin-local observed-channel mean; does not replace pooled main metric
peacock_education,BOLT_SMALL_LEVEL,LEVEL,peacock_education_level_lr1e-3_s92602,92602,5136,test_b,0.2119862314737629,0.2698612162725936,0.03737697360497845,13,621,Origin-local observed-channel mean; does not replace pooled main metric
peacock_education,BOLT_SMALL_LEVEL,LEVEL,peacock_education_level_lr1e-3_s92602,92602,5160,test_b,0.10578132877812167,0.22821291602052113,0.03475873269435863,13,624,Origin-local observed-channel mean; does not replace pooled main metric
peacock_education,BOLT_SMALL_LEVEL,LEVEL,peacock_education_level_lr1e-3_s92602,92602,5184,test_b,0.09973870902233482,0.23621115223804967,0.0490828771682386,13,624,Origin-local observed-channel mean; does not replace pooled main metric
peacock_education,BOLT_SMALL_LEVEL,LEVEL,peacock_education_level_lr1e-3_s92602,92602,5208,test_b,0.13107292619812977,0.2551395657036874,0.004482576773369103,13,624,Origin-local observed-channel mean; does not replace pooled main metric
peacock_education,BOLT_SMALL_LEVEL,LEVEL,peacock_education_level_lr1e-3_s92602,92602,5232,test_b,0.16650188691937126,0.27916112607262894,0.015028648973570964,13,624,Origin-local observed-channel mean; does not replace pooled main metric
peacock_education,BOLT_SMALL_LEVEL,LEVEL,peacock_education_level_lr1e-3_s92602,92602,5256,test_b,0.10763457983494065,0.23524434465574673,-0.03278513968689368,13,624,Origin-local observed-channel mean; does not replace pooled main metric
peacock_education,BOLT_SMALL_LEVEL,LEVEL,peacock_education_level_lr1e-3_s92602,92602,5280,test_b,0.14470678934073467,0.260078263139197,-0.05743192597322212,13,624,Origin-local observed-channel mean; does not replace pooled main metric
peacock_education,BOLT_SMALL_F0,F0,v12_confirmation_peacock_education_f0,,3360,test_a,0.15349741761237237,0.2866716384154503,0.05094530909991591,13,624,Origin-local observed-channel mean; does not replace pooled main metric
peacock_education,BOLT_SMALL_F0,F0,v12_confirmation_peacock_education_f0,,3384,test_a,0.17418435993627618,0.29530197782710627,0.09864586209490275,13,624,Origin-local observed-channel mean; does not replace pooled main metric
peacock_education,BOLT_SMALL_F0,F0,v12_confirmation_peacock_education_f0,,3408,test_a,0.1213744589026699,0.25584021656182954,0.05499473173404112,13,624,Origin-local observed-channel mean; does not replace pooled main metric
peacock_education,BOLT_SMALL_F0,F0,v12_confirmation_peacock_education_f0,,3432,test_a,0.1492354100055248,0.2785748146975843,0.07297297127437419,13,624,Origin-local observed-channel mean; does not replace pooled main metric
peacock_education,BOLT_SMALL_F0,F0,v12_confirmation_peacock_education_f0,,3456,test_a,0.1582008084526552,0.26876258353728893,-0.008800329436193412,13,623,Origin-local observed-channel mean; does not replace pooled main metric
peacock_education,BOLT_SMALL_F0,F0,v12_confirmation_peacock_education_f0,,3480,test_a,0.2795762254662622,0.3632651881280963,-0.2629536655849947,13,623,Origin-local observed-channel mean; does not replace pooled main metric
peacock_education,BOLT_SMALL_F0,F0,v12_confirmation_peacock_education_f0,,3504,test_a,0.4049139252924517,0.48375965200457127,-0.4067674788089696,13,624,Origin-local observed-channel mean; does not replace pooled main metric
peacock_education,BOLT_SMALL_F0,F0,v12_confirmation_peacock_education_f0,,3528,test_a,0.44960282483108654,0.4761646672156461,-0.2697734158607021,13,624,Origin-local observed-channel mean; does not replace pooled main metric
peacock_education,BOLT_SMALL_F0,F0,v12_confirmation_peacock_education_f0,,3552,test_a,0.3937608876165199,0.4462116987398566,-0.3212133740477535,13,624,Origin-local observed-channel mean; does not replace pooled main metric
peacock_education,BOLT_SMALL_F0,F0,v12_confirmation_peacock_education_f0,,3576,test_a,0.3313721173076425,0.42291180040103,0.016171628286359076,13,624,Origin-local observed-channel mean; does not replace pooled main metric
peacock_education,BOLT_SMALL_F0,F0,v12_confirmation_peacock_education_f0,,3600,test_a,0.315677227489048,0.4130939384944773,0.07708350181779584,13,624,Origin-local observed-channel mean; does not replace pooled main metric
peacock_education,BOLT_SMALL_F0,F0,v12_confirmation_peacock_education_f0,,3624,test_a,0.20412585140156086,0.3363942791333195,-0.04533287779747462,13,624,Origin-local observed-channel mean; does not replace pooled main metric
peacock_education,BOLT_SMALL_F0,F0,v12_confirmation_peacock_education_f0,,3648,test_a,0.4181292321919611,0.4799400942149357,0.2191976052022372,13,624,Origin-local observed-channel mean; does not replace pooled main metric
peacock_education,BOLT_SMALL_F0,F0,v12_confirmation_peacock_education_f0,,3672,test_a,0.19145375260387912,0.32679620683484245,0.07409126935220765,13,624,Origin-local observed-channel mean; does not replace pooled main metric
peacock_education,BOLT_SMALL_F0,F0,v12_confirmation_peacock_education_f0,,3696,test_a,0.14386722485862397,0.2862264994223668,0.03501743598779938,13,624,Origin-local observed-channel mean; does not replace pooled main metric
peacock_education,BOLT_SMALL_F0,F0,v12_confirmation_peacock_education_f0,,3720,test_a,0.12950207318423768,0.2670812530790826,-0.0338374602165109,13,624,Origin-local observed-channel mean; does not replace pooled main metric
peacock_education,BOLT_SMALL_F0,F0,v12_confirmation_peacock_education_f0,,3744,test_a,0.13941839623778993,0.26450375532313514,-0.015133885536880162,13,624,Origin-local observed-channel mean; does not replace pooled main metric
peacock_education,BOLT_SMALL_F0,F0,v12_confirmation_peacock_education_f0,,3768,test_a,0.3323648564567832,0.3551420129399795,-0.13949621061030298,13,624,Origin-local observed-channel mean; does not replace pooled main metric
peacock_education,BOLT_SMALL_F0,F0,v12_confirmation_peacock_education_f0,,3792,test_a,0.33185569524570735,0.37117125340405327,0.16706634052034366,13,624,Origin-local observed-channel mean; does not replace pooled main metric
peacock_education,BOLT_SMALL_F0,F0,v12_confirmation_peacock_education_f0,,3816,test_a,0.17533750245127375,0.2958368338625475,0.09385060997420881,13,624,Origin-local observed-channel mean; does not replace pooled main metric
peacock_education,BOLT_SMALL_F0,F0,v12_confirmation_peacock_education_f0,,3840,test_a,0.2408649037480157,0.3525431312121397,0.07783194111685496,13,624,Origin-local observed-channel mean; does not replace pooled main metric
peacock_education,BOLT_SMALL_F0,F0,v12_confirmation_peacock_education_f0,,3864,test_a,0.14001108009928592,0.2676409087606515,0.004190161567515671,13,624,Origin-local observed-channel mean; does not replace pooled main metric
peacock_education,BOLT_SMALL_F0,F0,v12_confirmation_peacock_education_f0,,3888,test_a,0.1415884155147064,0.27699763034336056,-0.08990326489975603,13,624,Origin-local observed-channel mean; does not replace pooled main metric
peacock_education,BOLT_SMALL_F0,F0,v12_confirmation_peacock_education_f0,,3912,test_a,0.1309302081461507,0.2614256278320681,-0.058668185073959954,13,624,Origin-local observed-channel mean; does not replace pooled main metric
peacock_education,BOLT_SMALL_F0,F0,v12_confirmation_peacock_education_f0,,3936,test_a,0.18934673982387046,0.3109538428088387,-0.14293716018362784,13,624,Origin-local observed-channel mean; does not replace pooled main metric
peacock_education,BOLT_SMALL_F0,F0,v12_confirmation_peacock_education_f0,,3960,test_a,0.12632571638904466,0.2476272732571651,-0.01472373277945922,13,624,Origin-local observed-channel mean; does not replace pooled main metric
peacock_education,BOLT_SMALL_F0,F0,v12_confirmation_peacock_education_f0,,3984,test_a,0.1609889094010448,0.2862027432765316,-0.08353698088095393,13,624,Origin-local observed-channel mean; does not replace pooled main metric
peacock_education,BOLT_SMALL_F0,F0,v12_confirmation_peacock_education_f0,,4008,test_a,0.1717094687677501,0.29618929292149543,-0.08257719653250042,13,624,Origin-local observed-channel mean; does not replace pooled main metric
peacock_education,BOLT_SMALL_F0,F0,v12_confirmation_peacock_education_f0,,4032,test_a,0.17928643367496566,0.3184033222362184,0.10652467681733795,13,624,Origin-local observed-channel mean; does not replace pooled main metric
peacock_education,BOLT_SMALL_F0,F0,v12_confirmation_peacock_education_f0,,4056,test_a,0.10119357021494582,0.22907601549284148,0.06431978971261579,13,624,Origin-local observed-channel mean; does not replace pooled main metric
peacock_education,BOLT_SMALL_F0,F0,v12_confirmation_peacock_education_f0,,4080,test_a,0.1833719603028383,0.2962935410801154,-0.21407977519228527,13,624,Origin-local observed-channel mean; does not replace pooled main metric
peacock_education,BOLT_SMALL_F0,F0,v12_confirmation_peacock_education_f0,,4104,test_a,0.3284961215751173,0.4063443153654822,-0.293765323729111,13,624,Origin-local observed-channel mean; does not replace pooled main metric
peacock_education,BOLT_SMALL_F0,F0,v12_confirmation_peacock_education_f0,,4128,test_a,0.2878797535497758,0.33440534824190904,-0.13932832729234437,13,624,Origin-local observed-channel mean; does not replace pooled main metric
peacock_education,BOLT_SMALL_F0,F0,v12_confirmation_peacock_education_f0,,4152,test_a,0.15446056069666228,0.2820095633846321,0.010244832714726305,13,624,Origin-local observed-channel mean; does not replace pooled main metric
peacock_education,BOLT_SMALL_F0,F0,v12_confirmation_peacock_education_f0,,4176,test_a,0.46059317048740195,0.32991287195070007,0.0517104224030239,13,624,Origin-local observed-channel mean; does not replace pooled main metric
peacock_education,BOLT_SMALL_F0,F0,v12_confirmation_peacock_education_f0,,4200,test_a,0.5097538605224915,0.3395922603533388,0.13716900540748614,13,624,Origin-local observed-channel mean; does not replace pooled main metric
peacock_education,BOLT_SMALL_F0,F0,v12_confirmation_peacock_education_f0,,4224,test_a,0.16316168221433167,0.2447971151111862,-0.02853319657524713,13,624,Origin-local observed-channel mean; does not replace pooled main metric
peacock_education,BOLT_SMALL_F0,F0,v12_confirmation_peacock_education_f0,,4248,test_a,0.16567855470321308,0.27615370120941246,-0.0067084092301322555,13,624,Origin-local observed-channel mean; does not replace pooled main metric
peacock_education,BOLT_SMALL_F0,F0,v12_confirmation_peacock_education_f0,,4272,test_a,0.21033151389038762,0.31659741280675047,0.020679824659451604,13,624,Origin-local observed-channel mean; does not replace pooled main metric
peacock_education,BOLT_SMALL_F0,F0,v12_confirmation_peacock_education_f0,,4296,test_a,0.3571818305203331,0.34661899874537583,-0.10421005852754789,13,624,Origin-local observed-channel mean; does not replace pooled main metric
peacock_education,BOLT_SMALL_F0,F0,v12_confirmation_peacock_education_f0,,4344,test_b,0.2745227491558792,0.3268289639797844,0.08956246929206967,13,624,Origin-local observed-channel mean; does not replace pooled main metric
peacock_education,BOLT_SMALL_F0,F0,v12_confirmation_peacock_education_f0,,4368,test_b,0.3663436242526602,0.3804440933730429,0.17305390775884286,13,624,Origin-local observed-channel mean; does not replace pooled main metric
peacock_education,BOLT_SMALL_F0,F0,v12_confirmation_peacock_education_f0,,4392,test_b,0.25158505799176895,0.3196520629773239,0.006623435248352166,13,624,Origin-local observed-channel mean; does not replace pooled main metric
peacock_education,BOLT_SMALL_F0,F0,v12_confirmation_peacock_education_f0,,4416,test_b,0.2945256146610747,0.3597743255922045,0.18247865995941442,13,624,Origin-local observed-channel mean; does not replace pooled main metric
peacock_education,BOLT_SMALL_F0,F0,v12_confirmation_peacock_education_f0,,4440,test_b,0.33721843052266853,0.3707694960146164,0.15546762889686921,13,624,Origin-local observed-channel mean; does not replace pooled main metric
peacock_education,BOLT_SMALL_F0,F0,v12_confirmation_peacock_education_f0,,4464,test_b,0.3067815529983507,0.39045054379097655,-0.27983392430719384,13,624,Origin-local observed-channel mean; does not replace pooled main metric
peacock_education,BOLT_SMALL_F0,F0,v12_confirmation_peacock_education_f0,,4488,test_b,0.16262645431336714,0.27672239690990164,-0.12420813659341247,13,623,Origin-local observed-channel mean; does not replace pooled main metric
peacock_education,BOLT_SMALL_F0,F0,v12_confirmation_peacock_education_f0,,4512,test_b,0.17730220028863927,0.2946656079325612,-0.011614860552345702,13,623,Origin-local observed-channel mean; does not replace pooled main metric
peacock_education,BOLT_SMALL_F0,F0,v12_confirmation_peacock_education_f0,,4536,test_b,0.15688187732976752,0.2945785391514339,0.07957431141868745,13,624,Origin-local observed-channel mean; does not replace pooled main metric
peacock_education,BOLT_SMALL_F0,F0,v12_confirmation_peacock_education_f0,,4560,test_b,0.0836374023324634,0.22252496551104392,0.06262265240478043,13,624,Origin-local observed-channel mean; does not replace pooled main metric
peacock_education,BOLT_SMALL_F0,F0,v12_confirmation_peacock_education_f0,,4584,test_b,0.09131597397375052,0.22193312590519407,-0.02014186046084759,13,624,Origin-local observed-channel mean; does not replace pooled main metric
peacock_education,BOLT_SMALL_F0,F0,v12_confirmation_peacock_education_f0,,4608,test_b,0.1305140452009506,0.2640432133760978,-0.06328374442744415,13,624,Origin-local observed-channel mean; does not replace pooled main metric
peacock_education,BOLT_SMALL_F0,F0,v12_confirmation_peacock_education_f0,,4632,test_b,0.1307287372450293,0.24802357010477674,-0.03423843750855527,13,624,Origin-local observed-channel mean; does not replace pooled main metric
peacock_education,BOLT_SMALL_F0,F0,v12_confirmation_peacock_education_f0,,4656,test_b,0.15929702598804954,0.28951199142174316,-0.03308249398306001,13,623,Origin-local observed-channel mean; does not replace pooled main metric
peacock_education,BOLT_SMALL_F0,F0,v12_confirmation_peacock_education_f0,,4680,test_b,0.19326743997583315,0.3202101286771312,-0.1466114651598811,13,623,Origin-local observed-channel mean; does not replace pooled main metric
peacock_education,BOLT_SMALL_F0,F0,v12_confirmation_peacock_education_f0,,4704,test_b,0.16214850997014735,0.2945191284536402,-0.07415039583298869,13,624,Origin-local observed-channel mean; does not replace pooled main metric
peacock_education,BOLT_SMALL_F0,F0,v12_confirmation_peacock_education_f0,,4728,test_b,0.15215708530062025,0.2773660177261216,-0.08160105377446131,13,624,Origin-local observed-channel mean; does not replace pooled main metric
peacock_education,BOLT_SMALL_F0,F0,v12_confirmation_peacock_education_f0,,4752,test_b,0.17611762332863817,0.2809075612555413,-0.10905415684548923,13,624,Origin-local observed-channel mean; does not replace pooled main metric
peacock_education,BOLT_SMALL_F0,F0,v12_confirmation_peacock_education_f0,,4776,test_b,0.11388248956450628,0.24101944532296143,-0.092618149550757,13,624,Origin-local observed-channel mean; does not replace pooled main metric
peacock_education,BOLT_SMALL_F0,F0,v12_confirmation_peacock_education_f0,,4800,test_b,0.12866836922852914,0.25644791626352037,-0.05967559328620645,13,624,Origin-local observed-channel mean; does not replace pooled main metric
peacock_education,BOLT_SMALL_F0,F0,v12_confirmation_peacock_education_f0,,4824,test_b,0.10547095759727078,0.23819030940238667,-0.0053364722254441305,13,624,Origin-local observed-channel mean; does not replace pooled main metric
peacock_education,BOLT_SMALL_F0,F0,v12_confirmation_peacock_education_f0,,4848,test_b,0.1578626580378809,0.2824645547206716,0.0011553742828814806,13,624,Origin-local observed-channel mean; does not replace pooled main metric
peacock_education,BOLT_SMALL_F0,F0,v12_confirmation_peacock_education_f0,,4872,test_b,0.12880955059425347,0.2612678669855739,-0.12994089051155755,13,624,Origin-local observed-channel mean; does not replace pooled main metric
peacock_education,BOLT_SMALL_F0,F0,v12_confirmation_peacock_education_f0,,4896,test_b,0.15900499835838178,0.2700563209871642,0.004143013218895361,13,624,Origin-local observed-channel mean; does not replace pooled main metric
peacock_education,BOLT_SMALL_F0,F0,v12_confirmation_peacock_education_f0,,4920,test_b,0.18372321707400496,0.2737667526951275,-0.028900719825357482,13,624,Origin-local observed-channel mean; does not replace pooled main metric
peacock_education,BOLT_SMALL_F0,F0,v12_confirmation_peacock_education_f0,,4944,test_b,0.14967113523910638,0.2577983851478142,-0.07940268762393268,13,624,Origin-local observed-channel mean; does not replace pooled main metric
peacock_education,BOLT_SMALL_F0,F0,v12_confirmation_peacock_education_f0,,4968,test_b,0.15909594553480033,0.27156064626743454,0.002370367401354651,13,623,Origin-local observed-channel mean; does not replace pooled main metric
peacock_education,BOLT_SMALL_F0,F0,v12_confirmation_peacock_education_f0,,4992,test_b,0.17154554838259076,0.2802867097526499,-0.06753546272390495,13,623,Origin-local observed-channel mean; does not replace pooled main metric
peacock_education,BOLT_SMALL_F0,F0,v12_confirmation_peacock_education_f0,,5016,test_b,0.1672155701711499,0.2852651091849672,-0.00785040845019331,13,623,Origin-local observed-channel mean; does not replace pooled main metric
peacock_education,BOLT_SMALL_F0,F0,v12_confirmation_peacock_education_f0,,5040,test_b,0.14591854758538844,0.27898473920388817,-0.004026649328109618,13,623,Origin-local observed-channel mean; does not replace pooled main metric
peacock_education,BOLT_SMALL_F0,F0,v12_confirmation_peacock_education_f0,,5064,test_b,0.11890054595233984,0.23969588676118295,0.017046043264996022,13,624,Origin-local observed-channel mean; does not replace pooled main metric
peacock_education,BOLT_SMALL_F0,F0,v12_confirmation_peacock_education_f0,,5088,test_b,0.10678464333362034,0.23566911601870413,0.06500640651733519,13,624,Origin-local observed-channel mean; does not replace pooled main metric
peacock_education,BOLT_SMALL_F0,F0,v12_confirmation_peacock_education_f0,,5112,test_b,0.2071862039229826,0.28558437632726164,0.08981356358102871,13,621,Origin-local observed-channel mean; does not replace pooled main metric
peacock_education,BOLT_SMALL_F0,F0,v12_confirmation_peacock_education_f0,,5136,test_b,0.1902794785916975,0.24743074307190335,0.05232198972654983,13,621,Origin-local observed-channel mean; does not replace pooled main metric
peacock_education,BOLT_SMALL_F0,F0,v12_confirmation_peacock_education_f0,,5160,test_b,0.10310145121984758,0.22077652061414438,0.032035262449193025,13,624,Origin-local observed-channel mean; does not replace pooled main metric
peacock_education,BOLT_SMALL_F0,F0,v12_confirmation_peacock_education_f0,,5184,test_b,0.10423909028327466,0.23107601799944325,0.05753554687367003,13,624,Origin-local observed-channel mean; does not replace pooled main metric
peacock_education,BOLT_SMALL_F0,F0,v12_confirmation_peacock_education_f0,,5208,test_b,0.12983437983557677,0.23957195414102614,0.018767824480630982,13,624,Origin-local observed-channel mean; does not replace pooled main metric
peacock_education,BOLT_SMALL_F0,F0,v12_confirmation_peacock_education_f0,,5232,test_b,0.14911397461409417,0.24352364276441782,0.006834007396276152,13,624,Origin-local observed-channel mean; does not replace pooled main metric
peacock_education,BOLT_SMALL_F0,F0,v12_confirmation_peacock_education_f0,,5256,test_b,0.0945951175560805,0.21504431226416137,-0.04408157698792191,13,624,Origin-local observed-channel mean; does not replace pooled main metric
peacock_education,BOLT_SMALL_F0,F0,v12_confirmation_peacock_education_f0,,5280,test_b,0.14311720887840065,0.24905511020318577,-0.07037886385716353,13,624,Origin-local observed-channel mean; does not replace pooled main metric
peacock_education,BOLT_MINI_F0,F0,peacock_education_BOLT_MINI_F0,,3360,test_a,0.16330811861930267,0.29156665793655123,0.06292466428716674,13,624,Origin-local observed-channel mean; does not replace pooled main metric
peacock_education,BOLT_MINI_F0,F0,peacock_education_BOLT_MINI_F0,,3384,test_a,0.173974546338053,0.2969700591355108,0.10114083080761468,13,624,Origin-local observed-channel mean; does not replace pooled main metric
peacock_education,BOLT_MINI_F0,F0,peacock_education_BOLT_MINI_F0,,3408,test_a,0.11897961907933088,0.252487275944963,0.03551970139438381,13,624,Origin-local observed-channel mean; does not replace pooled main metric
peacock_education,BOLT_MINI_F0,F0,peacock_education_BOLT_MINI_F0,,3432,test_a,0.15512730442108105,0.2841071959955092,0.06879862224480185,13,624,Origin-local observed-channel mean; does not replace pooled main metric
peacock_education,BOLT_MINI_F0,F0,peacock_education_BOLT_MINI_F0,,3456,test_a,0.16829650532153148,0.28167424444331485,0.00817595917645911,13,623,Origin-local observed-channel mean; does not replace pooled main metric
peacock_education,BOLT_MINI_F0,F0,peacock_education_BOLT_MINI_F0,,3480,test_a,0.2742283758570585,0.36619280873426546,-0.2612928990106681,13,623,Origin-local observed-channel mean; does not replace pooled main metric
peacock_education,BOLT_MINI_F0,F0,peacock_education_BOLT_MINI_F0,,3504,test_a,0.39328408019896555,0.4758730105248291,-0.39154741195409604,13,624,Origin-local observed-channel mean; does not replace pooled main metric
peacock_education,BOLT_MINI_F0,F0,peacock_education_BOLT_MINI_F0,,3528,test_a,0.4498007540690002,0.47919523405457426,-0.2751787250588398,13,624,Origin-local observed-channel mean; does not replace pooled main metric
peacock_education,BOLT_MINI_F0,F0,peacock_education_BOLT_MINI_F0,,3552,test_a,0.42536084305674915,0.4595801709161979,-0.35205361893820686,13,624,Origin-local observed-channel mean; does not replace pooled main metric
peacock_education,BOLT_MINI_F0,F0,peacock_education_BOLT_MINI_F0,,3576,test_a,0.35439397917342613,0.4442283917378518,-0.03392524722697159,13,624,Origin-local observed-channel mean; does not replace pooled main metric
peacock_education,BOLT_MINI_F0,F0,peacock_education_BOLT_MINI_F0,,3600,test_a,0.3333287063960294,0.42709170759115256,0.0599273624255334,13,624,Origin-local observed-channel mean; does not replace pooled main metric
peacock_education,BOLT_MINI_F0,F0,peacock_education_BOLT_MINI_F0,,3624,test_a,0.19464134727008556,0.33348747854529975,-0.016134990548613518,13,624,Origin-local observed-channel mean; does not replace pooled main metric
peacock_education,BOLT_MINI_F0,F0,peacock_education_BOLT_MINI_F0,,3648,test_a,0.4116241447464363,0.4784920525659496,0.21668479645935196,13,624,Origin-local observed-channel mean; does not replace pooled main metric
peacock_education,BOLT_MINI_F0,F0,peacock_education_BOLT_MINI_F0,,3672,test_a,0.1955294673787162,0.3335404834088433,0.08381746337526683,13,624,Origin-local observed-channel mean; does not replace pooled main metric
peacock_education,BOLT_MINI_F0,F0,peacock_education_BOLT_MINI_F0,,3696,test_a,0.15297582565643103,0.29464203752360885,0.05482703557152909,13,624,Origin-local observed-channel mean; does not replace pooled main metric
peacock_education,BOLT_MINI_F0,F0,peacock_education_BOLT_MINI_F0,,3720,test_a,0.1964499471368758,0.3113233557706759,-0.0142994032753333,13,624,Origin-local observed-channel mean; does not replace pooled main metric
peacock_education,BOLT_MINI_F0,F0,peacock_education_BOLT_MINI_F0,,3744,test_a,0.14519921281390102,0.2755980180271973,-0.03687454517841196,13,624,Origin-local observed-channel mean; does not replace pooled main metric
peacock_education,BOLT_MINI_F0,F0,peacock_education_BOLT_MINI_F0,,3768,test_a,0.32141119893410985,0.35262138980667657,-0.1351651871123184,13,624,Origin-local observed-channel mean; does not replace pooled main metric
peacock_education,BOLT_MINI_F0,F0,peacock_education_BOLT_MINI_F0,,3792,test_a,0.3559743945959774,0.3863220366711642,0.18927755187775266,13,624,Origin-local observed-channel mean; does not replace pooled main metric
peacock_education,BOLT_MINI_F0,F0,peacock_education_BOLT_MINI_F0,,3816,test_a,0.1732693365045017,0.29098519915285764,0.07599426619354067,13,624,Origin-local observed-channel mean; does not replace pooled main metric
peacock_education,BOLT_MINI_F0,F0,peacock_education_BOLT_MINI_F0,,3840,test_a,0.23340085316247333,0.3482892430915038,0.08361075917379754,13,624,Origin-local observed-channel mean; does not replace pooled main metric
peacock_education,BOLT_MINI_F0,F0,peacock_education_BOLT_MINI_F0,,3864,test_a,0.12496558155921084,0.2572982912892118,-0.0036485769415799596,13,624,Origin-local observed-channel mean; does not replace pooled main metric
peacock_education,BOLT_MINI_F0,F0,peacock_education_BOLT_MINI_F0,,3888,test_a,0.12072300035384279,0.2617169833191348,-0.09732976326202519,13,624,Origin-local observed-channel mean; does not replace pooled main metric
peacock_education,BOLT_MINI_F0,F0,peacock_education_BOLT_MINI_F0,,3912,test_a,0.13009733807292662,0.26525379715036623,-0.0880851898266253,13,624,Origin-local observed-channel mean; does not replace pooled main metric
peacock_education,BOLT_MINI_F0,F0,peacock_education_BOLT_MINI_F0,,3936,test_a,0.17590497561138335,0.3072260224770826,-0.09874486805309948,13,624,Origin-local observed-channel mean; does not replace pooled main metric
peacock_education,BOLT_MINI_F0,F0,peacock_education_BOLT_MINI_F0,,3960,test_a,0.14742241620599195,0.2727968164388305,-0.01827753492696689,13,624,Origin-local observed-channel mean; does not replace pooled main metric
peacock_education,BOLT_MINI_F0,F0,peacock_education_BOLT_MINI_F0,,3984,test_a,0.16918240920308344,0.29118699053594516,-0.08619073574646581,13,624,Origin-local observed-channel mean; does not replace pooled main metric
peacock_education,BOLT_MINI_F0,F0,peacock_education_BOLT_MINI_F0,,4008,test_a,0.16358590245379168,0.289447570001159,-0.0707900205196986,13,624,Origin-local observed-channel mean; does not replace pooled main metric
peacock_education,BOLT_MINI_F0,F0,peacock_education_BOLT_MINI_F0,,4032,test_a,0.20667489813526488,0.3223445834218858,0.11507269900548868,13,624,Origin-local observed-channel mean; does not replace pooled main metric
peacock_education,BOLT_MINI_F0,F0,peacock_education_BOLT_MINI_F0,,4056,test_a,0.09061040552071407,0.218665418025548,0.016283855777986057,13,624,Origin-local observed-channel mean; does not replace pooled main metric
peacock_education,BOLT_MINI_F0,F0,peacock_education_BOLT_MINI_F0,,4080,test_a,0.19304174275067043,0.31178130825103906,-0.216457042868476,13,624,Origin-local observed-channel mean; does not replace pooled main metric
peacock_education,BOLT_MINI_F0,F0,peacock_education_BOLT_MINI_F0,,4104,test_a,0.3147360401129105,0.3920617945408687,-0.26385784818110275,13,624,Origin-local observed-channel mean; does not replace pooled main metric
peacock_education,BOLT_MINI_F0,F0,peacock_education_BOLT_MINI_F0,,4128,test_a,0.30611272532467504,0.34689779636923607,-0.14655960431198953,13,624,Origin-local observed-channel mean; does not replace pooled main metric
peacock_education,BOLT_MINI_F0,F0,peacock_education_BOLT_MINI_F0,,4152,test_a,0.14966757189163082,0.2791820321683003,-0.005199291940068808,13,624,Origin-local observed-channel mean; does not replace pooled main metric
peacock_education,BOLT_MINI_F0,F0,peacock_education_BOLT_MINI_F0,,4176,test_a,0.44845676745991636,0.3261222383350683,0.040243713843385466,13,624,Origin-local observed-channel mean; does not replace pooled main metric
peacock_education,BOLT_MINI_F0,F0,peacock_education_BOLT_MINI_F0,,4200,test_a,0.5281265361055392,0.34775733377915835,0.09674482712468421,13,624,Origin-local observed-channel mean; does not replace pooled main metric
peacock_education,BOLT_MINI_F0,F0,peacock_education_BOLT_MINI_F0,,4224,test_a,0.16512153255109213,0.25242534384149345,-0.0633518158022362,13,624,Origin-local observed-channel mean; does not replace pooled main metric
peacock_education,BOLT_MINI_F0,F0,peacock_education_BOLT_MINI_F0,,4248,test_a,0.14115761277573285,0.27042705869676775,-0.04443232580095542,13,624,Origin-local observed-channel mean; does not replace pooled main metric
peacock_education,BOLT_MINI_F0,F0,peacock_education_BOLT_MINI_F0,,4272,test_a,0.21427453173149466,0.31696378018256305,-0.01179529743594452,13,624,Origin-local observed-channel mean; does not replace pooled main metric
peacock_education,BOLT_MINI_F0,F0,peacock_education_BOLT_MINI_F0,,4296,test_a,0.3604787886937639,0.3458528340266546,-0.12221429663156579,13,624,Origin-local observed-channel mean; does not replace pooled main metric
peacock_education,BOLT_MINI_F0,F0,peacock_education_BOLT_MINI_F0,,4344,test_b,0.25940880554525053,0.3202683873240018,0.08235805280947973,13,624,Origin-local observed-channel mean; does not replace pooled main metric
peacock_education,BOLT_MINI_F0,F0,peacock_education_BOLT_MINI_F0,,4368,test_b,0.2977144242711769,0.34889331519251504,0.1361998857822842,13,624,Origin-local observed-channel mean; does not replace pooled main metric
peacock_education,BOLT_MINI_F0,F0,peacock_education_BOLT_MINI_F0,,4392,test_b,0.22507265653904204,0.2907978973093216,-0.005682527473441166,13,624,Origin-local observed-channel mean; does not replace pooled main metric
peacock_education,BOLT_MINI_F0,F0,peacock_education_BOLT_MINI_F0,,4416,test_b,0.2694788042445206,0.3432571340967208,0.1805958160235045,13,624,Origin-local observed-channel mean; does not replace pooled main metric
peacock_education,BOLT_MINI_F0,F0,peacock_education_BOLT_MINI_F0,,4440,test_b,0.3301830250298628,0.3635415178947508,0.15442986224139205,13,624,Origin-local observed-channel mean; does not replace pooled main metric
peacock_education,BOLT_MINI_F0,F0,peacock_education_BOLT_MINI_F0,,4464,test_b,0.32274994453072475,0.40009531940655185,-0.29923251907185217,13,624,Origin-local observed-channel mean; does not replace pooled main metric
peacock_education,BOLT_MINI_F0,F0,peacock_education_BOLT_MINI_F0,,4488,test_b,0.1615807837767928,0.28026613108439363,-0.13650996930046763,13,623,Origin-local observed-channel mean; does not replace pooled main metric
peacock_education,BOLT_MINI_F0,F0,peacock_education_BOLT_MINI_F0,,4512,test_b,0.1780738983647338,0.2948655123878183,-0.007245155029899569,13,623,Origin-local observed-channel mean; does not replace pooled main metric
peacock_education,BOLT_MINI_F0,F0,peacock_education_BOLT_MINI_F0,,4536,test_b,0.1526390566122334,0.29000107736013747,0.055175876021948164,13,624,Origin-local observed-channel mean; does not replace pooled main metric
peacock_education,BOLT_MINI_F0,F0,peacock_education_BOLT_MINI_F0,,4560,test_b,0.07910691735886709,0.2139250211669908,0.049824752573980585,13,624,Origin-local observed-channel mean; does not replace pooled main metric
peacock_education,BOLT_MINI_F0,F0,peacock_education_BOLT_MINI_F0,,4584,test_b,0.09985504628012219,0.23634777096800136,-0.02839952558301425,13,624,Origin-local observed-channel mean; does not replace pooled main metric
peacock_education,BOLT_MINI_F0,F0,peacock_education_BOLT_MINI_F0,,4608,test_b,0.1222802644746753,0.2590931391896447,-0.0427709016572081,13,624,Origin-local observed-channel mean; does not replace pooled main metric
peacock_education,BOLT_MINI_F0,F0,peacock_education_BOLT_MINI_F0,,4632,test_b,0.13140268583585885,0.24734499868011486,-0.013757525598451215,13,624,Origin-local observed-channel mean; does not replace pooled main metric
peacock_education,BOLT_MINI_F0,F0,peacock_education_BOLT_MINI_F0,,4656,test_b,0.16426705226009372,0.2948088739526181,-0.01973158594725025,13,623,Origin-local observed-channel mean; does not replace pooled main metric
peacock_education,BOLT_MINI_F0,F0,peacock_education_BOLT_MINI_F0,,4680,test_b,0.20169479066287796,0.3249407977375951,-0.14685953037351074,13,623,Origin-local observed-channel mean; does not replace pooled main metric
peacock_education,BOLT_MINI_F0,F0,peacock_education_BOLT_MINI_F0,,4704,test_b,0.14549733392022468,0.2808283304773982,-0.10346747106441165,13,624,Origin-local observed-channel mean; does not replace pooled main metric
peacock_education,BOLT_MINI_F0,F0,peacock_education_BOLT_MINI_F0,,4728,test_b,0.15673577387126406,0.2837270497354136,-0.09501452515318166,13,624,Origin-local observed-channel mean; does not replace pooled main metric
peacock_education,BOLT_MINI_F0,F0,peacock_education_BOLT_MINI_F0,,4752,test_b,0.18229590838009707,0.2883638529821884,-0.16177058165955643,13,624,Origin-local observed-channel mean; does not replace pooled main metric
peacock_education,BOLT_MINI_F0,F0,peacock_education_BOLT_MINI_F0,,4776,test_b,0.10829475225548563,0.2347834088372437,-0.06980721753475685,13,624,Origin-local observed-channel mean; does not replace pooled main metric
peacock_education,BOLT_MINI_F0,F0,peacock_education_BOLT_MINI_F0,,4800,test_b,0.1368356080442776,0.26493974763098566,-0.0344920628752637,13,624,Origin-local observed-channel mean; does not replace pooled main metric
peacock_education,BOLT_MINI_F0,F0,peacock_education_BOLT_MINI_F0,,4824,test_b,0.10784112723617485,0.24261318443407223,0.004526778800750318,13,624,Origin-local observed-channel mean; does not replace pooled main metric
peacock_education,BOLT_MINI_F0,F0,peacock_education_BOLT_MINI_F0,,4848,test_b,0.1526435843607089,0.27751844248044877,0.017401682568911035,13,624,Origin-local observed-channel mean; does not replace pooled main metric
peacock_education,BOLT_MINI_F0,F0,peacock_education_BOLT_MINI_F0,,4872,test_b,0.12554167845711992,0.2631297828316187,-0.13477150241707048,13,624,Origin-local observed-channel mean; does not replace pooled main metric
peacock_education,BOLT_MINI_F0,F0,peacock_education_BOLT_MINI_F0,,4896,test_b,0.14775575031429877,0.2687590903638361,-0.02332834468390316,13,624,Origin-local observed-channel mean; does not replace pooled main metric
peacock_education,BOLT_MINI_F0,F0,peacock_education_BOLT_MINI_F0,,4920,test_b,0.1875184729683207,0.27892730854756126,-0.035291903823888734,13,624,Origin-local observed-channel mean; does not replace pooled main metric
peacock_education,BOLT_MINI_F0,F0,peacock_education_BOLT_MINI_F0,,4944,test_b,0.14213522416134983,0.2544583413188006,-0.046696907621644176,13,624,Origin-local observed-channel mean; does not replace pooled main metric
peacock_education,BOLT_MINI_F0,F0,peacock_education_BOLT_MINI_F0,,4968,test_b,0.16732865200020558,0.2786523180251424,0.02399570396365068,13,623,Origin-local observed-channel mean; does not replace pooled main metric
peacock_education,BOLT_MINI_F0,F0,peacock_education_BOLT_MINI_F0,,4992,test_b,0.17294732132514964,0.2825777923173781,-0.060368933042938416,13,623,Origin-local observed-channel mean; does not replace pooled main metric
peacock_education,BOLT_MINI_F0,F0,peacock_education_BOLT_MINI_F0,,5016,test_b,0.1772551666501943,0.29881425750891044,-0.010209430445973887,13,623,Origin-local observed-channel mean; does not replace pooled main metric
peacock_education,BOLT_MINI_F0,F0,peacock_education_BOLT_MINI_F0,,5040,test_b,0.1515998030015907,0.2828158331323529,-0.02210120157804784,13,623,Origin-local observed-channel mean; does not replace pooled main metric
peacock_education,BOLT_MINI_F0,F0,peacock_education_BOLT_MINI_F0,,5064,test_b,0.11577191939803286,0.2394031676014539,-0.005600396092258731,13,624,Origin-local observed-channel mean; does not replace pooled main metric
peacock_education,BOLT_MINI_F0,F0,peacock_education_BOLT_MINI_F0,,5088,test_b,0.0946822546914857,0.22191564217045645,0.016884946224775217,13,624,Origin-local observed-channel mean; does not replace pooled main metric
peacock_education,BOLT_MINI_F0,F0,peacock_education_BOLT_MINI_F0,,5112,test_b,0.20321052163323067,0.2823472169358741,0.07740954426908268,13,621,Origin-local observed-channel mean; does not replace pooled main metric
peacock_education,BOLT_MINI_F0,F0,peacock_education_BOLT_MINI_F0,,5136,test_b,0.1830580079615825,0.24390866712738687,0.03657115526929195,13,621,Origin-local observed-channel mean; does not replace pooled main metric
peacock_education,BOLT_MINI_F0,F0,peacock_education_BOLT_MINI_F0,,5160,test_b,0.0997782515190734,0.22008263297781616,0.011561941838944897,13,624,Origin-local observed-channel mean; does not replace pooled main metric
peacock_education,BOLT_MINI_F0,F0,peacock_education_BOLT_MINI_F0,,5184,test_b,0.1049971472319608,0.23016612494831906,0.03621128055228604,13,624,Origin-local observed-channel mean; does not replace pooled main metric
peacock_education,BOLT_MINI_F0,F0,peacock_education_BOLT_MINI_F0,,5208,test_b,0.1382415278618424,0.2450040008282089,0.023753729004686027,13,624,Origin-local observed-channel mean; does not replace pooled main metric
peacock_education,BOLT_MINI_F0,F0,peacock_education_BOLT_MINI_F0,,5232,test_b,0.19241588362082823,0.2619385525814813,0.033742486642157205,13,624,Origin-local observed-channel mean; does not replace pooled main metric
peacock_education,BOLT_MINI_F0,F0,peacock_education_BOLT_MINI_F0,,5256,test_b,0.09820893384241976,0.21755246758813232,-0.06325547331018756,13,624,Origin-local observed-channel mean; does not replace pooled main metric
peacock_education,BOLT_MINI_F0,F0,peacock_education_BOLT_MINI_F0,,5280,test_b,0.1392727259780625,0.24759725441869632,-0.0783166356999666,13,624,Origin-local observed-channel mean; does not replace pooled main metric
peacock_education,BOLT_TINY_F0,F0,peacock_education_BOLT_TINY_F0,,3360,test_a,0.1604791606726487,0.29605912905352827,0.050268935662200254,13,624,Origin-local observed-channel mean; does not replace pooled main metric
peacock_education,BOLT_TINY_F0,F0,peacock_education_BOLT_TINY_F0,,3384,test_a,0.16935714605054875,0.2886931015050206,0.08676021718509638,13,624,Origin-local observed-channel mean; does not replace pooled main metric
peacock_education,BOLT_TINY_F0,F0,peacock_education_BOLT_TINY_F0,,3408,test_a,0.11703899281096948,0.25201374198793647,0.05535961833681003,13,624,Origin-local observed-channel mean; does not replace pooled main metric
peacock_education,BOLT_TINY_F0,F0,peacock_education_BOLT_TINY_F0,,3432,test_a,0.15150058541120756,0.2832725681304836,0.10084283574878308,13,624,Origin-local observed-channel mean; does not replace pooled main metric
peacock_education,BOLT_TINY_F0,F0,peacock_education_BOLT_TINY_F0,,3456,test_a,0.1652360372357284,0.27804651073327735,0.003555328544497038,13,623,Origin-local observed-channel mean; does not replace pooled main metric
peacock_education,BOLT_TINY_F0,F0,peacock_education_BOLT_TINY_F0,,3480,test_a,0.2798704340472482,0.3695718872202934,-0.2570268541226884,13,623,Origin-local observed-channel mean; does not replace pooled main metric
peacock_education,BOLT_TINY_F0,F0,peacock_education_BOLT_TINY_F0,,3504,test_a,0.4065858444420943,0.4815787469053295,-0.4031666559338844,13,624,Origin-local observed-channel mean; does not replace pooled main metric
peacock_education,BOLT_TINY_F0,F0,peacock_education_BOLT_TINY_F0,,3528,test_a,0.4485458590089897,0.4799413582010087,-0.25915600808459716,13,624,Origin-local observed-channel mean; does not replace pooled main metric
peacock_education,BOLT_TINY_F0,F0,peacock_education_BOLT_TINY_F0,,3552,test_a,0.411426786373631,0.4587219309523323,-0.3397444737528508,13,624,Origin-local observed-channel mean; does not replace pooled main metric
peacock_education,BOLT_TINY_F0,F0,peacock_education_BOLT_TINY_F0,,3576,test_a,0.35773410551296675,0.4473549010404102,-0.02496128188776753,13,624,Origin-local observed-channel mean; does not replace pooled main metric
peacock_education,BOLT_TINY_F0,F0,peacock_education_BOLT_TINY_F0,,3600,test_a,0.32601046732843836,0.4263095424401586,0.06856342860219929,13,624,Origin-local observed-channel mean; does not replace pooled main metric
peacock_education,BOLT_TINY_F0,F0,peacock_education_BOLT_TINY_F0,,3624,test_a,0.20622966615592947,0.3393763346927396,0.007921326509229124,13,624,Origin-local observed-channel mean; does not replace pooled main metric
peacock_education,BOLT_TINY_F0,F0,peacock_education_BOLT_TINY_F0,,3648,test_a,0.4051826274146197,0.47201189740847516,0.21753413730766621,13,624,Origin-local observed-channel mean; does not replace pooled main metric
peacock_education,BOLT_TINY_F0,F0,peacock_education_BOLT_TINY_F0,,3672,test_a,0.2049166548301798,0.3428651888519734,0.07126776498663298,13,624,Origin-local observed-channel mean; does not replace pooled main metric
peacock_education,BOLT_TINY_F0,F0,peacock_education_BOLT_TINY_F0,,3696,test_a,0.15046021837179221,0.2936805250829844,0.05157038140168879,13,624,Origin-local observed-channel mean; does not replace pooled main metric
peacock_education,BOLT_TINY_F0,F0,peacock_education_BOLT_TINY_F0,,3720,test_a,0.14787187178949474,0.28173758891987233,-0.056000788196867615,13,624,Origin-local observed-channel mean; does not replace pooled main metric
peacock_education,BOLT_TINY_F0,F0,peacock_education_BOLT_TINY_F0,,3744,test_a,0.15341881487628092,0.2847071259181039,-0.06939413255970113,13,624,Origin-local observed-channel mean; does not replace pooled main metric
peacock_education,BOLT_TINY_F0,F0,peacock_education_BOLT_TINY_F0,,3768,test_a,0.3185279264825483,0.35416833811457493,-0.113124562958733,13,624,Origin-local observed-channel mean; does not replace pooled main metric
peacock_education,BOLT_TINY_F0,F0,peacock_education_BOLT_TINY_F0,,3792,test_a,0.3849985290430071,0.40266489778784886,0.1953938879430494,13,624,Origin-local observed-channel mean; does not replace pooled main metric
peacock_education,BOLT_TINY_F0,F0,peacock_education_BOLT_TINY_F0,,3816,test_a,0.19042802602599673,0.3134516201070464,0.10457987885400563,13,624,Origin-local observed-channel mean; does not replace pooled main metric
peacock_education,BOLT_TINY_F0,F0,peacock_education_BOLT_TINY_F0,,3840,test_a,0.20781085368298327,0.3389880405168067,0.0572478411311003,13,624,Origin-local observed-channel mean; does not replace pooled main metric
peacock_education,BOLT_TINY_F0,F0,peacock_education_BOLT_TINY_F0,,3864,test_a,0.11315419972664825,0.2455117150123279,-0.013365301667736511,13,624,Origin-local observed-channel mean; does not replace pooled main metric
peacock_education,BOLT_TINY_F0,F0,peacock_education_BOLT_TINY_F0,,3888,test_a,0.10729523387089596,0.2464023192125098,-0.08299490219229858,13,624,Origin-local observed-channel mean; does not replace pooled main metric
peacock_education,BOLT_TINY_F0,F0,peacock_education_BOLT_TINY_F0,,3912,test_a,0.1436842143545219,0.2726148122582787,-0.06233312950233738,13,624,Origin-local observed-channel mean; does not replace pooled main metric
peacock_education,BOLT_TINY_F0,F0,peacock_education_BOLT_TINY_F0,,3936,test_a,0.184440821618509,0.3092092077220933,-0.12696872401731807,13,624,Origin-local observed-channel mean; does not replace pooled main metric
peacock_education,BOLT_TINY_F0,F0,peacock_education_BOLT_TINY_F0,,3960,test_a,0.14608922574622962,0.27100976237889907,-0.0063846665718115085,13,624,Origin-local observed-channel mean; does not replace pooled main metric
peacock_education,BOLT_TINY_F0,F0,peacock_education_BOLT_TINY_F0,,3984,test_a,0.16509714455918267,0.28558135624598435,-0.10558285306709735,13,624,Origin-local observed-channel mean; does not replace pooled main metric
peacock_education,BOLT_TINY_F0,F0,peacock_education_BOLT_TINY_F0,,4008,test_a,0.1802211124003216,0.2975854635656805,-0.10235641108441157,13,624,Origin-local observed-channel mean; does not replace pooled main metric
peacock_education,BOLT_TINY_F0,F0,peacock_education_BOLT_TINY_F0,,4032,test_a,0.16320777782225487,0.2970400330691168,0.07265576443676716,13,624,Origin-local observed-channel mean; does not replace pooled main metric
peacock_education,BOLT_TINY_F0,F0,peacock_education_BOLT_TINY_F0,,4056,test_a,0.09582046242864532,0.22226490942874733,0.02187839080430328,13,624,Origin-local observed-channel mean; does not replace pooled main metric
peacock_education,BOLT_TINY_F0,F0,peacock_education_BOLT_TINY_F0,,4080,test_a,0.19929562743797485,0.3132580026599149,-0.23641905595864865,13,624,Origin-local observed-channel mean; does not replace pooled main metric
peacock_education,BOLT_TINY_F0,F0,peacock_education_BOLT_TINY_F0,,4104,test_a,0.32169134763127666,0.3976237165252081,-0.2730930940015241,13,624,Origin-local observed-channel mean; does not replace pooled main metric
peacock_education,BOLT_TINY_F0,F0,peacock_education_BOLT_TINY_F0,,4128,test_a,0.28606981914115587,0.335201838757945,-0.13158030518995173,13,624,Origin-local observed-channel mean; does not replace pooled main metric
peacock_education,BOLT_TINY_F0,F0,peacock_education_BOLT_TINY_F0,,4152,test_a,0.15739773765786705,0.29386298170356895,-0.026193888266649222,13,624,Origin-local observed-channel mean; does not replace pooled main metric
peacock_education,BOLT_TINY_F0,F0,peacock_education_BOLT_TINY_F0,,4176,test_a,0.4422715889637568,0.33173929862767604,0.020279860567265683,13,624,Origin-local observed-channel mean; does not replace pooled main metric
peacock_education,BOLT_TINY_F0,F0,peacock_education_BOLT_TINY_F0,,4200,test_a,0.5183957786366712,0.3445211879503078,0.10215355649154681,13,624,Origin-local observed-channel mean; does not replace pooled main metric
peacock_education,BOLT_TINY_F0,F0,peacock_education_BOLT_TINY_F0,,4224,test_a,0.17005604189999296,0.2584185885095324,-0.056808356956865355,13,624,Origin-local observed-channel mean; does not replace pooled main metric
peacock_education,BOLT_TINY_F0,F0,peacock_education_BOLT_TINY_F0,,4248,test_a,0.14311265000772203,0.27034975126354355,-0.024607876075792894,13,624,Origin-local observed-channel mean; does not replace pooled main metric
peacock_education,BOLT_TINY_F0,F0,peacock_education_BOLT_TINY_F0,,4272,test_a,0.2173116738027714,0.32472201959806113,-0.003599283229470116,13,624,Origin-local observed-channel mean; does not replace pooled main metric
peacock_education,BOLT_TINY_F0,F0,peacock_education_BOLT_TINY_F0,,4296,test_a,0.296783603471495,0.3334980276267743,-0.08689224566161356,13,624,Origin-local observed-channel mean; does not replace pooled main metric
peacock_education,BOLT_TINY_F0,F0,peacock_education_BOLT_TINY_F0,,4344,test_b,0.28401355729283234,0.3426969577974491,0.08852476340837548,13,624,Origin-local observed-channel mean; does not replace pooled main metric
peacock_education,BOLT_TINY_F0,F0,peacock_education_BOLT_TINY_F0,,4368,test_b,0.32068130019888197,0.356611195365146,0.15330198224192151,13,624,Origin-local observed-channel mean; does not replace pooled main metric
peacock_education,BOLT_TINY_F0,F0,peacock_education_BOLT_TINY_F0,,4392,test_b,0.23832996764942405,0.313066796148166,0.006471054708340375,13,624,Origin-local observed-channel mean; does not replace pooled main metric
peacock_education,BOLT_TINY_F0,F0,peacock_education_BOLT_TINY_F0,,4416,test_b,0.2744448834026738,0.35156758949578476,0.1886995668308093,13,624,Origin-local observed-channel mean; does not replace pooled main metric
peacock_education,BOLT_TINY_F0,F0,peacock_education_BOLT_TINY_F0,,4440,test_b,0.33312116396442243,0.3695400398245487,0.1516974568262529,13,624,Origin-local observed-channel mean; does not replace pooled main metric
peacock_education,BOLT_TINY_F0,F0,peacock_education_BOLT_TINY_F0,,4464,test_b,0.34791457584009433,0.4222155483392924,-0.3233490995777314,13,624,Origin-local observed-channel mean; does not replace pooled main metric
peacock_education,BOLT_TINY_F0,F0,peacock_education_BOLT_TINY_F0,,4488,test_b,0.15273652309876226,0.27497652704807224,-0.12906986193550612,13,623,Origin-local observed-channel mean; does not replace pooled main metric
peacock_education,BOLT_TINY_F0,F0,peacock_education_BOLT_TINY_F0,,4512,test_b,0.17844003372976244,0.2997514227768883,-0.013890669293604484,13,623,Origin-local observed-channel mean; does not replace pooled main metric
peacock_education,BOLT_TINY_F0,F0,peacock_education_BOLT_TINY_F0,,4536,test_b,0.17769929989115438,0.30856378215052105,0.05880015814255575,13,624,Origin-local observed-channel mean; does not replace pooled main metric
peacock_education,BOLT_TINY_F0,F0,peacock_education_BOLT_TINY_F0,,4560,test_b,0.0787354524081732,0.21533847094337363,0.005717232982323581,13,624,Origin-local observed-channel mean; does not replace pooled main metric
peacock_education,BOLT_TINY_F0,F0,peacock_education_BOLT_TINY_F0,,4584,test_b,0.09851506295647933,0.2331349860167113,-0.030548922648542937,13,624,Origin-local observed-channel mean; does not replace pooled main metric
peacock_education,BOLT_TINY_F0,F0,peacock_education_BOLT_TINY_F0,,4608,test_b,0.12012943929709492,0.25922457404018273,-0.07069562409388033,13,624,Origin-local observed-channel mean; does not replace pooled main metric
peacock_education,BOLT_TINY_F0,F0,peacock_education_BOLT_TINY_F0,,4632,test_b,0.13442490427694814,0.2525734614762955,-0.01190313263587319,13,624,Origin-local observed-channel mean; does not replace pooled main metric
peacock_education,BOLT_TINY_F0,F0,peacock_education_BOLT_TINY_F0,,4656,test_b,0.15803890898851947,0.2895773765890462,-0.035696565766535064,13,623,Origin-local observed-channel mean; does not replace pooled main metric
peacock_education,BOLT_TINY_F0,F0,peacock_education_BOLT_TINY_F0,,4680,test_b,0.19582822583141088,0.32698565952491143,-0.14828412175022673,13,623,Origin-local observed-channel mean; does not replace pooled main metric
peacock_education,BOLT_TINY_F0,F0,peacock_education_BOLT_TINY_F0,,4704,test_b,0.17353161443975493,0.31377919360014717,-0.0870393552449502,13,624,Origin-local observed-channel mean; does not replace pooled main metric
peacock_education,BOLT_TINY_F0,F0,peacock_education_BOLT_TINY_F0,,4728,test_b,0.1689515938211308,0.307553905946313,-0.1280704745959389,13,624,Origin-local observed-channel mean; does not replace pooled main metric
peacock_education,BOLT_TINY_F0,F0,peacock_education_BOLT_TINY_F0,,4752,test_b,0.18704383588997936,0.2953401260751073,-0.16876380903517996,13,624,Origin-local observed-channel mean; does not replace pooled main metric
peacock_education,BOLT_TINY_F0,F0,peacock_education_BOLT_TINY_F0,,4776,test_b,0.12253338841133196,0.25120833009490384,-0.10741154398867644,13,624,Origin-local observed-channel mean; does not replace pooled main metric
peacock_education,BOLT_TINY_F0,F0,peacock_education_BOLT_TINY_F0,,4800,test_b,0.13408769894521322,0.26291263674181375,-0.0525411641130445,13,624,Origin-local observed-channel mean; does not replace pooled main metric
peacock_education,BOLT_TINY_F0,F0,peacock_education_BOLT_TINY_F0,,4824,test_b,0.10741881626358356,0.23945764983662415,-0.028374838217039212,13,624,Origin-local observed-channel mean; does not replace pooled main metric
peacock_education,BOLT_TINY_F0,F0,peacock_education_BOLT_TINY_F0,,4848,test_b,0.1433012217881198,0.27620754528339975,-0.0046742555516688334,13,624,Origin-local observed-channel mean; does not replace pooled main metric
peacock_education,BOLT_TINY_F0,F0,peacock_education_BOLT_TINY_F0,,4872,test_b,0.1377900111603304,0.27224433744917265,-0.14201762726775202,13,624,Origin-local observed-channel mean; does not replace pooled main metric
peacock_education,BOLT_TINY_F0,F0,peacock_education_BOLT_TINY_F0,,4896,test_b,0.14861383649183205,0.27093578101947713,-0.057589941073018,13,624,Origin-local observed-channel mean; does not replace pooled main metric
peacock_education,BOLT_TINY_F0,F0,peacock_education_BOLT_TINY_F0,,4920,test_b,0.18097754944343367,0.2831739808883494,-0.049482929835227334,13,624,Origin-local observed-channel mean; does not replace pooled main metric
peacock_education,BOLT_TINY_F0,F0,peacock_education_BOLT_TINY_F0,,4944,test_b,0.14283787826735175,0.25299979912420106,-0.04710722110683445,13,624,Origin-local observed-channel mean; does not replace pooled main metric
peacock_education,BOLT_TINY_F0,F0,peacock_education_BOLT_TINY_F0,,4968,test_b,0.15641383506467854,0.2681267594366491,0.0022589711277204994,13,623,Origin-local observed-channel mean; does not replace pooled main metric
peacock_education,BOLT_TINY_F0,F0,peacock_education_BOLT_TINY_F0,,4992,test_b,0.17386060783616009,0.285909892350722,-0.06511701026639231,13,623,Origin-local observed-channel mean; does not replace pooled main metric
peacock_education,BOLT_TINY_F0,F0,peacock_education_BOLT_TINY_F0,,5016,test_b,0.1777904519739765,0.2990626034463074,-0.021652394469386934,13,623,Origin-local observed-channel mean; does not replace pooled main metric
peacock_education,BOLT_TINY_F0,F0,peacock_education_BOLT_TINY_F0,,5040,test_b,0.1452584306713195,0.2781235490041952,-0.02871739873537793,13,623,Origin-local observed-channel mean; does not replace pooled main metric
peacock_education,BOLT_TINY_F0,F0,peacock_education_BOLT_TINY_F0,,5064,test_b,0.11907757758212541,0.24017038543705638,-0.009706143617409114,13,624,Origin-local observed-channel mean; does not replace pooled main metric
peacock_education,BOLT_TINY_F0,F0,peacock_education_BOLT_TINY_F0,,5088,test_b,0.1056702276968132,0.23704371065907298,0.02747551051419205,13,624,Origin-local observed-channel mean; does not replace pooled main metric
peacock_education,BOLT_TINY_F0,F0,peacock_education_BOLT_TINY_F0,,5112,test_b,0.21358779609000897,0.2954264850124346,0.0887007687077161,13,621,Origin-local observed-channel mean; does not replace pooled main metric
peacock_education,BOLT_TINY_F0,F0,peacock_education_BOLT_TINY_F0,,5136,test_b,0.18595556897342544,0.2511264548270812,0.04644005995325378,13,621,Origin-local observed-channel mean; does not replace pooled main metric
peacock_education,BOLT_TINY_F0,F0,peacock_education_BOLT_TINY_F0,,5160,test_b,0.1014103976157392,0.22166597693164172,0.025184965065515527,13,624,Origin-local observed-channel mean; does not replace pooled main metric
peacock_education,BOLT_TINY_F0,F0,peacock_education_BOLT_TINY_F0,,5184,test_b,0.10685791155849178,0.23390728147494835,0.05357614904054431,13,624,Origin-local observed-channel mean; does not replace pooled main metric
peacock_education,BOLT_TINY_F0,F0,peacock_education_BOLT_TINY_F0,,5208,test_b,0.14511460484909394,0.25278804057150134,0.03295831581729147,13,624,Origin-local observed-channel mean; does not replace pooled main metric
peacock_education,BOLT_TINY_F0,F0,peacock_education_BOLT_TINY_F0,,5232,test_b,0.18917787399682273,0.2637327341127765,0.029335815280016213,13,624,Origin-local observed-channel mean; does not replace pooled main metric
peacock_education,BOLT_TINY_F0,F0,peacock_education_BOLT_TINY_F0,,5256,test_b,0.09758038793187011,0.2203888142412791,-0.055854091087941274,13,624,Origin-local observed-channel mean; does not replace pooled main metric
peacock_education,BOLT_TINY_F0,F0,peacock_education_BOLT_TINY_F0,,5280,test_b,0.14984246979933308,0.25970535301334724,-0.08558853291339262,13,624,Origin-local observed-channel mean; does not replace pooled main metric
jena,BOLT_SMALL_LEVEL,LEVEL,v7_jena_level_res_92601,92601,35135,test_a,0.2936731435143752,0.3017978047109431,-0.015301027359248754,21,1008,Origin-local observed-channel mean; does not replace pooled main metric
jena,BOLT_SMALL_LEVEL,LEVEL,v7_jena_level_res_92601,92601,35159,test_a,0.22382602183979486,0.28168919614870985,-0.0273419444648815,21,1008,Origin-local observed-channel mean; does not replace pooled main metric
jena,BOLT_SMALL_LEVEL,LEVEL,v7_jena_level_res_92601,92601,35183,test_a,0.8378366807593034,0.6757625597251935,-0.33157672590598286,21,1008,Origin-local observed-channel mean; does not replace pooled main metric
jena,BOLT_SMALL_LEVEL,LEVEL,v7_jena_level_res_92601,92601,35207,test_a,0.6309322028131095,0.5275328507839095,0.13311077857626574,21,1008,Origin-local observed-channel mean; does not replace pooled main metric
jena,BOLT_SMALL_LEVEL,LEVEL,v7_jena_level_res_92601,92601,35231,test_a,0.22992269526015968,0.25120467914357075,0.06284431779816275,21,1008,Origin-local observed-channel mean; does not replace pooled main metric
jena,BOLT_SMALL_LEVEL,LEVEL,v7_jena_level_res_92601,92601,35255,test_a,0.44617811440909255,0.25922851679506637,-0.0982566641760059,21,1008,Origin-local observed-channel mean; does not replace pooled main metric
jena,BOLT_SMALL_LEVEL,LEVEL,v7_jena_level_res_92601,92601,35279,test_a,0.3663411016041002,0.3931053109709099,0.09444198021591302,21,1008,Origin-local observed-channel mean; does not replace pooled main metric
jena,BOLT_SMALL_LEVEL,LEVEL,v7_jena_level_res_92601,92601,35303,test_a,0.5245618412864148,0.4825408922754124,-0.09490329256772786,21,1008,Origin-local observed-channel mean; does not replace pooled main metric
jena,BOLT_SMALL_LEVEL,LEVEL,v7_jena_level_res_92601,92601,35327,test_a,0.27462687178280065,0.37801199536278585,-0.14245043031047636,21,1008,Origin-local observed-channel mean; does not replace pooled main metric
jena,BOLT_SMALL_LEVEL,LEVEL,v7_jena_level_res_92601,92601,35351,test_a,3.8405422428797147,0.5263898875294087,-0.01671151618500023,21,1008,Origin-local observed-channel mean; does not replace pooled main metric
jena,BOLT_SMALL_LEVEL,LEVEL,v7_jena_level_res_92601,92601,35375,test_a,3.7317601545051224,0.5592997814545967,-0.2541630761865351,21,1008,Origin-local observed-channel mean; does not replace pooled main metric
jena,BOLT_SMALL_LEVEL,LEVEL,v7_jena_level_res_92601,92601,35399,test_a,1.5952109160045478,0.9355550192800971,-0.2606475136200306,21,1008,Origin-local observed-channel mean; does not replace pooled main metric
jena,BOLT_SMALL_LEVEL,LEVEL,v7_jena_level_res_92601,92601,35423,test_a,0.23096153073795733,0.296201374497272,-0.06750349594106424,21,1008,Origin-local observed-channel mean; does not replace pooled main metric
jena,BOLT_SMALL_LEVEL,LEVEL,v7_jena_level_res_92601,92601,35447,test_a,0.4861598794975935,0.4775289301926802,-0.2933892599650703,21,1008,Origin-local observed-channel mean; does not replace pooled main metric
jena,BOLT_SMALL_LEVEL,LEVEL,v7_jena_level_res_92601,92601,35471,test_a,0.8610777322779531,0.6396344498803264,-0.04793038170337532,21,1008,Origin-local observed-channel mean; does not replace pooled main metric
jena,BOLT_SMALL_LEVEL,LEVEL,v7_jena_level_res_92601,92601,35495,test_a,0.547255594018174,0.5865271810755421,0.155568818947474,21,1008,Origin-local observed-channel mean; does not replace pooled main metric
jena,BOLT_SMALL_LEVEL,LEVEL,v7_jena_level_res_92601,92601,35519,test_a,0.2980716526856034,0.41202660535770785,0.09030138151784842,21,1008,Origin-local observed-channel mean; does not replace pooled main metric
jena,BOLT_SMALL_LEVEL,LEVEL,v7_jena_level_res_92601,92601,35543,test_a,0.32930683657517923,0.38681051616154116,-0.09601473420145108,21,1008,Origin-local observed-channel mean; does not replace pooled main metric
jena,BOLT_SMALL_LEVEL,LEVEL,v7_jena_level_res_92601,92601,35567,test_a,0.3199307648319675,0.33392374452281126,-0.05057541822316125,21,1008,Origin-local observed-channel mean; does not replace pooled main metric
jena,BOLT_SMALL_LEVEL,LEVEL,v7_jena_level_res_92601,92601,35591,test_a,0.6401547797572709,0.5389527382563786,-0.32758095697407413,21,1008,Origin-local observed-channel mean; does not replace pooled main metric
jena,BOLT_SMALL_LEVEL,LEVEL,v7_jena_level_res_92601,92601,35615,test_a,0.8163966533390236,0.6356874321925081,-0.07813490987759979,21,1008,Origin-local observed-channel mean; does not replace pooled main metric
jena,BOLT_SMALL_LEVEL,LEVEL,v7_jena_level_res_92601,92601,35639,test_a,1.3499044470019692,0.8121429399102382,0.2865733550169684,21,1008,Origin-local observed-channel mean; does not replace pooled main metric
jena,BOLT_SMALL_LEVEL,LEVEL,v7_jena_level_res_92601,92601,35663,test_a,0.3505085023848099,0.4418985082843319,0.0332513082460551,21,1008,Origin-local observed-channel mean; does not replace pooled main metric
jena,BOLT_SMALL_LEVEL,LEVEL,v7_jena_level_res_92601,92601,35687,test_a,0.11985598321188204,0.1932498687551526,-0.09204019980992714,21,1008,Origin-local observed-channel mean; does not replace pooled main metric
jena,BOLT_SMALL_LEVEL,LEVEL,v7_jena_level_res_92601,92601,35711,test_a,0.16454185324454454,0.21571887326694741,-0.05927093635315061,21,1008,Origin-local observed-channel mean; does not replace pooled main metric
jena,BOLT_SMALL_LEVEL,LEVEL,v7_jena_level_res_92601,92601,35735,test_a,0.6298754390628841,0.5530629446220702,-0.1274375329448958,21,1008,Origin-local observed-channel mean; does not replace pooled main metric
jena,BOLT_SMALL_LEVEL,LEVEL,v7_jena_level_res_92601,92601,35759,test_a,1.4642832771847611,0.8383245290570481,-0.07943395092343776,21,1008,Origin-local observed-channel mean; does not replace pooled main metric
jena,BOLT_SMALL_LEVEL,LEVEL,v7_jena_level_res_92601,92601,35783,test_a,0.7341955784990261,0.6498946004070432,0.0765855837121813,21,1008,Origin-local observed-channel mean; does not replace pooled main metric
jena,BOLT_SMALL_LEVEL,LEVEL,v7_jena_level_res_92601,92601,35807,test_a,0.2824661558646653,0.4136368075353585,-0.048378587946076766,21,1008,Origin-local observed-channel mean; does not replace pooled main metric
jena,BOLT_SMALL_LEVEL,LEVEL,v7_jena_level_res_92601,92601,35831,test_a,0.6091063367918902,0.552441341553132,0.12067215439010254,21,1008,Origin-local observed-channel mean; does not replace pooled main metric
jena,BOLT_SMALL_LEVEL,LEVEL,v7_jena_level_res_92601,92601,35855,test_a,0.4196607743792848,0.37865893664910266,0.1201759738023467,21,1008,Origin-local observed-channel mean; does not replace pooled main metric
jena,BOLT_SMALL_LEVEL,LEVEL,v7_jena_level_res_92601,92601,35879,test_a,0.4981704188376627,0.4773192191662799,-0.0029201602640872228,21,1008,Origin-local observed-channel mean; does not replace pooled main metric
jena,BOLT_SMALL_LEVEL,LEVEL,v7_jena_level_res_92601,92601,35903,test_a,0.510681839524339,0.47997764884568156,0.09523817158806772,21,1008,Origin-local observed-channel mean; does not replace pooled main metric
jena,BOLT_SMALL_LEVEL,LEVEL,v7_jena_level_res_92601,92601,35927,test_a,0.5267168642480262,0.509513994892745,0.18648848293066425,21,1008,Origin-local observed-channel mean; does not replace pooled main metric
jena,BOLT_SMALL_LEVEL,LEVEL,v7_jena_level_res_92601,92601,35951,test_a,0.3620684414984473,0.40052814451371976,0.23598447315395338,21,1008,Origin-local observed-channel mean; does not replace pooled main metric
jena,BOLT_SMALL_LEVEL,LEVEL,v7_jena_level_res_92601,92601,35975,test_a,0.3767231754227816,0.39230211685346494,0.0882539342556912,21,1008,Origin-local observed-channel mean; does not replace pooled main metric
jena,BOLT_SMALL_LEVEL,LEVEL,v7_jena_level_res_92601,92601,35999,test_a,0.28843889245563037,0.38246899259577316,0.008392099507372694,21,1008,Origin-local observed-channel mean; does not replace pooled main metric
jena,BOLT_SMALL_LEVEL,LEVEL,v7_jena_level_res_92601,92601,36023,test_a,1.0200084210926537,0.6668999786364269,-0.29355836264715307,21,1008,Origin-local observed-channel mean; does not replace pooled main metric
jena,BOLT_SMALL_LEVEL,LEVEL,v7_jena_level_res_92601,92601,36047,test_a,0.41263363994027785,0.4926879860084026,0.008325979917052391,21,1008,Origin-local observed-channel mean; does not replace pooled main metric
jena,BOLT_SMALL_LEVEL,LEVEL,v7_jena_level_res_92601,92601,36071,test_a,0.5894971388338492,0.45666080391651676,0.1275381583485767,21,1008,Origin-local observed-channel mean; does not replace pooled main metric
jena,BOLT_SMALL_LEVEL,LEVEL,v7_jena_level_res_92601,92601,36095,test_a,0.5056900045463618,0.5458147425060382,0.15979993302515516,21,1008,Origin-local observed-channel mean; does not replace pooled main metric
jena,BOLT_SMALL_LEVEL,LEVEL,v7_jena_level_res_92601,92601,36119,test_a,0.2915448247322957,0.35908431575808203,-0.07646353917112315,21,1008,Origin-local observed-channel mean; does not replace pooled main metric
jena,BOLT_SMALL_LEVEL,LEVEL,v7_jena_level_res_92601,92601,36143,test_a,0.20668722195155145,0.3521300026154172,-0.2586946443486903,21,1008,Origin-local observed-channel mean; does not replace pooled main metric
jena,BOLT_SMALL_LEVEL,LEVEL,v7_jena_level_res_92601,92601,36167,test_a,1.062286832939549,0.6796316577667081,-0.34799994852541466,21,1008,Origin-local observed-channel mean; does not replace pooled main metric
jena,BOLT_SMALL_LEVEL,LEVEL,v7_jena_level_res_92601,92601,36191,test_a,0.8887831957044348,0.6938577487530386,-0.07906181920666963,21,1008,Origin-local observed-channel mean; does not replace pooled main metric
jena,BOLT_SMALL_LEVEL,LEVEL,v7_jena_level_res_92601,92601,36215,test_a,1.4129939763612338,0.7107144463423912,0.09516951865895415,21,1008,Origin-local observed-channel mean; does not replace pooled main metric
jena,BOLT_SMALL_LEVEL,LEVEL,v7_jena_level_res_92601,92601,36239,test_a,3.4156789124771776,1.1437250358216087,-0.3592698119949394,21,1008,Origin-local observed-channel mean; does not replace pooled main metric
jena,BOLT_SMALL_LEVEL,LEVEL,v7_jena_level_res_92601,92601,36263,test_a,2.9276392020129127,0.6198141354132474,-0.2930839504207676,21,1008,Origin-local observed-channel mean; does not replace pooled main metric
jena,BOLT_SMALL_LEVEL,LEVEL,v7_jena_level_res_92601,92601,36287,test_a,2.0494315628752244,0.571844308941056,-0.15314845373902083,21,1008,Origin-local observed-channel mean; does not replace pooled main metric
jena,BOLT_SMALL_LEVEL,LEVEL,v7_jena_level_res_92601,92601,36311,test_a,1.9024208464316756,0.7393645672554923,0.41863608305062544,21,1008,Origin-local observed-channel mean; does not replace pooled main metric
jena,BOLT_SMALL_LEVEL,LEVEL,v7_jena_level_res_92601,92601,36335,test_a,1.1400243588390677,0.6609327797426857,0.16867697963145534,21,1008,Origin-local observed-channel mean; does not replace pooled main metric
jena,BOLT_SMALL_LEVEL,LEVEL,v7_jena_level_res_92601,92601,36359,test_a,2.9987063993139307,0.9303751013221845,0.46689114627628847,21,1008,Origin-local observed-channel mean; does not replace pooled main metric
jena,BOLT_SMALL_LEVEL,LEVEL,v7_jena_level_res_92601,92601,36383,test_a,1.2913843269090468,0.4717401962371364,0.17706618746680242,21,1008,Origin-local observed-channel mean; does not replace pooled main metric
jena,BOLT_SMALL_LEVEL,LEVEL,v7_jena_level_res_92601,92601,36407,test_a,0.11822351553336483,0.23785353889644964,-0.008950439594858809,21,1008,Origin-local observed-channel mean; does not replace pooled main metric
jena,BOLT_SMALL_LEVEL,LEVEL,v7_jena_level_res_92601,92601,36431,test_a,0.30237665236540945,0.25628222553738544,0.0116553231507876,21,1008,Origin-local observed-channel mean; does not replace pooled main metric
jena,BOLT_SMALL_LEVEL,LEVEL,v7_jena_level_res_92601,92601,36455,test_a,0.6149097192088628,0.5241333703613944,0.04334817032582896,21,1008,Origin-local observed-channel mean; does not replace pooled main metric
jena,BOLT_SMALL_LEVEL,LEVEL,v7_jena_level_res_92601,92601,36479,test_a,0.2997796930749013,0.44974645130862456,0.21257505120673964,21,1008,Origin-local observed-channel mean; does not replace pooled main metric
jena,BOLT_SMALL_LEVEL,LEVEL,v7_jena_level_res_92601,92601,36503,test_a,0.35756104510584585,0.370365576816853,0.25488494647611837,21,1008,Origin-local observed-channel mean; does not replace pooled main metric
jena,BOLT_SMALL_LEVEL,LEVEL,v7_jena_level_res_92601,92601,36527,test_a,0.22371679586997328,0.3538592037271767,0.20767784755425675,21,1008,Origin-local observed-channel mean; does not replace pooled main metric
jena,BOLT_SMALL_LEVEL,LEVEL,v7_jena_level_res_92601,92601,36551,test_a,0.46093986947544524,0.44562982371293297,-0.027597257469923274,21,1008,Origin-local observed-channel mean; does not replace pooled main metric
jena,BOLT_SMALL_LEVEL,LEVEL,v7_jena_level_res_92601,92601,36575,test_a,0.2116462612737929,0.3269850590323217,-0.01858227010764435,21,1008,Origin-local observed-channel mean; does not replace pooled main metric
jena,BOLT_SMALL_LEVEL,LEVEL,v7_jena_level_res_92601,92601,36599,test_a,0.49930232089857507,0.336747848668084,-0.1009896283420468,21,1008,Origin-local observed-channel mean; does not replace pooled main metric
jena,BOLT_SMALL_LEVEL,LEVEL,v7_jena_level_res_92601,92601,36623,test_a,0.9627894372760617,0.5167205932648068,0.15091058680887467,21,1008,Origin-local observed-channel mean; does not replace pooled main metric
jena,BOLT_SMALL_LEVEL,LEVEL,v7_jena_level_res_92601,92601,36647,test_a,0.27126538383696924,0.37756844884983914,0.327126313985366,21,1008,Origin-local observed-channel mean; does not replace pooled main metric
jena,BOLT_SMALL_LEVEL,LEVEL,v7_jena_level_res_92601,92601,36671,test_a,0.1351510615384851,0.29137645700543624,0.17901361583536193,21,1008,Origin-local observed-channel mean; does not replace pooled main metric
jena,BOLT_SMALL_LEVEL,LEVEL,v7_jena_level_res_92601,92601,36695,test_a,0.14734409729503467,0.3038563450139889,0.1938662564570699,21,1008,Origin-local observed-channel mean; does not replace pooled main metric
jena,BOLT_SMALL_LEVEL,LEVEL,v7_jena_level_res_92601,92601,36719,test_a,0.23214808308497034,0.30580837019296886,0.09529240215408843,21,1008,Origin-local observed-channel mean; does not replace pooled main metric
jena,BOLT_SMALL_LEVEL,LEVEL,v7_jena_level_res_92601,92601,36743,test_a,0.2853877464314995,0.35060377611576793,-0.1633423762196178,21,1008,Origin-local observed-channel mean; does not replace pooled main metric
jena,BOLT_SMALL_LEVEL,LEVEL,v7_jena_level_res_92601,92601,36767,test_a,0.5330140235954266,0.559869334930501,-0.11728214365131054,21,1008,Origin-local observed-channel mean; does not replace pooled main metric
jena,BOLT_SMALL_LEVEL,LEVEL,v7_jena_level_res_92601,92601,36791,test_a,0.20166329350367962,0.28456909798010854,0.002872676668514951,21,1008,Origin-local observed-channel mean; does not replace pooled main metric
jena,BOLT_SMALL_LEVEL,LEVEL,v7_jena_level_res_92601,92601,36815,test_a,0.3148569900019463,0.3920040017090662,0.18281828723203425,21,1008,Origin-local observed-channel mean; does not replace pooled main metric
jena,BOLT_SMALL_LEVEL,LEVEL,v7_jena_level_res_92601,92601,36839,test_a,0.3745398236226234,0.3986025687102931,0.07945609965965905,21,1008,Origin-local observed-channel mean; does not replace pooled main metric
jena,BOLT_SMALL_LEVEL,LEVEL,v7_jena_level_res_92601,92601,36863,test_a,0.2814609081013539,0.3613496466009926,0.01052914381129777,21,1008,Origin-local observed-channel mean; does not replace pooled main metric
jena,BOLT_SMALL_LEVEL,LEVEL,v7_jena_level_res_92601,92601,36887,test_a,0.28873479277934466,0.3848998193568568,-0.1735296909346722,21,1008,Origin-local observed-channel mean; does not replace pooled main metric
jena,BOLT_SMALL_LEVEL,LEVEL,v7_jena_level_res_92601,92601,36911,test_a,0.4139366338631702,0.45285279451006016,-0.0797794828465576,21,1008,Origin-local observed-channel mean; does not replace pooled main metric
jena,BOLT_SMALL_LEVEL,LEVEL,v7_jena_level_res_92601,92601,36935,test_a,0.5347261686370289,0.3749067353085608,-0.004561231919935722,21,1008,Origin-local observed-channel mean; does not replace pooled main metric
jena,BOLT_SMALL_LEVEL,LEVEL,v7_jena_level_res_92601,92601,36959,test_a,0.4028500988161404,0.34362753334010315,-0.06356364527695521,21,1008,Origin-local observed-channel mean; does not replace pooled main metric
jena,BOLT_SMALL_LEVEL,LEVEL,v7_jena_level_res_92601,92601,36983,test_a,0.05472677403595143,0.16487218610200213,-0.02022728668903472,21,1008,Origin-local observed-channel mean; does not replace pooled main metric
jena,BOLT_SMALL_LEVEL,LEVEL,v7_jena_level_res_92601,92601,37007,test_a,0.05670051089719784,0.16431716514142908,0.04252255585385091,21,1008,Origin-local observed-channel mean; does not replace pooled main metric
jena,BOLT_SMALL_LEVEL,LEVEL,v7_jena_level_res_92601,92601,37031,test_a,0.31247718102212824,0.31305477187486264,-0.025793342188124024,21,1008,Origin-local observed-channel mean; does not replace pooled main metric
jena,BOLT_SMALL_LEVEL,LEVEL,v7_jena_level_res_92601,92601,37055,test_a,0.8260836289267954,0.5900845602050789,-0.07878328482033722,21,1008,Origin-local observed-channel mean; does not replace pooled main metric
jena,BOLT_SMALL_LEVEL,LEVEL,v7_jena_level_res_92601,92601,37079,test_a,0.29002990628567415,0.39495414442087295,-0.008567529743210064,21,1008,Origin-local observed-channel mean; does not replace pooled main metric
jena,BOLT_SMALL_LEVEL,LEVEL,v7_jena_level_res_92601,92601,37103,test_a,0.46614005299298505,0.44881551412761783,0.2012836797328433,21,1008,Origin-local observed-channel mean; does not replace pooled main metric
jena,BOLT_SMALL_LEVEL,LEVEL,v7_jena_level_res_92601,92601,37127,test_a,0.09877604340881077,0.21492056559301484,-0.10469700016498486,21,1008,Origin-local observed-channel mean; does not replace pooled main metric
jena,BOLT_SMALL_LEVEL,LEVEL,v7_jena_level_res_92601,92601,37151,test_a,0.07195841743725266,0.2090590078545834,-0.07847612866062842,21,1008,Origin-local observed-channel mean; does not replace pooled main metric
jena,BOLT_SMALL_LEVEL,LEVEL,v7_jena_level_res_92601,92601,37175,test_a,0.16411049556060653,0.20162162469961684,-0.03141540217060653,21,1008,Origin-local observed-channel mean; does not replace pooled main metric
jena,BOLT_SMALL_LEVEL,LEVEL,v7_jena_level_res_92601,92601,37199,test_a,0.6724099357664342,0.5335526086927862,-0.15390125919328146,21,1008,Origin-local observed-channel mean; does not replace pooled main metric
jena,BOLT_SMALL_LEVEL,LEVEL,v7_jena_level_res_92601,92601,37223,test_a,0.39063648673302254,0.43783457176842994,0.020708911152305238,21,1008,Origin-local observed-channel mean; does not replace pooled main metric
jena,BOLT_SMALL_LEVEL,LEVEL,v7_jena_level_res_92601,92601,37247,test_a,0.4297713419747705,0.4258416114214,0.06682535703190037,21,1008,Origin-local observed-channel mean; does not replace pooled main metric
jena,BOLT_SMALL_LEVEL,LEVEL,v7_jena_level_res_92601,92601,37271,test_a,0.4399104243762087,0.44033508761016754,-0.08680341999512627,21,1008,Origin-local observed-channel mean; does not replace pooled main metric
jena,BOLT_SMALL_LEVEL,LEVEL,v7_jena_level_res_92601,92601,37295,test_a,0.1076816357731192,0.19115267139221986,-0.04940742941569567,21,1008,Origin-local observed-channel mean; does not replace pooled main metric
jena,BOLT_SMALL_LEVEL,LEVEL,v7_jena_level_res_92601,92601,37319,test_a,0.2136439753502703,0.2094272663390069,-0.08098712179142038,21,1008,Origin-local observed-channel mean; does not replace pooled main metric
jena,BOLT_SMALL_LEVEL,LEVEL,v7_jena_level_res_92601,92601,37343,test_a,0.24787899501119176,0.22460937889402327,0.016204494261829603,21,1008,Origin-local observed-channel mean; does not replace pooled main metric
jena,BOLT_SMALL_LEVEL,LEVEL,v7_jena_level_res_92601,92601,37367,test_a,0.2324855311292714,0.30997447429382147,0.10604959050853348,21,1008,Origin-local observed-channel mean; does not replace pooled main metric
jena,BOLT_SMALL_LEVEL,LEVEL,v7_jena_level_res_92601,92601,37391,test_a,0.08546296051220606,0.19626428975364738,-0.05675624857002054,21,1008,Origin-local observed-channel mean; does not replace pooled main metric
jena,BOLT_SMALL_LEVEL,LEVEL,v7_jena_level_res_92601,92601,37415,test_a,0.3713833311368411,0.34520375807037385,0.011994446004257676,21,1008,Origin-local observed-channel mean; does not replace pooled main metric
jena,BOLT_SMALL_LEVEL,LEVEL,v7_jena_level_res_92601,92601,37439,test_a,0.4948301100099349,0.4535755358852579,-0.09233484226777881,21,1008,Origin-local observed-channel mean; does not replace pooled main metric
jena,BOLT_SMALL_LEVEL,LEVEL,v7_jena_level_res_92601,92601,37463,test_a,0.31801893499001993,0.3559371066756226,-0.14302251884094272,21,1008,Origin-local observed-channel mean; does not replace pooled main metric
jena,BOLT_SMALL_LEVEL,LEVEL,v7_jena_level_res_92601,92601,37487,test_a,0.4906222878554356,0.5332757869964264,-0.343090271503671,21,1008,Origin-local observed-channel mean; does not replace pooled main metric
jena,BOLT_SMALL_LEVEL,LEVEL,v7_jena_level_res_92601,92601,37511,test_a,0.23659134754204453,0.33589585059212007,-0.020277939118617687,21,1008,Origin-local observed-channel mean; does not replace pooled main metric
jena,BOLT_SMALL_LEVEL,LEVEL,v7_jena_level_res_92601,92601,37535,test_a,0.24937102449153312,0.2863540928802751,-0.0024045214955722718,21,1008,Origin-local observed-channel mean; does not replace pooled main metric
jena,BOLT_SMALL_LEVEL,LEVEL,v7_jena_level_res_92601,92601,37559,test_a,0.398003677711313,0.2679309384186617,-0.11704951702856871,21,1008,Origin-local observed-channel mean; does not replace pooled main metric
jena,BOLT_SMALL_LEVEL,LEVEL,v7_jena_level_res_92601,92601,37583,test_a,0.1949518107989313,0.24840213261585825,-0.06109017484795047,21,1008,Origin-local observed-channel mean; does not replace pooled main metric
jena,BOLT_SMALL_LEVEL,LEVEL,v7_jena_level_res_92601,92601,37607,test_a,0.32484918747351116,0.31327638165939353,-0.12892801440131502,21,1008,Origin-local observed-channel mean; does not replace pooled main metric
jena,BOLT_SMALL_LEVEL,LEVEL,v7_jena_level_res_92601,92601,37631,test_a,0.627434896570009,0.5223099658580308,-0.3064782774541989,21,1008,Origin-local observed-channel mean; does not replace pooled main metric
jena,BOLT_SMALL_LEVEL,LEVEL,v7_jena_level_res_92601,92601,37655,test_a,0.6742196120215921,0.5169193704935005,0.18373073454870517,21,1008,Origin-local observed-channel mean; does not replace pooled main metric
jena,BOLT_SMALL_LEVEL,LEVEL,v7_jena_level_res_92601,92601,37679,test_a,0.705011735877564,0.6305333543402541,0.2556364289521876,21,1008,Origin-local observed-channel mean; does not replace pooled main metric
jena,BOLT_SMALL_LEVEL,LEVEL,v7_jena_level_res_92601,92601,37703,test_a,0.32282237062283553,0.29510954005973106,0.0032087623748959728,21,1008,Origin-local observed-channel mean; does not replace pooled main metric
jena,BOLT_SMALL_LEVEL,LEVEL,v7_jena_level_res_92601,92601,37727,test_a,0.5370775160633935,0.30155322026812,-0.05993324947081012,21,1008,Origin-local observed-channel mean; does not replace pooled main metric
jena,BOLT_SMALL_LEVEL,LEVEL,v7_jena_level_res_92601,92601,37751,test_a,0.5131141404958319,0.42069366612029996,-0.21001571134824878,21,1008,Origin-local observed-channel mean; does not replace pooled main metric
jena,BOLT_SMALL_LEVEL,LEVEL,v7_jena_level_res_92601,92601,37775,test_a,0.8192075480732968,0.6437102126365063,-0.30145256294977907,21,1008,Origin-local observed-channel mean; does not replace pooled main metric
jena,BOLT_SMALL_LEVEL,LEVEL,v7_jena_level_res_92601,92601,37799,test_a,0.34628929250031115,0.45489415582611287,0.09700903500520833,21,1008,Origin-local observed-channel mean; does not replace pooled main metric
jena,BOLT_SMALL_LEVEL,LEVEL,v7_jena_level_res_92601,92601,37823,test_a,0.22033859209268986,0.3185167896357135,0.1462890256269251,21,1008,Origin-local observed-channel mean; does not replace pooled main metric
jena,BOLT_SMALL_LEVEL,LEVEL,v7_jena_level_res_92601,92601,37847,test_a,0.34221334848733576,0.29048578625721383,0.021359856483214246,21,1008,Origin-local observed-channel mean; does not replace pooled main metric
jena,BOLT_SMALL_LEVEL,LEVEL,v7_jena_level_res_92601,92601,37871,test_a,0.2794389170454967,0.3290273593559664,0.03792315756309397,21,1008,Origin-local observed-channel mean; does not replace pooled main metric
jena,BOLT_SMALL_LEVEL,LEVEL,v7_jena_level_res_92601,92601,37895,test_a,0.79926695729363,0.6134196289547992,-0.13115964710411235,21,1008,Origin-local observed-channel mean; does not replace pooled main metric
jena,BOLT_SMALL_LEVEL,LEVEL,v7_jena_level_res_92601,92601,37919,test_a,0.5600332593581117,0.5595228357244254,-0.12494460379313088,21,1008,Origin-local observed-channel mean; does not replace pooled main metric
jena,BOLT_SMALL_LEVEL,LEVEL,v7_jena_level_res_92601,92601,37943,test_a,0.3310074536568489,0.4064385998210618,0.08970085069507597,21,1008,Origin-local observed-channel mean; does not replace pooled main metric
jena,BOLT_SMALL_LEVEL,LEVEL,v7_jena_level_res_92601,92601,37967,test_a,0.4178510033967441,0.4351150876173052,0.1279949352530012,21,1008,Origin-local observed-channel mean; does not replace pooled main metric
jena,BOLT_SMALL_LEVEL,LEVEL,v7_jena_level_res_92601,92601,37991,test_a,0.5677777491932594,0.48552540913760095,-0.007508893144808494,21,1008,Origin-local observed-channel mean; does not replace pooled main metric
jena,BOLT_SMALL_LEVEL,LEVEL,v7_jena_level_res_92601,92601,38015,test_a,0.28862318695478323,0.3007980620676544,-0.004156597484585031,21,1008,Origin-local observed-channel mean; does not replace pooled main metric
jena,BOLT_SMALL_LEVEL,LEVEL,v7_jena_level_res_92601,92601,38039,test_a,0.6216920794200134,0.5102503327232423,-0.2330169552444695,21,1008,Origin-local observed-channel mean; does not replace pooled main metric
jena,BOLT_SMALL_LEVEL,LEVEL,v7_jena_level_res_92601,92601,38063,test_a,0.6914932531593573,0.6261724181111076,-0.057506456967472794,21,1008,Origin-local observed-channel mean; does not replace pooled main metric
jena,BOLT_SMALL_LEVEL,LEVEL,v7_jena_level_res_92601,92601,38087,test_a,0.6174652579840811,0.5218793300025735,0.11010605806627106,21,1008,Origin-local observed-channel mean; does not replace pooled main metric
jena,BOLT_SMALL_LEVEL,LEVEL,v7_jena_level_res_92601,92601,38111,test_a,0.24425882962397477,0.3165024624185106,0.08558424074022149,21,1008,Origin-local observed-channel mean; does not replace pooled main metric
jena,BOLT_SMALL_LEVEL,LEVEL,v7_jena_level_res_92601,92601,38135,test_a,0.36537737929167874,0.4399989839235672,-0.05012051813265851,21,1008,Origin-local observed-channel mean; does not replace pooled main metric
jena,BOLT_SMALL_LEVEL,LEVEL,v7_jena_level_res_92601,92601,38159,test_a,0.12590523094383238,0.19665708839654275,-0.08884893425218049,21,1008,Origin-local observed-channel mean; does not replace pooled main metric
jena,BOLT_SMALL_LEVEL,LEVEL,v7_jena_level_res_92601,92601,38183,test_a,0.24742418306473996,0.3150418982032635,-0.051865769375119324,21,1008,Origin-local observed-channel mean; does not replace pooled main metric
jena,BOLT_SMALL_LEVEL,LEVEL,v7_jena_level_res_92601,92601,38207,test_a,0.9781685403738959,0.7311444709009106,-0.07058038922407413,21,1008,Origin-local observed-channel mean; does not replace pooled main metric
jena,BOLT_SMALL_LEVEL,LEVEL,v7_jena_level_res_92601,92601,38231,test_a,0.5857429743528789,0.5006071663505974,0.2456677491658382,21,1008,Origin-local observed-channel mean; does not replace pooled main metric
jena,BOLT_SMALL_LEVEL,LEVEL,v7_jena_level_res_92601,92601,38255,test_a,0.44129053498444387,0.46915417976861284,0.04915094924725717,21,1008,Origin-local observed-channel mean; does not replace pooled main metric
jena,BOLT_SMALL_LEVEL,LEVEL,v7_jena_level_res_92601,92601,38279,test_a,0.13732631103824988,0.21855610021183175,-0.1241403608377628,21,1008,Origin-local observed-channel mean; does not replace pooled main metric
jena,BOLT_SMALL_LEVEL,LEVEL,v7_jena_level_res_92601,92601,38303,test_a,0.1113385453902508,0.24456795997849393,-0.13056752595213536,21,1008,Origin-local observed-channel mean; does not replace pooled main metric
jena,BOLT_SMALL_LEVEL,LEVEL,v7_jena_level_res_92601,92601,38327,test_a,0.2364781231451192,0.3608304222988885,-0.1773553276861859,21,1008,Origin-local observed-channel mean; does not replace pooled main metric
jena,BOLT_SMALL_LEVEL,LEVEL,v7_jena_level_res_92601,92601,38351,test_a,0.442954062879006,0.4759580963674659,-0.022220031744966826,21,1008,Origin-local observed-channel mean; does not replace pooled main metric
jena,BOLT_SMALL_LEVEL,LEVEL,v7_jena_level_res_92601,92601,38375,test_a,0.5083749278604202,0.5155334089113961,0.08788711341497088,21,1008,Origin-local observed-channel mean; does not replace pooled main metric
jena,BOLT_SMALL_LEVEL,LEVEL,v7_jena_level_res_92601,92601,38399,test_a,0.3109828761696387,0.3984837809161585,-0.11190329790833713,21,1008,Origin-local observed-channel mean; does not replace pooled main metric
jena,BOLT_SMALL_LEVEL,LEVEL,v7_jena_level_res_92601,92601,38423,test_a,0.6438280132878175,0.44293864860441007,-0.22107585146688277,21,1008,Origin-local observed-channel mean; does not replace pooled main metric
jena,BOLT_SMALL_LEVEL,LEVEL,v7_jena_level_res_92601,92601,38447,test_a,1.126855919083733,0.5742447662632912,-0.23947683215096943,21,1008,Origin-local observed-channel mean; does not replace pooled main metric
jena,BOLT_SMALL_LEVEL,LEVEL,v7_jena_level_res_92601,92601,38471,test_a,0.5896649027444963,0.4602062311427693,0.26635491072143874,21,1008,Origin-local observed-channel mean; does not replace pooled main metric
jena,BOLT_SMALL_LEVEL,LEVEL,v7_jena_level_res_92601,92601,38495,test_a,1.4437485716449017,0.6764343495483951,0.15278522780008935,21,1008,Origin-local observed-channel mean; does not replace pooled main metric
jena,BOLT_SMALL_LEVEL,LEVEL,v7_jena_level_res_92601,92601,38519,test_a,0.2463123823977879,0.32939566553123145,0.10475021756220874,21,1008,Origin-local observed-channel mean; does not replace pooled main metric
jena,BOLT_SMALL_LEVEL,LEVEL,v7_jena_level_res_92601,92601,38543,test_a,0.19849185243457115,0.3472245792707702,0.24152904001317754,21,1008,Origin-local observed-channel mean; does not replace pooled main metric
jena,BOLT_SMALL_LEVEL,LEVEL,v7_jena_level_res_92601,92601,38567,test_a,0.08572044601779417,0.1613481680538999,0.060306941346974036,21,1008,Origin-local observed-channel mean; does not replace pooled main metric
jena,BOLT_SMALL_LEVEL,LEVEL,v7_jena_level_res_92601,92601,38591,test_a,0.171997647051819,0.30676593934174257,0.14989248873831773,21,1008,Origin-local observed-channel mean; does not replace pooled main metric
jena,BOLT_SMALL_LEVEL,LEVEL,v7_jena_level_res_92601,92601,38615,test_a,0.49802830742575,0.4436865223402233,-0.1966539800090513,21,1008,Origin-local observed-channel mean; does not replace pooled main metric
jena,BOLT_SMALL_LEVEL,LEVEL,v7_jena_level_res_92601,92601,38639,test_a,0.21671021134398777,0.30177937680861167,-0.1611040717221003,21,1008,Origin-local observed-channel mean; does not replace pooled main metric
jena,BOLT_SMALL_LEVEL,LEVEL,v7_jena_level_res_92601,92601,38663,test_a,0.14067033055315797,0.20977889654865964,0.06092944583164469,21,1008,Origin-local observed-channel mean; does not replace pooled main metric
jena,BOLT_SMALL_LEVEL,LEVEL,v7_jena_level_res_92601,92601,38687,test_a,0.13956603653732255,0.20258712632090062,0.06019292039231265,21,1008,Origin-local observed-channel mean; does not replace pooled main metric
jena,BOLT_SMALL_LEVEL,LEVEL,v7_jena_level_res_92601,92601,38711,test_a,0.20845438743593578,0.30195137654525406,0.12947164245905163,21,1008,Origin-local observed-channel mean; does not replace pooled main metric
jena,BOLT_SMALL_LEVEL,LEVEL,v7_jena_level_res_92601,92601,38735,test_a,0.4483541968505373,0.42414056436188285,0.04362623039023241,21,1008,Origin-local observed-channel mean; does not replace pooled main metric
jena,BOLT_SMALL_LEVEL,LEVEL,v7_jena_level_res_92601,92601,38759,test_a,0.26288513973753475,0.28979068752470544,-0.16633414675078395,21,1008,Origin-local observed-channel mean; does not replace pooled main metric
jena,BOLT_SMALL_LEVEL,LEVEL,v7_jena_level_res_92601,92601,38783,test_a,0.44954188237139625,0.5147883284648056,-0.15425638116322,21,1008,Origin-local observed-channel mean; does not replace pooled main metric
jena,BOLT_SMALL_LEVEL,LEVEL,v7_jena_level_res_92601,92601,38807,test_a,0.5475977371261642,0.37578075253386195,-0.060008731392112415,21,1008,Origin-local observed-channel mean; does not replace pooled main metric
jena,BOLT_SMALL_LEVEL,LEVEL,v7_jena_level_res_92601,92601,38831,test_a,0.6413626507736802,0.46153790324036786,-0.01901494154783126,21,1008,Origin-local observed-channel mean; does not replace pooled main metric
jena,BOLT_SMALL_LEVEL,LEVEL,v7_jena_level_res_92601,92601,38855,test_a,0.5052706986184143,0.4251204612443026,0.20095529159049788,21,1008,Origin-local observed-channel mean; does not replace pooled main metric
jena,BOLT_SMALL_LEVEL,LEVEL,v7_jena_level_res_92601,92601,38879,test_a,0.26981272422260766,0.3654842361544965,0.2706538928542859,21,1008,Origin-local observed-channel mean; does not replace pooled main metric
jena,BOLT_SMALL_LEVEL,LEVEL,v7_jena_level_res_92601,92601,38903,test_a,0.8619063974212803,0.47933398474179706,-0.21197570960355244,21,1008,Origin-local observed-channel mean; does not replace pooled main metric
jena,BOLT_SMALL_LEVEL,LEVEL,v7_jena_level_res_92601,92601,38927,test_a,0.8369482957958058,0.5264716186738084,-0.30866551154573996,21,1008,Origin-local observed-channel mean; does not replace pooled main metric
jena,BOLT_SMALL_LEVEL,LEVEL,v7_jena_level_res_92601,92601,38951,test_a,0.4896232640143804,0.47547381782316656,0.0008329602230029669,21,1008,Origin-local observed-channel mean; does not replace pooled main metric
jena,BOLT_SMALL_LEVEL,LEVEL,v7_jena_level_res_92601,92601,38975,test_a,0.6356958108561748,0.5211943343121876,0.3053646520699499,21,1008,Origin-local observed-channel mean; does not replace pooled main metric
jena,BOLT_SMALL_LEVEL,LEVEL,v7_jena_level_res_92601,92601,38999,test_a,0.22623791627766224,0.27926467917318193,0.09800021889718448,21,1008,Origin-local observed-channel mean; does not replace pooled main metric
jena,BOLT_SMALL_LEVEL,LEVEL,v7_jena_level_res_92601,92601,39023,test_a,0.20693089906706402,0.2803704622917091,-0.015831162732259447,21,1008,Origin-local observed-channel mean; does not replace pooled main metric
jena,BOLT_SMALL_LEVEL,LEVEL,v7_jena_level_res_92601,92601,39047,test_a,0.5857605867336263,0.4860780833788874,-0.018956542517232264,21,1008,Origin-local observed-channel mean; does not replace pooled main metric
jena,BOLT_SMALL_LEVEL,LEVEL,v7_jena_level_res_92601,92601,39071,test_a,0.5038858701898707,0.4381894985384832,-0.04601894951700536,21,1008,Origin-local observed-channel mean; does not replace pooled main metric
jena,BOLT_SMALL_LEVEL,LEVEL,v7_jena_level_res_92601,92601,39095,test_a,0.49784466195692756,0.5104974112757105,0.2060088651471002,21,1008,Origin-local observed-channel mean; does not replace pooled main metric
jena,BOLT_SMALL_LEVEL,LEVEL,v7_jena_level_res_92601,92601,39119,test_a,0.3122650098790561,0.4388483712237281,0.21413308208595105,21,1008,Origin-local observed-channel mean; does not replace pooled main metric
jena,BOLT_SMALL_LEVEL,LEVEL,v7_jena_level_res_92601,92601,39143,test_a,0.18175626547866347,0.26431889944964615,0.06324948743996277,21,1008,Origin-local observed-channel mean; does not replace pooled main metric
jena,BOLT_SMALL_LEVEL,LEVEL,v7_jena_level_res_92601,92601,39167,test_a,0.19793269318545234,0.3206789661652736,0.11209837914666713,21,1008,Origin-local observed-channel mean; does not replace pooled main metric
jena,BOLT_SMALL_LEVEL,LEVEL,v7_jena_level_res_92601,92601,39191,test_a,0.489983270389767,0.4541526508117039,-0.050771448992438524,21,1008,Origin-local observed-channel mean; does not replace pooled main metric
jena,BOLT_SMALL_LEVEL,LEVEL,v7_jena_level_res_92601,92601,39215,test_a,0.3441136511035519,0.3977627643045188,0.053047405103926505,21,1008,Origin-local observed-channel mean; does not replace pooled main metric
jena,BOLT_SMALL_LEVEL,LEVEL,v7_jena_level_res_92601,92601,39239,test_a,0.3313758566102843,0.41388915183929453,0.06894274203382558,21,1008,Origin-local observed-channel mean; does not replace pooled main metric
jena,BOLT_SMALL_LEVEL,LEVEL,v7_jena_level_res_92601,92601,39263,test_a,0.1643556656875433,0.2863456188280134,-0.06351491350735865,21,1008,Origin-local observed-channel mean; does not replace pooled main metric
jena,BOLT_SMALL_LEVEL,LEVEL,v7_jena_level_res_92601,92601,39287,test_a,0.08389823325897428,0.19236399849717692,-0.0064313125878275685,21,1008,Origin-local observed-channel mean; does not replace pooled main metric
jena,BOLT_SMALL_LEVEL,LEVEL,v7_jena_level_res_92601,92601,39311,test_a,0.13834643366560564,0.2453580636804598,0.08039020902166766,21,1008,Origin-local observed-channel mean; does not replace pooled main metric
jena,BOLT_SMALL_LEVEL,LEVEL,v7_jena_level_res_92601,92601,39335,test_a,0.4113219376884615,0.3611874830268414,-0.11255267604127088,21,1008,Origin-local observed-channel mean; does not replace pooled main metric
jena,BOLT_SMALL_LEVEL,LEVEL,v7_jena_level_res_92601,92601,39359,test_a,0.9639223701900952,0.6999928015244252,-0.2804593540327077,21,1008,Origin-local observed-channel mean; does not replace pooled main metric
jena,BOLT_SMALL_LEVEL,LEVEL,v7_jena_level_res_92601,92601,39383,test_a,0.20704519161114973,0.2906383191321867,0.12639677777948988,21,1008,Origin-local observed-channel mean; does not replace pooled main metric
jena,BOLT_SMALL_LEVEL,LEVEL,v7_jena_level_res_92601,92601,39407,test_a,0.2573752651993693,0.22917571440167012,-0.10084176170904169,21,1008,Origin-local observed-channel mean; does not replace pooled main metric
jena,BOLT_SMALL_LEVEL,LEVEL,v7_jena_level_res_92601,92601,39431,test_a,0.4291896594217067,0.37061285296999447,-0.16073444718616278,21,1008,Origin-local observed-channel mean; does not replace pooled main metric
jena,BOLT_SMALL_LEVEL,LEVEL,v7_jena_level_res_92601,92601,39455,test_a,0.4740209456336237,0.4177438523950673,-0.03666385500400795,21,1008,Origin-local observed-channel mean; does not replace pooled main metric
jena,BOLT_SMALL_LEVEL,LEVEL,v7_jena_level_res_92601,92601,39479,test_a,0.47134783389563656,0.4038102910301874,-0.1830732559003139,21,1008,Origin-local observed-channel mean; does not replace pooled main metric
jena,BOLT_SMALL_LEVEL,LEVEL,v7_jena_level_res_92601,92601,39503,test_a,0.565737673987723,0.5015410120919577,-0.2517620629967294,21,1008,Origin-local observed-channel mean; does not replace pooled main metric
jena,BOLT_SMALL_LEVEL,LEVEL,v7_jena_level_res_92601,92601,39527,test_a,0.30525472773003404,0.3821910267297571,0.1458329659538336,21,1008,Origin-local observed-channel mean; does not replace pooled main metric
jena,BOLT_SMALL_LEVEL,LEVEL,v7_jena_level_res_92601,92601,39551,test_a,0.2109018464430588,0.24449866302194775,0.09308789779577864,21,1008,Origin-local observed-channel mean; does not replace pooled main metric
jena,BOLT_SMALL_LEVEL,LEVEL,v7_jena_level_res_92601,92601,39575,test_a,0.25846253040524964,0.2958485696700726,0.0969037594432949,21,1008,Origin-local observed-channel mean; does not replace pooled main metric
jena,BOLT_SMALL_LEVEL,LEVEL,v7_jena_level_res_92601,92601,39599,test_a,0.14287036837783434,0.24665691047330113,-0.0230296821955851,21,1008,Origin-local observed-channel mean; does not replace pooled main metric
jena,BOLT_SMALL_LEVEL,LEVEL,v7_jena_level_res_92601,92601,39623,test_a,0.24595091411643222,0.3316851175683647,-0.15313247654009343,21,1008,Origin-local observed-channel mean; does not replace pooled main metric
jena,BOLT_SMALL_LEVEL,LEVEL,v7_jena_level_res_92601,92601,39647,test_a,0.7025071375443862,0.41347532179416796,-0.14357747454443365,21,1008,Origin-local observed-channel mean; does not replace pooled main metric
jena,BOLT_SMALL_LEVEL,LEVEL,v7_jena_level_res_92601,92601,39671,test_a,0.7838816967961909,0.5062532932957795,0.05036630721004921,21,1008,Origin-local observed-channel mean; does not replace pooled main metric
jena,BOLT_SMALL_LEVEL,LEVEL,v7_jena_level_res_92601,92601,39695,test_a,0.4535667123914696,0.45783841540296194,0.19166125284986235,21,1008,Origin-local observed-channel mean; does not replace pooled main metric
jena,BOLT_SMALL_LEVEL,LEVEL,v7_jena_level_res_92601,92601,39719,test_a,0.3146899163073747,0.31344294657797683,0.09040576370344275,21,1008,Origin-local observed-channel mean; does not replace pooled main metric
jena,BOLT_SMALL_LEVEL,LEVEL,v7_jena_level_res_92601,92601,39743,test_a,0.24598977124146088,0.29430555516210877,0.014142170916163602,21,1008,Origin-local observed-channel mean; does not replace pooled main metric
jena,BOLT_SMALL_LEVEL,LEVEL,v7_jena_level_res_92601,92601,39767,test_a,0.35807566481436454,0.2899179981966679,-0.10812286837809218,21,1008,Origin-local observed-channel mean; does not replace pooled main metric
jena,BOLT_SMALL_LEVEL,LEVEL,v7_jena_level_res_92601,92601,39791,test_a,0.5967882227881917,0.4997819371789615,-0.10830915298643842,21,1008,Origin-local observed-channel mean; does not replace pooled main metric
jena,BOLT_SMALL_LEVEL,LEVEL,v7_jena_level_res_92601,92601,39815,test_a,0.5335289480697322,0.46174262758387835,0.06869388768418935,21,1008,Origin-local observed-channel mean; does not replace pooled main metric
jena,BOLT_SMALL_LEVEL,LEVEL,v7_jena_level_res_92601,92601,39839,test_a,0.5642105899604918,0.36094059169085485,-0.16284861801088682,21,1008,Origin-local observed-channel mean; does not replace pooled main metric
jena,BOLT_SMALL_LEVEL,LEVEL,v7_jena_level_res_92601,92601,39863,test_a,0.34671762414779866,0.3307217705504237,-0.012121102261257241,21,1008,Origin-local observed-channel mean; does not replace pooled main metric
jena,BOLT_SMALL_LEVEL,LEVEL,v7_jena_level_res_92601,92601,39887,test_a,0.1451052522416648,0.20792733836874722,-0.03718014481654832,21,1008,Origin-local observed-channel mean; does not replace pooled main metric
jena,BOLT_SMALL_LEVEL,LEVEL,v7_jena_level_res_92601,92601,39911,test_a,0.286631112727212,0.2364028985757613,-0.1543040692079572,21,1008,Origin-local observed-channel mean; does not replace pooled main metric
jena,BOLT_SMALL_LEVEL,LEVEL,v7_jena_level_res_92601,92601,39935,test_a,0.43259899941766333,0.31790092535784276,-0.22942810498844915,21,1008,Origin-local observed-channel mean; does not replace pooled main metric
jena,BOLT_SMALL_LEVEL,LEVEL,v7_jena_level_res_92601,92601,39959,test_a,0.3623123097330974,0.31317846091366974,-0.022832331981994185,21,1008,Origin-local observed-channel mean; does not replace pooled main metric
jena,BOLT_SMALL_LEVEL,LEVEL,v7_jena_level_res_92601,92601,39983,test_a,0.35716282272575833,0.3473771566217663,0.10960851241901445,21,1008,Origin-local observed-channel mean; does not replace pooled main metric
jena,BOLT_SMALL_LEVEL,LEVEL,v7_jena_level_res_92601,92601,40007,test_a,0.24153785574439035,0.2257296533682079,-0.0014036161457105286,21,1008,Origin-local observed-channel mean; does not replace pooled main metric
jena,BOLT_SMALL_LEVEL,LEVEL,v7_jena_level_res_92601,92601,40031,test_a,0.1787955220840981,0.2158753254011066,0.06845955581899496,21,1008,Origin-local observed-channel mean; does not replace pooled main metric
jena,BOLT_SMALL_LEVEL,LEVEL,v7_jena_level_res_92601,92601,40055,test_a,0.2660874933766711,0.3334281311780658,-0.0928433741136114,21,1008,Origin-local observed-channel mean; does not replace pooled main metric
jena,BOLT_SMALL_LEVEL,LEVEL,v7_jena_level_res_92601,92601,40079,test_a,0.2764213413980687,0.3350268976673038,-0.11023295977850915,21,1008,Origin-local observed-channel mean; does not replace pooled main metric
jena,BOLT_SMALL_LEVEL,LEVEL,v7_jena_level_res_92601,92601,40103,test_a,0.3129025988042405,0.28449523183787406,0.018001646089985675,21,1008,Origin-local observed-channel mean; does not replace pooled main metric
jena,BOLT_SMALL_LEVEL,LEVEL,v7_jena_level_res_92601,92601,40127,test_a,0.4523213606534204,0.2999593968122517,-0.017893487160714972,21,1008,Origin-local observed-channel mean; does not replace pooled main metric
jena,BOLT_SMALL_LEVEL,LEVEL,v7_jena_level_res_92601,92601,40151,test_a,0.30531128700720267,0.328053865972285,0.05326942324384055,21,1008,Origin-local observed-channel mean; does not replace pooled main metric
jena,BOLT_SMALL_LEVEL,LEVEL,v7_jena_level_res_92601,92601,40175,test_a,0.19192158899106257,0.24231084586201523,0.01882157035865857,21,1008,Origin-local observed-channel mean; does not replace pooled main metric
jena,BOLT_SMALL_LEVEL,LEVEL,v7_jena_level_res_92601,92601,40199,test_a,0.248259700394657,0.2607923117281195,-0.09959799612893437,21,1008,Origin-local observed-channel mean; does not replace pooled main metric
jena,BOLT_SMALL_LEVEL,LEVEL,v7_jena_level_res_92601,92601,40223,test_a,0.5709915109772762,0.5216726705478193,-0.2276241061427422,21,1008,Origin-local observed-channel mean; does not replace pooled main metric
jena,BOLT_SMALL_LEVEL,LEVEL,v7_jena_level_res_92601,92601,40247,test_a,0.4460597494445253,0.42427859028063575,0.26577459152319954,21,1008,Origin-local observed-channel mean; does not replace pooled main metric
jena,BOLT_SMALL_LEVEL,LEVEL,v7_jena_level_res_92601,92601,40271,test_a,0.5664665791535349,0.5859785280899525,0.20565376596942003,21,1008,Origin-local observed-channel mean; does not replace pooled main metric
jena,BOLT_SMALL_LEVEL,LEVEL,v7_jena_level_res_92601,92601,40295,test_a,0.06329898726773249,0.14936259301919652,-0.011206556390298208,21,1008,Origin-local observed-channel mean; does not replace pooled main metric
jena,BOLT_SMALL_LEVEL,LEVEL,v7_jena_level_res_92601,92601,40319,test_a,0.11467472005813117,0.2101723161270759,-0.04748198921745262,21,1008,Origin-local observed-channel mean; does not replace pooled main metric
jena,BOLT_SMALL_LEVEL,LEVEL,v7_jena_level_res_92601,92601,40343,test_a,0.3953235026424879,0.46296390881627936,-0.268850643339055,21,1008,Origin-local observed-channel mean; does not replace pooled main metric
jena,BOLT_SMALL_LEVEL,LEVEL,v7_jena_level_res_92601,92601,40367,test_a,0.6474815649946747,0.5505516892595869,-0.3613133492422454,21,1008,Origin-local observed-channel mean; does not replace pooled main metric
jena,BOLT_SMALL_LEVEL,LEVEL,v7_jena_level_res_92601,92601,40391,test_a,0.5363476185558065,0.4369420518497854,-0.16805395105031842,21,1008,Origin-local observed-channel mean; does not replace pooled main metric
jena,BOLT_SMALL_LEVEL,LEVEL,v7_jena_level_res_92601,92601,40415,test_a,0.15218819410787837,0.24492352961290942,0.08279421306279902,21,1008,Origin-local observed-channel mean; does not replace pooled main metric
jena,BOLT_SMALL_LEVEL,LEVEL,v7_jena_level_res_92601,92601,40439,test_a,0.11940482577297898,0.23335878274877953,-0.10593761759752403,21,1008,Origin-local observed-channel mean; does not replace pooled main metric
jena,BOLT_SMALL_LEVEL,LEVEL,v7_jena_level_res_92601,92601,40463,test_a,0.15552267543002055,0.2687199859031511,-0.08672464344711026,21,1008,Origin-local observed-channel mean; does not replace pooled main metric
jena,BOLT_SMALL_LEVEL,LEVEL,v7_jena_level_res_92601,92601,40487,test_a,0.30809477113105405,0.36586062040592043,-0.049807397110502256,21,1008,Origin-local observed-channel mean; does not replace pooled main metric
jena,BOLT_SMALL_LEVEL,LEVEL,v7_jena_level_res_92601,92601,40511,test_a,0.5756802096275281,0.6036945185335335,-0.3083547261196635,21,1008,Origin-local observed-channel mean; does not replace pooled main metric
jena,BOLT_SMALL_LEVEL,LEVEL,v7_jena_level_res_92601,92601,40535,test_a,1.1031587824037927,0.6333322279574025,0.00015482959780560313,21,1008,Origin-local observed-channel mean; does not replace pooled main metric
jena,BOLT_SMALL_LEVEL,LEVEL,v7_jena_level_res_92601,92601,40559,test_a,0.647531339116282,0.34269399214607554,-0.07441704527561328,21,1008,Origin-local observed-channel mean; does not replace pooled main metric
jena,BOLT_SMALL_LEVEL,LEVEL,v7_jena_level_res_92601,92601,40583,test_a,0.4244157481359106,0.3472481820308963,0.17585904092404583,21,1008,Origin-local observed-channel mean; does not replace pooled main metric
jena,BOLT_SMALL_LEVEL,LEVEL,v7_jena_level_res_92601,92601,40607,test_a,0.12889555238474082,0.2506927687782514,0.11601479609672669,21,1008,Origin-local observed-channel mean; does not replace pooled main metric
jena,BOLT_SMALL_LEVEL,LEVEL,v7_jena_level_res_92601,92601,40631,test_a,0.3363780587541183,0.37555125119788935,-0.09685330446732152,21,1008,Origin-local observed-channel mean; does not replace pooled main metric
jena,BOLT_SMALL_LEVEL,LEVEL,v7_jena_level_res_92601,92601,40655,test_a,0.4724475513491716,0.4967148149316061,-0.16426808514208663,21,1008,Origin-local observed-channel mean; does not replace pooled main metric
jena,BOLT_SMALL_LEVEL,LEVEL,v7_jena_level_res_92601,92601,40679,test_a,0.5810020632238259,0.4633722364654652,0.20348744677522473,21,1008,Origin-local observed-channel mean; does not replace pooled main metric
jena,BOLT_SMALL_LEVEL,LEVEL,v7_jena_level_res_92601,92601,40703,test_a,0.3504028674457777,0.4342785135691336,0.16107302555067848,21,1008,Origin-local observed-channel mean; does not replace pooled main metric
jena,BOLT_SMALL_LEVEL,LEVEL,v7_jena_level_res_92601,92601,40727,test_a,0.2626511568077178,0.2890868305077588,-0.05049874823072016,21,1008,Origin-local observed-channel mean; does not replace pooled main metric
jena,BOLT_SMALL_LEVEL,LEVEL,v7_jena_level_res_92601,92601,40751,test_a,0.5938050417986842,0.4099739040084098,-0.1977629574597351,21,1008,Origin-local observed-channel mean; does not replace pooled main metric
jena,BOLT_SMALL_LEVEL,LEVEL,v7_jena_level_res_92601,92601,40775,test_a,0.5755336140745958,0.4746840913911232,-0.16664808817551516,21,1008,Origin-local observed-channel mean; does not replace pooled main metric
jena,BOLT_SMALL_LEVEL,LEVEL,v7_jena_level_res_92601,92601,40799,test_a,0.7280918740292782,0.6026160830844587,-0.07607716965220687,21,1008,Origin-local observed-channel mean; does not replace pooled main metric
jena,BOLT_SMALL_LEVEL,LEVEL,v7_jena_level_res_92601,92601,40823,test_a,0.3613983013494782,0.39278020092959715,0.16940515781480206,21,1008,Origin-local observed-channel mean; does not replace pooled main metric
jena,BOLT_SMALL_LEVEL,LEVEL,v7_jena_level_res_92601,92601,40847,test_a,0.2030780019936,0.3367138230229131,0.09761639049386193,21,1008,Origin-local observed-channel mean; does not replace pooled main metric
jena,BOLT_SMALL_LEVEL,LEVEL,v7_jena_level_res_92601,92601,40871,test_a,0.23076933203559988,0.30672745308413774,0.16620415880895473,21,1008,Origin-local observed-channel mean; does not replace pooled main metric
jena,BOLT_SMALL_LEVEL,LEVEL,v7_jena_level_res_92601,92601,40895,test_a,0.4239278682163449,0.3425850857102122,0.05877542501375068,21,1008,Origin-local observed-channel mean; does not replace pooled main metric
jena,BOLT_SMALL_LEVEL,LEVEL,v7_jena_level_res_92601,92601,40919,test_a,0.3374209694294966,0.41882097914501737,0.034636548538516755,21,1008,Origin-local observed-channel mean; does not replace pooled main metric
jena,BOLT_SMALL_LEVEL,LEVEL,v7_jena_level_res_92601,92601,40943,test_a,0.29508835323958404,0.3779983612697082,-0.13178599777691286,21,1008,Origin-local observed-channel mean; does not replace pooled main metric
jena,BOLT_SMALL_LEVEL,LEVEL,v7_jena_level_res_92601,92601,40967,test_a,0.2619873819157939,0.38118497926287037,0.1519105177827615,21,1008,Origin-local observed-channel mean; does not replace pooled main metric
jena,BOLT_SMALL_LEVEL,LEVEL,v7_jena_level_res_92601,92601,40991,test_a,0.2619201518219071,0.40470527279703966,0.12896040686656118,21,1008,Origin-local observed-channel mean; does not replace pooled main metric
jena,BOLT_SMALL_LEVEL,LEVEL,v7_jena_level_res_92601,92601,41015,test_a,0.23487609970058193,0.3692614563930427,0.0969701544380523,21,1008,Origin-local observed-channel mean; does not replace pooled main metric
jena,BOLT_SMALL_LEVEL,LEVEL,v7_jena_level_res_92601,92601,41039,test_a,0.11648800985493832,0.24170491769669636,0.0836800869825917,21,1008,Origin-local observed-channel mean; does not replace pooled main metric
jena,BOLT_SMALL_LEVEL,LEVEL,v7_jena_level_res_92601,92601,41063,test_a,0.31122619644814387,0.3359748405489391,-0.1840548687596022,21,1008,Origin-local observed-channel mean; does not replace pooled main metric
jena,BOLT_SMALL_LEVEL,LEVEL,v7_jena_level_res_92601,92601,41087,test_a,0.992541241037289,0.7931188461061826,-0.4046712861427439,21,1008,Origin-local observed-channel mean; does not replace pooled main metric
jena,BOLT_SMALL_LEVEL,LEVEL,v7_jena_level_res_92601,92601,41111,test_a,0.42874610477666153,0.45210785737499326,0.14282889161260096,21,1008,Origin-local observed-channel mean; does not replace pooled main metric
jena,BOLT_SMALL_LEVEL,LEVEL,v7_jena_level_res_92601,92601,41135,test_a,0.3476549695774568,0.39116758065719054,0.024495521495751627,21,1008,Origin-local observed-channel mean; does not replace pooled main metric
jena,BOLT_SMALL_LEVEL,LEVEL,v7_jena_level_res_92601,92601,41159,test_a,0.29940879544645604,0.31958659850837046,-0.1455182202861622,21,1008,Origin-local observed-channel mean; does not replace pooled main metric
jena,BOLT_SMALL_LEVEL,LEVEL,v7_jena_level_res_92601,92601,41183,test_a,0.3465660973272969,0.3466828207557906,-0.09194175971996242,21,1008,Origin-local observed-channel mean; does not replace pooled main metric
jena,BOLT_SMALL_LEVEL,LEVEL,v7_jena_level_res_92601,92601,41207,test_a,0.7936837594080954,0.604695256554329,-0.06377882647656305,21,1008,Origin-local observed-channel mean; does not replace pooled main metric
jena,BOLT_SMALL_LEVEL,LEVEL,v7_jena_level_res_92601,92601,41231,test_a,0.5782462855025726,0.5119136179298313,-0.13463412070840214,21,1008,Origin-local observed-channel mean; does not replace pooled main metric
jena,BOLT_SMALL_LEVEL,LEVEL,v7_jena_level_res_92601,92601,41255,test_a,0.14991976708451993,0.2401240226269389,0.07626185206500519,21,1008,Origin-local observed-channel mean; does not replace pooled main metric
jena,BOLT_SMALL_LEVEL,LEVEL,v7_jena_level_res_92601,92601,41279,test_a,0.07921425051955046,0.21094747747725157,-0.04534860029733473,21,1008,Origin-local observed-channel mean; does not replace pooled main metric
jena,BOLT_SMALL_LEVEL,LEVEL,v7_jena_level_res_92601,92601,41303,test_a,0.05109261575818044,0.11516412813978694,0.07243074417610408,21,1008,Origin-local observed-channel mean; does not replace pooled main metric
jena,BOLT_SMALL_LEVEL,LEVEL,v7_jena_level_res_92601,92601,41327,test_a,0.064020866130347,0.1647140492420895,0.0632602938474895,21,1008,Origin-local observed-channel mean; does not replace pooled main metric
jena,BOLT_SMALL_LEVEL,LEVEL,v7_jena_level_res_92601,92601,41351,test_a,0.11830935118663735,0.22470417192103231,-0.01864311099167921,21,1008,Origin-local observed-channel mean; does not replace pooled main metric
jena,BOLT_SMALL_LEVEL,LEVEL,v7_jena_level_res_92601,92601,41375,test_a,0.314606894724456,0.3944408703248463,0.005424019566225265,21,1008,Origin-local observed-channel mean; does not replace pooled main metric
jena,BOLT_SMALL_LEVEL,LEVEL,v7_jena_level_res_92601,92601,41399,test_a,0.6240028299061324,0.47185787015650793,0.04219709616249714,21,1008,Origin-local observed-channel mean; does not replace pooled main metric
jena,BOLT_SMALL_LEVEL,LEVEL,v7_jena_level_res_92601,92601,41423,test_a,0.6043846974313374,0.46336431595695365,-0.11156993267162302,21,1008,Origin-local observed-channel mean; does not replace pooled main metric
jena,BOLT_SMALL_LEVEL,LEVEL,v7_jena_level_res_92601,92601,41447,test_a,0.4724492517938551,0.4801776042778719,0.10722023383987973,21,1008,Origin-local observed-channel mean; does not replace pooled main metric
jena,BOLT_SMALL_LEVEL,LEVEL,v7_jena_level_res_92601,92601,41471,test_a,0.47875630852936574,0.543531110132862,0.21639870966759012,21,1008,Origin-local observed-channel mean; does not replace pooled main metric
jena,BOLT_SMALL_LEVEL,LEVEL,v7_jena_level_res_92601,92601,41495,test_a,0.26036648871313867,0.3284614587207634,-0.2187007568463742,21,1008,Origin-local observed-channel mean; does not replace pooled main metric
jena,BOLT_SMALL_LEVEL,LEVEL,v7_jena_level_res_92601,92601,41519,test_a,0.6057365098076608,0.5682171058062724,-0.3007416267160114,21,1008,Origin-local observed-channel mean; does not replace pooled main metric
jena,BOLT_SMALL_LEVEL,LEVEL,v7_jena_level_res_92601,92601,41543,test_a,0.38435213340756136,0.4335088296768715,0.23790739052672882,21,1008,Origin-local observed-channel mean; does not replace pooled main metric
jena,BOLT_SMALL_LEVEL,LEVEL,v7_jena_level_res_92601,92601,41567,test_a,0.15589475538630312,0.27636057988549134,0.07227318151926161,21,1008,Origin-local observed-channel mean; does not replace pooled main metric
jena,BOLT_SMALL_LEVEL,LEVEL,v7_jena_level_res_92601,92601,41591,test_a,0.16408789548471295,0.24910118829433894,0.019103274183628012,21,1008,Origin-local observed-channel mean; does not replace pooled main metric
jena,BOLT_SMALL_LEVEL,LEVEL,v7_jena_level_res_92601,92601,41615,test_a,0.16162942173612804,0.22098285982400062,-0.08168394350269366,21,1008,Origin-local observed-channel mean; does not replace pooled main metric
jena,BOLT_SMALL_LEVEL,LEVEL,v7_jena_level_res_92601,92601,41639,test_a,0.5952740330876969,0.5122583760262748,-0.3001355727772332,21,1008,Origin-local observed-channel mean; does not replace pooled main metric
jena,BOLT_SMALL_LEVEL,LEVEL,v7_jena_level_res_92601,92601,41663,test_a,1.6500616010347462,1.0905826965786722,-0.5181598797410963,21,1008,Origin-local observed-channel mean; does not replace pooled main metric
jena,BOLT_SMALL_LEVEL,LEVEL,v7_jena_level_res_92601,92601,41687,test_a,0.340882020353473,0.3886826955045791,0.1270592564821801,21,1008,Origin-local observed-channel mean; does not replace pooled main metric
jena,BOLT_SMALL_LEVEL,LEVEL,v7_jena_level_res_92601,92601,41711,test_a,0.19297802122656404,0.33569395249177764,0.12916437089122143,21,1008,Origin-local observed-channel mean; does not replace pooled main metric
jena,BOLT_SMALL_LEVEL,LEVEL,v7_jena_level_res_92601,92601,41735,test_a,0.1571644925864938,0.26976538011236006,-0.09945549746459749,21,1008,Origin-local observed-channel mean; does not replace pooled main metric
jena,BOLT_SMALL_LEVEL,LEVEL,v7_jena_level_res_92601,92601,41759,test_a,0.20695113583720964,0.3289834164376467,0.053654064626388144,21,1008,Origin-local observed-channel mean; does not replace pooled main metric
jena,BOLT_SMALL_LEVEL,LEVEL,v7_jena_level_res_92601,92601,41783,test_a,0.21795967534690566,0.30250007279302366,-0.11364643575948973,21,1008,Origin-local observed-channel mean; does not replace pooled main metric
jena,BOLT_SMALL_LEVEL,LEVEL,v7_jena_level_res_92601,92601,41807,test_a,0.2364534059996702,0.3710470591160543,-0.18703509723286155,21,1008,Origin-local observed-channel mean; does not replace pooled main metric
jena,BOLT_SMALL_LEVEL,LEVEL,v7_jena_level_res_92601,92601,41831,test_a,0.21979174449539787,0.3789998153132194,-0.07774358858088296,21,1008,Origin-local observed-channel mean; does not replace pooled main metric
jena,BOLT_SMALL_LEVEL,LEVEL,v7_jena_level_res_92601,92601,41855,test_a,0.11432617312924326,0.26176409391082994,0.0070517621927484505,21,1008,Origin-local observed-channel mean; does not replace pooled main metric
jena,BOLT_SMALL_LEVEL,LEVEL,v7_jena_level_res_92601,92601,41879,test_a,0.033913387088893424,0.1265262882340707,0.01402864775376483,21,1008,Origin-local observed-channel mean; does not replace pooled main metric
jena,BOLT_SMALL_LEVEL,LEVEL,v7_jena_level_res_92601,92601,41903,test_a,0.04854431031847744,0.13379126947071954,0.06323086917340305,21,1008,Origin-local observed-channel mean; does not replace pooled main metric
jena,BOLT_SMALL_LEVEL,LEVEL,v7_jena_level_res_92601,92601,41927,test_a,0.22427915182677324,0.32178481007161147,-0.14376644439725503,21,1008,Origin-local observed-channel mean; does not replace pooled main metric
jena,BOLT_SMALL_LEVEL,LEVEL,v7_jena_level_res_92601,92601,41951,test_a,0.208698307566828,0.36676619897595614,-0.18566580243974126,21,1008,Origin-local observed-channel mean; does not replace pooled main metric
jena,BOLT_SMALL_LEVEL,LEVEL,v7_jena_level_res_92601,92601,41975,test_a,0.10611356775689725,0.25170549853796803,-0.001765781000329537,21,1008,Origin-local observed-channel mean; does not replace pooled main metric
jena,BOLT_SMALL_LEVEL,LEVEL,v7_jena_level_res_92601,92601,41999,test_a,0.06465882857703552,0.19294840350860593,-0.006623766257967472,21,1008,Origin-local observed-channel mean; does not replace pooled main metric
jena,BOLT_SMALL_LEVEL,LEVEL,v7_jena_level_res_92601,92601,42023,test_a,0.07946420940270091,0.16123701277855879,-0.04208173368024362,21,1008,Origin-local observed-channel mean; does not replace pooled main metric
jena,BOLT_SMALL_LEVEL,LEVEL,v7_jena_level_res_92601,92601,42047,test_a,0.08975889438119478,0.18665658832192308,-0.09484703789787582,21,1008,Origin-local observed-channel mean; does not replace pooled main metric
jena,BOLT_SMALL_LEVEL,LEVEL,v7_jena_level_res_92601,92601,42071,test_a,0.2394248636809769,0.3616792072444075,-0.18080759863230575,21,1008,Origin-local observed-channel mean; does not replace pooled main metric
jena,BOLT_SMALL_LEVEL,LEVEL,v7_jena_level_res_92601,92601,42095,test_a,0.27959460704784705,0.4083978945465268,-0.2377888946897338,21,1008,Origin-local observed-channel mean; does not replace pooled main metric
jena,BOLT_SMALL_LEVEL,LEVEL,v7_jena_level_res_92601,92601,42119,test_a,0.04851541445772215,0.14699683018914095,-0.00031024336694538714,21,1008,Origin-local observed-channel mean; does not replace pooled main metric
jena,BOLT_SMALL_LEVEL,LEVEL,v7_jena_level_res_92601,92601,42143,test_a,0.10248167629832772,0.2081083733657059,-0.0060234941658332914,21,1008,Origin-local observed-channel mean; does not replace pooled main metric
jena,BOLT_SMALL_LEVEL,LEVEL,v7_jena_level_res_92601,92601,42167,test_a,0.053939951379047606,0.15109115934920117,-0.004834010534516042,21,1008,Origin-local observed-channel mean; does not replace pooled main metric
jena,BOLT_SMALL_LEVEL,LEVEL,v7_jena_level_res_92601,92601,42191,test_a,0.054832056977872856,0.125448273879426,0.014556338066569644,21,1008,Origin-local observed-channel mean; does not replace pooled main metric
jena,BOLT_SMALL_LEVEL,LEVEL,v7_jena_level_res_92601,92601,42215,test_a,0.22918088859150168,0.2640488366550204,-0.1394606066926841,21,1008,Origin-local observed-channel mean; does not replace pooled main metric
jena,BOLT_SMALL_LEVEL,LEVEL,v7_jena_level_res_92601,92601,42239,test_a,0.42018946314263017,0.45386388501766844,-0.187245953551444,21,1008,Origin-local observed-channel mean; does not replace pooled main metric
jena,BOLT_SMALL_LEVEL,LEVEL,v7_jena_level_res_92601,92601,42263,test_a,0.18101136120183745,0.269471154291079,0.0674031445834901,21,1008,Origin-local observed-channel mean; does not replace pooled main metric
jena,BOLT_SMALL_LEVEL,LEVEL,v7_jena_level_res_92601,92601,42287,test_a,0.06745307416896806,0.20329760584175507,-0.02564870593778324,21,1008,Origin-local observed-channel mean; does not replace pooled main metric
jena,BOLT_SMALL_LEVEL,LEVEL,v7_jena_level_res_92601,92601,42311,test_a,0.15897138361921767,0.26058461819267237,-0.040478067722500455,21,1008,Origin-local observed-channel mean; does not replace pooled main metric
jena,BOLT_SMALL_LEVEL,LEVEL,v7_jena_level_res_92601,92601,42335,test_a,0.14492788566890233,0.22824205942257927,0.0036922255905145465,21,1008,Origin-local observed-channel mean; does not replace pooled main metric
jena,BOLT_SMALL_LEVEL,LEVEL,v7_jena_level_res_92601,92601,42359,test_a,0.11898618366676159,0.2062640858191391,-0.03641321568930935,21,1008,Origin-local observed-channel mean; does not replace pooled main metric
jena,BOLT_SMALL_LEVEL,LEVEL,v7_jena_level_res_92601,92601,42383,test_a,0.4113658453383251,0.5170486159045502,-0.29147921977534086,21,1008,Origin-local observed-channel mean; does not replace pooled main metric
jena,BOLT_SMALL_LEVEL,LEVEL,v7_jena_level_res_92601,92601,42407,test_a,0.1005498331690862,0.2064737452042859,0.012308516485207956,21,1008,Origin-local observed-channel mean; does not replace pooled main metric
jena,BOLT_SMALL_LEVEL,LEVEL,v7_jena_level_res_92601,92601,42431,test_a,0.06092986407477974,0.15523979076077385,0.07462946765891891,21,1008,Origin-local observed-channel mean; does not replace pooled main metric
jena,BOLT_SMALL_LEVEL,LEVEL,v7_jena_level_res_92601,92601,42455,test_a,0.05967304676130948,0.14783372829454794,0.006061951094168418,21,1008,Origin-local observed-channel mean; does not replace pooled main metric
jena,BOLT_SMALL_LEVEL,LEVEL,v7_jena_level_res_92601,92601,42479,test_a,0.0894510928241545,0.17029158411813633,-0.02303270228800275,21,1008,Origin-local observed-channel mean; does not replace pooled main metric
jena,BOLT_SMALL_LEVEL,LEVEL,v7_jena_level_res_92601,92601,42503,test_a,0.2905124798544406,0.33424548069380094,-0.18781338231189965,21,1008,Origin-local observed-channel mean; does not replace pooled main metric
jena,BOLT_SMALL_LEVEL,LEVEL,v7_jena_level_res_92601,92601,42527,test_a,0.39462950355233806,0.43239732746143195,-0.014704265966949086,21,1008,Origin-local observed-channel mean; does not replace pooled main metric
jena,BOLT_SMALL_LEVEL,LEVEL,v7_jena_level_res_92601,92601,42551,test_a,0.32251604738330825,0.4481627738851308,0.193462931329007,21,1008,Origin-local observed-channel mean; does not replace pooled main metric
jena,BOLT_SMALL_LEVEL,LEVEL,v7_jena_level_res_92601,92601,42575,test_a,0.25932651102794513,0.3810358301887477,0.2443618567515856,21,1008,Origin-local observed-channel mean; does not replace pooled main metric
jena,BOLT_SMALL_LEVEL,LEVEL,v7_jena_level_res_92601,92601,42599,test_a,0.2528158597295751,0.37183278467296443,0.09960192540362071,21,1008,Origin-local observed-channel mean; does not replace pooled main metric
jena,BOLT_SMALL_LEVEL,LEVEL,v7_jena_level_res_92601,92601,42623,test_a,0.13642151378792625,0.28459384431473495,0.059802492771557324,21,1008,Origin-local observed-channel mean; does not replace pooled main metric
jena,BOLT_SMALL_LEVEL,LEVEL,v7_jena_level_res_92601,92601,42647,test_a,0.1498837204178162,0.22534054316559976,-0.11704580304083519,21,1008,Origin-local observed-channel mean; does not replace pooled main metric
jena,BOLT_SMALL_LEVEL,LEVEL,v7_jena_level_res_92601,92601,42671,test_a,0.5909623779776096,0.5679187526129971,-0.30684951760613044,21,1008,Origin-local observed-channel mean; does not replace pooled main metric
jena,BOLT_SMALL_LEVEL,LEVEL,v7_jena_level_res_92601,92601,42695,test_a,0.631289941970206,0.540112797404863,0.2855549822039422,21,1008,Origin-local observed-channel mean; does not replace pooled main metric
jena,BOLT_SMALL_LEVEL,LEVEL,v7_jena_level_res_92601,92601,42719,test_a,0.31752624882469993,0.4205958322545195,0.1438445308128379,21,1008,Origin-local observed-channel mean; does not replace pooled main metric
jena,BOLT_SMALL_LEVEL,LEVEL,v7_jena_level_res_92601,92601,42743,test_a,0.1569576598889768,0.2510398482859489,0.061809691429574265,21,1008,Origin-local observed-channel mean; does not replace pooled main metric
jena,BOLT_SMALL_LEVEL,LEVEL,v7_jena_level_res_92601,92601,42767,test_a,0.16838851985236963,0.2664788026697121,-0.07755890005316202,21,1008,Origin-local observed-channel mean; does not replace pooled main metric
jena,BOLT_SMALL_LEVEL,LEVEL,v7_jena_level_res_92601,92601,42791,test_a,0.3285380131962824,0.3836573503051315,-0.18475856304229682,21,1008,Origin-local observed-channel mean; does not replace pooled main metric
jena,BOLT_SMALL_LEVEL,LEVEL,v7_jena_level_res_92601,92601,42815,test_a,0.38260544063301954,0.4747292771429611,-0.16985156260673803,21,1008,Origin-local observed-channel mean; does not replace pooled main metric
jena,BOLT_SMALL_LEVEL,LEVEL,v7_jena_level_res_92601,92601,42839,test_a,0.5461538665752301,0.48690072385770256,0.1411484550877099,21,1008,Origin-local observed-channel mean; does not replace pooled main metric
jena,BOLT_SMALL_LEVEL,LEVEL,v7_jena_level_res_92601,92601,42863,test_a,0.11135808063350794,0.2703831694586355,0.0028261626013686286,21,1008,Origin-local observed-channel mean; does not replace pooled main metric
jena,BOLT_SMALL_LEVEL,LEVEL,v7_jena_level_res_92601,92601,42887,test_a,0.04249173166221657,0.14427893359927454,0.0008397157611946789,21,1008,Origin-local observed-channel mean; does not replace pooled main metric
jena,BOLT_SMALL_LEVEL,LEVEL,v7_jena_level_res_92601,92601,42911,test_a,0.04777803931575392,0.15780800580083337,0.046056567560357045,21,1008,Origin-local observed-channel mean; does not replace pooled main metric
jena,BOLT_SMALL_LEVEL,LEVEL,v7_jena_level_res_92601,92601,42935,test_a,0.2282236494479179,0.3289365009445033,-0.1581108932089209,21,1008,Origin-local observed-channel mean; does not replace pooled main metric
jena,BOLT_SMALL_LEVEL,LEVEL,v7_jena_level_res_92601,92601,42959,test_a,0.48905346977411684,0.5449587401904064,-0.2824821717779936,21,1008,Origin-local observed-channel mean; does not replace pooled main metric
jena,BOLT_SMALL_LEVEL,LEVEL,v7_jena_level_res_92601,92601,42983,test_a,0.35382624439117366,0.4561718425774458,0.036014997072347864,21,1008,Origin-local observed-channel mean; does not replace pooled main metric
jena,BOLT_SMALL_LEVEL,LEVEL,v7_jena_level_res_92601,92601,43007,test_a,0.10232220172086229,0.2148999532061954,0.005110324246786707,21,1008,Origin-local observed-channel mean; does not replace pooled main metric
jena,BOLT_SMALL_LEVEL,LEVEL,v7_jena_level_res_92601,92601,43031,test_a,0.1225203413009984,0.19824743396228378,0.0029961368309736718,21,1008,Origin-local observed-channel mean; does not replace pooled main metric
jena,BOLT_SMALL_LEVEL,LEVEL,v7_jena_level_res_92601,92601,43055,test_a,0.14124795434594592,0.21006589576831577,0.042400970649078586,21,1008,Origin-local observed-channel mean; does not replace pooled main metric
jena,BOLT_SMALL_LEVEL,LEVEL,v7_jena_level_res_92601,92601,43079,test_a,0.1944591681071722,0.2833711052218628,-0.17058675695818876,21,1008,Origin-local observed-channel mean; does not replace pooled main metric
jena,BOLT_SMALL_LEVEL,LEVEL,v7_jena_level_res_92601,92601,43103,test_a,0.7549724138127717,0.6752679065763899,-0.34056068520796895,21,1008,Origin-local observed-channel mean; does not replace pooled main metric
jena,BOLT_SMALL_LEVEL,LEVEL,v7_jena_level_res_92601,92601,43127,test_a,0.3053010333084189,0.438921511338632,0.07123392004249912,21,1008,Origin-local observed-channel mean; does not replace pooled main metric
jena,BOLT_SMALL_LEVEL,LEVEL,v7_jena_level_res_92601,92601,43151,test_a,0.11183135018095276,0.24800749174709566,0.08707205199006858,21,1008,Origin-local observed-channel mean; does not replace pooled main metric
jena,BOLT_SMALL_LEVEL,LEVEL,v7_jena_level_res_92601,92601,43175,test_a,0.060892818633656504,0.1658572242614889,0.016126074196354097,21,1008,Origin-local observed-channel mean; does not replace pooled main metric
jena,BOLT_SMALL_LEVEL,LEVEL,v7_jena_level_res_92601,92601,43199,test_a,0.07498821967686635,0.16292334452413745,0.08357642987550842,21,1008,Origin-local observed-channel mean; does not replace pooled main metric
jena,BOLT_SMALL_LEVEL,LEVEL,v7_jena_level_res_92601,92601,43223,test_a,0.1642078427228077,0.2918538011045524,-0.057729117598408645,21,1008,Origin-local observed-channel mean; does not replace pooled main metric
jena,BOLT_SMALL_LEVEL,LEVEL,v7_jena_level_res_92601,92601,43247,test_a,0.40096697919488883,0.5055178886763143,-0.2500388840772858,21,1008,Origin-local observed-channel mean; does not replace pooled main metric
jena,BOLT_SMALL_LEVEL,LEVEL,v7_jena_level_res_92601,92601,43271,test_a,0.33151065896850823,0.4564636496114193,0.15504234403234146,21,1008,Origin-local observed-channel mean; does not replace pooled main metric
jena,BOLT_SMALL_LEVEL,LEVEL,v7_jena_level_res_92601,92601,43295,test_a,0.06753623287364113,0.20692631408885406,-0.10330017886816577,21,1008,Origin-local observed-channel mean; does not replace pooled main metric
jena,BOLT_SMALL_LEVEL,LEVEL,v7_jena_level_res_92601,92601,43319,test_a,0.05221132035967536,0.1766876254388037,-0.04264781165935952,21,1008,Origin-local observed-channel mean; does not replace pooled main metric
jena,BOLT_SMALL_LEVEL,LEVEL,v7_jena_level_res_92601,92601,43343,test_a,0.050359907144717934,0.1805428292485712,-0.06438944013080758,21,1008,Origin-local observed-channel mean; does not replace pooled main metric
jena,BOLT_SMALL_LEVEL,LEVEL,v7_jena_level_res_92601,92601,43367,test_a,0.3039526299085708,0.3424881872927342,-0.19982001996885673,21,1008,Origin-local observed-channel mean; does not replace pooled main metric
jena,BOLT_SMALL_LEVEL,LEVEL,v7_jena_level_res_92601,92601,43391,test_a,0.6936976448671485,0.5399554482099207,-0.2950671807425568,21,1008,Origin-local observed-channel mean; does not replace pooled main metric
jena,BOLT_SMALL_LEVEL,LEVEL,v7_jena_level_res_92601,92601,43415,test_a,0.2404791932759804,0.38369051578991364,0.21045959476381654,21,1008,Origin-local observed-channel mean; does not replace pooled main metric
jena,BOLT_SMALL_LEVEL,LEVEL,v7_jena_level_res_92601,92601,43439,test_a,0.20937955320583415,0.285440468853902,0.1659978115839049,21,1008,Origin-local observed-channel mean; does not replace pooled main metric
jena,BOLT_SMALL_LEVEL,LEVEL,v7_jena_level_res_92601,92601,43463,test_a,0.2299029405029247,0.31109211690209265,0.09320673102116589,21,1008,Origin-local observed-channel mean; does not replace pooled main metric
jena,BOLT_SMALL_LEVEL,LEVEL,v7_jena_level_res_92601,92601,43487,test_a,0.22150146895664277,0.3340007248593287,-0.04508519608671556,21,1008,Origin-local observed-channel mean; does not replace pooled main metric
jena,BOLT_SMALL_LEVEL,LEVEL,v7_jena_level_res_92601,92601,43511,test_a,0.22498569533820273,0.2657958865687732,-0.08646198612404987,21,1008,Origin-local observed-channel mean; does not replace pooled main metric
jena,BOLT_SMALL_LEVEL,LEVEL,v7_jena_level_res_92601,92601,43535,test_a,0.4452546018704392,0.41352445497487056,-0.026391918750873405,21,1008,Origin-local observed-channel mean; does not replace pooled main metric
jena,BOLT_SMALL_LEVEL,LEVEL,v7_jena_level_res_92601,92601,43559,test_a,0.40209905096067355,0.43727597162123066,0.10107540863393136,21,1008,Origin-local observed-channel mean; does not replace pooled main metric
jena,BOLT_SMALL_LEVEL,LEVEL,v7_jena_level_res_92601,92601,43583,test_a,0.1465192027958598,0.2835400319834062,-0.002987057803827007,21,1008,Origin-local observed-channel mean; does not replace pooled main metric
jena,BOLT_SMALL_LEVEL,LEVEL,v7_jena_level_res_92601,92601,43607,test_a,0.1592091723902421,0.18309641474768307,0.04448782445817615,21,1008,Origin-local observed-channel mean; does not replace pooled main metric
jena,BOLT_SMALL_LEVEL,LEVEL,v7_jena_level_res_92601,92601,43631,test_a,0.15891290050919885,0.24021479995685194,-0.022412126349023783,21,1008,Origin-local observed-channel mean; does not replace pooled main metric
jena,BOLT_SMALL_LEVEL,LEVEL,v7_jena_level_res_92601,92601,43655,test_a,0.20972801747026237,0.246629903829469,0.020026442278033327,21,1008,Origin-local observed-channel mean; does not replace pooled main metric
jena,BOLT_SMALL_LEVEL,LEVEL,v7_jena_level_res_92601,92601,43679,test_a,0.3010275094871924,0.3553025925899592,0.018279673729199516,21,1008,Origin-local observed-channel mean; does not replace pooled main metric
jena,BOLT_SMALL_LEVEL,LEVEL,v7_jena_level_res_92601,92601,43703,test_a,0.11511146970059187,0.2360491254861815,0.05932490598327908,21,1008,Origin-local observed-channel mean; does not replace pooled main metric
jena,BOLT_SMALL_LEVEL,LEVEL,v7_jena_level_res_92601,92601,43727,test_a,0.06101158876905931,0.12992910890771162,0.04067907487224724,21,1008,Origin-local observed-channel mean; does not replace pooled main metric
jena,BOLT_SMALL_LEVEL,LEVEL,v7_jena_level_res_92601,92601,43751,test_a,0.1394786820571621,0.19697634257341087,-0.004259448826021054,21,1008,Origin-local observed-channel mean; does not replace pooled main metric
jena,BOLT_SMALL_LEVEL,LEVEL,v7_jena_level_res_92601,92601,43775,test_a,0.19179439203613804,0.18079616596659187,0.0551508200322652,21,1008,Origin-local observed-channel mean; does not replace pooled main metric
jena,BOLT_SMALL_LEVEL,LEVEL,v7_jena_level_res_92601,92601,43799,test_a,0.16761706862170522,0.19213427690775708,0.07980387730905988,21,1008,Origin-local observed-channel mean; does not replace pooled main metric
jena,BOLT_SMALL_LEVEL,LEVEL,v7_jena_level_res_92601,92601,43823,test_a,0.15527727108419295,0.24858722605864703,0.00439241508779344,21,1008,Origin-local observed-channel mean; does not replace pooled main metric
jena,BOLT_SMALL_LEVEL,LEVEL,v7_jena_level_res_92601,92601,43847,test_a,0.24963459963674903,0.38665606896416105,0.1330203885433822,21,1008,Origin-local observed-channel mean; does not replace pooled main metric
jena,BOLT_SMALL_LEVEL,LEVEL,v7_jena_level_res_92601,92601,43871,test_a,0.08384610118338343,0.22811298742996608,0.12244131697581098,21,1008,Origin-local observed-channel mean; does not replace pooled main metric
jena,BOLT_SMALL_LEVEL,LEVEL,v7_jena_level_res_92601,92601,43919,test_b,0.11757567869639189,0.246639465393191,0.1274823734015699,21,1008,Origin-local observed-channel mean; does not replace pooled main metric
jena,BOLT_SMALL_LEVEL,LEVEL,v7_jena_level_res_92601,92601,43943,test_b,0.17161372164315494,0.29702779862695716,-0.04570980501485461,21,1008,Origin-local observed-channel mean; does not replace pooled main metric
jena,BOLT_SMALL_LEVEL,LEVEL,v7_jena_level_res_92601,92601,43967,test_b,0.8516652801299317,0.7384262624482434,-0.43358101456466275,21,1008,Origin-local observed-channel mean; does not replace pooled main metric
jena,BOLT_SMALL_LEVEL,LEVEL,v7_jena_level_res_92601,92601,43991,test_b,0.46291291162074577,0.5027087700324796,0.23090384879169362,21,1008,Origin-local observed-channel mean; does not replace pooled main metric
jena,BOLT_SMALL_LEVEL,LEVEL,v7_jena_level_res_92601,92601,44015,test_b,0.05914865215615617,0.17546343827358676,-0.04846031007718198,21,1008,Origin-local observed-channel mean; does not replace pooled main metric
jena,BOLT_SMALL_LEVEL,LEVEL,v7_jena_level_res_92601,92601,44039,test_b,0.07917967170547018,0.18780050297278822,0.04243825695621559,21,1008,Origin-local observed-channel mean; does not replace pooled main metric
jena,BOLT_SMALL_LEVEL,LEVEL,v7_jena_level_res_92601,92601,44063,test_b,0.13010478952898938,0.2635824601683352,-0.03543614306383662,21,1008,Origin-local observed-channel mean; does not replace pooled main metric
jena,BOLT_SMALL_LEVEL,LEVEL,v7_jena_level_res_92601,92601,44087,test_b,0.3241240759237463,0.29997456105405623,0.05715318944532469,21,1008,Origin-local observed-channel mean; does not replace pooled main metric
jena,BOLT_SMALL_LEVEL,LEVEL,v7_jena_level_res_92601,92601,44111,test_b,0.6567065735243308,0.5710692866860116,0.1740019075299469,21,1008,Origin-local observed-channel mean; does not replace pooled main metric
jena,BOLT_SMALL_LEVEL,LEVEL,v7_jena_level_res_92601,92601,44135,test_b,0.18804583325733604,0.30079926334026763,0.1814016049987884,21,1008,Origin-local observed-channel mean; does not replace pooled main metric
jena,BOLT_SMALL_LEVEL,LEVEL,v7_jena_level_res_92601,92601,44159,test_b,0.28172175980572023,0.2892216906212049,0.17907755696381042,21,1008,Origin-local observed-channel mean; does not replace pooled main metric
jena,BOLT_SMALL_LEVEL,LEVEL,v7_jena_level_res_92601,92601,44183,test_b,0.20355698676589035,0.2724621501836245,0.05894754128345836,21,1008,Origin-local observed-channel mean; does not replace pooled main metric
jena,BOLT_SMALL_LEVEL,LEVEL,v7_jena_level_res_92601,92601,44207,test_b,0.10796778998380306,0.2156265354468136,0.04201220316578641,21,1008,Origin-local observed-channel mean; does not replace pooled main metric
jena,BOLT_SMALL_LEVEL,LEVEL,v7_jena_level_res_92601,92601,44231,test_b,0.09179807227916713,0.19724779619534114,-0.06646087637683007,21,1008,Origin-local observed-channel mean; does not replace pooled main metric
jena,BOLT_SMALL_LEVEL,LEVEL,v7_jena_level_res_92601,92601,44255,test_b,0.4194662422380399,0.4729159795516886,-0.2822118462333045,21,1008,Origin-local observed-channel mean; does not replace pooled main metric
jena,BOLT_SMALL_LEVEL,LEVEL,v7_jena_level_res_92601,92601,44279,test_b,0.21548860980068435,0.36193766980260184,-0.05178079478310606,21,1008,Origin-local observed-channel mean; does not replace pooled main metric
jena,BOLT_SMALL_LEVEL,LEVEL,v7_jena_level_res_92601,92601,44303,test_b,0.18105550182764243,0.2658701547567063,-0.005329071022046383,21,1008,Origin-local observed-channel mean; does not replace pooled main metric
jena,BOLT_SMALL_LEVEL,LEVEL,v7_jena_level_res_92601,92601,44327,test_b,0.16659919741007884,0.2845732410556622,0.059860591835800614,21,1008,Origin-local observed-channel mean; does not replace pooled main metric
jena,BOLT_SMALL_LEVEL,LEVEL,v7_jena_level_res_92601,92601,44351,test_b,0.04389868031453361,0.1375172058534291,-0.0496864305838706,21,1008,Origin-local observed-channel mean; does not replace pooled main metric
jena,BOLT_SMALL_LEVEL,LEVEL,v7_jena_level_res_92601,92601,44375,test_b,0.08650457827092801,0.1695352769034105,-0.04031564090756648,21,1008,Origin-local observed-channel mean; does not replace pooled main metric
jena,BOLT_SMALL_LEVEL,LEVEL,v7_jena_level_res_92601,92601,44399,test_b,0.1494841483122708,0.28365335305104045,-0.1506507869364993,21,1008,Origin-local observed-channel mean; does not replace pooled main metric
jena,BOLT_SMALL_LEVEL,LEVEL,v7_jena_level_res_92601,92601,44423,test_b,0.2514750363260993,0.3574212447385348,0.09842654475424852,21,1008,Origin-local observed-channel mean; does not replace pooled main metric
jena,BOLT_SMALL_LEVEL,LEVEL,v7_jena_level_res_92601,92601,44447,test_b,0.08084761126714189,0.1963264538873253,0.10366208421339887,21,1008,Origin-local observed-channel mean; does not replace pooled main metric
jena,BOLT_SMALL_LEVEL,LEVEL,v7_jena_level_res_92601,92601,44471,test_b,0.036954940888046774,0.12424759580180907,0.07662663494129592,21,1008,Origin-local observed-channel mean; does not replace pooled main metric
jena,BOLT_SMALL_LEVEL,LEVEL,v7_jena_level_res_92601,92601,44495,test_b,0.04311283046810882,0.13441407603594208,0.06079074876458709,21,1008,Origin-local observed-channel mean; does not replace pooled main metric
jena,BOLT_SMALL_LEVEL,LEVEL,v7_jena_level_res_92601,92601,44519,test_b,0.16402729683295458,0.2867114421406147,-0.125983962157671,21,1008,Origin-local observed-channel mean; does not replace pooled main metric
jena,BOLT_SMALL_LEVEL,LEVEL,v7_jena_level_res_92601,92601,44543,test_b,0.2784580664675514,0.3833953457351383,-0.14175370877695506,21,1008,Origin-local observed-channel mean; does not replace pooled main metric
jena,BOLT_SMALL_LEVEL,LEVEL,v7_jena_level_res_92601,92601,44567,test_b,0.18345648135693843,0.3050486260351987,0.1070321985607734,21,1008,Origin-local observed-channel mean; does not replace pooled main metric
jena,BOLT_SMALL_LEVEL,LEVEL,v7_jena_level_res_92601,92601,44591,test_b,0.09908577359181558,0.19233318960577309,0.019957782806332466,21,1008,Origin-local observed-channel mean; does not replace pooled main metric
jena,BOLT_SMALL_LEVEL,LEVEL,v7_jena_level_res_92601,92601,44615,test_b,0.12072240847797615,0.1621305958398143,-0.00166908312611566,21,1008,Origin-local observed-channel mean; does not replace pooled main metric
jena,BOLT_SMALL_LEVEL,LEVEL,v7_jena_level_res_92601,92601,44639,test_b,0.20738623364781555,0.2270173315228599,-0.06253690808634497,21,1008,Origin-local observed-channel mean; does not replace pooled main metric
jena,BOLT_SMALL_LEVEL,LEVEL,v7_jena_level_res_92601,92601,44663,test_b,0.10202494708323429,0.16901934185131853,-0.03531010629838363,21,1008,Origin-local observed-channel mean; does not replace pooled main metric
jena,BOLT_SMALL_LEVEL,LEVEL,v7_jena_level_res_92601,92601,44687,test_b,0.07433508717273939,0.17919267647304213,-0.04772900653777123,21,1008,Origin-local observed-channel mean; does not replace pooled main metric
jena,BOLT_SMALL_LEVEL,LEVEL,v7_jena_level_res_92601,92601,44711,test_b,0.10176647675571703,0.20147688944612924,0.021026305730629247,21,1008,Origin-local observed-channel mean; does not replace pooled main metric
jena,BOLT_SMALL_LEVEL,LEVEL,v7_jena_level_res_92601,92601,44735,test_b,0.12662418008460632,0.14413835616072726,0.05552831171671787,21,1008,Origin-local observed-channel mean; does not replace pooled main metric
jena,BOLT_SMALL_LEVEL,LEVEL,v7_jena_level_res_92601,92601,44759,test_b,0.24534226128453845,0.16268167279878748,0.11612109436620292,21,1008,Origin-local observed-channel mean; does not replace pooled main metric
jena,BOLT_SMALL_LEVEL,LEVEL,v7_jena_level_res_92601,92601,44783,test_b,0.26715794849178554,0.17074481993617993,0.11023424484486144,21,1008,Origin-local observed-channel mean; does not replace pooled main metric
jena,BOLT_SMALL_LEVEL,LEVEL,v7_jena_level_res_92601,92601,44807,test_b,0.19778357851444137,0.20757765523601496,0.0492185353013199,21,1008,Origin-local observed-channel mean; does not replace pooled main metric
jena,BOLT_SMALL_LEVEL,LEVEL,v7_jena_level_res_92601,92601,44831,test_b,0.11394721757968561,0.17975812385760484,-0.04261591244444607,21,1008,Origin-local observed-channel mean; does not replace pooled main metric
jena,BOLT_SMALL_LEVEL,LEVEL,v7_jena_level_res_92601,92601,44855,test_b,0.08883849062134228,0.16558921623176764,-0.021194583921146308,21,1008,Origin-local observed-channel mean; does not replace pooled main metric
jena,BOLT_SMALL_LEVEL,LEVEL,v7_jena_level_res_92601,92601,44879,test_b,0.08717686858828298,0.14750549757272463,-0.051463144533738084,21,1008,Origin-local observed-channel mean; does not replace pooled main metric
jena,BOLT_SMALL_LEVEL,LEVEL,v7_jena_level_res_92601,92601,44903,test_b,0.09135096189107934,0.1684177117959258,-0.04027107908445436,21,1008,Origin-local observed-channel mean; does not replace pooled main metric
jena,BOLT_SMALL_LEVEL,LEVEL,v7_jena_level_res_92601,92601,44927,test_b,0.1183735494226801,0.1986825092351951,-0.06719894732149051,21,1008,Origin-local observed-channel mean; does not replace pooled main metric
jena,BOLT_SMALL_LEVEL,LEVEL,v7_jena_level_res_92601,92601,44951,test_b,0.0862652129131855,0.18760350379272409,-0.017601191341536978,21,1008,Origin-local observed-channel mean; does not replace pooled main metric
jena,BOLT_SMALL_LEVEL,LEVEL,v7_jena_level_res_92601,92601,44975,test_b,0.04883853193271755,0.17013710599539558,-0.060306170635158196,21,1008,Origin-local observed-channel mean; does not replace pooled main metric
jena,BOLT_SMALL_LEVEL,LEVEL,v7_jena_level_res_92601,92601,44999,test_b,0.12755659873519204,0.23444832041114128,0.1625902920029422,21,1008,Origin-local observed-channel mean; does not replace pooled main metric
jena,BOLT_SMALL_LEVEL,LEVEL,v7_jena_level_res_92601,92601,45023,test_b,0.17876182956743683,0.2538241637115182,-0.04879333187235471,21,1008,Origin-local observed-channel mean; does not replace pooled main metric
jena,BOLT_SMALL_LEVEL,LEVEL,v7_jena_level_res_92601,92601,45047,test_b,0.06142130541094047,0.1364016399588547,0.02348503980107443,21,1008,Origin-local observed-channel mean; does not replace pooled main metric
jena,BOLT_SMALL_LEVEL,LEVEL,v7_jena_level_res_92601,92601,45071,test_b,0.05228100994041088,0.14177683915800618,0.06708519556051458,21,1008,Origin-local observed-channel mean; does not replace pooled main metric
jena,BOLT_SMALL_LEVEL,LEVEL,v7_jena_level_res_92601,92601,45095,test_b,0.13293726451926405,0.21305430370626882,-0.0449778823688301,21,1008,Origin-local observed-channel mean; does not replace pooled main metric
jena,BOLT_SMALL_LEVEL,LEVEL,v7_jena_level_res_92601,92601,45119,test_b,0.4699630797587422,0.5188647659725532,-0.2445425223471368,21,1008,Origin-local observed-channel mean; does not replace pooled main metric
jena,BOLT_SMALL_LEVEL,LEVEL,v7_jena_level_res_92601,92601,45143,test_b,0.41433736098802953,0.3925770339449786,0.01716762113649147,21,1008,Origin-local observed-channel mean; does not replace pooled main metric
jena,BOLT_SMALL_LEVEL,LEVEL,v7_jena_level_res_92601,92601,45167,test_b,0.548466725880672,0.38982193074595656,-0.17800615299382203,21,1008,Origin-local observed-channel mean; does not replace pooled main metric
jena,BOLT_SMALL_LEVEL,LEVEL,v7_jena_level_res_92601,92601,45191,test_b,0.21819878012850785,0.271892679967947,-0.0211645109553097,21,1008,Origin-local observed-channel mean; does not replace pooled main metric
jena,BOLT_SMALL_LEVEL,LEVEL,v7_jena_level_res_92601,92601,45215,test_b,0.31657726182678775,0.4583529063153066,0.2138401750172119,21,1008,Origin-local observed-channel mean; does not replace pooled main metric
jena,BOLT_SMALL_LEVEL,LEVEL,v7_jena_level_res_92601,92601,45239,test_b,0.09247134962677964,0.14984800105005325,-0.06097942120062986,21,1008,Origin-local observed-channel mean; does not replace pooled main metric
jena,BOLT_SMALL_LEVEL,LEVEL,v7_jena_level_res_92601,92601,45263,test_b,0.2560185075220727,0.28846914021172176,-0.09656077024371212,21,1008,Origin-local observed-channel mean; does not replace pooled main metric
jena,BOLT_SMALL_LEVEL,LEVEL,v7_jena_level_res_92601,92601,45287,test_b,0.18351674962656647,0.2844560304073393,0.028554167300171678,21,1008,Origin-local observed-channel mean; does not replace pooled main metric
jena,BOLT_SMALL_LEVEL,LEVEL,v7_jena_level_res_92601,92601,45311,test_b,0.1688911260038434,0.22600809937816055,0.003895982782105128,21,1008,Origin-local observed-channel mean; does not replace pooled main metric
jena,BOLT_SMALL_LEVEL,LEVEL,v7_jena_level_res_92601,92601,45335,test_b,0.1369290001815527,0.22086861724817447,0.00742975543696611,21,1008,Origin-local observed-channel mean; does not replace pooled main metric
jena,BOLT_SMALL_LEVEL,LEVEL,v7_jena_level_res_92601,92601,45359,test_b,0.1575119283786648,0.21883756772518925,-0.11289646011030688,21,1008,Origin-local observed-channel mean; does not replace pooled main metric
jena,BOLT_SMALL_LEVEL,LEVEL,v7_jena_level_res_92601,92601,45383,test_b,0.19936237244700558,0.26588012119671994,-0.05762385766692681,21,1008,Origin-local observed-channel mean; does not replace pooled main metric
jena,BOLT_SMALL_LEVEL,LEVEL,v7_jena_level_res_92601,92601,45407,test_b,0.15827849420219656,0.25645742454336923,-0.06979195447453845,21,1008,Origin-local observed-channel mean; does not replace pooled main metric
jena,BOLT_SMALL_LEVEL,LEVEL,v7_jena_level_res_92601,92601,45431,test_b,0.46891636568670075,0.29088996422600877,-0.002293561263257521,21,1008,Origin-local observed-channel mean; does not replace pooled main metric
jena,BOLT_SMALL_LEVEL,LEVEL,v7_jena_level_res_92601,92601,45455,test_b,0.7611030582963707,0.32700361104994835,-0.14578044092588016,21,1008,Origin-local observed-channel mean; does not replace pooled main metric
jena,BOLT_SMALL_LEVEL,LEVEL,v7_jena_level_res_92601,92601,45479,test_b,0.2604238175289602,0.21936734285375833,0.02622789225123207,21,1008,Origin-local observed-channel mean; does not replace pooled main metric
jena,BOLT_SMALL_LEVEL,LEVEL,v7_jena_level_res_92601,92601,45503,test_b,0.2974063153707026,0.24707297025134536,0.043809856542504834,21,1008,Origin-local observed-channel mean; does not replace pooled main metric
jena,BOLT_SMALL_LEVEL,LEVEL,v7_jena_level_res_92601,92601,45527,test_b,0.3722593026041344,0.31922624686307066,-0.04397211131121338,21,1008,Origin-local observed-channel mean; does not replace pooled main metric
jena,BOLT_SMALL_LEVEL,LEVEL,v7_jena_level_res_92601,92601,45551,test_b,0.22437513321349195,0.30186280468227605,-0.020169543577948288,21,1008,Origin-local observed-channel mean; does not replace pooled main metric
jena,BOLT_SMALL_LEVEL,LEVEL,v7_jena_level_res_92601,92601,45575,test_b,0.19615340461946745,0.3172815900179558,0.12500693348683564,21,1008,Origin-local observed-channel mean; does not replace pooled main metric
jena,BOLT_SMALL_LEVEL,LEVEL,v7_jena_level_res_92601,92601,45599,test_b,0.309406185010156,0.29902135370860977,0.04023913456688797,21,1008,Origin-local observed-channel mean; does not replace pooled main metric
jena,BOLT_SMALL_LEVEL,LEVEL,v7_jena_level_res_92601,92601,45623,test_b,0.19012808039470658,0.22162398494159183,-0.020886591524772697,21,1008,Origin-local observed-channel mean; does not replace pooled main metric
jena,BOLT_SMALL_LEVEL,LEVEL,v7_jena_level_res_92601,92601,45647,test_b,0.24604481830619238,0.2015303920858377,-0.06614452715416158,21,1008,Origin-local observed-channel mean; does not replace pooled main metric
jena,BOLT_SMALL_LEVEL,LEVEL,v7_jena_level_res_92601,92601,45671,test_b,0.11095334933538505,0.18551064753491017,-0.01724056118271417,21,1008,Origin-local observed-channel mean; does not replace pooled main metric
jena,BOLT_SMALL_LEVEL,LEVEL,v7_jena_level_res_92601,92601,45695,test_b,0.13030707626202748,0.23532027201837905,-0.06782369172784485,21,1008,Origin-local observed-channel mean; does not replace pooled main metric
jena,BOLT_SMALL_LEVEL,LEVEL,v7_jena_level_res_92601,92601,45719,test_b,0.08802404845287712,0.15847068525654898,0.0036914732708181767,21,1008,Origin-local observed-channel mean; does not replace pooled main metric
jena,BOLT_SMALL_LEVEL,LEVEL,v7_jena_level_res_92601,92601,45743,test_b,0.09716530787262057,0.21046323942977732,-0.0038623600664164158,21,1008,Origin-local observed-channel mean; does not replace pooled main metric
jena,BOLT_SMALL_LEVEL,LEVEL,v7_jena_level_res_92601,92601,45767,test_b,0.07419454302736495,0.16929375063461652,0.09386874810655763,21,1008,Origin-local observed-channel mean; does not replace pooled main metric
jena,BOLT_SMALL_LEVEL,LEVEL,v7_jena_level_res_92601,92601,45791,test_b,0.34303250140633007,0.23562375302537383,0.03310301716786825,21,1008,Origin-local observed-channel mean; does not replace pooled main metric
jena,BOLT_SMALL_LEVEL,LEVEL,v7_jena_level_res_92601,92601,45815,test_b,0.33014488186298513,0.2826581356487059,-0.09557875843315813,21,1008,Origin-local observed-channel mean; does not replace pooled main metric
jena,BOLT_SMALL_LEVEL,LEVEL,v7_jena_level_res_92601,92601,45839,test_b,0.30320573603904033,0.40077296398140744,-0.1215630265770227,21,1008,Origin-local observed-channel mean; does not replace pooled main metric
jena,BOLT_SMALL_LEVEL,LEVEL,v7_jena_level_res_92601,92601,45863,test_b,0.18785344997009035,0.28399384505100606,0.04960659251485465,21,1008,Origin-local observed-channel mean; does not replace pooled main metric
jena,BOLT_SMALL_LEVEL,LEVEL,v7_jena_level_res_92601,92601,45887,test_b,0.12875221438699602,0.23932069337013032,-0.0814521658280033,21,1008,Origin-local observed-channel mean; does not replace pooled main metric
jena,BOLT_SMALL_LEVEL,LEVEL,v7_jena_level_res_92601,92601,45911,test_b,0.04758552703724955,0.14777005022146086,-0.001439429201863748,21,1008,Origin-local observed-channel mean; does not replace pooled main metric
jena,BOLT_SMALL_LEVEL,LEVEL,v7_jena_level_res_92601,92601,45935,test_b,0.03864272514262165,0.10962837951557872,0.024015001930069595,21,1008,Origin-local observed-channel mean; does not replace pooled main metric
jena,BOLT_SMALL_LEVEL,LEVEL,v7_jena_level_res_92601,92601,45959,test_b,0.046960947173877325,0.14098780399875807,0.02703924822465827,21,1008,Origin-local observed-channel mean; does not replace pooled main metric
jena,BOLT_SMALL_LEVEL,LEVEL,v7_jena_level_res_92601,92601,45983,test_b,0.11471113680927611,0.25363668674069073,0.010971956981977966,21,1008,Origin-local observed-channel mean; does not replace pooled main metric
jena,BOLT_SMALL_LEVEL,LEVEL,v7_jena_level_res_92601,92601,46007,test_b,0.08354243862353128,0.22266365447781963,0.12781955304856793,21,1008,Origin-local observed-channel mean; does not replace pooled main metric
jena,BOLT_SMALL_LEVEL,LEVEL,v7_jena_level_res_92601,92601,46031,test_b,0.028671302371160213,0.12212314375025765,0.06282529142123484,21,1008,Origin-local observed-channel mean; does not replace pooled main metric
jena,BOLT_SMALL_LEVEL,LEVEL,v7_jena_level_res_92601,92601,46055,test_b,0.03476838392497525,0.1114471600934242,0.02512460146727602,21,1008,Origin-local observed-channel mean; does not replace pooled main metric
jena,BOLT_SMALL_LEVEL,LEVEL,v7_jena_level_res_92601,92601,46079,test_b,0.0582234740625173,0.1442438599374977,0.053757208322095386,21,1008,Origin-local observed-channel mean; does not replace pooled main metric
jena,BOLT_SMALL_LEVEL,LEVEL,v7_jena_level_res_92601,92601,46103,test_b,0.1017420642656737,0.18809400366964318,0.012021717472562735,21,1008,Origin-local observed-channel mean; does not replace pooled main metric
jena,BOLT_SMALL_LEVEL,LEVEL,v7_jena_level_res_92601,92601,46127,test_b,0.15135006201114828,0.23027158423423,-0.06309460223230186,21,1008,Origin-local observed-channel mean; does not replace pooled main metric
jena,BOLT_SMALL_LEVEL,LEVEL,v7_jena_level_res_92601,92601,46151,test_b,0.06784312335944069,0.18166031723203127,0.09730968063723548,21,1008,Origin-local observed-channel mean; does not replace pooled main metric
jena,BOLT_SMALL_LEVEL,LEVEL,v7_jena_level_res_92601,92601,46175,test_b,0.11778506537754994,0.14584354401565164,-0.026860722035977114,21,1008,Origin-local observed-channel mean; does not replace pooled main metric
jena,BOLT_SMALL_LEVEL,LEVEL,v7_jena_level_res_92601,92601,46199,test_b,0.24155636185954824,0.22356533495015662,-0.07522383710619622,21,1008,Origin-local observed-channel mean; does not replace pooled main metric
jena,BOLT_SMALL_LEVEL,LEVEL,v7_jena_level_res_92601,92601,46223,test_b,0.09707295194177577,0.19136811827538333,0.014415164856415242,21,1008,Origin-local observed-channel mean; does not replace pooled main metric
jena,BOLT_SMALL_LEVEL,LEVEL,v7_jena_level_res_92601,92601,46247,test_b,0.2852782847720285,0.2838500494913277,-0.14068675729862348,21,1008,Origin-local observed-channel mean; does not replace pooled main metric
jena,BOLT_SMALL_LEVEL,LEVEL,v7_jena_level_res_92601,92601,46271,test_b,0.2090428472262852,0.2245561385098549,-0.1713795025596425,21,1008,Origin-local observed-channel mean; does not replace pooled main metric
jena,BOLT_SMALL_LEVEL,LEVEL,v7_jena_level_res_92601,92601,46295,test_b,0.27840114113860615,0.24489229194838866,0.09910522651729739,21,1008,Origin-local observed-channel mean; does not replace pooled main metric
jena,BOLT_SMALL_LEVEL,LEVEL,v7_jena_level_res_92601,92601,46319,test_b,0.3060505495306384,0.3148170269293284,0.07585726959535219,21,1008,Origin-local observed-channel mean; does not replace pooled main metric
jena,BOLT_SMALL_LEVEL,LEVEL,v7_jena_level_res_92601,92601,46343,test_b,0.06830818073775351,0.1939823044402089,0.08757092296709455,21,1008,Origin-local observed-channel mean; does not replace pooled main metric
jena,BOLT_SMALL_LEVEL,LEVEL,v7_jena_level_res_92601,92601,46367,test_b,0.4640790098251399,0.28092379362132053,-0.05198733556585105,21,1008,Origin-local observed-channel mean; does not replace pooled main metric
jena,BOLT_SMALL_LEVEL,LEVEL,v7_jena_level_res_92601,92601,46391,test_b,0.5711112561214282,0.4036461491418849,-0.15535365155792244,21,1008,Origin-local observed-channel mean; does not replace pooled main metric
jena,BOLT_SMALL_LEVEL,LEVEL,v7_jena_level_res_92601,92601,46415,test_b,0.19043490774522198,0.27469625215922455,-0.04783683190561576,21,1008,Origin-local observed-channel mean; does not replace pooled main metric
jena,BOLT_SMALL_LEVEL,LEVEL,v7_jena_level_res_92601,92601,46439,test_b,0.2261995839033874,0.33223478390561745,0.22645317593086803,21,1008,Origin-local observed-channel mean; does not replace pooled main metric
jena,BOLT_SMALL_LEVEL,LEVEL,v7_jena_level_res_92601,92601,46463,test_b,0.19573815175054715,0.27373582408634123,0.1300178780931876,21,1008,Origin-local observed-channel mean; does not replace pooled main metric
jena,BOLT_SMALL_LEVEL,LEVEL,v7_jena_level_res_92601,92601,46487,test_b,0.30316674334319,0.26265420357046265,0.084713063006925,21,1008,Origin-local observed-channel mean; does not replace pooled main metric
jena,BOLT_SMALL_LEVEL,LEVEL,v7_jena_level_res_92601,92601,46511,test_b,0.45539526127927565,0.29483087578999057,0.008434263531983436,21,1008,Origin-local observed-channel mean; does not replace pooled main metric
jena,BOLT_SMALL_LEVEL,LEVEL,v7_jena_level_res_92601,92601,46535,test_b,1.0850442821694148,0.5540169424478458,-0.2333202747230434,21,1008,Origin-local observed-channel mean; does not replace pooled main metric
jena,BOLT_SMALL_LEVEL,LEVEL,v7_jena_level_res_92601,92601,46559,test_b,1.626655545715045,0.7637018844939085,-0.4764164806412542,21,1008,Origin-local observed-channel mean; does not replace pooled main metric
jena,BOLT_SMALL_LEVEL,LEVEL,v7_jena_level_res_92601,92601,46583,test_b,0.2757055020243182,0.3410831650278505,0.01432866327876769,21,1008,Origin-local observed-channel mean; does not replace pooled main metric
jena,BOLT_SMALL_LEVEL,LEVEL,v7_jena_level_res_92601,92601,46607,test_b,1.088679982268771,0.567292776111023,0.10828336892723558,21,1008,Origin-local observed-channel mean; does not replace pooled main metric
jena,BOLT_SMALL_LEVEL,LEVEL,v7_jena_level_res_92601,92601,46631,test_b,1.0411212732042308,0.7695076917769343,0.31166059752586217,21,1008,Origin-local observed-channel mean; does not replace pooled main metric
jena,BOLT_SMALL_LEVEL,LEVEL,v7_jena_level_res_92601,92601,46655,test_b,0.09831290620684353,0.19439991856444747,0.104859532424367,21,1008,Origin-local observed-channel mean; does not replace pooled main metric
jena,BOLT_SMALL_LEVEL,LEVEL,v7_jena_level_res_92601,92601,46679,test_b,0.0945483833798366,0.18455264567848415,0.019265354960225523,21,1008,Origin-local observed-channel mean; does not replace pooled main metric
jena,BOLT_SMALL_LEVEL,LEVEL,v7_jena_level_res_92601,92601,46703,test_b,0.16772469923811664,0.22931347373955685,-0.031988279260755016,21,1008,Origin-local observed-channel mean; does not replace pooled main metric
jena,BOLT_SMALL_LEVEL,LEVEL,v7_jena_level_res_92601,92601,46727,test_b,0.15012187203427346,0.21732606633974236,0.011231280317588245,21,1008,Origin-local observed-channel mean; does not replace pooled main metric
jena,BOLT_SMALL_LEVEL,LEVEL,v7_jena_level_res_92601,92601,46751,test_b,0.14373869805044176,0.1890185509253079,0.06821761589768964,21,1008,Origin-local observed-channel mean; does not replace pooled main metric
jena,BOLT_SMALL_LEVEL,LEVEL,v7_jena_level_res_92601,92601,46775,test_b,0.07450940945464274,0.17323358564790972,0.020237215670354157,21,1008,Origin-local observed-channel mean; does not replace pooled main metric
jena,BOLT_SMALL_LEVEL,LEVEL,v7_jena_level_res_92601,92601,46799,test_b,0.12760568825583893,0.25465218437256276,0.16306590534758655,21,1008,Origin-local observed-channel mean; does not replace pooled main metric
jena,BOLT_SMALL_LEVEL,LEVEL,v7_jena_level_res_92601,92601,46823,test_b,0.18143421311625765,0.29405142396059264,0.12153010030063648,21,1008,Origin-local observed-channel mean; does not replace pooled main metric
jena,BOLT_SMALL_LEVEL,LEVEL,v7_jena_level_res_92601,92601,46847,test_b,0.26344709223338164,0.3102920160976253,0.010956235983896818,21,1008,Origin-local observed-channel mean; does not replace pooled main metric
jena,BOLT_SMALL_LEVEL,LEVEL,v7_jena_level_res_92601,92601,46871,test_b,0.6048719138923515,0.5675703128380561,0.3336102946966079,21,1008,Origin-local observed-channel mean; does not replace pooled main metric
jena,BOLT_SMALL_LEVEL,LEVEL,v7_jena_level_res_92601,92601,46895,test_b,0.10149799956668468,0.22440275874430973,0.14878056946684998,21,1008,Origin-local observed-channel mean; does not replace pooled main metric
jena,BOLT_SMALL_LEVEL,LEVEL,v7_jena_level_res_92601,92601,46919,test_b,0.1235202313452868,0.1587677752194438,0.05315629635579027,21,1008,Origin-local observed-channel mean; does not replace pooled main metric
jena,BOLT_SMALL_LEVEL,LEVEL,v7_jena_level_res_92601,92601,46943,test_b,0.10875971498801348,0.21650512007597303,-0.05738498208053883,21,1008,Origin-local observed-channel mean; does not replace pooled main metric
jena,BOLT_SMALL_LEVEL,LEVEL,v7_jena_level_res_92601,92601,46967,test_b,0.1601045541534161,0.18725905477959526,-0.1272079270296787,21,1008,Origin-local observed-channel mean; does not replace pooled main metric
jena,BOLT_SMALL_LEVEL,LEVEL,v7_jena_level_res_92601,92601,46991,test_b,0.31416239703001037,0.3097995086610022,-0.23287028003653085,21,1008,Origin-local observed-channel mean; does not replace pooled main metric
jena,BOLT_SMALL_LEVEL,LEVEL,v7_jena_level_res_92601,92601,47015,test_b,0.27446351684050857,0.32251840526742087,-0.006034185414064865,21,1008,Origin-local observed-channel mean; does not replace pooled main metric
jena,BOLT_SMALL_LEVEL,LEVEL,v7_jena_level_res_92601,92601,47039,test_b,0.4686135848735613,0.3055210160793707,-0.18572671765402435,21,1008,Origin-local observed-channel mean; does not replace pooled main metric
jena,BOLT_SMALL_LEVEL,LEVEL,v7_jena_level_res_92601,92601,47063,test_b,0.26089779778282984,0.2763474762392607,0.034388572695971786,21,1008,Origin-local observed-channel mean; does not replace pooled main metric
jena,BOLT_SMALL_LEVEL,LEVEL,v7_jena_level_res_92601,92601,47087,test_b,0.4091744716661248,0.37603012358724497,0.14883869935112587,21,1008,Origin-local observed-channel mean; does not replace pooled main metric
jena,BOLT_SMALL_LEVEL,LEVEL,v7_jena_level_res_92601,92601,47111,test_b,0.18787674614453365,0.2344462873718132,0.053473390790814944,21,1008,Origin-local observed-channel mean; does not replace pooled main metric
jena,BOLT_SMALL_LEVEL,LEVEL,v7_jena_level_res_92601,92601,47135,test_b,0.30455116667659154,0.3804406989478998,-0.25814221048425506,21,1008,Origin-local observed-channel mean; does not replace pooled main metric
jena,BOLT_SMALL_LEVEL,LEVEL,v7_jena_level_res_92601,92601,47159,test_b,0.10150726269002501,0.19383667072092758,-0.0016813165303097895,21,1008,Origin-local observed-channel mean; does not replace pooled main metric
jena,BOLT_SMALL_LEVEL,LEVEL,v7_jena_level_res_92601,92601,47183,test_b,0.17154279785243826,0.24997607453626608,-0.001335152436179251,21,1008,Origin-local observed-channel mean; does not replace pooled main metric
jena,BOLT_SMALL_LEVEL,LEVEL,v7_jena_level_res_92601,92601,47207,test_b,0.3388008433097792,0.31849315370494774,-0.10780817799413202,21,1008,Origin-local observed-channel mean; does not replace pooled main metric
jena,BOLT_SMALL_LEVEL,LEVEL,v7_jena_level_res_92601,92601,47231,test_b,0.6349116192441704,0.4004653707791635,-0.2824843947964981,21,1008,Origin-local observed-channel mean; does not replace pooled main metric
jena,BOLT_SMALL_LEVEL,LEVEL,v7_jena_level_res_92601,92601,47255,test_b,0.23560257669708035,0.30129296973400266,-0.2371725688238416,21,1008,Origin-local observed-channel mean; does not replace pooled main metric
jena,BOLT_SMALL_LEVEL,LEVEL,v7_jena_level_res_92601,92601,47279,test_b,0.24634345946695677,0.34744487226944043,-0.13762833091115884,21,1008,Origin-local observed-channel mean; does not replace pooled main metric
jena,BOLT_SMALL_LEVEL,LEVEL,v7_jena_level_res_92601,92601,47303,test_b,0.2998473790816447,0.31717789502914784,0.17049530598353793,21,1008,Origin-local observed-channel mean; does not replace pooled main metric
jena,BOLT_SMALL_LEVEL,LEVEL,v7_jena_level_res_92601,92601,47327,test_b,0.04423983356810016,0.14120987119554593,0.034010578050497106,21,1008,Origin-local observed-channel mean; does not replace pooled main metric
jena,BOLT_SMALL_LEVEL,LEVEL,v7_jena_level_res_92601,92601,47351,test_b,0.30118138092714974,0.32868101721523707,0.16929395420932752,21,1008,Origin-local observed-channel mean; does not replace pooled main metric
jena,BOLT_SMALL_LEVEL,LEVEL,v7_jena_level_res_92601,92601,47375,test_b,0.04348820615100782,0.11737354482818138,0.011844021951493772,21,1008,Origin-local observed-channel mean; does not replace pooled main metric
jena,BOLT_SMALL_LEVEL,LEVEL,v7_jena_level_res_92601,92601,47399,test_b,0.12757746636167946,0.21811325156349565,-0.03243026014151548,21,1008,Origin-local observed-channel mean; does not replace pooled main metric
jena,BOLT_SMALL_LEVEL,LEVEL,v7_jena_level_res_92601,92601,47423,test_b,0.3195283739258491,0.39037851391474265,-0.17669016769766116,21,1008,Origin-local observed-channel mean; does not replace pooled main metric
jena,BOLT_SMALL_LEVEL,LEVEL,v7_jena_level_res_92601,92601,47447,test_b,0.33698194062835396,0.43036613643417937,0.20802979620791684,21,1008,Origin-local observed-channel mean; does not replace pooled main metric
jena,BOLT_SMALL_LEVEL,LEVEL,v7_jena_level_res_92601,92601,47471,test_b,0.10432478585399912,0.2067025966641109,0.06891105012757526,21,1008,Origin-local observed-channel mean; does not replace pooled main metric
jena,BOLT_SMALL_LEVEL,LEVEL,v7_jena_level_res_92601,92601,47495,test_b,0.7904982279860919,0.48639785445722367,-0.3034474449616229,21,1008,Origin-local observed-channel mean; does not replace pooled main metric
jena,BOLT_SMALL_LEVEL,LEVEL,v7_jena_level_res_92601,92601,47519,test_b,0.8078094504425073,0.6220912317699074,-0.13737578186838717,21,1008,Origin-local observed-channel mean; does not replace pooled main metric
jena,BOLT_SMALL_LEVEL,LEVEL,v7_jena_level_res_92601,92601,47543,test_b,0.35590067506561623,0.4219019486692905,-0.02259611633792427,21,1008,Origin-local observed-channel mean; does not replace pooled main metric
jena,BOLT_SMALL_LEVEL,LEVEL,v7_jena_level_res_92601,92601,47567,test_b,0.2066531900950545,0.33163228868192707,-0.009302151690159619,21,1008,Origin-local observed-channel mean; does not replace pooled main metric
jena,BOLT_SMALL_LEVEL,LEVEL,v7_jena_level_res_92601,92601,47591,test_b,0.5380184625155637,0.5194231252314657,0.2887227069978031,21,1008,Origin-local observed-channel mean; does not replace pooled main metric
jena,BOLT_SMALL_LEVEL,LEVEL,v7_jena_level_res_92601,92601,47615,test_b,0.14746444656890265,0.26379535392749986,0.06315207624524306,21,1008,Origin-local observed-channel mean; does not replace pooled main metric
jena,BOLT_SMALL_LEVEL,LEVEL,v7_jena_level_res_92601,92601,47639,test_b,0.1475789289186844,0.25996605952322066,0.08127400854654196,21,1008,Origin-local observed-channel mean; does not replace pooled main metric
jena,BOLT_SMALL_LEVEL,LEVEL,v7_jena_level_res_92601,92601,47663,test_b,0.07740833545322598,0.19649274292631105,0.033406250923502426,21,1008,Origin-local observed-channel mean; does not replace pooled main metric
jena,BOLT_SMALL_LEVEL,LEVEL,v7_jena_level_res_92601,92601,47687,test_b,0.15684530027793997,0.2373793228799182,-0.047854141969721584,21,1008,Origin-local observed-channel mean; does not replace pooled main metric
jena,BOLT_SMALL_LEVEL,LEVEL,v7_jena_level_res_92601,92601,47711,test_b,0.5087579442694793,0.5520943721972539,-0.3457761636948109,21,1008,Origin-local observed-channel mean; does not replace pooled main metric
jena,BOLT_SMALL_LEVEL,LEVEL,v7_jena_level_res_92601,92601,47735,test_b,0.6785632383357575,0.48959307688669973,0.0745927490423792,21,1008,Origin-local observed-channel mean; does not replace pooled main metric
jena,BOLT_SMALL_LEVEL,LEVEL,v7_jena_level_res_92601,92601,47759,test_b,0.355900323746341,0.3243329937324291,-0.15769969876030712,21,1008,Origin-local observed-channel mean; does not replace pooled main metric
jena,BOLT_SMALL_LEVEL,LEVEL,v7_jena_level_res_92601,92601,47783,test_b,0.19554592708181465,0.2961793311694799,0.03873655066625014,21,1008,Origin-local observed-channel mean; does not replace pooled main metric
jena,BOLT_SMALL_LEVEL,LEVEL,v7_jena_level_res_92601,92601,47807,test_b,0.22062409233504815,0.32375854619564803,0.16437416120757078,21,1008,Origin-local observed-channel mean; does not replace pooled main metric
jena,BOLT_SMALL_LEVEL,LEVEL,v7_jena_level_res_92601,92601,47831,test_b,0.12659425523868767,0.22245934051141605,-0.17192004100572722,21,1008,Origin-local observed-channel mean; does not replace pooled main metric
jena,BOLT_SMALL_LEVEL,LEVEL,v7_jena_level_res_92601,92601,47855,test_b,0.09629354017087557,0.1950496552408223,-0.0928436165118506,21,1008,Origin-local observed-channel mean; does not replace pooled main metric
jena,BOLT_SMALL_LEVEL,LEVEL,v7_jena_level_res_92601,92601,47879,test_b,0.1419695852483042,0.2644652542852753,0.058536837737818356,21,1008,Origin-local observed-channel mean; does not replace pooled main metric
jena,BOLT_SMALL_LEVEL,LEVEL,v7_jena_level_res_92601,92601,47903,test_b,0.040370443494381146,0.1337493182205464,0.05094997077777942,21,1008,Origin-local observed-channel mean; does not replace pooled main metric
jena,BOLT_SMALL_LEVEL,LEVEL,v7_jena_level_res_92601,92601,47927,test_b,0.04222221210559438,0.12510007127044476,0.04011365584486316,21,1008,Origin-local observed-channel mean; does not replace pooled main metric
jena,BOLT_SMALL_LEVEL,LEVEL,v7_jena_level_res_92601,92601,47951,test_b,0.041862990286103755,0.12226007193777826,0.006383271420389295,21,1008,Origin-local observed-channel mean; does not replace pooled main metric
jena,BOLT_SMALL_LEVEL,LEVEL,v7_jena_level_res_92601,92601,47975,test_b,0.13089829947244563,0.1835697974366624,0.002219683579390957,21,1008,Origin-local observed-channel mean; does not replace pooled main metric
jena,BOLT_SMALL_LEVEL,LEVEL,v7_jena_level_res_92601,92601,47999,test_b,0.34342216469227976,0.2733763904007714,0.10397264978197951,21,1008,Origin-local observed-channel mean; does not replace pooled main metric
jena,BOLT_SMALL_LEVEL,LEVEL,v7_jena_level_res_92601,92601,48023,test_b,0.31434229492109644,0.34895113898078084,0.08058605563391688,21,1008,Origin-local observed-channel mean; does not replace pooled main metric
jena,BOLT_SMALL_LEVEL,LEVEL,v7_jena_level_res_92601,92601,48047,test_b,0.3320547797153091,0.34698697310915805,0.014731053590251593,21,1008,Origin-local observed-channel mean; does not replace pooled main metric
jena,BOLT_SMALL_LEVEL,LEVEL,v7_jena_level_res_92601,92601,48071,test_b,0.26596873607628263,0.30473840348829057,0.007209738248973955,21,1008,Origin-local observed-channel mean; does not replace pooled main metric
jena,BOLT_SMALL_LEVEL,LEVEL,v7_jena_level_res_92601,92601,48095,test_b,0.17027085231804534,0.2548276221024848,-0.060216346430400074,21,1008,Origin-local observed-channel mean; does not replace pooled main metric
jena,BOLT_SMALL_LEVEL,LEVEL,v7_jena_level_res_92601,92601,48119,test_b,0.13622933227007156,0.21726946123182267,-0.055879733198722414,21,1008,Origin-local observed-channel mean; does not replace pooled main metric
jena,BOLT_SMALL_LEVEL,LEVEL,v7_jena_level_res_92601,92601,48143,test_b,0.4212489523148724,0.47424669372170075,-0.1904167511499494,21,1008,Origin-local observed-channel mean; does not replace pooled main metric
jena,BOLT_SMALL_LEVEL,LEVEL,v7_jena_level_res_92601,92601,48167,test_b,0.2856846351199892,0.3533725069110727,0.18714990803409673,21,1008,Origin-local observed-channel mean; does not replace pooled main metric
jena,BOLT_SMALL_LEVEL,LEVEL,v7_jena_level_res_92601,92601,48191,test_b,0.12542357048187508,0.21562586417620344,0.005812464773217,21,1008,Origin-local observed-channel mean; does not replace pooled main metric
jena,BOLT_SMALL_LEVEL,LEVEL,v7_jena_level_res_92601,92601,48215,test_b,0.10394515704971868,0.14977819747975213,0.03553462787328051,21,1008,Origin-local observed-channel mean; does not replace pooled main metric
jena,BOLT_SMALL_LEVEL,LEVEL,v7_jena_level_res_92601,92601,48239,test_b,0.17779621782999872,0.21532983589355675,0.06704940560406872,21,1008,Origin-local observed-channel mean; does not replace pooled main metric
jena,BOLT_SMALL_LEVEL,LEVEL,v7_jena_level_res_92601,92601,48263,test_b,0.21147536753740384,0.2425707385289512,-0.023740349358709025,21,1008,Origin-local observed-channel mean; does not replace pooled main metric
jena,BOLT_SMALL_LEVEL,LEVEL,v7_jena_level_res_92601,92601,48287,test_b,0.4629697887824179,0.5370261446604788,-0.281130487690844,21,1008,Origin-local observed-channel mean; does not replace pooled main metric
jena,BOLT_SMALL_LEVEL,LEVEL,v7_jena_level_res_92601,92601,48311,test_b,0.1808543866573991,0.31985834425398624,0.1830362142458586,21,1008,Origin-local observed-channel mean; does not replace pooled main metric
jena,BOLT_SMALL_LEVEL,LEVEL,v7_jena_level_res_92601,92601,48335,test_b,0.09636829568037875,0.22727154229551885,0.025104883746756797,21,1008,Origin-local observed-channel mean; does not replace pooled main metric
jena,BOLT_SMALL_LEVEL,LEVEL,v7_jena_level_res_92601,92601,48359,test_b,0.02932658912154662,0.11832596066960832,0.016085579683556082,21,1008,Origin-local observed-channel mean; does not replace pooled main metric
jena,BOLT_SMALL_LEVEL,LEVEL,v7_jena_level_res_92601,92601,48383,test_b,0.035663485609109515,0.12208443046510514,-0.021532404341823644,21,1008,Origin-local observed-channel mean; does not replace pooled main metric
jena,BOLT_SMALL_LEVEL,LEVEL,v7_jena_level_res_92601,92601,48407,test_b,0.06281444956404149,0.17859291921125814,0.026693137929893078,21,1008,Origin-local observed-channel mean; does not replace pooled main metric
jena,BOLT_SMALL_LEVEL,LEVEL,v7_jena_level_res_92601,92601,48431,test_b,0.11859737073272028,0.24503664786203036,-0.1373276555437654,21,1008,Origin-local observed-channel mean; does not replace pooled main metric
jena,BOLT_SMALL_LEVEL,LEVEL,v7_jena_level_res_92601,92601,48455,test_b,0.18412867844949127,0.23108918869882702,0.06541421826160143,21,1008,Origin-local observed-channel mean; does not replace pooled main metric
jena,BOLT_SMALL_LEVEL,LEVEL,v7_jena_level_res_92601,92601,48479,test_b,0.15016133161055645,0.21896733535963683,-0.012637586877976972,21,1008,Origin-local observed-channel mean; does not replace pooled main metric
jena,BOLT_SMALL_LEVEL,LEVEL,v7_jena_level_res_92601,92601,48503,test_b,0.1150803438911955,0.1743383503570739,-0.02096616368489488,21,1008,Origin-local observed-channel mean; does not replace pooled main metric
jena,BOLT_SMALL_LEVEL,LEVEL,v7_jena_level_res_92601,92601,48527,test_b,0.09575477614989318,0.17754366523438384,0.004904680371668842,21,1008,Origin-local observed-channel mean; does not replace pooled main metric
jena,BOLT_SMALL_LEVEL,LEVEL,v7_jena_level_res_92601,92601,48551,test_b,0.10597385128966096,0.18805481128427867,-0.004018005605469205,21,1008,Origin-local observed-channel mean; does not replace pooled main metric
jena,BOLT_SMALL_LEVEL,LEVEL,v7_jena_level_res_92601,92601,48575,test_b,0.41273193798027163,0.43124020577681854,-0.23517605287045068,21,1008,Origin-local observed-channel mean; does not replace pooled main metric
jena,BOLT_SMALL_LEVEL,LEVEL,v7_jena_level_res_92601,92601,48599,test_b,0.4928540684722363,0.3877542665444679,-0.08016659188883968,21,1008,Origin-local observed-channel mean; does not replace pooled main metric
jena,BOLT_SMALL_LEVEL,LEVEL,v7_jena_level_res_92601,92601,48623,test_b,0.16359454400986864,0.24441611388696372,0.03355113056923507,21,1008,Origin-local observed-channel mean; does not replace pooled main metric
jena,BOLT_SMALL_LEVEL,LEVEL,v7_jena_level_res_92601,92601,48647,test_b,0.11470087304817886,0.23389311053486186,0.06903673162418678,21,1008,Origin-local observed-channel mean; does not replace pooled main metric
jena,BOLT_SMALL_LEVEL,LEVEL,v7_jena_level_res_92601,92601,48671,test_b,0.1416461402126457,0.2324850855302574,0.003476610943459763,21,1008,Origin-local observed-channel mean; does not replace pooled main metric
jena,BOLT_SMALL_LEVEL,LEVEL,v7_jena_level_res_92601,92601,48695,test_b,0.1220533373962234,0.22347959118644845,-0.08955426416004131,21,1008,Origin-local observed-channel mean; does not replace pooled main metric
jena,BOLT_SMALL_LEVEL,LEVEL,v7_jena_level_res_92601,92601,48719,test_b,0.15814295281409882,0.2870690837761873,-0.06492051657643595,21,1008,Origin-local observed-channel mean; does not replace pooled main metric
jena,BOLT_SMALL_LEVEL,LEVEL,v7_jena_level_res_92601,92601,48743,test_b,0.14394409793540608,0.2996099857861289,0.17288533194692315,21,1008,Origin-local observed-channel mean; does not replace pooled main metric
jena,BOLT_SMALL_LEVEL,LEVEL,v7_jena_level_res_92601,92601,48767,test_b,0.0212986006432921,0.09437624373643462,-0.03588297991778486,21,1008,Origin-local observed-channel mean; does not replace pooled main metric
jena,BOLT_SMALL_LEVEL,LEVEL,v7_jena_level_res_92601,92601,48791,test_b,0.10786280220062915,0.15315320162543294,0.04825863898463828,21,1008,Origin-local observed-channel mean; does not replace pooled main metric
jena,BOLT_SMALL_LEVEL,LEVEL,v7_jena_level_res_92601,92601,48815,test_b,0.22687851623872385,0.28009131439651513,0.13132554075820652,21,1008,Origin-local observed-channel mean; does not replace pooled main metric
jena,BOLT_SMALL_LEVEL,LEVEL,v7_jena_level_res_92601,92601,48839,test_b,0.16807529262167623,0.22661089018612754,-0.10269654284176852,21,1008,Origin-local observed-channel mean; does not replace pooled main metric
jena,BOLT_SMALL_LEVEL,LEVEL,v7_jena_level_res_92601,92601,48863,test_b,0.43317184055477903,0.4651534574741308,-0.19594927759605946,21,1008,Origin-local observed-channel mean; does not replace pooled main metric
jena,BOLT_SMALL_LEVEL,LEVEL,v7_jena_level_res_92601,92601,48887,test_b,0.21520385040472254,0.3041288000805209,0.1928902535302249,21,1008,Origin-local observed-channel mean; does not replace pooled main metric
jena,BOLT_SMALL_LEVEL,LEVEL,v7_jena_level_res_92601,92601,48911,test_b,0.11554682797527101,0.2340929224519641,-0.03495452621901347,21,1008,Origin-local observed-channel mean; does not replace pooled main metric
jena,BOLT_SMALL_LEVEL,LEVEL,v7_jena_level_res_92601,92601,48935,test_b,0.2745954788800213,0.31590648646369884,-0.041783559877893874,21,1008,Origin-local observed-channel mean; does not replace pooled main metric
jena,BOLT_SMALL_LEVEL,LEVEL,v7_jena_level_res_92601,92601,48959,test_b,0.4259993097618494,0.342236546135465,-0.06424721215675135,21,1008,Origin-local observed-channel mean; does not replace pooled main metric
jena,BOLT_SMALL_LEVEL,LEVEL,v7_jena_level_res_92601,92601,48983,test_b,0.3090014176635255,0.38152452932586634,-0.022925445776929836,21,1008,Origin-local observed-channel mean; does not replace pooled main metric
jena,BOLT_SMALL_LEVEL,LEVEL,v7_jena_level_res_92601,92601,49007,test_b,0.3293679370593151,0.36202337792316924,-0.13986181362905348,21,1008,Origin-local observed-channel mean; does not replace pooled main metric
jena,BOLT_SMALL_LEVEL,LEVEL,v7_jena_level_res_92601,92601,49031,test_b,0.561791073238165,0.3829717106002915,-0.028176417734126553,21,1008,Origin-local observed-channel mean; does not replace pooled main metric
jena,BOLT_SMALL_LEVEL,LEVEL,v7_jena_level_res_92601,92601,49055,test_b,0.5348430036346157,0.29300326955091716,-0.1885827797063578,21,1008,Origin-local observed-channel mean; does not replace pooled main metric
jena,BOLT_SMALL_LEVEL,LEVEL,v7_jena_level_res_92601,92601,49079,test_b,0.17424641704772645,0.2461945062609702,0.06769093507214814,21,1008,Origin-local observed-channel mean; does not replace pooled main metric
jena,BOLT_SMALL_LEVEL,LEVEL,v7_jena_level_res_92601,92601,49103,test_b,0.11023220409655154,0.264875344003875,0.20488456103801525,21,1008,Origin-local observed-channel mean; does not replace pooled main metric
jena,BOLT_SMALL_LEVEL,LEVEL,v7_jena_level_res_92601,92601,49127,test_b,0.20922542548897458,0.2153595479979967,0.022870700169097823,21,1008,Origin-local observed-channel mean; does not replace pooled main metric
jena,BOLT_SMALL_LEVEL,LEVEL,v7_jena_level_res_92601,92601,49151,test_b,0.7061317563998152,0.4007781830818174,-0.2022482230628762,21,1008,Origin-local observed-channel mean; does not replace pooled main metric
jena,BOLT_SMALL_LEVEL,LEVEL,v7_jena_level_res_92601,92601,49175,test_b,0.3356224076509474,0.2937466251249943,-0.0949938173289411,21,1008,Origin-local observed-channel mean; does not replace pooled main metric
jena,BOLT_SMALL_LEVEL,LEVEL,v7_jena_level_res_92601,92601,49199,test_b,0.31563271674455295,0.3174464433548219,0.011628999180781342,21,1008,Origin-local observed-channel mean; does not replace pooled main metric
jena,BOLT_SMALL_LEVEL,LEVEL,v7_jena_level_res_92601,92601,49223,test_b,0.1866487556541682,0.27380007596239303,0.018877979568464487,21,1008,Origin-local observed-channel mean; does not replace pooled main metric
jena,BOLT_SMALL_LEVEL,LEVEL,v7_jena_level_res_92601,92601,49247,test_b,0.18427901429798288,0.20602506135822746,0.01568831828072213,21,1008,Origin-local observed-channel mean; does not replace pooled main metric
jena,BOLT_SMALL_LEVEL,LEVEL,v7_jena_level_res_92601,92601,49271,test_b,0.31924863869706704,0.3294989580032369,0.009329970913226834,21,1008,Origin-local observed-channel mean; does not replace pooled main metric
jena,BOLT_SMALL_LEVEL,LEVEL,v7_jena_level_res_92601,92601,49295,test_b,0.42726429075069866,0.4409357998169042,-0.23095696945563846,21,1008,Origin-local observed-channel mean; does not replace pooled main metric
jena,BOLT_SMALL_LEVEL,LEVEL,v7_jena_level_res_92601,92601,49319,test_b,0.7360040771920732,0.545736384621936,-0.14587551486144393,21,1008,Origin-local observed-channel mean; does not replace pooled main metric
jena,BOLT_SMALL_LEVEL,LEVEL,v7_jena_level_res_92601,92601,49343,test_b,0.6265341917724678,0.403819021849712,-0.14258958459120347,21,1008,Origin-local observed-channel mean; does not replace pooled main metric
jena,BOLT_SMALL_LEVEL,LEVEL,v7_jena_level_res_92601,92601,49367,test_b,0.49959319149602605,0.38947116455309444,-0.13122770394647165,21,1008,Origin-local observed-channel mean; does not replace pooled main metric
jena,BOLT_SMALL_LEVEL,LEVEL,v7_jena_level_res_92601,92601,49391,test_b,0.40774971556721307,0.3022831618686074,0.04397560999218729,21,1008,Origin-local observed-channel mean; does not replace pooled main metric
jena,BOLT_SMALL_LEVEL,LEVEL,v7_jena_level_res_92601,92601,49415,test_b,0.3482048756453662,0.23599557478594346,-0.07857667148623261,21,1008,Origin-local observed-channel mean; does not replace pooled main metric
jena,BOLT_SMALL_LEVEL,LEVEL,v7_jena_level_res_92601,92601,49439,test_b,0.294511718764674,0.27864503644273747,0.0026170908480823703,21,1008,Origin-local observed-channel mean; does not replace pooled main metric
jena,BOLT_SMALL_LEVEL,LEVEL,v7_jena_level_res_92601,92601,49463,test_b,0.34520562527294957,0.27161501770439955,-0.04961027332492883,21,1008,Origin-local observed-channel mean; does not replace pooled main metric
jena,BOLT_SMALL_LEVEL,LEVEL,v7_jena_level_res_92601,92601,49487,test_b,0.4939423473041887,0.2852301332537853,-0.13900471126867664,21,1008,Origin-local observed-channel mean; does not replace pooled main metric
jena,BOLT_SMALL_LEVEL,LEVEL,v7_jena_level_res_92601,92601,49511,test_b,0.3465310358902465,0.23804917512461543,-0.09612697811560736,21,1008,Origin-local observed-channel mean; does not replace pooled main metric
jena,BOLT_SMALL_LEVEL,LEVEL,v7_jena_level_res_92601,92601,49535,test_b,0.1719046265059678,0.21148439137161612,-0.04092762931545694,21,1008,Origin-local observed-channel mean; does not replace pooled main metric
jena,BOLT_SMALL_LEVEL,LEVEL,v7_jena_level_res_92601,92601,49559,test_b,0.18053952837219134,0.18470429656066242,-0.0033336532753079177,21,1008,Origin-local observed-channel mean; does not replace pooled main metric
jena,BOLT_SMALL_LEVEL,LEVEL,v7_jena_level_res_92601,92601,49583,test_b,0.17625441421794333,0.19994656016887538,0.06968015340334248,21,1008,Origin-local observed-channel mean; does not replace pooled main metric
jena,BOLT_SMALL_LEVEL,LEVEL,v7_jena_level_res_92601,92601,49607,test_b,0.14871650415941803,0.20545356907504833,0.1437034299800409,21,1008,Origin-local observed-channel mean; does not replace pooled main metric
jena,BOLT_SMALL_LEVEL,LEVEL,v7_jena_level_res_92601,92601,49631,test_b,0.09295940164819845,0.16505927392762038,0.060811419185945785,21,1008,Origin-local observed-channel mean; does not replace pooled main metric
jena,BOLT_SMALL_LEVEL,LEVEL,v7_jena_level_res_92601,92601,49655,test_b,0.12246014730439081,0.1716014757264583,0.08474778723237769,21,1008,Origin-local observed-channel mean; does not replace pooled main metric
jena,BOLT_SMALL_LEVEL,LEVEL,v7_jena_level_res_92601,92601,49679,test_b,0.13206925602917716,0.1696087892374231,0.053212348896537046,21,1008,Origin-local observed-channel mean; does not replace pooled main metric
jena,BOLT_SMALL_LEVEL,LEVEL,v7_jena_level_res_92601,92601,49703,test_b,0.19246251972788925,0.24042438968114316,0.013857515318141812,21,1008,Origin-local observed-channel mean; does not replace pooled main metric
jena,BOLT_SMALL_LEVEL,LEVEL,v7_jena_level_res_92601,92601,49727,test_b,0.27557618272924855,0.24065604819990105,-0.009810709372340213,21,1008,Origin-local observed-channel mean; does not replace pooled main metric
jena,BOLT_SMALL_LEVEL,LEVEL,v7_jena_level_res_92601,92601,49751,test_b,0.3685792167000706,0.23758562634669475,-0.06718605090420515,21,1008,Origin-local observed-channel mean; does not replace pooled main metric
jena,BOLT_SMALL_LEVEL,LEVEL,v7_jena_level_res_92601,92601,49775,test_b,0.3934782989615067,0.2737308326680842,-0.07506195065290075,21,1008,Origin-local observed-channel mean; does not replace pooled main metric
jena,BOLT_SMALL_LEVEL,LEVEL,v7_jena_level_res_92601,92601,49799,test_b,0.3140429421752122,0.21541357468046793,-0.06984321029056675,21,1008,Origin-local observed-channel mean; does not replace pooled main metric
jena,BOLT_SMALL_LEVEL,LEVEL,v7_jena_level_res_92601,92601,49823,test_b,0.0531546017182216,0.13719907858120722,0.0005331767874489033,21,1008,Origin-local observed-channel mean; does not replace pooled main metric
jena,BOLT_SMALL_LEVEL,LEVEL,v7_jena_level_res_92601,92601,49847,test_b,0.04961620300297403,0.1543382597580877,0.04629287266150296,21,1008,Origin-local observed-channel mean; does not replace pooled main metric
jena,BOLT_SMALL_LEVEL,LEVEL,v7_jena_level_res_92601,92601,49871,test_b,0.056881853388937656,0.13011521936370252,0.0006270600230588267,21,1008,Origin-local observed-channel mean; does not replace pooled main metric
jena,BOLT_SMALL_LEVEL,LEVEL,v7_jena_level_res_92601,92601,49895,test_b,0.18867604348481598,0.17730701124546902,0.10024162216688551,21,1008,Origin-local observed-channel mean; does not replace pooled main metric
jena,BOLT_SMALL_LEVEL,LEVEL,v7_jena_level_res_92601,92601,49919,test_b,0.12326700567189826,0.22356126126685433,-0.02598766739007146,21,1008,Origin-local observed-channel mean; does not replace pooled main metric
jena,BOLT_SMALL_LEVEL,LEVEL,v7_jena_level_res_92601,92601,49943,test_b,0.1124376384238847,0.20734022532974086,-0.03764796634352514,21,1008,Origin-local observed-channel mean; does not replace pooled main metric
jena,BOLT_SMALL_LEVEL,LEVEL,v7_jena_level_res_92601,92601,49967,test_b,0.031231057747578506,0.11950068291642106,-0.002327682877154385,21,1008,Origin-local observed-channel mean; does not replace pooled main metric
jena,BOLT_SMALL_LEVEL,LEVEL,v7_jena_level_res_92601,92601,49991,test_b,0.04118813180657807,0.1203054833182712,-0.03188899971001009,21,1008,Origin-local observed-channel mean; does not replace pooled main metric
jena,BOLT_SMALL_LEVEL,LEVEL,v7_jena_level_res_92601,92601,50015,test_b,0.133325063762042,0.22451175231715692,-0.09248283334882072,21,1008,Origin-local observed-channel mean; does not replace pooled main metric
jena,BOLT_SMALL_LEVEL,LEVEL,v7_jena_level_res_92601,92601,50039,test_b,0.14434956861081452,0.2521464867537679,0.05975968089224476,21,1008,Origin-local observed-channel mean; does not replace pooled main metric
jena,BOLT_SMALL_LEVEL,LEVEL,v7_jena_level_res_92601,92601,50063,test_b,0.11394233924453892,0.21868532977255412,0.0053855984495760675,21,1008,Origin-local observed-channel mean; does not replace pooled main metric
jena,BOLT_SMALL_LEVEL,LEVEL,v7_jena_level_res_92601,92601,50087,test_b,0.07747766856682665,0.15829153968233156,0.0010688982525022897,21,1008,Origin-local observed-channel mean; does not replace pooled main metric
jena,BOLT_SMALL_LEVEL,LEVEL,v7_jena_level_res_92601,92601,50111,test_b,0.10766413830643726,0.16787125058861432,0.09005651970167292,21,1008,Origin-local observed-channel mean; does not replace pooled main metric
jena,BOLT_SMALL_LEVEL,LEVEL,v7_jena_level_res_92601,92601,50135,test_b,0.15577788069238951,0.20624399924140782,0.020315974863940874,21,1008,Origin-local observed-channel mean; does not replace pooled main metric
jena,BOLT_SMALL_LEVEL,LEVEL,v7_jena_level_res_92601,92601,50159,test_b,0.18238311339775007,0.2248420708457984,-0.05206966786719268,21,1008,Origin-local observed-channel mean; does not replace pooled main metric
jena,BOLT_SMALL_LEVEL,LEVEL,v7_jena_level_res_92601,92601,50183,test_b,0.17534664906265082,0.2668218586911698,-0.001369409244655374,21,1008,Origin-local observed-channel mean; does not replace pooled main metric
jena,BOLT_SMALL_LEVEL,LEVEL,v7_jena_level_res_92601,92601,50207,test_b,0.20304084797052116,0.23508659276604518,-0.09374371435045588,21,1008,Origin-local observed-channel mean; does not replace pooled main metric
jena,BOLT_SMALL_LEVEL,LEVEL,v7_jena_level_res_92601,92601,50231,test_b,0.2952343302962674,0.2429947917894063,-0.08052893811344845,21,1008,Origin-local observed-channel mean; does not replace pooled main metric
jena,BOLT_SMALL_LEVEL,LEVEL,v7_jena_level_res_92601,92601,50255,test_b,0.16120012116902946,0.16387736855725213,-0.0636186060007839,21,1008,Origin-local observed-channel mean; does not replace pooled main metric
jena,BOLT_SMALL_LEVEL,LEVEL,v7_jena_level_res_92601,92601,50279,test_b,0.08493363654713168,0.18426821433506177,-0.06060400102202067,21,1008,Origin-local observed-channel mean; does not replace pooled main metric
jena,BOLT_SMALL_LEVEL,LEVEL,v7_jena_level_res_92601,92601,50303,test_b,0.31625544597200905,0.34520830835494315,-0.16747358432794934,21,1008,Origin-local observed-channel mean; does not replace pooled main metric
jena,BOLT_SMALL_LEVEL,LEVEL,v7_jena_level_res_92601,92601,50327,test_b,0.23761555515081798,0.258303047331985,-0.03215008125490774,21,1008,Origin-local observed-channel mean; does not replace pooled main metric
jena,BOLT_SMALL_LEVEL,LEVEL,v7_jena_level_res_92601,92601,50351,test_b,0.1566727330579099,0.2371985561550345,0.014009779964774842,21,1008,Origin-local observed-channel mean; does not replace pooled main metric
jena,BOLT_SMALL_LEVEL,LEVEL,v7_jena_level_res_92601,92601,50375,test_b,0.15924441096155406,0.2475866368361616,0.010774594630700235,21,1008,Origin-local observed-channel mean; does not replace pooled main metric
jena,BOLT_SMALL_LEVEL,LEVEL,v7_jena_level_res_92601,92601,50399,test_b,0.10396982242193668,0.2424141650343598,-0.06031954830114189,21,1008,Origin-local observed-channel mean; does not replace pooled main metric
jena,BOLT_SMALL_LEVEL,LEVEL,v7_jena_level_res_92601,92601,50423,test_b,0.08726402188325497,0.20081780629305515,-0.04916313524789451,21,1008,Origin-local observed-channel mean; does not replace pooled main metric
jena,BOLT_SMALL_LEVEL,LEVEL,v7_jena_level_res_92601,92601,50447,test_b,0.07699151519648777,0.17166750532632002,-0.05056987791318707,21,1008,Origin-local observed-channel mean; does not replace pooled main metric
jena,BOLT_SMALL_LEVEL,LEVEL,v7_jena_level_res_92601,92601,50471,test_b,0.08117203864527911,0.18293540927207066,0.07089127541633114,21,1008,Origin-local observed-channel mean; does not replace pooled main metric
jena,BOLT_SMALL_LEVEL,LEVEL,v7_jena_level_res_92601,92601,50495,test_b,0.04768771001212424,0.1130774882874123,-0.016387888150030266,21,1008,Origin-local observed-channel mean; does not replace pooled main metric
jena,BOLT_SMALL_LEVEL,LEVEL,v7_jena_level_res_92601,92601,50519,test_b,0.08673121587573418,0.13530500113296193,0.06387276501213603,21,1008,Origin-local observed-channel mean; does not replace pooled main metric
jena,BOLT_SMALL_LEVEL,LEVEL,v7_jena_level_res_92601,92601,50543,test_b,0.05376931552675336,0.13543554930950605,0.06704805532310622,21,1008,Origin-local observed-channel mean; does not replace pooled main metric
jena,BOLT_SMALL_LEVEL,LEVEL,v7_jena_level_res_92601,92601,50567,test_b,0.05681081890165264,0.12265509401235221,0.027567889364830095,21,1008,Origin-local observed-channel mean; does not replace pooled main metric
jena,BOLT_SMALL_LEVEL,LEVEL,v7_jena_level_res_92601,92601,50591,test_b,0.08653648921130383,0.1890578714926036,-0.08683501738968993,21,1008,Origin-local observed-channel mean; does not replace pooled main metric
jena,BOLT_SMALL_LEVEL,LEVEL,v7_jena_level_res_92601,92601,50615,test_b,0.12502317598755935,0.2777093198387847,0.13051733010682268,21,1008,Origin-local observed-channel mean; does not replace pooled main metric
jena,BOLT_SMALL_LEVEL,LEVEL,v7_jena_level_res_92601,92601,50639,test_b,0.04858301520648482,0.16050520836200569,0.09858530188856615,21,1008,Origin-local observed-channel mean; does not replace pooled main metric
jena,BOLT_SMALL_LEVEL,LEVEL,v7_jena_level_res_92601,92601,50663,test_b,0.03947908977082898,0.1419087349341781,0.07513450391857149,21,1008,Origin-local observed-channel mean; does not replace pooled main metric
jena,BOLT_SMALL_LEVEL,LEVEL,v7_jena_level_res_92601,92601,50687,test_b,0.04949007022819136,0.1553476670301207,-0.03957217459976655,21,1008,Origin-local observed-channel mean; does not replace pooled main metric
jena,BOLT_SMALL_LEVEL,LEVEL,v7_jena_level_res_92601,92601,50711,test_b,0.2549115314912299,0.24904770691922287,-0.08870462819744254,21,1008,Origin-local observed-channel mean; does not replace pooled main metric
jena,BOLT_SMALL_LEVEL,LEVEL,v7_jena_level_res_92601,92601,50735,test_b,0.4730356995357915,0.40241136940589745,-0.21804256217775034,21,1008,Origin-local observed-channel mean; does not replace pooled main metric
jena,BOLT_SMALL_LEVEL,LEVEL,v7_jena_level_res_92601,92601,50759,test_b,0.1445177309222381,0.2613129969670678,-0.016593809407317573,21,1008,Origin-local observed-channel mean; does not replace pooled main metric
jena,BOLT_SMALL_LEVEL,LEVEL,v7_jena_level_res_92601,92601,50783,test_b,0.19936655935281689,0.2245782042619318,0.12506112266707947,21,1008,Origin-local observed-channel mean; does not replace pooled main metric
jena,BOLT_SMALL_LEVEL,LEVEL,v7_jena_level_res_92601,92601,50807,test_b,0.13701534348604238,0.22490535928337185,-0.0882640398556846,21,1008,Origin-local observed-channel mean; does not replace pooled main metric
jena,BOLT_SMALL_LEVEL,LEVEL,v7_jena_level_res_92601,92601,50831,test_b,0.39255094470051316,0.3323806689907557,-0.17640055858669618,21,1008,Origin-local observed-channel mean; does not replace pooled main metric
jena,BOLT_SMALL_LEVEL,LEVEL,v7_jena_level_res_92601,92601,50855,test_b,0.3470923072162261,0.3045519058114368,-0.08200716018444158,21,1008,Origin-local observed-channel mean; does not replace pooled main metric
jena,BOLT_SMALL_LEVEL,LEVEL,v7_jena_level_res_92601,92601,50879,test_b,0.6463307487847129,0.45395223559887465,-0.21641808339913873,21,1008,Origin-local observed-channel mean; does not replace pooled main metric
jena,BOLT_SMALL_LEVEL,LEVEL,v7_jena_level_res_92601,92601,50903,test_b,0.5885354111678441,0.3925437809877968,0.06924856639162744,21,1008,Origin-local observed-channel mean; does not replace pooled main metric
jena,BOLT_SMALL_LEVEL,LEVEL,v7_jena_level_res_92601,92601,50927,test_b,1.0477926317469515,0.6440590851139166,0.1561931668446281,21,1008,Origin-local observed-channel mean; does not replace pooled main metric
jena,BOLT_SMALL_LEVEL,LEVEL,v7_jena_level_res_92601,92601,50951,test_b,0.27686611069909667,0.36719148718515904,0.004725098860194164,21,1008,Origin-local observed-channel mean; does not replace pooled main metric
jena,BOLT_SMALL_LEVEL,LEVEL,v7_jena_level_res_92601,92601,50975,test_b,0.06456364650683633,0.1942913803412387,0.04827796067443809,21,1008,Origin-local observed-channel mean; does not replace pooled main metric
jena,BOLT_SMALL_LEVEL,LEVEL,v7_jena_level_res_92601,92601,50999,test_b,0.05279573554523404,0.15180203453120258,0.025896201547723086,21,1008,Origin-local observed-channel mean; does not replace pooled main metric
jena,BOLT_SMALL_LEVEL,LEVEL,v7_jena_level_res_92601,92601,51023,test_b,0.12270732657158992,0.20936967481294042,-0.0585486623383495,21,1008,Origin-local observed-channel mean; does not replace pooled main metric
jena,BOLT_SMALL_LEVEL,LEVEL,v7_jena_level_res_92601,92601,51047,test_b,0.1300043640472742,0.25680338151557536,0.1404929714212019,21,1008,Origin-local observed-channel mean; does not replace pooled main metric
jena,BOLT_SMALL_LEVEL,LEVEL,v7_jena_level_res_92601,92601,51071,test_b,0.17093366094424078,0.2884566424737199,0.1747741042912359,21,1008,Origin-local observed-channel mean; does not replace pooled main metric
jena,BOLT_SMALL_LEVEL,LEVEL,v7_jena_level_res_92601,92601,51095,test_b,0.05258996700981424,0.1317447841474426,-0.0015686321639805068,21,1008,Origin-local observed-channel mean; does not replace pooled main metric
jena,BOLT_SMALL_LEVEL,LEVEL,v7_jena_level_res_92601,92601,51119,test_b,0.11010151239927761,0.16546686013212564,-0.0038110840597212086,21,1008,Origin-local observed-channel mean; does not replace pooled main metric
jena,BOLT_SMALL_LEVEL,LEVEL,v7_jena_level_res_92601,92601,51143,test_b,0.0909716351369809,0.19345236880730635,-0.08080667508341047,21,1008,Origin-local observed-channel mean; does not replace pooled main metric
jena,BOLT_SMALL_LEVEL,LEVEL,v7_jena_level_res_92601,92601,51167,test_b,0.08483937230198504,0.16247168621177682,-0.05998602447687604,21,1008,Origin-local observed-channel mean; does not replace pooled main metric
jena,BOLT_SMALL_LEVEL,LEVEL,v7_jena_level_res_92601,92601,51191,test_b,0.14492511853104842,0.21140976749684923,0.06315607592309139,21,1008,Origin-local observed-channel mean; does not replace pooled main metric
jena,BOLT_SMALL_LEVEL,LEVEL,v7_jena_level_res_92601,92601,51215,test_b,0.2408887308547525,0.24868616859750173,-0.08176439203702651,21,1008,Origin-local observed-channel mean; does not replace pooled main metric
jena,BOLT_SMALL_LEVEL,LEVEL,v7_jena_level_res_92601,92601,51239,test_b,0.4455557513512445,0.3851170630643162,-0.1510150055306902,21,1008,Origin-local observed-channel mean; does not replace pooled main metric
jena,BOLT_SMALL_LEVEL,LEVEL,v7_jena_level_res_92601,92601,51263,test_b,0.14148026152002377,0.17565105481659724,0.11290250797145067,21,1008,Origin-local observed-channel mean; does not replace pooled main metric
jena,BOLT_SMALL_LEVEL,LEVEL,v7_jena_level_res_92601,92601,51287,test_b,0.27397759053970483,0.25937908943114235,0.10448902429798472,21,1008,Origin-local observed-channel mean; does not replace pooled main metric
jena,BOLT_SMALL_LEVEL,LEVEL,v7_jena_level_res_92601,92601,51311,test_b,0.428390605538721,0.3695648443679111,0.05185679832818948,21,1008,Origin-local observed-channel mean; does not replace pooled main metric
jena,BOLT_SMALL_LEVEL,LEVEL,v7_jena_level_res_92601,92601,51335,test_b,0.36971265601199454,0.30290101722043583,-0.0158164096291229,21,1008,Origin-local observed-channel mean; does not replace pooled main metric
jena,BOLT_SMALL_LEVEL,LEVEL,v7_jena_level_res_92601,92601,51359,test_b,0.19493217952684097,0.21072614694102892,0.013803014771953696,21,1008,Origin-local observed-channel mean; does not replace pooled main metric
jena,BOLT_SMALL_LEVEL,LEVEL,v7_jena_level_res_92601,92601,51383,test_b,0.11348248057674715,0.19181383408916494,0.05480598247728295,21,1008,Origin-local observed-channel mean; does not replace pooled main metric
jena,BOLT_SMALL_LEVEL,LEVEL,v7_jena_level_res_92601,92601,51407,test_b,0.09743167678648951,0.17797237812330768,0.09350657312565351,21,1008,Origin-local observed-channel mean; does not replace pooled main metric
jena,BOLT_SMALL_LEVEL,LEVEL,v7_jena_level_res_92601,92601,51431,test_b,0.12207987847266726,0.19736549789423222,0.02129664056493701,21,1008,Origin-local observed-channel mean; does not replace pooled main metric
jena,BOLT_SMALL_LEVEL,LEVEL,v7_jena_level_res_92601,92601,51455,test_b,0.19423298433754763,0.2769830599928455,-0.16199011448609074,21,1008,Origin-local observed-channel mean; does not replace pooled main metric
jena,BOLT_SMALL_LEVEL,LEVEL,v7_jena_level_res_92601,92601,51479,test_b,0.10946941372849028,0.21292424713511351,-0.10714997529522942,21,1008,Origin-local observed-channel mean; does not replace pooled main metric
jena,BOLT_SMALL_LEVEL,LEVEL,v7_jena_level_res_92601,92601,51503,test_b,0.10758018247639405,0.1988552781428249,0.01429155161329416,21,1008,Origin-local observed-channel mean; does not replace pooled main metric
jena,BOLT_SMALL_LEVEL,LEVEL,v7_jena_level_res_92601,92601,51527,test_b,0.16083485339808623,0.275705544682823,0.03086030908080931,21,1008,Origin-local observed-channel mean; does not replace pooled main metric
jena,BOLT_SMALL_LEVEL,LEVEL,v7_jena_level_res_92601,92601,51551,test_b,0.09596910783204511,0.20913924955929694,-0.01983694234917897,21,1008,Origin-local observed-channel mean; does not replace pooled main metric
jena,BOLT_SMALL_LEVEL,LEVEL,v7_jena_level_res_92601,92601,51575,test_b,0.12040085876323785,0.22487432369223193,-0.06885449542471814,21,1008,Origin-local observed-channel mean; does not replace pooled main metric
jena,BOLT_SMALL_LEVEL,LEVEL,v7_jena_level_res_92601,92601,51599,test_b,0.15780853079722337,0.28588952685216407,-0.11276069240701628,21,1008,Origin-local observed-channel mean; does not replace pooled main metric
jena,BOLT_SMALL_LEVEL,LEVEL,v7_jena_level_res_92601,92601,51623,test_b,0.12509686099662737,0.24341750441453763,0.12507919527481484,21,1008,Origin-local observed-channel mean; does not replace pooled main metric
jena,BOLT_SMALL_LEVEL,LEVEL,v7_jena_level_res_92601,92601,51647,test_b,0.1917461777985292,0.23868569191062491,0.13213511600700995,21,1008,Origin-local observed-channel mean; does not replace pooled main metric
jena,BOLT_SMALL_LEVEL,LEVEL,v7_jena_level_res_92601,92601,51671,test_b,0.1960303465895554,0.24917005478173018,0.07730514422349637,21,1008,Origin-local observed-channel mean; does not replace pooled main metric
jena,BOLT_SMALL_LEVEL,LEVEL,v7_jena_level_res_92601,92601,51695,test_b,0.07327769086809943,0.1562817231086748,-0.0212347735281265,21,1008,Origin-local observed-channel mean; does not replace pooled main metric
jena,BOLT_SMALL_LEVEL,LEVEL,v7_jena_level_res_92601,92601,51719,test_b,0.14002584194445364,0.17512825344220756,-0.044021368203435225,21,1008,Origin-local observed-channel mean; does not replace pooled main metric
jena,BOLT_SMALL_LEVEL,LEVEL,v7_jena_level_res_92601,92601,51743,test_b,0.3121239491017478,0.3438253984195254,-0.10294771080213923,21,1008,Origin-local observed-channel mean; does not replace pooled main metric
jena,BOLT_SMALL_LEVEL,LEVEL,v7_jena_level_res_92601,92601,51767,test_b,0.26921937486828085,0.3300221627116174,-0.08902570011559872,21,1008,Origin-local observed-channel mean; does not replace pooled main metric
jena,BOLT_SMALL_LEVEL,LEVEL,v7_jena_level_res_92601,92601,51791,test_b,0.11363811855417859,0.18512397973002712,0.018351814788368916,21,1008,Origin-local observed-channel mean; does not replace pooled main metric
jena,BOLT_SMALL_LEVEL,LEVEL,v7_jena_level_res_92601,92601,51815,test_b,0.1756156154799127,0.23737416089612193,-0.11912731793875404,21,1008,Origin-local observed-channel mean; does not replace pooled main metric
jena,BOLT_SMALL_LEVEL,LEVEL,v7_jena_level_res_92601,92601,51839,test_b,0.1601965977244262,0.14696424102617633,0.0331276644701286,21,1008,Origin-local observed-channel mean; does not replace pooled main metric
jena,BOLT_SMALL_LEVEL,LEVEL,v7_jena_level_res_92601,92601,51863,test_b,0.17822992504888133,0.17968449043849155,-0.09126264548727443,21,1008,Origin-local observed-channel mean; does not replace pooled main metric
jena,BOLT_SMALL_LEVEL,LEVEL,v7_jena_level_res_92601,92601,51887,test_b,0.1330332545359046,0.16569392770780103,-0.06026627398687342,21,1008,Origin-local observed-channel mean; does not replace pooled main metric
jena,BOLT_SMALL_LEVEL,LEVEL,v7_jena_level_res_92601,92601,51911,test_b,0.20374103347524364,0.18333160640331844,0.05751285678707063,21,1008,Origin-local observed-channel mean; does not replace pooled main metric
jena,BOLT_SMALL_LEVEL,LEVEL,v7_jena_level_res_92601,92601,51935,test_b,0.11503700933535263,0.1738465731993081,-0.022821730446247822,21,1008,Origin-local observed-channel mean; does not replace pooled main metric
jena,BOLT_SMALL_LEVEL,LEVEL,v7_jena_level_res_92601,92601,51959,test_b,0.05690603445997407,0.13001942826021048,-0.028857283848559567,21,1008,Origin-local observed-channel mean; does not replace pooled main metric
jena,BOLT_SMALL_LEVEL,LEVEL,v7_jena_level_res_92601,92601,51983,test_b,0.05385294763766809,0.16087868663349325,0.07216384406718943,21,1008,Origin-local observed-channel mean; does not replace pooled main metric
jena,BOLT_SMALL_LEVEL,LEVEL,v7_jena_level_res_92601,92601,52007,test_b,0.12769543084220017,0.17171878287649994,-0.030504968769419643,21,1008,Origin-local observed-channel mean; does not replace pooled main metric
jena,BOLT_SMALL_LEVEL,LEVEL,v7_jena_level_res_92601,92601,52031,test_b,0.26127554329900926,0.3092735544586691,-0.141470469670446,21,1008,Origin-local observed-channel mean; does not replace pooled main metric
jena,BOLT_SMALL_LEVEL,LEVEL,v7_jena_level_res_92601,92601,52055,test_b,0.29576801962197263,0.26725666631232126,-0.06618330495857952,21,1008,Origin-local observed-channel mean; does not replace pooled main metric
jena,BOLT_SMALL_LEVEL,LEVEL,v7_jena_level_res_92601,92601,52079,test_b,0.19389239876972808,0.2040384063896324,-0.009865329578696257,21,1008,Origin-local observed-channel mean; does not replace pooled main metric
jena,BOLT_SMALL_LEVEL,LEVEL,v7_jena_level_res_92601,92601,52103,test_b,0.08512809853277337,0.18078660690003917,0.08259119012112182,21,1008,Origin-local observed-channel mean; does not replace pooled main metric
jena,BOLT_SMALL_LEVEL,LEVEL,v7_jena_level_res_92601,92601,52127,test_b,0.0635564126392909,0.12851539572020845,0.015639374136096902,21,1008,Origin-local observed-channel mean; does not replace pooled main metric
jena,BOLT_SMALL_LEVEL,LEVEL,v7_jena_level_res_92601,92601,52151,test_b,0.2360033257638895,0.23478969528306542,-0.04640143288074002,21,1008,Origin-local observed-channel mean; does not replace pooled main metric
jena,BOLT_SMALL_LEVEL,LEVEL,v7_jena_level_res_92601,92601,52175,test_b,0.48716059341747836,0.44644274329258465,-0.13086074997166483,21,1008,Origin-local observed-channel mean; does not replace pooled main metric
jena,BOLT_SMALL_LEVEL,LEVEL,v7_jena_level_res_92601,92601,52199,test_b,0.31789087100051766,0.3379512927675109,0.08997742355281915,21,1008,Origin-local observed-channel mean; does not replace pooled main metric
jena,BOLT_SMALL_LEVEL,LEVEL,v7_jena_level_res_92601,92601,52223,test_b,0.3371993746096906,0.34569103363901377,0.22595390473448096,21,1008,Origin-local observed-channel mean; does not replace pooled main metric
jena,BOLT_SMALL_LEVEL,LEVEL,v7_jena_level_res_92601,92601,52247,test_b,0.23745833467622587,0.21440574890261313,0.0952378565515761,21,1008,Origin-local observed-channel mean; does not replace pooled main metric
jena,BOLT_SMALL_LEVEL,LEVEL,v7_jena_level_res_92601,92601,52271,test_b,0.2441705185030202,0.2453328809065242,0.14347149302355114,21,1008,Origin-local observed-channel mean; does not replace pooled main metric
jena,BOLT_SMALL_LEVEL,LEVEL,v7_jena_level_res_92601,92601,52295,test_b,0.1668113652659946,0.21348314160353593,-0.04322966813647543,21,1008,Origin-local observed-channel mean; does not replace pooled main metric
jena,BOLT_SMALL_LEVEL,LEVEL,v7_jena_level_res_92601,92601,52319,test_b,0.4085470547769501,0.4422788778900588,-0.24949899458382183,21,1008,Origin-local observed-channel mean; does not replace pooled main metric
jena,BOLT_SMALL_LEVEL,LEVEL,v7_jena_level_res_92601,92601,52343,test_b,0.4454838288083978,0.34607334751585545,0.027334536406049173,21,1008,Origin-local observed-channel mean; does not replace pooled main metric
jena,BOLT_SMALL_LEVEL,LEVEL,v7_jena_level_res_92601,92601,52367,test_b,0.14717794586926022,0.20800393462755778,-0.08439599503143985,21,1008,Origin-local observed-channel mean; does not replace pooled main metric
jena,BOLT_SMALL_LEVEL,LEVEL,v7_jena_level_res_92601,92601,52391,test_b,0.06363928398501015,0.1523628634555886,0.047370748169394954,21,1008,Origin-local observed-channel mean; does not replace pooled main metric
jena,BOLT_SMALL_LEVEL,LEVEL,v7_jena_level_res_92601,92601,52415,test_b,0.1604974955312306,0.20147790994480372,0.06596723545180071,21,1008,Origin-local observed-channel mean; does not replace pooled main metric
jena,BOLT_SMALL_LEVEL,LEVEL,v7_jena_level_res_92601,92601,52439,test_b,0.21831946506573638,0.24770543791295033,-0.05437541905791029,21,1008,Origin-local observed-channel mean; does not replace pooled main metric
jena,BOLT_SMALL_LEVEL,LEVEL,v7_jena_level_res_92601,92601,52463,test_b,0.3758587705421012,0.40336477311130786,-0.10416467823349179,21,1008,Origin-local observed-channel mean; does not replace pooled main metric
jena,BOLT_SMALL_LEVEL,LEVEL,v7_jena_level_res_92601,92601,52487,test_b,0.22324697079559166,0.33036311079391334,0.1324519137958146,21,1008,Origin-local observed-channel mean; does not replace pooled main metric
jena,BOLT_SMALL_LEVEL,LEVEL,v7_jena_level_res_92601,92601,52511,test_b,0.14537396115129642,0.18283664577618422,0.13052617764980012,21,1008,Origin-local observed-channel mean; does not replace pooled main metric
jena,BOLT_SMALL_LEVEL,LEVEL,v7_jena_level_res_92601,92601,52535,test_b,0.21728461866393659,0.23570326537389072,0.06944848345186089,21,1008,Origin-local observed-channel mean; does not replace pooled main metric
jena,BOLT_SMALL_LEVEL,LEVEL,v7_jena_level_res_92601,92601,52559,test_b,0.24911270625258655,0.23149012691629603,0.03140799957512331,21,1008,Origin-local observed-channel mean; does not replace pooled main metric
jena,BOLT_SMALL_LEVEL,LEVEL,v7_jena_level_res_92601,92601,52583,test_b,0.15599124457839336,0.21663083594224497,0.025265855016533306,21,1008,Origin-local observed-channel mean; does not replace pooled main metric
jena,BOLT_SMALL_LEVEL,LEVEL,v7_jena_level_res_92601,92601,52607,test_b,0.2691386014669077,0.40155593942276147,-0.15767968578369446,21,1008,Origin-local observed-channel mean; does not replace pooled main metric
jena,BOLT_SMALL_LEVEL,LEVEL,v7_jena_level_res_92601,92601,52631,test_b,0.12307191006201924,0.23165962818189106,0.07984429012555794,21,1008,Origin-local observed-channel mean; does not replace pooled main metric
jena,BOLT_SMALL_LEVEL,LEVEL,v7_jena_level_res_92601,92601,52655,test_b,0.14459940411780142,0.1542576749639083,-0.059057268665157384,21,1008,Origin-local observed-channel mean; does not replace pooled main metric
jena,BOLT_SMALL_LEVEL,LEVEL,v7_jena_level_res_92602,92602,35135,test_a,0.2899492685943354,0.3019720688277471,-0.01309257490183447,21,1008,Origin-local observed-channel mean; does not replace pooled main metric
jena,BOLT_SMALL_LEVEL,LEVEL,v7_jena_level_res_92602,92602,35159,test_a,0.22878371234207587,0.2872809383330778,-0.01931235862023655,21,1008,Origin-local observed-channel mean; does not replace pooled main metric
jena,BOLT_SMALL_LEVEL,LEVEL,v7_jena_level_res_92602,92602,35183,test_a,0.8333221562821571,0.6771041752995982,-0.3284489147472269,21,1008,Origin-local observed-channel mean; does not replace pooled main metric
jena,BOLT_SMALL_LEVEL,LEVEL,v7_jena_level_res_92602,92602,35207,test_a,0.6210569159796986,0.5184714550093289,0.14690820254858525,21,1008,Origin-local observed-channel mean; does not replace pooled main metric
jena,BOLT_SMALL_LEVEL,LEVEL,v7_jena_level_res_92602,92602,35231,test_a,0.21616681098732948,0.2424295725234385,0.08632294295932211,21,1008,Origin-local observed-channel mean; does not replace pooled main metric
jena,BOLT_SMALL_LEVEL,LEVEL,v7_jena_level_res_92602,92602,35255,test_a,0.4541740025919226,0.26368502970985397,-0.0895078894301107,21,1008,Origin-local observed-channel mean; does not replace pooled main metric
jena,BOLT_SMALL_LEVEL,LEVEL,v7_jena_level_res_92602,92602,35279,test_a,0.3594369858705452,0.39173620976858764,0.09530682677388314,21,1008,Origin-local observed-channel mean; does not replace pooled main metric
jena,BOLT_SMALL_LEVEL,LEVEL,v7_jena_level_res_92602,92602,35303,test_a,0.5287917803055829,0.48681430987891783,-0.08337138250141242,21,1008,Origin-local observed-channel mean; does not replace pooled main metric
jena,BOLT_SMALL_LEVEL,LEVEL,v7_jena_level_res_92602,92602,35327,test_a,0.2784960942175381,0.3777837907905378,-0.1425255350474063,21,1008,Origin-local observed-channel mean; does not replace pooled main metric
jena,BOLT_SMALL_LEVEL,LEVEL,v7_jena_level_res_92602,92602,35351,test_a,3.8374323986378016,0.5246084622901565,-0.01433123769871481,21,1008,Origin-local observed-channel mean; does not replace pooled main metric
jena,BOLT_SMALL_LEVEL,LEVEL,v7_jena_level_res_92602,92602,35375,test_a,3.749168863073175,0.5712616324445764,-0.24885169343871807,21,1008,Origin-local observed-channel mean; does not replace pooled main metric
jena,BOLT_SMALL_LEVEL,LEVEL,v7_jena_level_res_92602,92602,35399,test_a,1.5517928138117323,0.9327489955781308,-0.26464280381610256,21,1008,Origin-local observed-channel mean; does not replace pooled main metric
jena,BOLT_SMALL_LEVEL,LEVEL,v7_jena_level_res_92602,92602,35423,test_a,0.22791145365157867,0.296180248985784,-0.06717769883015001,21,1008,Origin-local observed-channel mean; does not replace pooled main metric
jena,BOLT_SMALL_LEVEL,LEVEL,v7_jena_level_res_92602,92602,35447,test_a,0.4987072305298905,0.485043703236558,-0.2881277817770809,21,1008,Origin-local observed-channel mean; does not replace pooled main metric
jena,BOLT_SMALL_LEVEL,LEVEL,v7_jena_level_res_92602,92602,35471,test_a,0.8668703578454597,0.641222017108544,-0.057801719268022626,21,1008,Origin-local observed-channel mean; does not replace pooled main metric
jena,BOLT_SMALL_LEVEL,LEVEL,v7_jena_level_res_92602,92602,35495,test_a,0.5462592130029461,0.5844505117565859,0.14868783123841103,21,1008,Origin-local observed-channel mean; does not replace pooled main metric
jena,BOLT_SMALL_LEVEL,LEVEL,v7_jena_level_res_92602,92602,35519,test_a,0.3007698206717853,0.41279267089114347,0.09215148491553948,21,1008,Origin-local observed-channel mean; does not replace pooled main metric
jena,BOLT_SMALL_LEVEL,LEVEL,v7_jena_level_res_92602,92602,35543,test_a,0.3308320469805536,0.3891989401946332,-0.09791812781773006,21,1008,Origin-local observed-channel mean; does not replace pooled main metric
jena,BOLT_SMALL_LEVEL,LEVEL,v7_jena_level_res_92602,92602,35567,test_a,0.33805585876363625,0.33371244468042505,-0.060542082499956615,21,1008,Origin-local observed-channel mean; does not replace pooled main metric
jena,BOLT_SMALL_LEVEL,LEVEL,v7_jena_level_res_92602,92602,35591,test_a,0.6595030089495457,0.5442417824653806,-0.3297788618633243,21,1008,Origin-local observed-channel mean; does not replace pooled main metric
jena,BOLT_SMALL_LEVEL,LEVEL,v7_jena_level_res_92602,92602,35615,test_a,0.8254427504798466,0.6360644415713429,-0.08778032376583376,21,1008,Origin-local observed-channel mean; does not replace pooled main metric
jena,BOLT_SMALL_LEVEL,LEVEL,v7_jena_level_res_92602,92602,35639,test_a,1.3457906467896525,0.8135570199202259,0.28117521482416785,21,1008,Origin-local observed-channel mean; does not replace pooled main metric
jena,BOLT_SMALL_LEVEL,LEVEL,v7_jena_level_res_92602,92602,35663,test_a,0.34576717430865916,0.4387054771932959,0.02781991134826157,21,1008,Origin-local observed-channel mean; does not replace pooled main metric
jena,BOLT_SMALL_LEVEL,LEVEL,v7_jena_level_res_92602,92602,35687,test_a,0.11872168078364123,0.18549814807856965,-0.08811291892007353,21,1008,Origin-local observed-channel mean; does not replace pooled main metric
jena,BOLT_SMALL_LEVEL,LEVEL,v7_jena_level_res_92602,92602,35711,test_a,0.1746802510217319,0.22879667869179562,-0.06871996477795099,21,1008,Origin-local observed-channel mean; does not replace pooled main metric
jena,BOLT_SMALL_LEVEL,LEVEL,v7_jena_level_res_92602,92602,35735,test_a,0.6359631514344348,0.5511831384075258,-0.12683541211380442,21,1008,Origin-local observed-channel mean; does not replace pooled main metric
jena,BOLT_SMALL_LEVEL,LEVEL,v7_jena_level_res_92602,92602,35759,test_a,1.4886414744355208,0.8373674586359162,-0.09397733321176412,21,1008,Origin-local observed-channel mean; does not replace pooled main metric
jena,BOLT_SMALL_LEVEL,LEVEL,v7_jena_level_res_92602,92602,35783,test_a,0.7261191542691987,0.649048263717088,0.08155279882281781,21,1008,Origin-local observed-channel mean; does not replace pooled main metric
jena,BOLT_SMALL_LEVEL,LEVEL,v7_jena_level_res_92602,92602,35807,test_a,0.2839718492682518,0.41546340526041436,-0.042304464780225697,21,1008,Origin-local observed-channel mean; does not replace pooled main metric
jena,BOLT_SMALL_LEVEL,LEVEL,v7_jena_level_res_92602,92602,35831,test_a,0.5983729723475639,0.5513850453769139,0.11581791742228524,21,1008,Origin-local observed-channel mean; does not replace pooled main metric
jena,BOLT_SMALL_LEVEL,LEVEL,v7_jena_level_res_92602,92602,35855,test_a,0.40537863507312577,0.36915122455407295,0.10365472962555017,21,1008,Origin-local observed-channel mean; does not replace pooled main metric
jena,BOLT_SMALL_LEVEL,LEVEL,v7_jena_level_res_92602,92602,35879,test_a,0.4963194203531676,0.47121415239766185,-0.009390268524709554,21,1008,Origin-local observed-channel mean; does not replace pooled main metric
jena,BOLT_SMALL_LEVEL,LEVEL,v7_jena_level_res_92602,92602,35903,test_a,0.5219560747593466,0.4848576104785834,0.08520023711395287,21,1008,Origin-local observed-channel mean; does not replace pooled main metric
jena,BOLT_SMALL_LEVEL,LEVEL,v7_jena_level_res_92602,92602,35927,test_a,0.5278102462641457,0.509421923426479,0.18277644570722867,21,1008,Origin-local observed-channel mean; does not replace pooled main metric
jena,BOLT_SMALL_LEVEL,LEVEL,v7_jena_level_res_92602,92602,35951,test_a,0.3544074500243416,0.39833924522549957,0.23703740296678877,21,1008,Origin-local observed-channel mean; does not replace pooled main metric
jena,BOLT_SMALL_LEVEL,LEVEL,v7_jena_level_res_92602,92602,35975,test_a,0.38034060240415163,0.39222299981811953,0.0833097910523527,21,1008,Origin-local observed-channel mean; does not replace pooled main metric
jena,BOLT_SMALL_LEVEL,LEVEL,v7_jena_level_res_92602,92602,35999,test_a,0.28583097344124947,0.37788824655127967,0.009289436253051727,21,1008,Origin-local observed-channel mean; does not replace pooled main metric
jena,BOLT_SMALL_LEVEL,LEVEL,v7_jena_level_res_92602,92602,36023,test_a,1.0159898899530346,0.6613982167369642,-0.2933625684811612,21,1008,Origin-local observed-channel mean; does not replace pooled main metric
jena,BOLT_SMALL_LEVEL,LEVEL,v7_jena_level_res_92602,92602,36047,test_a,0.4241889273710649,0.49761795273038195,0.007898843978066929,21,1008,Origin-local observed-channel mean; does not replace pooled main metric
jena,BOLT_SMALL_LEVEL,LEVEL,v7_jena_level_res_92602,92602,36071,test_a,0.5883306445173135,0.4549659232097116,0.13008221206051993,21,1008,Origin-local observed-channel mean; does not replace pooled main metric
jena,BOLT_SMALL_LEVEL,LEVEL,v7_jena_level_res_92602,92602,36095,test_a,0.5070734402404689,0.5468381374930252,0.1626608299353855,21,1008,Origin-local observed-channel mean; does not replace pooled main metric
jena,BOLT_SMALL_LEVEL,LEVEL,v7_jena_level_res_92602,92602,36119,test_a,0.29600830204334977,0.3548913274141904,-0.07620193796266528,21,1008,Origin-local observed-channel mean; does not replace pooled main metric
jena,BOLT_SMALL_LEVEL,LEVEL,v7_jena_level_res_92602,92602,36143,test_a,0.20632301887817467,0.3520290665862073,-0.2535519464228335,21,1008,Origin-local observed-channel mean; does not replace pooled main metric
jena,BOLT_SMALL_LEVEL,LEVEL,v7_jena_level_res_92602,92602,36167,test_a,1.062557643121255,0.6751506316400154,-0.34277873035165296,21,1008,Origin-local observed-channel mean; does not replace pooled main metric
jena,BOLT_SMALL_LEVEL,LEVEL,v7_jena_level_res_92602,92602,36191,test_a,0.897167149860441,0.6952286035913049,-0.08574899121981978,21,1008,Origin-local observed-channel mean; does not replace pooled main metric
jena,BOLT_SMALL_LEVEL,LEVEL,v7_jena_level_res_92602,92602,36215,test_a,1.4119092193920633,0.70732787603906,0.09765685911314372,21,1008,Origin-local observed-channel mean; does not replace pooled main metric
jena,BOLT_SMALL_LEVEL,LEVEL,v7_jena_level_res_92602,92602,36239,test_a,3.433626040157595,1.1441256784781304,-0.34862243177300867,21,1008,Origin-local observed-channel mean; does not replace pooled main metric
jena,BOLT_SMALL_LEVEL,LEVEL,v7_jena_level_res_92602,92602,36263,test_a,2.929708309769335,0.617584621487555,-0.28615452540070113,21,1008,Origin-local observed-channel mean; does not replace pooled main metric
jena,BOLT_SMALL_LEVEL,LEVEL,v7_jena_level_res_92602,92602,36287,test_a,2.067867164043547,0.5626474809601887,-0.1590699331626104,21,1008,Origin-local observed-channel mean; does not replace pooled main metric
jena,BOLT_SMALL_LEVEL,LEVEL,v7_jena_level_res_92602,92602,36311,test_a,1.8971673353584833,0.7371832802395119,0.4183573401073411,21,1008,Origin-local observed-channel mean; does not replace pooled main metric
jena,BOLT_SMALL_LEVEL,LEVEL,v7_jena_level_res_92602,92602,36335,test_a,1.115503222731857,0.654788890052014,0.15681896654432567,21,1008,Origin-local observed-channel mean; does not replace pooled main metric
jena,BOLT_SMALL_LEVEL,LEVEL,v7_jena_level_res_92602,92602,36359,test_a,3.011395255833004,0.9290069018415313,0.47316966396373034,21,1008,Origin-local observed-channel mean; does not replace pooled main metric
jena,BOLT_SMALL_LEVEL,LEVEL,v7_jena_level_res_92602,92602,36383,test_a,1.2922568891999506,0.4678326129453905,0.18834507722226954,21,1008,Origin-local observed-channel mean; does not replace pooled main metric
jena,BOLT_SMALL_LEVEL,LEVEL,v7_jena_level_res_92602,92602,36407,test_a,0.11404031516062259,0.2311386562282606,0.014740724026134026,21,1008,Origin-local observed-channel mean; does not replace pooled main metric
jena,BOLT_SMALL_LEVEL,LEVEL,v7_jena_level_res_92602,92602,36431,test_a,0.30628361951878125,0.2625053436959639,0.017599625152855423,21,1008,Origin-local observed-channel mean; does not replace pooled main metric
jena,BOLT_SMALL_LEVEL,LEVEL,v7_jena_level_res_92602,92602,36455,test_a,0.6189193686044173,0.525337348344721,0.0545119201835607,21,1008,Origin-local observed-channel mean; does not replace pooled main metric
jena,BOLT_SMALL_LEVEL,LEVEL,v7_jena_level_res_92602,92602,36479,test_a,0.2956587269959441,0.44397160198134356,0.2185044565827296,21,1008,Origin-local observed-channel mean; does not replace pooled main metric
jena,BOLT_SMALL_LEVEL,LEVEL,v7_jena_level_res_92602,92602,36503,test_a,0.35839531269740077,0.3794056106127091,0.2730077930878791,21,1008,Origin-local observed-channel mean; does not replace pooled main metric
jena,BOLT_SMALL_LEVEL,LEVEL,v7_jena_level_res_92602,92602,36527,test_a,0.22143360944503218,0.3548238157878615,0.22349297264516943,21,1008,Origin-local observed-channel mean; does not replace pooled main metric
jena,BOLT_SMALL_LEVEL,LEVEL,v7_jena_level_res_92602,92602,36551,test_a,0.45649122676691645,0.44164325380010605,-0.016843196250614974,21,1008,Origin-local observed-channel mean; does not replace pooled main metric
jena,BOLT_SMALL_LEVEL,LEVEL,v7_jena_level_res_92602,92602,36575,test_a,0.21000856471101842,0.3238591117978976,-0.011058535792490009,21,1008,Origin-local observed-channel mean; does not replace pooled main metric
jena,BOLT_SMALL_LEVEL,LEVEL,v7_jena_level_res_92602,92602,36599,test_a,0.49904258844590965,0.3250085353552889,-0.09260486851451874,21,1008,Origin-local observed-channel mean; does not replace pooled main metric
jena,BOLT_SMALL_LEVEL,LEVEL,v7_jena_level_res_92602,92602,36623,test_a,0.9685571533490883,0.517771922902847,0.15652777170965684,21,1008,Origin-local observed-channel mean; does not replace pooled main metric
jena,BOLT_SMALL_LEVEL,LEVEL,v7_jena_level_res_92602,92602,36647,test_a,0.2744525524605993,0.37559932302766746,0.32821864880841334,21,1008,Origin-local observed-channel mean; does not replace pooled main metric
jena,BOLT_SMALL_LEVEL,LEVEL,v7_jena_level_res_92602,92602,36671,test_a,0.13211661167747743,0.2918447243003082,0.18091757254793295,21,1008,Origin-local observed-channel mean; does not replace pooled main metric
jena,BOLT_SMALL_LEVEL,LEVEL,v7_jena_level_res_92602,92602,36695,test_a,0.14826865779330997,0.2999573870332218,0.19842313128296996,21,1008,Origin-local observed-channel mean; does not replace pooled main metric
jena,BOLT_SMALL_LEVEL,LEVEL,v7_jena_level_res_92602,92602,36719,test_a,0.23001587551605546,0.3040496685029471,0.09305069731290708,21,1008,Origin-local observed-channel mean; does not replace pooled main metric
jena,BOLT_SMALL_LEVEL,LEVEL,v7_jena_level_res_92602,92602,36743,test_a,0.2845060162682308,0.3483545818399141,-0.16271357049660604,21,1008,Origin-local observed-channel mean; does not replace pooled main metric
jena,BOLT_SMALL_LEVEL,LEVEL,v7_jena_level_res_92602,92602,36767,test_a,0.5338055886876651,0.5582775029101218,-0.1153052588772894,21,1008,Origin-local observed-channel mean; does not replace pooled main metric
jena,BOLT_SMALL_LEVEL,LEVEL,v7_jena_level_res_92602,92602,36791,test_a,0.20516366446579892,0.2886161143050274,0.008017846433508632,21,1008,Origin-local observed-channel mean; does not replace pooled main metric
jena,BOLT_SMALL_LEVEL,LEVEL,v7_jena_level_res_92602,92602,36815,test_a,0.31130164648275616,0.3895753324580414,0.18118631315802405,21,1008,Origin-local observed-channel mean; does not replace pooled main metric
jena,BOLT_SMALL_LEVEL,LEVEL,v7_jena_level_res_92602,92602,36839,test_a,0.3746705290223871,0.39820598426833015,0.08086179073674545,21,1008,Origin-local observed-channel mean; does not replace pooled main metric
jena,BOLT_SMALL_LEVEL,LEVEL,v7_jena_level_res_92602,92602,36863,test_a,0.2891722155352713,0.36514488641576404,0.0060310284909699885,21,1008,Origin-local observed-channel mean; does not replace pooled main metric
jena,BOLT_SMALL_LEVEL,LEVEL,v7_jena_level_res_92602,92602,36887,test_a,0.28641589964880065,0.3820648629974578,-0.16703895454610038,21,1008,Origin-local observed-channel mean; does not replace pooled main metric
jena,BOLT_SMALL_LEVEL,LEVEL,v7_jena_level_res_92602,92602,36911,test_a,0.4145467494235769,0.45341124605617966,-0.0818489307309233,21,1008,Origin-local observed-channel mean; does not replace pooled main metric
jena,BOLT_SMALL_LEVEL,LEVEL,v7_jena_level_res_92602,92602,36935,test_a,0.5435470938667409,0.38081585105078014,-0.005740028159509951,21,1008,Origin-local observed-channel mean; does not replace pooled main metric
jena,BOLT_SMALL_LEVEL,LEVEL,v7_jena_level_res_92602,92602,36959,test_a,0.40543687336552575,0.34740648839619503,-0.06403381275306438,21,1008,Origin-local observed-channel mean; does not replace pooled main metric
jena,BOLT_SMALL_LEVEL,LEVEL,v7_jena_level_res_92602,92602,36983,test_a,0.05600375855607244,0.16624790938179118,-0.016826702849415134,21,1008,Origin-local observed-channel mean; does not replace pooled main metric
jena,BOLT_SMALL_LEVEL,LEVEL,v7_jena_level_res_92602,92602,37007,test_a,0.05533003167586379,0.15879927667888946,0.03919399725337926,21,1008,Origin-local observed-channel mean; does not replace pooled main metric
jena,BOLT_SMALL_LEVEL,LEVEL,v7_jena_level_res_92602,92602,37031,test_a,0.3093448251895511,0.31200814826568984,-0.021401504881526173,21,1008,Origin-local observed-channel mean; does not replace pooled main metric
jena,BOLT_SMALL_LEVEL,LEVEL,v7_jena_level_res_92602,92602,37055,test_a,0.8279801150155831,0.5871504327826966,-0.07371632072410274,21,1008,Origin-local observed-channel mean; does not replace pooled main metric
jena,BOLT_SMALL_LEVEL,LEVEL,v7_jena_level_res_92602,92602,37079,test_a,0.29454471719084074,0.3958943405695325,-0.008843889747086425,21,1008,Origin-local observed-channel mean; does not replace pooled main metric
jena,BOLT_SMALL_LEVEL,LEVEL,v7_jena_level_res_92602,92602,37103,test_a,0.46741603536472986,0.4496336013526954,0.2008252109546144,21,1008,Origin-local observed-channel mean; does not replace pooled main metric
jena,BOLT_SMALL_LEVEL,LEVEL,v7_jena_level_res_92602,92602,37127,test_a,0.10232781764659103,0.22222655615295817,-0.11138256498885488,21,1008,Origin-local observed-channel mean; does not replace pooled main metric
jena,BOLT_SMALL_LEVEL,LEVEL,v7_jena_level_res_92602,92602,37151,test_a,0.07264244607264393,0.21127669132265653,-0.08113208917659773,21,1008,Origin-local observed-channel mean; does not replace pooled main metric
jena,BOLT_SMALL_LEVEL,LEVEL,v7_jena_level_res_92602,92602,37175,test_a,0.1625773332256348,0.20041510847283733,-0.029948945133380925,21,1008,Origin-local observed-channel mean; does not replace pooled main metric
jena,BOLT_SMALL_LEVEL,LEVEL,v7_jena_level_res_92602,92602,37199,test_a,0.6697041245142217,0.5298502350768046,-0.15669169402509212,21,1008,Origin-local observed-channel mean; does not replace pooled main metric
jena,BOLT_SMALL_LEVEL,LEVEL,v7_jena_level_res_92602,92602,37223,test_a,0.3911686225568993,0.4397788171266992,0.017080553184819606,21,1008,Origin-local observed-channel mean; does not replace pooled main metric
jena,BOLT_SMALL_LEVEL,LEVEL,v7_jena_level_res_92602,92602,37247,test_a,0.4378317294056182,0.43444544260724105,0.06210805435139697,21,1008,Origin-local observed-channel mean; does not replace pooled main metric
jena,BOLT_SMALL_LEVEL,LEVEL,v7_jena_level_res_92602,92602,37271,test_a,0.4396441206800818,0.4410895259730057,-0.09030202495607287,21,1008,Origin-local observed-channel mean; does not replace pooled main metric
jena,BOLT_SMALL_LEVEL,LEVEL,v7_jena_level_res_92602,92602,37295,test_a,0.10817475505075738,0.19185200691664783,-0.05198184452444641,21,1008,Origin-local observed-channel mean; does not replace pooled main metric
jena,BOLT_SMALL_LEVEL,LEVEL,v7_jena_level_res_92602,92602,37319,test_a,0.21576279040171148,0.2082898419271043,-0.08056803657803806,21,1008,Origin-local observed-channel mean; does not replace pooled main metric
jena,BOLT_SMALL_LEVEL,LEVEL,v7_jena_level_res_92602,92602,37343,test_a,0.2476218009958187,0.22385488312445687,0.01460616894635475,21,1008,Origin-local observed-channel mean; does not replace pooled main metric
jena,BOLT_SMALL_LEVEL,LEVEL,v7_jena_level_res_92602,92602,37367,test_a,0.22483161773655494,0.30484588578532107,0.10228610819069131,21,1008,Origin-local observed-channel mean; does not replace pooled main metric
jena,BOLT_SMALL_LEVEL,LEVEL,v7_jena_level_res_92602,92602,37391,test_a,0.08734162488831383,0.19759743038871208,-0.056004692850119824,21,1008,Origin-local observed-channel mean; does not replace pooled main metric
jena,BOLT_SMALL_LEVEL,LEVEL,v7_jena_level_res_92602,92602,37415,test_a,0.354172670845534,0.32924871049192644,0.014424635811698706,21,1008,Origin-local observed-channel mean; does not replace pooled main metric
jena,BOLT_SMALL_LEVEL,LEVEL,v7_jena_level_res_92602,92602,37439,test_a,0.4762212460463245,0.44257331465921623,-0.08789731603806897,21,1008,Origin-local observed-channel mean; does not replace pooled main metric
jena,BOLT_SMALL_LEVEL,LEVEL,v7_jena_level_res_92602,92602,37463,test_a,0.31841394983599747,0.3572465086466446,-0.14316033885852592,21,1008,Origin-local observed-channel mean; does not replace pooled main metric
jena,BOLT_SMALL_LEVEL,LEVEL,v7_jena_level_res_92602,92602,37487,test_a,0.4915902516852878,0.5330796364877541,-0.34106404147060526,21,1008,Origin-local observed-channel mean; does not replace pooled main metric
jena,BOLT_SMALL_LEVEL,LEVEL,v7_jena_level_res_92602,92602,37511,test_a,0.23710306759142727,0.3348189569994232,-0.018469436621614037,21,1008,Origin-local observed-channel mean; does not replace pooled main metric
jena,BOLT_SMALL_LEVEL,LEVEL,v7_jena_level_res_92602,92602,37535,test_a,0.24837453968488943,0.28779242869149174,-0.00435521404361925,21,1008,Origin-local observed-channel mean; does not replace pooled main metric
jena,BOLT_SMALL_LEVEL,LEVEL,v7_jena_level_res_92602,92602,37559,test_a,0.3815063975159547,0.27517580789999413,-0.12305985899752521,21,1008,Origin-local observed-channel mean; does not replace pooled main metric
jena,BOLT_SMALL_LEVEL,LEVEL,v7_jena_level_res_92602,92602,37583,test_a,0.19630378453820532,0.2519062573113525,-0.07104214369899146,21,1008,Origin-local observed-channel mean; does not replace pooled main metric
jena,BOLT_SMALL_LEVEL,LEVEL,v7_jena_level_res_92602,92602,37607,test_a,0.33184209163219913,0.3206667990803937,-0.13487045748029014,21,1008,Origin-local observed-channel mean; does not replace pooled main metric
jena,BOLT_SMALL_LEVEL,LEVEL,v7_jena_level_res_92602,92602,37631,test_a,0.641857353033467,0.5370153031316087,-0.3145991746506687,21,1008,Origin-local observed-channel mean; does not replace pooled main metric
jena,BOLT_SMALL_LEVEL,LEVEL,v7_jena_level_res_92602,92602,37655,test_a,0.6854741609694521,0.5262165158448393,0.1752823820824565,21,1008,Origin-local observed-channel mean; does not replace pooled main metric
jena,BOLT_SMALL_LEVEL,LEVEL,v7_jena_level_res_92602,92602,37679,test_a,0.7150319302362562,0.639781171690658,0.24881914828253524,21,1008,Origin-local observed-channel mean; does not replace pooled main metric
jena,BOLT_SMALL_LEVEL,LEVEL,v7_jena_level_res_92602,92602,37703,test_a,0.32039371011969714,0.3017413883179192,-0.003508717172648871,21,1008,Origin-local observed-channel mean; does not replace pooled main metric
jena,BOLT_SMALL_LEVEL,LEVEL,v7_jena_level_res_92602,92602,37727,test_a,0.5123556345556026,0.289817574579848,-0.07339485522370233,21,1008,Origin-local observed-channel mean; does not replace pooled main metric
jena,BOLT_SMALL_LEVEL,LEVEL,v7_jena_level_res_92602,92602,37751,test_a,0.5227816957063495,0.4236659030878126,-0.21714786851421988,21,1008,Origin-local observed-channel mean; does not replace pooled main metric
jena,BOLT_SMALL_LEVEL,LEVEL,v7_jena_level_res_92602,92602,37775,test_a,0.8251740645341127,0.6463178569392767,-0.30677650738941753,21,1008,Origin-local observed-channel mean; does not replace pooled main metric
jena,BOLT_SMALL_LEVEL,LEVEL,v7_jena_level_res_92602,92602,37799,test_a,0.3476007021445381,0.45575878634681144,0.09386289972000726,21,1008,Origin-local observed-channel mean; does not replace pooled main metric
jena,BOLT_SMALL_LEVEL,LEVEL,v7_jena_level_res_92602,92602,37823,test_a,0.21680284529855962,0.3187177344305036,0.13927122773771222,21,1008,Origin-local observed-channel mean; does not replace pooled main metric
jena,BOLT_SMALL_LEVEL,LEVEL,v7_jena_level_res_92602,92602,37847,test_a,0.34842460539460696,0.2917522842169366,0.016897214667840183,21,1008,Origin-local observed-channel mean; does not replace pooled main metric
jena,BOLT_SMALL_LEVEL,LEVEL,v7_jena_level_res_92602,92602,37871,test_a,0.2807672589381723,0.3276994340931341,0.03176958520034242,21,1008,Origin-local observed-channel mean; does not replace pooled main metric
jena,BOLT_SMALL_LEVEL,LEVEL,v7_jena_level_res_92602,92602,37895,test_a,0.8045497550368975,0.6194216130926858,-0.13397667305091293,21,1008,Origin-local observed-channel mean; does not replace pooled main metric
jena,BOLT_SMALL_LEVEL,LEVEL,v7_jena_level_res_92602,92602,37919,test_a,0.5622987205178808,0.5606385899027662,-0.1245884113826804,21,1008,Origin-local observed-channel mean; does not replace pooled main metric
jena,BOLT_SMALL_LEVEL,LEVEL,v7_jena_level_res_92602,92602,37943,test_a,0.32831425431642364,0.4046616786869154,0.08925690708149758,21,1008,Origin-local observed-channel mean; does not replace pooled main metric
jena,BOLT_SMALL_LEVEL,LEVEL,v7_jena_level_res_92602,92602,37967,test_a,0.4237241057254739,0.4328199493916361,0.12741716002370046,21,1008,Origin-local observed-channel mean; does not replace pooled main metric
jena,BOLT_SMALL_LEVEL,LEVEL,v7_jena_level_res_92602,92602,37991,test_a,0.5697597434158959,0.4785068114038689,-0.005052469129810875,21,1008,Origin-local observed-channel mean; does not replace pooled main metric
jena,BOLT_SMALL_LEVEL,LEVEL,v7_jena_level_res_92602,92602,38015,test_a,0.29467865150537687,0.3000017875786557,-0.005975880557791307,21,1008,Origin-local observed-channel mean; does not replace pooled main metric
jena,BOLT_SMALL_LEVEL,LEVEL,v7_jena_level_res_92602,92602,38039,test_a,0.6245704186661887,0.5149680007390478,-0.2240350937081819,21,1008,Origin-local observed-channel mean; does not replace pooled main metric
jena,BOLT_SMALL_LEVEL,LEVEL,v7_jena_level_res_92602,92602,38063,test_a,0.7067064966231724,0.6339263101454846,-0.05348639670133013,21,1008,Origin-local observed-channel mean; does not replace pooled main metric
jena,BOLT_SMALL_LEVEL,LEVEL,v7_jena_level_res_92602,92602,38087,test_a,0.6195118174015987,0.5246065902243744,0.10486540559259806,21,1008,Origin-local observed-channel mean; does not replace pooled main metric
jena,BOLT_SMALL_LEVEL,LEVEL,v7_jena_level_res_92602,92602,38111,test_a,0.2528336652672974,0.3198388003087501,0.08427514798492507,21,1008,Origin-local observed-channel mean; does not replace pooled main metric
jena,BOLT_SMALL_LEVEL,LEVEL,v7_jena_level_res_92602,92602,38135,test_a,0.36075511455880394,0.4374012396130263,-0.043398536848967315,21,1008,Origin-local observed-channel mean; does not replace pooled main metric
jena,BOLT_SMALL_LEVEL,LEVEL,v7_jena_level_res_92602,92602,38159,test_a,0.13539449289393152,0.19989920892487772,-0.09560809742828177,21,1008,Origin-local observed-channel mean; does not replace pooled main metric
jena,BOLT_SMALL_LEVEL,LEVEL,v7_jena_level_res_92602,92602,38183,test_a,0.2550698962840476,0.3220539368861835,-0.04999235392010416,21,1008,Origin-local observed-channel mean; does not replace pooled main metric
jena,BOLT_SMALL_LEVEL,LEVEL,v7_jena_level_res_92602,92602,38207,test_a,0.9783423344680383,0.7313607701290739,-0.0750972489292349,21,1008,Origin-local observed-channel mean; does not replace pooled main metric
jena,BOLT_SMALL_LEVEL,LEVEL,v7_jena_level_res_92602,92602,38231,test_a,0.5832572992471727,0.49866304086107355,0.24584303345412964,21,1008,Origin-local observed-channel mean; does not replace pooled main metric
jena,BOLT_SMALL_LEVEL,LEVEL,v7_jena_level_res_92602,92602,38255,test_a,0.44450796262161046,0.4718857493197512,0.05007442496721596,21,1008,Origin-local observed-channel mean; does not replace pooled main metric
jena,BOLT_SMALL_LEVEL,LEVEL,v7_jena_level_res_92602,92602,38279,test_a,0.13650831852090645,0.21739030745468174,-0.11892095862013877,21,1008,Origin-local observed-channel mean; does not replace pooled main metric
jena,BOLT_SMALL_LEVEL,LEVEL,v7_jena_level_res_92602,92602,38303,test_a,0.11752373121647261,0.25093800894293444,-0.13939065463720965,21,1008,Origin-local observed-channel mean; does not replace pooled main metric
jena,BOLT_SMALL_LEVEL,LEVEL,v7_jena_level_res_92602,92602,38327,test_a,0.23270093264933356,0.3584651810171116,-0.17504329885017045,21,1008,Origin-local observed-channel mean; does not replace pooled main metric
jena,BOLT_SMALL_LEVEL,LEVEL,v7_jena_level_res_92602,92602,38351,test_a,0.44522855556817137,0.4735178725275632,-0.024867296738583337,21,1008,Origin-local observed-channel mean; does not replace pooled main metric
jena,BOLT_SMALL_LEVEL,LEVEL,v7_jena_level_res_92602,92602,38375,test_a,0.5149093711951124,0.5208837567673374,0.08759621340071871,21,1008,Origin-local observed-channel mean; does not replace pooled main metric
jena,BOLT_SMALL_LEVEL,LEVEL,v7_jena_level_res_92602,92602,38399,test_a,0.311084800042899,0.40463058005716734,-0.11213534029460759,21,1008,Origin-local observed-channel mean; does not replace pooled main metric
jena,BOLT_SMALL_LEVEL,LEVEL,v7_jena_level_res_92602,92602,38423,test_a,0.6413912829876094,0.44241580755451215,-0.22533063260071065,21,1008,Origin-local observed-channel mean; does not replace pooled main metric
jena,BOLT_SMALL_LEVEL,LEVEL,v7_jena_level_res_92602,92602,38447,test_a,1.1174609912875486,0.5704405257434008,-0.25242388795410825,21,1008,Origin-local observed-channel mean; does not replace pooled main metric
jena,BOLT_SMALL_LEVEL,LEVEL,v7_jena_level_res_92602,92602,38471,test_a,0.5962068755567189,0.46426814517384163,0.26713543731810724,21,1008,Origin-local observed-channel mean; does not replace pooled main metric
jena,BOLT_SMALL_LEVEL,LEVEL,v7_jena_level_res_92602,92602,38495,test_a,1.449944871912761,0.679279485821589,0.15220127418976354,21,1008,Origin-local observed-channel mean; does not replace pooled main metric
jena,BOLT_SMALL_LEVEL,LEVEL,v7_jena_level_res_92602,92602,38519,test_a,0.24167010112087473,0.326447011801296,0.11415154852216974,21,1008,Origin-local observed-channel mean; does not replace pooled main metric
jena,BOLT_SMALL_LEVEL,LEVEL,v7_jena_level_res_92602,92602,38543,test_a,0.19692357734107307,0.3459746341561965,0.24381689199418322,21,1008,Origin-local observed-channel mean; does not replace pooled main metric
jena,BOLT_SMALL_LEVEL,LEVEL,v7_jena_level_res_92602,92602,38567,test_a,0.08353666121107177,0.15887549011873375,0.06380605402840062,21,1008,Origin-local observed-channel mean; does not replace pooled main metric
jena,BOLT_SMALL_LEVEL,LEVEL,v7_jena_level_res_92602,92602,38591,test_a,0.16908016614534263,0.29815114905634094,0.1523603953032834,21,1008,Origin-local observed-channel mean; does not replace pooled main metric
jena,BOLT_SMALL_LEVEL,LEVEL,v7_jena_level_res_92602,92602,38615,test_a,0.5013136168846697,0.4464580237880808,-0.1860142941340099,21,1008,Origin-local observed-channel mean; does not replace pooled main metric
jena,BOLT_SMALL_LEVEL,LEVEL,v7_jena_level_res_92602,92602,38639,test_a,0.2137185066955229,0.3002648576032712,-0.15254913470816395,21,1008,Origin-local observed-channel mean; does not replace pooled main metric
jena,BOLT_SMALL_LEVEL,LEVEL,v7_jena_level_res_92602,92602,38663,test_a,0.14156779084680096,0.2098676197162445,0.0706507121647028,21,1008,Origin-local observed-channel mean; does not replace pooled main metric
jena,BOLT_SMALL_LEVEL,LEVEL,v7_jena_level_res_92602,92602,38687,test_a,0.13963734561360186,0.20180784660439552,0.06324604780520388,21,1008,Origin-local observed-channel mean; does not replace pooled main metric
jena,BOLT_SMALL_LEVEL,LEVEL,v7_jena_level_res_92602,92602,38711,test_a,0.20787865192374705,0.29932287740470315,0.12925883947750594,21,1008,Origin-local observed-channel mean; does not replace pooled main metric
jena,BOLT_SMALL_LEVEL,LEVEL,v7_jena_level_res_92602,92602,38735,test_a,0.4470478111031142,0.4232752614151983,0.04951838424174294,21,1008,Origin-local observed-channel mean; does not replace pooled main metric
jena,BOLT_SMALL_LEVEL,LEVEL,v7_jena_level_res_92602,92602,38759,test_a,0.2619596853908841,0.2929794932532649,-0.1593094730205307,21,1008,Origin-local observed-channel mean; does not replace pooled main metric
jena,BOLT_SMALL_LEVEL,LEVEL,v7_jena_level_res_92602,92602,38783,test_a,0.45786494216923035,0.5106664529616756,-0.14492035463735597,21,1008,Origin-local observed-channel mean; does not replace pooled main metric
jena,BOLT_SMALL_LEVEL,LEVEL,v7_jena_level_res_92602,92602,38807,test_a,0.5426048965326995,0.3754827825515161,-0.05411753543635962,21,1008,Origin-local observed-channel mean; does not replace pooled main metric
jena,BOLT_SMALL_LEVEL,LEVEL,v7_jena_level_res_92602,92602,38831,test_a,0.6385694085681737,0.46211989801877057,-0.019895781331411306,21,1008,Origin-local observed-channel mean; does not replace pooled main metric
jena,BOLT_SMALL_LEVEL,LEVEL,v7_jena_level_res_92602,92602,38855,test_a,0.5018536386357226,0.42659009613154775,0.20280383651594916,21,1008,Origin-local observed-channel mean; does not replace pooled main metric
jena,BOLT_SMALL_LEVEL,LEVEL,v7_jena_level_res_92602,92602,38879,test_a,0.2732022260097186,0.3704231326070537,0.2736871673904326,21,1008,Origin-local observed-channel mean; does not replace pooled main metric
jena,BOLT_SMALL_LEVEL,LEVEL,v7_jena_level_res_92602,92602,38903,test_a,0.8620871496279947,0.48237069840182645,-0.210321849727604,21,1008,Origin-local observed-channel mean; does not replace pooled main metric
jena,BOLT_SMALL_LEVEL,LEVEL,v7_jena_level_res_92602,92602,38927,test_a,0.8364990777431003,0.5262901850473432,-0.30761142913991263,21,1008,Origin-local observed-channel mean; does not replace pooled main metric
jena,BOLT_SMALL_LEVEL,LEVEL,v7_jena_level_res_92602,92602,38951,test_a,0.48871088973739757,0.47526506013846737,0.00034567012196583323,21,1008,Origin-local observed-channel mean; does not replace pooled main metric
jena,BOLT_SMALL_LEVEL,LEVEL,v7_jena_level_res_92602,92602,38975,test_a,0.638878330052617,0.5201005917008279,0.31224814352518726,21,1008,Origin-local observed-channel mean; does not replace pooled main metric
jena,BOLT_SMALL_LEVEL,LEVEL,v7_jena_level_res_92602,92602,38999,test_a,0.22303646774158578,0.2761310943053018,0.09235981006478387,21,1008,Origin-local observed-channel mean; does not replace pooled main metric
jena,BOLT_SMALL_LEVEL,LEVEL,v7_jena_level_res_92602,92602,39023,test_a,0.20384930323273842,0.27559015911301393,-0.021083304322740918,21,1008,Origin-local observed-channel mean; does not replace pooled main metric
jena,BOLT_SMALL_LEVEL,LEVEL,v7_jena_level_res_92602,92602,39047,test_a,0.5865690747314259,0.48233886177712565,-0.02069439760747456,21,1008,Origin-local observed-channel mean; does not replace pooled main metric
jena,BOLT_SMALL_LEVEL,LEVEL,v7_jena_level_res_92602,92602,39071,test_a,0.5028476319270342,0.4363493489991304,-0.04894586299603058,21,1008,Origin-local observed-channel mean; does not replace pooled main metric
jena,BOLT_SMALL_LEVEL,LEVEL,v7_jena_level_res_92602,92602,39095,test_a,0.5014197452599107,0.5119485256882109,0.202819845611639,21,1008,Origin-local observed-channel mean; does not replace pooled main metric
jena,BOLT_SMALL_LEVEL,LEVEL,v7_jena_level_res_92602,92602,39119,test_a,0.3087732168495365,0.4364621104035154,0.2193586951690945,21,1008,Origin-local observed-channel mean; does not replace pooled main metric
jena,BOLT_SMALL_LEVEL,LEVEL,v7_jena_level_res_92602,92602,39143,test_a,0.17988562897381613,0.2650418801446023,0.06754989183450345,21,1008,Origin-local observed-channel mean; does not replace pooled main metric
jena,BOLT_SMALL_LEVEL,LEVEL,v7_jena_level_res_92602,92602,39167,test_a,0.19435673875712575,0.31877319678853155,0.1202364809745747,21,1008,Origin-local observed-channel mean; does not replace pooled main metric
jena,BOLT_SMALL_LEVEL,LEVEL,v7_jena_level_res_92602,92602,39191,test_a,0.4883959734352662,0.4530964380389796,-0.047155310712119064,21,1008,Origin-local observed-channel mean; does not replace pooled main metric
jena,BOLT_SMALL_LEVEL,LEVEL,v7_jena_level_res_92602,92602,39215,test_a,0.3453679779454819,0.39994566555267547,0.05741780691575499,21,1008,Origin-local observed-channel mean; does not replace pooled main metric
jena,BOLT_SMALL_LEVEL,LEVEL,v7_jena_level_res_92602,92602,39239,test_a,0.3282781094993909,0.41306355301258874,0.07397122036756684,21,1008,Origin-local observed-channel mean; does not replace pooled main metric
jena,BOLT_SMALL_LEVEL,LEVEL,v7_jena_level_res_92602,92602,39263,test_a,0.16212847371392441,0.28781788872432784,-0.0625973145418696,21,1008,Origin-local observed-channel mean; does not replace pooled main metric
jena,BOLT_SMALL_LEVEL,LEVEL,v7_jena_level_res_92602,92602,39287,test_a,0.0807079390121871,0.18864200885442578,-0.001200976673205316,21,1008,Origin-local observed-channel mean; does not replace pooled main metric
jena,BOLT_SMALL_LEVEL,LEVEL,v7_jena_level_res_92602,92602,39311,test_a,0.13745161192755423,0.24150556742790194,0.07895536933256876,21,1008,Origin-local observed-channel mean; does not replace pooled main metric
jena,BOLT_SMALL_LEVEL,LEVEL,v7_jena_level_res_92602,92602,39335,test_a,0.41442435593636145,0.3609889102123657,-0.11293474210947714,21,1008,Origin-local observed-channel mean; does not replace pooled main metric
jena,BOLT_SMALL_LEVEL,LEVEL,v7_jena_level_res_92602,92602,39359,test_a,0.9665819585943405,0.6938615052658427,-0.27863274492666806,21,1008,Origin-local observed-channel mean; does not replace pooled main metric
jena,BOLT_SMALL_LEVEL,LEVEL,v7_jena_level_res_92602,92602,39383,test_a,0.20899730366237698,0.293500990957996,0.1335042370575095,21,1008,Origin-local observed-channel mean; does not replace pooled main metric
jena,BOLT_SMALL_LEVEL,LEVEL,v7_jena_level_res_92602,92602,39407,test_a,0.25824102591410814,0.2301048904110281,-0.10102298453438423,21,1008,Origin-local observed-channel mean; does not replace pooled main metric
jena,BOLT_SMALL_LEVEL,LEVEL,v7_jena_level_res_92602,92602,39431,test_a,0.42888611444256763,0.37056822138211354,-0.15811105409946843,21,1008,Origin-local observed-channel mean; does not replace pooled main metric
jena,BOLT_SMALL_LEVEL,LEVEL,v7_jena_level_res_92602,92602,39455,test_a,0.47208472914418276,0.41765176474383753,-0.04676362878059975,21,1008,Origin-local observed-channel mean; does not replace pooled main metric
jena,BOLT_SMALL_LEVEL,LEVEL,v7_jena_level_res_92602,92602,39479,test_a,0.4723567972634981,0.40404443817129104,-0.18508584210385814,21,1008,Origin-local observed-channel mean; does not replace pooled main metric
jena,BOLT_SMALL_LEVEL,LEVEL,v7_jena_level_res_92602,92602,39503,test_a,0.5577364473993598,0.4955280683117009,-0.25636203754656317,21,1008,Origin-local observed-channel mean; does not replace pooled main metric
jena,BOLT_SMALL_LEVEL,LEVEL,v7_jena_level_res_92602,92602,39527,test_a,0.3031722010608697,0.3830186398686021,0.1470333016158769,21,1008,Origin-local observed-channel mean; does not replace pooled main metric
jena,BOLT_SMALL_LEVEL,LEVEL,v7_jena_level_res_92602,92602,39551,test_a,0.20802230957508933,0.2404157705327274,0.08798578745653872,21,1008,Origin-local observed-channel mean; does not replace pooled main metric
jena,BOLT_SMALL_LEVEL,LEVEL,v7_jena_level_res_92602,92602,39575,test_a,0.26006462727993734,0.29381081272309995,0.09638960120707726,21,1008,Origin-local observed-channel mean; does not replace pooled main metric
jena,BOLT_SMALL_LEVEL,LEVEL,v7_jena_level_res_92602,92602,39599,test_a,0.1458206565085852,0.2469963096040056,-0.021770403961180282,21,1008,Origin-local observed-channel mean; does not replace pooled main metric
jena,BOLT_SMALL_LEVEL,LEVEL,v7_jena_level_res_92602,92602,39623,test_a,0.24125032352490153,0.334692405838492,-0.14468175685142917,21,1008,Origin-local observed-channel mean; does not replace pooled main metric
jena,BOLT_SMALL_LEVEL,LEVEL,v7_jena_level_res_92602,92602,39647,test_a,0.703443165499126,0.4127298232184359,-0.1416345312575845,21,1008,Origin-local observed-channel mean; does not replace pooled main metric
jena,BOLT_SMALL_LEVEL,LEVEL,v7_jena_level_res_92602,92602,39671,test_a,0.7821218472128566,0.500926023948393,0.05272397719593191,21,1008,Origin-local observed-channel mean; does not replace pooled main metric
jena,BOLT_SMALL_LEVEL,LEVEL,v7_jena_level_res_92602,92602,39695,test_a,0.4446115643378742,0.4467216914382579,0.18811191315063977,21,1008,Origin-local observed-channel mean; does not replace pooled main metric
jena,BOLT_SMALL_LEVEL,LEVEL,v7_jena_level_res_92602,92602,39719,test_a,0.31555247733294584,0.313259368936073,0.08804303507453629,21,1008,Origin-local observed-channel mean; does not replace pooled main metric
jena,BOLT_SMALL_LEVEL,LEVEL,v7_jena_level_res_92602,92602,39743,test_a,0.24140649036081663,0.2883801298707517,0.00615327879749534,21,1008,Origin-local observed-channel mean; does not replace pooled main metric
jena,BOLT_SMALL_LEVEL,LEVEL,v7_jena_level_res_92602,92602,39767,test_a,0.36432494748350747,0.2979993585592047,-0.11057080947930009,21,1008,Origin-local observed-channel mean; does not replace pooled main metric
jena,BOLT_SMALL_LEVEL,LEVEL,v7_jena_level_res_92602,92602,39791,test_a,0.5958892250012885,0.49605187109344645,-0.10269711557389707,21,1008,Origin-local observed-channel mean; does not replace pooled main metric
jena,BOLT_SMALL_LEVEL,LEVEL,v7_jena_level_res_92602,92602,39815,test_a,0.53356277428319,0.4591156757653354,0.07205138481171278,21,1008,Origin-local observed-channel mean; does not replace pooled main metric
jena,BOLT_SMALL_LEVEL,LEVEL,v7_jena_level_res_92602,92602,39839,test_a,0.5681146755627567,0.36382639338631945,-0.16275578480406055,21,1008,Origin-local observed-channel mean; does not replace pooled main metric
jena,BOLT_SMALL_LEVEL,LEVEL,v7_jena_level_res_92602,92602,39863,test_a,0.32410324951711517,0.3200631618152358,-0.004655024731561311,21,1008,Origin-local observed-channel mean; does not replace pooled main metric
jena,BOLT_SMALL_LEVEL,LEVEL,v7_jena_level_res_92602,92602,39887,test_a,0.13653610515042605,0.20117349815850577,-0.033340136102947684,21,1008,Origin-local observed-channel mean; does not replace pooled main metric
jena,BOLT_SMALL_LEVEL,LEVEL,v7_jena_level_res_92602,92602,39911,test_a,0.2900478441761413,0.24702079924509954,-0.15309170991277488,21,1008,Origin-local observed-channel mean; does not replace pooled main metric
jena,BOLT_SMALL_LEVEL,LEVEL,v7_jena_level_res_92602,92602,39935,test_a,0.4436871158471319,0.320802195607997,-0.23107577682090089,21,1008,Origin-local observed-channel mean; does not replace pooled main metric
jena,BOLT_SMALL_LEVEL,LEVEL,v7_jena_level_res_92602,92602,39959,test_a,0.3625841306111256,0.32206192404747624,-0.022606080973413815,21,1008,Origin-local observed-channel mean; does not replace pooled main metric
jena,BOLT_SMALL_LEVEL,LEVEL,v7_jena_level_res_92602,92602,39983,test_a,0.3543065542571934,0.3592345664502419,0.107873313930112,21,1008,Origin-local observed-channel mean; does not replace pooled main metric
jena,BOLT_SMALL_LEVEL,LEVEL,v7_jena_level_res_92602,92602,40007,test_a,0.267480334014109,0.2486472219215579,-0.005873701272191417,21,1008,Origin-local observed-channel mean; does not replace pooled main metric
jena,BOLT_SMALL_LEVEL,LEVEL,v7_jena_level_res_92602,92602,40031,test_a,0.1775900700611476,0.22260583262328826,0.06328265202630845,21,1008,Origin-local observed-channel mean; does not replace pooled main metric
jena,BOLT_SMALL_LEVEL,LEVEL,v7_jena_level_res_92602,92602,40055,test_a,0.279620675194549,0.34440183982997763,-0.08822654802416866,21,1008,Origin-local observed-channel mean; does not replace pooled main metric
jena,BOLT_SMALL_LEVEL,LEVEL,v7_jena_level_res_92602,92602,40079,test_a,0.2784391031626302,0.33960077783731757,-0.1052409602246674,21,1008,Origin-local observed-channel mean; does not replace pooled main metric
jena,BOLT_SMALL_LEVEL,LEVEL,v7_jena_level_res_92602,92602,40103,test_a,0.31474689938326406,0.2816900955662104,0.0204637174233323,21,1008,Origin-local observed-channel mean; does not replace pooled main metric
jena,BOLT_SMALL_LEVEL,LEVEL,v7_jena_level_res_92602,92602,40127,test_a,0.4446960559677185,0.29159202327811345,-0.02052961304850343,21,1008,Origin-local observed-channel mean; does not replace pooled main metric
jena,BOLT_SMALL_LEVEL,LEVEL,v7_jena_level_res_92602,92602,40151,test_a,0.30253143737399,0.3269832495258477,0.0527059036017269,21,1008,Origin-local observed-channel mean; does not replace pooled main metric
jena,BOLT_SMALL_LEVEL,LEVEL,v7_jena_level_res_92602,92602,40175,test_a,0.19626450028900616,0.2433472937340239,0.01675473728068431,21,1008,Origin-local observed-channel mean; does not replace pooled main metric
jena,BOLT_SMALL_LEVEL,LEVEL,v7_jena_level_res_92602,92602,40199,test_a,0.23233706508704258,0.2458150184450619,-0.10648013779332578,21,1008,Origin-local observed-channel mean; does not replace pooled main metric
jena,BOLT_SMALL_LEVEL,LEVEL,v7_jena_level_res_92602,92602,40223,test_a,0.5725874038675953,0.5155984681123734,-0.2259572638148899,21,1008,Origin-local observed-channel mean; does not replace pooled main metric
jena,BOLT_SMALL_LEVEL,LEVEL,v7_jena_level_res_92602,92602,40247,test_a,0.4440773139419016,0.42592290704938246,0.26346477053517625,21,1008,Origin-local observed-channel mean; does not replace pooled main metric
jena,BOLT_SMALL_LEVEL,LEVEL,v7_jena_level_res_92602,92602,40271,test_a,0.5708132526252553,0.5902365850141948,0.20387670296472532,21,1008,Origin-local observed-channel mean; does not replace pooled main metric
jena,BOLT_SMALL_LEVEL,LEVEL,v7_jena_level_res_92602,92602,40295,test_a,0.07399492844743862,0.1620206506759565,-0.008173911878166393,21,1008,Origin-local observed-channel mean; does not replace pooled main metric
jena,BOLT_SMALL_LEVEL,LEVEL,v7_jena_level_res_92602,92602,40319,test_a,0.12292033556473808,0.2168777231581338,-0.045617727709849,21,1008,Origin-local observed-channel mean; does not replace pooled main metric
jena,BOLT_SMALL_LEVEL,LEVEL,v7_jena_level_res_92602,92602,40343,test_a,0.39778659094379726,0.4662376472461758,-0.266537587117498,21,1008,Origin-local observed-channel mean; does not replace pooled main metric
jena,BOLT_SMALL_LEVEL,LEVEL,v7_jena_level_res_92602,92602,40367,test_a,0.6418845985182018,0.5503883665310458,-0.35450162224128323,21,1008,Origin-local observed-channel mean; does not replace pooled main metric
jena,BOLT_SMALL_LEVEL,LEVEL,v7_jena_level_res_92602,92602,40391,test_a,0.5279247006433896,0.4356632909874038,-0.161956692461524,21,1008,Origin-local observed-channel mean; does not replace pooled main metric
jena,BOLT_SMALL_LEVEL,LEVEL,v7_jena_level_res_92602,92602,40415,test_a,0.14677970689111564,0.24079465973126285,0.07707321309874442,21,1008,Origin-local observed-channel mean; does not replace pooled main metric
jena,BOLT_SMALL_LEVEL,LEVEL,v7_jena_level_res_92602,92602,40439,test_a,0.12291014667761775,0.23793260650171083,-0.10651349661156206,21,1008,Origin-local observed-channel mean; does not replace pooled main metric
jena,BOLT_SMALL_LEVEL,LEVEL,v7_jena_level_res_92602,92602,40463,test_a,0.15593476934233053,0.268754662034755,-0.09124736251881889,21,1008,Origin-local observed-channel mean; does not replace pooled main metric
jena,BOLT_SMALL_LEVEL,LEVEL,v7_jena_level_res_92602,92602,40487,test_a,0.3149323574784744,0.37170228102966946,-0.046907208003898304,21,1008,Origin-local observed-channel mean; does not replace pooled main metric
jena,BOLT_SMALL_LEVEL,LEVEL,v7_jena_level_res_92602,92602,40511,test_a,0.5782740521439202,0.6020926862226573,-0.3082854796123843,21,1008,Origin-local observed-channel mean; does not replace pooled main metric
jena,BOLT_SMALL_LEVEL,LEVEL,v7_jena_level_res_92602,92602,40535,test_a,1.1038626065088368,0.6343181464833342,-0.0007298718372199095,21,1008,Origin-local observed-channel mean; does not replace pooled main metric
jena,BOLT_SMALL_LEVEL,LEVEL,v7_jena_level_res_92602,92602,40559,test_a,0.6488216187391813,0.34223768934235616,-0.0757453807592457,21,1008,Origin-local observed-channel mean; does not replace pooled main metric
jena,BOLT_SMALL_LEVEL,LEVEL,v7_jena_level_res_92602,92602,40583,test_a,0.4287161604993489,0.347772073884525,0.17435678226251014,21,1008,Origin-local observed-channel mean; does not replace pooled main metric
jena,BOLT_SMALL_LEVEL,LEVEL,v7_jena_level_res_92602,92602,40607,test_a,0.12616958318808583,0.24816871385118,0.11183099141387161,21,1008,Origin-local observed-channel mean; does not replace pooled main metric
jena,BOLT_SMALL_LEVEL,LEVEL,v7_jena_level_res_92602,92602,40631,test_a,0.33525858151427906,0.37195573911658214,-0.10049727071952748,21,1008,Origin-local observed-channel mean; does not replace pooled main metric
jena,BOLT_SMALL_LEVEL,LEVEL,v7_jena_level_res_92602,92602,40655,test_a,0.47009601061109363,0.4958265553627464,-0.16135040531893508,21,1008,Origin-local observed-channel mean; does not replace pooled main metric
jena,BOLT_SMALL_LEVEL,LEVEL,v7_jena_level_res_92602,92602,40679,test_a,0.5804981829475527,0.464230909034779,0.20339003498705252,21,1008,Origin-local observed-channel mean; does not replace pooled main metric
jena,BOLT_SMALL_LEVEL,LEVEL,v7_jena_level_res_92602,92602,40703,test_a,0.35308059968630146,0.4333932725786571,0.1599398641699245,21,1008,Origin-local observed-channel mean; does not replace pooled main metric
jena,BOLT_SMALL_LEVEL,LEVEL,v7_jena_level_res_92602,92602,40727,test_a,0.26300357520911927,0.28882829771152635,-0.051632502976673766,21,1008,Origin-local observed-channel mean; does not replace pooled main metric
jena,BOLT_SMALL_LEVEL,LEVEL,v7_jena_level_res_92602,92602,40751,test_a,0.5956632183283181,0.40839311700256087,-0.19672840613006087,21,1008,Origin-local observed-channel mean; does not replace pooled main metric
jena,BOLT_SMALL_LEVEL,LEVEL,v7_jena_level_res_92602,92602,40775,test_a,0.5778938196354668,0.4747190639637189,-0.1664231083464868,21,1008,Origin-local observed-channel mean; does not replace pooled main metric
jena,BOLT_SMALL_LEVEL,LEVEL,v7_jena_level_res_92602,92602,40799,test_a,0.7224454073412928,0.6010842068895321,-0.0793503813378814,21,1008,Origin-local observed-channel mean; does not replace pooled main metric
jena,BOLT_SMALL_LEVEL,LEVEL,v7_jena_level_res_92602,92602,40823,test_a,0.36380219832627125,0.3963250723648501,0.1696193082180033,21,1008,Origin-local observed-channel mean; does not replace pooled main metric
jena,BOLT_SMALL_LEVEL,LEVEL,v7_jena_level_res_92602,92602,40847,test_a,0.19782547856548519,0.3312365478076759,0.09214439904116305,21,1008,Origin-local observed-channel mean; does not replace pooled main metric
jena,BOLT_SMALL_LEVEL,LEVEL,v7_jena_level_res_92602,92602,40871,test_a,0.22876368675806869,0.30498728186718105,0.1661186264564527,21,1008,Origin-local observed-channel mean; does not replace pooled main metric
jena,BOLT_SMALL_LEVEL,LEVEL,v7_jena_level_res_92602,92602,40895,test_a,0.4202802034357055,0.3384535066795671,0.053635015033323144,21,1008,Origin-local observed-channel mean; does not replace pooled main metric
jena,BOLT_SMALL_LEVEL,LEVEL,v7_jena_level_res_92602,92602,40919,test_a,0.348728715860942,0.4261918674763162,0.047137494532748084,21,1008,Origin-local observed-channel mean; does not replace pooled main metric
jena,BOLT_SMALL_LEVEL,LEVEL,v7_jena_level_res_92602,92602,40943,test_a,0.2993839462440433,0.3790124367646174,-0.12786252981776855,21,1008,Origin-local observed-channel mean; does not replace pooled main metric
jena,BOLT_SMALL_LEVEL,LEVEL,v7_jena_level_res_92602,92602,40967,test_a,0.2614591884846142,0.38173083444757683,0.15791321085577245,21,1008,Origin-local observed-channel mean; does not replace pooled main metric
jena,BOLT_SMALL_LEVEL,LEVEL,v7_jena_level_res_92602,92602,40991,test_a,0.25993699273605014,0.4046779592827079,0.13275159775089593,21,1008,Origin-local observed-channel mean; does not replace pooled main metric
jena,BOLT_SMALL_LEVEL,LEVEL,v7_jena_level_res_92602,92602,41015,test_a,0.2337262172424027,0.3689767377810702,0.10210071098683533,21,1008,Origin-local observed-channel mean; does not replace pooled main metric
jena,BOLT_SMALL_LEVEL,LEVEL,v7_jena_level_res_92602,92602,41039,test_a,0.11578750394699214,0.24083901098689126,0.0885993452726065,21,1008,Origin-local observed-channel mean; does not replace pooled main metric
jena,BOLT_SMALL_LEVEL,LEVEL,v7_jena_level_res_92602,92602,41063,test_a,0.3094570479517335,0.33355730694223434,-0.18336659196638577,21,1008,Origin-local observed-channel mean; does not replace pooled main metric
jena,BOLT_SMALL_LEVEL,LEVEL,v7_jena_level_res_92602,92602,41087,test_a,0.9940712202563731,0.7916614209613713,-0.40678905024400425,21,1008,Origin-local observed-channel mean; does not replace pooled main metric
jena,BOLT_SMALL_LEVEL,LEVEL,v7_jena_level_res_92602,92602,41111,test_a,0.4291129748676571,0.4525234151163507,0.14149937400990953,21,1008,Origin-local observed-channel mean; does not replace pooled main metric
jena,BOLT_SMALL_LEVEL,LEVEL,v7_jena_level_res_92602,92602,41135,test_a,0.34762795986362083,0.39218276314100614,0.02648357087378999,21,1008,Origin-local observed-channel mean; does not replace pooled main metric
jena,BOLT_SMALL_LEVEL,LEVEL,v7_jena_level_res_92602,92602,41159,test_a,0.3018920672330001,0.318854189563209,-0.149041377876341,21,1008,Origin-local observed-channel mean; does not replace pooled main metric
jena,BOLT_SMALL_LEVEL,LEVEL,v7_jena_level_res_92602,92602,41183,test_a,0.3453510243770624,0.34375486841830893,-0.0965640126533034,21,1008,Origin-local observed-channel mean; does not replace pooled main metric
jena,BOLT_SMALL_LEVEL,LEVEL,v7_jena_level_res_92602,92602,41207,test_a,0.7916791999783648,0.6048700365831865,-0.05976982721219269,21,1008,Origin-local observed-channel mean; does not replace pooled main metric
jena,BOLT_SMALL_LEVEL,LEVEL,v7_jena_level_res_92602,92602,41231,test_a,0.5821263211548113,0.5120357491959155,-0.13744818993239147,21,1008,Origin-local observed-channel mean; does not replace pooled main metric
jena,BOLT_SMALL_LEVEL,LEVEL,v7_jena_level_res_92602,92602,41255,test_a,0.1498084956495766,0.2375999299337208,0.08277914941353384,21,1008,Origin-local observed-channel mean; does not replace pooled main metric
jena,BOLT_SMALL_LEVEL,LEVEL,v7_jena_level_res_92602,92602,41279,test_a,0.08069045873663978,0.21202894968039812,-0.05404827475274308,21,1008,Origin-local observed-channel mean; does not replace pooled main metric
jena,BOLT_SMALL_LEVEL,LEVEL,v7_jena_level_res_92602,92602,41303,test_a,0.05054627667875352,0.11610934545405187,0.07061813551297833,21,1008,Origin-local observed-channel mean; does not replace pooled main metric
jena,BOLT_SMALL_LEVEL,LEVEL,v7_jena_level_res_92602,92602,41327,test_a,0.06320399965421436,0.16413355912525385,0.05707558326511867,21,1008,Origin-local observed-channel mean; does not replace pooled main metric
jena,BOLT_SMALL_LEVEL,LEVEL,v7_jena_level_res_92602,92602,41351,test_a,0.11708455688508473,0.22449255271030347,-0.015430964533441026,21,1008,Origin-local observed-channel mean; does not replace pooled main metric
jena,BOLT_SMALL_LEVEL,LEVEL,v7_jena_level_res_92602,92602,41375,test_a,0.3167329128408587,0.39460249614392756,0.006998174334830055,21,1008,Origin-local observed-channel mean; does not replace pooled main metric
jena,BOLT_SMALL_LEVEL,LEVEL,v7_jena_level_res_92602,92602,41399,test_a,0.6257458850413208,0.4713540208000873,0.03546794743505458,21,1008,Origin-local observed-channel mean; does not replace pooled main metric
jena,BOLT_SMALL_LEVEL,LEVEL,v7_jena_level_res_92602,92602,41423,test_a,0.6079857289042295,0.46154383861984466,-0.11324356438377609,21,1008,Origin-local observed-channel mean; does not replace pooled main metric
jena,BOLT_SMALL_LEVEL,LEVEL,v7_jena_level_res_92602,92602,41447,test_a,0.48513521638281937,0.4816824183608189,0.1126517658212545,21,1008,Origin-local observed-channel mean; does not replace pooled main metric
jena,BOLT_SMALL_LEVEL,LEVEL,v7_jena_level_res_92602,92602,41471,test_a,0.48189670014942554,0.5424432882015053,0.21625460744129785,21,1008,Origin-local observed-channel mean; does not replace pooled main metric
jena,BOLT_SMALL_LEVEL,LEVEL,v7_jena_level_res_92602,92602,41495,test_a,0.2629036765630059,0.3302271041107555,-0.218292543837292,21,1008,Origin-local observed-channel mean; does not replace pooled main metric
jena,BOLT_SMALL_LEVEL,LEVEL,v7_jena_level_res_92602,92602,41519,test_a,0.610613682249516,0.5715658808073082,-0.29849253241320095,21,1008,Origin-local observed-channel mean; does not replace pooled main metric
jena,BOLT_SMALL_LEVEL,LEVEL,v7_jena_level_res_92602,92602,41543,test_a,0.38175347097798995,0.433767805400142,0.2378055933678398,21,1008,Origin-local observed-channel mean; does not replace pooled main metric
jena,BOLT_SMALL_LEVEL,LEVEL,v7_jena_level_res_92602,92602,41567,test_a,0.1573170879883884,0.2751855988490351,0.06836424298362832,21,1008,Origin-local observed-channel mean; does not replace pooled main metric
jena,BOLT_SMALL_LEVEL,LEVEL,v7_jena_level_res_92602,92602,41591,test_a,0.16507832835718417,0.24745161920258218,0.016064857374831702,21,1008,Origin-local observed-channel mean; does not replace pooled main metric
jena,BOLT_SMALL_LEVEL,LEVEL,v7_jena_level_res_92602,92602,41615,test_a,0.16529701902805052,0.22324981068497493,-0.0862411470780711,21,1008,Origin-local observed-channel mean; does not replace pooled main metric
jena,BOLT_SMALL_LEVEL,LEVEL,v7_jena_level_res_92602,92602,41639,test_a,0.5935601167946667,0.5112815477002028,-0.3000766131694295,21,1008,Origin-local observed-channel mean; does not replace pooled main metric
jena,BOLT_SMALL_LEVEL,LEVEL,v7_jena_level_res_92602,92602,41663,test_a,1.6665312627020081,1.0942735578181104,-0.5168571909741749,21,1008,Origin-local observed-channel mean; does not replace pooled main metric
jena,BOLT_SMALL_LEVEL,LEVEL,v7_jena_level_res_92602,92602,41687,test_a,0.34237221481169305,0.3903969027305719,0.1210513701826419,21,1008,Origin-local observed-channel mean; does not replace pooled main metric
jena,BOLT_SMALL_LEVEL,LEVEL,v7_jena_level_res_92602,92602,41711,test_a,0.19304557452021615,0.33835977982622956,0.12525506967427819,21,1008,Origin-local observed-channel mean; does not replace pooled main metric
jena,BOLT_SMALL_LEVEL,LEVEL,v7_jena_level_res_92602,92602,41735,test_a,0.1583516886050091,0.26975872213439467,-0.1023628783208089,21,1008,Origin-local observed-channel mean; does not replace pooled main metric
jena,BOLT_SMALL_LEVEL,LEVEL,v7_jena_level_res_92602,92602,41759,test_a,0.20214100162421136,0.32982262879655566,0.03934647829777937,21,1008,Origin-local observed-channel mean; does not replace pooled main metric
jena,BOLT_SMALL_LEVEL,LEVEL,v7_jena_level_res_92602,92602,41783,test_a,0.21759047398745646,0.2986372829267826,-0.11362883949027854,21,1008,Origin-local observed-channel mean; does not replace pooled main metric
jena,BOLT_SMALL_LEVEL,LEVEL,v7_jena_level_res_92602,92602,41807,test_a,0.23753323290774672,0.36870786472218964,-0.19518189501090208,21,1008,Origin-local observed-channel mean; does not replace pooled main metric
jena,BOLT_SMALL_LEVEL,LEVEL,v7_jena_level_res_92602,92602,41831,test_a,0.21928076119786574,0.37761909583590864,-0.07594920841178723,21,1008,Origin-local observed-channel mean; does not replace pooled main metric
jena,BOLT_SMALL_LEVEL,LEVEL,v7_jena_level_res_92602,92602,41855,test_a,0.11448057608874611,0.2616438515628004,0.0006315206126254443,21,1008,Origin-local observed-channel mean; does not replace pooled main metric
jena,BOLT_SMALL_LEVEL,LEVEL,v7_jena_level_res_92602,92602,41879,test_a,0.03409921061710681,0.1262858781842552,0.01597846296453287,21,1008,Origin-local observed-channel mean; does not replace pooled main metric
jena,BOLT_SMALL_LEVEL,LEVEL,v7_jena_level_res_92602,92602,41903,test_a,0.045741625365666914,0.12620590681890173,0.05406991350265879,21,1008,Origin-local observed-channel mean; does not replace pooled main metric
jena,BOLT_SMALL_LEVEL,LEVEL,v7_jena_level_res_92602,92602,41927,test_a,0.2230531166333963,0.32024184198004185,-0.14258366220700922,21,1008,Origin-local observed-channel mean; does not replace pooled main metric
jena,BOLT_SMALL_LEVEL,LEVEL,v7_jena_level_res_92602,92602,41951,test_a,0.20886305750336515,0.36590085484377116,-0.1831530525266158,21,1008,Origin-local observed-channel mean; does not replace pooled main metric
jena,BOLT_SMALL_LEVEL,LEVEL,v7_jena_level_res_92602,92602,41975,test_a,0.10612778698349415,0.2514444806543502,-0.002797031559263523,21,1008,Origin-local observed-channel mean; does not replace pooled main metric
jena,BOLT_SMALL_LEVEL,LEVEL,v7_jena_level_res_92602,92602,41999,test_a,0.06536703718065716,0.1953619523223248,-0.0058998658403919425,21,1008,Origin-local observed-channel mean; does not replace pooled main metric
jena,BOLT_SMALL_LEVEL,LEVEL,v7_jena_level_res_92602,92602,42023,test_a,0.07892786459570036,0.16108895043193736,-0.041850123006335185,21,1008,Origin-local observed-channel mean; does not replace pooled main metric
jena,BOLT_SMALL_LEVEL,LEVEL,v7_jena_level_res_92602,92602,42047,test_a,0.08917048751394027,0.1853159960252621,-0.09590662722332619,21,1008,Origin-local observed-channel mean; does not replace pooled main metric
jena,BOLT_SMALL_LEVEL,LEVEL,v7_jena_level_res_92602,92602,42071,test_a,0.23966548769651674,0.3614112477415123,-0.178215652743506,21,1008,Origin-local observed-channel mean; does not replace pooled main metric
jena,BOLT_SMALL_LEVEL,LEVEL,v7_jena_level_res_92602,92602,42095,test_a,0.2798682703901689,0.40867726728191917,-0.23518272854741393,21,1008,Origin-local observed-channel mean; does not replace pooled main metric
jena,BOLT_SMALL_LEVEL,LEVEL,v7_jena_level_res_92602,92602,42119,test_a,0.047755465009295804,0.14522049956709482,-0.0002853782534657545,21,1008,Origin-local observed-channel mean; does not replace pooled main metric
jena,BOLT_SMALL_LEVEL,LEVEL,v7_jena_level_res_92602,92602,42143,test_a,0.1028620813378853,0.206169941031678,-0.011201306769512564,21,1008,Origin-local observed-channel mean; does not replace pooled main metric
jena,BOLT_SMALL_LEVEL,LEVEL,v7_jena_level_res_92602,92602,42167,test_a,0.05432123303410966,0.1503479051800299,-0.009933948223844047,21,1008,Origin-local observed-channel mean; does not replace pooled main metric
jena,BOLT_SMALL_LEVEL,LEVEL,v7_jena_level_res_92602,92602,42191,test_a,0.05695777650400484,0.12575085028208652,0.00887574955829353,21,1008,Origin-local observed-channel mean; does not replace pooled main metric
jena,BOLT_SMALL_LEVEL,LEVEL,v7_jena_level_res_92602,92602,42215,test_a,0.23284943115693682,0.26648531191601665,-0.1441652848965503,21,1008,Origin-local observed-channel mean; does not replace pooled main metric
jena,BOLT_SMALL_LEVEL,LEVEL,v7_jena_level_res_92602,92602,42239,test_a,0.42187341416704655,0.4552567049659263,-0.18661166263782145,21,1008,Origin-local observed-channel mean; does not replace pooled main metric
jena,BOLT_SMALL_LEVEL,LEVEL,v7_jena_level_res_92602,92602,42263,test_a,0.1811801486448538,0.26765953876590887,0.06298269710121907,21,1008,Origin-local observed-channel mean; does not replace pooled main metric
jena,BOLT_SMALL_LEVEL,LEVEL,v7_jena_level_res_92602,92602,42287,test_a,0.06945944701296207,0.20672756768850836,-0.03241849153109509,21,1008,Origin-local observed-channel mean; does not replace pooled main metric
jena,BOLT_SMALL_LEVEL,LEVEL,v7_jena_level_res_92602,92602,42311,test_a,0.1591853712251589,0.2624911821598837,-0.04353559236245466,21,1008,Origin-local observed-channel mean; does not replace pooled main metric
jena,BOLT_SMALL_LEVEL,LEVEL,v7_jena_level_res_92602,92602,42335,test_a,0.14368627342261717,0.22959789053475976,-0.004230636785024896,21,1008,Origin-local observed-channel mean; does not replace pooled main metric
jena,BOLT_SMALL_LEVEL,LEVEL,v7_jena_level_res_92602,92602,42359,test_a,0.1193373636415347,0.20623951161646148,-0.040619893381113395,21,1008,Origin-local observed-channel mean; does not replace pooled main metric
jena,BOLT_SMALL_LEVEL,LEVEL,v7_jena_level_res_92602,92602,42383,test_a,0.42068097321726616,0.5253694150832748,-0.2902144384759537,21,1008,Origin-local observed-channel mean; does not replace pooled main metric
jena,BOLT_SMALL_LEVEL,LEVEL,v7_jena_level_res_92602,92602,42407,test_a,0.10109662231424263,0.2076486958466419,0.011380103117473828,21,1008,Origin-local observed-channel mean; does not replace pooled main metric
jena,BOLT_SMALL_LEVEL,LEVEL,v7_jena_level_res_92602,92602,42431,test_a,0.05978951113020736,0.15373292137063266,0.06678922665921004,21,1008,Origin-local observed-channel mean; does not replace pooled main metric
jena,BOLT_SMALL_LEVEL,LEVEL,v7_jena_level_res_92602,92602,42455,test_a,0.060205714795916195,0.14802534848341667,0.004693550002504331,21,1008,Origin-local observed-channel mean; does not replace pooled main metric
jena,BOLT_SMALL_LEVEL,LEVEL,v7_jena_level_res_92602,92602,42479,test_a,0.0891988507903374,0.16826454677068378,-0.023316773811876332,21,1008,Origin-local observed-channel mean; does not replace pooled main metric
jena,BOLT_SMALL_LEVEL,LEVEL,v7_jena_level_res_92602,92602,42503,test_a,0.29211297912895984,0.33520854690314517,-0.18517846203596694,21,1008,Origin-local observed-channel mean; does not replace pooled main metric
jena,BOLT_SMALL_LEVEL,LEVEL,v7_jena_level_res_92602,92602,42527,test_a,0.39411103302501344,0.4352844717858903,-0.012795224579594875,21,1008,Origin-local observed-channel mean; does not replace pooled main metric
jena,BOLT_SMALL_LEVEL,LEVEL,v7_jena_level_res_92602,92602,42551,test_a,0.3216816235689303,0.4467974198887532,0.1911787844688834,21,1008,Origin-local observed-channel mean; does not replace pooled main metric
jena,BOLT_SMALL_LEVEL,LEVEL,v7_jena_level_res_92602,92602,42575,test_a,0.2587387216256244,0.3798445266859036,0.24114383176654675,21,1008,Origin-local observed-channel mean; does not replace pooled main metric
jena,BOLT_SMALL_LEVEL,LEVEL,v7_jena_level_res_92602,92602,42599,test_a,0.25330248839547587,0.37316486910461366,0.09930319449793186,21,1008,Origin-local observed-channel mean; does not replace pooled main metric
jena,BOLT_SMALL_LEVEL,LEVEL,v7_jena_level_res_92602,92602,42623,test_a,0.13504962413850496,0.283632889775502,0.06376042427048863,21,1008,Origin-local observed-channel mean; does not replace pooled main metric
jena,BOLT_SMALL_LEVEL,LEVEL,v7_jena_level_res_92602,92602,42647,test_a,0.14751503758172937,0.22322850319462656,-0.11394719932586812,21,1008,Origin-local observed-channel mean; does not replace pooled main metric
jena,BOLT_SMALL_LEVEL,LEVEL,v7_jena_level_res_92602,92602,42671,test_a,0.593603549933748,0.5671836194886719,-0.30008299882123646,21,1008,Origin-local observed-channel mean; does not replace pooled main metric
jena,BOLT_SMALL_LEVEL,LEVEL,v7_jena_level_res_92602,92602,42695,test_a,0.6350353901005393,0.542040611753316,0.28743881114808445,21,1008,Origin-local observed-channel mean; does not replace pooled main metric
jena,BOLT_SMALL_LEVEL,LEVEL,v7_jena_level_res_92602,92602,42719,test_a,0.32113052061502584,0.42008486973899717,0.14607513334559616,21,1008,Origin-local observed-channel mean; does not replace pooled main metric
jena,BOLT_SMALL_LEVEL,LEVEL,v7_jena_level_res_92602,92602,42743,test_a,0.16067934639648512,0.25237759252657216,0.0638049441008156,21,1008,Origin-local observed-channel mean; does not replace pooled main metric
jena,BOLT_SMALL_LEVEL,LEVEL,v7_jena_level_res_92602,92602,42767,test_a,0.1676183911097518,0.26583604308469816,-0.07815793543289015,21,1008,Origin-local observed-channel mean; does not replace pooled main metric
jena,BOLT_SMALL_LEVEL,LEVEL,v7_jena_level_res_92602,92602,42791,test_a,0.3286416340641356,0.38445513740982046,-0.18646034943207818,21,1008,Origin-local observed-channel mean; does not replace pooled main metric
jena,BOLT_SMALL_LEVEL,LEVEL,v7_jena_level_res_92602,92602,42815,test_a,0.38468561234751036,0.47531411852937067,-0.16509736879009912,21,1008,Origin-local observed-channel mean; does not replace pooled main metric
jena,BOLT_SMALL_LEVEL,LEVEL,v7_jena_level_res_92602,92602,42839,test_a,0.5463152347594108,0.48986801452667256,0.14694574603125807,21,1008,Origin-local observed-channel mean; does not replace pooled main metric
jena,BOLT_SMALL_LEVEL,LEVEL,v7_jena_level_res_92602,92602,42863,test_a,0.11043724682778468,0.27039439444877006,-0.002330084657394705,21,1008,Origin-local observed-channel mean; does not replace pooled main metric
jena,BOLT_SMALL_LEVEL,LEVEL,v7_jena_level_res_92602,92602,42887,test_a,0.041318068414564035,0.1418588879233929,-0.0028270456661543715,21,1008,Origin-local observed-channel mean; does not replace pooled main metric
jena,BOLT_SMALL_LEVEL,LEVEL,v7_jena_level_res_92602,92602,42911,test_a,0.043877638419674,0.15248909038298675,0.03925966129423209,21,1008,Origin-local observed-channel mean; does not replace pooled main metric
jena,BOLT_SMALL_LEVEL,LEVEL,v7_jena_level_res_92602,92602,42935,test_a,0.22807508583428796,0.32858816868592616,-0.15697167326068243,21,1008,Origin-local observed-channel mean; does not replace pooled main metric
jena,BOLT_SMALL_LEVEL,LEVEL,v7_jena_level_res_92602,92602,42959,test_a,0.4864213845261748,0.5458375816107462,-0.27572143216750755,21,1008,Origin-local observed-channel mean; does not replace pooled main metric
jena,BOLT_SMALL_LEVEL,LEVEL,v7_jena_level_res_92602,92602,42983,test_a,0.3529012535996709,0.4549788321351765,0.04147817124520237,21,1008,Origin-local observed-channel mean; does not replace pooled main metric
jena,BOLT_SMALL_LEVEL,LEVEL,v7_jena_level_res_92602,92602,43007,test_a,0.10267798060942197,0.21424693536264672,0.002003912488737748,21,1008,Origin-local observed-channel mean; does not replace pooled main metric
jena,BOLT_SMALL_LEVEL,LEVEL,v7_jena_level_res_92602,92602,43031,test_a,0.12273279117605115,0.19671473535224018,0.002443797139142313,21,1008,Origin-local observed-channel mean; does not replace pooled main metric
jena,BOLT_SMALL_LEVEL,LEVEL,v7_jena_level_res_92602,92602,43055,test_a,0.14838605941048652,0.21550655585544146,0.03981989649522197,21,1008,Origin-local observed-channel mean; does not replace pooled main metric
jena,BOLT_SMALL_LEVEL,LEVEL,v7_jena_level_res_92602,92602,43079,test_a,0.19094772766683543,0.28089622769310524,-0.16669732692845707,21,1008,Origin-local observed-channel mean; does not replace pooled main metric
jena,BOLT_SMALL_LEVEL,LEVEL,v7_jena_level_res_92602,92602,43103,test_a,0.7579127063766589,0.6765775184386935,-0.3334828620939492,21,1008,Origin-local observed-channel mean; does not replace pooled main metric
jena,BOLT_SMALL_LEVEL,LEVEL,v7_jena_level_res_92602,92602,43127,test_a,0.3027607025384827,0.4380000281648429,0.06761701862486671,21,1008,Origin-local observed-channel mean; does not replace pooled main metric
jena,BOLT_SMALL_LEVEL,LEVEL,v7_jena_level_res_92602,92602,43151,test_a,0.11069233746248361,0.24580240494533284,0.08087258878968276,21,1008,Origin-local observed-channel mean; does not replace pooled main metric
jena,BOLT_SMALL_LEVEL,LEVEL,v7_jena_level_res_92602,92602,43175,test_a,0.059964153577050296,0.16656163776889796,0.008468639045156398,21,1008,Origin-local observed-channel mean; does not replace pooled main metric
jena,BOLT_SMALL_LEVEL,LEVEL,v7_jena_level_res_92602,92602,43199,test_a,0.07064581461971717,0.15741422128843308,0.07559779385429999,21,1008,Origin-local observed-channel mean; does not replace pooled main metric
jena,BOLT_SMALL_LEVEL,LEVEL,v7_jena_level_res_92602,92602,43223,test_a,0.16407941250431352,0.2891018703473188,-0.05981786261956642,21,1008,Origin-local observed-channel mean; does not replace pooled main metric
jena,BOLT_SMALL_LEVEL,LEVEL,v7_jena_level_res_92602,92602,43247,test_a,0.4034470727148386,0.5041991160757052,-0.24486898398373294,21,1008,Origin-local observed-channel mean; does not replace pooled main metric
jena,BOLT_SMALL_LEVEL,LEVEL,v7_jena_level_res_92602,92602,43271,test_a,0.3309518212157871,0.4555963076263506,0.1566406939377812,21,1008,Origin-local observed-channel mean; does not replace pooled main metric
jena,BOLT_SMALL_LEVEL,LEVEL,v7_jena_level_res_92602,92602,43295,test_a,0.06749034460081756,0.2063193659878813,-0.10497793931368966,21,1008,Origin-local observed-channel mean; does not replace pooled main metric
jena,BOLT_SMALL_LEVEL,LEVEL,v7_jena_level_res_92602,92602,43319,test_a,0.0499945181888972,0.1731788453541831,-0.04135225515982177,21,1008,Origin-local observed-channel mean; does not replace pooled main metric
jena,BOLT_SMALL_LEVEL,LEVEL,v7_jena_level_res_92602,92602,43343,test_a,0.049384949528240976,0.17816922540334906,-0.06386385493247612,21,1008,Origin-local observed-channel mean; does not replace pooled main metric
jena,BOLT_SMALL_LEVEL,LEVEL,v7_jena_level_res_92602,92602,43367,test_a,0.30436720253330324,0.34293470692607536,-0.20010018363733714,21,1008,Origin-local observed-channel mean; does not replace pooled main metric
jena,BOLT_SMALL_LEVEL,LEVEL,v7_jena_level_res_92602,92602,43391,test_a,0.6939920888110319,0.5394667157821776,-0.2910838831466251,21,1008,Origin-local observed-channel mean; does not replace pooled main metric
jena,BOLT_SMALL_LEVEL,LEVEL,v7_jena_level_res_92602,92602,43415,test_a,0.23963802141256302,0.38171906779782494,0.21389338368989852,21,1008,Origin-local observed-channel mean; does not replace pooled main metric
jena,BOLT_SMALL_LEVEL,LEVEL,v7_jena_level_res_92602,92602,43439,test_a,0.20909194640698317,0.28560269091807616,0.16476614057968875,21,1008,Origin-local observed-channel mean; does not replace pooled main metric
jena,BOLT_SMALL_LEVEL,LEVEL,v7_jena_level_res_92602,92602,43463,test_a,0.22915702596614174,0.3083203209659717,0.08866534746572606,21,1008,Origin-local observed-channel mean; does not replace pooled main metric
jena,BOLT_SMALL_LEVEL,LEVEL,v7_jena_level_res_92602,92602,43487,test_a,0.22472413808184372,0.3348902388760406,-0.04895314261306166,21,1008,Origin-local observed-channel mean; does not replace pooled main metric
jena,BOLT_SMALL_LEVEL,LEVEL,v7_jena_level_res_92602,92602,43511,test_a,0.22316288410755442,0.2647802638992231,-0.08259393103210078,21,1008,Origin-local observed-channel mean; does not replace pooled main metric
jena,BOLT_SMALL_LEVEL,LEVEL,v7_jena_level_res_92602,92602,43535,test_a,0.4495339147183725,0.4114661012415401,-0.023631384517001513,21,1008,Origin-local observed-channel mean; does not replace pooled main metric
jena,BOLT_SMALL_LEVEL,LEVEL,v7_jena_level_res_92602,92602,43559,test_a,0.39990405053471,0.43868229798642955,0.09857599616217765,21,1008,Origin-local observed-channel mean; does not replace pooled main metric
jena,BOLT_SMALL_LEVEL,LEVEL,v7_jena_level_res_92602,92602,43583,test_a,0.14699068427622547,0.2799397370340377,-0.017724981895374487,21,1008,Origin-local observed-channel mean; does not replace pooled main metric
jena,BOLT_SMALL_LEVEL,LEVEL,v7_jena_level_res_92602,92602,43607,test_a,0.16290269212075698,0.18158589918993315,0.03702339706808469,21,1008,Origin-local observed-channel mean; does not replace pooled main metric
jena,BOLT_SMALL_LEVEL,LEVEL,v7_jena_level_res_92602,92602,43631,test_a,0.15678688147492345,0.24077476672045167,-0.027098806709026185,21,1008,Origin-local observed-channel mean; does not replace pooled main metric
jena,BOLT_SMALL_LEVEL,LEVEL,v7_jena_level_res_92602,92602,43655,test_a,0.2042931359355682,0.24696763938430064,0.014143389232187826,21,1008,Origin-local observed-channel mean; does not replace pooled main metric
jena,BOLT_SMALL_LEVEL,LEVEL,v7_jena_level_res_92602,92602,43679,test_a,0.30149335119349047,0.35412244599825093,0.016353555206435326,21,1008,Origin-local observed-channel mean; does not replace pooled main metric
jena,BOLT_SMALL_LEVEL,LEVEL,v7_jena_level_res_92602,92602,43703,test_a,0.1153708240186459,0.23660491741802184,0.06275689185222581,21,1008,Origin-local observed-channel mean; does not replace pooled main metric
jena,BOLT_SMALL_LEVEL,LEVEL,v7_jena_level_res_92602,92602,43727,test_a,0.0590364890755643,0.12785364641465657,0.039131398300158916,21,1008,Origin-local observed-channel mean; does not replace pooled main metric
jena,BOLT_SMALL_LEVEL,LEVEL,v7_jena_level_res_92602,92602,43751,test_a,0.1372856381140706,0.19576621470679084,-0.005887025080728417,21,1008,Origin-local observed-channel mean; does not replace pooled main metric
jena,BOLT_SMALL_LEVEL,LEVEL,v7_jena_level_res_92602,92602,43775,test_a,0.19111576109893846,0.18075623864621906,0.056016283038121714,21,1008,Origin-local observed-channel mean; does not replace pooled main metric
jena,BOLT_SMALL_LEVEL,LEVEL,v7_jena_level_res_92602,92602,43799,test_a,0.1743954971626883,0.19551626900485847,0.08384536244638083,21,1008,Origin-local observed-channel mean; does not replace pooled main metric
jena,BOLT_SMALL_LEVEL,LEVEL,v7_jena_level_res_92602,92602,43823,test_a,0.1581980782347307,0.2470029201520822,0.010044956668906027,21,1008,Origin-local observed-channel mean; does not replace pooled main metric
jena,BOLT_SMALL_LEVEL,LEVEL,v7_jena_level_res_92602,92602,43847,test_a,0.25512419815080445,0.3903234041194775,0.1428837006186811,21,1008,Origin-local observed-channel mean; does not replace pooled main metric
jena,BOLT_SMALL_LEVEL,LEVEL,v7_jena_level_res_92602,92602,43871,test_a,0.08502793652025846,0.23063049570260943,0.1262218703777762,21,1008,Origin-local observed-channel mean; does not replace pooled main metric
jena,BOLT_SMALL_LEVEL,LEVEL,v7_jena_level_res_92602,92602,43919,test_b,0.11598603077335735,0.24672654963353763,0.12976848271265473,21,1008,Origin-local observed-channel mean; does not replace pooled main metric
jena,BOLT_SMALL_LEVEL,LEVEL,v7_jena_level_res_92602,92602,43943,test_b,0.1701369596987893,0.29679831628013675,-0.039034408966789856,21,1008,Origin-local observed-channel mean; does not replace pooled main metric
jena,BOLT_SMALL_LEVEL,LEVEL,v7_jena_level_res_92602,92602,43967,test_b,0.8537711906714369,0.7373150800492676,-0.4194249401093295,21,1008,Origin-local observed-channel mean; does not replace pooled main metric
jena,BOLT_SMALL_LEVEL,LEVEL,v7_jena_level_res_92602,92602,43991,test_b,0.46600005806300276,0.5034631890167864,0.23433655766169229,21,1008,Origin-local observed-channel mean; does not replace pooled main metric
jena,BOLT_SMALL_LEVEL,LEVEL,v7_jena_level_res_92602,92602,44015,test_b,0.05873107345684033,0.1758494503791019,-0.05181128353814572,21,1008,Origin-local observed-channel mean; does not replace pooled main metric
jena,BOLT_SMALL_LEVEL,LEVEL,v7_jena_level_res_92602,92602,44039,test_b,0.07912763144196981,0.1872910552682163,0.04165841526969055,21,1008,Origin-local observed-channel mean; does not replace pooled main metric
jena,BOLT_SMALL_LEVEL,LEVEL,v7_jena_level_res_92602,92602,44063,test_b,0.12760900361576488,0.2634451235570605,-0.036245054897985296,21,1008,Origin-local observed-channel mean; does not replace pooled main metric
jena,BOLT_SMALL_LEVEL,LEVEL,v7_jena_level_res_92602,92602,44087,test_b,0.324810765921995,0.3005539547150312,0.05990493628113266,21,1008,Origin-local observed-channel mean; does not replace pooled main metric
jena,BOLT_SMALL_LEVEL,LEVEL,v7_jena_level_res_92602,92602,44111,test_b,0.658943448674442,0.5706678392993386,0.17695508849190822,21,1008,Origin-local observed-channel mean; does not replace pooled main metric
jena,BOLT_SMALL_LEVEL,LEVEL,v7_jena_level_res_92602,92602,44135,test_b,0.18985355849351407,0.30151083838912507,0.1789129469319642,21,1008,Origin-local observed-channel mean; does not replace pooled main metric
jena,BOLT_SMALL_LEVEL,LEVEL,v7_jena_level_res_92602,92602,44159,test_b,0.29561245186555096,0.29448205895448437,0.17655995662420218,21,1008,Origin-local observed-channel mean; does not replace pooled main metric
jena,BOLT_SMALL_LEVEL,LEVEL,v7_jena_level_res_92602,92602,44183,test_b,0.20403114665175098,0.27304007981659933,0.05944138197856585,21,1008,Origin-local observed-channel mean; does not replace pooled main metric
jena,BOLT_SMALL_LEVEL,LEVEL,v7_jena_level_res_92602,92602,44207,test_b,0.10693401874312013,0.2145004324489809,0.04095750903070438,21,1008,Origin-local observed-channel mean; does not replace pooled main metric
jena,BOLT_SMALL_LEVEL,LEVEL,v7_jena_level_res_92602,92602,44231,test_b,0.07721650701491986,0.18233135813294674,-0.06166194784981642,21,1008,Origin-local observed-channel mean; does not replace pooled main metric
jena,BOLT_SMALL_LEVEL,LEVEL,v7_jena_level_res_92602,92602,44255,test_b,0.4140910147468926,0.46948020131966345,-0.27876347826445236,21,1008,Origin-local observed-channel mean; does not replace pooled main metric
jena,BOLT_SMALL_LEVEL,LEVEL,v7_jena_level_res_92602,92602,44279,test_b,0.2138420535606881,0.3610257701007175,-0.05035494856197363,21,1008,Origin-local observed-channel mean; does not replace pooled main metric
jena,BOLT_SMALL_LEVEL,LEVEL,v7_jena_level_res_92602,92602,44303,test_b,0.17959843049099927,0.2649236431461326,-0.002528364780234353,21,1008,Origin-local observed-channel mean; does not replace pooled main metric
jena,BOLT_SMALL_LEVEL,LEVEL,v7_jena_level_res_92602,92602,44327,test_b,0.165904604205312,0.2859366020734702,0.06216564344330909,21,1008,Origin-local observed-channel mean; does not replace pooled main metric
jena,BOLT_SMALL_LEVEL,LEVEL,v7_jena_level_res_92602,92602,44351,test_b,0.045464296536423865,0.13993938084662197,-0.052085289783361875,21,1008,Origin-local observed-channel mean; does not replace pooled main metric
jena,BOLT_SMALL_LEVEL,LEVEL,v7_jena_level_res_92602,92602,44375,test_b,0.08576701856070779,0.17007858069111878,-0.03981910092550115,21,1008,Origin-local observed-channel mean; does not replace pooled main metric
jena,BOLT_SMALL_LEVEL,LEVEL,v7_jena_level_res_92602,92602,44399,test_b,0.15027286525194178,0.2812104231425254,-0.14501801680700505,21,1008,Origin-local observed-channel mean; does not replace pooled main metric
jena,BOLT_SMALL_LEVEL,LEVEL,v7_jena_level_res_92602,92602,44423,test_b,0.25242213315851825,0.358365152866417,0.0991050332511169,21,1008,Origin-local observed-channel mean; does not replace pooled main metric
jena,BOLT_SMALL_LEVEL,LEVEL,v7_jena_level_res_92602,92602,44447,test_b,0.07677919966473003,0.1925736340187815,0.09675752506258764,21,1008,Origin-local observed-channel mean; does not replace pooled main metric
jena,BOLT_SMALL_LEVEL,LEVEL,v7_jena_level_res_92602,92602,44471,test_b,0.03219745357084832,0.11648069166242041,0.0675218504740827,21,1008,Origin-local observed-channel mean; does not replace pooled main metric
jena,BOLT_SMALL_LEVEL,LEVEL,v7_jena_level_res_92602,92602,44495,test_b,0.04020750701581574,0.13046017842735017,0.05420449017667182,21,1008,Origin-local observed-channel mean; does not replace pooled main metric
jena,BOLT_SMALL_LEVEL,LEVEL,v7_jena_level_res_92602,92602,44519,test_b,0.16221246546142898,0.2854000947568454,-0.1297547223221045,21,1008,Origin-local observed-channel mean; does not replace pooled main metric
jena,BOLT_SMALL_LEVEL,LEVEL,v7_jena_level_res_92602,92602,44543,test_b,0.27809942783830427,0.3834196156909918,-0.14052264329872005,21,1008,Origin-local observed-channel mean; does not replace pooled main metric
jena,BOLT_SMALL_LEVEL,LEVEL,v7_jena_level_res_92602,92602,44567,test_b,0.18500116979952042,0.30781840372923946,0.10596463972603762,21,1008,Origin-local observed-channel mean; does not replace pooled main metric
jena,BOLT_SMALL_LEVEL,LEVEL,v7_jena_level_res_92602,92602,44591,test_b,0.10085457659927306,0.19232080323588832,0.018194223003760383,21,1008,Origin-local observed-channel mean; does not replace pooled main metric
jena,BOLT_SMALL_LEVEL,LEVEL,v7_jena_level_res_92602,92602,44615,test_b,0.11982478338924132,0.16172733743726334,-0.0024483746670912808,21,1008,Origin-local observed-channel mean; does not replace pooled main metric
jena,BOLT_SMALL_LEVEL,LEVEL,v7_jena_level_res_92602,92602,44639,test_b,0.21339992577651157,0.2245483738832205,-0.05656709904331595,21,1008,Origin-local observed-channel mean; does not replace pooled main metric
jena,BOLT_SMALL_LEVEL,LEVEL,v7_jena_level_res_92602,92602,44663,test_b,0.10239904673675759,0.1692204335593574,-0.033144107857157316,21,1008,Origin-local observed-channel mean; does not replace pooled main metric
jena,BOLT_SMALL_LEVEL,LEVEL,v7_jena_level_res_92602,92602,44687,test_b,0.07480307321163304,0.18116723349128966,-0.04337708921426268,21,1008,Origin-local observed-channel mean; does not replace pooled main metric
jena,BOLT_SMALL_LEVEL,LEVEL,v7_jena_level_res_92602,92602,44711,test_b,0.09822996686967403,0.19705232244069476,0.024550361157924347,21,1008,Origin-local observed-channel mean; does not replace pooled main metric
jena,BOLT_SMALL_LEVEL,LEVEL,v7_jena_level_res_92602,92602,44735,test_b,0.12432783444097821,0.14304471361110843,0.05761520315464291,21,1008,Origin-local observed-channel mean; does not replace pooled main metric
jena,BOLT_SMALL_LEVEL,LEVEL,v7_jena_level_res_92602,92602,44759,test_b,0.23807592119168328,0.16059944954504896,0.1182338270896469,21,1008,Origin-local observed-channel mean; does not replace pooled main metric
jena,BOLT_SMALL_LEVEL,LEVEL,v7_jena_level_res_92602,92602,44783,test_b,0.2604450776881058,0.1691268829421865,0.1122948844281454,21,1008,Origin-local observed-channel mean; does not replace pooled main metric
jena,BOLT_SMALL_LEVEL,LEVEL,v7_jena_level_res_92602,92602,44807,test_b,0.19215140214808732,0.20629726368970872,0.054875259429940745,21,1008,Origin-local observed-channel mean; does not replace pooled main metric
jena,BOLT_SMALL_LEVEL,LEVEL,v7_jena_level_res_92602,92602,44831,test_b,0.10777515895114471,0.17413865687096464,-0.03783245460640285,21,1008,Origin-local observed-channel mean; does not replace pooled main metric
jena,BOLT_SMALL_LEVEL,LEVEL,v7_jena_level_res_92602,92602,44855,test_b,0.09471933134879876,0.17155362290906762,-0.020253105288637534,21,1008,Origin-local observed-channel mean; does not replace pooled main metric
jena,BOLT_SMALL_LEVEL,LEVEL,v7_jena_level_res_92602,92602,44879,test_b,0.0852477811751622,0.1422677670201492,-0.05491891614748588,21,1008,Origin-local observed-channel mean; does not replace pooled main metric
jena,BOLT_SMALL_LEVEL,LEVEL,v7_jena_level_res_92602,92602,44903,test_b,0.0919905629540102,0.16839472067162178,-0.044096365879499534,21,1008,Origin-local observed-channel mean; does not replace pooled main metric
jena,BOLT_SMALL_LEVEL,LEVEL,v7_jena_level_res_92602,92602,44927,test_b,0.1292643291925615,0.20639981523651393,-0.07334055066929154,21,1008,Origin-local observed-channel mean; does not replace pooled main metric
jena,BOLT_SMALL_LEVEL,LEVEL,v7_jena_level_res_92602,92602,44951,test_b,0.08593753261538359,0.19843226201307498,-0.022345767927444766,21,1008,Origin-local observed-channel mean; does not replace pooled main metric
jena,BOLT_SMALL_LEVEL,LEVEL,v7_jena_level_res_92602,92602,44975,test_b,0.04918979440236922,0.1695055673469416,-0.06258033145549854,21,1008,Origin-local observed-channel mean; does not replace pooled main metric
jena,BOLT_SMALL_LEVEL,LEVEL,v7_jena_level_res_92602,92602,44999,test_b,0.12096606270027294,0.22713254927429452,0.15344349794704323,21,1008,Origin-local observed-channel mean; does not replace pooled main metric
jena,BOLT_SMALL_LEVEL,LEVEL,v7_jena_level_res_92602,92602,45023,test_b,0.17018443826861945,0.25099369568202484,-0.05566088220061034,21,1008,Origin-local observed-channel mean; does not replace pooled main metric
jena,BOLT_SMALL_LEVEL,LEVEL,v7_jena_level_res_92602,92602,45047,test_b,0.05405818200414735,0.12805395246259796,0.017765092711973313,21,1008,Origin-local observed-channel mean; does not replace pooled main metric
jena,BOLT_SMALL_LEVEL,LEVEL,v7_jena_level_res_92602,92602,45071,test_b,0.047580283970248695,0.13137955318107122,0.0664392794202459,21,1008,Origin-local observed-channel mean; does not replace pooled main metric
jena,BOLT_SMALL_LEVEL,LEVEL,v7_jena_level_res_92602,92602,45095,test_b,0.12878072162433327,0.20718132708561682,-0.04715730165988798,21,1008,Origin-local observed-channel mean; does not replace pooled main metric
jena,BOLT_SMALL_LEVEL,LEVEL,v7_jena_level_res_92602,92602,45119,test_b,0.4699070705730269,0.518976278294946,-0.2429961665992677,21,1008,Origin-local observed-channel mean; does not replace pooled main metric
jena,BOLT_SMALL_LEVEL,LEVEL,v7_jena_level_res_92602,92602,45143,test_b,0.41479330601250264,0.3920005886905109,0.014033392523988228,21,1008,Origin-local observed-channel mean; does not replace pooled main metric
jena,BOLT_SMALL_LEVEL,LEVEL,v7_jena_level_res_92602,92602,45167,test_b,0.5515669069495758,0.38383491603576303,-0.17128687059425468,21,1008,Origin-local observed-channel mean; does not replace pooled main metric
jena,BOLT_SMALL_LEVEL,LEVEL,v7_jena_level_res_92602,92602,45191,test_b,0.20768105685942917,0.2653407940201254,-0.01824460189885622,21,1008,Origin-local observed-channel mean; does not replace pooled main metric
jena,BOLT_SMALL_LEVEL,LEVEL,v7_jena_level_res_92602,92602,45215,test_b,0.3184466043805753,0.4603162511096646,0.21229291252333612,21,1008,Origin-local observed-channel mean; does not replace pooled main metric
jena,BOLT_SMALL_LEVEL,LEVEL,v7_jena_level_res_92602,92602,45239,test_b,0.09612436380523712,0.15190603097509003,-0.06217599458186813,21,1008,Origin-local observed-channel mean; does not replace pooled main metric
jena,BOLT_SMALL_LEVEL,LEVEL,v7_jena_level_res_92602,92602,45263,test_b,0.25637505702404617,0.2904568577843805,-0.1032738872878355,21,1008,Origin-local observed-channel mean; does not replace pooled main metric
jena,BOLT_SMALL_LEVEL,LEVEL,v7_jena_level_res_92602,92602,45287,test_b,0.16976482101046364,0.2666906371410328,0.0232720067476279,21,1008,Origin-local observed-channel mean; does not replace pooled main metric
jena,BOLT_SMALL_LEVEL,LEVEL,v7_jena_level_res_92602,92602,45311,test_b,0.16957393126989245,0.2123968512898991,-0.005336157497136838,21,1008,Origin-local observed-channel mean; does not replace pooled main metric
jena,BOLT_SMALL_LEVEL,LEVEL,v7_jena_level_res_92602,92602,45335,test_b,0.1348289475263574,0.21795907026408093,0.0017486150886508733,21,1008,Origin-local observed-channel mean; does not replace pooled main metric
jena,BOLT_SMALL_LEVEL,LEVEL,v7_jena_level_res_92602,92602,45359,test_b,0.1708640292291632,0.2184755503188907,-0.11726804388990064,21,1008,Origin-local observed-channel mean; does not replace pooled main metric
jena,BOLT_SMALL_LEVEL,LEVEL,v7_jena_level_res_92602,92602,45383,test_b,0.21608919012824224,0.27108431425424184,-0.05668809720719721,21,1008,Origin-local observed-channel mean; does not replace pooled main metric
jena,BOLT_SMALL_LEVEL,LEVEL,v7_jena_level_res_92602,92602,45407,test_b,0.15783202113785297,0.25661551613648914,-0.07093702654893849,21,1008,Origin-local observed-channel mean; does not replace pooled main metric
jena,BOLT_SMALL_LEVEL,LEVEL,v7_jena_level_res_92602,92602,45431,test_b,0.46590252802534565,0.28853039104548756,-0.004975084763755728,21,1008,Origin-local observed-channel mean; does not replace pooled main metric
jena,BOLT_SMALL_LEVEL,LEVEL,v7_jena_level_res_92602,92602,45455,test_b,0.7591469945490621,0.31988822094071007,-0.14728904928282616,21,1008,Origin-local observed-channel mean; does not replace pooled main metric
jena,BOLT_SMALL_LEVEL,LEVEL,v7_jena_level_res_92602,92602,45479,test_b,0.26145997824733264,0.2143544108946535,0.024795310963940758,21,1008,Origin-local observed-channel mean; does not replace pooled main metric
jena,BOLT_SMALL_LEVEL,LEVEL,v7_jena_level_res_92602,92602,45503,test_b,0.2988234823676951,0.24800719466633928,0.04027422903123403,21,1008,Origin-local observed-channel mean; does not replace pooled main metric
jena,BOLT_SMALL_LEVEL,LEVEL,v7_jena_level_res_92602,92602,45527,test_b,0.3806685873740636,0.32368179514496803,-0.04618463822820528,21,1008,Origin-local observed-channel mean; does not replace pooled main metric
jena,BOLT_SMALL_LEVEL,LEVEL,v7_jena_level_res_92602,92602,45551,test_b,0.22042803858316276,0.2988329801668557,-0.01922790620668071,21,1008,Origin-local observed-channel mean; does not replace pooled main metric
jena,BOLT_SMALL_LEVEL,LEVEL,v7_jena_level_res_92602,92602,45575,test_b,0.18797001022518994,0.30692914851926384,0.1181510658712969,21,1008,Origin-local observed-channel mean; does not replace pooled main metric
jena,BOLT_SMALL_LEVEL,LEVEL,v7_jena_level_res_92602,92602,45599,test_b,0.2975776507244105,0.3044340322163725,0.04035584808194211,21,1008,Origin-local observed-channel mean; does not replace pooled main metric
jena,BOLT_SMALL_LEVEL,LEVEL,v7_jena_level_res_92602,92602,45623,test_b,0.19424627168486439,0.22376898376064172,-0.022117492181086346,21,1008,Origin-local observed-channel mean; does not replace pooled main metric
jena,BOLT_SMALL_LEVEL,LEVEL,v7_jena_level_res_92602,92602,45647,test_b,0.2445445927400422,0.20459545427002013,-0.06522505295403774,21,1008,Origin-local observed-channel mean; does not replace pooled main metric
jena,BOLT_SMALL_LEVEL,LEVEL,v7_jena_level_res_92602,92602,45671,test_b,0.10328102302414746,0.17348828396597316,-0.016364404421654488,21,1008,Origin-local observed-channel mean; does not replace pooled main metric
jena,BOLT_SMALL_LEVEL,LEVEL,v7_jena_level_res_92602,92602,45695,test_b,0.12099084526225087,0.2261500987797118,-0.0659971980374336,21,1008,Origin-local observed-channel mean; does not replace pooled main metric
jena,BOLT_SMALL_LEVEL,LEVEL,v7_jena_level_res_92602,92602,45719,test_b,0.08809109869501207,0.15994430436763826,0.009633698409223655,21,1008,Origin-local observed-channel mean; does not replace pooled main metric
jena,BOLT_SMALL_LEVEL,LEVEL,v7_jena_level_res_92602,92602,45743,test_b,0.09679072561828184,0.2094594460998898,-0.0002919223024657773,21,1008,Origin-local observed-channel mean; does not replace pooled main metric
jena,BOLT_SMALL_LEVEL,LEVEL,v7_jena_level_res_92602,92602,45767,test_b,0.07987776727755459,0.17802128420000718,0.10150199287316009,21,1008,Origin-local observed-channel mean; does not replace pooled main metric
jena,BOLT_SMALL_LEVEL,LEVEL,v7_jena_level_res_92602,92602,45791,test_b,0.34359322398982484,0.23511501405912907,0.03216393420376652,21,1008,Origin-local observed-channel mean; does not replace pooled main metric
jena,BOLT_SMALL_LEVEL,LEVEL,v7_jena_level_res_92602,92602,45815,test_b,0.32916706527789463,0.28407605547949466,-0.09016181240578937,21,1008,Origin-local observed-channel mean; does not replace pooled main metric
jena,BOLT_SMALL_LEVEL,LEVEL,v7_jena_level_res_92602,92602,45839,test_b,0.31330308819655045,0.40555404011903445,-0.11170531327303568,21,1008,Origin-local observed-channel mean; does not replace pooled main metric
jena,BOLT_SMALL_LEVEL,LEVEL,v7_jena_level_res_92602,92602,45863,test_b,0.18802761985577038,0.27882695342133146,0.051493393311180365,21,1008,Origin-local observed-channel mean; does not replace pooled main metric
jena,BOLT_SMALL_LEVEL,LEVEL,v7_jena_level_res_92602,92602,45887,test_b,0.12881842072669472,0.2387795292295143,-0.08009722795765217,21,1008,Origin-local observed-channel mean; does not replace pooled main metric
jena,BOLT_SMALL_LEVEL,LEVEL,v7_jena_level_res_92602,92602,45911,test_b,0.048747662670047695,0.14685954393336853,0.005076677816168017,21,1008,Origin-local observed-channel mean; does not replace pooled main metric
jena,BOLT_SMALL_LEVEL,LEVEL,v7_jena_level_res_92602,92602,45935,test_b,0.039444512609897876,0.10939324981529988,0.02779532280628845,21,1008,Origin-local observed-channel mean; does not replace pooled main metric
jena,BOLT_SMALL_LEVEL,LEVEL,v7_jena_level_res_92602,92602,45959,test_b,0.047282811550710485,0.14125690422767387,0.029803572553357787,21,1008,Origin-local observed-channel mean; does not replace pooled main metric
jena,BOLT_SMALL_LEVEL,LEVEL,v7_jena_level_res_92602,92602,45983,test_b,0.12245595987055174,0.26466243459597333,0.0200855717158115,21,1008,Origin-local observed-channel mean; does not replace pooled main metric
jena,BOLT_SMALL_LEVEL,LEVEL,v7_jena_level_res_92602,92602,46007,test_b,0.08893655199424051,0.2354465928127331,0.13624180662066912,21,1008,Origin-local observed-channel mean; does not replace pooled main metric
jena,BOLT_SMALL_LEVEL,LEVEL,v7_jena_level_res_92602,92602,46031,test_b,0.030390309488605195,0.1253664138364709,0.06998803086268406,21,1008,Origin-local observed-channel mean; does not replace pooled main metric
jena,BOLT_SMALL_LEVEL,LEVEL,v7_jena_level_res_92602,92602,46055,test_b,0.03423885309495296,0.11194449561714594,0.028795425700659436,21,1008,Origin-local observed-channel mean; does not replace pooled main metric
jena,BOLT_SMALL_LEVEL,LEVEL,v7_jena_level_res_92602,92602,46079,test_b,0.059356556977566394,0.14319564590978043,0.055783853607690184,21,1008,Origin-local observed-channel mean; does not replace pooled main metric
jena,BOLT_SMALL_LEVEL,LEVEL,v7_jena_level_res_92602,92602,46103,test_b,0.10226766060312648,0.18812303045625514,0.01749623513774529,21,1008,Origin-local observed-channel mean; does not replace pooled main metric
jena,BOLT_SMALL_LEVEL,LEVEL,v7_jena_level_res_92602,92602,46127,test_b,0.15026269197181433,0.23075213742678957,-0.055450711205060274,21,1008,Origin-local observed-channel mean; does not replace pooled main metric
jena,BOLT_SMALL_LEVEL,LEVEL,v7_jena_level_res_92602,92602,46151,test_b,0.0680482536762003,0.180846344633282,0.10324238664814779,21,1008,Origin-local observed-channel mean; does not replace pooled main metric
jena,BOLT_SMALL_LEVEL,LEVEL,v7_jena_level_res_92602,92602,46175,test_b,0.11757247965568839,0.14835811406535665,-0.023288560061325642,21,1008,Origin-local observed-channel mean; does not replace pooled main metric
jena,BOLT_SMALL_LEVEL,LEVEL,v7_jena_level_res_92602,92602,46199,test_b,0.24142667421157707,0.22415699560772892,-0.07279840794627301,21,1008,Origin-local observed-channel mean; does not replace pooled main metric
jena,BOLT_SMALL_LEVEL,LEVEL,v7_jena_level_res_92602,92602,46223,test_b,0.09551982679988467,0.19075620495329662,0.01765639734927275,21,1008,Origin-local observed-channel mean; does not replace pooled main metric
jena,BOLT_SMALL_LEVEL,LEVEL,v7_jena_level_res_92602,92602,46247,test_b,0.28412701367716287,0.2857738441148069,-0.13972982859559124,21,1008,Origin-local observed-channel mean; does not replace pooled main metric
jena,BOLT_SMALL_LEVEL,LEVEL,v7_jena_level_res_92602,92602,46271,test_b,0.2073128147435171,0.22532094058225907,-0.1696589616947763,21,1008,Origin-local observed-channel mean; does not replace pooled main metric
jena,BOLT_SMALL_LEVEL,LEVEL,v7_jena_level_res_92602,92602,46295,test_b,0.28787100521383424,0.24518203361540578,0.10363293710242798,21,1008,Origin-local observed-channel mean; does not replace pooled main metric
jena,BOLT_SMALL_LEVEL,LEVEL,v7_jena_level_res_92602,92602,46319,test_b,0.3016874092160938,0.31042063442377155,0.0705823680592215,21,1008,Origin-local observed-channel mean; does not replace pooled main metric
jena,BOLT_SMALL_LEVEL,LEVEL,v7_jena_level_res_92602,92602,46343,test_b,0.06645212951848657,0.1913174831198477,0.08241982468161806,21,1008,Origin-local observed-channel mean; does not replace pooled main metric
jena,BOLT_SMALL_LEVEL,LEVEL,v7_jena_level_res_92602,92602,46367,test_b,0.4646725407371832,0.28000447127297295,-0.05573230418367384,21,1008,Origin-local observed-channel mean; does not replace pooled main metric
jena,BOLT_SMALL_LEVEL,LEVEL,v7_jena_level_res_92602,92602,46391,test_b,0.5712338972791324,0.4033054337895241,-0.1574483397665077,21,1008,Origin-local observed-channel mean; does not replace pooled main metric
jena,BOLT_SMALL_LEVEL,LEVEL,v7_jena_level_res_92602,92602,46415,test_b,0.19232995941459924,0.27473548034472584,-0.04954574700148817,21,1008,Origin-local observed-channel mean; does not replace pooled main metric
jena,BOLT_SMALL_LEVEL,LEVEL,v7_jena_level_res_92602,92602,46439,test_b,0.22603417659752428,0.33483953970772706,0.2284019552688632,21,1008,Origin-local observed-channel mean; does not replace pooled main metric
jena,BOLT_SMALL_LEVEL,LEVEL,v7_jena_level_res_92602,92602,46463,test_b,0.19735852714120578,0.2730519169854233,0.12829253364087356,21,1008,Origin-local observed-channel mean; does not replace pooled main metric
jena,BOLT_SMALL_LEVEL,LEVEL,v7_jena_level_res_92602,92602,46487,test_b,0.30033218402815826,0.2626149093931807,0.08912119961580231,21,1008,Origin-local observed-channel mean; does not replace pooled main metric
jena,BOLT_SMALL_LEVEL,LEVEL,v7_jena_level_res_92602,92602,46511,test_b,0.45316462410937913,0.2934616771240216,0.011626467346176807,21,1008,Origin-local observed-channel mean; does not replace pooled main metric
jena,BOLT_SMALL_LEVEL,LEVEL,v7_jena_level_res_92602,92602,46535,test_b,1.0971709123743205,0.5634949330348956,-0.23086120945504987,21,1008,Origin-local observed-channel mean; does not replace pooled main metric
jena,BOLT_SMALL_LEVEL,LEVEL,v7_jena_level_res_92602,92602,46559,test_b,1.6107784983703544,0.7605423100909098,-0.4733970294553706,21,1008,Origin-local observed-channel mean; does not replace pooled main metric
jena,BOLT_SMALL_LEVEL,LEVEL,v7_jena_level_res_92602,92602,46583,test_b,0.27181468164835926,0.33909809761026405,0.01686418098414298,21,1008,Origin-local observed-channel mean; does not replace pooled main metric
jena,BOLT_SMALL_LEVEL,LEVEL,v7_jena_level_res_92602,92602,46607,test_b,1.0966812836379898,0.5658020262839101,0.11451618935816872,21,1008,Origin-local observed-channel mean; does not replace pooled main metric
jena,BOLT_SMALL_LEVEL,LEVEL,v7_jena_level_res_92602,92602,46631,test_b,1.0230717719628974,0.7628841155609634,0.30790630710082095,21,1008,Origin-local observed-channel mean; does not replace pooled main metric
jena,BOLT_SMALL_LEVEL,LEVEL,v7_jena_level_res_92602,92602,46655,test_b,0.09597507809788522,0.19134422448290037,0.10227141541979529,21,1008,Origin-local observed-channel mean; does not replace pooled main metric
jena,BOLT_SMALL_LEVEL,LEVEL,v7_jena_level_res_92602,92602,46679,test_b,0.09371570775101418,0.18303096051039616,0.014249364862085449,21,1008,Origin-local observed-channel mean; does not replace pooled main metric
jena,BOLT_SMALL_LEVEL,LEVEL,v7_jena_level_res_92602,92602,46703,test_b,0.16631602075354093,0.23131898782594357,-0.03229106870899808,21,1008,Origin-local observed-channel mean; does not replace pooled main metric
jena,BOLT_SMALL_LEVEL,LEVEL,v7_jena_level_res_92602,92602,46727,test_b,0.15319303292186753,0.21935953614281192,0.010136758351845424,21,1008,Origin-local observed-channel mean; does not replace pooled main metric
jena,BOLT_SMALL_LEVEL,LEVEL,v7_jena_level_res_92602,92602,46751,test_b,0.15450453780514484,0.19423255503929726,0.07244312422422114,21,1008,Origin-local observed-channel mean; does not replace pooled main metric
jena,BOLT_SMALL_LEVEL,LEVEL,v7_jena_level_res_92602,92602,46775,test_b,0.07059264232727523,0.16721510342835075,0.023233068002607778,21,1008,Origin-local observed-channel mean; does not replace pooled main metric
jena,BOLT_SMALL_LEVEL,LEVEL,v7_jena_level_res_92602,92602,46799,test_b,0.13276864870221572,0.2521207104670346,0.1683642730305788,21,1008,Origin-local observed-channel mean; does not replace pooled main metric
jena,BOLT_SMALL_LEVEL,LEVEL,v7_jena_level_res_92602,92602,46823,test_b,0.18678291807709427,0.2952963059787945,0.1279035065554559,21,1008,Origin-local observed-channel mean; does not replace pooled main metric
jena,BOLT_SMALL_LEVEL,LEVEL,v7_jena_level_res_92602,92602,46847,test_b,0.26144405555993866,0.3089537031704649,0.01171664524793861,21,1008,Origin-local observed-channel mean; does not replace pooled main metric
jena,BOLT_SMALL_LEVEL,LEVEL,v7_jena_level_res_92602,92602,46871,test_b,0.6144068713784413,0.5709031104681401,0.34038178220570053,21,1008,Origin-local observed-channel mean; does not replace pooled main metric
jena,BOLT_SMALL_LEVEL,LEVEL,v7_jena_level_res_92602,92602,46895,test_b,0.10200149066245787,0.2246426104514588,0.14651349084467963,21,1008,Origin-local observed-channel mean; does not replace pooled main metric
jena,BOLT_SMALL_LEVEL,LEVEL,v7_jena_level_res_92602,92602,46919,test_b,0.12098467420723523,0.16023970753534714,0.057051071134905915,21,1008,Origin-local observed-channel mean; does not replace pooled main metric
jena,BOLT_SMALL_LEVEL,LEVEL,v7_jena_level_res_92602,92602,46943,test_b,0.11365401718371797,0.21090466559805446,-0.04843271164120072,21,1008,Origin-local observed-channel mean; does not replace pooled main metric
jena,BOLT_SMALL_LEVEL,LEVEL,v7_jena_level_res_92602,92602,46967,test_b,0.15904195928013865,0.18441345065863088,-0.12197626929160574,21,1008,Origin-local observed-channel mean; does not replace pooled main metric
jena,BOLT_SMALL_LEVEL,LEVEL,v7_jena_level_res_92602,92602,46991,test_b,0.3135370640640992,0.3132953501365606,-0.227817876142263,21,1008,Origin-local observed-channel mean; does not replace pooled main metric
jena,BOLT_SMALL_LEVEL,LEVEL,v7_jena_level_res_92602,92602,47015,test_b,0.2632394615108841,0.31506124794026297,0.0039118993187753715,21,1008,Origin-local observed-channel mean; does not replace pooled main metric
jena,BOLT_SMALL_LEVEL,LEVEL,v7_jena_level_res_92602,92602,47039,test_b,0.44942425600188957,0.2950865755648544,-0.17885632685104771,21,1008,Origin-local observed-channel mean; does not replace pooled main metric
jena,BOLT_SMALL_LEVEL,LEVEL,v7_jena_level_res_92602,92602,47063,test_b,0.26229104221410743,0.2750990420237132,0.04101005156056971,21,1008,Origin-local observed-channel mean; does not replace pooled main metric
jena,BOLT_SMALL_LEVEL,LEVEL,v7_jena_level_res_92602,92602,47087,test_b,0.4117907556538344,0.37676064320262487,0.1495498421277189,21,1008,Origin-local observed-channel mean; does not replace pooled main metric
jena,BOLT_SMALL_LEVEL,LEVEL,v7_jena_level_res_92602,92602,47111,test_b,0.2082374878498883,0.24023649101893949,0.04120089805228561,21,1008,Origin-local observed-channel mean; does not replace pooled main metric
jena,BOLT_SMALL_LEVEL,LEVEL,v7_jena_level_res_92602,92602,47135,test_b,0.30425680535543964,0.3806551089771333,-0.26028639691653627,21,1008,Origin-local observed-channel mean; does not replace pooled main metric
jena,BOLT_SMALL_LEVEL,LEVEL,v7_jena_level_res_92602,92602,47159,test_b,0.10946886020474085,0.20018729399649485,-0.0056791622145470925,21,1008,Origin-local observed-channel mean; does not replace pooled main metric
jena,BOLT_SMALL_LEVEL,LEVEL,v7_jena_level_res_92602,92602,47183,test_b,0.17791412371410692,0.25661402126837174,-0.007370014080170086,21,1008,Origin-local observed-channel mean; does not replace pooled main metric
jena,BOLT_SMALL_LEVEL,LEVEL,v7_jena_level_res_92602,92602,47207,test_b,0.3455802190773115,0.32286025729077333,-0.1119994927070084,21,1008,Origin-local observed-channel mean; does not replace pooled main metric
jena,BOLT_SMALL_LEVEL,LEVEL,v7_jena_level_res_92602,92602,47231,test_b,0.6403869215188542,0.40019615950388954,-0.2816422453845787,21,1008,Origin-local observed-channel mean; does not replace pooled main metric
jena,BOLT_SMALL_LEVEL,LEVEL,v7_jena_level_res_92602,92602,47255,test_b,0.24306047825662572,0.31062677709259234,-0.23843620736086393,21,1008,Origin-local observed-channel mean; does not replace pooled main metric
jena,BOLT_SMALL_LEVEL,LEVEL,v7_jena_level_res_92602,92602,47279,test_b,0.25276199307275315,0.3619846065182737,-0.14639618556077674,21,1008,Origin-local observed-channel mean; does not replace pooled main metric
jena,BOLT_SMALL_LEVEL,LEVEL,v7_jena_level_res_92602,92602,47303,test_b,0.2966394685432202,0.32197541306812216,0.15971133259705628,21,1008,Origin-local observed-channel mean; does not replace pooled main metric
jena,BOLT_SMALL_LEVEL,LEVEL,v7_jena_level_res_92602,92602,47327,test_b,0.046010326195777884,0.14009204952359028,0.0219207595986922,21,1008,Origin-local observed-channel mean; does not replace pooled main metric
jena,BOLT_SMALL_LEVEL,LEVEL,v7_jena_level_res_92602,92602,47351,test_b,0.3012964831512281,0.33074182269589825,0.16417397159031163,21,1008,Origin-local observed-channel mean; does not replace pooled main metric
jena,BOLT_SMALL_LEVEL,LEVEL,v7_jena_level_res_92602,92602,47375,test_b,0.03802942069840061,0.1138579237195945,-0.003572424206111694,21,1008,Origin-local observed-channel mean; does not replace pooled main metric
jena,BOLT_SMALL_LEVEL,LEVEL,v7_jena_level_res_92602,92602,47399,test_b,0.12385354370140979,0.21262002422303167,-0.04403948563753695,21,1008,Origin-local observed-channel mean; does not replace pooled main metric
jena,BOLT_SMALL_LEVEL,LEVEL,v7_jena_level_res_92602,92602,47423,test_b,0.31906698264012195,0.3872665369360927,-0.1832507516402753,21,1008,Origin-local observed-channel mean; does not replace pooled main metric
jena,BOLT_SMALL_LEVEL,LEVEL,v7_jena_level_res_92602,92602,47447,test_b,0.3378040003932871,0.42552379882314234,0.2025379642265819,21,1008,Origin-local observed-channel mean; does not replace pooled main metric
jena,BOLT_SMALL_LEVEL,LEVEL,v7_jena_level_res_92602,92602,47471,test_b,0.10792115017826484,0.2080781702654407,0.07551299802088624,21,1008,Origin-local observed-channel mean; does not replace pooled main metric
jena,BOLT_SMALL_LEVEL,LEVEL,v7_jena_level_res_92602,92602,47495,test_b,0.78914829960675,0.48676615645782156,-0.305235088464311,21,1008,Origin-local observed-channel mean; does not replace pooled main metric
jena,BOLT_SMALL_LEVEL,LEVEL,v7_jena_level_res_92602,92602,47519,test_b,0.805809667596803,0.619549638015347,-0.13728840135751405,21,1008,Origin-local observed-channel mean; does not replace pooled main metric
jena,BOLT_SMALL_LEVEL,LEVEL,v7_jena_level_res_92602,92602,47543,test_b,0.35019044605066113,0.42009707599093443,-0.029229529779787836,21,1008,Origin-local observed-channel mean; does not replace pooled main metric
jena,BOLT_SMALL_LEVEL,LEVEL,v7_jena_level_res_92602,92602,47567,test_b,0.20283734076366744,0.32821103807313307,-0.01186968860842864,21,1008,Origin-local observed-channel mean; does not replace pooled main metric
jena,BOLT_SMALL_LEVEL,LEVEL,v7_jena_level_res_92602,92602,47591,test_b,0.5375461962639854,0.5185893411252191,0.2883344763424016,21,1008,Origin-local observed-channel mean; does not replace pooled main metric
jena,BOLT_SMALL_LEVEL,LEVEL,v7_jena_level_res_92602,92602,47615,test_b,0.14409583500741058,0.25453857198197744,0.06637009613457069,21,1008,Origin-local observed-channel mean; does not replace pooled main metric
jena,BOLT_SMALL_LEVEL,LEVEL,v7_jena_level_res_92602,92602,47639,test_b,0.14671047078075294,0.25244741544814875,0.08841382224105357,21,1008,Origin-local observed-channel mean; does not replace pooled main metric
jena,BOLT_SMALL_LEVEL,LEVEL,v7_jena_level_res_92602,92602,47663,test_b,0.07680099134362635,0.1939739399711557,0.031635952217223505,21,1008,Origin-local observed-channel mean; does not replace pooled main metric
jena,BOLT_SMALL_LEVEL,LEVEL,v7_jena_level_res_92602,92602,47687,test_b,0.15662443154562133,0.24007714976416164,-0.04568279340737573,21,1008,Origin-local observed-channel mean; does not replace pooled main metric
jena,BOLT_SMALL_LEVEL,LEVEL,v7_jena_level_res_92602,92602,47711,test_b,0.5103706605201631,0.5533288245852519,-0.3364652481460427,21,1008,Origin-local observed-channel mean; does not replace pooled main metric
jena,BOLT_SMALL_LEVEL,LEVEL,v7_jena_level_res_92602,92602,47735,test_b,0.6796722355066702,0.4888362757215325,0.08154758866178796,21,1008,Origin-local observed-channel mean; does not replace pooled main metric
jena,BOLT_SMALL_LEVEL,LEVEL,v7_jena_level_res_92602,92602,47759,test_b,0.3572822324327217,0.32421723569520494,-0.15847757344181446,21,1008,Origin-local observed-channel mean; does not replace pooled main metric
jena,BOLT_SMALL_LEVEL,LEVEL,v7_jena_level_res_92602,92602,47783,test_b,0.19505579533421008,0.29338198589344494,0.04228546512201449,21,1008,Origin-local observed-channel mean; does not replace pooled main metric
jena,BOLT_SMALL_LEVEL,LEVEL,v7_jena_level_res_92602,92602,47807,test_b,0.21906259619641016,0.32457023465718116,0.1644955464584027,21,1008,Origin-local observed-channel mean; does not replace pooled main metric
jena,BOLT_SMALL_LEVEL,LEVEL,v7_jena_level_res_92602,92602,47831,test_b,0.1262742424410949,0.22109823272509696,-0.18167454631723573,21,1008,Origin-local observed-channel mean; does not replace pooled main metric
jena,BOLT_SMALL_LEVEL,LEVEL,v7_jena_level_res_92602,92602,47855,test_b,0.09462883258127654,0.19219582239753752,-0.0922105025977847,21,1008,Origin-local observed-channel mean; does not replace pooled main metric
jena,BOLT_SMALL_LEVEL,LEVEL,v7_jena_level_res_92602,92602,47879,test_b,0.1401809153378275,0.26282923836968997,0.05785787669175613,21,1008,Origin-local observed-channel mean; does not replace pooled main metric
jena,BOLT_SMALL_LEVEL,LEVEL,v7_jena_level_res_92602,92602,47903,test_b,0.04028997669462452,0.13388245337329052,0.04915843046252294,21,1008,Origin-local observed-channel mean; does not replace pooled main metric
jena,BOLT_SMALL_LEVEL,LEVEL,v7_jena_level_res_92602,92602,47927,test_b,0.041037229342930935,0.12498695884347572,0.04101947250617539,21,1008,Origin-local observed-channel mean; does not replace pooled main metric
jena,BOLT_SMALL_LEVEL,LEVEL,v7_jena_level_res_92602,92602,47951,test_b,0.04002696073799526,0.12155323271040935,0.0049143211587169555,21,1008,Origin-local observed-channel mean; does not replace pooled main metric
jena,BOLT_SMALL_LEVEL,LEVEL,v7_jena_level_res_92602,92602,47975,test_b,0.12894334448941425,0.18072332740144154,0.001043771638438876,21,1008,Origin-local observed-channel mean; does not replace pooled main metric
jena,BOLT_SMALL_LEVEL,LEVEL,v7_jena_level_res_92602,92602,47999,test_b,0.346721504813586,0.27276966501663014,0.10438014244261595,21,1008,Origin-local observed-channel mean; does not replace pooled main metric
jena,BOLT_SMALL_LEVEL,LEVEL,v7_jena_level_res_92602,92602,48023,test_b,0.3170876702486588,0.34630793016306904,0.08102492923087937,21,1008,Origin-local observed-channel mean; does not replace pooled main metric
jena,BOLT_SMALL_LEVEL,LEVEL,v7_jena_level_res_92602,92602,48047,test_b,0.337980212056654,0.34748774144354105,0.014102700700667423,21,1008,Origin-local observed-channel mean; does not replace pooled main metric
jena,BOLT_SMALL_LEVEL,LEVEL,v7_jena_level_res_92602,92602,48071,test_b,0.265916852510368,0.30459062323262476,0.006769466884655969,21,1008,Origin-local observed-channel mean; does not replace pooled main metric
jena,BOLT_SMALL_LEVEL,LEVEL,v7_jena_level_res_92602,92602,48095,test_b,0.1749079923969244,0.25451538430911214,-0.0591025741268245,21,1008,Origin-local observed-channel mean; does not replace pooled main metric
jena,BOLT_SMALL_LEVEL,LEVEL,v7_jena_level_res_92602,92602,48119,test_b,0.13567413079965074,0.21637064669341766,-0.05548369542878982,21,1008,Origin-local observed-channel mean; does not replace pooled main metric
jena,BOLT_SMALL_LEVEL,LEVEL,v7_jena_level_res_92602,92602,48143,test_b,0.42138899131803725,0.4736712740363261,-0.18881109697764575,21,1008,Origin-local observed-channel mean; does not replace pooled main metric
jena,BOLT_SMALL_LEVEL,LEVEL,v7_jena_level_res_92602,92602,48167,test_b,0.2868575365207,0.35571750534879915,0.19145596940945814,21,1008,Origin-local observed-channel mean; does not replace pooled main metric
jena,BOLT_SMALL_LEVEL,LEVEL,v7_jena_level_res_92602,92602,48191,test_b,0.12814649932962605,0.21729523420591634,0.006562486612228749,21,1008,Origin-local observed-channel mean; does not replace pooled main metric
jena,BOLT_SMALL_LEVEL,LEVEL,v7_jena_level_res_92602,92602,48215,test_b,0.10419317652197135,0.14940984508425503,0.03917141042609092,21,1008,Origin-local observed-channel mean; does not replace pooled main metric
jena,BOLT_SMALL_LEVEL,LEVEL,v7_jena_level_res_92602,92602,48239,test_b,0.17849921832729013,0.21438665400510507,0.07060552096467404,21,1008,Origin-local observed-channel mean; does not replace pooled main metric
jena,BOLT_SMALL_LEVEL,LEVEL,v7_jena_level_res_92602,92602,48263,test_b,0.20740531532195217,0.24362187894589699,-0.020167663271191516,21,1008,Origin-local observed-channel mean; does not replace pooled main metric
jena,BOLT_SMALL_LEVEL,LEVEL,v7_jena_level_res_92602,92602,48287,test_b,0.46820325681216407,0.5395131648801402,-0.2783101809302154,21,1008,Origin-local observed-channel mean; does not replace pooled main metric
jena,BOLT_SMALL_LEVEL,LEVEL,v7_jena_level_res_92602,92602,48311,test_b,0.18082171312552356,0.3204974491130174,0.18364228580274733,21,1008,Origin-local observed-channel mean; does not replace pooled main metric
jena,BOLT_SMALL_LEVEL,LEVEL,v7_jena_level_res_92602,92602,48335,test_b,0.09751117781488818,0.2273031102835491,0.025211161293439567,21,1008,Origin-local observed-channel mean; does not replace pooled main metric
jena,BOLT_SMALL_LEVEL,LEVEL,v7_jena_level_res_92602,92602,48359,test_b,0.029355330978893677,0.12009236136959986,0.018583176408904528,21,1008,Origin-local observed-channel mean; does not replace pooled main metric
jena,BOLT_SMALL_LEVEL,LEVEL,v7_jena_level_res_92602,92602,48383,test_b,0.035275665530932164,0.12032891330420084,-0.021726191038310173,21,1008,Origin-local observed-channel mean; does not replace pooled main metric
jena,BOLT_SMALL_LEVEL,LEVEL,v7_jena_level_res_92602,92602,48407,test_b,0.06264953645331085,0.1773338104572354,0.025530650903145595,21,1008,Origin-local observed-channel mean; does not replace pooled main metric
jena,BOLT_SMALL_LEVEL,LEVEL,v7_jena_level_res_92602,92602,48431,test_b,0.11787695518400287,0.24179128639488698,-0.13744153729122546,21,1008,Origin-local observed-channel mean; does not replace pooled main metric
jena,BOLT_SMALL_LEVEL,LEVEL,v7_jena_level_res_92602,92602,48455,test_b,0.18594600203839132,0.23428922494696014,0.06474832833064571,21,1008,Origin-local observed-channel mean; does not replace pooled main metric
jena,BOLT_SMALL_LEVEL,LEVEL,v7_jena_level_res_92602,92602,48479,test_b,0.1464257432163805,0.21359456107500815,-0.016981821845374293,21,1008,Origin-local observed-channel mean; does not replace pooled main metric
jena,BOLT_SMALL_LEVEL,LEVEL,v7_jena_level_res_92602,92602,48503,test_b,0.11461723853164003,0.17292204112302334,-0.022743649629225576,21,1008,Origin-local observed-channel mean; does not replace pooled main metric
jena,BOLT_SMALL_LEVEL,LEVEL,v7_jena_level_res_92602,92602,48527,test_b,0.09508499548844249,0.17743933183096702,0.00523606376234619,21,1008,Origin-local observed-channel mean; does not replace pooled main metric
jena,BOLT_SMALL_LEVEL,LEVEL,v7_jena_level_res_92602,92602,48551,test_b,0.10541584807110249,0.18887060051432827,-0.0047541391409357,21,1008,Origin-local observed-channel mean; does not replace pooled main metric
jena,BOLT_SMALL_LEVEL,LEVEL,v7_jena_level_res_92602,92602,48575,test_b,0.4103306401743892,0.4274272549849388,-0.2378506395570372,21,1008,Origin-local observed-channel mean; does not replace pooled main metric
jena,BOLT_SMALL_LEVEL,LEVEL,v7_jena_level_res_92602,92602,48599,test_b,0.4923313952302643,0.3865929395132485,-0.0837321074060229,21,1008,Origin-local observed-channel mean; does not replace pooled main metric
jena,BOLT_SMALL_LEVEL,LEVEL,v7_jena_level_res_92602,92602,48623,test_b,0.1582134862008971,0.240150548384196,0.03245393564118006,21,1008,Origin-local observed-channel mean; does not replace pooled main metric
jena,BOLT_SMALL_LEVEL,LEVEL,v7_jena_level_res_92602,92602,48647,test_b,0.11343568083966815,0.23157689503337706,0.06510745174743952,21,1008,Origin-local observed-channel mean; does not replace pooled main metric
jena,BOLT_SMALL_LEVEL,LEVEL,v7_jena_level_res_92602,92602,48671,test_b,0.1432181052924935,0.22997014647724368,0.001515210691505919,21,1008,Origin-local observed-channel mean; does not replace pooled main metric
jena,BOLT_SMALL_LEVEL,LEVEL,v7_jena_level_res_92602,92602,48695,test_b,0.11928158843791195,0.2205827425786993,-0.09039135030558561,21,1008,Origin-local observed-channel mean; does not replace pooled main metric
jena,BOLT_SMALL_LEVEL,LEVEL,v7_jena_level_res_92602,92602,48719,test_b,0.15482123554725438,0.2849516732227159,-0.06150728349824758,21,1008,Origin-local observed-channel mean; does not replace pooled main metric
jena,BOLT_SMALL_LEVEL,LEVEL,v7_jena_level_res_92602,92602,48743,test_b,0.14309019972220524,0.29652505295893034,0.17566154865880165,21,1008,Origin-local observed-channel mean; does not replace pooled main metric
jena,BOLT_SMALL_LEVEL,LEVEL,v7_jena_level_res_92602,92602,48767,test_b,0.019275616772105857,0.08981745599042384,-0.03376600402049325,21,1008,Origin-local observed-channel mean; does not replace pooled main metric
jena,BOLT_SMALL_LEVEL,LEVEL,v7_jena_level_res_92602,92602,48791,test_b,0.10372576042249901,0.1518062509798227,0.05235858259783571,21,1008,Origin-local observed-channel mean; does not replace pooled main metric
jena,BOLT_SMALL_LEVEL,LEVEL,v7_jena_level_res_92602,92602,48815,test_b,0.226408451298425,0.28108267770007916,0.13478771176654383,21,1008,Origin-local observed-channel mean; does not replace pooled main metric
jena,BOLT_SMALL_LEVEL,LEVEL,v7_jena_level_res_92602,92602,48839,test_b,0.1677810263604664,0.22464839619189864,-0.10188018115138493,21,1008,Origin-local observed-channel mean; does not replace pooled main metric
jena,BOLT_SMALL_LEVEL,LEVEL,v7_jena_level_res_92602,92602,48863,test_b,0.4322825679574264,0.46461098148066665,-0.1933971950298107,21,1008,Origin-local observed-channel mean; does not replace pooled main metric
jena,BOLT_SMALL_LEVEL,LEVEL,v7_jena_level_res_92602,92602,48887,test_b,0.21600741783132507,0.3041223534765156,0.19460078119334953,21,1008,Origin-local observed-channel mean; does not replace pooled main metric
jena,BOLT_SMALL_LEVEL,LEVEL,v7_jena_level_res_92602,92602,48911,test_b,0.11634277271535201,0.23575927868717822,-0.03606530126276156,21,1008,Origin-local observed-channel mean; does not replace pooled main metric
jena,BOLT_SMALL_LEVEL,LEVEL,v7_jena_level_res_92602,92602,48935,test_b,0.2744819138355063,0.3157834796730885,-0.040735776701434835,21,1008,Origin-local observed-channel mean; does not replace pooled main metric
jena,BOLT_SMALL_LEVEL,LEVEL,v7_jena_level_res_92602,92602,48959,test_b,0.42133151002951097,0.3421530800454396,-0.06456149819455781,21,1008,Origin-local observed-channel mean; does not replace pooled main metric
jena,BOLT_SMALL_LEVEL,LEVEL,v7_jena_level_res_92602,92602,48983,test_b,0.3094605521675058,0.3790880923211623,-0.022406391481848593,21,1008,Origin-local observed-channel mean; does not replace pooled main metric
jena,BOLT_SMALL_LEVEL,LEVEL,v7_jena_level_res_92602,92602,49007,test_b,0.3309103532983415,0.3586893242438294,-0.14008244921153942,21,1008,Origin-local observed-channel mean; does not replace pooled main metric
jena,BOLT_SMALL_LEVEL,LEVEL,v7_jena_level_res_92602,92602,49031,test_b,0.5612698058187475,0.3836273052868256,-0.03043548398307477,21,1008,Origin-local observed-channel mean; does not replace pooled main metric
jena,BOLT_SMALL_LEVEL,LEVEL,v7_jena_level_res_92602,92602,49055,test_b,0.5352202079794476,0.29348429813006305,-0.1857151297207031,21,1008,Origin-local observed-channel mean; does not replace pooled main metric
jena,BOLT_SMALL_LEVEL,LEVEL,v7_jena_level_res_92602,92602,49079,test_b,0.1756028378863148,0.24556071716205996,0.06657255162604592,21,1008,Origin-local observed-channel mean; does not replace pooled main metric
jena,BOLT_SMALL_LEVEL,LEVEL,v7_jena_level_res_92602,92602,49103,test_b,0.10983424041672249,0.2640645143090672,0.20328233868453285,21,1008,Origin-local observed-channel mean; does not replace pooled main metric
jena,BOLT_SMALL_LEVEL,LEVEL,v7_jena_level_res_92602,92602,49127,test_b,0.20637076948944366,0.21577367116535442,0.020278263051988606,21,1008,Origin-local observed-channel mean; does not replace pooled main metric
jena,BOLT_SMALL_LEVEL,LEVEL,v7_jena_level_res_92602,92602,49151,test_b,0.7069441249157433,0.3994230173423328,-0.20396216787071708,21,1008,Origin-local observed-channel mean; does not replace pooled main metric
jena,BOLT_SMALL_LEVEL,LEVEL,v7_jena_level_res_92602,92602,49175,test_b,0.3349700020365925,0.2979573244395266,-0.09449343953654911,21,1008,Origin-local observed-channel mean; does not replace pooled main metric
jena,BOLT_SMALL_LEVEL,LEVEL,v7_jena_level_res_92602,92602,49199,test_b,0.3097776438081895,0.31045356770471066,0.013164108535940099,21,1008,Origin-local observed-channel mean; does not replace pooled main metric
jena,BOLT_SMALL_LEVEL,LEVEL,v7_jena_level_res_92602,92602,49223,test_b,0.18345626015606373,0.2717437674060449,0.01945369355177271,21,1008,Origin-local observed-channel mean; does not replace pooled main metric
jena,BOLT_SMALL_LEVEL,LEVEL,v7_jena_level_res_92602,92602,49247,test_b,0.18642707196599298,0.20884455802713223,0.018283924470505017,21,1008,Origin-local observed-channel mean; does not replace pooled main metric
jena,BOLT_SMALL_LEVEL,LEVEL,v7_jena_level_res_92602,92602,49271,test_b,0.3229955130493238,0.3300342719819691,0.014095177543317218,21,1008,Origin-local observed-channel mean; does not replace pooled main metric
jena,BOLT_SMALL_LEVEL,LEVEL,v7_jena_level_res_92602,92602,49295,test_b,0.4165120544838266,0.43148023175955236,-0.22449511532220873,21,1008,Origin-local observed-channel mean; does not replace pooled main metric
jena,BOLT_SMALL_LEVEL,LEVEL,v7_jena_level_res_92602,92602,49319,test_b,0.7264566521554232,0.5418306391188201,-0.14281947219639,21,1008,Origin-local observed-channel mean; does not replace pooled main metric
jena,BOLT_SMALL_LEVEL,LEVEL,v7_jena_level_res_92602,92602,49343,test_b,0.5946965977505315,0.38893580090925317,-0.13471539148327247,21,1008,Origin-local observed-channel mean; does not replace pooled main metric
jena,BOLT_SMALL_LEVEL,LEVEL,v7_jena_level_res_92602,92602,49367,test_b,0.5008216153487978,0.388559312482978,-0.13124474005991713,21,1008,Origin-local observed-channel mean; does not replace pooled main metric
jena,BOLT_SMALL_LEVEL,LEVEL,v7_jena_level_res_92602,92602,49391,test_b,0.4160436461372168,0.29790203187740333,0.04630826996262406,21,1008,Origin-local observed-channel mean; does not replace pooled main metric
jena,BOLT_SMALL_LEVEL,LEVEL,v7_jena_level_res_92602,92602,49415,test_b,0.35145985311140227,0.242623040822172,-0.08631937088267436,21,1008,Origin-local observed-channel mean; does not replace pooled main metric
jena,BOLT_SMALL_LEVEL,LEVEL,v7_jena_level_res_92602,92602,49439,test_b,0.3114881529568345,0.2924801990766788,-0.002926563019938177,21,1008,Origin-local observed-channel mean; does not replace pooled main metric
jena,BOLT_SMALL_LEVEL,LEVEL,v7_jena_level_res_92602,92602,49463,test_b,0.35906839185042544,0.28642633778693544,-0.05838882784536552,21,1008,Origin-local observed-channel mean; does not replace pooled main metric
jena,BOLT_SMALL_LEVEL,LEVEL,v7_jena_level_res_92602,92602,49487,test_b,0.5171366721714342,0.30238773310113515,-0.1505912837114126,21,1008,Origin-local observed-channel mean; does not replace pooled main metric
jena,BOLT_SMALL_LEVEL,LEVEL,v7_jena_level_res_92602,92602,49511,test_b,0.3365486748158611,0.24162959113037066,-0.10266568451853737,21,1008,Origin-local observed-channel mean; does not replace pooled main metric
jena,BOLT_SMALL_LEVEL,LEVEL,v7_jena_level_res_92602,92602,49535,test_b,0.18050437069531058,0.21874506630757384,-0.051527584226624595,21,1008,Origin-local observed-channel mean; does not replace pooled main metric
jena,BOLT_SMALL_LEVEL,LEVEL,v7_jena_level_res_92602,92602,49559,test_b,0.19016469610458497,0.19605810080270566,-0.013964239178994108,21,1008,Origin-local observed-channel mean; does not replace pooled main metric
jena,BOLT_SMALL_LEVEL,LEVEL,v7_jena_level_res_92602,92602,49583,test_b,0.1901995303997263,0.2169445610849098,0.061289411891872675,21,1008,Origin-local observed-channel mean; does not replace pooled main metric
jena,BOLT_SMALL_LEVEL,LEVEL,v7_jena_level_res_92602,92602,49607,test_b,0.13655514271126662,0.20350696884709157,0.13064145041622283,21,1008,Origin-local observed-channel mean; does not replace pooled main metric
jena,BOLT_SMALL_LEVEL,LEVEL,v7_jena_level_res_92602,92602,49631,test_b,0.10221734560333863,0.1838895018334456,0.05542643284166439,21,1008,Origin-local observed-channel mean; does not replace pooled main metric
jena,BOLT_SMALL_LEVEL,LEVEL,v7_jena_level_res_92602,92602,49655,test_b,0.11978323778274659,0.17678100755438206,0.08166609173049293,21,1008,Origin-local observed-channel mean; does not replace pooled main metric
jena,BOLT_SMALL_LEVEL,LEVEL,v7_jena_level_res_92602,92602,49679,test_b,0.13144561286319675,0.17811332609216196,0.04492208284939389,21,1008,Origin-local observed-channel mean; does not replace pooled main metric
jena,BOLT_SMALL_LEVEL,LEVEL,v7_jena_level_res_92602,92602,49703,test_b,0.20408347358270978,0.2506041270680726,0.010191107324014095,21,1008,Origin-local observed-channel mean; does not replace pooled main metric
jena,BOLT_SMALL_LEVEL,LEVEL,v7_jena_level_res_92602,92602,49727,test_b,0.26512863437916295,0.24035890147622152,-0.007261679921713136,21,1008,Origin-local observed-channel mean; does not replace pooled main metric
jena,BOLT_SMALL_LEVEL,LEVEL,v7_jena_level_res_92602,92602,49751,test_b,0.35581013817063284,0.23378639396590487,-0.06977518034049324,21,1008,Origin-local observed-channel mean; does not replace pooled main metric
jena,BOLT_SMALL_LEVEL,LEVEL,v7_jena_level_res_92602,92602,49775,test_b,0.36911828334288205,0.2852342584200891,-0.07575421834813564,21,1008,Origin-local observed-channel mean; does not replace pooled main metric
jena,BOLT_SMALL_LEVEL,LEVEL,v7_jena_level_res_92602,92602,49799,test_b,0.3343968038440947,0.23385238097213754,-0.06206367830404023,21,1008,Origin-local observed-channel mean; does not replace pooled main metric
jena,BOLT_SMALL_LEVEL,LEVEL,v7_jena_level_res_92602,92602,49823,test_b,0.0585783415245159,0.14559197186544123,0.008907591197861442,21,1008,Origin-local observed-channel mean; does not replace pooled main metric
jena,BOLT_SMALL_LEVEL,LEVEL,v7_jena_level_res_92602,92602,49847,test_b,0.05402367243398113,0.15588025976016762,0.05393572538603274,21,1008,Origin-local observed-channel mean; does not replace pooled main metric
jena,BOLT_SMALL_LEVEL,LEVEL,v7_jena_level_res_92602,92602,49871,test_b,0.060024288176248455,0.13491543084161264,0.004948978049917114,21,1008,Origin-local observed-channel mean; does not replace pooled main metric
jena,BOLT_SMALL_LEVEL,LEVEL,v7_jena_level_res_92602,92602,49895,test_b,0.1779241658382829,0.18150956364392878,0.107510533667953,21,1008,Origin-local observed-channel mean; does not replace pooled main metric
jena,BOLT_SMALL_LEVEL,LEVEL,v7_jena_level_res_92602,92602,49919,test_b,0.09862015408085532,0.19772878299201174,-0.018920705443070767,21,1008,Origin-local observed-channel mean; does not replace pooled main metric
jena,BOLT_SMALL_LEVEL,LEVEL,v7_jena_level_res_92602,92602,49943,test_b,0.09849421015501998,0.19223001574550475,-0.028372898716331713,21,1008,Origin-local observed-channel mean; does not replace pooled main metric
jena,BOLT_SMALL_LEVEL,LEVEL,v7_jena_level_res_92602,92602,49967,test_b,0.028463475887255427,0.11510296063375243,0.002746881893212307,21,1008,Origin-local observed-channel mean; does not replace pooled main metric
jena,BOLT_SMALL_LEVEL,LEVEL,v7_jena_level_res_92602,92602,49991,test_b,0.04152779191890148,0.12223865408166257,-0.02868653488673902,21,1008,Origin-local observed-channel mean; does not replace pooled main metric
jena,BOLT_SMALL_LEVEL,LEVEL,v7_jena_level_res_92602,92602,50015,test_b,0.14290489914948898,0.23293138041331007,-0.09091818400119091,21,1008,Origin-local observed-channel mean; does not replace pooled main metric
jena,BOLT_SMALL_LEVEL,LEVEL,v7_jena_level_res_92602,92602,50039,test_b,0.14309305720681292,0.2525835744473004,0.058319880336057395,21,1008,Origin-local observed-channel mean; does not replace pooled main metric
jena,BOLT_SMALL_LEVEL,LEVEL,v7_jena_level_res_92602,92602,50063,test_b,0.10650188045890518,0.2139067562612971,0.005208545350580523,21,1008,Origin-local observed-channel mean; does not replace pooled main metric
jena,BOLT_SMALL_LEVEL,LEVEL,v7_jena_level_res_92602,92602,50087,test_b,0.07640635706000405,0.15500017436137467,-0.0010881669074789188,21,1008,Origin-local observed-channel mean; does not replace pooled main metric
jena,BOLT_SMALL_LEVEL,LEVEL,v7_jena_level_res_92602,92602,50111,test_b,0.106871812934356,0.16573868724685056,0.08731375513948189,21,1008,Origin-local observed-channel mean; does not replace pooled main metric
jena,BOLT_SMALL_LEVEL,LEVEL,v7_jena_level_res_92602,92602,50135,test_b,0.15792501876245926,0.2065785890870121,0.018532524552447572,21,1008,Origin-local observed-channel mean; does not replace pooled main metric
jena,BOLT_SMALL_LEVEL,LEVEL,v7_jena_level_res_92602,92602,50159,test_b,0.1859652528224672,0.22497201226060354,-0.05444695748802688,21,1008,Origin-local observed-channel mean; does not replace pooled main metric
jena,BOLT_SMALL_LEVEL,LEVEL,v7_jena_level_res_92602,92602,50183,test_b,0.184257104843428,0.2693420213957628,0.0025642567964655103,21,1008,Origin-local observed-channel mean; does not replace pooled main metric
jena,BOLT_SMALL_LEVEL,LEVEL,v7_jena_level_res_92602,92602,50207,test_b,0.20539877125982456,0.23556077022219557,-0.09273690041623517,21,1008,Origin-local observed-channel mean; does not replace pooled main metric
jena,BOLT_SMALL_LEVEL,LEVEL,v7_jena_level_res_92602,92602,50231,test_b,0.29056685778038266,0.2421314296709228,-0.07833321919350142,21,1008,Origin-local observed-channel mean; does not replace pooled main metric
jena,BOLT_SMALL_LEVEL,LEVEL,v7_jena_level_res_92602,92602,50255,test_b,0.16164310251092903,0.16344324003032865,-0.06198541609023417,21,1008,Origin-local observed-channel mean; does not replace pooled main metric
jena,BOLT_SMALL_LEVEL,LEVEL,v7_jena_level_res_92602,92602,50279,test_b,0.08350916026001014,0.18338257859685986,-0.058060509834456125,21,1008,Origin-local observed-channel mean; does not replace pooled main metric
jena,BOLT_SMALL_LEVEL,LEVEL,v7_jena_level_res_92602,92602,50303,test_b,0.3126058117612112,0.3403352333868194,-0.16514458138038804,21,1008,Origin-local observed-channel mean; does not replace pooled main metric
jena,BOLT_SMALL_LEVEL,LEVEL,v7_jena_level_res_92602,92602,50327,test_b,0.23795336995534944,0.2589312103657341,-0.031028531490370527,21,1008,Origin-local observed-channel mean; does not replace pooled main metric
jena,BOLT_SMALL_LEVEL,LEVEL,v7_jena_level_res_92602,92602,50351,test_b,0.15070799019171713,0.22999682815793676,0.016486210477621305,21,1008,Origin-local observed-channel mean; does not replace pooled main metric
jena,BOLT_SMALL_LEVEL,LEVEL,v7_jena_level_res_92602,92602,50375,test_b,0.15783596965249622,0.23946156290925402,0.015577335090577597,21,1008,Origin-local observed-channel mean; does not replace pooled main metric
jena,BOLT_SMALL_LEVEL,LEVEL,v7_jena_level_res_92602,92602,50399,test_b,0.10344250255887284,0.24098369925738397,-0.0640305512206396,21,1008,Origin-local observed-channel mean; does not replace pooled main metric
jena,BOLT_SMALL_LEVEL,LEVEL,v7_jena_level_res_92602,92602,50423,test_b,0.08751222057365816,0.2003088328099924,-0.049554398131606704,21,1008,Origin-local observed-channel mean; does not replace pooled main metric
jena,BOLT_SMALL_LEVEL,LEVEL,v7_jena_level_res_92602,92602,50447,test_b,0.07714839994592591,0.17370951154895473,-0.04858466648153217,21,1008,Origin-local observed-channel mean; does not replace pooled main metric
jena,BOLT_SMALL_LEVEL,LEVEL,v7_jena_level_res_92602,92602,50471,test_b,0.08496773720081428,0.19042714705915023,0.06872082647278725,21,1008,Origin-local observed-channel mean; does not replace pooled main metric
jena,BOLT_SMALL_LEVEL,LEVEL,v7_jena_level_res_92602,92602,50495,test_b,0.05112973119562718,0.11763110176763714,-0.02000247932962324,21,1008,Origin-local observed-channel mean; does not replace pooled main metric
jena,BOLT_SMALL_LEVEL,LEVEL,v7_jena_level_res_92602,92602,50519,test_b,0.08657801769456624,0.13730947403766755,0.0645517859261634,21,1008,Origin-local observed-channel mean; does not replace pooled main metric
jena,BOLT_SMALL_LEVEL,LEVEL,v7_jena_level_res_92602,92602,50543,test_b,0.05419914533365011,0.13526445431342013,0.06896972290745733,21,1008,Origin-local observed-channel mean; does not replace pooled main metric
jena,BOLT_SMALL_LEVEL,LEVEL,v7_jena_level_res_92602,92602,50567,test_b,0.05752838961943966,0.12490828266743934,0.028011205318271386,21,1008,Origin-local observed-channel mean; does not replace pooled main metric
jena,BOLT_SMALL_LEVEL,LEVEL,v7_jena_level_res_92602,92602,50591,test_b,0.0861130738483294,0.18729408912472462,-0.08871469427789894,21,1008,Origin-local observed-channel mean; does not replace pooled main metric
jena,BOLT_SMALL_LEVEL,LEVEL,v7_jena_level_res_92602,92602,50615,test_b,0.12304808695039705,0.2713839409203963,0.1294044891844914,21,1008,Origin-local observed-channel mean; does not replace pooled main metric
jena,BOLT_SMALL_LEVEL,LEVEL,v7_jena_level_res_92602,92602,50639,test_b,0.04823324049330132,0.15783879999221498,0.0992777272914527,21,1008,Origin-local observed-channel mean; does not replace pooled main metric
jena,BOLT_SMALL_LEVEL,LEVEL,v7_jena_level_res_92602,92602,50663,test_b,0.03954393221503014,0.1407028233773576,0.07819377473984672,21,1008,Origin-local observed-channel mean; does not replace pooled main metric
jena,BOLT_SMALL_LEVEL,LEVEL,v7_jena_level_res_92602,92602,50687,test_b,0.05002839083043351,0.15752506582609224,-0.036491495041460306,21,1008,Origin-local observed-channel mean; does not replace pooled main metric
jena,BOLT_SMALL_LEVEL,LEVEL,v7_jena_level_res_92602,92602,50711,test_b,0.2549304954768151,0.24892000999551822,-0.08689525797019579,21,1008,Origin-local observed-channel mean; does not replace pooled main metric
jena,BOLT_SMALL_LEVEL,LEVEL,v7_jena_level_res_92602,92602,50735,test_b,0.47390322109578503,0.4011012812219893,-0.2181109970614281,21,1008,Origin-local observed-channel mean; does not replace pooled main metric
jena,BOLT_SMALL_LEVEL,LEVEL,v7_jena_level_res_92602,92602,50759,test_b,0.14350810043652876,0.25971024273923604,-0.017661915396837723,21,1008,Origin-local observed-channel mean; does not replace pooled main metric
jena,BOLT_SMALL_LEVEL,LEVEL,v7_jena_level_res_92602,92602,50783,test_b,0.20416733196883075,0.22569532360025082,0.1306022831388021,21,1008,Origin-local observed-channel mean; does not replace pooled main metric
jena,BOLT_SMALL_LEVEL,LEVEL,v7_jena_level_res_92602,92602,50807,test_b,0.13824224330441676,0.22588594333403358,-0.0901683324865146,21,1008,Origin-local observed-channel mean; does not replace pooled main metric
jena,BOLT_SMALL_LEVEL,LEVEL,v7_jena_level_res_92602,92602,50831,test_b,0.39323236846855925,0.3333923725398823,-0.1782344428280513,21,1008,Origin-local observed-channel mean; does not replace pooled main metric
jena,BOLT_SMALL_LEVEL,LEVEL,v7_jena_level_res_92602,92602,50855,test_b,0.3481907671216013,0.30471258624513414,-0.08218220900288006,21,1008,Origin-local observed-channel mean; does not replace pooled main metric
jena,BOLT_SMALL_LEVEL,LEVEL,v7_jena_level_res_92602,92602,50879,test_b,0.646621988931346,0.45008754246962435,-0.2227370820746439,21,1008,Origin-local observed-channel mean; does not replace pooled main metric
jena,BOLT_SMALL_LEVEL,LEVEL,v7_jena_level_res_92602,92602,50903,test_b,0.5937633700408975,0.3959959586979479,0.07176811277502797,21,1008,Origin-local observed-channel mean; does not replace pooled main metric
jena,BOLT_SMALL_LEVEL,LEVEL,v7_jena_level_res_92602,92602,50927,test_b,1.0457948502931327,0.6425456095838897,0.1539578036144597,21,1008,Origin-local observed-channel mean; does not replace pooled main metric
jena,BOLT_SMALL_LEVEL,LEVEL,v7_jena_level_res_92602,92602,50951,test_b,0.2780592474697074,0.3704461692914409,0.004800379140342272,21,1008,Origin-local observed-channel mean; does not replace pooled main metric
jena,BOLT_SMALL_LEVEL,LEVEL,v7_jena_level_res_92602,92602,50975,test_b,0.06433726642817743,0.19618502006651684,0.04543133166670384,21,1008,Origin-local observed-channel mean; does not replace pooled main metric
jena,BOLT_SMALL_LEVEL,LEVEL,v7_jena_level_res_92602,92602,50999,test_b,0.0532594929649321,0.15214903762708193,0.025434601757239318,21,1008,Origin-local observed-channel mean; does not replace pooled main metric
jena,BOLT_SMALL_LEVEL,LEVEL,v7_jena_level_res_92602,92602,51023,test_b,0.12213031888182198,0.20777748143016306,-0.06217829458078735,21,1008,Origin-local observed-channel mean; does not replace pooled main metric
jena,BOLT_SMALL_LEVEL,LEVEL,v7_jena_level_res_92602,92602,51047,test_b,0.12967555280734377,0.25439993061122046,0.14151027153760273,21,1008,Origin-local observed-channel mean; does not replace pooled main metric
jena,BOLT_SMALL_LEVEL,LEVEL,v7_jena_level_res_92602,92602,51071,test_b,0.17870614271607432,0.29540727315075593,0.1780002603309907,21,1008,Origin-local observed-channel mean; does not replace pooled main metric
jena,BOLT_SMALL_LEVEL,LEVEL,v7_jena_level_res_92602,92602,51095,test_b,0.051541380037848764,0.1336160365674351,0.001379313289131489,21,1008,Origin-local observed-channel mean; does not replace pooled main metric
jena,BOLT_SMALL_LEVEL,LEVEL,v7_jena_level_res_92602,92602,51119,test_b,0.10852104637187641,0.16899565071198305,-0.0017391160294036615,21,1008,Origin-local observed-channel mean; does not replace pooled main metric
jena,BOLT_SMALL_LEVEL,LEVEL,v7_jena_level_res_92602,92602,51143,test_b,0.08796047388338898,0.18669755304313543,-0.07461388501346053,21,1008,Origin-local observed-channel mean; does not replace pooled main metric
jena,BOLT_SMALL_LEVEL,LEVEL,v7_jena_level_res_92602,92602,51167,test_b,0.08217633502177425,0.15780317917048547,-0.054439926386019966,21,1008,Origin-local observed-channel mean; does not replace pooled main metric
jena,BOLT_SMALL_LEVEL,LEVEL,v7_jena_level_res_92602,92602,51191,test_b,0.14355955136985363,0.20603904435317832,0.06940333292291938,21,1008,Origin-local observed-channel mean; does not replace pooled main metric
jena,BOLT_SMALL_LEVEL,LEVEL,v7_jena_level_res_92602,92602,51215,test_b,0.23869286351673122,0.2478387708675828,-0.0797434657823119,21,1008,Origin-local observed-channel mean; does not replace pooled main metric
jena,BOLT_SMALL_LEVEL,LEVEL,v7_jena_level_res_92602,92602,51239,test_b,0.45942896000799793,0.3860542744876598,-0.14875030422026322,21,1008,Origin-local observed-channel mean; does not replace pooled main metric
jena,BOLT_SMALL_LEVEL,LEVEL,v7_jena_level_res_92602,92602,51263,test_b,0.13973575051792886,0.17232295063836825,0.11199319764937317,21,1008,Origin-local observed-channel mean; does not replace pooled main metric
jena,BOLT_SMALL_LEVEL,LEVEL,v7_jena_level_res_92602,92602,51287,test_b,0.2607875563038253,0.245641536792622,0.09748956758070682,21,1008,Origin-local observed-channel mean; does not replace pooled main metric
jena,BOLT_SMALL_LEVEL,LEVEL,v7_jena_level_res_92602,92602,51311,test_b,0.42338368592515974,0.3660566529563059,0.05033571640212488,21,1008,Origin-local observed-channel mean; does not replace pooled main metric
jena,BOLT_SMALL_LEVEL,LEVEL,v7_jena_level_res_92602,92602,51335,test_b,0.3675049673054688,0.2996690316358581,-0.017334037695989193,21,1008,Origin-local observed-channel mean; does not replace pooled main metric
jena,BOLT_SMALL_LEVEL,LEVEL,v7_jena_level_res_92602,92602,51359,test_b,0.19251930562192798,0.20847772349721735,0.011943184596944652,21,1008,Origin-local observed-channel mean; does not replace pooled main metric
jena,BOLT_SMALL_LEVEL,LEVEL,v7_jena_level_res_92602,92602,51383,test_b,0.1118748639832299,0.19031778127620264,0.05365985509614267,21,1008,Origin-local observed-channel mean; does not replace pooled main metric
jena,BOLT_SMALL_LEVEL,LEVEL,v7_jena_level_res_92602,92602,51407,test_b,0.09854598613594097,0.17972591239497038,0.09584478881221176,21,1008,Origin-local observed-channel mean; does not replace pooled main metric
jena,BOLT_SMALL_LEVEL,LEVEL,v7_jena_level_res_92602,92602,51431,test_b,0.12020156063282988,0.19865166401561712,0.023105186272351558,21,1008,Origin-local observed-channel mean; does not replace pooled main metric
jena,BOLT_SMALL_LEVEL,LEVEL,v7_jena_level_res_92602,92602,51455,test_b,0.19274171204020069,0.2785320526844958,-0.15602389433156028,21,1008,Origin-local observed-channel mean; does not replace pooled main metric
jena,BOLT_SMALL_LEVEL,LEVEL,v7_jena_level_res_92602,92602,51479,test_b,0.10892278904207647,0.20976415490105635,-0.10090423758557002,21,1008,Origin-local observed-channel mean; does not replace pooled main metric
jena,BOLT_SMALL_LEVEL,LEVEL,v7_jena_level_res_92602,92602,51503,test_b,0.10562667213140042,0.19437116574616603,0.01788477394750641,21,1008,Origin-local observed-channel mean; does not replace pooled main metric
jena,BOLT_SMALL_LEVEL,LEVEL,v7_jena_level_res_92602,92602,51527,test_b,0.15910309381421803,0.27617655067516594,0.033504343486417794,21,1008,Origin-local observed-channel mean; does not replace pooled main metric
jena,BOLT_SMALL_LEVEL,LEVEL,v7_jena_level_res_92602,92602,51551,test_b,0.09210541984551221,0.20626624251379988,-0.013338158330173298,21,1008,Origin-local observed-channel mean; does not replace pooled main metric
jena,BOLT_SMALL_LEVEL,LEVEL,v7_jena_level_res_92602,92602,51575,test_b,0.11974096436866292,0.2240335499490833,-0.06844275300982335,21,1008,Origin-local observed-channel mean; does not replace pooled main metric
jena,BOLT_SMALL_LEVEL,LEVEL,v7_jena_level_res_92602,92602,51599,test_b,0.15661020560152275,0.2842583872371751,-0.11037019077065498,21,1008,Origin-local observed-channel mean; does not replace pooled main metric
jena,BOLT_SMALL_LEVEL,LEVEL,v7_jena_level_res_92602,92602,51623,test_b,0.12415884646767286,0.2423799422280036,0.12809896505986837,21,1008,Origin-local observed-channel mean; does not replace pooled main metric
jena,BOLT_SMALL_LEVEL,LEVEL,v7_jena_level_res_92602,92602,51647,test_b,0.19355954137290296,0.23893585758935573,0.13131745831012107,21,1008,Origin-local observed-channel mean; does not replace pooled main metric
jena,BOLT_SMALL_LEVEL,LEVEL,v7_jena_level_res_92602,92602,51671,test_b,0.19566273769138998,0.25053055048215717,0.07864005705454877,21,1008,Origin-local observed-channel mean; does not replace pooled main metric
jena,BOLT_SMALL_LEVEL,LEVEL,v7_jena_level_res_92602,92602,51695,test_b,0.07568138825533888,0.16066542584153393,-0.02344663024303459,21,1008,Origin-local observed-channel mean; does not replace pooled main metric
jena,BOLT_SMALL_LEVEL,LEVEL,v7_jena_level_res_92602,92602,51719,test_b,0.1405947267362433,0.17679844921503754,-0.04441784806332425,21,1008,Origin-local observed-channel mean; does not replace pooled main metric
jena,BOLT_SMALL_LEVEL,LEVEL,v7_jena_level_res_92602,92602,51743,test_b,0.33516414136318917,0.3549871058794596,-0.10847403427968468,21,1008,Origin-local observed-channel mean; does not replace pooled main metric
jena,BOLT_SMALL_LEVEL,LEVEL,v7_jena_level_res_92602,92602,51767,test_b,0.2708637783463799,0.3328968158328078,-0.09383352629892114,21,1008,Origin-local observed-channel mean; does not replace pooled main metric
jena,BOLT_SMALL_LEVEL,LEVEL,v7_jena_level_res_92602,92602,51791,test_b,0.12023477817662528,0.18935385184794007,0.01308523266809985,21,1008,Origin-local observed-channel mean; does not replace pooled main metric
jena,BOLT_SMALL_LEVEL,LEVEL,v7_jena_level_res_92602,92602,51815,test_b,0.17671953762375492,0.24321128912768997,-0.12282605278619847,21,1008,Origin-local observed-channel mean; does not replace pooled main metric
jena,BOLT_SMALL_LEVEL,LEVEL,v7_jena_level_res_92602,92602,51839,test_b,0.1658593083745038,0.1541282819539663,0.027676294166003427,21,1008,Origin-local observed-channel mean; does not replace pooled main metric
jena,BOLT_SMALL_LEVEL,LEVEL,v7_jena_level_res_92602,92602,51863,test_b,0.16843046796889316,0.18335646575701142,-0.09787580975523542,21,1008,Origin-local observed-channel mean; does not replace pooled main metric
jena,BOLT_SMALL_LEVEL,LEVEL,v7_jena_level_res_92602,92602,51887,test_b,0.1364554383221461,0.16846186961490836,-0.06286727772685625,21,1008,Origin-local observed-channel mean; does not replace pooled main metric
jena,BOLT_SMALL_LEVEL,LEVEL,v7_jena_level_res_92602,92602,51911,test_b,0.2178563224792183,0.18949192496652287,0.05432082895588662,21,1008,Origin-local observed-channel mean; does not replace pooled main metric
jena,BOLT_SMALL_LEVEL,LEVEL,v7_jena_level_res_92602,92602,51935,test_b,0.11153781498124028,0.18002762714962633,-0.02422888948035146,21,1008,Origin-local observed-channel mean; does not replace pooled main metric
jena,BOLT_SMALL_LEVEL,LEVEL,v7_jena_level_res_92602,92602,51959,test_b,0.0507728317103279,0.12206989857146426,-0.033363418084465794,21,1008,Origin-local observed-channel mean; does not replace pooled main metric
jena,BOLT_SMALL_LEVEL,LEVEL,v7_jena_level_res_92602,92602,51983,test_b,0.052829537853065274,0.15906346456280773,0.06843631973283157,21,1008,Origin-local observed-channel mean; does not replace pooled main metric
jena,BOLT_SMALL_LEVEL,LEVEL,v7_jena_level_res_92602,92602,52007,test_b,0.1289600054010449,0.1718563974986503,-0.03296225805700358,21,1008,Origin-local observed-channel mean; does not replace pooled main metric
jena,BOLT_SMALL_LEVEL,LEVEL,v7_jena_level_res_92602,92602,52031,test_b,0.25945207408119786,0.30946117088439806,-0.1432736212683801,21,1008,Origin-local observed-channel mean; does not replace pooled main metric
jena,BOLT_SMALL_LEVEL,LEVEL,v7_jena_level_res_92602,92602,52055,test_b,0.29922987490731523,0.2680504289799876,-0.06904874298290077,21,1008,Origin-local observed-channel mean; does not replace pooled main metric
jena,BOLT_SMALL_LEVEL,LEVEL,v7_jena_level_res_92602,92602,52079,test_b,0.1954939751863665,0.20289470141546592,-0.01611811950034092,21,1008,Origin-local observed-channel mean; does not replace pooled main metric
jena,BOLT_SMALL_LEVEL,LEVEL,v7_jena_level_res_92602,92602,52103,test_b,0.08786726983747647,0.18541641477938917,0.07864836419356012,21,1008,Origin-local observed-channel mean; does not replace pooled main metric
jena,BOLT_SMALL_LEVEL,LEVEL,v7_jena_level_res_92602,92602,52127,test_b,0.06693670558942458,0.13649484620148702,0.010491129617014577,21,1008,Origin-local observed-channel mean; does not replace pooled main metric
jena,BOLT_SMALL_LEVEL,LEVEL,v7_jena_level_res_92602,92602,52151,test_b,0.2389786117947409,0.24426265690191135,-0.0526258219726428,21,1008,Origin-local observed-channel mean; does not replace pooled main metric
jena,BOLT_SMALL_LEVEL,LEVEL,v7_jena_level_res_92602,92602,52175,test_b,0.4880756519957051,0.44768001780972727,-0.13654645093271348,21,1008,Origin-local observed-channel mean; does not replace pooled main metric
jena,BOLT_SMALL_LEVEL,LEVEL,v7_jena_level_res_92602,92602,52199,test_b,0.32161272357314863,0.33747105283749523,0.08253108492326214,21,1008,Origin-local observed-channel mean; does not replace pooled main metric
jena,BOLT_SMALL_LEVEL,LEVEL,v7_jena_level_res_92602,92602,52223,test_b,0.338045905997664,0.34643349355818437,0.2173092911474496,21,1008,Origin-local observed-channel mean; does not replace pooled main metric
jena,BOLT_SMALL_LEVEL,LEVEL,v7_jena_level_res_92602,92602,52247,test_b,0.2524603222410184,0.21792565772054895,0.0884535953149362,21,1008,Origin-local observed-channel mean; does not replace pooled main metric
jena,BOLT_SMALL_LEVEL,LEVEL,v7_jena_level_res_92602,92602,52271,test_b,0.24055944366322318,0.2466644079771839,0.14104074515801457,21,1008,Origin-local observed-channel mean; does not replace pooled main metric
jena,BOLT_SMALL_LEVEL,LEVEL,v7_jena_level_res_92602,92602,52295,test_b,0.1684655574595739,0.21318572935683372,-0.04467872661928321,21,1008,Origin-local observed-channel mean; does not replace pooled main metric
jena,BOLT_SMALL_LEVEL,LEVEL,v7_jena_level_res_92602,92602,52319,test_b,0.42290758736829287,0.45090002896127807,-0.2525444292482245,21,1008,Origin-local observed-channel mean; does not replace pooled main metric
jena,BOLT_SMALL_LEVEL,LEVEL,v7_jena_level_res_92602,92602,52343,test_b,0.44499890342879106,0.3457371495866057,0.025169874137385955,21,1008,Origin-local observed-channel mean; does not replace pooled main metric
jena,BOLT_SMALL_LEVEL,LEVEL,v7_jena_level_res_92602,92602,52367,test_b,0.149065959100519,0.20709561267202453,-0.08682627775632437,21,1008,Origin-local observed-channel mean; does not replace pooled main metric
jena,BOLT_SMALL_LEVEL,LEVEL,v7_jena_level_res_92602,92602,52391,test_b,0.06301272624284254,0.1521154034417123,0.04751258272130693,21,1008,Origin-local observed-channel mean; does not replace pooled main metric
jena,BOLT_SMALL_LEVEL,LEVEL,v7_jena_level_res_92602,92602,52415,test_b,0.16046586150376893,0.20179315268742068,0.06470321775561878,21,1008,Origin-local observed-channel mean; does not replace pooled main metric
jena,BOLT_SMALL_LEVEL,LEVEL,v7_jena_level_res_92602,92602,52439,test_b,0.21917508755345674,0.24929204717426767,-0.05402325409834571,21,1008,Origin-local observed-channel mean; does not replace pooled main metric
jena,BOLT_SMALL_LEVEL,LEVEL,v7_jena_level_res_92602,92602,52463,test_b,0.37543175477169366,0.40315730770320407,-0.10168063216290663,21,1008,Origin-local observed-channel mean; does not replace pooled main metric
jena,BOLT_SMALL_LEVEL,LEVEL,v7_jena_level_res_92602,92602,52487,test_b,0.22614884756951725,0.33059633338762934,0.13159233858644415,21,1008,Origin-local observed-channel mean; does not replace pooled main metric
jena,BOLT_SMALL_LEVEL,LEVEL,v7_jena_level_res_92602,92602,52511,test_b,0.1450707306527351,0.185542545946581,0.13444296518961588,21,1008,Origin-local observed-channel mean; does not replace pooled main metric
jena,BOLT_SMALL_LEVEL,LEVEL,v7_jena_level_res_92602,92602,52535,test_b,0.22088312324665327,0.23676473892567357,0.0735700294866951,21,1008,Origin-local observed-channel mean; does not replace pooled main metric
jena,BOLT_SMALL_LEVEL,LEVEL,v7_jena_level_res_92602,92602,52559,test_b,0.24981639695207006,0.2315452313734337,0.029795592722837768,21,1008,Origin-local observed-channel mean; does not replace pooled main metric
jena,BOLT_SMALL_LEVEL,LEVEL,v7_jena_level_res_92602,92602,52583,test_b,0.15432066529247054,0.21305567583326518,0.023537710571771533,21,1008,Origin-local observed-channel mean; does not replace pooled main metric
jena,BOLT_SMALL_LEVEL,LEVEL,v7_jena_level_res_92602,92602,52607,test_b,0.26830277570779215,0.4004092976189447,-0.15473457297267731,21,1008,Origin-local observed-channel mean; does not replace pooled main metric
jena,BOLT_SMALL_LEVEL,LEVEL,v7_jena_level_res_92602,92602,52631,test_b,0.12248379811398938,0.23153253281865524,0.08352717072511229,21,1008,Origin-local observed-channel mean; does not replace pooled main metric
jena,BOLT_SMALL_LEVEL,LEVEL,v7_jena_level_res_92602,92602,52655,test_b,0.14016314634746957,0.15288945707669926,-0.05402457755842499,21,1008,Origin-local observed-channel mean; does not replace pooled main metric
jena,BOLT_SMALL_F0,F0,v7_jena_f0,,35135,test_a,0.23112858671775077,0.21652817423455417,-0.08808352324062042,21,1008,Origin-local observed-channel mean; does not replace pooled main metric
jena,BOLT_SMALL_F0,F0,v7_jena_f0,,35159,test_a,0.16487472913752038,0.20511863369213804,-0.10745389677865047,21,1008,Origin-local observed-channel mean; does not replace pooled main metric
jena,BOLT_SMALL_F0,F0,v7_jena_f0,,35183,test_a,0.7999988714500714,0.6358654986926546,-0.4395633822950047,21,1008,Origin-local observed-channel mean; does not replace pooled main metric
jena,BOLT_SMALL_F0,F0,v7_jena_f0,,35207,test_a,0.12074832408779565,0.20620815145103114,-0.059558421303148534,21,1008,Origin-local observed-channel mean; does not replace pooled main metric
jena,BOLT_SMALL_F0,F0,v7_jena_f0,,35231,test_a,0.35656530701039485,0.2776498179180577,0.1246407983698956,21,1008,Origin-local observed-channel mean; does not replace pooled main metric
jena,BOLT_SMALL_F0,F0,v7_jena_f0,,35255,test_a,0.510377298131875,0.2729409539301525,-0.02923262805958826,21,1008,Origin-local observed-channel mean; does not replace pooled main metric
jena,BOLT_SMALL_F0,F0,v7_jena_f0,,35279,test_a,0.38576250858781075,0.3470127547061854,0.05689427775094317,21,1008,Origin-local observed-channel mean; does not replace pooled main metric
jena,BOLT_SMALL_F0,F0,v7_jena_f0,,35303,test_a,0.5511197250930747,0.47452060293890386,-0.1617473002868734,21,1008,Origin-local observed-channel mean; does not replace pooled main metric
jena,BOLT_SMALL_F0,F0,v7_jena_f0,,35327,test_a,0.27585113321039334,0.37455782920502345,-0.1697971288019852,21,1008,Origin-local observed-channel mean; does not replace pooled main metric
jena,BOLT_SMALL_F0,F0,v7_jena_f0,,35351,test_a,3.46186602490173,0.38349226758965954,-0.0682595401592571,21,1008,Origin-local observed-channel mean; does not replace pooled main metric
jena,BOLT_SMALL_F0,F0,v7_jena_f0,,35375,test_a,3.923488009923801,0.5952656999386762,-0.1079136441085933,21,1008,Origin-local observed-channel mean; does not replace pooled main metric
jena,BOLT_SMALL_F0,F0,v7_jena_f0,,35399,test_a,0.4884322606906922,0.3630917444243096,-0.07264761349633483,21,1008,Origin-local observed-channel mean; does not replace pooled main metric
jena,BOLT_SMALL_F0,F0,v7_jena_f0,,35423,test_a,0.25245337736282186,0.27854857777175124,0.007122166039946943,21,1008,Origin-local observed-channel mean; does not replace pooled main metric
jena,BOLT_SMALL_F0,F0,v7_jena_f0,,35447,test_a,0.2498749543317024,0.3174467930987862,-0.15452306312398006,21,1008,Origin-local observed-channel mean; does not replace pooled main metric
jena,BOLT_SMALL_F0,F0,v7_jena_f0,,35471,test_a,0.8730775707967537,0.6368415134336194,-0.2076674876171016,21,1008,Origin-local observed-channel mean; does not replace pooled main metric
jena,BOLT_SMALL_F0,F0,v7_jena_f0,,35495,test_a,0.2903848949148463,0.37563449819895645,-0.023592865218811227,21,1008,Origin-local observed-channel mean; does not replace pooled main metric
jena,BOLT_SMALL_F0,F0,v7_jena_f0,,35519,test_a,0.4410283001323291,0.41309963809723577,0.13846632043807028,21,1008,Origin-local observed-channel mean; does not replace pooled main metric
jena,BOLT_SMALL_F0,F0,v7_jena_f0,,35543,test_a,0.25831140260762997,0.2667229800061914,-0.003878883417836202,21,1008,Origin-local observed-channel mean; does not replace pooled main metric
jena,BOLT_SMALL_F0,F0,v7_jena_f0,,35567,test_a,0.45623947473521653,0.31569876501406907,-0.1368018900116329,21,1008,Origin-local observed-channel mean; does not replace pooled main metric
jena,BOLT_SMALL_F0,F0,v7_jena_f0,,35591,test_a,0.5219074730097295,0.44838049086383613,-0.3024851001516384,21,1008,Origin-local observed-channel mean; does not replace pooled main metric
jena,BOLT_SMALL_F0,F0,v7_jena_f0,,35615,test_a,0.7146249987406277,0.5060665071616227,-0.036810708567841986,21,1008,Origin-local observed-channel mean; does not replace pooled main metric
jena,BOLT_SMALL_F0,F0,v7_jena_f0,,35639,test_a,1.3228850646251988,0.7590410953958376,0.1589939813472613,21,1008,Origin-local observed-channel mean; does not replace pooled main metric
jena,BOLT_SMALL_F0,F0,v7_jena_f0,,35663,test_a,0.3952683820769457,0.4310102684849837,0.03423243532060517,21,1008,Origin-local observed-channel mean; does not replace pooled main metric
jena,BOLT_SMALL_F0,F0,v7_jena_f0,,35687,test_a,0.09726652675610739,0.15288328265246706,0.0004910193592155673,21,1008,Origin-local observed-channel mean; does not replace pooled main metric
jena,BOLT_SMALL_F0,F0,v7_jena_f0,,35711,test_a,0.1476359253084528,0.2020373874873344,0.043688301033514086,21,1008,Origin-local observed-channel mean; does not replace pooled main metric
jena,BOLT_SMALL_F0,F0,v7_jena_f0,,35735,test_a,0.5557440506076222,0.4751628680598861,-0.13381848208472732,21,1008,Origin-local observed-channel mean; does not replace pooled main metric
jena,BOLT_SMALL_F0,F0,v7_jena_f0,,35759,test_a,1.2104856415236436,0.6336806626658515,-0.14863945707382673,21,1008,Origin-local observed-channel mean; does not replace pooled main metric
jena,BOLT_SMALL_F0,F0,v7_jena_f0,,35783,test_a,0.8809563472430568,0.5745036375841925,0.005615779597844388,21,1008,Origin-local observed-channel mean; does not replace pooled main metric
jena,BOLT_SMALL_F0,F0,v7_jena_f0,,35807,test_a,0.28097874805814244,0.29985617105800577,-0.0277334487171694,21,1008,Origin-local observed-channel mean; does not replace pooled main metric
jena,BOLT_SMALL_F0,F0,v7_jena_f0,,35831,test_a,0.5979844457733889,0.45675927681660394,0.09131111692656144,21,1008,Origin-local observed-channel mean; does not replace pooled main metric
jena,BOLT_SMALL_F0,F0,v7_jena_f0,,35855,test_a,0.2811773670354321,0.228053043119698,-0.09248783720642446,21,1008,Origin-local observed-channel mean; does not replace pooled main metric
jena,BOLT_SMALL_F0,F0,v7_jena_f0,,35879,test_a,0.5233038030184504,0.3976760001054832,-0.15596921502109914,21,1008,Origin-local observed-channel mean; does not replace pooled main metric
jena,BOLT_SMALL_F0,F0,v7_jena_f0,,35903,test_a,0.5543652530989124,0.45777594770068336,-0.1483913368604604,21,1008,Origin-local observed-channel mean; does not replace pooled main metric
jena,BOLT_SMALL_F0,F0,v7_jena_f0,,35927,test_a,0.3710642350532558,0.3713658381551911,0.1667011657074678,21,1008,Origin-local observed-channel mean; does not replace pooled main metric
jena,BOLT_SMALL_F0,F0,v7_jena_f0,,35951,test_a,0.3154084594576847,0.33614779194081956,0.1674016476656164,21,1008,Origin-local observed-channel mean; does not replace pooled main metric
jena,BOLT_SMALL_F0,F0,v7_jena_f0,,35975,test_a,0.5457880874239901,0.4179215010246105,0.10037445240538097,21,1008,Origin-local observed-channel mean; does not replace pooled main metric
jena,BOLT_SMALL_F0,F0,v7_jena_f0,,35999,test_a,0.3389035792216604,0.32909213180186814,-0.04487218848413567,21,1008,Origin-local observed-channel mean; does not replace pooled main metric
jena,BOLT_SMALL_F0,F0,v7_jena_f0,,36023,test_a,0.7043710939550162,0.47330936610573154,-0.2745572287353536,21,1008,Origin-local observed-channel mean; does not replace pooled main metric
jena,BOLT_SMALL_F0,F0,v7_jena_f0,,36047,test_a,0.2411103402749381,0.28488170522385714,-0.07864037166302933,21,1008,Origin-local observed-channel mean; does not replace pooled main metric
jena,BOLT_SMALL_F0,F0,v7_jena_f0,,36071,test_a,0.14896100914403776,0.2282022639161109,0.0559796721402866,21,1008,Origin-local observed-channel mean; does not replace pooled main metric
jena,BOLT_SMALL_F0,F0,v7_jena_f0,,36095,test_a,0.4195121361846245,0.3740208960870015,0.1497154316258809,21,1008,Origin-local observed-channel mean; does not replace pooled main metric
jena,BOLT_SMALL_F0,F0,v7_jena_f0,,36119,test_a,0.22967304928950233,0.2769982101488581,0.03231105218444663,21,1008,Origin-local observed-channel mean; does not replace pooled main metric
jena,BOLT_SMALL_F0,F0,v7_jena_f0,,36143,test_a,0.12525674034557555,0.16894775701271894,-0.02655899229608218,21,1008,Origin-local observed-channel mean; does not replace pooled main metric
jena,BOLT_SMALL_F0,F0,v7_jena_f0,,36167,test_a,0.625078488802142,0.44288214122536285,-0.17764059161264514,21,1008,Origin-local observed-channel mean; does not replace pooled main metric
jena,BOLT_SMALL_F0,F0,v7_jena_f0,,36191,test_a,1.1103212808979013,0.6256376477516795,-0.1868966723840646,21,1008,Origin-local observed-channel mean; does not replace pooled main metric
jena,BOLT_SMALL_F0,F0,v7_jena_f0,,36215,test_a,1.0547259090350072,0.5220253358559039,0.04746930935606729,21,1008,Origin-local observed-channel mean; does not replace pooled main metric
jena,BOLT_SMALL_F0,F0,v7_jena_f0,,36239,test_a,3.0676019499022726,0.9970072075481609,-0.30667927445583265,21,1008,Origin-local observed-channel mean; does not replace pooled main metric
jena,BOLT_SMALL_F0,F0,v7_jena_f0,,36263,test_a,3.427372542227789,0.6846316229433769,-0.1711957924962339,21,1008,Origin-local observed-channel mean; does not replace pooled main metric
jena,BOLT_SMALL_F0,F0,v7_jena_f0,,36287,test_a,2.7911323962050028,0.6554614400882864,-0.16425913104063108,21,1008,Origin-local observed-channel mean; does not replace pooled main metric
jena,BOLT_SMALL_F0,F0,v7_jena_f0,,36311,test_a,0.789081551312635,0.42621085730483865,0.10863634022456295,21,1008,Origin-local observed-channel mean; does not replace pooled main metric
jena,BOLT_SMALL_F0,F0,v7_jena_f0,,36335,test_a,1.033668074025385,0.5168965616400192,-0.16222792146274717,21,1008,Origin-local observed-channel mean; does not replace pooled main metric
jena,BOLT_SMALL_F0,F0,v7_jena_f0,,36359,test_a,2.319442161718675,0.6497337214710166,0.10081095260679755,21,1008,Origin-local observed-channel mean; does not replace pooled main metric
jena,BOLT_SMALL_F0,F0,v7_jena_f0,,36383,test_a,1.2555679725630735,0.3779805582551431,0.18960996470166952,21,1008,Origin-local observed-channel mean; does not replace pooled main metric
jena,BOLT_SMALL_F0,F0,v7_jena_f0,,36407,test_a,0.09441776158312569,0.16769673728505574,0.016587132521621355,21,1008,Origin-local observed-channel mean; does not replace pooled main metric
jena,BOLT_SMALL_F0,F0,v7_jena_f0,,36431,test_a,0.2862088515030188,0.21670697374054088,-0.01575658492543476,21,1008,Origin-local observed-channel mean; does not replace pooled main metric
jena,BOLT_SMALL_F0,F0,v7_jena_f0,,36455,test_a,0.6451524906659496,0.5196975740240999,-0.044825152994322034,21,1008,Origin-local observed-channel mean; does not replace pooled main metric
jena,BOLT_SMALL_F0,F0,v7_jena_f0,,36479,test_a,0.304652544206287,0.3804932849576174,0.03745960532297245,21,1008,Origin-local observed-channel mean; does not replace pooled main metric
jena,BOLT_SMALL_F0,F0,v7_jena_f0,,36503,test_a,0.1782737686181704,0.2747472731290535,0.04779132642417809,21,1008,Origin-local observed-channel mean; does not replace pooled main metric
jena,BOLT_SMALL_F0,F0,v7_jena_f0,,36527,test_a,0.16392808007796728,0.29725039192098407,0.06329255116852149,21,1008,Origin-local observed-channel mean; does not replace pooled main metric
jena,BOLT_SMALL_F0,F0,v7_jena_f0,,36551,test_a,0.20928239745486674,0.21161075357495715,-0.11088801595027442,21,1008,Origin-local observed-channel mean; does not replace pooled main metric
jena,BOLT_SMALL_F0,F0,v7_jena_f0,,36575,test_a,0.41056367629666213,0.236226819005449,-0.11064844096142137,21,1008,Origin-local observed-channel mean; does not replace pooled main metric
jena,BOLT_SMALL_F0,F0,v7_jena_f0,,36599,test_a,0.6517008119076386,0.3174258993175398,-0.17190149753069922,21,1008,Origin-local observed-channel mean; does not replace pooled main metric
jena,BOLT_SMALL_F0,F0,v7_jena_f0,,36623,test_a,0.521592259762369,0.3492952671940513,0.0673791193962282,21,1008,Origin-local observed-channel mean; does not replace pooled main metric
jena,BOLT_SMALL_F0,F0,v7_jena_f0,,36647,test_a,0.17948206318737744,0.31770723089178476,0.20336483075747283,21,1008,Origin-local observed-channel mean; does not replace pooled main metric
jena,BOLT_SMALL_F0,F0,v7_jena_f0,,36671,test_a,0.10800617563217016,0.23827283156366783,0.0959373189363673,21,1008,Origin-local observed-channel mean; does not replace pooled main metric
jena,BOLT_SMALL_F0,F0,v7_jena_f0,,36695,test_a,0.1067853676970695,0.23473076838549864,0.1493884695808678,21,1008,Origin-local observed-channel mean; does not replace pooled main metric
jena,BOLT_SMALL_F0,F0,v7_jena_f0,,36719,test_a,0.16858305942949883,0.26639641705582656,0.10106280081921191,21,1008,Origin-local observed-channel mean; does not replace pooled main metric
jena,BOLT_SMALL_F0,F0,v7_jena_f0,,36743,test_a,0.2306609551532334,0.30099374291869085,-0.07159065584906668,21,1008,Origin-local observed-channel mean; does not replace pooled main metric
jena,BOLT_SMALL_F0,F0,v7_jena_f0,,36767,test_a,0.5530326969042033,0.5290533179456636,0.016640858863707222,21,1008,Origin-local observed-channel mean; does not replace pooled main metric
jena,BOLT_SMALL_F0,F0,v7_jena_f0,,36791,test_a,0.17275431164812047,0.24244546614742524,-0.03567102194961442,21,1008,Origin-local observed-channel mean; does not replace pooled main metric
jena,BOLT_SMALL_F0,F0,v7_jena_f0,,36815,test_a,0.35356631906551517,0.42916152284594733,0.126613829082219,21,1008,Origin-local observed-channel mean; does not replace pooled main metric
jena,BOLT_SMALL_F0,F0,v7_jena_f0,,36839,test_a,0.2266575720931297,0.25441655338074765,0.07497038782457818,21,1008,Origin-local observed-channel mean; does not replace pooled main metric
jena,BOLT_SMALL_F0,F0,v7_jena_f0,,36863,test_a,0.2573330160191183,0.2755116295683408,-0.0010416323740852086,21,1008,Origin-local observed-channel mean; does not replace pooled main metric
jena,BOLT_SMALL_F0,F0,v7_jena_f0,,36887,test_a,0.22629032492574538,0.32217231157281073,-0.11823818877839212,21,1008,Origin-local observed-channel mean; does not replace pooled main metric
jena,BOLT_SMALL_F0,F0,v7_jena_f0,,36911,test_a,0.29586504669032915,0.3347159137713514,-0.0771423021363998,21,1008,Origin-local observed-channel mean; does not replace pooled main metric
jena,BOLT_SMALL_F0,F0,v7_jena_f0,,36935,test_a,0.4852823509708982,0.3264531041860455,-0.0014512028569625374,21,1008,Origin-local observed-channel mean; does not replace pooled main metric
jena,BOLT_SMALL_F0,F0,v7_jena_f0,,36959,test_a,0.41709179723254153,0.31805449896591387,-0.02860028107314728,21,1008,Origin-local observed-channel mean; does not replace pooled main metric
jena,BOLT_SMALL_F0,F0,v7_jena_f0,,36983,test_a,0.07954806428992164,0.186509592552558,0.06828508652544105,21,1008,Origin-local observed-channel mean; does not replace pooled main metric
jena,BOLT_SMALL_F0,F0,v7_jena_f0,,37007,test_a,0.06053532288319571,0.1550109397055441,0.08078752053552307,21,1008,Origin-local observed-channel mean; does not replace pooled main metric
jena,BOLT_SMALL_F0,F0,v7_jena_f0,,37031,test_a,0.2209369874561291,0.22485705354016053,0.013499858443653453,21,1008,Origin-local observed-channel mean; does not replace pooled main metric
jena,BOLT_SMALL_F0,F0,v7_jena_f0,,37055,test_a,0.8871520508281983,0.5463161042404993,-0.1283703862695441,21,1008,Origin-local observed-channel mean; does not replace pooled main metric
jena,BOLT_SMALL_F0,F0,v7_jena_f0,,37079,test_a,0.23823735564802243,0.31919162339712176,0.04302328313808233,21,1008,Origin-local observed-channel mean; does not replace pooled main metric
jena,BOLT_SMALL_F0,F0,v7_jena_f0,,37103,test_a,0.4179506857880554,0.37209991091389927,0.11200036268714292,21,1008,Origin-local observed-channel mean; does not replace pooled main metric
jena,BOLT_SMALL_F0,F0,v7_jena_f0,,37127,test_a,0.06588671878274353,0.14586000405665442,-0.0705269772524988,21,1008,Origin-local observed-channel mean; does not replace pooled main metric
jena,BOLT_SMALL_F0,F0,v7_jena_f0,,37151,test_a,0.023597064811037828,0.10548741193298834,-0.042885058634084774,21,1008,Origin-local observed-channel mean; does not replace pooled main metric
jena,BOLT_SMALL_F0,F0,v7_jena_f0,,37175,test_a,0.21345144581158934,0.21081554317136159,-0.039011130224170056,21,1008,Origin-local observed-channel mean; does not replace pooled main metric
jena,BOLT_SMALL_F0,F0,v7_jena_f0,,37199,test_a,0.6630017539741916,0.4852703418227542,-0.1608666806672455,21,1008,Origin-local observed-channel mean; does not replace pooled main metric
jena,BOLT_SMALL_F0,F0,v7_jena_f0,,37223,test_a,0.280507779209251,0.30824803066438083,0.03968491003615781,21,1008,Origin-local observed-channel mean; does not replace pooled main metric
jena,BOLT_SMALL_F0,F0,v7_jena_f0,,37247,test_a,0.39481658541174625,0.39074199587706804,0.05102384848127952,21,1008,Origin-local observed-channel mean; does not replace pooled main metric
jena,BOLT_SMALL_F0,F0,v7_jena_f0,,37271,test_a,0.27184404734708845,0.30416450661037486,-0.10546433684956154,21,1008,Origin-local observed-channel mean; does not replace pooled main metric
jena,BOLT_SMALL_F0,F0,v7_jena_f0,,37295,test_a,0.09182211989945208,0.13439015386254707,-0.044474000786615904,21,1008,Origin-local observed-channel mean; does not replace pooled main metric
jena,BOLT_SMALL_F0,F0,v7_jena_f0,,37319,test_a,0.29961822045470726,0.23283346084431356,-0.07831263143389294,21,1008,Origin-local observed-channel mean; does not replace pooled main metric
jena,BOLT_SMALL_F0,F0,v7_jena_f0,,37343,test_a,0.4578529440463732,0.3429871260943603,0.04161554833436163,21,1008,Origin-local observed-channel mean; does not replace pooled main metric
jena,BOLT_SMALL_F0,F0,v7_jena_f0,,37367,test_a,0.1389329240072633,0.26192878700691385,-0.0594471304613098,21,1008,Origin-local observed-channel mean; does not replace pooled main metric
jena,BOLT_SMALL_F0,F0,v7_jena_f0,,37391,test_a,0.054343521032421696,0.12756223298619884,0.04884280135223571,21,1008,Origin-local observed-channel mean; does not replace pooled main metric
jena,BOLT_SMALL_F0,F0,v7_jena_f0,,37415,test_a,0.352770993440047,0.24875766247229572,0.04611237394350436,21,1008,Origin-local observed-channel mean; does not replace pooled main metric
jena,BOLT_SMALL_F0,F0,v7_jena_f0,,37439,test_a,0.467643578863861,0.3988483534665734,-0.15502743908326097,21,1008,Origin-local observed-channel mean; does not replace pooled main metric
jena,BOLT_SMALL_F0,F0,v7_jena_f0,,37463,test_a,0.2623212800052889,0.2851465957913509,-0.188663603493455,21,1008,Origin-local observed-channel mean; does not replace pooled main metric
jena,BOLT_SMALL_F0,F0,v7_jena_f0,,37487,test_a,0.4679177587188382,0.4556663417388336,-0.32278578084769255,21,1008,Origin-local observed-channel mean; does not replace pooled main metric
jena,BOLT_SMALL_F0,F0,v7_jena_f0,,37511,test_a,0.20491768553348896,0.26877719116693316,-0.10077695583909406,21,1008,Origin-local observed-channel mean; does not replace pooled main metric
jena,BOLT_SMALL_F0,F0,v7_jena_f0,,37535,test_a,0.3323516843441666,0.2739510647094455,0.03627564706056589,21,1008,Origin-local observed-channel mean; does not replace pooled main metric
jena,BOLT_SMALL_F0,F0,v7_jena_f0,,37559,test_a,0.49338881460763756,0.2528615336834466,-0.15062525161227397,21,1008,Origin-local observed-channel mean; does not replace pooled main metric
jena,BOLT_SMALL_F0,F0,v7_jena_f0,,37583,test_a,0.20979906061246517,0.21643145661812646,-0.00016251475435205158,21,1008,Origin-local observed-channel mean; does not replace pooled main metric
jena,BOLT_SMALL_F0,F0,v7_jena_f0,,37607,test_a,0.29610264099117134,0.24581094994463784,-0.12634431960182224,21,1008,Origin-local observed-channel mean; does not replace pooled main metric
jena,BOLT_SMALL_F0,F0,v7_jena_f0,,37631,test_a,0.6506829110502916,0.5098940813445046,-0.37146962403679185,21,1008,Origin-local observed-channel mean; does not replace pooled main metric
jena,BOLT_SMALL_F0,F0,v7_jena_f0,,37655,test_a,0.19438735925188524,0.3089333315706066,0.025337292021417636,21,1008,Origin-local observed-channel mean; does not replace pooled main metric
jena,BOLT_SMALL_F0,F0,v7_jena_f0,,37679,test_a,0.19999431473965976,0.30253150820222113,0.14166450919213866,21,1008,Origin-local observed-channel mean; does not replace pooled main metric
jena,BOLT_SMALL_F0,F0,v7_jena_f0,,37703,test_a,0.3373465408689406,0.22413635063772766,0.04426092471724601,21,1008,Origin-local observed-channel mean; does not replace pooled main metric
jena,BOLT_SMALL_F0,F0,v7_jena_f0,,37727,test_a,0.5441663013998036,0.3018868067949717,-0.029186497414590888,21,1008,Origin-local observed-channel mean; does not replace pooled main metric
jena,BOLT_SMALL_F0,F0,v7_jena_f0,,37751,test_a,0.3822038263177844,0.3452840520827551,-0.1641585981683059,21,1008,Origin-local observed-channel mean; does not replace pooled main metric
jena,BOLT_SMALL_F0,F0,v7_jena_f0,,37775,test_a,0.6489414765205506,0.5466443240732171,-0.25421998029831605,21,1008,Origin-local observed-channel mean; does not replace pooled main metric
jena,BOLT_SMALL_F0,F0,v7_jena_f0,,37799,test_a,0.41628292967745184,0.4780555293559918,0.19285722119809456,21,1008,Origin-local observed-channel mean; does not replace pooled main metric
jena,BOLT_SMALL_F0,F0,v7_jena_f0,,37823,test_a,0.35333701513994553,0.2755701712727416,0.15304234602762523,21,1008,Origin-local observed-channel mean; does not replace pooled main metric
jena,BOLT_SMALL_F0,F0,v7_jena_f0,,37847,test_a,0.5014603480462133,0.27863561880145604,0.02943733885088782,21,1008,Origin-local observed-channel mean; does not replace pooled main metric
jena,BOLT_SMALL_F0,F0,v7_jena_f0,,37871,test_a,0.30029966219464904,0.3013522363438073,-0.02286057695891941,21,1008,Origin-local observed-channel mean; does not replace pooled main metric
jena,BOLT_SMALL_F0,F0,v7_jena_f0,,37895,test_a,0.6318360914562903,0.4825702946432608,-0.12096504178055237,21,1008,Origin-local observed-channel mean; does not replace pooled main metric
jena,BOLT_SMALL_F0,F0,v7_jena_f0,,37919,test_a,0.6352287951658191,0.4433021004670226,-0.054553970559648016,21,1008,Origin-local observed-channel mean; does not replace pooled main metric
jena,BOLT_SMALL_F0,F0,v7_jena_f0,,37943,test_a,0.17763738809715843,0.2587195483890052,0.08283646429689336,21,1008,Origin-local observed-channel mean; does not replace pooled main metric
jena,BOLT_SMALL_F0,F0,v7_jena_f0,,37967,test_a,0.6421615142545943,0.38627434578896974,0.21157237932031478,21,1008,Origin-local observed-channel mean; does not replace pooled main metric
jena,BOLT_SMALL_F0,F0,v7_jena_f0,,37991,test_a,0.7748019354007535,0.45796279806093065,0.07633427715636716,21,1008,Origin-local observed-channel mean; does not replace pooled main metric
jena,BOLT_SMALL_F0,F0,v7_jena_f0,,38015,test_a,0.4809022984577341,0.40797473998792977,0.09948507792733069,21,1008,Origin-local observed-channel mean; does not replace pooled main metric
jena,BOLT_SMALL_F0,F0,v7_jena_f0,,38039,test_a,0.39772359866015783,0.39387389419818414,-0.15913520478606522,21,1008,Origin-local observed-channel mean; does not replace pooled main metric
jena,BOLT_SMALL_F0,F0,v7_jena_f0,,38063,test_a,0.4738152675197097,0.4004196159778133,-0.06665039313070119,21,1008,Origin-local observed-channel mean; does not replace pooled main metric
jena,BOLT_SMALL_F0,F0,v7_jena_f0,,38087,test_a,0.24691220619000406,0.32651007831667644,0.02493428776922105,21,1008,Origin-local observed-channel mean; does not replace pooled main metric
jena,BOLT_SMALL_F0,F0,v7_jena_f0,,38111,test_a,0.4613451460561506,0.38359350594772773,0.14990219189279572,21,1008,Origin-local observed-channel mean; does not replace pooled main metric
jena,BOLT_SMALL_F0,F0,v7_jena_f0,,38135,test_a,0.24944902149775516,0.29867059823433034,0.025143636765625126,21,1008,Origin-local observed-channel mean; does not replace pooled main metric
jena,BOLT_SMALL_F0,F0,v7_jena_f0,,38159,test_a,0.2246215225040353,0.2325986421855637,0.027083102204212787,21,1008,Origin-local observed-channel mean; does not replace pooled main metric
jena,BOLT_SMALL_F0,F0,v7_jena_f0,,38183,test_a,0.20791795810251132,0.29792459007853356,-0.05773049260218006,21,1008,Origin-local observed-channel mean; does not replace pooled main metric
jena,BOLT_SMALL_F0,F0,v7_jena_f0,,38207,test_a,0.6977551265036044,0.5787390334511338,-0.16481988986543866,21,1008,Origin-local observed-channel mean; does not replace pooled main metric
jena,BOLT_SMALL_F0,F0,v7_jena_f0,,38231,test_a,0.2517666937359387,0.3007511717936261,0.11517968989117808,21,1008,Origin-local observed-channel mean; does not replace pooled main metric
jena,BOLT_SMALL_F0,F0,v7_jena_f0,,38255,test_a,0.4079557655131771,0.39377256525686893,0.06260522336644557,21,1008,Origin-local observed-channel mean; does not replace pooled main metric
jena,BOLT_SMALL_F0,F0,v7_jena_f0,,38279,test_a,0.15070067363169098,0.19504868669089714,-0.02170642207001658,21,1008,Origin-local observed-channel mean; does not replace pooled main metric
jena,BOLT_SMALL_F0,F0,v7_jena_f0,,38303,test_a,0.10314832372362252,0.1729179569841411,-0.04959804259704556,21,1008,Origin-local observed-channel mean; does not replace pooled main metric
jena,BOLT_SMALL_F0,F0,v7_jena_f0,,38327,test_a,0.14459016376035266,0.2597730807492986,-0.14874395266907947,21,1008,Origin-local observed-channel mean; does not replace pooled main metric
jena,BOLT_SMALL_F0,F0,v7_jena_f0,,38351,test_a,0.19203806776377827,0.29073716193628535,-0.11431219409518059,21,1008,Origin-local observed-channel mean; does not replace pooled main metric
jena,BOLT_SMALL_F0,F0,v7_jena_f0,,38375,test_a,0.2876620806340708,0.3464298612282922,0.01536635849033557,21,1008,Origin-local observed-channel mean; does not replace pooled main metric
jena,BOLT_SMALL_F0,F0,v7_jena_f0,,38399,test_a,0.21645259336589476,0.29005824665907154,-0.038775626737564343,21,1008,Origin-local observed-channel mean; does not replace pooled main metric
jena,BOLT_SMALL_F0,F0,v7_jena_f0,,38423,test_a,0.6393412523117926,0.3922137854714825,-0.2696601046254583,21,1008,Origin-local observed-channel mean; does not replace pooled main metric
jena,BOLT_SMALL_F0,F0,v7_jena_f0,,38447,test_a,1.0551828065316182,0.4576429054510617,-0.3112642831420378,21,1008,Origin-local observed-channel mean; does not replace pooled main metric
jena,BOLT_SMALL_F0,F0,v7_jena_f0,,38471,test_a,0.43868176363430594,0.3630819129415729,0.06700238625085655,21,1008,Origin-local observed-channel mean; does not replace pooled main metric
jena,BOLT_SMALL_F0,F0,v7_jena_f0,,38495,test_a,1.11948941184452,0.5749327648978031,0.06355738540301059,21,1008,Origin-local observed-channel mean; does not replace pooled main metric
jena,BOLT_SMALL_F0,F0,v7_jena_f0,,38519,test_a,0.4554337591489836,0.40389479328009725,-0.042431536754260604,21,1008,Origin-local observed-channel mean; does not replace pooled main metric
jena,BOLT_SMALL_F0,F0,v7_jena_f0,,38543,test_a,0.27516022696661707,0.3067612453508893,0.12633781665095337,21,1008,Origin-local observed-channel mean; does not replace pooled main metric
jena,BOLT_SMALL_F0,F0,v7_jena_f0,,38567,test_a,0.25731497895710875,0.2267886458366919,-0.008816446715966788,21,1008,Origin-local observed-channel mean; does not replace pooled main metric
jena,BOLT_SMALL_F0,F0,v7_jena_f0,,38591,test_a,0.08685793824042551,0.13213138327005758,-0.0045454333064429055,21,1008,Origin-local observed-channel mean; does not replace pooled main metric
jena,BOLT_SMALL_F0,F0,v7_jena_f0,,38615,test_a,0.4129702731130358,0.34905639920197296,-0.23156943555214737,21,1008,Origin-local observed-channel mean; does not replace pooled main metric
jena,BOLT_SMALL_F0,F0,v7_jena_f0,,38639,test_a,0.23868620413916228,0.2531060682852094,-0.16139789300977428,21,1008,Origin-local observed-channel mean; does not replace pooled main metric
jena,BOLT_SMALL_F0,F0,v7_jena_f0,,38663,test_a,0.161288299737887,0.2359486650407595,0.022205843312096678,21,1008,Origin-local observed-channel mean; does not replace pooled main metric
jena,BOLT_SMALL_F0,F0,v7_jena_f0,,38687,test_a,0.20628701580166509,0.2536996158573495,0.07618559646468223,21,1008,Origin-local observed-channel mean; does not replace pooled main metric
jena,BOLT_SMALL_F0,F0,v7_jena_f0,,38711,test_a,0.10261150618630659,0.16735974003862045,0.04191503589667957,21,1008,Origin-local observed-channel mean; does not replace pooled main metric
jena,BOLT_SMALL_F0,F0,v7_jena_f0,,38735,test_a,0.4692598935143273,0.3150858523103312,-0.0855483166473393,21,1008,Origin-local observed-channel mean; does not replace pooled main metric
jena,BOLT_SMALL_F0,F0,v7_jena_f0,,38759,test_a,0.6787422062076212,0.3794161478321048,-0.3133194509563588,21,1008,Origin-local observed-channel mean; does not replace pooled main metric
jena,BOLT_SMALL_F0,F0,v7_jena_f0,,38783,test_a,0.36841289039880876,0.4434407005175477,-0.307118377506402,21,1008,Origin-local observed-channel mean; does not replace pooled main metric
jena,BOLT_SMALL_F0,F0,v7_jena_f0,,38807,test_a,0.6081778896156468,0.35121668049500193,-0.029218510283427025,21,1008,Origin-local observed-channel mean; does not replace pooled main metric
jena,BOLT_SMALL_F0,F0,v7_jena_f0,,38831,test_a,0.7203539773996451,0.4699334388308793,0.014619146432139695,21,1008,Origin-local observed-channel mean; does not replace pooled main metric
jena,BOLT_SMALL_F0,F0,v7_jena_f0,,38855,test_a,0.3529797142690293,0.3704949237594628,0.11835019700997115,21,1008,Origin-local observed-channel mean; does not replace pooled main metric
jena,BOLT_SMALL_F0,F0,v7_jena_f0,,38879,test_a,0.183429169219368,0.2932755629398531,0.203860004424877,21,1008,Origin-local observed-channel mean; does not replace pooled main metric
jena,BOLT_SMALL_F0,F0,v7_jena_f0,,38903,test_a,0.9932145400028357,0.4524708400477677,-0.30594545820107066,21,1008,Origin-local observed-channel mean; does not replace pooled main metric
jena,BOLT_SMALL_F0,F0,v7_jena_f0,,38927,test_a,1.2883102471936005,0.562699241896293,-0.4526117464217046,21,1008,Origin-local observed-channel mean; does not replace pooled main metric
jena,BOLT_SMALL_F0,F0,v7_jena_f0,,38951,test_a,0.35489599373814734,0.3476652380712848,0.07079092872473189,21,1008,Origin-local observed-channel mean; does not replace pooled main metric
jena,BOLT_SMALL_F0,F0,v7_jena_f0,,38975,test_a,0.2976876640050229,0.37490685740624663,0.26231171679747994,21,1008,Origin-local observed-channel mean; does not replace pooled main metric
jena,BOLT_SMALL_F0,F0,v7_jena_f0,,38999,test_a,0.2645303719131262,0.27644121765212143,0.04192240979250889,21,1008,Origin-local observed-channel mean; does not replace pooled main metric
jena,BOLT_SMALL_F0,F0,v7_jena_f0,,39023,test_a,0.24430197105153262,0.2880472265598424,-0.04777334448711675,21,1008,Origin-local observed-channel mean; does not replace pooled main metric
jena,BOLT_SMALL_F0,F0,v7_jena_f0,,39047,test_a,0.3092972093682668,0.32941087165852967,-0.018196078189667165,21,1008,Origin-local observed-channel mean; does not replace pooled main metric
jena,BOLT_SMALL_F0,F0,v7_jena_f0,,39071,test_a,0.2978304441948067,0.34328593944896313,-0.06771633767786829,21,1008,Origin-local observed-channel mean; does not replace pooled main metric
jena,BOLT_SMALL_F0,F0,v7_jena_f0,,39095,test_a,0.3799612935745156,0.4578706151803076,0.12384325311545362,21,1008,Origin-local observed-channel mean; does not replace pooled main metric
jena,BOLT_SMALL_F0,F0,v7_jena_f0,,39119,test_a,0.33523621941723264,0.38303079859508127,0.19076244498027664,21,1008,Origin-local observed-channel mean; does not replace pooled main metric
jena,BOLT_SMALL_F0,F0,v7_jena_f0,,39143,test_a,0.23010716501089915,0.26274550200405566,0.09136183417141427,21,1008,Origin-local observed-channel mean; does not replace pooled main metric
jena,BOLT_SMALL_F0,F0,v7_jena_f0,,39167,test_a,0.25221143955305475,0.3144549883185795,0.12181385917256916,21,1008,Origin-local observed-channel mean; does not replace pooled main metric
jena,BOLT_SMALL_F0,F0,v7_jena_f0,,39191,test_a,0.326832599404557,0.3722456291279596,0.04883635075303673,21,1008,Origin-local observed-channel mean; does not replace pooled main metric
jena,BOLT_SMALL_F0,F0,v7_jena_f0,,39215,test_a,0.28561937847746754,0.316132064283357,0.11781702670793043,21,1008,Origin-local observed-channel mean; does not replace pooled main metric
jena,BOLT_SMALL_F0,F0,v7_jena_f0,,39239,test_a,0.23346704999359483,0.275582349959309,0.14006546766292544,21,1008,Origin-local observed-channel mean; does not replace pooled main metric
jena,BOLT_SMALL_F0,F0,v7_jena_f0,,39263,test_a,0.1532300106654358,0.25105827487657595,-0.008539483903957383,21,1008,Origin-local observed-channel mean; does not replace pooled main metric
jena,BOLT_SMALL_F0,F0,v7_jena_f0,,39287,test_a,0.07124027658866121,0.15265591695071187,0.005287947212883374,21,1008,Origin-local observed-channel mean; does not replace pooled main metric
jena,BOLT_SMALL_F0,F0,v7_jena_f0,,39311,test_a,0.16026686218166344,0.22223030303564245,0.08365109094717939,21,1008,Origin-local observed-channel mean; does not replace pooled main metric
jena,BOLT_SMALL_F0,F0,v7_jena_f0,,39335,test_a,0.4089169281566603,0.369575893343666,-0.17710563348833921,21,1008,Origin-local observed-channel mean; does not replace pooled main metric
jena,BOLT_SMALL_F0,F0,v7_jena_f0,,39359,test_a,0.6675180316236532,0.5703688463311389,-0.28393226196334986,21,1008,Origin-local observed-channel mean; does not replace pooled main metric
jena,BOLT_SMALL_F0,F0,v7_jena_f0,,39383,test_a,0.1733960833064923,0.27851094935919274,0.12974396128791138,21,1008,Origin-local observed-channel mean; does not replace pooled main metric
jena,BOLT_SMALL_F0,F0,v7_jena_f0,,39407,test_a,0.2891706165786812,0.24224093292257978,-0.06317121170661903,21,1008,Origin-local observed-channel mean; does not replace pooled main metric
jena,BOLT_SMALL_F0,F0,v7_jena_f0,,39431,test_a,0.2942342107625656,0.24263206346528482,-0.14474001308166956,21,1008,Origin-local observed-channel mean; does not replace pooled main metric
jena,BOLT_SMALL_F0,F0,v7_jena_f0,,39455,test_a,0.31351081946518644,0.2204984540587739,-0.07819615657619637,21,1008,Origin-local observed-channel mean; does not replace pooled main metric
jena,BOLT_SMALL_F0,F0,v7_jena_f0,,39479,test_a,0.3996184709162034,0.3128724333058464,-0.13454123562936843,21,1008,Origin-local observed-channel mean; does not replace pooled main metric
jena,BOLT_SMALL_F0,F0,v7_jena_f0,,39503,test_a,0.3767990697294978,0.4221462083722664,-0.19718921210964227,21,1008,Origin-local observed-channel mean; does not replace pooled main metric
jena,BOLT_SMALL_F0,F0,v7_jena_f0,,39527,test_a,0.24440180204854664,0.3511368891446932,0.11303728357436031,21,1008,Origin-local observed-channel mean; does not replace pooled main metric
jena,BOLT_SMALL_F0,F0,v7_jena_f0,,39551,test_a,0.140135060291361,0.17864351510849832,0.07039541185787085,21,1008,Origin-local observed-channel mean; does not replace pooled main metric
jena,BOLT_SMALL_F0,F0,v7_jena_f0,,39575,test_a,0.2146029612049836,0.24859318239534683,0.07212563811487002,21,1008,Origin-local observed-channel mean; does not replace pooled main metric
jena,BOLT_SMALL_F0,F0,v7_jena_f0,,39599,test_a,0.09072788622945428,0.16902845725503757,0.03740303661799685,21,1008,Origin-local observed-channel mean; does not replace pooled main metric
jena,BOLT_SMALL_F0,F0,v7_jena_f0,,39623,test_a,0.31872818469219866,0.32384373167997904,-0.15989592537072084,21,1008,Origin-local observed-channel mean; does not replace pooled main metric
jena,BOLT_SMALL_F0,F0,v7_jena_f0,,39647,test_a,0.6077785949118449,0.38629863037723616,-0.1795148554119228,21,1008,Origin-local observed-channel mean; does not replace pooled main metric
jena,BOLT_SMALL_F0,F0,v7_jena_f0,,39671,test_a,0.6460651347700519,0.4068580885009036,-0.015331436846267138,21,1008,Origin-local observed-channel mean; does not replace pooled main metric
jena,BOLT_SMALL_F0,F0,v7_jena_f0,,39695,test_a,0.33618070454754917,0.3328185800887623,0.03497941043297899,21,1008,Origin-local observed-channel mean; does not replace pooled main metric
jena,BOLT_SMALL_F0,F0,v7_jena_f0,,39719,test_a,0.2720785833579112,0.24189369167507963,0.06714194468758437,21,1008,Origin-local observed-channel mean; does not replace pooled main metric
jena,BOLT_SMALL_F0,F0,v7_jena_f0,,39743,test_a,0.21750086204732347,0.17146460476353584,-0.03568257565336627,21,1008,Origin-local observed-channel mean; does not replace pooled main metric
jena,BOLT_SMALL_F0,F0,v7_jena_f0,,39767,test_a,0.39849984843788555,0.2630485678319596,-0.1427998034777562,21,1008,Origin-local observed-channel mean; does not replace pooled main metric
jena,BOLT_SMALL_F0,F0,v7_jena_f0,,39791,test_a,0.47017247073277135,0.36693761394017493,-0.09717243536699012,21,1008,Origin-local observed-channel mean; does not replace pooled main metric
jena,BOLT_SMALL_F0,F0,v7_jena_f0,,39815,test_a,0.44183043694760854,0.31429510080141926,-0.05934296731189417,21,1008,Origin-local observed-channel mean; does not replace pooled main metric
jena,BOLT_SMALL_F0,F0,v7_jena_f0,,39839,test_a,0.6227602412531352,0.3260786029111062,-0.1309275726514262,21,1008,Origin-local observed-channel mean; does not replace pooled main metric
jena,BOLT_SMALL_F0,F0,v7_jena_f0,,39863,test_a,0.355154778320873,0.29068832356660146,-0.014888634476515042,21,1008,Origin-local observed-channel mean; does not replace pooled main metric
jena,BOLT_SMALL_F0,F0,v7_jena_f0,,39887,test_a,0.21195401123315472,0.169357106813954,-0.11639845365333178,21,1008,Origin-local observed-channel mean; does not replace pooled main metric
jena,BOLT_SMALL_F0,F0,v7_jena_f0,,39911,test_a,0.3300331790507542,0.23293712046639514,-0.19497218237619748,21,1008,Origin-local observed-channel mean; does not replace pooled main metric
jena,BOLT_SMALL_F0,F0,v7_jena_f0,,39935,test_a,0.42849727969788987,0.2617392412850446,-0.18079858475292504,21,1008,Origin-local observed-channel mean; does not replace pooled main metric
jena,BOLT_SMALL_F0,F0,v7_jena_f0,,39959,test_a,0.45432545053731505,0.267681504785619,-0.0553620418999604,21,1008,Origin-local observed-channel mean; does not replace pooled main metric
jena,BOLT_SMALL_F0,F0,v7_jena_f0,,39983,test_a,0.33455692825532235,0.2552910922586018,0.008503858004775197,21,1008,Origin-local observed-channel mean; does not replace pooled main metric
jena,BOLT_SMALL_F0,F0,v7_jena_f0,,40007,test_a,0.27495651959554224,0.21047094551001444,-0.04494924818307423,21,1008,Origin-local observed-channel mean; does not replace pooled main metric
jena,BOLT_SMALL_F0,F0,v7_jena_f0,,40031,test_a,0.190289619577339,0.16123187001947023,-0.018516453619379297,21,1008,Origin-local observed-channel mean; does not replace pooled main metric
jena,BOLT_SMALL_F0,F0,v7_jena_f0,,40055,test_a,0.2467194382249924,0.2322306703639379,-0.13234316096234594,21,1008,Origin-local observed-channel mean; does not replace pooled main metric
jena,BOLT_SMALL_F0,F0,v7_jena_f0,,40079,test_a,0.14594624594387956,0.23117405235121075,-0.08591269150120853,21,1008,Origin-local observed-channel mean; does not replace pooled main metric
jena,BOLT_SMALL_F0,F0,v7_jena_f0,,40103,test_a,0.34987799474875725,0.2445666390317095,-0.007780469188883348,21,1008,Origin-local observed-channel mean; does not replace pooled main metric
jena,BOLT_SMALL_F0,F0,v7_jena_f0,,40127,test_a,0.49721070179509524,0.27198132666914415,-0.05770443269561622,21,1008,Origin-local observed-channel mean; does not replace pooled main metric
jena,BOLT_SMALL_F0,F0,v7_jena_f0,,40151,test_a,0.31911321941887333,0.25423505917945205,-0.010847708375328526,21,1008,Origin-local observed-channel mean; does not replace pooled main metric
jena,BOLT_SMALL_F0,F0,v7_jena_f0,,40175,test_a,0.305687242135141,0.25882457864137237,0.012364375000100736,21,1008,Origin-local observed-channel mean; does not replace pooled main metric
jena,BOLT_SMALL_F0,F0,v7_jena_f0,,40199,test_a,0.27259020322813554,0.23969185663502554,-0.12536718507732394,21,1008,Origin-local observed-channel mean; does not replace pooled main metric
jena,BOLT_SMALL_F0,F0,v7_jena_f0,,40223,test_a,0.4475053464796207,0.436911350291132,-0.17777420530809548,21,1008,Origin-local observed-channel mean; does not replace pooled main metric
jena,BOLT_SMALL_F0,F0,v7_jena_f0,,40247,test_a,0.16449466614385316,0.2813146073986279,0.1555200445151376,21,1008,Origin-local observed-channel mean; does not replace pooled main metric
jena,BOLT_SMALL_F0,F0,v7_jena_f0,,40271,test_a,0.33724456865449376,0.39867831930349074,0.07867646636880218,21,1008,Origin-local observed-channel mean; does not replace pooled main metric
jena,BOLT_SMALL_F0,F0,v7_jena_f0,,40295,test_a,0.06002724414142276,0.135254154008902,-0.0072496394607133785,21,1008,Origin-local observed-channel mean; does not replace pooled main metric
jena,BOLT_SMALL_F0,F0,v7_jena_f0,,40319,test_a,0.08997475049829376,0.15596182567419636,-0.06029636233170239,21,1008,Origin-local observed-channel mean; does not replace pooled main metric
jena,BOLT_SMALL_F0,F0,v7_jena_f0,,40343,test_a,0.3772115001524446,0.42550261760484387,-0.2843032441402708,21,1008,Origin-local observed-channel mean; does not replace pooled main metric
jena,BOLT_SMALL_F0,F0,v7_jena_f0,,40367,test_a,0.6218852800983096,0.5163006264279137,-0.2749609003095964,21,1008,Origin-local observed-channel mean; does not replace pooled main metric
jena,BOLT_SMALL_F0,F0,v7_jena_f0,,40391,test_a,0.4679757102005856,0.36202571368076386,-0.10390653403345144,21,1008,Origin-local observed-channel mean; does not replace pooled main metric
jena,BOLT_SMALL_F0,F0,v7_jena_f0,,40415,test_a,0.062377337523921605,0.12371652089253378,0.04062215221947844,21,1008,Origin-local observed-channel mean; does not replace pooled main metric
jena,BOLT_SMALL_F0,F0,v7_jena_f0,,40439,test_a,0.12117046270927592,0.1780485124614816,-0.0963396749218754,21,1008,Origin-local observed-channel mean; does not replace pooled main metric
jena,BOLT_SMALL_F0,F0,v7_jena_f0,,40463,test_a,0.20620478820834975,0.2867220375186344,-0.14630656899726815,21,1008,Origin-local observed-channel mean; does not replace pooled main metric
jena,BOLT_SMALL_F0,F0,v7_jena_f0,,40487,test_a,0.26928880219824236,0.3194010405379,-0.03736312401763695,21,1008,Origin-local observed-channel mean; does not replace pooled main metric
jena,BOLT_SMALL_F0,F0,v7_jena_f0,,40511,test_a,0.40861338480683024,0.5048316329713478,-0.2832769120330571,21,1008,Origin-local observed-channel mean; does not replace pooled main metric
jena,BOLT_SMALL_F0,F0,v7_jena_f0,,40535,test_a,0.8776745741147722,0.5174525653711743,-0.08798000479354022,21,1008,Origin-local observed-channel mean; does not replace pooled main metric
jena,BOLT_SMALL_F0,F0,v7_jena_f0,,40559,test_a,0.8008081279702081,0.3754802556464306,-0.05453760623560002,21,1008,Origin-local observed-channel mean; does not replace pooled main metric
jena,BOLT_SMALL_F0,F0,v7_jena_f0,,40583,test_a,0.13690260023355474,0.16815135112211996,0.09261868331761058,21,1008,Origin-local observed-channel mean; does not replace pooled main metric
jena,BOLT_SMALL_F0,F0,v7_jena_f0,,40607,test_a,0.0971018756798413,0.21623941953854114,0.13460899395910916,21,1008,Origin-local observed-channel mean; does not replace pooled main metric
jena,BOLT_SMALL_F0,F0,v7_jena_f0,,40631,test_a,0.34230626529358377,0.3472882672993162,-0.176391773830902,21,1008,Origin-local observed-channel mean; does not replace pooled main metric
jena,BOLT_SMALL_F0,F0,v7_jena_f0,,40655,test_a,0.6987900832697649,0.5475374935487042,-0.12672565863058916,21,1008,Origin-local observed-channel mean; does not replace pooled main metric
jena,BOLT_SMALL_F0,F0,v7_jena_f0,,40679,test_a,0.5851912881287795,0.5013512377667616,0.06548521315296908,21,1008,Origin-local observed-channel mean; does not replace pooled main metric
jena,BOLT_SMALL_F0,F0,v7_jena_f0,,40703,test_a,0.08060817004291848,0.15963239225906337,0.030018406301101166,21,1008,Origin-local observed-channel mean; does not replace pooled main metric
jena,BOLT_SMALL_F0,F0,v7_jena_f0,,40727,test_a,0.32114641906057956,0.2648122329876984,-0.11293046626780692,21,1008,Origin-local observed-channel mean; does not replace pooled main metric
jena,BOLT_SMALL_F0,F0,v7_jena_f0,,40751,test_a,0.6980035982173756,0.4340318693718892,-0.2838826602145139,21,1008,Origin-local observed-channel mean; does not replace pooled main metric
jena,BOLT_SMALL_F0,F0,v7_jena_f0,,40775,test_a,0.7944488316018026,0.4930988087084159,-0.2901099449206543,21,1008,Origin-local observed-channel mean; does not replace pooled main metric
jena,BOLT_SMALL_F0,F0,v7_jena_f0,,40799,test_a,0.6412305259050642,0.5694741638427432,-0.12967952439736571,21,1008,Origin-local observed-channel mean; does not replace pooled main metric
jena,BOLT_SMALL_F0,F0,v7_jena_f0,,40823,test_a,0.3126609578358365,0.34459913423906696,0.04526734129097941,21,1008,Origin-local observed-channel mean; does not replace pooled main metric
jena,BOLT_SMALL_F0,F0,v7_jena_f0,,40847,test_a,0.2362092833545249,0.3321229095580214,0.10163967671588392,21,1008,Origin-local observed-channel mean; does not replace pooled main metric
jena,BOLT_SMALL_F0,F0,v7_jena_f0,,40871,test_a,0.18038420198429583,0.23592612850396627,0.10837254996017907,21,1008,Origin-local observed-channel mean; does not replace pooled main metric
jena,BOLT_SMALL_F0,F0,v7_jena_f0,,40895,test_a,0.4330079176319711,0.33898305147343466,0.03374839260250733,21,1008,Origin-local observed-channel mean; does not replace pooled main metric
jena,BOLT_SMALL_F0,F0,v7_jena_f0,,40919,test_a,0.29087179953673425,0.3110399157853357,-0.05965206856513211,21,1008,Origin-local observed-channel mean; does not replace pooled main metric
jena,BOLT_SMALL_F0,F0,v7_jena_f0,,40943,test_a,0.20370784290903585,0.2995905565256267,-0.01654469688201927,21,1008,Origin-local observed-channel mean; does not replace pooled main metric
jena,BOLT_SMALL_F0,F0,v7_jena_f0,,40967,test_a,0.1498320941776527,0.24501257467573084,0.09714826102693526,21,1008,Origin-local observed-channel mean; does not replace pooled main metric
jena,BOLT_SMALL_F0,F0,v7_jena_f0,,40991,test_a,0.2044007136438236,0.30644501908532146,0.13449775209543682,21,1008,Origin-local observed-channel mean; does not replace pooled main metric
jena,BOLT_SMALL_F0,F0,v7_jena_f0,,41015,test_a,0.23797566731479147,0.3461718797331005,0.22163851747632543,21,1008,Origin-local observed-channel mean; does not replace pooled main metric
jena,BOLT_SMALL_F0,F0,v7_jena_f0,,41039,test_a,0.12863693930736594,0.25509649429688347,0.1795573841867274,21,1008,Origin-local observed-channel mean; does not replace pooled main metric
jena,BOLT_SMALL_F0,F0,v7_jena_f0,,41063,test_a,0.2916717728240423,0.3216912243127202,-0.11523275834042582,21,1008,Origin-local observed-channel mean; does not replace pooled main metric
jena,BOLT_SMALL_F0,F0,v7_jena_f0,,41087,test_a,0.5980356327046827,0.5975948012612843,-0.27823535675079686,21,1008,Origin-local observed-channel mean; does not replace pooled main metric
jena,BOLT_SMALL_F0,F0,v7_jena_f0,,41111,test_a,0.19881024183222906,0.2898528071028335,0.005050395982026304,21,1008,Origin-local observed-channel mean; does not replace pooled main metric
jena,BOLT_SMALL_F0,F0,v7_jena_f0,,41135,test_a,0.16366090767669964,0.22027871340717875,-0.022816300296408527,21,1008,Origin-local observed-channel mean; does not replace pooled main metric
jena,BOLT_SMALL_F0,F0,v7_jena_f0,,41159,test_a,0.22520522145820615,0.20245398079425775,-0.1477663155607251,21,1008,Origin-local observed-channel mean; does not replace pooled main metric
jena,BOLT_SMALL_F0,F0,v7_jena_f0,,41183,test_a,0.35509997711388575,0.3322216059699828,-0.09385114178751663,21,1008,Origin-local observed-channel mean; does not replace pooled main metric
jena,BOLT_SMALL_F0,F0,v7_jena_f0,,41207,test_a,0.9912481699618031,0.6967399668015816,-0.018226449707043006,21,1008,Origin-local observed-channel mean; does not replace pooled main metric
jena,BOLT_SMALL_F0,F0,v7_jena_f0,,41231,test_a,0.4531333627535449,0.40197208793243694,-0.04674234774984864,21,1008,Origin-local observed-channel mean; does not replace pooled main metric
jena,BOLT_SMALL_F0,F0,v7_jena_f0,,41255,test_a,0.09327163044091327,0.18059063991873586,0.07578013332640117,21,1008,Origin-local observed-channel mean; does not replace pooled main metric
jena,BOLT_SMALL_F0,F0,v7_jena_f0,,41279,test_a,0.08697040202060424,0.18108692629371828,0.07453020164948179,21,1008,Origin-local observed-channel mean; does not replace pooled main metric
jena,BOLT_SMALL_F0,F0,v7_jena_f0,,41303,test_a,0.07281813303190045,0.1299015314397698,0.0914648050240921,21,1008,Origin-local observed-channel mean; does not replace pooled main metric
jena,BOLT_SMALL_F0,F0,v7_jena_f0,,41327,test_a,0.13051946503661999,0.21286964205662826,0.08657908357036789,21,1008,Origin-local observed-channel mean; does not replace pooled main metric
jena,BOLT_SMALL_F0,F0,v7_jena_f0,,41351,test_a,0.14142262073860137,0.20348875847620157,-0.03217571091192353,21,1008,Origin-local observed-channel mean; does not replace pooled main metric
jena,BOLT_SMALL_F0,F0,v7_jena_f0,,41375,test_a,0.3837791131129894,0.4235516035532494,-0.05805963374852637,21,1008,Origin-local observed-channel mean; does not replace pooled main metric
jena,BOLT_SMALL_F0,F0,v7_jena_f0,,41399,test_a,0.40586609278969543,0.3328245766438086,-0.04433818328993405,21,1008,Origin-local observed-channel mean; does not replace pooled main metric
jena,BOLT_SMALL_F0,F0,v7_jena_f0,,41423,test_a,0.5260648698426746,0.39769475197395615,-0.06009739775568986,21,1008,Origin-local observed-channel mean; does not replace pooled main metric
jena,BOLT_SMALL_F0,F0,v7_jena_f0,,41447,test_a,0.26017383322316345,0.29378905687773355,0.06091566863688057,21,1008,Origin-local observed-channel mean; does not replace pooled main metric
jena,BOLT_SMALL_F0,F0,v7_jena_f0,,41471,test_a,0.3075404724964039,0.39244705037956934,0.15632326339168467,21,1008,Origin-local observed-channel mean; does not replace pooled main metric
jena,BOLT_SMALL_F0,F0,v7_jena_f0,,41495,test_a,0.27590261585230597,0.29312645538153626,-0.17902330335294078,21,1008,Origin-local observed-channel mean; does not replace pooled main metric
jena,BOLT_SMALL_F0,F0,v7_jena_f0,,41519,test_a,0.38598846586495983,0.4487880133054147,-0.18824929626237188,21,1008,Origin-local observed-channel mean; does not replace pooled main metric
jena,BOLT_SMALL_F0,F0,v7_jena_f0,,41543,test_a,0.20941602398722922,0.301999856217648,0.16151524881080973,21,1008,Origin-local observed-channel mean; does not replace pooled main metric
jena,BOLT_SMALL_F0,F0,v7_jena_f0,,41567,test_a,0.13585421987947935,0.20201062313182255,0.030672774292855007,21,1008,Origin-local observed-channel mean; does not replace pooled main metric
jena,BOLT_SMALL_F0,F0,v7_jena_f0,,41591,test_a,0.16533940835708255,0.2234811759630363,0.03768090147732148,21,1008,Origin-local observed-channel mean; does not replace pooled main metric
jena,BOLT_SMALL_F0,F0,v7_jena_f0,,41615,test_a,0.15662330121190657,0.19074302892171083,0.04771491431719845,21,1008,Origin-local observed-channel mean; does not replace pooled main metric
jena,BOLT_SMALL_F0,F0,v7_jena_f0,,41639,test_a,0.48475775124076215,0.4091499614592139,-0.21311988738838525,21,1008,Origin-local observed-channel mean; does not replace pooled main metric
jena,BOLT_SMALL_F0,F0,v7_jena_f0,,41663,test_a,1.3706362519866206,0.8981979126313937,-0.2664666830724667,21,1008,Origin-local observed-channel mean; does not replace pooled main metric
jena,BOLT_SMALL_F0,F0,v7_jena_f0,,41687,test_a,0.18007127853403734,0.278202980308884,0.04117799050055466,21,1008,Origin-local observed-channel mean; does not replace pooled main metric
jena,BOLT_SMALL_F0,F0,v7_jena_f0,,41711,test_a,0.2009913843987889,0.3059798714829311,0.13497761474834066,21,1008,Origin-local observed-channel mean; does not replace pooled main metric
jena,BOLT_SMALL_F0,F0,v7_jena_f0,,41735,test_a,0.15727730145676502,0.21607769960015533,-0.08888471883810349,21,1008,Origin-local observed-channel mean; does not replace pooled main metric
jena,BOLT_SMALL_F0,F0,v7_jena_f0,,41759,test_a,0.06168565217222252,0.1523355474048927,-0.09292423755692969,21,1008,Origin-local observed-channel mean; does not replace pooled main metric
jena,BOLT_SMALL_F0,F0,v7_jena_f0,,41783,test_a,0.1874218568942389,0.26941839311762633,-0.17613238016308477,21,1008,Origin-local observed-channel mean; does not replace pooled main metric
jena,BOLT_SMALL_F0,F0,v7_jena_f0,,41807,test_a,0.2533391400983213,0.3876412478418518,-0.08141379105340064,21,1008,Origin-local observed-channel mean; does not replace pooled main metric
jena,BOLT_SMALL_F0,F0,v7_jena_f0,,41831,test_a,0.05521483113269029,0.1493673411064914,0.04498575863775811,21,1008,Origin-local observed-channel mean; does not replace pooled main metric
jena,BOLT_SMALL_F0,F0,v7_jena_f0,,41855,test_a,0.07564788510496745,0.17745132888745824,0.02529380831886859,21,1008,Origin-local observed-channel mean; does not replace pooled main metric
jena,BOLT_SMALL_F0,F0,v7_jena_f0,,41879,test_a,0.10690998772079449,0.1722594441366493,0.03667240723272756,21,1008,Origin-local observed-channel mean; does not replace pooled main metric
jena,BOLT_SMALL_F0,F0,v7_jena_f0,,41903,test_a,0.03502140847532596,0.11023050887853883,-0.01226406425698697,21,1008,Origin-local observed-channel mean; does not replace pooled main metric
jena,BOLT_SMALL_F0,F0,v7_jena_f0,,41927,test_a,0.14692583171230456,0.2341545009431207,-0.13592213861429916,21,1008,Origin-local observed-channel mean; does not replace pooled main metric
jena,BOLT_SMALL_F0,F0,v7_jena_f0,,41951,test_a,0.26342709301077494,0.41499255000281476,-0.1499798129422873,21,1008,Origin-local observed-channel mean; does not replace pooled main metric
jena,BOLT_SMALL_F0,F0,v7_jena_f0,,41975,test_a,0.06181799773627434,0.1730919593725943,-0.05937678801089373,21,1008,Origin-local observed-channel mean; does not replace pooled main metric
jena,BOLT_SMALL_F0,F0,v7_jena_f0,,41999,test_a,0.09130477079907513,0.2206576467733648,0.006180161626425328,21,1008,Origin-local observed-channel mean; does not replace pooled main metric
jena,BOLT_SMALL_F0,F0,v7_jena_f0,,42023,test_a,0.06130038956321435,0.10781926788561373,-0.04114461283356398,21,1008,Origin-local observed-channel mean; does not replace pooled main metric
jena,BOLT_SMALL_F0,F0,v7_jena_f0,,42047,test_a,0.07902069269840564,0.1582728249146991,-0.0312667158148196,21,1008,Origin-local observed-channel mean; does not replace pooled main metric
jena,BOLT_SMALL_F0,F0,v7_jena_f0,,42071,test_a,0.1640590787431078,0.2758939929910758,-0.13631255771560108,21,1008,Origin-local observed-channel mean; does not replace pooled main metric
jena,BOLT_SMALL_F0,F0,v7_jena_f0,,42095,test_a,0.22108881503983144,0.35646920317456193,-0.24597638215986772,21,1008,Origin-local observed-channel mean; does not replace pooled main metric
jena,BOLT_SMALL_F0,F0,v7_jena_f0,,42119,test_a,0.04163185632781953,0.13402399793122882,-0.03479318547200934,21,1008,Origin-local observed-channel mean; does not replace pooled main metric
jena,BOLT_SMALL_F0,F0,v7_jena_f0,,42143,test_a,0.05772496820552987,0.13808513191352606,-0.007477756987287965,21,1008,Origin-local observed-channel mean; does not replace pooled main metric
jena,BOLT_SMALL_F0,F0,v7_jena_f0,,42167,test_a,0.07102818936736044,0.15836835866283516,0.08484566901980932,21,1008,Origin-local observed-channel mean; does not replace pooled main metric
jena,BOLT_SMALL_F0,F0,v7_jena_f0,,42191,test_a,0.08211998787040162,0.15940361009704665,0.05510732224917905,21,1008,Origin-local observed-channel mean; does not replace pooled main metric
jena,BOLT_SMALL_F0,F0,v7_jena_f0,,42215,test_a,0.19172456892465273,0.23906723853470466,-0.11256796902226698,21,1008,Origin-local observed-channel mean; does not replace pooled main metric
jena,BOLT_SMALL_F0,F0,v7_jena_f0,,42239,test_a,0.344754963083441,0.4256009415063047,-0.23054934146548905,21,1008,Origin-local observed-channel mean; does not replace pooled main metric
jena,BOLT_SMALL_F0,F0,v7_jena_f0,,42263,test_a,0.062079422110498404,0.19092163695330103,0.07318269673105678,21,1008,Origin-local observed-channel mean; does not replace pooled main metric
jena,BOLT_SMALL_F0,F0,v7_jena_f0,,42287,test_a,0.03626074813673233,0.11606549586900254,0.025242082532800164,21,1008,Origin-local observed-channel mean; does not replace pooled main metric
jena,BOLT_SMALL_F0,F0,v7_jena_f0,,42311,test_a,0.07461292137893254,0.15798500056668657,0.0003930078907167538,21,1008,Origin-local observed-channel mean; does not replace pooled main metric
jena,BOLT_SMALL_F0,F0,v7_jena_f0,,42335,test_a,0.11517223429796691,0.16238544462202487,0.021308641415551333,21,1008,Origin-local observed-channel mean; does not replace pooled main metric
jena,BOLT_SMALL_F0,F0,v7_jena_f0,,42359,test_a,0.14066323853600973,0.2140297355409342,-0.14112717133950411,21,1008,Origin-local observed-channel mean; does not replace pooled main metric
jena,BOLT_SMALL_F0,F0,v7_jena_f0,,42383,test_a,0.20429199448518726,0.3274301797154626,-0.19581030628184623,21,1008,Origin-local observed-channel mean; does not replace pooled main metric
jena,BOLT_SMALL_F0,F0,v7_jena_f0,,42407,test_a,0.1014392876244539,0.2184536760120705,0.05314386734379883,21,1008,Origin-local observed-channel mean; does not replace pooled main metric
jena,BOLT_SMALL_F0,F0,v7_jena_f0,,42431,test_a,0.058387016373576524,0.14992412414900924,0.1215340592252254,21,1008,Origin-local observed-channel mean; does not replace pooled main metric
jena,BOLT_SMALL_F0,F0,v7_jena_f0,,42455,test_a,0.06477955579782903,0.1509160070478203,0.05092799565999672,21,1008,Origin-local observed-channel mean; does not replace pooled main metric
jena,BOLT_SMALL_F0,F0,v7_jena_f0,,42479,test_a,0.07819387834328294,0.15085766795470143,0.02211272430981302,21,1008,Origin-local observed-channel mean; does not replace pooled main metric
jena,BOLT_SMALL_F0,F0,v7_jena_f0,,42503,test_a,0.2583375235026328,0.2791443704338725,-0.15872873107617208,21,1008,Origin-local observed-channel mean; does not replace pooled main metric
jena,BOLT_SMALL_F0,F0,v7_jena_f0,,42527,test_a,0.341361751426758,0.366480781717814,-0.11689948321890412,21,1008,Origin-local observed-channel mean; does not replace pooled main metric
jena,BOLT_SMALL_F0,F0,v7_jena_f0,,42551,test_a,0.2432816705781084,0.3587809221790517,0.10600221804905609,21,1008,Origin-local observed-channel mean; does not replace pooled main metric
jena,BOLT_SMALL_F0,F0,v7_jena_f0,,42575,test_a,0.2314369162368171,0.34866758020056987,0.1969232333196689,21,1008,Origin-local observed-channel mean; does not replace pooled main metric
jena,BOLT_SMALL_F0,F0,v7_jena_f0,,42599,test_a,0.27097370956848327,0.353710799752171,0.18372442978429643,21,1008,Origin-local observed-channel mean; does not replace pooled main metric
jena,BOLT_SMALL_F0,F0,v7_jena_f0,,42623,test_a,0.15099669488653852,0.2648527713059189,0.13552537759246736,21,1008,Origin-local observed-channel mean; does not replace pooled main metric
jena,BOLT_SMALL_F0,F0,v7_jena_f0,,42647,test_a,0.15471123415464094,0.20044420584010714,-0.07414091794681366,21,1008,Origin-local observed-channel mean; does not replace pooled main metric
jena,BOLT_SMALL_F0,F0,v7_jena_f0,,42671,test_a,0.49964247713920784,0.4916280774105829,-0.2925269659661728,21,1008,Origin-local observed-channel mean; does not replace pooled main metric
jena,BOLT_SMALL_F0,F0,v7_jena_f0,,42695,test_a,0.3458657999542887,0.4159255284198841,0.21085388787111103,21,1008,Origin-local observed-channel mean; does not replace pooled main metric
jena,BOLT_SMALL_F0,F0,v7_jena_f0,,42719,test_a,0.17718608964809188,0.25540869753199835,0.07725049977491995,21,1008,Origin-local observed-channel mean; does not replace pooled main metric
jena,BOLT_SMALL_F0,F0,v7_jena_f0,,42743,test_a,0.1883755120024891,0.27637562524279696,0.17135894829444293,21,1008,Origin-local observed-channel mean; does not replace pooled main metric
jena,BOLT_SMALL_F0,F0,v7_jena_f0,,42767,test_a,0.20150971525918293,0.2637932423201005,0.05503167768493148,21,1008,Origin-local observed-channel mean; does not replace pooled main metric
jena,BOLT_SMALL_F0,F0,v7_jena_f0,,42791,test_a,0.33410968342247294,0.36262484784062493,-0.16760930832196394,21,1008,Origin-local observed-channel mean; does not replace pooled main metric
jena,BOLT_SMALL_F0,F0,v7_jena_f0,,42815,test_a,0.2758311747860764,0.37347928383055007,-0.14206925068523676,21,1008,Origin-local observed-channel mean; does not replace pooled main metric
jena,BOLT_SMALL_F0,F0,v7_jena_f0,,42839,test_a,0.18784674694278775,0.2909313420332471,0.01687362181202467,21,1008,Origin-local observed-channel mean; does not replace pooled main metric
jena,BOLT_SMALL_F0,F0,v7_jena_f0,,42863,test_a,0.06077293362862428,0.14073426845901676,-0.009015632129145187,21,1008,Origin-local observed-channel mean; does not replace pooled main metric
jena,BOLT_SMALL_F0,F0,v7_jena_f0,,42887,test_a,0.07316765326529408,0.1442686285871108,-0.05638069082519835,21,1008,Origin-local observed-channel mean; does not replace pooled main metric
jena,BOLT_SMALL_F0,F0,v7_jena_f0,,42911,test_a,0.035334675009420134,0.10396403529271733,-0.013437048701783331,21,1008,Origin-local observed-channel mean; does not replace pooled main metric
jena,BOLT_SMALL_F0,F0,v7_jena_f0,,42935,test_a,0.20021990887688135,0.2675652821163343,-0.18586792324108214,21,1008,Origin-local observed-channel mean; does not replace pooled main metric
jena,BOLT_SMALL_F0,F0,v7_jena_f0,,42959,test_a,0.4431512146273442,0.5097940904671658,-0.25430981019112975,21,1008,Origin-local observed-channel mean; does not replace pooled main metric
jena,BOLT_SMALL_F0,F0,v7_jena_f0,,42983,test_a,0.1098100383961696,0.2463935841963301,-0.03805641149122653,21,1008,Origin-local observed-channel mean; does not replace pooled main metric
jena,BOLT_SMALL_F0,F0,v7_jena_f0,,43007,test_a,0.08063521337951263,0.19811937324462517,0.09501989755044055,21,1008,Origin-local observed-channel mean; does not replace pooled main metric
jena,BOLT_SMALL_F0,F0,v7_jena_f0,,43031,test_a,0.07623879093253602,0.14900102733245438,0.05628355779423607,21,1008,Origin-local observed-channel mean; does not replace pooled main metric
jena,BOLT_SMALL_F0,F0,v7_jena_f0,,43055,test_a,0.12009838921979567,0.19555150595179943,0.06213838124099383,21,1008,Origin-local observed-channel mean; does not replace pooled main metric
jena,BOLT_SMALL_F0,F0,v7_jena_f0,,43079,test_a,0.13581022719806976,0.21819277396634645,-0.1655566649362357,21,1008,Origin-local observed-channel mean; does not replace pooled main metric
jena,BOLT_SMALL_F0,F0,v7_jena_f0,,43103,test_a,0.5582055494845929,0.522521636794755,-0.31257940348950797,21,1008,Origin-local observed-channel mean; does not replace pooled main metric
jena,BOLT_SMALL_F0,F0,v7_jena_f0,,43127,test_a,0.1179125217656231,0.2519964079662699,-0.06968616303111916,21,1008,Origin-local observed-channel mean; does not replace pooled main metric
jena,BOLT_SMALL_F0,F0,v7_jena_f0,,43151,test_a,0.12578188945089816,0.23629071912416424,0.06930987628988483,21,1008,Origin-local observed-channel mean; does not replace pooled main metric
jena,BOLT_SMALL_F0,F0,v7_jena_f0,,43175,test_a,0.07206878178330403,0.16453994709976655,0.03043191313444699,21,1008,Origin-local observed-channel mean; does not replace pooled main metric
jena,BOLT_SMALL_F0,F0,v7_jena_f0,,43199,test_a,0.05879196430115269,0.13051087253229016,0.03768579140379434,21,1008,Origin-local observed-channel mean; does not replace pooled main metric
jena,BOLT_SMALL_F0,F0,v7_jena_f0,,43223,test_a,0.11983213745883328,0.21780307223721934,-0.07442264156513072,21,1008,Origin-local observed-channel mean; does not replace pooled main metric
jena,BOLT_SMALL_F0,F0,v7_jena_f0,,43247,test_a,0.4463336577899827,0.5403575707097179,-0.20497084075066682,21,1008,Origin-local observed-channel mean; does not replace pooled main metric
jena,BOLT_SMALL_F0,F0,v7_jena_f0,,43271,test_a,0.15540238936898826,0.2792427904143031,0.04708466454411834,21,1008,Origin-local observed-channel mean; does not replace pooled main metric
jena,BOLT_SMALL_F0,F0,v7_jena_f0,,43295,test_a,0.03838172248557158,0.12595624241114983,-0.015031168788915406,21,1008,Origin-local observed-channel mean; does not replace pooled main metric
jena,BOLT_SMALL_F0,F0,v7_jena_f0,,43319,test_a,0.07557470019550344,0.1360183357717774,0.04747171200026984,21,1008,Origin-local observed-channel mean; does not replace pooled main metric
jena,BOLT_SMALL_F0,F0,v7_jena_f0,,43343,test_a,0.056283700415035595,0.10849727792201663,0.04760680601435842,21,1008,Origin-local observed-channel mean; does not replace pooled main metric
jena,BOLT_SMALL_F0,F0,v7_jena_f0,,43367,test_a,0.21823250825209475,0.2548691233382886,-0.15728828464226455,21,1008,Origin-local observed-channel mean; does not replace pooled main metric
jena,BOLT_SMALL_F0,F0,v7_jena_f0,,43391,test_a,0.44213989277586013,0.39972139418987646,-0.20548281679565128,21,1008,Origin-local observed-channel mean; does not replace pooled main metric
jena,BOLT_SMALL_F0,F0,v7_jena_f0,,43415,test_a,0.22210763916649245,0.30649218160480873,0.021477474323142412,21,1008,Origin-local observed-channel mean; does not replace pooled main metric
jena,BOLT_SMALL_F0,F0,v7_jena_f0,,43439,test_a,0.23349496060716407,0.21109964235666476,0.12389290232088584,21,1008,Origin-local observed-channel mean; does not replace pooled main metric
jena,BOLT_SMALL_F0,F0,v7_jena_f0,,43463,test_a,0.2533884517050779,0.24096718802193498,0.09789725801688508,21,1008,Origin-local observed-channel mean; does not replace pooled main metric
jena,BOLT_SMALL_F0,F0,v7_jena_f0,,43487,test_a,0.2729498232192026,0.2510718528092617,0.08278703653079916,21,1008,Origin-local observed-channel mean; does not replace pooled main metric
jena,BOLT_SMALL_F0,F0,v7_jena_f0,,43511,test_a,0.25455021445224724,0.2628334149032727,-0.09705569465101387,21,1008,Origin-local observed-channel mean; does not replace pooled main metric
jena,BOLT_SMALL_F0,F0,v7_jena_f0,,43535,test_a,0.3031269619044371,0.32680397337124245,-0.12476485042804149,21,1008,Origin-local observed-channel mean; does not replace pooled main metric
jena,BOLT_SMALL_F0,F0,v7_jena_f0,,43559,test_a,0.25293793605175785,0.3208259589523226,-0.010103137379113078,21,1008,Origin-local observed-channel mean; does not replace pooled main metric
jena,BOLT_SMALL_F0,F0,v7_jena_f0,,43583,test_a,0.10829363403312471,0.22686101597559358,-0.015486002499488996,21,1008,Origin-local observed-channel mean; does not replace pooled main metric
jena,BOLT_SMALL_F0,F0,v7_jena_f0,,43607,test_a,0.18038797568220424,0.16573755855146344,-0.006391333848735063,21,1008,Origin-local observed-channel mean; does not replace pooled main metric
jena,BOLT_SMALL_F0,F0,v7_jena_f0,,43631,test_a,0.1496264555726896,0.19441464524621438,0.004879157769282179,21,1008,Origin-local observed-channel mean; does not replace pooled main metric
jena,BOLT_SMALL_F0,F0,v7_jena_f0,,43655,test_a,0.164351614822624,0.19762324432517675,-0.0004581669704676222,21,1008,Origin-local observed-channel mean; does not replace pooled main metric
jena,BOLT_SMALL_F0,F0,v7_jena_f0,,43679,test_a,0.1211619243953901,0.21070540545429503,0.0042712353020356785,21,1008,Origin-local observed-channel mean; does not replace pooled main metric
jena,BOLT_SMALL_F0,F0,v7_jena_f0,,43703,test_a,0.1444602211292789,0.21076703646677847,0.08917932967960952,21,1008,Origin-local observed-channel mean; does not replace pooled main metric
jena,BOLT_SMALL_F0,F0,v7_jena_f0,,43727,test_a,0.08950070941596182,0.1485048279939783,0.04135537034652237,21,1008,Origin-local observed-channel mean; does not replace pooled main metric
jena,BOLT_SMALL_F0,F0,v7_jena_f0,,43751,test_a,0.17282959269428114,0.17768110572277301,0.07679955581238213,21,1008,Origin-local observed-channel mean; does not replace pooled main metric
jena,BOLT_SMALL_F0,F0,v7_jena_f0,,43775,test_a,0.19400933340492824,0.16918443758804064,0.05737526067351277,21,1008,Origin-local observed-channel mean; does not replace pooled main metric
jena,BOLT_SMALL_F0,F0,v7_jena_f0,,43799,test_a,0.170579085424256,0.19365460880732233,0.02407330083085634,21,1008,Origin-local observed-channel mean; does not replace pooled main metric
jena,BOLT_SMALL_F0,F0,v7_jena_f0,,43823,test_a,0.193267431675407,0.28840895562710117,-0.05852147581251864,21,1008,Origin-local observed-channel mean; does not replace pooled main metric
jena,BOLT_SMALL_F0,F0,v7_jena_f0,,43847,test_a,0.14443165025627142,0.28318436118789825,0.13871730942281874,21,1008,Origin-local observed-channel mean; does not replace pooled main metric
jena,BOLT_SMALL_F0,F0,v7_jena_f0,,43871,test_a,0.09523252169512343,0.17863071328541819,0.09812909383248236,21,1008,Origin-local observed-channel mean; does not replace pooled main metric
jena,BOLT_SMALL_F0,F0,v7_jena_f0,,43919,test_b,0.20407958953172828,0.2839542805488871,0.16013748106188505,21,1008,Origin-local observed-channel mean; does not replace pooled main metric
jena,BOLT_SMALL_F0,F0,v7_jena_f0,,43943,test_b,0.24231655988057763,0.3160876324449967,-0.01654069588229981,21,1008,Origin-local observed-channel mean; does not replace pooled main metric
jena,BOLT_SMALL_F0,F0,v7_jena_f0,,43967,test_b,0.5861905750318434,0.5835831204766734,-0.3489513573926709,21,1008,Origin-local observed-channel mean; does not replace pooled main metric
jena,BOLT_SMALL_F0,F0,v7_jena_f0,,43991,test_b,0.25723655634550086,0.328386779025355,0.07860111280578641,21,1008,Origin-local observed-channel mean; does not replace pooled main metric
jena,BOLT_SMALL_F0,F0,v7_jena_f0,,44015,test_b,0.04058003029606455,0.12363579505310755,0.018808046105689192,21,1008,Origin-local observed-channel mean; does not replace pooled main metric
jena,BOLT_SMALL_F0,F0,v7_jena_f0,,44039,test_b,0.0974317586922796,0.17368659720523286,0.008574625005065985,21,1008,Origin-local observed-channel mean; does not replace pooled main metric
jena,BOLT_SMALL_F0,F0,v7_jena_f0,,44063,test_b,0.10326162511997578,0.20743863273500687,-0.09087437527283787,21,1008,Origin-local observed-channel mean; does not replace pooled main metric
jena,BOLT_SMALL_F0,F0,v7_jena_f0,,44087,test_b,0.38965524413873115,0.2979673821879144,0.007953792649214076,21,1008,Origin-local observed-channel mean; does not replace pooled main metric
jena,BOLT_SMALL_F0,F0,v7_jena_f0,,44111,test_b,0.6818208875381684,0.5389048144836182,0.21171073398173096,21,1008,Origin-local observed-channel mean; does not replace pooled main metric
jena,BOLT_SMALL_F0,F0,v7_jena_f0,,44135,test_b,0.1413580226783583,0.24274443223446956,0.14844335203723324,21,1008,Origin-local observed-channel mean; does not replace pooled main metric
jena,BOLT_SMALL_F0,F0,v7_jena_f0,,44159,test_b,0.30787132404661366,0.30988061458744587,0.23000330509366618,21,1008,Origin-local observed-channel mean; does not replace pooled main metric
jena,BOLT_SMALL_F0,F0,v7_jena_f0,,44183,test_b,0.2421537687166697,0.2703992587492048,0.08994312632075022,21,1008,Origin-local observed-channel mean; does not replace pooled main metric
jena,BOLT_SMALL_F0,F0,v7_jena_f0,,44207,test_b,0.12331245308468967,0.20275109759758275,0.03552224983471365,21,1008,Origin-local observed-channel mean; does not replace pooled main metric
jena,BOLT_SMALL_F0,F0,v7_jena_f0,,44231,test_b,0.05095486585458865,0.13406574841365143,-0.05126791785051676,21,1008,Origin-local observed-channel mean; does not replace pooled main metric
jena,BOLT_SMALL_F0,F0,v7_jena_f0,,44255,test_b,0.3000006125858833,0.3566685897832998,-0.1876310637446064,21,1008,Origin-local observed-channel mean; does not replace pooled main metric
jena,BOLT_SMALL_F0,F0,v7_jena_f0,,44279,test_b,0.16602768553720634,0.2516665809977591,-0.06653994827295732,21,1008,Origin-local observed-channel mean; does not replace pooled main metric
jena,BOLT_SMALL_F0,F0,v7_jena_f0,,44303,test_b,0.15871852213856738,0.24097516412729464,0.04764057415734043,21,1008,Origin-local observed-channel mean; does not replace pooled main metric
jena,BOLT_SMALL_F0,F0,v7_jena_f0,,44327,test_b,0.1362696226205917,0.21408283745958692,0.0850046833991886,21,1008,Origin-local observed-channel mean; does not replace pooled main metric
jena,BOLT_SMALL_F0,F0,v7_jena_f0,,44351,test_b,0.16161387050824344,0.20356940457390413,0.026416887765720702,21,1008,Origin-local observed-channel mean; does not replace pooled main metric
jena,BOLT_SMALL_F0,F0,v7_jena_f0,,44375,test_b,0.10671457336008708,0.1561583800942153,-0.0562988000144417,21,1008,Origin-local observed-channel mean; does not replace pooled main metric
jena,BOLT_SMALL_F0,F0,v7_jena_f0,,44399,test_b,0.1500303028300565,0.235802303133246,-0.04353692691374963,21,1008,Origin-local observed-channel mean; does not replace pooled main metric
jena,BOLT_SMALL_F0,F0,v7_jena_f0,,44423,test_b,0.1977565974920164,0.2582710418306912,0.1017871604722348,21,1008,Origin-local observed-channel mean; does not replace pooled main metric
jena,BOLT_SMALL_F0,F0,v7_jena_f0,,44447,test_b,0.07032290266420202,0.15176012723462745,0.024485256628222055,21,1008,Origin-local observed-channel mean; does not replace pooled main metric
jena,BOLT_SMALL_F0,F0,v7_jena_f0,,44471,test_b,0.029733461394925005,0.09013313322331727,0.008761029604578483,21,1008,Origin-local observed-channel mean; does not replace pooled main metric
jena,BOLT_SMALL_F0,F0,v7_jena_f0,,44495,test_b,0.0443984027308339,0.10071529540379294,-0.059340432263626196,21,1008,Origin-local observed-channel mean; does not replace pooled main metric
jena,BOLT_SMALL_F0,F0,v7_jena_f0,,44519,test_b,0.11468057261858847,0.23022929198036543,-0.1339957731714036,21,1008,Origin-local observed-channel mean; does not replace pooled main metric
jena,BOLT_SMALL_F0,F0,v7_jena_f0,,44543,test_b,0.24754741860430843,0.35197842850983657,-0.13490884149740895,21,1008,Origin-local observed-channel mean; does not replace pooled main metric
jena,BOLT_SMALL_F0,F0,v7_jena_f0,,44567,test_b,0.09026641671157964,0.18849277555261595,0.11355596956162203,21,1008,Origin-local observed-channel mean; does not replace pooled main metric
jena,BOLT_SMALL_F0,F0,v7_jena_f0,,44591,test_b,0.10791115830895673,0.21102733573899882,0.070152010103999,21,1008,Origin-local observed-channel mean; does not replace pooled main metric
jena,BOLT_SMALL_F0,F0,v7_jena_f0,,44615,test_b,0.13552172674980656,0.1497158698954976,-0.033876899202166695,21,1008,Origin-local observed-channel mean; does not replace pooled main metric
jena,BOLT_SMALL_F0,F0,v7_jena_f0,,44639,test_b,0.2730404909640486,0.2008381465483191,-0.05346858474270751,21,1008,Origin-local observed-channel mean; does not replace pooled main metric
jena,BOLT_SMALL_F0,F0,v7_jena_f0,,44663,test_b,0.10603820388766458,0.140733224637289,-0.06492846744645034,21,1008,Origin-local observed-channel mean; does not replace pooled main metric
jena,BOLT_SMALL_F0,F0,v7_jena_f0,,44687,test_b,0.058132829333919646,0.15652091054433848,-0.06552839027669204,21,1008,Origin-local observed-channel mean; does not replace pooled main metric
jena,BOLT_SMALL_F0,F0,v7_jena_f0,,44711,test_b,0.061481925886211715,0.13643813453832299,-0.07099363297796418,21,1008,Origin-local observed-channel mean; does not replace pooled main metric
jena,BOLT_SMALL_F0,F0,v7_jena_f0,,44735,test_b,0.10795104877758922,0.10605811467394233,0.0022863074176249936,21,1008,Origin-local observed-channel mean; does not replace pooled main metric
jena,BOLT_SMALL_F0,F0,v7_jena_f0,,44759,test_b,0.24116695729965007,0.14158028967323757,0.08679593138633267,21,1008,Origin-local observed-channel mean; does not replace pooled main metric
jena,BOLT_SMALL_F0,F0,v7_jena_f0,,44783,test_b,0.24556860105263034,0.14461707008913874,0.08015142701980141,21,1008,Origin-local observed-channel mean; does not replace pooled main metric
jena,BOLT_SMALL_F0,F0,v7_jena_f0,,44807,test_b,0.2375791764376772,0.2075968383412276,0.04545101350439447,21,1008,Origin-local observed-channel mean; does not replace pooled main metric
jena,BOLT_SMALL_F0,F0,v7_jena_f0,,44831,test_b,0.15481884949286756,0.21555999460970127,-0.00042131549072644506,21,1008,Origin-local observed-channel mean; does not replace pooled main metric
jena,BOLT_SMALL_F0,F0,v7_jena_f0,,44855,test_b,0.10644857243912664,0.1633912579910386,0.005250100090744951,21,1008,Origin-local observed-channel mean; does not replace pooled main metric
jena,BOLT_SMALL_F0,F0,v7_jena_f0,,44879,test_b,0.09314436404919449,0.1318832608068035,-0.05458841165183537,21,1008,Origin-local observed-channel mean; does not replace pooled main metric
jena,BOLT_SMALL_F0,F0,v7_jena_f0,,44903,test_b,0.13959597135452345,0.14361688456050445,-0.07753765216226124,21,1008,Origin-local observed-channel mean; does not replace pooled main metric
jena,BOLT_SMALL_F0,F0,v7_jena_f0,,44927,test_b,0.11791812368668188,0.1806073243866512,-0.08401423426056724,21,1008,Origin-local observed-channel mean; does not replace pooled main metric
jena,BOLT_SMALL_F0,F0,v7_jena_f0,,44951,test_b,0.09048060924167672,0.13549787382824374,0.04104024358648097,21,1008,Origin-local observed-channel mean; does not replace pooled main metric
jena,BOLT_SMALL_F0,F0,v7_jena_f0,,44975,test_b,0.1370133198474435,0.22343678185360555,0.006313039376566713,21,1008,Origin-local observed-channel mean; does not replace pooled main metric
jena,BOLT_SMALL_F0,F0,v7_jena_f0,,44999,test_b,0.20712107678156927,0.24043015295980683,0.13616383395905332,21,1008,Origin-local observed-channel mean; does not replace pooled main metric
jena,BOLT_SMALL_F0,F0,v7_jena_f0,,45023,test_b,0.18214894491348763,0.227598732598857,-0.02907122505016488,21,1008,Origin-local observed-channel mean; does not replace pooled main metric
jena,BOLT_SMALL_F0,F0,v7_jena_f0,,45047,test_b,0.05622292672718211,0.11167454625256286,-0.07001304545482281,21,1008,Origin-local observed-channel mean; does not replace pooled main metric
jena,BOLT_SMALL_F0,F0,v7_jena_f0,,45071,test_b,0.048301258612691834,0.1189564311209815,0.046350342818879564,21,1008,Origin-local observed-channel mean; does not replace pooled main metric
jena,BOLT_SMALL_F0,F0,v7_jena_f0,,45095,test_b,0.10386663259601178,0.17779590527061373,-0.036466688000863154,21,1008,Origin-local observed-channel mean; does not replace pooled main metric
jena,BOLT_SMALL_F0,F0,v7_jena_f0,,45119,test_b,0.4287670868433298,0.48852735806103165,-0.19373297414766433,21,1008,Origin-local observed-channel mean; does not replace pooled main metric
jena,BOLT_SMALL_F0,F0,v7_jena_f0,,45143,test_b,0.3404558849062373,0.34066523714887265,-0.039383930108410174,21,1008,Origin-local observed-channel mean; does not replace pooled main metric
jena,BOLT_SMALL_F0,F0,v7_jena_f0,,45167,test_b,0.6598029198956677,0.41352360419714673,-0.11157596484750565,21,1008,Origin-local observed-channel mean; does not replace pooled main metric
jena,BOLT_SMALL_F0,F0,v7_jena_f0,,45191,test_b,0.20587244865534338,0.23838063731737844,-0.02838084855789526,21,1008,Origin-local observed-channel mean; does not replace pooled main metric
jena,BOLT_SMALL_F0,F0,v7_jena_f0,,45215,test_b,0.14869585194806859,0.26799731121014153,0.14609870260270932,21,1008,Origin-local observed-channel mean; does not replace pooled main metric
jena,BOLT_SMALL_F0,F0,v7_jena_f0,,45239,test_b,0.10065554671185646,0.14482461599197002,0.0035264265357649754,21,1008,Origin-local observed-channel mean; does not replace pooled main metric
jena,BOLT_SMALL_F0,F0,v7_jena_f0,,45263,test_b,0.3335824535105574,0.3138635837340622,-0.05764253744714624,21,1008,Origin-local observed-channel mean; does not replace pooled main metric
jena,BOLT_SMALL_F0,F0,v7_jena_f0,,45287,test_b,0.17462934978252045,0.23082575742383982,-0.025306223606065253,21,1008,Origin-local observed-channel mean; does not replace pooled main metric
jena,BOLT_SMALL_F0,F0,v7_jena_f0,,45311,test_b,0.2643415429207486,0.21161571207884997,-0.014323047576619993,21,1008,Origin-local observed-channel mean; does not replace pooled main metric
jena,BOLT_SMALL_F0,F0,v7_jena_f0,,45335,test_b,0.11125298962843931,0.14429679597424908,0.01284820769935668,21,1008,Origin-local observed-channel mean; does not replace pooled main metric
jena,BOLT_SMALL_F0,F0,v7_jena_f0,,45359,test_b,0.20167823017862316,0.15892424715483294,-0.09954548636192662,21,1008,Origin-local observed-channel mean; does not replace pooled main metric
jena,BOLT_SMALL_F0,F0,v7_jena_f0,,45383,test_b,0.18674472861259972,0.2098648388152166,-0.058654509504632434,21,1008,Origin-local observed-channel mean; does not replace pooled main metric
jena,BOLT_SMALL_F0,F0,v7_jena_f0,,45407,test_b,0.17589735297034068,0.25346464451424605,-0.07144534056230138,21,1008,Origin-local observed-channel mean; does not replace pooled main metric
jena,BOLT_SMALL_F0,F0,v7_jena_f0,,45431,test_b,0.5233964362528061,0.33445721655291333,0.02767559733021901,21,1008,Origin-local observed-channel mean; does not replace pooled main metric
jena,BOLT_SMALL_F0,F0,v7_jena_f0,,45455,test_b,0.8293680936441674,0.38133132902294165,-0.23384271033945775,21,1008,Origin-local observed-channel mean; does not replace pooled main metric
jena,BOLT_SMALL_F0,F0,v7_jena_f0,,45479,test_b,0.3885198276178132,0.22375804434179575,0.04340646768561407,21,1008,Origin-local observed-channel mean; does not replace pooled main metric
jena,BOLT_SMALL_F0,F0,v7_jena_f0,,45503,test_b,0.2798951187226094,0.20454845793383788,0.053732129450740074,21,1008,Origin-local observed-channel mean; does not replace pooled main metric
jena,BOLT_SMALL_F0,F0,v7_jena_f0,,45527,test_b,0.3011072257605467,0.2314686808542666,-0.06056659852774395,21,1008,Origin-local observed-channel mean; does not replace pooled main metric
jena,BOLT_SMALL_F0,F0,v7_jena_f0,,45551,test_b,0.2462990423997446,0.28590765785145145,-0.015220722356100438,21,1008,Origin-local observed-channel mean; does not replace pooled main metric
jena,BOLT_SMALL_F0,F0,v7_jena_f0,,45575,test_b,0.12789359096638261,0.16801026881864622,0.009931379810921728,21,1008,Origin-local observed-channel mean; does not replace pooled main metric
jena,BOLT_SMALL_F0,F0,v7_jena_f0,,45599,test_b,0.2601243937844833,0.18361357658998007,-0.01964247516829461,21,1008,Origin-local observed-channel mean; does not replace pooled main metric
jena,BOLT_SMALL_F0,F0,v7_jena_f0,,45623,test_b,0.1866711710599979,0.1684684203050676,-0.000795888418834358,21,1008,Origin-local observed-channel mean; does not replace pooled main metric
jena,BOLT_SMALL_F0,F0,v7_jena_f0,,45647,test_b,0.3808508222409181,0.22341997847921907,-0.07527082962250072,21,1008,Origin-local observed-channel mean; does not replace pooled main metric
jena,BOLT_SMALL_F0,F0,v7_jena_f0,,45671,test_b,0.08303804044375415,0.1278217110028934,-0.009278213228320795,21,1008,Origin-local observed-channel mean; does not replace pooled main metric
jena,BOLT_SMALL_F0,F0,v7_jena_f0,,45695,test_b,0.1040267733836818,0.19636385461189856,-0.10551952417489022,21,1008,Origin-local observed-channel mean; does not replace pooled main metric
jena,BOLT_SMALL_F0,F0,v7_jena_f0,,45719,test_b,0.08709987655369782,0.11826804144555583,-0.04737120199604847,21,1008,Origin-local observed-channel mean; does not replace pooled main metric
jena,BOLT_SMALL_F0,F0,v7_jena_f0,,45743,test_b,0.09414514802692364,0.1649908289869523,-0.009382854854237163,21,1008,Origin-local observed-channel mean; does not replace pooled main metric
jena,BOLT_SMALL_F0,F0,v7_jena_f0,,45767,test_b,0.06366909618001293,0.13728772773728926,0.0547486786603085,21,1008,Origin-local observed-channel mean; does not replace pooled main metric
jena,BOLT_SMALL_F0,F0,v7_jena_f0,,45791,test_b,0.3230061390598974,0.21905506633791247,-0.014236148821914353,21,1008,Origin-local observed-channel mean; does not replace pooled main metric
jena,BOLT_SMALL_F0,F0,v7_jena_f0,,45815,test_b,0.3224317295222357,0.22872460744110867,-0.07404668857103272,21,1008,Origin-local observed-channel mean; does not replace pooled main metric
jena,BOLT_SMALL_F0,F0,v7_jena_f0,,45839,test_b,0.2888853978619582,0.33270040770730697,-0.0762460025918757,21,1008,Origin-local observed-channel mean; does not replace pooled main metric
jena,BOLT_SMALL_F0,F0,v7_jena_f0,,45863,test_b,0.2496086308770787,0.2731264940094907,0.022869427856907324,21,1008,Origin-local observed-channel mean; does not replace pooled main metric
jena,BOLT_SMALL_F0,F0,v7_jena_f0,,45887,test_b,0.11163139696225721,0.18778774540826107,-0.11459370054436724,21,1008,Origin-local observed-channel mean; does not replace pooled main metric
jena,BOLT_SMALL_F0,F0,v7_jena_f0,,45911,test_b,0.07323629094024621,0.13539923483171554,-0.10254368396230319,21,1008,Origin-local observed-channel mean; does not replace pooled main metric
jena,BOLT_SMALL_F0,F0,v7_jena_f0,,45935,test_b,0.026570357932524474,0.0950256933590156,-0.020634773439052786,21,1008,Origin-local observed-channel mean; does not replace pooled main metric
jena,BOLT_SMALL_F0,F0,v7_jena_f0,,45959,test_b,0.040253501730684135,0.11930903738978066,-0.03998632207401984,21,1008,Origin-local observed-channel mean; does not replace pooled main metric
jena,BOLT_SMALL_F0,F0,v7_jena_f0,,45983,test_b,0.12764799319116293,0.2338191922749429,0.037517678479956004,21,1008,Origin-local observed-channel mean; does not replace pooled main metric
jena,BOLT_SMALL_F0,F0,v7_jena_f0,,46007,test_b,0.06352552591603507,0.1647602746217874,0.08985997374781171,21,1008,Origin-local observed-channel mean; does not replace pooled main metric
jena,BOLT_SMALL_F0,F0,v7_jena_f0,,46031,test_b,0.026398381510069895,0.08403570143254623,0.03641149012504944,21,1008,Origin-local observed-channel mean; does not replace pooled main metric
jena,BOLT_SMALL_F0,F0,v7_jena_f0,,46055,test_b,0.03345239000639341,0.09615512569028412,0.010145190676363807,21,1008,Origin-local observed-channel mean; does not replace pooled main metric
jena,BOLT_SMALL_F0,F0,v7_jena_f0,,46079,test_b,0.03755062345333404,0.08921196239252967,-0.00235697417866461,21,1008,Origin-local observed-channel mean; does not replace pooled main metric
jena,BOLT_SMALL_F0,F0,v7_jena_f0,,46103,test_b,0.10070789132653919,0.16373597717872126,-0.035762409907456175,21,1008,Origin-local observed-channel mean; does not replace pooled main metric
jena,BOLT_SMALL_F0,F0,v7_jena_f0,,46127,test_b,0.18953259897688124,0.26796160345908165,-0.02481584346161173,21,1008,Origin-local observed-channel mean; does not replace pooled main metric
jena,BOLT_SMALL_F0,F0,v7_jena_f0,,46151,test_b,0.0315966172152221,0.10639732547964999,0.026828733407859944,21,1008,Origin-local observed-channel mean; does not replace pooled main metric
jena,BOLT_SMALL_F0,F0,v7_jena_f0,,46175,test_b,0.1156262161917528,0.1563620422206845,0.008474624418008645,21,1008,Origin-local observed-channel mean; does not replace pooled main metric
jena,BOLT_SMALL_F0,F0,v7_jena_f0,,46199,test_b,0.24022709936866865,0.20286940345393967,-0.060105874597837325,21,1008,Origin-local observed-channel mean; does not replace pooled main metric
jena,BOLT_SMALL_F0,F0,v7_jena_f0,,46223,test_b,0.22116918288465673,0.18604192668730293,-0.10931667615157148,21,1008,Origin-local observed-channel mean; does not replace pooled main metric
jena,BOLT_SMALL_F0,F0,v7_jena_f0,,46247,test_b,0.27279098744978875,0.21520572173672947,-0.17145122757464712,21,1008,Origin-local observed-channel mean; does not replace pooled main metric
jena,BOLT_SMALL_F0,F0,v7_jena_f0,,46271,test_b,0.2150523585929295,0.1927516402321912,-0.11966915189155508,21,1008,Origin-local observed-channel mean; does not replace pooled main metric
jena,BOLT_SMALL_F0,F0,v7_jena_f0,,46295,test_b,0.18240680377885188,0.16472826981979388,-0.02751684733211443,21,1008,Origin-local observed-channel mean; does not replace pooled main metric
jena,BOLT_SMALL_F0,F0,v7_jena_f0,,46319,test_b,0.16996237355667157,0.17159965850927014,0.00047980581185252415,21,1008,Origin-local observed-channel mean; does not replace pooled main metric
jena,BOLT_SMALL_F0,F0,v7_jena_f0,,46343,test_b,0.044605668035903365,0.1225740649974868,0.01753540165095945,21,1008,Origin-local observed-channel mean; does not replace pooled main metric
jena,BOLT_SMALL_F0,F0,v7_jena_f0,,46367,test_b,0.45214787994227496,0.23975489952921175,-0.10382015575675133,21,1008,Origin-local observed-channel mean; does not replace pooled main metric
jena,BOLT_SMALL_F0,F0,v7_jena_f0,,46391,test_b,0.5780486112382486,0.3856177713384987,-0.16228958285339307,21,1008,Origin-local observed-channel mean; does not replace pooled main metric
jena,BOLT_SMALL_F0,F0,v7_jena_f0,,46415,test_b,0.17850273301775926,0.2597715864762976,-0.052621539246862845,21,1008,Origin-local observed-channel mean; does not replace pooled main metric
jena,BOLT_SMALL_F0,F0,v7_jena_f0,,46439,test_b,0.14933893247949026,0.26593634126050075,0.1631196477775654,21,1008,Origin-local observed-channel mean; does not replace pooled main metric
jena,BOLT_SMALL_F0,F0,v7_jena_f0,,46463,test_b,0.22600099845058702,0.2768503969982414,0.08603204370454132,21,1008,Origin-local observed-channel mean; does not replace pooled main metric
jena,BOLT_SMALL_F0,F0,v7_jena_f0,,46487,test_b,0.2937974169928544,0.2462097815540988,0.034855523150384676,21,1008,Origin-local observed-channel mean; does not replace pooled main metric
jena,BOLT_SMALL_F0,F0,v7_jena_f0,,46511,test_b,0.4456483276801776,0.24409238231416405,-0.042143660766582575,21,1008,Origin-local observed-channel mean; does not replace pooled main metric
jena,BOLT_SMALL_F0,F0,v7_jena_f0,,46535,test_b,0.7934850488583559,0.4274565454567047,-0.2649143954393056,21,1008,Origin-local observed-channel mean; does not replace pooled main metric
jena,BOLT_SMALL_F0,F0,v7_jena_f0,,46559,test_b,1.5659581399925007,0.7233895078500227,-0.496829833141177,21,1008,Origin-local observed-channel mean; does not replace pooled main metric
jena,BOLT_SMALL_F0,F0,v7_jena_f0,,46583,test_b,0.41242428590878755,0.3417125762810588,-0.09485310896704348,21,1008,Origin-local observed-channel mean; does not replace pooled main metric
jena,BOLT_SMALL_F0,F0,v7_jena_f0,,46607,test_b,0.8061818614043368,0.44754456986360985,0.037589439084008004,21,1008,Origin-local observed-channel mean; does not replace pooled main metric
jena,BOLT_SMALL_F0,F0,v7_jena_f0,,46631,test_b,0.572805080819195,0.4943798231247382,0.19301841377709358,21,1008,Origin-local observed-channel mean; does not replace pooled main metric
jena,BOLT_SMALL_F0,F0,v7_jena_f0,,46655,test_b,0.3789060339129664,0.24381599039678267,0.16653985292040968,21,1008,Origin-local observed-channel mean; does not replace pooled main metric
jena,BOLT_SMALL_F0,F0,v7_jena_f0,,46679,test_b,0.0914121419109392,0.17235949859281796,0.02616984372226788,21,1008,Origin-local observed-channel mean; does not replace pooled main metric
jena,BOLT_SMALL_F0,F0,v7_jena_f0,,46703,test_b,0.16776787528605852,0.20478940110351976,-0.10142367841208828,21,1008,Origin-local observed-channel mean; does not replace pooled main metric
jena,BOLT_SMALL_F0,F0,v7_jena_f0,,46727,test_b,0.176677165518648,0.25563071236406576,0.06850391560146817,21,1008,Origin-local observed-channel mean; does not replace pooled main metric
jena,BOLT_SMALL_F0,F0,v7_jena_f0,,46751,test_b,0.10903283734221901,0.19053432296560557,0.1352376420164503,21,1008,Origin-local observed-channel mean; does not replace pooled main metric
jena,BOLT_SMALL_F0,F0,v7_jena_f0,,46775,test_b,0.07809795871970422,0.16458535243319122,0.023475745287705362,21,1008,Origin-local observed-channel mean; does not replace pooled main metric
jena,BOLT_SMALL_F0,F0,v7_jena_f0,,46799,test_b,0.13423108258433328,0.18027434150973842,0.12416401015717488,21,1008,Origin-local observed-channel mean; does not replace pooled main metric
jena,BOLT_SMALL_F0,F0,v7_jena_f0,,46823,test_b,0.34131467056509723,0.31239533649793544,0.13433244998131633,21,1008,Origin-local observed-channel mean; does not replace pooled main metric
jena,BOLT_SMALL_F0,F0,v7_jena_f0,,46847,test_b,0.282132582541306,0.3087126169804601,-0.03965966400527764,21,1008,Origin-local observed-channel mean; does not replace pooled main metric
jena,BOLT_SMALL_F0,F0,v7_jena_f0,,46871,test_b,0.7878834112989097,0.4431190350759796,0.29999448402194834,21,1008,Origin-local observed-channel mean; does not replace pooled main metric
jena,BOLT_SMALL_F0,F0,v7_jena_f0,,46895,test_b,0.08773490051407362,0.1740572944821444,0.08451582332054387,21,1008,Origin-local observed-channel mean; does not replace pooled main metric
jena,BOLT_SMALL_F0,F0,v7_jena_f0,,46919,test_b,0.13007082289269095,0.16329850291644799,0.037678621309284586,21,1008,Origin-local observed-channel mean; does not replace pooled main metric
jena,BOLT_SMALL_F0,F0,v7_jena_f0,,46943,test_b,0.09332707643730839,0.14639442631723507,-0.029185429987837633,21,1008,Origin-local observed-channel mean; does not replace pooled main metric
jena,BOLT_SMALL_F0,F0,v7_jena_f0,,46967,test_b,0.21118233653562127,0.1941065838982467,-0.15084106913508594,21,1008,Origin-local observed-channel mean; does not replace pooled main metric
jena,BOLT_SMALL_F0,F0,v7_jena_f0,,46991,test_b,0.3427530614438297,0.2921222525661246,-0.2143314624949458,21,1008,Origin-local observed-channel mean; does not replace pooled main metric
jena,BOLT_SMALL_F0,F0,v7_jena_f0,,47015,test_b,0.2555410356855625,0.22689057895412484,-0.05320317166871743,21,1008,Origin-local observed-channel mean; does not replace pooled main metric
jena,BOLT_SMALL_F0,F0,v7_jena_f0,,47039,test_b,0.46900621245902335,0.2695097102458397,-0.1928421300022848,21,1008,Origin-local observed-channel mean; does not replace pooled main metric
jena,BOLT_SMALL_F0,F0,v7_jena_f0,,47063,test_b,0.1810627960972892,0.22377100796484947,0.038310510743435264,21,1008,Origin-local observed-channel mean; does not replace pooled main metric
jena,BOLT_SMALL_F0,F0,v7_jena_f0,,47087,test_b,0.21858575070417757,0.24984058259320183,0.14334290602086444,21,1008,Origin-local observed-channel mean; does not replace pooled main metric
jena,BOLT_SMALL_F0,F0,v7_jena_f0,,47111,test_b,0.175567472918237,0.22557957969570808,0.03684098267279167,21,1008,Origin-local observed-channel mean; does not replace pooled main metric
jena,BOLT_SMALL_F0,F0,v7_jena_f0,,47135,test_b,0.24355141980213404,0.29094530172698707,-0.1853805788654542,21,1008,Origin-local observed-channel mean; does not replace pooled main metric
jena,BOLT_SMALL_F0,F0,v7_jena_f0,,47159,test_b,0.12475210031185117,0.17978668999617978,-0.07406353706675065,21,1008,Origin-local observed-channel mean; does not replace pooled main metric
jena,BOLT_SMALL_F0,F0,v7_jena_f0,,47183,test_b,0.1652184558918439,0.21623142917030874,-0.01746664328951348,21,1008,Origin-local observed-channel mean; does not replace pooled main metric
jena,BOLT_SMALL_F0,F0,v7_jena_f0,,47207,test_b,0.38332502611612107,0.3097599715581942,-0.12918304532325464,21,1008,Origin-local observed-channel mean; does not replace pooled main metric
jena,BOLT_SMALL_F0,F0,v7_jena_f0,,47231,test_b,0.818339528310465,0.4123432054968708,-0.33108692945226065,21,1008,Origin-local observed-channel mean; does not replace pooled main metric
jena,BOLT_SMALL_F0,F0,v7_jena_f0,,47255,test_b,0.8143281740166388,0.45393074485361606,-0.406375629266453,21,1008,Origin-local observed-channel mean; does not replace pooled main metric
jena,BOLT_SMALL_F0,F0,v7_jena_f0,,47279,test_b,0.2681938887222564,0.34252051608595974,-0.19105282322506975,21,1008,Origin-local observed-channel mean; does not replace pooled main metric
jena,BOLT_SMALL_F0,F0,v7_jena_f0,,47303,test_b,0.3017651876425597,0.2559450873154891,0.1005093343748509,21,1008,Origin-local observed-channel mean; does not replace pooled main metric
jena,BOLT_SMALL_F0,F0,v7_jena_f0,,47327,test_b,0.039103627402412675,0.10039606901767592,0.04211911328780439,21,1008,Origin-local observed-channel mean; does not replace pooled main metric
jena,BOLT_SMALL_F0,F0,v7_jena_f0,,47351,test_b,0.05851273899031056,0.1267751860749928,0.04949862496880723,21,1008,Origin-local observed-channel mean; does not replace pooled main metric
jena,BOLT_SMALL_F0,F0,v7_jena_f0,,47375,test_b,0.05115212358750995,0.11241705030012768,-0.03297415793182038,21,1008,Origin-local observed-channel mean; does not replace pooled main metric
jena,BOLT_SMALL_F0,F0,v7_jena_f0,,47399,test_b,0.15199605318949377,0.23688767120002588,-0.1103986749788289,21,1008,Origin-local observed-channel mean; does not replace pooled main metric
jena,BOLT_SMALL_F0,F0,v7_jena_f0,,47423,test_b,0.3566488032284264,0.4053054640825149,-0.22762254072135657,21,1008,Origin-local observed-channel mean; does not replace pooled main metric
jena,BOLT_SMALL_F0,F0,v7_jena_f0,,47447,test_b,0.10809818435607783,0.2209243981783474,0.03824636572995038,21,1008,Origin-local observed-channel mean; does not replace pooled main metric
jena,BOLT_SMALL_F0,F0,v7_jena_f0,,47471,test_b,0.1388412110451801,0.22255381876196237,0.10334323919867903,21,1008,Origin-local observed-channel mean; does not replace pooled main metric
jena,BOLT_SMALL_F0,F0,v7_jena_f0,,47495,test_b,0.6595801022905929,0.420134635880141,-0.20392183228614164,21,1008,Origin-local observed-channel mean; does not replace pooled main metric
jena,BOLT_SMALL_F0,F0,v7_jena_f0,,47519,test_b,0.8024252891321917,0.5278461363305967,-0.11699171576309178,21,1008,Origin-local observed-channel mean; does not replace pooled main metric
jena,BOLT_SMALL_F0,F0,v7_jena_f0,,47543,test_b,0.25432236112446815,0.30719954750765327,0.010137996261792504,21,1008,Origin-local observed-channel mean; does not replace pooled main metric
jena,BOLT_SMALL_F0,F0,v7_jena_f0,,47567,test_b,0.17073226999624044,0.28276129705472924,-0.04492617114437817,21,1008,Origin-local observed-channel mean; does not replace pooled main metric
jena,BOLT_SMALL_F0,F0,v7_jena_f0,,47591,test_b,0.11995953232091526,0.23747046405206051,0.07667034947059748,21,1008,Origin-local observed-channel mean; does not replace pooled main metric
jena,BOLT_SMALL_F0,F0,v7_jena_f0,,47615,test_b,0.10771933952381947,0.2017855432024503,0.04732166276066675,21,1008,Origin-local observed-channel mean; does not replace pooled main metric
jena,BOLT_SMALL_F0,F0,v7_jena_f0,,47639,test_b,0.10327100335313906,0.19464752013381154,0.09874772477436751,21,1008,Origin-local observed-channel mean; does not replace pooled main metric
jena,BOLT_SMALL_F0,F0,v7_jena_f0,,47663,test_b,0.07384040091861761,0.16427840231659097,0.07228845379514885,21,1008,Origin-local observed-channel mean; does not replace pooled main metric
jena,BOLT_SMALL_F0,F0,v7_jena_f0,,47687,test_b,0.16380725782719394,0.21677922781017267,-0.036349399656515624,21,1008,Origin-local observed-channel mean; does not replace pooled main metric
jena,BOLT_SMALL_F0,F0,v7_jena_f0,,47711,test_b,0.4483677913327699,0.5011052651975733,-0.2635725355764393,21,1008,Origin-local observed-channel mean; does not replace pooled main metric
jena,BOLT_SMALL_F0,F0,v7_jena_f0,,47735,test_b,0.3427956858070539,0.31082343267917173,-0.017023466517067782,21,1008,Origin-local observed-channel mean; does not replace pooled main metric
jena,BOLT_SMALL_F0,F0,v7_jena_f0,,47759,test_b,0.4225942092403716,0.2766256577902852,-0.19529506237500352,21,1008,Origin-local observed-channel mean; does not replace pooled main metric
jena,BOLT_SMALL_F0,F0,v7_jena_f0,,47783,test_b,0.1421258441447759,0.20081564044929634,-0.10710907806901919,21,1008,Origin-local observed-channel mean; does not replace pooled main metric
jena,BOLT_SMALL_F0,F0,v7_jena_f0,,47807,test_b,0.2976653724524785,0.36041429002250963,0.10955657828901802,21,1008,Origin-local observed-channel mean; does not replace pooled main metric
jena,BOLT_SMALL_F0,F0,v7_jena_f0,,47831,test_b,0.14242287053841687,0.1835002781369281,-0.11395739604591251,21,1008,Origin-local observed-channel mean; does not replace pooled main metric
jena,BOLT_SMALL_F0,F0,v7_jena_f0,,47855,test_b,0.08758327034090929,0.16405973293120274,-0.07775542524853206,21,1008,Origin-local observed-channel mean; does not replace pooled main metric
jena,BOLT_SMALL_F0,F0,v7_jena_f0,,47879,test_b,0.07740711908544548,0.13619695855070152,0.045679905349451086,21,1008,Origin-local observed-channel mean; does not replace pooled main metric
jena,BOLT_SMALL_F0,F0,v7_jena_f0,,47903,test_b,0.016912555189801864,0.07048026500429148,0.009602279934615437,21,1008,Origin-local observed-channel mean; does not replace pooled main metric
jena,BOLT_SMALL_F0,F0,v7_jena_f0,,47927,test_b,0.024988827920108408,0.08244391718321749,0.04975613036448421,21,1008,Origin-local observed-channel mean; does not replace pooled main metric
jena,BOLT_SMALL_F0,F0,v7_jena_f0,,47951,test_b,0.02400981800413382,0.08152056508882355,0.023340142773656498,21,1008,Origin-local observed-channel mean; does not replace pooled main metric
jena,BOLT_SMALL_F0,F0,v7_jena_f0,,47975,test_b,0.12182047358224982,0.15475172169380894,0.02483340999340668,21,1008,Origin-local observed-channel mean; does not replace pooled main metric
jena,BOLT_SMALL_F0,F0,v7_jena_f0,,47999,test_b,0.38676226766410626,0.3223931067438412,0.11918816389146425,21,1008,Origin-local observed-channel mean; does not replace pooled main metric
jena,BOLT_SMALL_F0,F0,v7_jena_f0,,48023,test_b,0.28798312118345676,0.2605150238098484,0.10706178006546993,21,1008,Origin-local observed-channel mean; does not replace pooled main metric
jena,BOLT_SMALL_F0,F0,v7_jena_f0,,48047,test_b,0.2983307470550419,0.270512422980761,0.020457564507812515,21,1008,Origin-local observed-channel mean; does not replace pooled main metric
jena,BOLT_SMALL_F0,F0,v7_jena_f0,,48071,test_b,0.2035311682141545,0.21745217806984862,0.08716104958309893,21,1008,Origin-local observed-channel mean; does not replace pooled main metric
jena,BOLT_SMALL_F0,F0,v7_jena_f0,,48095,test_b,0.11524960163415862,0.1656583802153667,0.02583734707404224,21,1008,Origin-local observed-channel mean; does not replace pooled main metric
jena,BOLT_SMALL_F0,F0,v7_jena_f0,,48119,test_b,0.08789013359666878,0.15875082161974638,-0.010798705725709816,21,1008,Origin-local observed-channel mean; does not replace pooled main metric
jena,BOLT_SMALL_F0,F0,v7_jena_f0,,48143,test_b,0.42806810468006246,0.4593185602529307,-0.16769178899971487,21,1008,Origin-local observed-channel mean; does not replace pooled main metric
jena,BOLT_SMALL_F0,F0,v7_jena_f0,,48167,test_b,0.14097344857017452,0.2400010426965078,0.1158131158813448,21,1008,Origin-local observed-channel mean; does not replace pooled main metric
jena,BOLT_SMALL_F0,F0,v7_jena_f0,,48191,test_b,0.10456274413223846,0.17893747238064414,0.03893969388699921,21,1008,Origin-local observed-channel mean; does not replace pooled main metric
jena,BOLT_SMALL_F0,F0,v7_jena_f0,,48215,test_b,0.11831744763803802,0.16287215580029174,0.06600607038449703,21,1008,Origin-local observed-channel mean; does not replace pooled main metric
jena,BOLT_SMALL_F0,F0,v7_jena_f0,,48239,test_b,0.20568043286290252,0.23058742948526906,0.09089287910019121,21,1008,Origin-local observed-channel mean; does not replace pooled main metric
jena,BOLT_SMALL_F0,F0,v7_jena_f0,,48263,test_b,0.25436712967543745,0.23040171741371201,-0.028129032442516216,21,1008,Origin-local observed-channel mean; does not replace pooled main metric
jena,BOLT_SMALL_F0,F0,v7_jena_f0,,48287,test_b,0.41099974208924567,0.45464448470439156,-0.2738540416644933,21,1008,Origin-local observed-channel mean; does not replace pooled main metric
jena,BOLT_SMALL_F0,F0,v7_jena_f0,,48311,test_b,0.042781644600490984,0.14232059390655744,0.06288947011708365,21,1008,Origin-local observed-channel mean; does not replace pooled main metric
jena,BOLT_SMALL_F0,F0,v7_jena_f0,,48335,test_b,0.12651667926839877,0.2430284123574171,-0.014796969722074057,21,1008,Origin-local observed-channel mean; does not replace pooled main metric
jena,BOLT_SMALL_F0,F0,v7_jena_f0,,48359,test_b,0.03989736258224449,0.1020248083104167,-0.0003849234930211913,21,1008,Origin-local observed-channel mean; does not replace pooled main metric
jena,BOLT_SMALL_F0,F0,v7_jena_f0,,48383,test_b,0.030316790134348324,0.08778051178835866,-0.02240327732556218,21,1008,Origin-local observed-channel mean; does not replace pooled main metric
jena,BOLT_SMALL_F0,F0,v7_jena_f0,,48407,test_b,0.07337679144376039,0.17413093986558834,-0.049793176657875034,21,1008,Origin-local observed-channel mean; does not replace pooled main metric
jena,BOLT_SMALL_F0,F0,v7_jena_f0,,48431,test_b,0.11062055288887998,0.20728518359274378,-0.09844404362171653,21,1008,Origin-local observed-channel mean; does not replace pooled main metric
jena,BOLT_SMALL_F0,F0,v7_jena_f0,,48455,test_b,0.10539218896754185,0.1791337641041046,-0.04957442504671654,21,1008,Origin-local observed-channel mean; does not replace pooled main metric
jena,BOLT_SMALL_F0,F0,v7_jena_f0,,48479,test_b,0.1380230374335078,0.16850792336654632,0.01867254228619415,21,1008,Origin-local observed-channel mean; does not replace pooled main metric
jena,BOLT_SMALL_F0,F0,v7_jena_f0,,48503,test_b,0.11057759073590212,0.14230013670887623,-0.05003441183177369,21,1008,Origin-local observed-channel mean; does not replace pooled main metric
jena,BOLT_SMALL_F0,F0,v7_jena_f0,,48527,test_b,0.07690523754248005,0.11428430384959995,-0.010961129441894297,21,1008,Origin-local observed-channel mean; does not replace pooled main metric
jena,BOLT_SMALL_F0,F0,v7_jena_f0,,48551,test_b,0.13219811875640397,0.15477016726453302,-0.018762025458272543,21,1008,Origin-local observed-channel mean; does not replace pooled main metric
jena,BOLT_SMALL_F0,F0,v7_jena_f0,,48575,test_b,0.3719952929787149,0.3726328403378526,-0.19304545812996196,21,1008,Origin-local observed-channel mean; does not replace pooled main metric
jena,BOLT_SMALL_F0,F0,v7_jena_f0,,48599,test_b,0.47763974902746814,0.3814431672407885,-0.10229259329080669,21,1008,Origin-local observed-channel mean; does not replace pooled main metric
jena,BOLT_SMALL_F0,F0,v7_jena_f0,,48623,test_b,0.17305132916496882,0.228921911937447,0.01442222092055811,21,1008,Origin-local observed-channel mean; does not replace pooled main metric
jena,BOLT_SMALL_F0,F0,v7_jena_f0,,48647,test_b,0.10358741358462967,0.17396804960680173,0.002236305261335693,21,1008,Origin-local observed-channel mean; does not replace pooled main metric
jena,BOLT_SMALL_F0,F0,v7_jena_f0,,48671,test_b,0.12175068950557215,0.19026361395466782,-0.057897884080520025,21,1008,Origin-local observed-channel mean; does not replace pooled main metric
jena,BOLT_SMALL_F0,F0,v7_jena_f0,,48695,test_b,0.11661631459741814,0.19092978237613498,-0.02278025497729513,21,1008,Origin-local observed-channel mean; does not replace pooled main metric
jena,BOLT_SMALL_F0,F0,v7_jena_f0,,48719,test_b,0.0911881639011351,0.1814500607173873,-0.09043046654216365,21,1008,Origin-local observed-channel mean; does not replace pooled main metric
jena,BOLT_SMALL_F0,F0,v7_jena_f0,,48743,test_b,0.04816813221087914,0.14999147175198205,0.025237581412569387,21,1008,Origin-local observed-channel mean; does not replace pooled main metric
jena,BOLT_SMALL_F0,F0,v7_jena_f0,,48767,test_b,0.013798151028214639,0.06414967439784613,-0.032443920879034395,21,1008,Origin-local observed-channel mean; does not replace pooled main metric
jena,BOLT_SMALL_F0,F0,v7_jena_f0,,48791,test_b,0.10077792304099395,0.12492656998478599,0.06345316806359083,21,1008,Origin-local observed-channel mean; does not replace pooled main metric
jena,BOLT_SMALL_F0,F0,v7_jena_f0,,48815,test_b,0.23356740468071902,0.29069413263630217,0.1199889644047953,21,1008,Origin-local observed-channel mean; does not replace pooled main metric
jena,BOLT_SMALL_F0,F0,v7_jena_f0,,48839,test_b,0.15934793780799655,0.20448918275037106,-0.013539853778580897,21,1008,Origin-local observed-channel mean; does not replace pooled main metric
jena,BOLT_SMALL_F0,F0,v7_jena_f0,,48863,test_b,0.42388790615696326,0.43710382526940467,-0.13305535400967716,21,1008,Origin-local observed-channel mean; does not replace pooled main metric
jena,BOLT_SMALL_F0,F0,v7_jena_f0,,48887,test_b,0.21972941471766358,0.319311061075178,0.10638594789934504,21,1008,Origin-local observed-channel mean; does not replace pooled main metric
jena,BOLT_SMALL_F0,F0,v7_jena_f0,,48911,test_b,0.10466864886545221,0.138325276091304,-0.0604133412655626,21,1008,Origin-local observed-channel mean; does not replace pooled main metric
jena,BOLT_SMALL_F0,F0,v7_jena_f0,,48935,test_b,0.22486016017751448,0.23453346809239728,-0.08840858966510814,21,1008,Origin-local observed-channel mean; does not replace pooled main metric
jena,BOLT_SMALL_F0,F0,v7_jena_f0,,48959,test_b,0.38892064831211715,0.28437406854405595,-0.18103134835583323,21,1008,Origin-local observed-channel mean; does not replace pooled main metric
jena,BOLT_SMALL_F0,F0,v7_jena_f0,,48983,test_b,0.3375872901744874,0.2939998001548081,-0.14733593486871252,21,1008,Origin-local observed-channel mean; does not replace pooled main metric
jena,BOLT_SMALL_F0,F0,v7_jena_f0,,49007,test_b,0.24617907914456066,0.24736788932008608,-0.11199859177253935,21,1008,Origin-local observed-channel mean; does not replace pooled main metric
jena,BOLT_SMALL_F0,F0,v7_jena_f0,,49031,test_b,0.5584605781306294,0.31600725183001027,-0.1473555348541898,21,1008,Origin-local observed-channel mean; does not replace pooled main metric
jena,BOLT_SMALL_F0,F0,v7_jena_f0,,49055,test_b,0.5817701313290763,0.3307255769935196,-0.2435513600835942,21,1008,Origin-local observed-channel mean; does not replace pooled main metric
jena,BOLT_SMALL_F0,F0,v7_jena_f0,,49079,test_b,0.16336131759434838,0.1701617613539889,-0.019437268206924523,21,1008,Origin-local observed-channel mean; does not replace pooled main metric
jena,BOLT_SMALL_F0,F0,v7_jena_f0,,49103,test_b,0.08085657277266796,0.1982000643935559,0.14541186129090852,21,1008,Origin-local observed-channel mean; does not replace pooled main metric
jena,BOLT_SMALL_F0,F0,v7_jena_f0,,49127,test_b,0.1791534878762006,0.17223131378889933,0.04555599073466424,21,1008,Origin-local observed-channel mean; does not replace pooled main metric
jena,BOLT_SMALL_F0,F0,v7_jena_f0,,49151,test_b,0.6502091362256895,0.32727983493578716,-0.207537676626955,21,1008,Origin-local observed-channel mean; does not replace pooled main metric
jena,BOLT_SMALL_F0,F0,v7_jena_f0,,49175,test_b,0.5791499504458388,0.28231125356101,-0.1820610252565645,21,1008,Origin-local observed-channel mean; does not replace pooled main metric
jena,BOLT_SMALL_F0,F0,v7_jena_f0,,49199,test_b,0.2968593348819791,0.19798876326586604,-0.09647605194348015,21,1008,Origin-local observed-channel mean; does not replace pooled main metric
jena,BOLT_SMALL_F0,F0,v7_jena_f0,,49223,test_b,0.10992703383216613,0.14102691971042772,0.02955515722703514,21,1008,Origin-local observed-channel mean; does not replace pooled main metric
jena,BOLT_SMALL_F0,F0,v7_jena_f0,,49247,test_b,0.1935709523934581,0.21261614933783204,0.04845427733391896,21,1008,Origin-local observed-channel mean; does not replace pooled main metric
jena,BOLT_SMALL_F0,F0,v7_jena_f0,,49271,test_b,0.2919680001390648,0.31060871429958975,0.046096889865847986,21,1008,Origin-local observed-channel mean; does not replace pooled main metric
jena,BOLT_SMALL_F0,F0,v7_jena_f0,,49295,test_b,0.3858262929334463,0.38565979677710743,-0.18999280712552488,21,1008,Origin-local observed-channel mean; does not replace pooled main metric
jena,BOLT_SMALL_F0,F0,v7_jena_f0,,49319,test_b,0.6255275702250971,0.40090428798649796,-0.13429949612547054,21,1008,Origin-local observed-channel mean; does not replace pooled main metric
jena,BOLT_SMALL_F0,F0,v7_jena_f0,,49343,test_b,0.6173112666856981,0.38275667763590476,-0.07387259024766361,21,1008,Origin-local observed-channel mean; does not replace pooled main metric
jena,BOLT_SMALL_F0,F0,v7_jena_f0,,49367,test_b,0.4730904893560116,0.2801706906230677,-0.1201792210857901,21,1008,Origin-local observed-channel mean; does not replace pooled main metric
jena,BOLT_SMALL_F0,F0,v7_jena_f0,,49391,test_b,0.3458037769135017,0.23646506928979227,0.08115138396036825,21,1008,Origin-local observed-channel mean; does not replace pooled main metric
jena,BOLT_SMALL_F0,F0,v7_jena_f0,,49415,test_b,0.3738596209728187,0.22063416594986818,-0.07077050950592531,21,1008,Origin-local observed-channel mean; does not replace pooled main metric
jena,BOLT_SMALL_F0,F0,v7_jena_f0,,49439,test_b,0.22245080810767903,0.18701656314633078,0.0030434418225749544,21,1008,Origin-local observed-channel mean; does not replace pooled main metric
jena,BOLT_SMALL_F0,F0,v7_jena_f0,,49463,test_b,0.3401705168557858,0.24195342662832922,-0.06705020576907646,21,1008,Origin-local observed-channel mean; does not replace pooled main metric
jena,BOLT_SMALL_F0,F0,v7_jena_f0,,49487,test_b,0.5660122522382627,0.18828147662330477,-0.14244099429232027,21,1008,Origin-local observed-channel mean; does not replace pooled main metric
jena,BOLT_SMALL_F0,F0,v7_jena_f0,,49511,test_b,0.36936910410819945,0.1978474219093129,-0.07681358340270224,21,1008,Origin-local observed-channel mean; does not replace pooled main metric
jena,BOLT_SMALL_F0,F0,v7_jena_f0,,49535,test_b,0.16950875781828606,0.13885987761785235,-0.04904354670794593,21,1008,Origin-local observed-channel mean; does not replace pooled main metric
jena,BOLT_SMALL_F0,F0,v7_jena_f0,,49559,test_b,0.135032326736163,0.1354120719091346,0.004596165015495253,21,1008,Origin-local observed-channel mean; does not replace pooled main metric
jena,BOLT_SMALL_F0,F0,v7_jena_f0,,49583,test_b,0.11358515543747058,0.13612909508233387,0.037432584671362755,21,1008,Origin-local observed-channel mean; does not replace pooled main metric
jena,BOLT_SMALL_F0,F0,v7_jena_f0,,49607,test_b,0.06855009466879744,0.1105470907530703,0.055261411487923136,21,1008,Origin-local observed-channel mean; does not replace pooled main metric
jena,BOLT_SMALL_F0,F0,v7_jena_f0,,49631,test_b,0.08002272062147524,0.11264742272425565,0.03917476253414024,21,1008,Origin-local observed-channel mean; does not replace pooled main metric
jena,BOLT_SMALL_F0,F0,v7_jena_f0,,49655,test_b,0.10033709704733586,0.11570168833529193,0.07833148697982469,21,1008,Origin-local observed-channel mean; does not replace pooled main metric
jena,BOLT_SMALL_F0,F0,v7_jena_f0,,49679,test_b,0.08728290743373705,0.10311049872654535,0.02923240603524304,21,1008,Origin-local observed-channel mean; does not replace pooled main metric
jena,BOLT_SMALL_F0,F0,v7_jena_f0,,49703,test_b,0.1020578180473357,0.12055323992131484,-0.04346455884210411,21,1008,Origin-local observed-channel mean; does not replace pooled main metric
jena,BOLT_SMALL_F0,F0,v7_jena_f0,,49727,test_b,0.294606621581248,0.22799469329535021,0.0037988088581533586,21,1008,Origin-local observed-channel mean; does not replace pooled main metric
jena,BOLT_SMALL_F0,F0,v7_jena_f0,,49751,test_b,0.34818580098270774,0.16379838236164124,-0.08351274733135979,21,1008,Origin-local observed-channel mean; does not replace pooled main metric
jena,BOLT_SMALL_F0,F0,v7_jena_f0,,49775,test_b,0.5223336921280429,0.2204024805969167,-0.11886597278903037,21,1008,Origin-local observed-channel mean; does not replace pooled main metric
jena,BOLT_SMALL_F0,F0,v7_jena_f0,,49799,test_b,0.51853475899601,0.2071666620077662,-0.1339440791870445,21,1008,Origin-local observed-channel mean; does not replace pooled main metric
jena,BOLT_SMALL_F0,F0,v7_jena_f0,,49823,test_b,0.06503440556984408,0.11336552856733936,-0.0004812681045944964,21,1008,Origin-local observed-channel mean; does not replace pooled main metric
jena,BOLT_SMALL_F0,F0,v7_jena_f0,,49847,test_b,0.027229514992756602,0.0843788463149279,0.0316650416140282,21,1008,Origin-local observed-channel mean; does not replace pooled main metric
jena,BOLT_SMALL_F0,F0,v7_jena_f0,,49871,test_b,0.054581200212046634,0.09945137554868347,0.004160525735526802,21,1008,Origin-local observed-channel mean; does not replace pooled main metric
jena,BOLT_SMALL_F0,F0,v7_jena_f0,,49895,test_b,0.22172887788933887,0.16069255248525194,0.07429653289727865,21,1008,Origin-local observed-channel mean; does not replace pooled main metric
jena,BOLT_SMALL_F0,F0,v7_jena_f0,,49919,test_b,0.04720344384549696,0.11043608622876783,-0.01069760239417,21,1008,Origin-local observed-channel mean; does not replace pooled main metric
jena,BOLT_SMALL_F0,F0,v7_jena_f0,,49943,test_b,0.0550381528861945,0.10004607558117379,-0.04716059361170564,21,1008,Origin-local observed-channel mean; does not replace pooled main metric
jena,BOLT_SMALL_F0,F0,v7_jena_f0,,49967,test_b,0.020891118028155548,0.06823969345425702,-0.012771929109664007,21,1008,Origin-local observed-channel mean; does not replace pooled main metric
jena,BOLT_SMALL_F0,F0,v7_jena_f0,,49991,test_b,0.059069378519608105,0.11728431388658625,-0.036110855716475584,21,1008,Origin-local observed-channel mean; does not replace pooled main metric
jena,BOLT_SMALL_F0,F0,v7_jena_f0,,50015,test_b,0.17714055890982594,0.248709008092105,-0.06032235951658102,21,1008,Origin-local observed-channel mean; does not replace pooled main metric
jena,BOLT_SMALL_F0,F0,v7_jena_f0,,50039,test_b,0.10335212803849564,0.2181496013626678,0.016428198156294434,21,1008,Origin-local observed-channel mean; does not replace pooled main metric
jena,BOLT_SMALL_F0,F0,v7_jena_f0,,50063,test_b,0.06266471910024873,0.15057947005548086,0.013014693331483397,21,1008,Origin-local observed-channel mean; does not replace pooled main metric
jena,BOLT_SMALL_F0,F0,v7_jena_f0,,50087,test_b,0.054721904149205726,0.12087826099162965,0.00908552558614665,21,1008,Origin-local observed-channel mean; does not replace pooled main metric
jena,BOLT_SMALL_F0,F0,v7_jena_f0,,50111,test_b,0.06177369700600903,0.12085011140349763,0.04583811185022121,21,1008,Origin-local observed-channel mean; does not replace pooled main metric
jena,BOLT_SMALL_F0,F0,v7_jena_f0,,50135,test_b,0.13581161434673947,0.17315676919044187,-0.012924514102956485,21,1008,Origin-local observed-channel mean; does not replace pooled main metric
jena,BOLT_SMALL_F0,F0,v7_jena_f0,,50159,test_b,0.19292329291341262,0.22137620501841107,-0.07191129815986469,21,1008,Origin-local observed-channel mean; does not replace pooled main metric
jena,BOLT_SMALL_F0,F0,v7_jena_f0,,50183,test_b,0.33406113628401934,0.2622405362781137,-0.12096195745222743,21,1008,Origin-local observed-channel mean; does not replace pooled main metric
jena,BOLT_SMALL_F0,F0,v7_jena_f0,,50207,test_b,0.17207208182255526,0.17611595296976804,-0.10760336897568316,21,1008,Origin-local observed-channel mean; does not replace pooled main metric
jena,BOLT_SMALL_F0,F0,v7_jena_f0,,50231,test_b,0.29378936426064695,0.2240701754456654,-0.09412788890386721,21,1008,Origin-local observed-channel mean; does not replace pooled main metric
jena,BOLT_SMALL_F0,F0,v7_jena_f0,,50255,test_b,0.18626486701178108,0.13817428640415153,-0.0629894062839744,21,1008,Origin-local observed-channel mean; does not replace pooled main metric
jena,BOLT_SMALL_F0,F0,v7_jena_f0,,50279,test_b,0.0807715064641809,0.17604625935651017,-0.030211492215115987,21,1008,Origin-local observed-channel mean; does not replace pooled main metric
jena,BOLT_SMALL_F0,F0,v7_jena_f0,,50303,test_b,0.32091408060109095,0.33242526862413224,-0.15612043155343847,21,1008,Origin-local observed-channel mean; does not replace pooled main metric
jena,BOLT_SMALL_F0,F0,v7_jena_f0,,50327,test_b,0.28612737016624007,0.23534865477187045,-0.16257037809867012,21,1008,Origin-local observed-channel mean; does not replace pooled main metric
jena,BOLT_SMALL_F0,F0,v7_jena_f0,,50351,test_b,0.07549449772578198,0.17655806917405387,-0.06984842869582324,21,1008,Origin-local observed-channel mean; does not replace pooled main metric
jena,BOLT_SMALL_F0,F0,v7_jena_f0,,50375,test_b,0.06100215551850489,0.1516612075693877,-0.03946695834261369,21,1008,Origin-local observed-channel mean; does not replace pooled main metric
jena,BOLT_SMALL_F0,F0,v7_jena_f0,,50399,test_b,0.0886058707215032,0.2030140169028152,-0.08234769600237506,21,1008,Origin-local observed-channel mean; does not replace pooled main metric
jena,BOLT_SMALL_F0,F0,v7_jena_f0,,50423,test_b,0.07348713641938577,0.15181577700677157,-0.038922939300564834,21,1008,Origin-local observed-channel mean; does not replace pooled main metric
jena,BOLT_SMALL_F0,F0,v7_jena_f0,,50447,test_b,0.09416402837464198,0.18044150512789547,-0.08606158511022277,21,1008,Origin-local observed-channel mean; does not replace pooled main metric
jena,BOLT_SMALL_F0,F0,v7_jena_f0,,50471,test_b,0.11084794725028224,0.16524171215565905,-0.004039608594226476,21,1008,Origin-local observed-channel mean; does not replace pooled main metric
jena,BOLT_SMALL_F0,F0,v7_jena_f0,,50495,test_b,0.06853715710042108,0.11111303848112933,-0.0624138271382796,21,1008,Origin-local observed-channel mean; does not replace pooled main metric
jena,BOLT_SMALL_F0,F0,v7_jena_f0,,50519,test_b,0.07850091614937509,0.13802680104544424,0.07539706138151006,21,1008,Origin-local observed-channel mean; does not replace pooled main metric
jena,BOLT_SMALL_F0,F0,v7_jena_f0,,50543,test_b,0.044772855948539955,0.08882855137877442,0.04016773740298208,21,1008,Origin-local observed-channel mean; does not replace pooled main metric
jena,BOLT_SMALL_F0,F0,v7_jena_f0,,50567,test_b,0.060718673651876574,0.11923806366223924,0.015030585662633909,21,1008,Origin-local observed-channel mean; does not replace pooled main metric
jena,BOLT_SMALL_F0,F0,v7_jena_f0,,50591,test_b,0.08689774877841432,0.17421188008151983,-0.07622208432844167,21,1008,Origin-local observed-channel mean; does not replace pooled main metric
jena,BOLT_SMALL_F0,F0,v7_jena_f0,,50615,test_b,0.0865927948334404,0.21095613275917008,0.08155072085528878,21,1008,Origin-local observed-channel mean; does not replace pooled main metric
jena,BOLT_SMALL_F0,F0,v7_jena_f0,,50639,test_b,0.05092958220394934,0.14649802603583786,0.08910073602000632,21,1008,Origin-local observed-channel mean; does not replace pooled main metric
jena,BOLT_SMALL_F0,F0,v7_jena_f0,,50663,test_b,0.03576812067777631,0.1276164248534654,0.0602757062972939,21,1008,Origin-local observed-channel mean; does not replace pooled main metric
jena,BOLT_SMALL_F0,F0,v7_jena_f0,,50687,test_b,0.03816398688039925,0.13195580635614793,-0.03180475759360152,21,1008,Origin-local observed-channel mean; does not replace pooled main metric
jena,BOLT_SMALL_F0,F0,v7_jena_f0,,50711,test_b,0.2487171207879997,0.2306606884851626,-0.07730300963452293,21,1008,Origin-local observed-channel mean; does not replace pooled main metric
jena,BOLT_SMALL_F0,F0,v7_jena_f0,,50735,test_b,0.48509314834718836,0.38564782720548846,-0.25532398881581947,21,1008,Origin-local observed-channel mean; does not replace pooled main metric
jena,BOLT_SMALL_F0,F0,v7_jena_f0,,50759,test_b,0.24963194385897555,0.32507706007723636,-0.03503975926096678,21,1008,Origin-local observed-channel mean; does not replace pooled main metric
jena,BOLT_SMALL_F0,F0,v7_jena_f0,,50783,test_b,0.17918079845097784,0.21756573109116056,0.03762385126231939,21,1008,Origin-local observed-channel mean; does not replace pooled main metric
jena,BOLT_SMALL_F0,F0,v7_jena_f0,,50807,test_b,0.12247343415528796,0.19209059853598037,-0.09791438539815271,21,1008,Origin-local observed-channel mean; does not replace pooled main metric
jena,BOLT_SMALL_F0,F0,v7_jena_f0,,50831,test_b,0.3211530691121484,0.2727350658240048,-0.15808320003871193,21,1008,Origin-local observed-channel mean; does not replace pooled main metric
jena,BOLT_SMALL_F0,F0,v7_jena_f0,,50855,test_b,0.30806777650510186,0.23367034783754323,-0.13751378437345488,21,1008,Origin-local observed-channel mean; does not replace pooled main metric
jena,BOLT_SMALL_F0,F0,v7_jena_f0,,50879,test_b,0.5484884448556135,0.37235320824991164,-0.289101995612284,21,1008,Origin-local observed-channel mean; does not replace pooled main metric
jena,BOLT_SMALL_F0,F0,v7_jena_f0,,50903,test_b,0.4976086558186378,0.3024062206101325,-0.03169697064512303,21,1008,Origin-local observed-channel mean; does not replace pooled main metric
jena,BOLT_SMALL_F0,F0,v7_jena_f0,,50927,test_b,0.8789926182735771,0.54344582507093,-0.03600554451409224,21,1008,Origin-local observed-channel mean; does not replace pooled main metric
jena,BOLT_SMALL_F0,F0,v7_jena_f0,,50951,test_b,0.2931295994718821,0.3278427048786571,0.022270456020094802,21,1008,Origin-local observed-channel mean; does not replace pooled main metric
jena,BOLT_SMALL_F0,F0,v7_jena_f0,,50975,test_b,0.04089518328153095,0.11785075528037157,-0.011233502897315678,21,1008,Origin-local observed-channel mean; does not replace pooled main metric
jena,BOLT_SMALL_F0,F0,v7_jena_f0,,50999,test_b,0.06049865253026641,0.1177938328778726,-0.026398207376977158,21,1008,Origin-local observed-channel mean; does not replace pooled main metric
jena,BOLT_SMALL_F0,F0,v7_jena_f0,,51023,test_b,0.10999174402007411,0.1799468749928305,-0.072161970364317,21,1008,Origin-local observed-channel mean; does not replace pooled main metric
jena,BOLT_SMALL_F0,F0,v7_jena_f0,,51047,test_b,0.08004768503325431,0.15652016825275955,0.05339029167479897,21,1008,Origin-local observed-channel mean; does not replace pooled main metric
jena,BOLT_SMALL_F0,F0,v7_jena_f0,,51071,test_b,0.09821161485347447,0.19627481206915695,0.13860619430499987,21,1008,Origin-local observed-channel mean; does not replace pooled main metric
jena,BOLT_SMALL_F0,F0,v7_jena_f0,,51095,test_b,0.03976915825729601,0.12114910635922109,0.05885256392387433,21,1008,Origin-local observed-channel mean; does not replace pooled main metric
jena,BOLT_SMALL_F0,F0,v7_jena_f0,,51119,test_b,0.11394436796336359,0.16473007343833274,-0.022621236237538384,21,1008,Origin-local observed-channel mean; does not replace pooled main metric
jena,BOLT_SMALL_F0,F0,v7_jena_f0,,51143,test_b,0.17101380218632523,0.1692714204693893,-0.12370742492688198,21,1008,Origin-local observed-channel mean; does not replace pooled main metric
jena,BOLT_SMALL_F0,F0,v7_jena_f0,,51167,test_b,0.184112445523232,0.2038074442987434,-0.16020591219791047,21,1008,Origin-local observed-channel mean; does not replace pooled main metric
jena,BOLT_SMALL_F0,F0,v7_jena_f0,,51191,test_b,0.07114998701543132,0.1324075235894588,-0.048716649514178235,21,1008,Origin-local observed-channel mean; does not replace pooled main metric
jena,BOLT_SMALL_F0,F0,v7_jena_f0,,51215,test_b,0.4793356977658119,0.23058539555031962,-0.13148360852454294,21,1008,Origin-local observed-channel mean; does not replace pooled main metric
jena,BOLT_SMALL_F0,F0,v7_jena_f0,,51239,test_b,0.5840341994738101,0.33856657255709594,-0.14438923013320104,21,1008,Origin-local observed-channel mean; does not replace pooled main metric
jena,BOLT_SMALL_F0,F0,v7_jena_f0,,51263,test_b,0.07182126433590748,0.14209228350268355,0.009816447489269887,21,1008,Origin-local observed-channel mean; does not replace pooled main metric
jena,BOLT_SMALL_F0,F0,v7_jena_f0,,51287,test_b,0.18462390770862983,0.20927429788686805,0.07096847085770042,21,1008,Origin-local observed-channel mean; does not replace pooled main metric
jena,BOLT_SMALL_F0,F0,v7_jena_f0,,51311,test_b,0.36204459325522376,0.30927891115009387,-0.0056361102481513065,21,1008,Origin-local observed-channel mean; does not replace pooled main metric
jena,BOLT_SMALL_F0,F0,v7_jena_f0,,51335,test_b,0.3781005298038625,0.25606942546345096,-0.004353811964854638,21,1008,Origin-local observed-channel mean; does not replace pooled main metric
jena,BOLT_SMALL_F0,F0,v7_jena_f0,,51359,test_b,0.18707811222025572,0.17764914289693393,-0.032119578615363166,21,1008,Origin-local observed-channel mean; does not replace pooled main metric
jena,BOLT_SMALL_F0,F0,v7_jena_f0,,51383,test_b,0.0843205860000536,0.13925401342751842,0.05037907824762874,21,1008,Origin-local observed-channel mean; does not replace pooled main metric
jena,BOLT_SMALL_F0,F0,v7_jena_f0,,51407,test_b,0.11220741128383674,0.15500951647510872,0.06489493428370989,21,1008,Origin-local observed-channel mean; does not replace pooled main metric
jena,BOLT_SMALL_F0,F0,v7_jena_f0,,51431,test_b,0.14715836001453422,0.19908046963119266,0.05362370781233675,21,1008,Origin-local observed-channel mean; does not replace pooled main metric
jena,BOLT_SMALL_F0,F0,v7_jena_f0,,51455,test_b,0.19826347587965415,0.2676657923880229,-0.13023543152944295,21,1008,Origin-local observed-channel mean; does not replace pooled main metric
jena,BOLT_SMALL_F0,F0,v7_jena_f0,,51479,test_b,0.10131959877374452,0.1397460270852048,-0.09378410756367625,21,1008,Origin-local observed-channel mean; does not replace pooled main metric
jena,BOLT_SMALL_F0,F0,v7_jena_f0,,51503,test_b,0.08031763473132177,0.14119622377562796,-0.006543807642296928,21,1008,Origin-local observed-channel mean; does not replace pooled main metric
jena,BOLT_SMALL_F0,F0,v7_jena_f0,,51527,test_b,0.07948484204577576,0.14510440117957177,0.005082452267021244,21,1008,Origin-local observed-channel mean; does not replace pooled main metric
jena,BOLT_SMALL_F0,F0,v7_jena_f0,,51551,test_b,0.01602178385452372,0.07774543590552177,0.012142086385066496,21,1008,Origin-local observed-channel mean; does not replace pooled main metric
jena,BOLT_SMALL_F0,F0,v7_jena_f0,,51575,test_b,0.030950686781558365,0.09678249578878638,-0.028913333675720618,21,1008,Origin-local observed-channel mean; does not replace pooled main metric
jena,BOLT_SMALL_F0,F0,v7_jena_f0,,51599,test_b,0.11217361494636484,0.22058251078903726,-0.05648106238373975,21,1008,Origin-local observed-channel mean; does not replace pooled main metric
jena,BOLT_SMALL_F0,F0,v7_jena_f0,,51623,test_b,0.056625160212203346,0.15497312488295148,0.061030894688883564,21,1008,Origin-local observed-channel mean; does not replace pooled main metric
jena,BOLT_SMALL_F0,F0,v7_jena_f0,,51647,test_b,0.19224803054728415,0.209426847820901,0.13123536196923982,21,1008,Origin-local observed-channel mean; does not replace pooled main metric
jena,BOLT_SMALL_F0,F0,v7_jena_f0,,51671,test_b,0.1950220143897797,0.21175888134386034,0.07171197839246211,21,1008,Origin-local observed-channel mean; does not replace pooled main metric
jena,BOLT_SMALL_F0,F0,v7_jena_f0,,51695,test_b,0.06289880934484812,0.11993685408332755,0.02608861176237937,21,1008,Origin-local observed-channel mean; does not replace pooled main metric
jena,BOLT_SMALL_F0,F0,v7_jena_f0,,51719,test_b,0.15514131649950075,0.16472322719161478,-0.004431944494994925,21,1008,Origin-local observed-channel mean; does not replace pooled main metric
jena,BOLT_SMALL_F0,F0,v7_jena_f0,,51743,test_b,0.2749746462343411,0.31142308069984354,-0.08480432570037905,21,1008,Origin-local observed-channel mean; does not replace pooled main metric
jena,BOLT_SMALL_F0,F0,v7_jena_f0,,51767,test_b,0.21710301810444788,0.2522997383549366,-0.01380528191969331,21,1008,Origin-local observed-channel mean; does not replace pooled main metric
jena,BOLT_SMALL_F0,F0,v7_jena_f0,,51791,test_b,0.16924419585656805,0.19209057470623753,0.0775704688574132,21,1008,Origin-local observed-channel mean; does not replace pooled main metric
jena,BOLT_SMALL_F0,F0,v7_jena_f0,,51815,test_b,0.13251803088446984,0.15630522744992512,-0.025323857458138328,21,1008,Origin-local observed-channel mean; does not replace pooled main metric
jena,BOLT_SMALL_F0,F0,v7_jena_f0,,51839,test_b,0.17149475907068093,0.14292492925204217,0.07225048687634249,21,1008,Origin-local observed-channel mean; does not replace pooled main metric
jena,BOLT_SMALL_F0,F0,v7_jena_f0,,51863,test_b,0.13007592011592628,0.14016248394424716,-0.049314391703182255,21,1008,Origin-local observed-channel mean; does not replace pooled main metric
jena,BOLT_SMALL_F0,F0,v7_jena_f0,,51887,test_b,0.11682619156582648,0.13188856215186653,-0.025127337909200118,21,1008,Origin-local observed-channel mean; does not replace pooled main metric
jena,BOLT_SMALL_F0,F0,v7_jena_f0,,51911,test_b,0.17558287658879426,0.14592042890199947,0.07219116090028177,21,1008,Origin-local observed-channel mean; does not replace pooled main metric
jena,BOLT_SMALL_F0,F0,v7_jena_f0,,51935,test_b,0.10425166481794745,0.14044141308921906,0.0003838071762214593,21,1008,Origin-local observed-channel mean; does not replace pooled main metric
jena,BOLT_SMALL_F0,F0,v7_jena_f0,,51959,test_b,0.03487290604652137,0.09138505371464861,-0.003249697793748169,21,1008,Origin-local observed-channel mean; does not replace pooled main metric
jena,BOLT_SMALL_F0,F0,v7_jena_f0,,51983,test_b,0.054846187520420676,0.14289775329627213,0.084508392545912,21,1008,Origin-local observed-channel mean; does not replace pooled main metric
jena,BOLT_SMALL_F0,F0,v7_jena_f0,,52007,test_b,0.12104521637350693,0.1639782435478761,-0.02692859893893853,21,1008,Origin-local observed-channel mean; does not replace pooled main metric
jena,BOLT_SMALL_F0,F0,v7_jena_f0,,52031,test_b,0.22316346131605438,0.2383815187340443,-0.08968614274197043,21,1008,Origin-local observed-channel mean; does not replace pooled main metric
jena,BOLT_SMALL_F0,F0,v7_jena_f0,,52055,test_b,0.23574523857684496,0.20728718940771942,-0.0417361724431098,21,1008,Origin-local observed-channel mean; does not replace pooled main metric
jena,BOLT_SMALL_F0,F0,v7_jena_f0,,52079,test_b,0.14139106640388818,0.14589026984241274,0.02335597876281965,21,1008,Origin-local observed-channel mean; does not replace pooled main metric
jena,BOLT_SMALL_F0,F0,v7_jena_f0,,52103,test_b,0.11426781874863028,0.15403270459778254,0.08855194026338202,21,1008,Origin-local observed-channel mean; does not replace pooled main metric
jena,BOLT_SMALL_F0,F0,v7_jena_f0,,52127,test_b,0.0895726195497124,0.1155006242915988,0.042275478959911406,21,1008,Origin-local observed-channel mean; does not replace pooled main metric
jena,BOLT_SMALL_F0,F0,v7_jena_f0,,52151,test_b,0.2295136143523496,0.19854046378029688,-0.0404225948870936,21,1008,Origin-local observed-channel mean; does not replace pooled main metric
jena,BOLT_SMALL_F0,F0,v7_jena_f0,,52175,test_b,0.5076975878413466,0.4323883814730734,-0.14195382170746884,21,1008,Origin-local observed-channel mean; does not replace pooled main metric
jena,BOLT_SMALL_F0,F0,v7_jena_f0,,52199,test_b,0.26581722746395836,0.27183207695414896,0.030213963147529978,21,1008,Origin-local observed-channel mean; does not replace pooled main metric
jena,BOLT_SMALL_F0,F0,v7_jena_f0,,52223,test_b,0.32716158941317797,0.316771086785824,0.14908956475408067,21,1008,Origin-local observed-channel mean; does not replace pooled main metric
jena,BOLT_SMALL_F0,F0,v7_jena_f0,,52247,test_b,0.17469351130972555,0.16688802354924737,0.06940952731325985,21,1008,Origin-local observed-channel mean; does not replace pooled main metric
jena,BOLT_SMALL_F0,F0,v7_jena_f0,,52271,test_b,0.19985015435831743,0.19166023991558523,0.08665383326274062,21,1008,Origin-local observed-channel mean; does not replace pooled main metric
jena,BOLT_SMALL_F0,F0,v7_jena_f0,,52295,test_b,0.15967487227467894,0.17671656199233857,-0.03329457589637651,21,1008,Origin-local observed-channel mean; does not replace pooled main metric
jena,BOLT_SMALL_F0,F0,v7_jena_f0,,52319,test_b,0.439589785684505,0.4370369071662386,-0.24783773744549387,21,1008,Origin-local observed-channel mean; does not replace pooled main metric
jena,BOLT_SMALL_F0,F0,v7_jena_f0,,52343,test_b,0.3690884961662575,0.2713774341582249,-0.05941962338886424,21,1008,Origin-local observed-channel mean; does not replace pooled main metric
jena,BOLT_SMALL_F0,F0,v7_jena_f0,,52367,test_b,0.14215909257631784,0.1575967154450833,-0.060981913041027784,21,1008,Origin-local observed-channel mean; does not replace pooled main metric
jena,BOLT_SMALL_F0,F0,v7_jena_f0,,52391,test_b,0.0574382760046526,0.09618599650390916,-0.017207140675819816,21,1008,Origin-local observed-channel mean; does not replace pooled main metric
jena,BOLT_SMALL_F0,F0,v7_jena_f0,,52415,test_b,0.1662010994960392,0.17168434676418584,0.04444635135032946,21,1008,Origin-local observed-channel mean; does not replace pooled main metric
jena,BOLT_SMALL_F0,F0,v7_jena_f0,,52439,test_b,0.17865235792781095,0.16865428123313156,-0.010991150384980424,21,1008,Origin-local observed-channel mean; does not replace pooled main metric
jena,BOLT_SMALL_F0,F0,v7_jena_f0,,52463,test_b,0.3549206406973867,0.35188729157414944,-0.0811996265562364,21,1008,Origin-local observed-channel mean; does not replace pooled main metric
jena,BOLT_SMALL_F0,F0,v7_jena_f0,,52487,test_b,0.1837026536755221,0.2073875542167419,0.010173419665541528,21,1008,Origin-local observed-channel mean; does not replace pooled main metric
jena,BOLT_SMALL_F0,F0,v7_jena_f0,,52511,test_b,0.14966063127125867,0.1874823208587865,0.12014315380079169,21,1008,Origin-local observed-channel mean; does not replace pooled main metric
jena,BOLT_SMALL_F0,F0,v7_jena_f0,,52535,test_b,0.18543508864819003,0.1571347654246474,0.00436505765676321,21,1008,Origin-local observed-channel mean; does not replace pooled main metric
jena,BOLT_SMALL_F0,F0,v7_jena_f0,,52559,test_b,0.21219399939833686,0.15373502845232864,-0.04432449125248704,21,1008,Origin-local observed-channel mean; does not replace pooled main metric
jena,BOLT_SMALL_F0,F0,v7_jena_f0,,52583,test_b,0.12882237630188778,0.14550365784470204,-0.004318404940556598,21,1008,Origin-local observed-channel mean; does not replace pooled main metric
jena,BOLT_SMALL_F0,F0,v7_jena_f0,,52607,test_b,0.23539931775732137,0.3320328750400915,-0.14403464617106013,21,1008,Origin-local observed-channel mean; does not replace pooled main metric
jena,BOLT_SMALL_F0,F0,v7_jena_f0,,52631,test_b,0.10033765785900868,0.17227103793889653,0.03346683544816822,21,1008,Origin-local observed-channel mean; does not replace pooled main metric
jena,BOLT_SMALL_F0,F0,v7_jena_f0,,52655,test_b,0.14069738405419652,0.15233703417008715,-0.012073314478916543,21,1008,Origin-local observed-channel mean; does not replace pooled main metric
jena,BOLT_MINI_F0,F0,jena_BOLT_MINI_F0,,35135,test_a,0.23345929562102588,0.2328460745269521,-0.08502193911755015,21,1008,Origin-local observed-channel mean; does not replace pooled main metric
jena,BOLT_MINI_F0,F0,jena_BOLT_MINI_F0,,35159,test_a,0.21969188440358853,0.22456394444914565,-0.10701932547067013,21,1008,Origin-local observed-channel mean; does not replace pooled main metric
jena,BOLT_MINI_F0,F0,jena_BOLT_MINI_F0,,35183,test_a,0.6891088050365815,0.5847876126109253,-0.39251117924568313,21,1008,Origin-local observed-channel mean; does not replace pooled main metric
jena,BOLT_MINI_F0,F0,jena_BOLT_MINI_F0,,35207,test_a,0.17538726300792457,0.24759121833457834,-0.044076813606634034,21,1008,Origin-local observed-channel mean; does not replace pooled main metric
jena,BOLT_MINI_F0,F0,jena_BOLT_MINI_F0,,35231,test_a,0.36279080808621883,0.2862219326235058,0.11641056685974553,21,1008,Origin-local observed-channel mean; does not replace pooled main metric
jena,BOLT_MINI_F0,F0,jena_BOLT_MINI_F0,,35255,test_a,0.4971800349078533,0.24968159404520443,-0.03836386892501087,21,1008,Origin-local observed-channel mean; does not replace pooled main metric
jena,BOLT_MINI_F0,F0,jena_BOLT_MINI_F0,,35279,test_a,0.3296822234327528,0.31463612227918697,0.030982935265268356,21,1008,Origin-local observed-channel mean; does not replace pooled main metric
jena,BOLT_MINI_F0,F0,jena_BOLT_MINI_F0,,35303,test_a,0.7762463315798072,0.5452336098376056,-0.2199481296018579,21,1008,Origin-local observed-channel mean; does not replace pooled main metric
jena,BOLT_MINI_F0,F0,jena_BOLT_MINI_F0,,35327,test_a,0.412622265811217,0.45245463351914483,-0.19761771340274703,21,1008,Origin-local observed-channel mean; does not replace pooled main metric
jena,BOLT_MINI_F0,F0,jena_BOLT_MINI_F0,,35351,test_a,3.556292660024902,0.4244976066048756,-0.02985698116009148,21,1008,Origin-local observed-channel mean; does not replace pooled main metric
jena,BOLT_MINI_F0,F0,jena_BOLT_MINI_F0,,35375,test_a,3.9643833791743504,0.6238283309236674,-0.06950883846371968,21,1008,Origin-local observed-channel mean; does not replace pooled main metric
jena,BOLT_MINI_F0,F0,jena_BOLT_MINI_F0,,35399,test_a,0.4956878362075663,0.3749746586730156,0.016923970996498297,21,1008,Origin-local observed-channel mean; does not replace pooled main metric
jena,BOLT_MINI_F0,F0,jena_BOLT_MINI_F0,,35423,test_a,0.23818400548243174,0.2896001108465642,0.01898032108909405,21,1008,Origin-local observed-channel mean; does not replace pooled main metric
jena,BOLT_MINI_F0,F0,jena_BOLT_MINI_F0,,35447,test_a,0.31805782195986393,0.3464739464116208,-0.19019279532348884,21,1008,Origin-local observed-channel mean; does not replace pooled main metric
jena,BOLT_MINI_F0,F0,jena_BOLT_MINI_F0,,35471,test_a,1.0908236054970137,0.7037881040042044,-0.2172764856506893,21,1008,Origin-local observed-channel mean; does not replace pooled main metric
jena,BOLT_MINI_F0,F0,jena_BOLT_MINI_F0,,35495,test_a,0.26303653158019014,0.37307092597632346,0.04624406107292984,21,1008,Origin-local observed-channel mean; does not replace pooled main metric
jena,BOLT_MINI_F0,F0,jena_BOLT_MINI_F0,,35519,test_a,0.6403861066209545,0.4800404106069999,0.1910756614501773,21,1008,Origin-local observed-channel mean; does not replace pooled main metric
jena,BOLT_MINI_F0,F0,jena_BOLT_MINI_F0,,35543,test_a,0.2405013294364813,0.25381069135804113,-0.027134218363143094,21,1008,Origin-local observed-channel mean; does not replace pooled main metric
jena,BOLT_MINI_F0,F0,jena_BOLT_MINI_F0,,35567,test_a,0.3048918652161599,0.29739427194461254,-0.052080163239715774,21,1008,Origin-local observed-channel mean; does not replace pooled main metric
jena,BOLT_MINI_F0,F0,jena_BOLT_MINI_F0,,35591,test_a,0.5891206399220472,0.46184612322314117,-0.2609649214196936,21,1008,Origin-local observed-channel mean; does not replace pooled main metric
jena,BOLT_MINI_F0,F0,jena_BOLT_MINI_F0,,35615,test_a,0.8857698610116851,0.5750094464735687,-0.12738699041651602,21,1008,Origin-local observed-channel mean; does not replace pooled main metric
jena,BOLT_MINI_F0,F0,jena_BOLT_MINI_F0,,35639,test_a,1.5738256355641975,0.8069173689899986,0.25245161448886694,21,1008,Origin-local observed-channel mean; does not replace pooled main metric
jena,BOLT_MINI_F0,F0,jena_BOLT_MINI_F0,,35663,test_a,0.5128183027507948,0.4823255537237509,0.07065990127548936,21,1008,Origin-local observed-channel mean; does not replace pooled main metric
jena,BOLT_MINI_F0,F0,jena_BOLT_MINI_F0,,35687,test_a,0.25520440520418247,0.24833677655566594,-0.008887867126759385,21,1008,Origin-local observed-channel mean; does not replace pooled main metric
jena,BOLT_MINI_F0,F0,jena_BOLT_MINI_F0,,35711,test_a,0.23196045084124894,0.31071553894527437,0.12272401719440944,21,1008,Origin-local observed-channel mean; does not replace pooled main metric
jena,BOLT_MINI_F0,F0,jena_BOLT_MINI_F0,,35735,test_a,0.6213560539978898,0.4869846793672112,-0.07548164033470953,21,1008,Origin-local observed-channel mean; does not replace pooled main metric
jena,BOLT_MINI_F0,F0,jena_BOLT_MINI_F0,,35759,test_a,1.3387779884041293,0.7155701042648861,-0.19258954651209817,21,1008,Origin-local observed-channel mean; does not replace pooled main metric
jena,BOLT_MINI_F0,F0,jena_BOLT_MINI_F0,,35783,test_a,0.8946965349347261,0.5532435238183964,-0.018733081304364727,21,1008,Origin-local observed-channel mean; does not replace pooled main metric
jena,BOLT_MINI_F0,F0,jena_BOLT_MINI_F0,,35807,test_a,0.4332567723845449,0.371538855100216,-0.06187317107371256,21,1008,Origin-local observed-channel mean; does not replace pooled main metric
jena,BOLT_MINI_F0,F0,jena_BOLT_MINI_F0,,35831,test_a,0.3702758879711923,0.3674744532004947,0.0706315993809276,21,1008,Origin-local observed-channel mean; does not replace pooled main metric
jena,BOLT_MINI_F0,F0,jena_BOLT_MINI_F0,,35855,test_a,0.3261819920791231,0.2712115684915925,-0.08505610838931586,21,1008,Origin-local observed-channel mean; does not replace pooled main metric
jena,BOLT_MINI_F0,F0,jena_BOLT_MINI_F0,,35879,test_a,0.49542146989398894,0.38368679047007825,-0.16853285100983662,21,1008,Origin-local observed-channel mean; does not replace pooled main metric
jena,BOLT_MINI_F0,F0,jena_BOLT_MINI_F0,,35903,test_a,0.6578149763412128,0.51088265090486,-0.1429744120465503,21,1008,Origin-local observed-channel mean; does not replace pooled main metric
jena,BOLT_MINI_F0,F0,jena_BOLT_MINI_F0,,35927,test_a,0.5548582110118039,0.4491764034568665,0.29679429300438004,21,1008,Origin-local observed-channel mean; does not replace pooled main metric
jena,BOLT_MINI_F0,F0,jena_BOLT_MINI_F0,,35951,test_a,0.48625079233659685,0.41177354563623086,0.24415778848890027,21,1008,Origin-local observed-channel mean; does not replace pooled main metric
jena,BOLT_MINI_F0,F0,jena_BOLT_MINI_F0,,35975,test_a,0.5415224062300998,0.4150491909354708,0.08782336869730249,21,1008,Origin-local observed-channel mean; does not replace pooled main metric
jena,BOLT_MINI_F0,F0,jena_BOLT_MINI_F0,,35999,test_a,0.32263439581238107,0.33824778556637675,-0.030026631784494377,21,1008,Origin-local observed-channel mean; does not replace pooled main metric
jena,BOLT_MINI_F0,F0,jena_BOLT_MINI_F0,,36023,test_a,0.696045717310959,0.48275370859601174,-0.27981389824249386,21,1008,Origin-local observed-channel mean; does not replace pooled main metric
jena,BOLT_MINI_F0,F0,jena_BOLT_MINI_F0,,36047,test_a,0.24418291266974854,0.3311058751078524,-0.06698395279159913,21,1008,Origin-local observed-channel mean; does not replace pooled main metric
jena,BOLT_MINI_F0,F0,jena_BOLT_MINI_F0,,36071,test_a,0.19498821984868508,0.25145926742559477,0.10489976846350592,21,1008,Origin-local observed-channel mean; does not replace pooled main metric
jena,BOLT_MINI_F0,F0,jena_BOLT_MINI_F0,,36095,test_a,0.5145815496044444,0.4044450136855068,0.18208148286101367,21,1008,Origin-local observed-channel mean; does not replace pooled main metric
jena,BOLT_MINI_F0,F0,jena_BOLT_MINI_F0,,36119,test_a,0.20832615212644404,0.26143039216861197,0.00703329620360848,21,1008,Origin-local observed-channel mean; does not replace pooled main metric
jena,BOLT_MINI_F0,F0,jena_BOLT_MINI_F0,,36143,test_a,0.14879012824655036,0.18992561602661026,-0.05094909378062261,21,1008,Origin-local observed-channel mean; does not replace pooled main metric
jena,BOLT_MINI_F0,F0,jena_BOLT_MINI_F0,,36167,test_a,0.8031559468970746,0.5321105245776481,-0.2913660576288373,21,1008,Origin-local observed-channel mean; does not replace pooled main metric
jena,BOLT_MINI_F0,F0,jena_BOLT_MINI_F0,,36191,test_a,1.0402434150702868,0.644014493085937,-0.23017682562371305,21,1008,Origin-local observed-channel mean; does not replace pooled main metric
jena,BOLT_MINI_F0,F0,jena_BOLT_MINI_F0,,36215,test_a,1.1565999203024713,0.5483619666622309,0.06778465351320818,21,1008,Origin-local observed-channel mean; does not replace pooled main metric
jena,BOLT_MINI_F0,F0,jena_BOLT_MINI_F0,,36239,test_a,3.3527470343674417,1.0450224322289976,-0.2519902854114734,21,1008,Origin-local observed-channel mean; does not replace pooled main metric
jena,BOLT_MINI_F0,F0,jena_BOLT_MINI_F0,,36263,test_a,3.4840447703734028,0.6638971265088508,-0.14178223583786306,21,1008,Origin-local observed-channel mean; does not replace pooled main metric
jena,BOLT_MINI_F0,F0,jena_BOLT_MINI_F0,,36287,test_a,2.672734732240117,0.6274299470463857,-0.16586684452975906,21,1008,Origin-local observed-channel mean; does not replace pooled main metric
jena,BOLT_MINI_F0,F0,jena_BOLT_MINI_F0,,36311,test_a,0.5981354062371673,0.38513402775875183,0.1136066438872755,21,1008,Origin-local observed-channel mean; does not replace pooled main metric
jena,BOLT_MINI_F0,F0,jena_BOLT_MINI_F0,,36335,test_a,0.9537083224236256,0.5288497506777594,-0.056264488840945044,21,1008,Origin-local observed-channel mean; does not replace pooled main metric
jena,BOLT_MINI_F0,F0,jena_BOLT_MINI_F0,,36359,test_a,2.538337319328061,0.7298803719812506,0.18654383913016068,21,1008,Origin-local observed-channel mean; does not replace pooled main metric
jena,BOLT_MINI_F0,F0,jena_BOLT_MINI_F0,,36383,test_a,1.2221256564586758,0.3366466451138082,0.1749894643916854,21,1008,Origin-local observed-channel mean; does not replace pooled main metric
jena,BOLT_MINI_F0,F0,jena_BOLT_MINI_F0,,36407,test_a,0.07695517602021973,0.15596786302540705,0.027717557236933827,21,1008,Origin-local observed-channel mean; does not replace pooled main metric
jena,BOLT_MINI_F0,F0,jena_BOLT_MINI_F0,,36431,test_a,0.30589195819996207,0.258119147887873,0.006031049670705138,21,1008,Origin-local observed-channel mean; does not replace pooled main metric
jena,BOLT_MINI_F0,F0,jena_BOLT_MINI_F0,,36455,test_a,0.6734278920202355,0.5400145527022513,-0.014225021251828387,21,1008,Origin-local observed-channel mean; does not replace pooled main metric
jena,BOLT_MINI_F0,F0,jena_BOLT_MINI_F0,,36479,test_a,0.21228207332433496,0.3237116585180971,0.01305540303072785,21,1008,Origin-local observed-channel mean; does not replace pooled main metric
jena,BOLT_MINI_F0,F0,jena_BOLT_MINI_F0,,36503,test_a,0.13996820333769472,0.24274889199561636,-0.00030619887778783405,21,1008,Origin-local observed-channel mean; does not replace pooled main metric
jena,BOLT_MINI_F0,F0,jena_BOLT_MINI_F0,,36527,test_a,0.15347849262457058,0.28022528604404734,0.052685159439634935,21,1008,Origin-local observed-channel mean; does not replace pooled main metric
jena,BOLT_MINI_F0,F0,jena_BOLT_MINI_F0,,36551,test_a,0.20499570004254047,0.20978296118662923,-0.1311710644571006,21,1008,Origin-local observed-channel mean; does not replace pooled main metric
jena,BOLT_MINI_F0,F0,jena_BOLT_MINI_F0,,36575,test_a,0.37201962977597436,0.22925823460595607,-0.10325155742322159,21,1008,Origin-local observed-channel mean; does not replace pooled main metric
jena,BOLT_MINI_F0,F0,jena_BOLT_MINI_F0,,36599,test_a,0.621753921681604,0.3123345523730793,-0.1793079826498537,21,1008,Origin-local observed-channel mean; does not replace pooled main metric
jena,BOLT_MINI_F0,F0,jena_BOLT_MINI_F0,,36623,test_a,0.5175301949621026,0.3468293704527674,0.05740673603889132,21,1008,Origin-local observed-channel mean; does not replace pooled main metric
jena,BOLT_MINI_F0,F0,jena_BOLT_MINI_F0,,36647,test_a,0.19245150465219743,0.32665421287039487,0.22711995138005084,21,1008,Origin-local observed-channel mean; does not replace pooled main metric
jena,BOLT_MINI_F0,F0,jena_BOLT_MINI_F0,,36671,test_a,0.10870273320011581,0.24565142905616782,0.10729161214493657,21,1008,Origin-local observed-channel mean; does not replace pooled main metric
jena,BOLT_MINI_F0,F0,jena_BOLT_MINI_F0,,36695,test_a,0.10748055259524109,0.23673956226846513,0.13973429256808836,21,1008,Origin-local observed-channel mean; does not replace pooled main metric
jena,BOLT_MINI_F0,F0,jena_BOLT_MINI_F0,,36719,test_a,0.1646615046427975,0.2698646305663339,0.09762238104547807,21,1008,Origin-local observed-channel mean; does not replace pooled main metric
jena,BOLT_MINI_F0,F0,jena_BOLT_MINI_F0,,36743,test_a,0.195976450104405,0.28964465875261736,-0.06294736519558929,21,1008,Origin-local observed-channel mean; does not replace pooled main metric
jena,BOLT_MINI_F0,F0,jena_BOLT_MINI_F0,,36767,test_a,0.6211755208569996,0.5715867203211856,0.03801102199196021,21,1008,Origin-local observed-channel mean; does not replace pooled main metric
jena,BOLT_MINI_F0,F0,jena_BOLT_MINI_F0,,36791,test_a,0.1797227051805757,0.25608463445401175,-0.017781154804637593,21,1008,Origin-local observed-channel mean; does not replace pooled main metric
jena,BOLT_MINI_F0,F0,jena_BOLT_MINI_F0,,36815,test_a,0.34941836684491884,0.4223885773079394,0.07982937726046659,21,1008,Origin-local observed-channel mean; does not replace pooled main metric
jena,BOLT_MINI_F0,F0,jena_BOLT_MINI_F0,,36839,test_a,0.25146253119012224,0.2797475788333002,0.08967718086621194,21,1008,Origin-local observed-channel mean; does not replace pooled main metric
jena,BOLT_MINI_F0,F0,jena_BOLT_MINI_F0,,36863,test_a,0.2471692056115409,0.2595860104564862,0.012938330752640186,21,1008,Origin-local observed-channel mean; does not replace pooled main metric
jena,BOLT_MINI_F0,F0,jena_BOLT_MINI_F0,,36887,test_a,0.265450937311022,0.34355493050483465,-0.1291840729196944,21,1008,Origin-local observed-channel mean; does not replace pooled main metric
jena,BOLT_MINI_F0,F0,jena_BOLT_MINI_F0,,36911,test_a,0.3407194526115837,0.3783301316846822,-0.0967307567333346,21,1008,Origin-local observed-channel mean; does not replace pooled main metric
jena,BOLT_MINI_F0,F0,jena_BOLT_MINI_F0,,36935,test_a,0.46806238148469664,0.3015629666028656,-0.0022834051524691806,21,1008,Origin-local observed-channel mean; does not replace pooled main metric
jena,BOLT_MINI_F0,F0,jena_BOLT_MINI_F0,,36959,test_a,0.4119992472371302,0.3029948694626607,-0.005629885389348532,21,1008,Origin-local observed-channel mean; does not replace pooled main metric
jena,BOLT_MINI_F0,F0,jena_BOLT_MINI_F0,,36983,test_a,0.08133406398600393,0.18582003212519801,0.08397595154273736,21,1008,Origin-local observed-channel mean; does not replace pooled main metric
jena,BOLT_MINI_F0,F0,jena_BOLT_MINI_F0,,37007,test_a,0.04604755762694695,0.13605589341115398,0.06762121092215817,21,1008,Origin-local observed-channel mean; does not replace pooled main metric
jena,BOLT_MINI_F0,F0,jena_BOLT_MINI_F0,,37031,test_a,0.23520317224176587,0.23121525487248804,0.02164980149020613,21,1008,Origin-local observed-channel mean; does not replace pooled main metric
jena,BOLT_MINI_F0,F0,jena_BOLT_MINI_F0,,37055,test_a,0.843534430145097,0.5672793332027689,-0.13283168647317256,21,1008,Origin-local observed-channel mean; does not replace pooled main metric
jena,BOLT_MINI_F0,F0,jena_BOLT_MINI_F0,,37079,test_a,0.23328550342537557,0.31841449531109556,0.07350287522444526,21,1008,Origin-local observed-channel mean; does not replace pooled main metric
jena,BOLT_MINI_F0,F0,jena_BOLT_MINI_F0,,37103,test_a,0.44574314994676295,0.39039810282851517,0.1459650525247785,21,1008,Origin-local observed-channel mean; does not replace pooled main metric
jena,BOLT_MINI_F0,F0,jena_BOLT_MINI_F0,,37127,test_a,0.06442697121317252,0.15246931263252572,-0.06745285843857027,21,1008,Origin-local observed-channel mean; does not replace pooled main metric
jena,BOLT_MINI_F0,F0,jena_BOLT_MINI_F0,,37151,test_a,0.019798946289586356,0.10163149361139245,-0.044534602387954245,21,1008,Origin-local observed-channel mean; does not replace pooled main metric
jena,BOLT_MINI_F0,F0,jena_BOLT_MINI_F0,,37175,test_a,0.25204180283616817,0.23379786245058065,-0.046534043081861924,21,1008,Origin-local observed-channel mean; does not replace pooled main metric
jena,BOLT_MINI_F0,F0,jena_BOLT_MINI_F0,,37199,test_a,0.573173817811478,0.4588615770168424,-0.15036648000069175,21,1008,Origin-local observed-channel mean; does not replace pooled main metric
jena,BOLT_MINI_F0,F0,jena_BOLT_MINI_F0,,37223,test_a,0.33972556304435875,0.3349291259272298,0.12505956526128723,21,1008,Origin-local observed-channel mean; does not replace pooled main metric
jena,BOLT_MINI_F0,F0,jena_BOLT_MINI_F0,,37247,test_a,0.4514381734434773,0.4210867009966196,0.05044065663553608,21,1008,Origin-local observed-channel mean; does not replace pooled main metric
jena,BOLT_MINI_F0,F0,jena_BOLT_MINI_F0,,37271,test_a,0.28402398049728306,0.3058451614489305,-0.11919642322974384,21,1008,Origin-local observed-channel mean; does not replace pooled main metric
jena,BOLT_MINI_F0,F0,jena_BOLT_MINI_F0,,37295,test_a,0.08414385638706363,0.12936005385736715,-0.06768320359581609,21,1008,Origin-local observed-channel mean; does not replace pooled main metric
jena,BOLT_MINI_F0,F0,jena_BOLT_MINI_F0,,37319,test_a,0.27380939453115494,0.1974163162820563,-0.14062482885821653,21,1008,Origin-local observed-channel mean; does not replace pooled main metric
jena,BOLT_MINI_F0,F0,jena_BOLT_MINI_F0,,37343,test_a,0.41268109730958863,0.3134305220359931,0.03142260941297983,21,1008,Origin-local observed-channel mean; does not replace pooled main metric
jena,BOLT_MINI_F0,F0,jena_BOLT_MINI_F0,,37367,test_a,0.3390254332676891,0.3684253598987111,0.088748781068312,21,1008,Origin-local observed-channel mean; does not replace pooled main metric
jena,BOLT_MINI_F0,F0,jena_BOLT_MINI_F0,,37391,test_a,0.06303764216261029,0.13139113615854137,0.06648721419737236,21,1008,Origin-local observed-channel mean; does not replace pooled main metric
jena,BOLT_MINI_F0,F0,jena_BOLT_MINI_F0,,37415,test_a,0.36277333601673006,0.25364366527505877,0.02440024700326686,21,1008,Origin-local observed-channel mean; does not replace pooled main metric
jena,BOLT_MINI_F0,F0,jena_BOLT_MINI_F0,,37439,test_a,0.5537328505149341,0.43065987651823967,-0.1353666427635795,21,1008,Origin-local observed-channel mean; does not replace pooled main metric
jena,BOLT_MINI_F0,F0,jena_BOLT_MINI_F0,,37463,test_a,0.2858083758177694,0.28757332160545507,-0.10699004823809014,21,1008,Origin-local observed-channel mean; does not replace pooled main metric
jena,BOLT_MINI_F0,F0,jena_BOLT_MINI_F0,,37487,test_a,0.413609155872388,0.4268903015157169,-0.29904456083080266,21,1008,Origin-local observed-channel mean; does not replace pooled main metric
jena,BOLT_MINI_F0,F0,jena_BOLT_MINI_F0,,37511,test_a,0.20488497408777068,0.27673557836163726,-0.05588455301132478,21,1008,Origin-local observed-channel mean; does not replace pooled main metric
jena,BOLT_MINI_F0,F0,jena_BOLT_MINI_F0,,37535,test_a,0.3418099575115782,0.30199576498460606,0.06169242249528732,21,1008,Origin-local observed-channel mean; does not replace pooled main metric
jena,BOLT_MINI_F0,F0,jena_BOLT_MINI_F0,,37559,test_a,0.4853355549868076,0.26972936338822207,-0.12929438857815787,21,1008,Origin-local observed-channel mean; does not replace pooled main metric
jena,BOLT_MINI_F0,F0,jena_BOLT_MINI_F0,,37583,test_a,0.19976712538561484,0.2117883490200112,0.006199626736310572,21,1008,Origin-local observed-channel mean; does not replace pooled main metric
jena,BOLT_MINI_F0,F0,jena_BOLT_MINI_F0,,37607,test_a,0.34290724301916,0.27304886336071554,-0.1000878455194493,21,1008,Origin-local observed-channel mean; does not replace pooled main metric
jena,BOLT_MINI_F0,F0,jena_BOLT_MINI_F0,,37631,test_a,0.6704185018746535,0.5087962113664992,-0.3724907781951414,21,1008,Origin-local observed-channel mean; does not replace pooled main metric
jena,BOLT_MINI_F0,F0,jena_BOLT_MINI_F0,,37655,test_a,0.3040182770310543,0.3680401889682149,0.10585365003106066,21,1008,Origin-local observed-channel mean; does not replace pooled main metric
jena,BOLT_MINI_F0,F0,jena_BOLT_MINI_F0,,37679,test_a,0.2552109742377812,0.3254194354605196,0.18344424301684492,21,1008,Origin-local observed-channel mean; does not replace pooled main metric
jena,BOLT_MINI_F0,F0,jena_BOLT_MINI_F0,,37703,test_a,0.3650662728976218,0.22576580551235348,0.03548503619637656,21,1008,Origin-local observed-channel mean; does not replace pooled main metric
jena,BOLT_MINI_F0,F0,jena_BOLT_MINI_F0,,37727,test_a,0.5650989397872088,0.29811218717804877,-0.034585747950860966,21,1008,Origin-local observed-channel mean; does not replace pooled main metric
jena,BOLT_MINI_F0,F0,jena_BOLT_MINI_F0,,37751,test_a,0.505322337037245,0.393074589567573,-0.20893892768857308,21,1008,Origin-local observed-channel mean; does not replace pooled main metric
jena,BOLT_MINI_F0,F0,jena_BOLT_MINI_F0,,37775,test_a,0.7740366927009926,0.5875822156506021,-0.27838831751317245,21,1008,Origin-local observed-channel mean; does not replace pooled main metric
jena,BOLT_MINI_F0,F0,jena_BOLT_MINI_F0,,37799,test_a,0.5097663707089681,0.5286205894806209,0.3265735649670999,21,1008,Origin-local observed-channel mean; does not replace pooled main metric
jena,BOLT_MINI_F0,F0,jena_BOLT_MINI_F0,,37823,test_a,0.433142770339675,0.32657711192079,0.18260289352705486,21,1008,Origin-local observed-channel mean; does not replace pooled main metric
jena,BOLT_MINI_F0,F0,jena_BOLT_MINI_F0,,37847,test_a,0.5835659121198612,0.3278955000899418,0.08400484019154054,21,1008,Origin-local observed-channel mean; does not replace pooled main metric
jena,BOLT_MINI_F0,F0,jena_BOLT_MINI_F0,,37871,test_a,0.2966820358398255,0.30470093291417777,-0.012588851529313064,21,1008,Origin-local observed-channel mean; does not replace pooled main metric
jena,BOLT_MINI_F0,F0,jena_BOLT_MINI_F0,,37895,test_a,0.752925452894747,0.5235754704035427,-0.16839227623478065,21,1008,Origin-local observed-channel mean; does not replace pooled main metric
jena,BOLT_MINI_F0,F0,jena_BOLT_MINI_F0,,37919,test_a,0.5596827187844508,0.44602878205293406,-0.05610128708132024,21,1008,Origin-local observed-channel mean; does not replace pooled main metric
jena,BOLT_MINI_F0,F0,jena_BOLT_MINI_F0,,37943,test_a,0.22327754090320157,0.2849597214843102,0.14926519564404672,21,1008,Origin-local observed-channel mean; does not replace pooled main metric
jena,BOLT_MINI_F0,F0,jena_BOLT_MINI_F0,,37967,test_a,0.6611181676993686,0.41180036922003005,0.20689612825790102,21,1008,Origin-local observed-channel mean; does not replace pooled main metric
jena,BOLT_MINI_F0,F0,jena_BOLT_MINI_F0,,37991,test_a,0.7450664994613271,0.4591331087701422,0.07325058145446717,21,1008,Origin-local observed-channel mean; does not replace pooled main metric
jena,BOLT_MINI_F0,F0,jena_BOLT_MINI_F0,,38015,test_a,0.4068325486646551,0.3863731812362814,0.09178770472741837,21,1008,Origin-local observed-channel mean; does not replace pooled main metric
jena,BOLT_MINI_F0,F0,jena_BOLT_MINI_F0,,38039,test_a,0.5233711197209768,0.42085378507701016,-0.23322215280818956,21,1008,Origin-local observed-channel mean; does not replace pooled main metric
jena,BOLT_MINI_F0,F0,jena_BOLT_MINI_F0,,38063,test_a,0.522835856492368,0.45814062757713225,-0.13049217623229775,21,1008,Origin-local observed-channel mean; does not replace pooled main metric
jena,BOLT_MINI_F0,F0,jena_BOLT_MINI_F0,,38087,test_a,0.2644629420333028,0.3434984005469318,0.03435856072622026,21,1008,Origin-local observed-channel mean; does not replace pooled main metric
jena,BOLT_MINI_F0,F0,jena_BOLT_MINI_F0,,38111,test_a,0.4812860446467981,0.4012089913593382,0.14746678863027934,21,1008,Origin-local observed-channel mean; does not replace pooled main metric
jena,BOLT_MINI_F0,F0,jena_BOLT_MINI_F0,,38135,test_a,0.25785813637124055,0.2952796196264639,-0.006801878185335281,21,1008,Origin-local observed-channel mean; does not replace pooled main metric
jena,BOLT_MINI_F0,F0,jena_BOLT_MINI_F0,,38159,test_a,0.28485187068884954,0.2832603175485842,0.04064872762677306,21,1008,Origin-local observed-channel mean; does not replace pooled main metric
jena,BOLT_MINI_F0,F0,jena_BOLT_MINI_F0,,38183,test_a,0.3089291478679656,0.3488923818411654,-0.08563508905723528,21,1008,Origin-local observed-channel mean; does not replace pooled main metric
jena,BOLT_MINI_F0,F0,jena_BOLT_MINI_F0,,38207,test_a,0.7406940500373481,0.6027349480510956,-0.2763171201610627,21,1008,Origin-local observed-channel mean; does not replace pooled main metric
jena,BOLT_MINI_F0,F0,jena_BOLT_MINI_F0,,38231,test_a,0.31709563691685666,0.35052786236961503,0.19710452355156166,21,1008,Origin-local observed-channel mean; does not replace pooled main metric
jena,BOLT_MINI_F0,F0,jena_BOLT_MINI_F0,,38255,test_a,0.49517696103327763,0.45707652856025743,0.12442397017938282,21,1008,Origin-local observed-channel mean; does not replace pooled main metric
jena,BOLT_MINI_F0,F0,jena_BOLT_MINI_F0,,38279,test_a,0.17748771767348867,0.22119167652315463,-0.018525044710749797,21,1008,Origin-local observed-channel mean; does not replace pooled main metric
jena,BOLT_MINI_F0,F0,jena_BOLT_MINI_F0,,38303,test_a,0.11065563968554556,0.16264577711987682,-0.03272567005966728,21,1008,Origin-local observed-channel mean; does not replace pooled main metric
jena,BOLT_MINI_F0,F0,jena_BOLT_MINI_F0,,38327,test_a,0.3775884498994341,0.3809834640024559,-0.22670830007377338,21,1008,Origin-local observed-channel mean; does not replace pooled main metric
jena,BOLT_MINI_F0,F0,jena_BOLT_MINI_F0,,38351,test_a,0.3687533429957708,0.4206372812276684,-0.18195249973509886,21,1008,Origin-local observed-channel mean; does not replace pooled main metric
jena,BOLT_MINI_F0,F0,jena_BOLT_MINI_F0,,38375,test_a,0.42490344163163274,0.4067118150655121,0.09063902781492779,21,1008,Origin-local observed-channel mean; does not replace pooled main metric
jena,BOLT_MINI_F0,F0,jena_BOLT_MINI_F0,,38399,test_a,0.22926162994931484,0.30789831635555615,-0.015747577348693507,21,1008,Origin-local observed-channel mean; does not replace pooled main metric
jena,BOLT_MINI_F0,F0,jena_BOLT_MINI_F0,,38423,test_a,0.6410869126268649,0.40002023770937256,-0.23774693971109442,21,1008,Origin-local observed-channel mean; does not replace pooled main metric
jena,BOLT_MINI_F0,F0,jena_BOLT_MINI_F0,,38447,test_a,1.0623269925507348,0.4781503925499107,-0.2990040540813454,21,1008,Origin-local observed-channel mean; does not replace pooled main metric
jena,BOLT_MINI_F0,F0,jena_BOLT_MINI_F0,,38471,test_a,0.4434963575498716,0.342338266991271,0.043819825317191405,21,1008,Origin-local observed-channel mean; does not replace pooled main metric
jena,BOLT_MINI_F0,F0,jena_BOLT_MINI_F0,,38495,test_a,1.246357784586246,0.6184496281914309,-0.013702879002223552,21,1008,Origin-local observed-channel mean; does not replace pooled main metric
jena,BOLT_MINI_F0,F0,jena_BOLT_MINI_F0,,38519,test_a,0.502067180725441,0.4402373226549816,0.013198334384628283,21,1008,Origin-local observed-channel mean; does not replace pooled main metric
jena,BOLT_MINI_F0,F0,jena_BOLT_MINI_F0,,38543,test_a,0.25524117703029536,0.3097007376449515,0.1452777816600809,21,1008,Origin-local observed-channel mean; does not replace pooled main metric
jena,BOLT_MINI_F0,F0,jena_BOLT_MINI_F0,,38567,test_a,0.20059246310518392,0.19953362172248212,-0.020318746927683044,21,1008,Origin-local observed-channel mean; does not replace pooled main metric
jena,BOLT_MINI_F0,F0,jena_BOLT_MINI_F0,,38591,test_a,0.09725410847676784,0.14066098346215555,-0.04239180560664011,21,1008,Origin-local observed-channel mean; does not replace pooled main metric
jena,BOLT_MINI_F0,F0,jena_BOLT_MINI_F0,,38615,test_a,0.3971446656717807,0.3315032084162614,-0.20239022636301274,21,1008,Origin-local observed-channel mean; does not replace pooled main metric
jena,BOLT_MINI_F0,F0,jena_BOLT_MINI_F0,,38639,test_a,0.22097005473484335,0.2614372431883004,-0.1632422164791298,21,1008,Origin-local observed-channel mean; does not replace pooled main metric
jena,BOLT_MINI_F0,F0,jena_BOLT_MINI_F0,,38663,test_a,0.1821953491879252,0.2531883177681944,0.014743800593783996,21,1008,Origin-local observed-channel mean; does not replace pooled main metric
jena,BOLT_MINI_F0,F0,jena_BOLT_MINI_F0,,38687,test_a,0.26089420529239854,0.2825265361729728,0.12050124096022624,21,1008,Origin-local observed-channel mean; does not replace pooled main metric
jena,BOLT_MINI_F0,F0,jena_BOLT_MINI_F0,,38711,test_a,0.13265530355288155,0.16998655785250272,0.02345760181566538,21,1008,Origin-local observed-channel mean; does not replace pooled main metric
jena,BOLT_MINI_F0,F0,jena_BOLT_MINI_F0,,38735,test_a,0.5190921450313207,0.3056130696495529,-0.11122638586352375,21,1008,Origin-local observed-channel mean; does not replace pooled main metric
jena,BOLT_MINI_F0,F0,jena_BOLT_MINI_F0,,38759,test_a,0.5641891331299892,0.3488761881499411,-0.290505435548438,21,1008,Origin-local observed-channel mean; does not replace pooled main metric
jena,BOLT_MINI_F0,F0,jena_BOLT_MINI_F0,,38783,test_a,0.24630671274426788,0.3845135107924956,-0.21544736929255007,21,1008,Origin-local observed-channel mean; does not replace pooled main metric
jena,BOLT_MINI_F0,F0,jena_BOLT_MINI_F0,,38807,test_a,0.5977657963975185,0.36352836068059935,0.018133235797341468,21,1008,Origin-local observed-channel mean; does not replace pooled main metric
jena,BOLT_MINI_F0,F0,jena_BOLT_MINI_F0,,38831,test_a,0.6877341324024091,0.45340722424463376,0.005741189236741322,21,1008,Origin-local observed-channel mean; does not replace pooled main metric
jena,BOLT_MINI_F0,F0,jena_BOLT_MINI_F0,,38855,test_a,0.3880918605842281,0.39021457209332044,0.10733841357722348,21,1008,Origin-local observed-channel mean; does not replace pooled main metric
jena,BOLT_MINI_F0,F0,jena_BOLT_MINI_F0,,38879,test_a,0.22104064595649375,0.3016967345881443,0.2090305372860582,21,1008,Origin-local observed-channel mean; does not replace pooled main metric
jena,BOLT_MINI_F0,F0,jena_BOLT_MINI_F0,,38903,test_a,1.0823990006319777,0.47332021505765925,-0.34000830322740566,21,1008,Origin-local observed-channel mean; does not replace pooled main metric
jena,BOLT_MINI_F0,F0,jena_BOLT_MINI_F0,,38927,test_a,1.3092316952933294,0.5816266293533975,-0.46295846354157194,21,1008,Origin-local observed-channel mean; does not replace pooled main metric
jena,BOLT_MINI_F0,F0,jena_BOLT_MINI_F0,,38951,test_a,0.4793481562130869,0.397032367023972,0.08622219251184207,21,1008,Origin-local observed-channel mean; does not replace pooled main metric
jena,BOLT_MINI_F0,F0,jena_BOLT_MINI_F0,,38975,test_a,0.2797486778244719,0.3774552381537433,0.25492520657403406,21,1008,Origin-local observed-channel mean; does not replace pooled main metric
jena,BOLT_MINI_F0,F0,jena_BOLT_MINI_F0,,38999,test_a,0.22615184133248173,0.25150097456518106,0.016153160736856027,21,1008,Origin-local observed-channel mean; does not replace pooled main metric
jena,BOLT_MINI_F0,F0,jena_BOLT_MINI_F0,,39023,test_a,0.22807458132132166,0.27652456554428756,-0.06101605769978802,21,1008,Origin-local observed-channel mean; does not replace pooled main metric
jena,BOLT_MINI_F0,F0,jena_BOLT_MINI_F0,,39047,test_a,0.30490796791704816,0.31459588666921406,-0.031526407876905686,21,1008,Origin-local observed-channel mean; does not replace pooled main metric
jena,BOLT_MINI_F0,F0,jena_BOLT_MINI_F0,,39071,test_a,0.2914880069779911,0.33611677070804574,-0.05135264041092299,21,1008,Origin-local observed-channel mean; does not replace pooled main metric
jena,BOLT_MINI_F0,F0,jena_BOLT_MINI_F0,,39095,test_a,0.47120821135857505,0.4958527822004076,0.1505584098042077,21,1008,Origin-local observed-channel mean; does not replace pooled main metric
jena,BOLT_MINI_F0,F0,jena_BOLT_MINI_F0,,39119,test_a,0.3009311224652781,0.3605176161073027,0.1807978985818322,21,1008,Origin-local observed-channel mean; does not replace pooled main metric
jena,BOLT_MINI_F0,F0,jena_BOLT_MINI_F0,,39143,test_a,0.21862608736300718,0.25862248122546827,0.0915854896080014,21,1008,Origin-local observed-channel mean; does not replace pooled main metric
jena,BOLT_MINI_F0,F0,jena_BOLT_MINI_F0,,39167,test_a,0.2720237668040556,0.32995544911890257,0.12917215115631403,21,1008,Origin-local observed-channel mean; does not replace pooled main metric
jena,BOLT_MINI_F0,F0,jena_BOLT_MINI_F0,,39191,test_a,0.3842223969318012,0.39796008524001714,-0.055239537155434934,21,1008,Origin-local observed-channel mean; does not replace pooled main metric
jena,BOLT_MINI_F0,F0,jena_BOLT_MINI_F0,,39215,test_a,0.31344663808502193,0.34423730289875365,0.11648948358023994,21,1008,Origin-local observed-channel mean; does not replace pooled main metric
jena,BOLT_MINI_F0,F0,jena_BOLT_MINI_F0,,39239,test_a,0.25252994118317396,0.30881784292756087,0.16348938425665163,21,1008,Origin-local observed-channel mean; does not replace pooled main metric
jena,BOLT_MINI_F0,F0,jena_BOLT_MINI_F0,,39263,test_a,0.16460199977730258,0.25323042334153323,0.016150782938774727,21,1008,Origin-local observed-channel mean; does not replace pooled main metric
jena,BOLT_MINI_F0,F0,jena_BOLT_MINI_F0,,39287,test_a,0.08305882498605607,0.1760341318234941,0.042939034503357704,21,1008,Origin-local observed-channel mean; does not replace pooled main metric
jena,BOLT_MINI_F0,F0,jena_BOLT_MINI_F0,,39311,test_a,0.17499859558714106,0.2478104666141527,0.11412447659550086,21,1008,Origin-local observed-channel mean; does not replace pooled main metric
jena,BOLT_MINI_F0,F0,jena_BOLT_MINI_F0,,39335,test_a,0.4359278747668965,0.36750848321711566,-0.15685500742659184,21,1008,Origin-local observed-channel mean; does not replace pooled main metric
jena,BOLT_MINI_F0,F0,jena_BOLT_MINI_F0,,39359,test_a,0.5862820845888178,0.529789931996097,-0.2789119653409274,21,1008,Origin-local observed-channel mean; does not replace pooled main metric
jena,BOLT_MINI_F0,F0,jena_BOLT_MINI_F0,,39383,test_a,0.1450352376412716,0.2632746190999266,0.06594918244503327,21,1008,Origin-local observed-channel mean; does not replace pooled main metric
jena,BOLT_MINI_F0,F0,jena_BOLT_MINI_F0,,39407,test_a,0.2658142912844016,0.2178024444126802,-0.06755454677817946,21,1008,Origin-local observed-channel mean; does not replace pooled main metric
jena,BOLT_MINI_F0,F0,jena_BOLT_MINI_F0,,39431,test_a,0.3082532136706546,0.2558581611159002,-0.1444766108159254,21,1008,Origin-local observed-channel mean; does not replace pooled main metric
jena,BOLT_MINI_F0,F0,jena_BOLT_MINI_F0,,39455,test_a,0.3045472814884302,0.20923349141380715,-0.07310944636345892,21,1008,Origin-local observed-channel mean; does not replace pooled main metric
jena,BOLT_MINI_F0,F0,jena_BOLT_MINI_F0,,39479,test_a,0.41167082929903004,0.32568508095276244,-0.12499179382873066,21,1008,Origin-local observed-channel mean; does not replace pooled main metric
jena,BOLT_MINI_F0,F0,jena_BOLT_MINI_F0,,39503,test_a,0.3645989681393558,0.4225106852130026,-0.1326991747898449,21,1008,Origin-local observed-channel mean; does not replace pooled main metric
jena,BOLT_MINI_F0,F0,jena_BOLT_MINI_F0,,39527,test_a,0.25420451187928567,0.36815964510629234,0.16099595529949368,21,1008,Origin-local observed-channel mean; does not replace pooled main metric
jena,BOLT_MINI_F0,F0,jena_BOLT_MINI_F0,,39551,test_a,0.15773084350890884,0.19116225007544724,0.09743872780942067,21,1008,Origin-local observed-channel mean; does not replace pooled main metric
jena,BOLT_MINI_F0,F0,jena_BOLT_MINI_F0,,39575,test_a,0.22230708949548084,0.26506345740528475,0.09924383545039166,21,1008,Origin-local observed-channel mean; does not replace pooled main metric
jena,BOLT_MINI_F0,F0,jena_BOLT_MINI_F0,,39599,test_a,0.09413164142727276,0.16001767006471507,0.04538214804242239,21,1008,Origin-local observed-channel mean; does not replace pooled main metric
jena,BOLT_MINI_F0,F0,jena_BOLT_MINI_F0,,39623,test_a,0.28744935493876317,0.32729420877385856,-0.14099236186296957,21,1008,Origin-local observed-channel mean; does not replace pooled main metric
jena,BOLT_MINI_F0,F0,jena_BOLT_MINI_F0,,39647,test_a,0.6030108891656335,0.3905604266489271,-0.18855481024585308,21,1008,Origin-local observed-channel mean; does not replace pooled main metric
jena,BOLT_MINI_F0,F0,jena_BOLT_MINI_F0,,39671,test_a,0.6537907090922608,0.42886244347842184,0.002079132711919063,21,1008,Origin-local observed-channel mean; does not replace pooled main metric
jena,BOLT_MINI_F0,F0,jena_BOLT_MINI_F0,,39695,test_a,0.3515533209972009,0.3372729875056451,0.024504086510349885,21,1008,Origin-local observed-channel mean; does not replace pooled main metric
jena,BOLT_MINI_F0,F0,jena_BOLT_MINI_F0,,39719,test_a,0.2526830199469459,0.23828519279662036,0.09040714352990367,21,1008,Origin-local observed-channel mean; does not replace pooled main metric
jena,BOLT_MINI_F0,F0,jena_BOLT_MINI_F0,,39743,test_a,0.21956368191977144,0.16976361614393276,-0.02329249703510117,21,1008,Origin-local observed-channel mean; does not replace pooled main metric
jena,BOLT_MINI_F0,F0,jena_BOLT_MINI_F0,,39767,test_a,0.39509029376878096,0.262065569826446,-0.13880940251824034,21,1008,Origin-local observed-channel mean; does not replace pooled main metric
jena,BOLT_MINI_F0,F0,jena_BOLT_MINI_F0,,39791,test_a,0.4672294874199555,0.3538809069297627,-0.06827059138830673,21,1008,Origin-local observed-channel mean; does not replace pooled main metric
jena,BOLT_MINI_F0,F0,jena_BOLT_MINI_F0,,39815,test_a,0.4402955051789157,0.3114892907622215,-0.03383596950937766,21,1008,Origin-local observed-channel mean; does not replace pooled main metric
jena,BOLT_MINI_F0,F0,jena_BOLT_MINI_F0,,39839,test_a,0.6039701858201114,0.30920217449348125,-0.12446436479998131,21,1008,Origin-local observed-channel mean; does not replace pooled main metric
jena,BOLT_MINI_F0,F0,jena_BOLT_MINI_F0,,39863,test_a,0.25709542534606505,0.2549387926627542,0.032830144548493014,21,1008,Origin-local observed-channel mean; does not replace pooled main metric
jena,BOLT_MINI_F0,F0,jena_BOLT_MINI_F0,,39887,test_a,0.1305993744811964,0.12732924349487776,-0.08345540405975449,21,1008,Origin-local observed-channel mean; does not replace pooled main metric
jena,BOLT_MINI_F0,F0,jena_BOLT_MINI_F0,,39911,test_a,0.29464907422421466,0.20295207030190682,-0.18314026427683455,21,1008,Origin-local observed-channel mean; does not replace pooled main metric
jena,BOLT_MINI_F0,F0,jena_BOLT_MINI_F0,,39935,test_a,0.4433628725944483,0.28123050036760505,-0.2009222890303771,21,1008,Origin-local observed-channel mean; does not replace pooled main metric
jena,BOLT_MINI_F0,F0,jena_BOLT_MINI_F0,,39959,test_a,0.4304413558141606,0.2711434779230186,-0.05435640151348968,21,1008,Origin-local observed-channel mean; does not replace pooled main metric
jena,BOLT_MINI_F0,F0,jena_BOLT_MINI_F0,,39983,test_a,0.3164969119511854,0.2461869431231568,-0.015652260853837804,21,1008,Origin-local observed-channel mean; does not replace pooled main metric
jena,BOLT_MINI_F0,F0,jena_BOLT_MINI_F0,,40007,test_a,0.2695288790454202,0.20831659385351936,-0.03586814420458044,21,1008,Origin-local observed-channel mean; does not replace pooled main metric
jena,BOLT_MINI_F0,F0,jena_BOLT_MINI_F0,,40031,test_a,0.18594299822158833,0.1572557060276195,-0.03242120472206143,21,1008,Origin-local observed-channel mean; does not replace pooled main metric
jena,BOLT_MINI_F0,F0,jena_BOLT_MINI_F0,,40055,test_a,0.21827840462926754,0.21956928840668366,-0.11801575628914944,21,1008,Origin-local observed-channel mean; does not replace pooled main metric
jena,BOLT_MINI_F0,F0,jena_BOLT_MINI_F0,,40079,test_a,0.15859764646262903,0.2428187415213278,-0.10678526545338432,21,1008,Origin-local observed-channel mean; does not replace pooled main metric
jena,BOLT_MINI_F0,F0,jena_BOLT_MINI_F0,,40103,test_a,0.4090823468308183,0.28529398196336675,0.0488216749981225,21,1008,Origin-local observed-channel mean; does not replace pooled main metric
jena,BOLT_MINI_F0,F0,jena_BOLT_MINI_F0,,40127,test_a,0.5117099649971734,0.2788551196230517,-0.04755319858021619,21,1008,Origin-local observed-channel mean; does not replace pooled main metric
jena,BOLT_MINI_F0,F0,jena_BOLT_MINI_F0,,40151,test_a,0.3972187451377568,0.30008750720570254,0.04253097894246504,21,1008,Origin-local observed-channel mean; does not replace pooled main metric
jena,BOLT_MINI_F0,F0,jena_BOLT_MINI_F0,,40175,test_a,0.2743369651115683,0.24348402545128633,0.01854966399199811,21,1008,Origin-local observed-channel mean; does not replace pooled main metric
jena,BOLT_MINI_F0,F0,jena_BOLT_MINI_F0,,40199,test_a,0.2677087169933203,0.23775878886408464,-0.13026972003287468,21,1008,Origin-local observed-channel mean; does not replace pooled main metric
jena,BOLT_MINI_F0,F0,jena_BOLT_MINI_F0,,40223,test_a,0.4790360101862233,0.4587286824414136,-0.18926547900053495,21,1008,Origin-local observed-channel mean; does not replace pooled main metric
jena,BOLT_MINI_F0,F0,jena_BOLT_MINI_F0,,40247,test_a,0.19685642212174626,0.29419661285150117,0.18051114506566332,21,1008,Origin-local observed-channel mean; does not replace pooled main metric
jena,BOLT_MINI_F0,F0,jena_BOLT_MINI_F0,,40271,test_a,0.28622507430201355,0.3739008974057109,0.08644065582854046,21,1008,Origin-local observed-channel mean; does not replace pooled main metric
jena,BOLT_MINI_F0,F0,jena_BOLT_MINI_F0,,40295,test_a,0.05672413380160946,0.13663134586913078,-0.0061818222347793635,21,1008,Origin-local observed-channel mean; does not replace pooled main metric
jena,BOLT_MINI_F0,F0,jena_BOLT_MINI_F0,,40319,test_a,0.080449248233635,0.14677893652666776,-0.06345777784855951,21,1008,Origin-local observed-channel mean; does not replace pooled main metric
jena,BOLT_MINI_F0,F0,jena_BOLT_MINI_F0,,40343,test_a,0.3701775365175142,0.4218086878090472,-0.278394329705089,21,1008,Origin-local observed-channel mean; does not replace pooled main metric
jena,BOLT_MINI_F0,F0,jena_BOLT_MINI_F0,,40367,test_a,0.6321710301858902,0.5285842966680767,-0.2607564504836023,21,1008,Origin-local observed-channel mean; does not replace pooled main metric
jena,BOLT_MINI_F0,F0,jena_BOLT_MINI_F0,,40391,test_a,0.4506071804233978,0.36275173583040693,-0.06070614910265524,21,1008,Origin-local observed-channel mean; does not replace pooled main metric
jena,BOLT_MINI_F0,F0,jena_BOLT_MINI_F0,,40415,test_a,0.10187525557028299,0.19150662347018377,0.08822701380741485,21,1008,Origin-local observed-channel mean; does not replace pooled main metric
jena,BOLT_MINI_F0,F0,jena_BOLT_MINI_F0,,40439,test_a,0.10544427776142433,0.16925671427279237,-0.07739207276089084,21,1008,Origin-local observed-channel mean; does not replace pooled main metric
jena,BOLT_MINI_F0,F0,jena_BOLT_MINI_F0,,40463,test_a,0.1792477637669812,0.2620607773799473,-0.12758827311878873,21,1008,Origin-local observed-channel mean; does not replace pooled main metric
jena,BOLT_MINI_F0,F0,jena_BOLT_MINI_F0,,40487,test_a,0.29745998947120156,0.32680880217508057,-0.0848682364943208,21,1008,Origin-local observed-channel mean; does not replace pooled main metric
jena,BOLT_MINI_F0,F0,jena_BOLT_MINI_F0,,40511,test_a,0.4628787094049641,0.5310923982296595,-0.32497988643964554,21,1008,Origin-local observed-channel mean; does not replace pooled main metric
jena,BOLT_MINI_F0,F0,jena_BOLT_MINI_F0,,40535,test_a,0.8097527291028725,0.4708459432314693,-0.07526905991847067,21,1008,Origin-local observed-channel mean; does not replace pooled main metric
jena,BOLT_MINI_F0,F0,jena_BOLT_MINI_F0,,40559,test_a,0.8063377369190052,0.37913322883197537,-0.034650658499722056,21,1008,Origin-local observed-channel mean; does not replace pooled main metric
jena,BOLT_MINI_F0,F0,jena_BOLT_MINI_F0,,40583,test_a,0.1738937993733163,0.19372725356053766,0.10280305559024869,21,1008,Origin-local observed-channel mean; does not replace pooled main metric
jena,BOLT_MINI_F0,F0,jena_BOLT_MINI_F0,,40607,test_a,0.09840138628049304,0.20884527793965563,0.1063654069837376,21,1008,Origin-local observed-channel mean; does not replace pooled main metric
jena,BOLT_MINI_F0,F0,jena_BOLT_MINI_F0,,40631,test_a,0.3768494727237376,0.35839476204695064,-0.21302694256288332,21,1008,Origin-local observed-channel mean; does not replace pooled main metric
jena,BOLT_MINI_F0,F0,jena_BOLT_MINI_F0,,40655,test_a,0.7765777419091398,0.5741187888637624,-0.1807247292113422,21,1008,Origin-local observed-channel mean; does not replace pooled main metric
jena,BOLT_MINI_F0,F0,jena_BOLT_MINI_F0,,40679,test_a,0.5201600026695716,0.4775441209659755,0.0794447566423471,21,1008,Origin-local observed-channel mean; does not replace pooled main metric
jena,BOLT_MINI_F0,F0,jena_BOLT_MINI_F0,,40703,test_a,0.08024182471017804,0.166483893368711,0.015980109689749836,21,1008,Origin-local observed-channel mean; does not replace pooled main metric
jena,BOLT_MINI_F0,F0,jena_BOLT_MINI_F0,,40727,test_a,0.2905915177506947,0.26939629231295953,-0.09803813018411997,21,1008,Origin-local observed-channel mean; does not replace pooled main metric
jena,BOLT_MINI_F0,F0,jena_BOLT_MINI_F0,,40751,test_a,0.7891638903294373,0.4331644413281798,-0.3457374717697912,21,1008,Origin-local observed-channel mean; does not replace pooled main metric
jena,BOLT_MINI_F0,F0,jena_BOLT_MINI_F0,,40775,test_a,0.6406992388635261,0.4606227304995252,-0.2520830871912444,21,1008,Origin-local observed-channel mean; does not replace pooled main metric
jena,BOLT_MINI_F0,F0,jena_BOLT_MINI_F0,,40799,test_a,0.6013454105020858,0.5491854657832715,-0.07023964270924879,21,1008,Origin-local observed-channel mean; does not replace pooled main metric
jena,BOLT_MINI_F0,F0,jena_BOLT_MINI_F0,,40823,test_a,0.3620640445425173,0.38045107245298343,0.14198618164375637,21,1008,Origin-local observed-channel mean; does not replace pooled main metric
jena,BOLT_MINI_F0,F0,jena_BOLT_MINI_F0,,40847,test_a,0.2023653593166198,0.32518642397825176,0.08432854082870078,21,1008,Origin-local observed-channel mean; does not replace pooled main metric
jena,BOLT_MINI_F0,F0,jena_BOLT_MINI_F0,,40871,test_a,0.16762467494608596,0.22422980281869903,0.09118883028425026,21,1008,Origin-local observed-channel mean; does not replace pooled main metric
jena,BOLT_MINI_F0,F0,jena_BOLT_MINI_F0,,40895,test_a,0.4082571892484624,0.2946623908966782,6.98659154410903e-05,21,1008,Origin-local observed-channel mean; does not replace pooled main metric
jena,BOLT_MINI_F0,F0,jena_BOLT_MINI_F0,,40919,test_a,0.3563816466724394,0.33138917183012895,-0.09935530166613817,21,1008,Origin-local observed-channel mean; does not replace pooled main metric
jena,BOLT_MINI_F0,F0,jena_BOLT_MINI_F0,,40943,test_a,0.2888345745876872,0.3467741361324327,-0.08997897420877485,21,1008,Origin-local observed-channel mean; does not replace pooled main metric
jena,BOLT_MINI_F0,F0,jena_BOLT_MINI_F0,,40967,test_a,0.17043657547590746,0.26509047259519103,0.11278270227996962,21,1008,Origin-local observed-channel mean; does not replace pooled main metric
jena,BOLT_MINI_F0,F0,jena_BOLT_MINI_F0,,40991,test_a,0.23064850581413313,0.32921438966727623,0.14162787701946128,21,1008,Origin-local observed-channel mean; does not replace pooled main metric
jena,BOLT_MINI_F0,F0,jena_BOLT_MINI_F0,,41015,test_a,0.14953521340522008,0.2742529995061525,0.15804096495366324,21,1008,Origin-local observed-channel mean; does not replace pooled main metric
jena,BOLT_MINI_F0,F0,jena_BOLT_MINI_F0,,41039,test_a,0.10305006262231824,0.22296462975542194,0.13944329494621516,21,1008,Origin-local observed-channel mean; does not replace pooled main metric
jena,BOLT_MINI_F0,F0,jena_BOLT_MINI_F0,,41063,test_a,0.2974158171094283,0.3151884805023049,-0.14561016236557553,21,1008,Origin-local observed-channel mean; does not replace pooled main metric
jena,BOLT_MINI_F0,F0,jena_BOLT_MINI_F0,,41087,test_a,0.6777364032585498,0.6434471200221787,-0.34376153341612997,21,1008,Origin-local observed-channel mean; does not replace pooled main metric
jena,BOLT_MINI_F0,F0,jena_BOLT_MINI_F0,,41111,test_a,0.21001271479089254,0.30457267526481513,-0.011439925454367991,21,1008,Origin-local observed-channel mean; does not replace pooled main metric
jena,BOLT_MINI_F0,F0,jena_BOLT_MINI_F0,,41135,test_a,0.16565314634014147,0.21365364455645222,-0.01857758252842201,21,1008,Origin-local observed-channel mean; does not replace pooled main metric
jena,BOLT_MINI_F0,F0,jena_BOLT_MINI_F0,,41159,test_a,0.22405216646550105,0.21733701611002387,-0.15844003940952778,21,1008,Origin-local observed-channel mean; does not replace pooled main metric
jena,BOLT_MINI_F0,F0,jena_BOLT_MINI_F0,,41183,test_a,0.3078158634351012,0.2787884815541994,-0.12987638937216067,21,1008,Origin-local observed-channel mean; does not replace pooled main metric
jena,BOLT_MINI_F0,F0,jena_BOLT_MINI_F0,,41207,test_a,0.9267082983206663,0.6817441548851743,0.007528911092185099,21,1008,Origin-local observed-channel mean; does not replace pooled main metric
jena,BOLT_MINI_F0,F0,jena_BOLT_MINI_F0,,41231,test_a,0.39661668895846974,0.3714424595151892,-0.08403360468247907,21,1008,Origin-local observed-channel mean; does not replace pooled main metric
jena,BOLT_MINI_F0,F0,jena_BOLT_MINI_F0,,41255,test_a,0.16213214556502248,0.20566182458054438,0.14610001908399028,21,1008,Origin-local observed-channel mean; does not replace pooled main metric
jena,BOLT_MINI_F0,F0,jena_BOLT_MINI_F0,,41279,test_a,0.09917950576352631,0.18567014942712534,0.11945386762714147,21,1008,Origin-local observed-channel mean; does not replace pooled main metric
jena,BOLT_MINI_F0,F0,jena_BOLT_MINI_F0,,41303,test_a,0.04480501540561795,0.10397336899306595,0.05603517612926513,21,1008,Origin-local observed-channel mean; does not replace pooled main metric
jena,BOLT_MINI_F0,F0,jena_BOLT_MINI_F0,,41327,test_a,0.06459226933844163,0.13839973785567083,0.0052721872870322446,21,1008,Origin-local observed-channel mean; does not replace pooled main metric
jena,BOLT_MINI_F0,F0,jena_BOLT_MINI_F0,,41351,test_a,0.14903681883466263,0.209678933351709,-0.043792093031538935,21,1008,Origin-local observed-channel mean; does not replace pooled main metric
jena,BOLT_MINI_F0,F0,jena_BOLT_MINI_F0,,41375,test_a,0.3637560108358289,0.4345252450228953,-0.11198266718507972,21,1008,Origin-local observed-channel mean; does not replace pooled main metric
jena,BOLT_MINI_F0,F0,jena_BOLT_MINI_F0,,41399,test_a,0.4269677618519134,0.3545105836612261,-0.016935819801512958,21,1008,Origin-local observed-channel mean; does not replace pooled main metric
jena,BOLT_MINI_F0,F0,jena_BOLT_MINI_F0,,41423,test_a,0.5972269756696618,0.4245999851314009,-0.055165975037790096,21,1008,Origin-local observed-channel mean; does not replace pooled main metric
jena,BOLT_MINI_F0,F0,jena_BOLT_MINI_F0,,41447,test_a,0.2737491386252734,0.2820806163192809,0.02207646909728138,21,1008,Origin-local observed-channel mean; does not replace pooled main metric
jena,BOLT_MINI_F0,F0,jena_BOLT_MINI_F0,,41471,test_a,0.24321414823563117,0.3231011528059464,0.10432346449710572,21,1008,Origin-local observed-channel mean; does not replace pooled main metric
jena,BOLT_MINI_F0,F0,jena_BOLT_MINI_F0,,41495,test_a,0.2618121766251249,0.2848263771839911,-0.1715829146698294,21,1008,Origin-local observed-channel mean; does not replace pooled main metric
jena,BOLT_MINI_F0,F0,jena_BOLT_MINI_F0,,41519,test_a,0.47581508723263904,0.4919089262209835,-0.18968637200892804,21,1008,Origin-local observed-channel mean; does not replace pooled main metric
jena,BOLT_MINI_F0,F0,jena_BOLT_MINI_F0,,41543,test_a,0.24669259525347217,0.33738594977164627,0.1892382839761402,21,1008,Origin-local observed-channel mean; does not replace pooled main metric
jena,BOLT_MINI_F0,F0,jena_BOLT_MINI_F0,,41567,test_a,0.17313156669253482,0.2405175032188651,0.05602743469910547,21,1008,Origin-local observed-channel mean; does not replace pooled main metric
jena,BOLT_MINI_F0,F0,jena_BOLT_MINI_F0,,41591,test_a,0.17527558124567363,0.23728666307639892,0.053858198308334417,21,1008,Origin-local observed-channel mean; does not replace pooled main metric
jena,BOLT_MINI_F0,F0,jena_BOLT_MINI_F0,,41615,test_a,0.18076608407327285,0.2064745730373062,0.05137442324739244,21,1008,Origin-local observed-channel mean; does not replace pooled main metric
jena,BOLT_MINI_F0,F0,jena_BOLT_MINI_F0,,41639,test_a,0.5343484684064203,0.4162101439174472,-0.20924250914212608,21,1008,Origin-local observed-channel mean; does not replace pooled main metric
jena,BOLT_MINI_F0,F0,jena_BOLT_MINI_F0,,41663,test_a,1.1807870554128446,0.8794128069643021,-0.35907187608868946,21,1008,Origin-local observed-channel mean; does not replace pooled main metric
jena,BOLT_MINI_F0,F0,jena_BOLT_MINI_F0,,41687,test_a,0.18940114548858503,0.2972484698830013,0.046863586606507725,21,1008,Origin-local observed-channel mean; does not replace pooled main metric
jena,BOLT_MINI_F0,F0,jena_BOLT_MINI_F0,,41711,test_a,0.20229239000357163,0.3063694527962879,0.12520029043904893,21,1008,Origin-local observed-channel mean; does not replace pooled main metric
jena,BOLT_MINI_F0,F0,jena_BOLT_MINI_F0,,41735,test_a,0.15403133900855212,0.2285934917983093,-0.12932811630474,21,1008,Origin-local observed-channel mean; does not replace pooled main metric
jena,BOLT_MINI_F0,F0,jena_BOLT_MINI_F0,,41759,test_a,0.044636614847663326,0.13429854334234342,-0.0638746198630889,21,1008,Origin-local observed-channel mean; does not replace pooled main metric
jena,BOLT_MINI_F0,F0,jena_BOLT_MINI_F0,,41783,test_a,0.24562737083940403,0.298880262267255,-0.2175576436685434,21,1008,Origin-local observed-channel mean; does not replace pooled main metric
jena,BOLT_MINI_F0,F0,jena_BOLT_MINI_F0,,41807,test_a,0.3710597839815244,0.472847506527239,-0.14807346366049184,21,1008,Origin-local observed-channel mean; does not replace pooled main metric
jena,BOLT_MINI_F0,F0,jena_BOLT_MINI_F0,,41831,test_a,0.06226777107310841,0.17428845853456074,0.034007319701938994,21,1008,Origin-local observed-channel mean; does not replace pooled main metric
jena,BOLT_MINI_F0,F0,jena_BOLT_MINI_F0,,41855,test_a,0.07570932660645033,0.174689705944888,0.0483784193077424,21,1008,Origin-local observed-channel mean; does not replace pooled main metric
jena,BOLT_MINI_F0,F0,jena_BOLT_MINI_F0,,41879,test_a,0.16243336767523367,0.1727559643918611,0.05391396100573714,21,1008,Origin-local observed-channel mean; does not replace pooled main metric
jena,BOLT_MINI_F0,F0,jena_BOLT_MINI_F0,,41903,test_a,0.03345743700645593,0.10184668574301112,-0.009204354180376018,21,1008,Origin-local observed-channel mean; does not replace pooled main metric
jena,BOLT_MINI_F0,F0,jena_BOLT_MINI_F0,,41927,test_a,0.2058619159784524,0.26064013290156185,-0.17966549504374615,21,1008,Origin-local observed-channel mean; does not replace pooled main metric
jena,BOLT_MINI_F0,F0,jena_BOLT_MINI_F0,,41951,test_a,0.25518223970042986,0.40500883746114724,-0.17864566467000662,21,1008,Origin-local observed-channel mean; does not replace pooled main metric
jena,BOLT_MINI_F0,F0,jena_BOLT_MINI_F0,,41975,test_a,0.07534008920568329,0.19809200650342973,-0.004649760862530601,21,1008,Origin-local observed-channel mean; does not replace pooled main metric
jena,BOLT_MINI_F0,F0,jena_BOLT_MINI_F0,,41999,test_a,0.08903661692191352,0.2169338466575453,0.0035105048663216826,21,1008,Origin-local observed-channel mean; does not replace pooled main metric
jena,BOLT_MINI_F0,F0,jena_BOLT_MINI_F0,,42023,test_a,0.06858742065798622,0.1316787829622056,-0.0661855163613858,21,1008,Origin-local observed-channel mean; does not replace pooled main metric
jena,BOLT_MINI_F0,F0,jena_BOLT_MINI_F0,,42047,test_a,0.07478389407862883,0.1530835060137121,-0.05367892262611781,21,1008,Origin-local observed-channel mean; does not replace pooled main metric
jena,BOLT_MINI_F0,F0,jena_BOLT_MINI_F0,,42071,test_a,0.21656824435150823,0.3068900942711884,-0.16035615221739544,21,1008,Origin-local observed-channel mean; does not replace pooled main metric
jena,BOLT_MINI_F0,F0,jena_BOLT_MINI_F0,,42095,test_a,0.23161374327163967,0.35332140685891816,-0.2297715017350186,21,1008,Origin-local observed-channel mean; does not replace pooled main metric
jena,BOLT_MINI_F0,F0,jena_BOLT_MINI_F0,,42119,test_a,0.06466863034789158,0.18086711825826715,0.04000432158563709,21,1008,Origin-local observed-channel mean; does not replace pooled main metric
jena,BOLT_MINI_F0,F0,jena_BOLT_MINI_F0,,42143,test_a,0.07372428854854626,0.1637483973296069,0.026524174597787865,21,1008,Origin-local observed-channel mean; does not replace pooled main metric
jena,BOLT_MINI_F0,F0,jena_BOLT_MINI_F0,,42167,test_a,0.12118101888773605,0.1547055227298794,0.09424875941904103,21,1008,Origin-local observed-channel mean; does not replace pooled main metric
jena,BOLT_MINI_F0,F0,jena_BOLT_MINI_F0,,42191,test_a,0.071828924536031,0.14299588158402393,0.041973890264801285,21,1008,Origin-local observed-channel mean; does not replace pooled main metric
jena,BOLT_MINI_F0,F0,jena_BOLT_MINI_F0,,42215,test_a,0.22577221332780098,0.2511602465501277,-0.13493044360721898,21,1008,Origin-local observed-channel mean; does not replace pooled main metric
jena,BOLT_MINI_F0,F0,jena_BOLT_MINI_F0,,42239,test_a,0.35344814917298445,0.4372399135054149,-0.22152079464292126,21,1008,Origin-local observed-channel mean; does not replace pooled main metric
jena,BOLT_MINI_F0,F0,jena_BOLT_MINI_F0,,42263,test_a,0.06284735525873025,0.1786270688281721,0.03141208878843018,21,1008,Origin-local observed-channel mean; does not replace pooled main metric
jena,BOLT_MINI_F0,F0,jena_BOLT_MINI_F0,,42287,test_a,0.02194234895262168,0.08783762858019188,0.014623977922296725,21,1008,Origin-local observed-channel mean; does not replace pooled main metric
jena,BOLT_MINI_F0,F0,jena_BOLT_MINI_F0,,42311,test_a,0.06903834614359312,0.14639136679923265,-0.02671938623710062,21,1008,Origin-local observed-channel mean; does not replace pooled main metric
jena,BOLT_MINI_F0,F0,jena_BOLT_MINI_F0,,42335,test_a,0.1058960236690654,0.13365663430562968,-0.002209605567345746,21,1008,Origin-local observed-channel mean; does not replace pooled main metric
jena,BOLT_MINI_F0,F0,jena_BOLT_MINI_F0,,42359,test_a,0.14013147752037244,0.21710177462470412,-0.13569945051050225,21,1008,Origin-local observed-channel mean; does not replace pooled main metric
jena,BOLT_MINI_F0,F0,jena_BOLT_MINI_F0,,42383,test_a,0.25751725275603204,0.3916171245486949,-0.2367765196836228,21,1008,Origin-local observed-channel mean; does not replace pooled main metric
jena,BOLT_MINI_F0,F0,jena_BOLT_MINI_F0,,42407,test_a,0.1252688748782564,0.26556318357593445,0.11144630504930406,21,1008,Origin-local observed-channel mean; does not replace pooled main metric
jena,BOLT_MINI_F0,F0,jena_BOLT_MINI_F0,,42431,test_a,0.06449929615825457,0.16203787720108281,0.1304955741609211,21,1008,Origin-local observed-channel mean; does not replace pooled main metric
jena,BOLT_MINI_F0,F0,jena_BOLT_MINI_F0,,42455,test_a,0.050793868008008745,0.13135864076667486,0.031685954085708276,21,1008,Origin-local observed-channel mean; does not replace pooled main metric
jena,BOLT_MINI_F0,F0,jena_BOLT_MINI_F0,,42479,test_a,0.07652217277625042,0.14161893747061388,0.017722353894939827,21,1008,Origin-local observed-channel mean; does not replace pooled main metric
jena,BOLT_MINI_F0,F0,jena_BOLT_MINI_F0,,42503,test_a,0.2513214855188264,0.26801561384664163,-0.1507517410604383,21,1008,Origin-local observed-channel mean; does not replace pooled main metric
jena,BOLT_MINI_F0,F0,jena_BOLT_MINI_F0,,42527,test_a,0.315534711525432,0.346086176776543,-0.1325797626242482,21,1008,Origin-local observed-channel mean; does not replace pooled main metric
jena,BOLT_MINI_F0,F0,jena_BOLT_MINI_F0,,42551,test_a,0.25488879550558113,0.3894103666023598,0.174384764428627,21,1008,Origin-local observed-channel mean; does not replace pooled main metric
jena,BOLT_MINI_F0,F0,jena_BOLT_MINI_F0,,42575,test_a,0.23359560936167376,0.34786551825874035,0.20328957150137747,21,1008,Origin-local observed-channel mean; does not replace pooled main metric
jena,BOLT_MINI_F0,F0,jena_BOLT_MINI_F0,,42599,test_a,0.2341858519527821,0.33313849949095925,0.17294619960543173,21,1008,Origin-local observed-channel mean; does not replace pooled main metric
jena,BOLT_MINI_F0,F0,jena_BOLT_MINI_F0,,42623,test_a,0.10975076733397936,0.21834556743944256,0.09740892506069652,21,1008,Origin-local observed-channel mean; does not replace pooled main metric
jena,BOLT_MINI_F0,F0,jena_BOLT_MINI_F0,,42647,test_a,0.16492744450818178,0.20015093741711185,-0.10467618833284914,21,1008,Origin-local observed-channel mean; does not replace pooled main metric
jena,BOLT_MINI_F0,F0,jena_BOLT_MINI_F0,,42671,test_a,0.5400540322921981,0.5164738230246474,-0.3055834796347578,21,1008,Origin-local observed-channel mean; does not replace pooled main metric
jena,BOLT_MINI_F0,F0,jena_BOLT_MINI_F0,,42695,test_a,0.43464203284497926,0.47237960427134706,0.2578930520126411,21,1008,Origin-local observed-channel mean; does not replace pooled main metric
jena,BOLT_MINI_F0,F0,jena_BOLT_MINI_F0,,42719,test_a,0.19755028784006476,0.27373687158632537,0.06450455691730088,21,1008,Origin-local observed-channel mean; does not replace pooled main metric
jena,BOLT_MINI_F0,F0,jena_BOLT_MINI_F0,,42743,test_a,0.18942280347851517,0.2773985172527665,0.15069517450377581,21,1008,Origin-local observed-channel mean; does not replace pooled main metric
jena,BOLT_MINI_F0,F0,jena_BOLT_MINI_F0,,42767,test_a,0.14949457713514397,0.19822440049306134,-0.05019375731076468,21,1008,Origin-local observed-channel mean; does not replace pooled main metric
jena,BOLT_MINI_F0,F0,jena_BOLT_MINI_F0,,42791,test_a,0.3250153459718208,0.3417362061108366,-0.17820128726279585,21,1008,Origin-local observed-channel mean; does not replace pooled main metric
jena,BOLT_MINI_F0,F0,jena_BOLT_MINI_F0,,42815,test_a,0.38525822906298773,0.45656515305560624,-0.1457592874699797,21,1008,Origin-local observed-channel mean; does not replace pooled main metric
jena,BOLT_MINI_F0,F0,jena_BOLT_MINI_F0,,42839,test_a,0.22325926373140886,0.31468499914615033,0.06215017759908704,21,1008,Origin-local observed-channel mean; does not replace pooled main metric
jena,BOLT_MINI_F0,F0,jena_BOLT_MINI_F0,,42863,test_a,0.04428488604327581,0.11620295399029963,0.008998834692806306,21,1008,Origin-local observed-channel mean; does not replace pooled main metric
jena,BOLT_MINI_F0,F0,jena_BOLT_MINI_F0,,42887,test_a,0.04093892126076822,0.11349384336383428,-0.04016019813741243,21,1008,Origin-local observed-channel mean; does not replace pooled main metric
jena,BOLT_MINI_F0,F0,jena_BOLT_MINI_F0,,42911,test_a,0.031227964274316226,0.10384591367521409,0.001820004092714668,21,1008,Origin-local observed-channel mean; does not replace pooled main metric
jena,BOLT_MINI_F0,F0,jena_BOLT_MINI_F0,,42935,test_a,0.17909287075293379,0.24333952379350432,-0.15818535728276908,21,1008,Origin-local observed-channel mean; does not replace pooled main metric
jena,BOLT_MINI_F0,F0,jena_BOLT_MINI_F0,,42959,test_a,0.4601125683584968,0.5385407598806877,-0.2303491927684862,21,1008,Origin-local observed-channel mean; does not replace pooled main metric
jena,BOLT_MINI_F0,F0,jena_BOLT_MINI_F0,,42983,test_a,0.135378952293338,0.2787768139054866,-0.014254826992299283,21,1008,Origin-local observed-channel mean; does not replace pooled main metric
jena,BOLT_MINI_F0,F0,jena_BOLT_MINI_F0,,43007,test_a,0.11947125810607864,0.2452670787008375,0.14658135915681397,21,1008,Origin-local observed-channel mean; does not replace pooled main metric
jena,BOLT_MINI_F0,F0,jena_BOLT_MINI_F0,,43031,test_a,0.07613989979445994,0.14614178926110202,0.0610547738220443,21,1008,Origin-local observed-channel mean; does not replace pooled main metric
jena,BOLT_MINI_F0,F0,jena_BOLT_MINI_F0,,43055,test_a,0.12110305835229258,0.19169617552480694,0.05113581607235126,21,1008,Origin-local observed-channel mean; does not replace pooled main metric
jena,BOLT_MINI_F0,F0,jena_BOLT_MINI_F0,,43079,test_a,0.20306668836274822,0.2620789774477926,-0.2144069462628977,21,1008,Origin-local observed-channel mean; does not replace pooled main metric
jena,BOLT_MINI_F0,F0,jena_BOLT_MINI_F0,,43103,test_a,0.6522646446231966,0.5921725059830235,-0.3410322429701323,21,1008,Origin-local observed-channel mean; does not replace pooled main metric
jena,BOLT_MINI_F0,F0,jena_BOLT_MINI_F0,,43127,test_a,0.13321522292395957,0.2859110842202051,-0.012821570570055861,21,1008,Origin-local observed-channel mean; does not replace pooled main metric
jena,BOLT_MINI_F0,F0,jena_BOLT_MINI_F0,,43151,test_a,0.13343958853349444,0.24721455860881617,0.08702409447465068,21,1008,Origin-local observed-channel mean; does not replace pooled main metric
jena,BOLT_MINI_F0,F0,jena_BOLT_MINI_F0,,43175,test_a,0.0776424360098671,0.1583039162594812,0.006225733251042019,21,1008,Origin-local observed-channel mean; does not replace pooled main metric
jena,BOLT_MINI_F0,F0,jena_BOLT_MINI_F0,,43199,test_a,0.04467506801496293,0.11798234930953073,0.002235765188252404,21,1008,Origin-local observed-channel mean; does not replace pooled main metric
jena,BOLT_MINI_F0,F0,jena_BOLT_MINI_F0,,43223,test_a,0.14936053353366185,0.23966435911545034,-0.13568766892999448,21,1008,Origin-local observed-channel mean; does not replace pooled main metric
jena,BOLT_MINI_F0,F0,jena_BOLT_MINI_F0,,43247,test_a,0.3804994484977775,0.491149152502268,-0.22531020465572102,21,1008,Origin-local observed-channel mean; does not replace pooled main metric
jena,BOLT_MINI_F0,F0,jena_BOLT_MINI_F0,,43271,test_a,0.1760084708375167,0.30523312827299665,0.0710730952576139,21,1008,Origin-local observed-channel mean; does not replace pooled main metric
jena,BOLT_MINI_F0,F0,jena_BOLT_MINI_F0,,43295,test_a,0.03326461155118401,0.11890600569844653,-0.0031363619503007112,21,1008,Origin-local observed-channel mean; does not replace pooled main metric
jena,BOLT_MINI_F0,F0,jena_BOLT_MINI_F0,,43319,test_a,0.05599291777443707,0.1115897487705095,0.04413684128493991,21,1008,Origin-local observed-channel mean; does not replace pooled main metric
jena,BOLT_MINI_F0,F0,jena_BOLT_MINI_F0,,43343,test_a,0.03939054906171373,0.09741958071612719,0.02371699786197005,21,1008,Origin-local observed-channel mean; does not replace pooled main metric
jena,BOLT_MINI_F0,F0,jena_BOLT_MINI_F0,,43367,test_a,0.2665265297634139,0.2747462585708231,-0.18362441691753037,21,1008,Origin-local observed-channel mean; does not replace pooled main metric
jena,BOLT_MINI_F0,F0,jena_BOLT_MINI_F0,,43391,test_a,0.5212035758440928,0.4631104694917522,-0.22355827514998267,21,1008,Origin-local observed-channel mean; does not replace pooled main metric
jena,BOLT_MINI_F0,F0,jena_BOLT_MINI_F0,,43415,test_a,0.17517261344809482,0.28175385795108765,0.041966789023515756,21,1008,Origin-local observed-channel mean; does not replace pooled main metric
jena,BOLT_MINI_F0,F0,jena_BOLT_MINI_F0,,43439,test_a,0.1453973943180183,0.1905908121372906,0.11691077273999759,21,1008,Origin-local observed-channel mean; does not replace pooled main metric
jena,BOLT_MINI_F0,F0,jena_BOLT_MINI_F0,,43463,test_a,0.14602152695620552,0.2099713444668663,0.06705483854706731,21,1008,Origin-local observed-channel mean; does not replace pooled main metric
jena,BOLT_MINI_F0,F0,jena_BOLT_MINI_F0,,43487,test_a,0.367761643922701,0.24937259192792846,0.09976429462946565,21,1008,Origin-local observed-channel mean; does not replace pooled main metric
jena,BOLT_MINI_F0,F0,jena_BOLT_MINI_F0,,43511,test_a,0.24268713016480195,0.26906685408995684,-0.07598728152723717,21,1008,Origin-local observed-channel mean; does not replace pooled main metric
jena,BOLT_MINI_F0,F0,jena_BOLT_MINI_F0,,43535,test_a,0.3809461632640058,0.4035828214594706,-0.1811878615456711,21,1008,Origin-local observed-channel mean; does not replace pooled main metric
jena,BOLT_MINI_F0,F0,jena_BOLT_MINI_F0,,43559,test_a,0.2752835771286703,0.34136586898223814,0.01477553946857471,21,1008,Origin-local observed-channel mean; does not replace pooled main metric
jena,BOLT_MINI_F0,F0,jena_BOLT_MINI_F0,,43583,test_a,0.09902468144012978,0.21652639343753635,-0.02912366775030066,21,1008,Origin-local observed-channel mean; does not replace pooled main metric
jena,BOLT_MINI_F0,F0,jena_BOLT_MINI_F0,,43607,test_a,0.1887380887749958,0.18081656674136562,-0.0007035890042075911,21,1008,Origin-local observed-channel mean; does not replace pooled main metric
jena,BOLT_MINI_F0,F0,jena_BOLT_MINI_F0,,43631,test_a,0.15136188330257344,0.188087364388348,0.009487018671828239,21,1008,Origin-local observed-channel mean; does not replace pooled main metric
jena,BOLT_MINI_F0,F0,jena_BOLT_MINI_F0,,43655,test_a,0.1690924373475172,0.20296074165364392,-0.011759325659474441,21,1008,Origin-local observed-channel mean; does not replace pooled main metric
jena,BOLT_MINI_F0,F0,jena_BOLT_MINI_F0,,43679,test_a,0.13755240067633034,0.2293419812480611,-0.04966109814158122,21,1008,Origin-local observed-channel mean; does not replace pooled main metric
jena,BOLT_MINI_F0,F0,jena_BOLT_MINI_F0,,43703,test_a,0.16078715906521865,0.22930204012230943,0.1394610302025588,21,1008,Origin-local observed-channel mean; does not replace pooled main metric
jena,BOLT_MINI_F0,F0,jena_BOLT_MINI_F0,,43727,test_a,0.08557705993289691,0.15013839094310585,0.061796280164026746,21,1008,Origin-local observed-channel mean; does not replace pooled main metric
jena,BOLT_MINI_F0,F0,jena_BOLT_MINI_F0,,43751,test_a,0.17092945509042523,0.18087376168668495,0.03343884334742417,21,1008,Origin-local observed-channel mean; does not replace pooled main metric
jena,BOLT_MINI_F0,F0,jena_BOLT_MINI_F0,,43775,test_a,0.17505701693197448,0.13883837668029061,0.004686653326181898,21,1008,Origin-local observed-channel mean; does not replace pooled main metric
jena,BOLT_MINI_F0,F0,jena_BOLT_MINI_F0,,43799,test_a,0.17091650454278123,0.18735862604519335,0.009529050207112007,21,1008,Origin-local observed-channel mean; does not replace pooled main metric
jena,BOLT_MINI_F0,F0,jena_BOLT_MINI_F0,,43823,test_a,0.21805505706550893,0.3078017299824477,-0.056884288887222155,21,1008,Origin-local observed-channel mean; does not replace pooled main metric
jena,BOLT_MINI_F0,F0,jena_BOLT_MINI_F0,,43847,test_a,0.16772278094744206,0.30868064796405154,0.1473256479660031,21,1008,Origin-local observed-channel mean; does not replace pooled main metric
jena,BOLT_MINI_F0,F0,jena_BOLT_MINI_F0,,43871,test_a,0.09070293177583387,0.19040837370867225,0.1107246951255042,21,1008,Origin-local observed-channel mean; does not replace pooled main metric
jena,BOLT_MINI_F0,F0,jena_BOLT_MINI_F0,,43919,test_b,0.1962791224073332,0.2782293185981625,0.15065469827691735,21,1008,Origin-local observed-channel mean; does not replace pooled main metric
jena,BOLT_MINI_F0,F0,jena_BOLT_MINI_F0,,43943,test_b,0.25172017747781605,0.31016049432946596,-0.06027109492147463,21,1008,Origin-local observed-channel mean; does not replace pooled main metric
jena,BOLT_MINI_F0,F0,jena_BOLT_MINI_F0,,43967,test_b,0.6933508699444174,0.6342350378881315,-0.3920072334104112,21,1008,Origin-local observed-channel mean; does not replace pooled main metric
jena,BOLT_MINI_F0,F0,jena_BOLT_MINI_F0,,43991,test_b,0.33621365981027496,0.3739276901179682,0.10706272149227083,21,1008,Origin-local observed-channel mean; does not replace pooled main metric
jena,BOLT_MINI_F0,F0,jena_BOLT_MINI_F0,,44015,test_b,0.03623633724818146,0.11137721202006408,0.03605667118372077,21,1008,Origin-local observed-channel mean; does not replace pooled main metric
jena,BOLT_MINI_F0,F0,jena_BOLT_MINI_F0,,44039,test_b,0.09221441114676517,0.16866571304392042,0.010011251776530923,21,1008,Origin-local observed-channel mean; does not replace pooled main metric
jena,BOLT_MINI_F0,F0,jena_BOLT_MINI_F0,,44063,test_b,0.09882818859486467,0.1998797941745983,-0.09286907795698396,21,1008,Origin-local observed-channel mean; does not replace pooled main metric
jena,BOLT_MINI_F0,F0,jena_BOLT_MINI_F0,,44087,test_b,0.3630176597871398,0.29812513706357485,0.03396567148812456,21,1008,Origin-local observed-channel mean; does not replace pooled main metric
jena,BOLT_MINI_F0,F0,jena_BOLT_MINI_F0,,44111,test_b,0.7054272128338921,0.5648964440636244,0.24511207626797152,21,1008,Origin-local observed-channel mean; does not replace pooled main metric
jena,BOLT_MINI_F0,F0,jena_BOLT_MINI_F0,,44135,test_b,0.15330222623539486,0.2582537448678132,0.17801435984877154,21,1008,Origin-local observed-channel mean; does not replace pooled main metric
jena,BOLT_MINI_F0,F0,jena_BOLT_MINI_F0,,44159,test_b,0.32265326943817607,0.29485772489865736,0.2210802052369608,21,1008,Origin-local observed-channel mean; does not replace pooled main metric
jena,BOLT_MINI_F0,F0,jena_BOLT_MINI_F0,,44183,test_b,0.24267122238788688,0.2642795363448501,0.06830805694935695,21,1008,Origin-local observed-channel mean; does not replace pooled main metric
jena,BOLT_MINI_F0,F0,jena_BOLT_MINI_F0,,44207,test_b,0.11069317331841984,0.20589400230216728,0.04346704746606678,21,1008,Origin-local observed-channel mean; does not replace pooled main metric
jena,BOLT_MINI_F0,F0,jena_BOLT_MINI_F0,,44231,test_b,0.06627803953245193,0.15597898019191306,-0.05333573192160295,21,1008,Origin-local observed-channel mean; does not replace pooled main metric
jena,BOLT_MINI_F0,F0,jena_BOLT_MINI_F0,,44255,test_b,0.3591082330056915,0.4018508464534881,-0.2292939408671084,21,1008,Origin-local observed-channel mean; does not replace pooled main metric
jena,BOLT_MINI_F0,F0,jena_BOLT_MINI_F0,,44279,test_b,0.18620543070294376,0.26802739085428223,-0.06255126061436356,21,1008,Origin-local observed-channel mean; does not replace pooled main metric
jena,BOLT_MINI_F0,F0,jena_BOLT_MINI_F0,,44303,test_b,0.17612083581180218,0.24987641856847728,0.036994269960381486,21,1008,Origin-local observed-channel mean; does not replace pooled main metric
jena,BOLT_MINI_F0,F0,jena_BOLT_MINI_F0,,44327,test_b,0.15670367699763796,0.2246724326784412,0.07673212818594442,21,1008,Origin-local observed-channel mean; does not replace pooled main metric
jena,BOLT_MINI_F0,F0,jena_BOLT_MINI_F0,,44351,test_b,0.14583340397296285,0.18793726461156018,-0.0007917888255582933,21,1008,Origin-local observed-channel mean; does not replace pooled main metric
jena,BOLT_MINI_F0,F0,jena_BOLT_MINI_F0,,44375,test_b,0.12780455291844842,0.16874935301524283,-0.07700474016458012,21,1008,Origin-local observed-channel mean; does not replace pooled main metric
jena,BOLT_MINI_F0,F0,jena_BOLT_MINI_F0,,44399,test_b,0.18645317451786209,0.2719787125651713,-0.04091136716883666,21,1008,Origin-local observed-channel mean; does not replace pooled main metric
jena,BOLT_MINI_F0,F0,jena_BOLT_MINI_F0,,44423,test_b,0.1756134079232451,0.2696876481308469,0.1292882696540642,21,1008,Origin-local observed-channel mean; does not replace pooled main metric
jena,BOLT_MINI_F0,F0,jena_BOLT_MINI_F0,,44447,test_b,0.06797323142083186,0.16100261958559886,0.056897397088404335,21,1008,Origin-local observed-channel mean; does not replace pooled main metric
jena,BOLT_MINI_F0,F0,jena_BOLT_MINI_F0,,44471,test_b,0.01989703158428941,0.07573582270156799,0.030023858619166448,21,1008,Origin-local observed-channel mean; does not replace pooled main metric
jena,BOLT_MINI_F0,F0,jena_BOLT_MINI_F0,,44495,test_b,0.03850096410129642,0.09424046645752185,-0.055664369436849395,21,1008,Origin-local observed-channel mean; does not replace pooled main metric
jena,BOLT_MINI_F0,F0,jena_BOLT_MINI_F0,,44519,test_b,0.13596665228242183,0.2362722162464966,-0.12295390779775242,21,1008,Origin-local observed-channel mean; does not replace pooled main metric
jena,BOLT_MINI_F0,F0,jena_BOLT_MINI_F0,,44543,test_b,0.26043304087082336,0.35496858341780135,-0.12364819488767165,21,1008,Origin-local observed-channel mean; does not replace pooled main metric
jena,BOLT_MINI_F0,F0,jena_BOLT_MINI_F0,,44567,test_b,0.09611451999903699,0.2039085571921619,0.1461903620384253,21,1008,Origin-local observed-channel mean; does not replace pooled main metric
jena,BOLT_MINI_F0,F0,jena_BOLT_MINI_F0,,44591,test_b,0.12291165986761039,0.2370203408854506,0.09818268316072164,21,1008,Origin-local observed-channel mean; does not replace pooled main metric
jena,BOLT_MINI_F0,F0,jena_BOLT_MINI_F0,,44615,test_b,0.12690668776109623,0.1491262035026069,-0.01428325258535869,21,1008,Origin-local observed-channel mean; does not replace pooled main metric
jena,BOLT_MINI_F0,F0,jena_BOLT_MINI_F0,,44639,test_b,0.26899911067518095,0.19944454278124288,-0.03955963491425213,21,1008,Origin-local observed-channel mean; does not replace pooled main metric
jena,BOLT_MINI_F0,F0,jena_BOLT_MINI_F0,,44663,test_b,0.10248515286140744,0.14785228604783437,-0.07560646067011274,21,1008,Origin-local observed-channel mean; does not replace pooled main metric
jena,BOLT_MINI_F0,F0,jena_BOLT_MINI_F0,,44687,test_b,0.06701392564117532,0.16715728106993039,-0.07201987086406758,21,1008,Origin-local observed-channel mean; does not replace pooled main metric
jena,BOLT_MINI_F0,F0,jena_BOLT_MINI_F0,,44711,test_b,0.08436782060717656,0.16639735842193387,-0.030653406996977526,21,1008,Origin-local observed-channel mean; does not replace pooled main metric
jena,BOLT_MINI_F0,F0,jena_BOLT_MINI_F0,,44735,test_b,0.1028844985826393,0.1016249454077629,0.0019655681865674173,21,1008,Origin-local observed-channel mean; does not replace pooled main metric
jena,BOLT_MINI_F0,F0,jena_BOLT_MINI_F0,,44759,test_b,0.23579062213924207,0.1471319158251087,0.09131185960261123,21,1008,Origin-local observed-channel mean; does not replace pooled main metric
jena,BOLT_MINI_F0,F0,jena_BOLT_MINI_F0,,44783,test_b,0.24428292048313954,0.14056805402986589,0.065501929600797,21,1008,Origin-local observed-channel mean; does not replace pooled main metric
jena,BOLT_MINI_F0,F0,jena_BOLT_MINI_F0,,44807,test_b,0.22453146757956735,0.21002094429134138,0.04157392385726174,21,1008,Origin-local observed-channel mean; does not replace pooled main metric
jena,BOLT_MINI_F0,F0,jena_BOLT_MINI_F0,,44831,test_b,0.16735305331721734,0.22037028084464727,-0.02237168203536717,21,1008,Origin-local observed-channel mean; does not replace pooled main metric
jena,BOLT_MINI_F0,F0,jena_BOLT_MINI_F0,,44855,test_b,0.11833145000758748,0.1835288434392876,0.009107656924734036,21,1008,Origin-local observed-channel mean; does not replace pooled main metric
jena,BOLT_MINI_F0,F0,jena_BOLT_MINI_F0,,44879,test_b,0.08625727841210407,0.128549249633839,-0.0486894035248764,21,1008,Origin-local observed-channel mean; does not replace pooled main metric
jena,BOLT_MINI_F0,F0,jena_BOLT_MINI_F0,,44903,test_b,0.10616875540653649,0.13159480953895367,-0.06376318733883736,21,1008,Origin-local observed-channel mean; does not replace pooled main metric
jena,BOLT_MINI_F0,F0,jena_BOLT_MINI_F0,,44927,test_b,0.12702500780902024,0.18311063323857352,-0.09549261649723151,21,1008,Origin-local observed-channel mean; does not replace pooled main metric
jena,BOLT_MINI_F0,F0,jena_BOLT_MINI_F0,,44951,test_b,0.05606097025133133,0.11406547805508747,0.004690619738077712,21,1008,Origin-local observed-channel mean; does not replace pooled main metric
jena,BOLT_MINI_F0,F0,jena_BOLT_MINI_F0,,44975,test_b,0.07453587148842267,0.18743233899895417,-0.023568029158345858,21,1008,Origin-local observed-channel mean; does not replace pooled main metric
jena,BOLT_MINI_F0,F0,jena_BOLT_MINI_F0,,44999,test_b,0.14817912325054183,0.23410494443141078,0.1297296570509865,21,1008,Origin-local observed-channel mean; does not replace pooled main metric
jena,BOLT_MINI_F0,F0,jena_BOLT_MINI_F0,,45023,test_b,0.1885518672704983,0.23284845625788703,-0.02521770832307027,21,1008,Origin-local observed-channel mean; does not replace pooled main metric
jena,BOLT_MINI_F0,F0,jena_BOLT_MINI_F0,,45047,test_b,0.05151130939380413,0.10880270169351236,-0.06274489525082846,21,1008,Origin-local observed-channel mean; does not replace pooled main metric
jena,BOLT_MINI_F0,F0,jena_BOLT_MINI_F0,,45071,test_b,0.05180681049991122,0.11899662160708216,0.0527165287663044,21,1008,Origin-local observed-channel mean; does not replace pooled main metric
jena,BOLT_MINI_F0,F0,jena_BOLT_MINI_F0,,45095,test_b,0.11556357587932001,0.18528334454019804,-0.038653202171969624,21,1008,Origin-local observed-channel mean; does not replace pooled main metric
jena,BOLT_MINI_F0,F0,jena_BOLT_MINI_F0,,45119,test_b,0.43287819456336907,0.4874629600307099,-0.2137666661574114,21,1008,Origin-local observed-channel mean; does not replace pooled main metric
jena,BOLT_MINI_F0,F0,jena_BOLT_MINI_F0,,45143,test_b,0.4785266846462455,0.4238299163934287,0.036590328899725875,21,1008,Origin-local observed-channel mean; does not replace pooled main metric
jena,BOLT_MINI_F0,F0,jena_BOLT_MINI_F0,,45167,test_b,0.7081077870670411,0.4211307260455446,-0.10639541882777676,21,1008,Origin-local observed-channel mean; does not replace pooled main metric
jena,BOLT_MINI_F0,F0,jena_BOLT_MINI_F0,,45191,test_b,0.23932071318980147,0.25344254561729496,-0.029719584832145346,21,1008,Origin-local observed-channel mean; does not replace pooled main metric
jena,BOLT_MINI_F0,F0,jena_BOLT_MINI_F0,,45215,test_b,0.13473693141817697,0.24937796256771044,0.14562276627735368,21,1008,Origin-local observed-channel mean; does not replace pooled main metric
jena,BOLT_MINI_F0,F0,jena_BOLT_MINI_F0,,45239,test_b,0.09126182784488256,0.13467067736016203,-0.002792232128466287,21,1008,Origin-local observed-channel mean; does not replace pooled main metric
jena,BOLT_MINI_F0,F0,jena_BOLT_MINI_F0,,45263,test_b,0.2868471494595732,0.30479980372195037,-0.05599754900634123,21,1008,Origin-local observed-channel mean; does not replace pooled main metric
jena,BOLT_MINI_F0,F0,jena_BOLT_MINI_F0,,45287,test_b,0.23496348472882134,0.275864292025665,0.022302275764804876,21,1008,Origin-local observed-channel mean; does not replace pooled main metric
jena,BOLT_MINI_F0,F0,jena_BOLT_MINI_F0,,45311,test_b,0.22761468049018901,0.1874278150600499,-0.022556606782711156,21,1008,Origin-local observed-channel mean; does not replace pooled main metric
jena,BOLT_MINI_F0,F0,jena_BOLT_MINI_F0,,45335,test_b,0.0909863951357169,0.12746927031271515,0.008732250958148915,21,1008,Origin-local observed-channel mean; does not replace pooled main metric
jena,BOLT_MINI_F0,F0,jena_BOLT_MINI_F0,,45359,test_b,0.1716249683590901,0.15702833594673032,-0.086730629872782,21,1008,Origin-local observed-channel mean; does not replace pooled main metric
jena,BOLT_MINI_F0,F0,jena_BOLT_MINI_F0,,45383,test_b,0.14712262954180788,0.19206475736785844,-0.04349747992495799,21,1008,Origin-local observed-channel mean; does not replace pooled main metric
jena,BOLT_MINI_F0,F0,jena_BOLT_MINI_F0,,45407,test_b,0.19261743333895728,0.26695596816069966,-0.018212116240257665,21,1008,Origin-local observed-channel mean; does not replace pooled main metric
jena,BOLT_MINI_F0,F0,jena_BOLT_MINI_F0,,45431,test_b,0.564424714911355,0.3770121293311518,0.08261794123164792,21,1008,Origin-local observed-channel mean; does not replace pooled main metric
jena,BOLT_MINI_F0,F0,jena_BOLT_MINI_F0,,45455,test_b,0.835132636511973,0.38301547304396827,-0.19052808973829669,21,1008,Origin-local observed-channel mean; does not replace pooled main metric
jena,BOLT_MINI_F0,F0,jena_BOLT_MINI_F0,,45479,test_b,0.3394896736509307,0.22106318709784464,0.028473253802076232,21,1008,Origin-local observed-channel mean; does not replace pooled main metric
jena,BOLT_MINI_F0,F0,jena_BOLT_MINI_F0,,45503,test_b,0.34656577835977387,0.22828572713115136,0.09345879615960129,21,1008,Origin-local observed-channel mean; does not replace pooled main metric
jena,BOLT_MINI_F0,F0,jena_BOLT_MINI_F0,,45527,test_b,0.2924993799595988,0.22984377846963375,-0.06590605180546902,21,1008,Origin-local observed-channel mean; does not replace pooled main metric
jena,BOLT_MINI_F0,F0,jena_BOLT_MINI_F0,,45551,test_b,0.2575897104104129,0.2877027710859808,-0.013514641933585472,21,1008,Origin-local observed-channel mean; does not replace pooled main metric
jena,BOLT_MINI_F0,F0,jena_BOLT_MINI_F0,,45575,test_b,0.14742425366356873,0.1790992330523237,-0.005376018894215429,21,1008,Origin-local observed-channel mean; does not replace pooled main metric
jena,BOLT_MINI_F0,F0,jena_BOLT_MINI_F0,,45599,test_b,0.2791957157021834,0.18908154543504002,-0.015512032526737399,21,1008,Origin-local observed-channel mean; does not replace pooled main metric
jena,BOLT_MINI_F0,F0,jena_BOLT_MINI_F0,,45623,test_b,0.17830894130194727,0.15993782387868985,-0.030004376286847722,21,1008,Origin-local observed-channel mean; does not replace pooled main metric
jena,BOLT_MINI_F0,F0,jena_BOLT_MINI_F0,,45647,test_b,0.3374468797892038,0.17960669124306788,-0.10109046641515479,21,1008,Origin-local observed-channel mean; does not replace pooled main metric
jena,BOLT_MINI_F0,F0,jena_BOLT_MINI_F0,,45671,test_b,0.07673259221019818,0.12853360065214692,0.00324936947297482,21,1008,Origin-local observed-channel mean; does not replace pooled main metric
jena,BOLT_MINI_F0,F0,jena_BOLT_MINI_F0,,45695,test_b,0.09861234611149722,0.19115681999311263,-0.08326152516787665,21,1008,Origin-local observed-channel mean; does not replace pooled main metric
jena,BOLT_MINI_F0,F0,jena_BOLT_MINI_F0,,45719,test_b,0.10599519259710027,0.1417368418003048,-0.04725549946860633,21,1008,Origin-local observed-channel mean; does not replace pooled main metric
jena,BOLT_MINI_F0,F0,jena_BOLT_MINI_F0,,45743,test_b,0.10518312956328713,0.16246741706974774,-0.03339222713192512,21,1008,Origin-local observed-channel mean; does not replace pooled main metric
jena,BOLT_MINI_F0,F0,jena_BOLT_MINI_F0,,45767,test_b,0.0631771636622829,0.13686324024502752,0.041744994368248925,21,1008,Origin-local observed-channel mean; does not replace pooled main metric
jena,BOLT_MINI_F0,F0,jena_BOLT_MINI_F0,,45791,test_b,0.3267432176642287,0.21205488235564046,-0.0215990167048331,21,1008,Origin-local observed-channel mean; does not replace pooled main metric
jena,BOLT_MINI_F0,F0,jena_BOLT_MINI_F0,,45815,test_b,0.33005490904574714,0.23942102517448507,-0.10541380629486714,21,1008,Origin-local observed-channel mean; does not replace pooled main metric
jena,BOLT_MINI_F0,F0,jena_BOLT_MINI_F0,,45839,test_b,0.29494976086848873,0.34675147643671755,-0.10042459992144444,21,1008,Origin-local observed-channel mean; does not replace pooled main metric
jena,BOLT_MINI_F0,F0,jena_BOLT_MINI_F0,,45863,test_b,0.24001540505838784,0.2815396787688899,0.030545108262707628,21,1008,Origin-local observed-channel mean; does not replace pooled main metric
jena,BOLT_MINI_F0,F0,jena_BOLT_MINI_F0,,45887,test_b,0.09170217199914418,0.17024873789295458,-0.09710349851553073,21,1008,Origin-local observed-channel mean; does not replace pooled main metric
jena,BOLT_MINI_F0,F0,jena_BOLT_MINI_F0,,45911,test_b,0.046254362598171075,0.09978229791627993,-0.06780671766935281,21,1008,Origin-local observed-channel mean; does not replace pooled main metric
jena,BOLT_MINI_F0,F0,jena_BOLT_MINI_F0,,45935,test_b,0.02090548306013409,0.07841227972797543,-0.002128017238848973,21,1008,Origin-local observed-channel mean; does not replace pooled main metric
jena,BOLT_MINI_F0,F0,jena_BOLT_MINI_F0,,45959,test_b,0.041166564945174934,0.1169166134962339,-0.04561510638681256,21,1008,Origin-local observed-channel mean; does not replace pooled main metric
jena,BOLT_MINI_F0,F0,jena_BOLT_MINI_F0,,45983,test_b,0.12186940090862794,0.23604399525322065,0.014518538984702891,21,1008,Origin-local observed-channel mean; does not replace pooled main metric
jena,BOLT_MINI_F0,F0,jena_BOLT_MINI_F0,,46007,test_b,0.08384263269587706,0.1893687146167929,0.11469522156772974,21,1008,Origin-local observed-channel mean; does not replace pooled main metric
jena,BOLT_MINI_F0,F0,jena_BOLT_MINI_F0,,46031,test_b,0.03333195244466069,0.09436566027487435,0.03810021289003392,21,1008,Origin-local observed-channel mean; does not replace pooled main metric
jena,BOLT_MINI_F0,F0,jena_BOLT_MINI_F0,,46055,test_b,0.0363592485446875,0.09508144240345924,0.010898626352187303,21,1008,Origin-local observed-channel mean; does not replace pooled main metric
jena,BOLT_MINI_F0,F0,jena_BOLT_MINI_F0,,46079,test_b,0.039552359984726074,0.09084244201025402,-0.007964480069367999,21,1008,Origin-local observed-channel mean; does not replace pooled main metric
jena,BOLT_MINI_F0,F0,jena_BOLT_MINI_F0,,46103,test_b,0.10334813776095807,0.16504490105419084,-0.029328953724798917,21,1008,Origin-local observed-channel mean; does not replace pooled main metric
jena,BOLT_MINI_F0,F0,jena_BOLT_MINI_F0,,46127,test_b,0.17481211325634924,0.24934312207014522,-0.03538859351644373,21,1008,Origin-local observed-channel mean; does not replace pooled main metric
jena,BOLT_MINI_F0,F0,jena_BOLT_MINI_F0,,46151,test_b,0.03302557062069609,0.10918853635147181,0.05070061454124885,21,1008,Origin-local observed-channel mean; does not replace pooled main metric
jena,BOLT_MINI_F0,F0,jena_BOLT_MINI_F0,,46175,test_b,0.11769965543031165,0.1445700499459654,-0.007606969387058005,21,1008,Origin-local observed-channel mean; does not replace pooled main metric
jena,BOLT_MINI_F0,F0,jena_BOLT_MINI_F0,,46199,test_b,0.23812404814471572,0.19903732772385527,-0.060402308601046645,21,1008,Origin-local observed-channel mean; does not replace pooled main metric
jena,BOLT_MINI_F0,F0,jena_BOLT_MINI_F0,,46223,test_b,0.1238040632044253,0.15716327998043628,-0.05897892641125565,21,1008,Origin-local observed-channel mean; does not replace pooled main metric
jena,BOLT_MINI_F0,F0,jena_BOLT_MINI_F0,,46247,test_b,0.30816606180997375,0.23908106895708311,-0.18418207499792244,21,1008,Origin-local observed-channel mean; does not replace pooled main metric
jena,BOLT_MINI_F0,F0,jena_BOLT_MINI_F0,,46271,test_b,0.27921402600829615,0.24207144558784507,-0.17194603484064816,21,1008,Origin-local observed-channel mean; does not replace pooled main metric
jena,BOLT_MINI_F0,F0,jena_BOLT_MINI_F0,,46295,test_b,0.1835462068264853,0.16736703253864396,-0.032328479041762115,21,1008,Origin-local observed-channel mean; does not replace pooled main metric
jena,BOLT_MINI_F0,F0,jena_BOLT_MINI_F0,,46319,test_b,0.1732929693203452,0.17629967949231662,0.004562281175735515,21,1008,Origin-local observed-channel mean; does not replace pooled main metric
jena,BOLT_MINI_F0,F0,jena_BOLT_MINI_F0,,46343,test_b,0.04581584560602114,0.12623536878769906,0.05142597236997625,21,1008,Origin-local observed-channel mean; does not replace pooled main metric
jena,BOLT_MINI_F0,F0,jena_BOLT_MINI_F0,,46367,test_b,0.4454359017683118,0.23584880729599497,-0.08362518259211416,21,1008,Origin-local observed-channel mean; does not replace pooled main metric
jena,BOLT_MINI_F0,F0,jena_BOLT_MINI_F0,,46391,test_b,0.5392677467538414,0.3611233095087098,-0.20550003250779506,21,1008,Origin-local observed-channel mean; does not replace pooled main metric
jena,BOLT_MINI_F0,F0,jena_BOLT_MINI_F0,,46415,test_b,0.16209845449151838,0.24646328253191543,-0.09564975031643702,21,1008,Origin-local observed-channel mean; does not replace pooled main metric
jena,BOLT_MINI_F0,F0,jena_BOLT_MINI_F0,,46439,test_b,0.21407259270295553,0.30293098469966995,0.20813848399409346,21,1008,Origin-local observed-channel mean; does not replace pooled main metric
jena,BOLT_MINI_F0,F0,jena_BOLT_MINI_F0,,46463,test_b,0.2179931603220884,0.27993143523030634,0.08474844940827182,21,1008,Origin-local observed-channel mean; does not replace pooled main metric
jena,BOLT_MINI_F0,F0,jena_BOLT_MINI_F0,,46487,test_b,0.2849302183564119,0.23868289752863348,0.022306608387254297,21,1008,Origin-local observed-channel mean; does not replace pooled main metric
jena,BOLT_MINI_F0,F0,jena_BOLT_MINI_F0,,46511,test_b,0.4319093185146568,0.24601761357847693,-0.03520530237842144,21,1008,Origin-local observed-channel mean; does not replace pooled main metric
jena,BOLT_MINI_F0,F0,jena_BOLT_MINI_F0,,46535,test_b,0.9785609301200099,0.4675974485181822,-0.2975162690606649,21,1008,Origin-local observed-channel mean; does not replace pooled main metric
jena,BOLT_MINI_F0,F0,jena_BOLT_MINI_F0,,46559,test_b,1.8345273525974606,0.7637461054304373,-0.5211661970526137,21,1008,Origin-local observed-channel mean; does not replace pooled main metric
jena,BOLT_MINI_F0,F0,jena_BOLT_MINI_F0,,46583,test_b,0.5106377319880314,0.3590078667161761,-0.06512545224757646,21,1008,Origin-local observed-channel mean; does not replace pooled main metric
jena,BOLT_MINI_F0,F0,jena_BOLT_MINI_F0,,46607,test_b,0.9762933086409323,0.49293834438651085,0.08244816875776452,21,1008,Origin-local observed-channel mean; does not replace pooled main metric
jena,BOLT_MINI_F0,F0,jena_BOLT_MINI_F0,,46631,test_b,0.6330848431683547,0.5432681572015604,0.20426991548285717,21,1008,Origin-local observed-channel mean; does not replace pooled main metric
jena,BOLT_MINI_F0,F0,jena_BOLT_MINI_F0,,46655,test_b,0.3831637895673229,0.23703932680193304,0.17283383059954746,21,1008,Origin-local observed-channel mean; does not replace pooled main metric
jena,BOLT_MINI_F0,F0,jena_BOLT_MINI_F0,,46679,test_b,0.09469051626230571,0.16396072496371789,0.020618387677204156,21,1008,Origin-local observed-channel mean; does not replace pooled main metric
jena,BOLT_MINI_F0,F0,jena_BOLT_MINI_F0,,46703,test_b,0.16686417672418455,0.2017694022630051,-0.09241026135344918,21,1008,Origin-local observed-channel mean; does not replace pooled main metric
jena,BOLT_MINI_F0,F0,jena_BOLT_MINI_F0,,46727,test_b,0.1846960133610261,0.2676135840938225,0.09165299245438609,21,1008,Origin-local observed-channel mean; does not replace pooled main metric
jena,BOLT_MINI_F0,F0,jena_BOLT_MINI_F0,,46751,test_b,0.09956659478478634,0.17354343040607914,0.12474472981846209,21,1008,Origin-local observed-channel mean; does not replace pooled main metric
jena,BOLT_MINI_F0,F0,jena_BOLT_MINI_F0,,46775,test_b,0.0645701742651263,0.15543130361096238,0.015070852381454428,21,1008,Origin-local observed-channel mean; does not replace pooled main metric
jena,BOLT_MINI_F0,F0,jena_BOLT_MINI_F0,,46799,test_b,0.115025560020558,0.17069547688740952,0.11635298818088367,21,1008,Origin-local observed-channel mean; does not replace pooled main metric
jena,BOLT_MINI_F0,F0,jena_BOLT_MINI_F0,,46823,test_b,0.23162932007570772,0.2661698794152702,0.07557067167894391,21,1008,Origin-local observed-channel mean; does not replace pooled main metric
jena,BOLT_MINI_F0,F0,jena_BOLT_MINI_F0,,46847,test_b,0.27471465318718896,0.3125522234440145,-0.010642216696093484,21,1008,Origin-local observed-channel mean; does not replace pooled main metric
jena,BOLT_MINI_F0,F0,jena_BOLT_MINI_F0,,46871,test_b,0.49687214996732854,0.4103194296683162,0.27902047689724624,21,1008,Origin-local observed-channel mean; does not replace pooled main metric
jena,BOLT_MINI_F0,F0,jena_BOLT_MINI_F0,,46895,test_b,0.07760571913875795,0.16137667918623524,0.07075882774335607,21,1008,Origin-local observed-channel mean; does not replace pooled main metric
jena,BOLT_MINI_F0,F0,jena_BOLT_MINI_F0,,46919,test_b,0.12330646886612479,0.1521816803484283,0.02057229439886878,21,1008,Origin-local observed-channel mean; does not replace pooled main metric
jena,BOLT_MINI_F0,F0,jena_BOLT_MINI_F0,,46943,test_b,0.09422265457119997,0.14995488875161206,-0.045124321750971294,21,1008,Origin-local observed-channel mean; does not replace pooled main metric
jena,BOLT_MINI_F0,F0,jena_BOLT_MINI_F0,,46967,test_b,0.2086257501552254,0.19078436828047934,-0.14813621365176494,21,1008,Origin-local observed-channel mean; does not replace pooled main metric
jena,BOLT_MINI_F0,F0,jena_BOLT_MINI_F0,,46991,test_b,0.3301968109089882,0.28704947251332225,-0.20123831773641523,21,1008,Origin-local observed-channel mean; does not replace pooled main metric
jena,BOLT_MINI_F0,F0,jena_BOLT_MINI_F0,,47015,test_b,0.2733742794547445,0.23260395098900305,-0.049880661841713844,21,1008,Origin-local observed-channel mean; does not replace pooled main metric
jena,BOLT_MINI_F0,F0,jena_BOLT_MINI_F0,,47039,test_b,0.4503549244876631,0.26174992199669345,-0.17558903618168736,21,1008,Origin-local observed-channel mean; does not replace pooled main metric
jena,BOLT_MINI_F0,F0,jena_BOLT_MINI_F0,,47063,test_b,0.22310290562350862,0.2360126924195645,0.053729197492228,21,1008,Origin-local observed-channel mean; does not replace pooled main metric
jena,BOLT_MINI_F0,F0,jena_BOLT_MINI_F0,,47087,test_b,0.2584309204660087,0.2813993491967382,0.181066182770236,21,1008,Origin-local observed-channel mean; does not replace pooled main metric
jena,BOLT_MINI_F0,F0,jena_BOLT_MINI_F0,,47111,test_b,0.16969899001281205,0.21534404809270724,0.06521189507394513,21,1008,Origin-local observed-channel mean; does not replace pooled main metric
jena,BOLT_MINI_F0,F0,jena_BOLT_MINI_F0,,47135,test_b,0.2602337188049237,0.30489134323983713,-0.1849729707651672,21,1008,Origin-local observed-channel mean; does not replace pooled main metric
jena,BOLT_MINI_F0,F0,jena_BOLT_MINI_F0,,47159,test_b,0.17302459090315994,0.22174986558947862,-0.03858134223403232,21,1008,Origin-local observed-channel mean; does not replace pooled main metric
jena,BOLT_MINI_F0,F0,jena_BOLT_MINI_F0,,47183,test_b,0.19559067722388826,0.23574867814901396,-0.038754720133875514,21,1008,Origin-local observed-channel mean; does not replace pooled main metric
jena,BOLT_MINI_F0,F0,jena_BOLT_MINI_F0,,47207,test_b,0.44015187598945893,0.3220174137109206,-0.14670681283856207,21,1008,Origin-local observed-channel mean; does not replace pooled main metric
jena,BOLT_MINI_F0,F0,jena_BOLT_MINI_F0,,47231,test_b,1.0112113107294696,0.4344157785252906,-0.3693172785402596,21,1008,Origin-local observed-channel mean; does not replace pooled main metric
jena,BOLT_MINI_F0,F0,jena_BOLT_MINI_F0,,47255,test_b,0.7511928525760903,0.43777983211800475,-0.4019747927334879,21,1008,Origin-local observed-channel mean; does not replace pooled main metric
jena,BOLT_MINI_F0,F0,jena_BOLT_MINI_F0,,47279,test_b,0.19101674080962136,0.3026644364897023,-0.1575904832424428,21,1008,Origin-local observed-channel mean; does not replace pooled main metric
jena,BOLT_MINI_F0,F0,jena_BOLT_MINI_F0,,47303,test_b,0.21741746225393377,0.23486804394601746,0.1002302836848916,21,1008,Origin-local observed-channel mean; does not replace pooled main metric
jena,BOLT_MINI_F0,F0,jena_BOLT_MINI_F0,,47327,test_b,0.05774697731628422,0.12531568977294866,0.004519007393340987,21,1008,Origin-local observed-channel mean; does not replace pooled main metric
jena,BOLT_MINI_F0,F0,jena_BOLT_MINI_F0,,47351,test_b,0.06004792508047372,0.13737216777949396,0.030935066850418923,21,1008,Origin-local observed-channel mean; does not replace pooled main metric
jena,BOLT_MINI_F0,F0,jena_BOLT_MINI_F0,,47375,test_b,0.04852824540091499,0.12261222009386523,-0.024677341861596293,21,1008,Origin-local observed-channel mean; does not replace pooled main metric
jena,BOLT_MINI_F0,F0,jena_BOLT_MINI_F0,,47399,test_b,0.13904133319974946,0.22972388878816488,-0.09983491925306714,21,1008,Origin-local observed-channel mean; does not replace pooled main metric
jena,BOLT_MINI_F0,F0,jena_BOLT_MINI_F0,,47423,test_b,0.31660685259300764,0.385915061979927,-0.187430004376871,21,1008,Origin-local observed-channel mean; does not replace pooled main metric
jena,BOLT_MINI_F0,F0,jena_BOLT_MINI_F0,,47447,test_b,0.12209344036666578,0.25245870315374636,0.11402542286738197,21,1008,Origin-local observed-channel mean; does not replace pooled main metric
jena,BOLT_MINI_F0,F0,jena_BOLT_MINI_F0,,47471,test_b,0.15759662427885288,0.2399092468466344,0.09493626058813082,21,1008,Origin-local observed-channel mean; does not replace pooled main metric
jena,BOLT_MINI_F0,F0,jena_BOLT_MINI_F0,,47495,test_b,0.6791895336972349,0.42657035076788624,-0.20648277539992937,21,1008,Origin-local observed-channel mean; does not replace pooled main metric
jena,BOLT_MINI_F0,F0,jena_BOLT_MINI_F0,,47519,test_b,0.8355030478158405,0.5333164336973694,-0.063551748767904,21,1008,Origin-local observed-channel mean; does not replace pooled main metric
jena,BOLT_MINI_F0,F0,jena_BOLT_MINI_F0,,47543,test_b,0.25552120106984333,0.32282725535575685,-0.00480712441270636,21,1008,Origin-local observed-channel mean; does not replace pooled main metric
jena,BOLT_MINI_F0,F0,jena_BOLT_MINI_F0,,47567,test_b,0.1552444910044055,0.26989740065376583,-0.012284738007500502,21,1008,Origin-local observed-channel mean; does not replace pooled main metric
jena,BOLT_MINI_F0,F0,jena_BOLT_MINI_F0,,47591,test_b,0.1300081810356087,0.2519525149829052,0.07868718841731723,21,1008,Origin-local observed-channel mean; does not replace pooled main metric
jena,BOLT_MINI_F0,F0,jena_BOLT_MINI_F0,,47615,test_b,0.11348783999872387,0.2072193263778149,0.06145842459781782,21,1008,Origin-local observed-channel mean; does not replace pooled main metric
jena,BOLT_MINI_F0,F0,jena_BOLT_MINI_F0,,47639,test_b,0.11003770940101809,0.19622014479578606,0.10111862439144817,21,1008,Origin-local observed-channel mean; does not replace pooled main metric
jena,BOLT_MINI_F0,F0,jena_BOLT_MINI_F0,,47663,test_b,0.06802778902637148,0.1548507850606083,0.060601478071129394,21,1008,Origin-local observed-channel mean; does not replace pooled main metric
jena,BOLT_MINI_F0,F0,jena_BOLT_MINI_F0,,47687,test_b,0.18039357920669477,0.23779437918075552,-0.04032767209453538,21,1008,Origin-local observed-channel mean; does not replace pooled main metric
jena,BOLT_MINI_F0,F0,jena_BOLT_MINI_F0,,47711,test_b,0.41781223035617016,0.4866424260193497,-0.270626397747066,21,1008,Origin-local observed-channel mean; does not replace pooled main metric
jena,BOLT_MINI_F0,F0,jena_BOLT_MINI_F0,,47735,test_b,0.36055912871923873,0.35629583566310064,0.013246990744225936,21,1008,Origin-local observed-channel mean; does not replace pooled main metric
jena,BOLT_MINI_F0,F0,jena_BOLT_MINI_F0,,47759,test_b,0.3842478475509373,0.2811124364027111,-0.18662173418013278,21,1008,Origin-local observed-channel mean; does not replace pooled main metric
jena,BOLT_MINI_F0,F0,jena_BOLT_MINI_F0,,47783,test_b,0.1227208051054191,0.2014410310863414,-0.03375602872740044,21,1008,Origin-local observed-channel mean; does not replace pooled main metric
jena,BOLT_MINI_F0,F0,jena_BOLT_MINI_F0,,47807,test_b,0.2754040807385157,0.3515039875690866,0.10847469938940661,21,1008,Origin-local observed-channel mean; does not replace pooled main metric
jena,BOLT_MINI_F0,F0,jena_BOLT_MINI_F0,,47831,test_b,0.1656121083207223,0.18550710164068038,-0.14419784759708804,21,1008,Origin-local observed-channel mean; does not replace pooled main metric
jena,BOLT_MINI_F0,F0,jena_BOLT_MINI_F0,,47855,test_b,0.07889905833758723,0.15481769552588093,-0.06554274983633178,21,1008,Origin-local observed-channel mean; does not replace pooled main metric
jena,BOLT_MINI_F0,F0,jena_BOLT_MINI_F0,,47879,test_b,0.06776778090464727,0.1493265121974377,0.058396364589180676,21,1008,Origin-local observed-channel mean; does not replace pooled main metric
jena,BOLT_MINI_F0,F0,jena_BOLT_MINI_F0,,47903,test_b,0.02296712714077284,0.07512472568475734,0.03283270319846611,21,1008,Origin-local observed-channel mean; does not replace pooled main metric
jena,BOLT_MINI_F0,F0,jena_BOLT_MINI_F0,,47927,test_b,0.022993674494448686,0.07651979119772376,0.038352826475429105,21,1008,Origin-local observed-channel mean; does not replace pooled main metric
jena,BOLT_MINI_F0,F0,jena_BOLT_MINI_F0,,47951,test_b,0.025883859372565748,0.08451255081805387,0.02217223407841095,21,1008,Origin-local observed-channel mean; does not replace pooled main metric
jena,BOLT_MINI_F0,F0,jena_BOLT_MINI_F0,,47975,test_b,0.12109978804767388,0.15829291456149863,0.029864564506588347,21,1008,Origin-local observed-channel mean; does not replace pooled main metric
jena,BOLT_MINI_F0,F0,jena_BOLT_MINI_F0,,47999,test_b,0.3594151227727521,0.3222385344006831,0.15151447923262676,21,1008,Origin-local observed-channel mean; does not replace pooled main metric
jena,BOLT_MINI_F0,F0,jena_BOLT_MINI_F0,,48023,test_b,0.25317598868946023,0.2526619880506861,0.09423576505316074,21,1008,Origin-local observed-channel mean; does not replace pooled main metric
jena,BOLT_MINI_F0,F0,jena_BOLT_MINI_F0,,48047,test_b,0.2898149589158521,0.2666882480813897,0.01947380756309795,21,1008,Origin-local observed-channel mean; does not replace pooled main metric
jena,BOLT_MINI_F0,F0,jena_BOLT_MINI_F0,,48071,test_b,0.19620939688080524,0.19872868609880767,0.07456375691404063,21,1008,Origin-local observed-channel mean; does not replace pooled main metric
jena,BOLT_MINI_F0,F0,jena_BOLT_MINI_F0,,48095,test_b,0.10266880400677988,0.15981098193497884,0.04613188987538691,21,1008,Origin-local observed-channel mean; does not replace pooled main metric
jena,BOLT_MINI_F0,F0,jena_BOLT_MINI_F0,,48119,test_b,0.10621484779926005,0.16714890056166387,-0.017270582566053485,21,1008,Origin-local observed-channel mean; does not replace pooled main metric
jena,BOLT_MINI_F0,F0,jena_BOLT_MINI_F0,,48143,test_b,0.4723753901408981,0.4755303045085239,-0.15915704858147478,21,1008,Origin-local observed-channel mean; does not replace pooled main metric
jena,BOLT_MINI_F0,F0,jena_BOLT_MINI_F0,,48167,test_b,0.187876641300045,0.2692467549365127,0.14186375610711005,21,1008,Origin-local observed-channel mean; does not replace pooled main metric
jena,BOLT_MINI_F0,F0,jena_BOLT_MINI_F0,,48191,test_b,0.11179102851093486,0.18911787237032382,0.03648039596945247,21,1008,Origin-local observed-channel mean; does not replace pooled main metric
jena,BOLT_MINI_F0,F0,jena_BOLT_MINI_F0,,48215,test_b,0.11827326961820617,0.16869406752927701,0.05975787656932389,21,1008,Origin-local observed-channel mean; does not replace pooled main metric
jena,BOLT_MINI_F0,F0,jena_BOLT_MINI_F0,,48239,test_b,0.2008471683324572,0.22278586758803284,0.09126668856553144,21,1008,Origin-local observed-channel mean; does not replace pooled main metric
jena,BOLT_MINI_F0,F0,jena_BOLT_MINI_F0,,48263,test_b,0.25216311479322684,0.23437277267461581,-0.02684443039608942,21,1008,Origin-local observed-channel mean; does not replace pooled main metric
jena,BOLT_MINI_F0,F0,jena_BOLT_MINI_F0,,48287,test_b,0.3916528170799233,0.44476864571356245,-0.24331863313966728,21,1008,Origin-local observed-channel mean; does not replace pooled main metric
jena,BOLT_MINI_F0,F0,jena_BOLT_MINI_F0,,48311,test_b,0.049941942903144,0.15315428352059396,0.0591255772444403,21,1008,Origin-local observed-channel mean; does not replace pooled main metric
jena,BOLT_MINI_F0,F0,jena_BOLT_MINI_F0,,48335,test_b,0.12601767561426733,0.24791533237247862,0.008394956674555233,21,1008,Origin-local observed-channel mean; does not replace pooled main metric
jena,BOLT_MINI_F0,F0,jena_BOLT_MINI_F0,,48359,test_b,0.03192816516002337,0.09099734025244649,-0.0002936079206789613,21,1008,Origin-local observed-channel mean; does not replace pooled main metric
jena,BOLT_MINI_F0,F0,jena_BOLT_MINI_F0,,48383,test_b,0.02859496037708348,0.09290936089024716,-0.028676344593617294,21,1008,Origin-local observed-channel mean; does not replace pooled main metric
jena,BOLT_MINI_F0,F0,jena_BOLT_MINI_F0,,48407,test_b,0.06071663117130529,0.16404982910691096,-0.05148779900397161,21,1008,Origin-local observed-channel mean; does not replace pooled main metric
jena,BOLT_MINI_F0,F0,jena_BOLT_MINI_F0,,48431,test_b,0.12137653562129576,0.21774347161593302,-0.07192771586899957,21,1008,Origin-local observed-channel mean; does not replace pooled main metric
jena,BOLT_MINI_F0,F0,jena_BOLT_MINI_F0,,48455,test_b,0.15473063976599516,0.23757186494878538,0.05177299519963857,21,1008,Origin-local observed-channel mean; does not replace pooled main metric
jena,BOLT_MINI_F0,F0,jena_BOLT_MINI_F0,,48479,test_b,0.15797753516989402,0.17235525460388987,0.05789382344237456,21,1008,Origin-local observed-channel mean; does not replace pooled main metric
jena,BOLT_MINI_F0,F0,jena_BOLT_MINI_F0,,48503,test_b,0.11093186146724135,0.15312938279442725,-0.07094877856665305,21,1008,Origin-local observed-channel mean; does not replace pooled main metric
jena,BOLT_MINI_F0,F0,jena_BOLT_MINI_F0,,48527,test_b,0.08284604385508519,0.12193824061089094,-0.016747404795346987,21,1008,Origin-local observed-channel mean; does not replace pooled main metric
jena,BOLT_MINI_F0,F0,jena_BOLT_MINI_F0,,48551,test_b,0.11854917396495435,0.14942861032868096,-0.0357721700667522,21,1008,Origin-local observed-channel mean; does not replace pooled main metric
jena,BOLT_MINI_F0,F0,jena_BOLT_MINI_F0,,48575,test_b,0.370115120451347,0.3694063078109471,-0.19065641442735107,21,1008,Origin-local observed-channel mean; does not replace pooled main metric
jena,BOLT_MINI_F0,F0,jena_BOLT_MINI_F0,,48599,test_b,0.5184514430357529,0.402284711646124,-0.07911448405687384,21,1008,Origin-local observed-channel mean; does not replace pooled main metric
jena,BOLT_MINI_F0,F0,jena_BOLT_MINI_F0,,48623,test_b,0.17214912119108236,0.22974595422292912,0.01626500089274948,21,1008,Origin-local observed-channel mean; does not replace pooled main metric
jena,BOLT_MINI_F0,F0,jena_BOLT_MINI_F0,,48647,test_b,0.10416610509219078,0.1785740101641129,-0.0004243594518075449,21,1008,Origin-local observed-channel mean; does not replace pooled main metric
jena,BOLT_MINI_F0,F0,jena_BOLT_MINI_F0,,48671,test_b,0.11023039552093859,0.1777575006598786,-0.06365998399719718,21,1008,Origin-local observed-channel mean; does not replace pooled main metric
jena,BOLT_MINI_F0,F0,jena_BOLT_MINI_F0,,48695,test_b,0.10317642557071564,0.17393451394575152,-0.046521323724485385,21,1008,Origin-local observed-channel mean; does not replace pooled main metric
jena,BOLT_MINI_F0,F0,jena_BOLT_MINI_F0,,48719,test_b,0.10173880319428281,0.18933271504797702,-0.10078777001682385,21,1008,Origin-local observed-channel mean; does not replace pooled main metric
jena,BOLT_MINI_F0,F0,jena_BOLT_MINI_F0,,48743,test_b,0.0621072805442536,0.16724087933869752,0.026552366285787207,21,1008,Origin-local observed-channel mean; does not replace pooled main metric
jena,BOLT_MINI_F0,F0,jena_BOLT_MINI_F0,,48767,test_b,0.01310041087774136,0.06270392817925081,-0.02285293887042725,21,1008,Origin-local observed-channel mean; does not replace pooled main metric
jena,BOLT_MINI_F0,F0,jena_BOLT_MINI_F0,,48791,test_b,0.14711602803199894,0.15489691630650743,0.10062574970929529,21,1008,Origin-local observed-channel mean; does not replace pooled main metric
jena,BOLT_MINI_F0,F0,jena_BOLT_MINI_F0,,48815,test_b,0.24645456465152946,0.29003196743759047,0.12202155924139318,21,1008,Origin-local observed-channel mean; does not replace pooled main metric
jena,BOLT_MINI_F0,F0,jena_BOLT_MINI_F0,,48839,test_b,0.1556955230414426,0.2070318486068919,-0.018312937771533765,21,1008,Origin-local observed-channel mean; does not replace pooled main metric
jena,BOLT_MINI_F0,F0,jena_BOLT_MINI_F0,,48863,test_b,0.4292575730217683,0.43984736993251505,-0.13942961946131185,21,1008,Origin-local observed-channel mean; does not replace pooled main metric
jena,BOLT_MINI_F0,F0,jena_BOLT_MINI_F0,,48887,test_b,0.24954885006387129,0.3366933661388993,0.12623469413954316,21,1008,Origin-local observed-channel mean; does not replace pooled main metric
jena,BOLT_MINI_F0,F0,jena_BOLT_MINI_F0,,48911,test_b,0.14478780951386025,0.15720537188982625,-0.07958528419274243,21,1008,Origin-local observed-channel mean; does not replace pooled main metric
jena,BOLT_MINI_F0,F0,jena_BOLT_MINI_F0,,48935,test_b,0.22398615817331075,0.23490915915086616,-0.07598380524827267,21,1008,Origin-local observed-channel mean; does not replace pooled main metric
jena,BOLT_MINI_F0,F0,jena_BOLT_MINI_F0,,48959,test_b,0.39461446733596467,0.2903675427990652,-0.1820779395465728,21,1008,Origin-local observed-channel mean; does not replace pooled main metric
jena,BOLT_MINI_F0,F0,jena_BOLT_MINI_F0,,48983,test_b,0.34278567037959967,0.2988944147477418,-0.13804084213200166,21,1008,Origin-local observed-channel mean; does not replace pooled main metric
jena,BOLT_MINI_F0,F0,jena_BOLT_MINI_F0,,49007,test_b,0.26644334559147553,0.2518221126880408,-0.08333081017444206,21,1008,Origin-local observed-channel mean; does not replace pooled main metric
jena,BOLT_MINI_F0,F0,jena_BOLT_MINI_F0,,49031,test_b,0.5737396858982364,0.3414448532211181,-0.12421059343937993,21,1008,Origin-local observed-channel mean; does not replace pooled main metric
jena,BOLT_MINI_F0,F0,jena_BOLT_MINI_F0,,49055,test_b,0.5819125887914236,0.3315030881783478,-0.23226775142012185,21,1008,Origin-local observed-channel mean; does not replace pooled main metric
jena,BOLT_MINI_F0,F0,jena_BOLT_MINI_F0,,49079,test_b,0.17703626236954045,0.1787227052590756,0.003821041900087104,21,1008,Origin-local observed-channel mean; does not replace pooled main metric
jena,BOLT_MINI_F0,F0,jena_BOLT_MINI_F0,,49103,test_b,0.09729986406435759,0.21273608711496872,0.15935712792489784,21,1008,Origin-local observed-channel mean; does not replace pooled main metric
jena,BOLT_MINI_F0,F0,jena_BOLT_MINI_F0,,49127,test_b,0.17615002299919075,0.17380547314482214,0.01865618951486549,21,1008,Origin-local observed-channel mean; does not replace pooled main metric
jena,BOLT_MINI_F0,F0,jena_BOLT_MINI_F0,,49151,test_b,0.6563297902681758,0.34203579814320184,-0.21787541903465768,21,1008,Origin-local observed-channel mean; does not replace pooled main metric
jena,BOLT_MINI_F0,F0,jena_BOLT_MINI_F0,,49175,test_b,0.6514769988567809,0.31559880229455994,-0.17330933860152045,21,1008,Origin-local observed-channel mean; does not replace pooled main metric
jena,BOLT_MINI_F0,F0,jena_BOLT_MINI_F0,,49199,test_b,0.31782611345268313,0.20437871076587943,-0.11110134781449146,21,1008,Origin-local observed-channel mean; does not replace pooled main metric
jena,BOLT_MINI_F0,F0,jena_BOLT_MINI_F0,,49223,test_b,0.11403167486060603,0.1513167431121618,0.029869242914072763,21,1008,Origin-local observed-channel mean; does not replace pooled main metric
jena,BOLT_MINI_F0,F0,jena_BOLT_MINI_F0,,49247,test_b,0.19066614057498515,0.20515761698311144,0.04100534885150237,21,1008,Origin-local observed-channel mean; does not replace pooled main metric
jena,BOLT_MINI_F0,F0,jena_BOLT_MINI_F0,,49271,test_b,0.30393757433939905,0.314488604503923,0.03972282857712199,21,1008,Origin-local observed-channel mean; does not replace pooled main metric
jena,BOLT_MINI_F0,F0,jena_BOLT_MINI_F0,,49295,test_b,0.3834361631791568,0.3917776614738007,-0.19810129309605276,21,1008,Origin-local observed-channel mean; does not replace pooled main metric
jena,BOLT_MINI_F0,F0,jena_BOLT_MINI_F0,,49319,test_b,0.6332656682055356,0.41729965719850803,-0.10007194038212579,21,1008,Origin-local observed-channel mean; does not replace pooled main metric
jena,BOLT_MINI_F0,F0,jena_BOLT_MINI_F0,,49343,test_b,0.6949577058721942,0.39652886524351144,-0.08450277916493915,21,1008,Origin-local observed-channel mean; does not replace pooled main metric
jena,BOLT_MINI_F0,F0,jena_BOLT_MINI_F0,,49367,test_b,0.5131634857302046,0.2938413654291441,-0.14831595292078362,21,1008,Origin-local observed-channel mean; does not replace pooled main metric
jena,BOLT_MINI_F0,F0,jena_BOLT_MINI_F0,,49391,test_b,0.2673584403844404,0.19132554203101865,0.04217926347960851,21,1008,Origin-local observed-channel mean; does not replace pooled main metric
jena,BOLT_MINI_F0,F0,jena_BOLT_MINI_F0,,49415,test_b,0.35948963494973124,0.2045479982644172,-0.051081743721465844,21,1008,Origin-local observed-channel mean; does not replace pooled main metric
jena,BOLT_MINI_F0,F0,jena_BOLT_MINI_F0,,49439,test_b,0.1661521367297519,0.16998333269212812,-0.008510930718676674,21,1008,Origin-local observed-channel mean; does not replace pooled main metric
jena,BOLT_MINI_F0,F0,jena_BOLT_MINI_F0,,49463,test_b,0.32506671925238895,0.2311876140764013,-0.06328644194374126,21,1008,Origin-local observed-channel mean; does not replace pooled main metric
jena,BOLT_MINI_F0,F0,jena_BOLT_MINI_F0,,49487,test_b,0.5685543367000787,0.19778800506647384,-0.1415857032222289,21,1008,Origin-local observed-channel mean; does not replace pooled main metric
jena,BOLT_MINI_F0,F0,jena_BOLT_MINI_F0,,49511,test_b,0.34890413297582124,0.1974694202358406,-0.08451409335617743,21,1008,Origin-local observed-channel mean; does not replace pooled main metric
jena,BOLT_MINI_F0,F0,jena_BOLT_MINI_F0,,49535,test_b,0.14626417252890414,0.13379838118433124,-0.032706494084633296,21,1008,Origin-local observed-channel mean; does not replace pooled main metric
jena,BOLT_MINI_F0,F0,jena_BOLT_MINI_F0,,49559,test_b,0.13805959809767165,0.14229821949265897,-0.016655489680401626,21,1008,Origin-local observed-channel mean; does not replace pooled main metric
jena,BOLT_MINI_F0,F0,jena_BOLT_MINI_F0,,49583,test_b,0.07184483424760926,0.12739483702794782,0.022427925939804742,21,1008,Origin-local observed-channel mean; does not replace pooled main metric
jena,BOLT_MINI_F0,F0,jena_BOLT_MINI_F0,,49607,test_b,0.07612158580096594,0.11781109651247601,0.06816346453140591,21,1008,Origin-local observed-channel mean; does not replace pooled main metric
jena,BOLT_MINI_F0,F0,jena_BOLT_MINI_F0,,49631,test_b,0.08016576986205115,0.11257001283275525,0.04213269854090103,21,1008,Origin-local observed-channel mean; does not replace pooled main metric
jena,BOLT_MINI_F0,F0,jena_BOLT_MINI_F0,,49655,test_b,0.0989120992683319,0.11514383035578898,0.07618881810072158,21,1008,Origin-local observed-channel mean; does not replace pooled main metric
jena,BOLT_MINI_F0,F0,jena_BOLT_MINI_F0,,49679,test_b,0.08486653313431086,0.10432963303127694,0.027687420883762928,21,1008,Origin-local observed-channel mean; does not replace pooled main metric
jena,BOLT_MINI_F0,F0,jena_BOLT_MINI_F0,,49703,test_b,0.10854126327364262,0.11951945206179977,-0.030503156299274116,21,1008,Origin-local observed-channel mean; does not replace pooled main metric
jena,BOLT_MINI_F0,F0,jena_BOLT_MINI_F0,,49727,test_b,0.32514440195127847,0.24167558480615886,0.02177504716914088,21,1008,Origin-local observed-channel mean; does not replace pooled main metric
jena,BOLT_MINI_F0,F0,jena_BOLT_MINI_F0,,49751,test_b,0.35092602500189096,0.1698577276187106,-0.07862830337595253,21,1008,Origin-local observed-channel mean; does not replace pooled main metric
jena,BOLT_MINI_F0,F0,jena_BOLT_MINI_F0,,49775,test_b,0.507153699670604,0.22044010269538766,-0.11693973407391385,21,1008,Origin-local observed-channel mean; does not replace pooled main metric
jena,BOLT_MINI_F0,F0,jena_BOLT_MINI_F0,,49799,test_b,0.5197353288547012,0.20891992136926593,-0.11819552859644376,21,1008,Origin-local observed-channel mean; does not replace pooled main metric
jena,BOLT_MINI_F0,F0,jena_BOLT_MINI_F0,,49823,test_b,0.06796514411460979,0.12357831696262729,0.013722495809714836,21,1008,Origin-local observed-channel mean; does not replace pooled main metric
jena,BOLT_MINI_F0,F0,jena_BOLT_MINI_F0,,49847,test_b,0.024827746378649585,0.08442043816109025,0.03253314242003456,21,1008,Origin-local observed-channel mean; does not replace pooled main metric
jena,BOLT_MINI_F0,F0,jena_BOLT_MINI_F0,,49871,test_b,0.05334567785412746,0.09789218864448014,0.0041814620000502414,21,1008,Origin-local observed-channel mean; does not replace pooled main metric
jena,BOLT_MINI_F0,F0,jena_BOLT_MINI_F0,,49895,test_b,0.19827812441134993,0.1600248666354529,0.07073289580598828,21,1008,Origin-local observed-channel mean; does not replace pooled main metric
jena,BOLT_MINI_F0,F0,jena_BOLT_MINI_F0,,49919,test_b,0.050016457686558775,0.1078488840906334,-0.02130810649962061,21,1008,Origin-local observed-channel mean; does not replace pooled main metric
jena,BOLT_MINI_F0,F0,jena_BOLT_MINI_F0,,49943,test_b,0.0530323700509226,0.10118378358449609,-0.03551056917150697,21,1008,Origin-local observed-channel mean; does not replace pooled main metric
jena,BOLT_MINI_F0,F0,jena_BOLT_MINI_F0,,49967,test_b,0.017200003566233645,0.06528561370318389,-0.002726367480626945,21,1008,Origin-local observed-channel mean; does not replace pooled main metric
jena,BOLT_MINI_F0,F0,jena_BOLT_MINI_F0,,49991,test_b,0.058474374720018825,0.11927619147022525,-0.030683075343808413,21,1008,Origin-local observed-channel mean; does not replace pooled main metric
jena,BOLT_MINI_F0,F0,jena_BOLT_MINI_F0,,50015,test_b,0.1708084732758735,0.24193000582985522,-0.06436944169191909,21,1008,Origin-local observed-channel mean; does not replace pooled main metric
jena,BOLT_MINI_F0,F0,jena_BOLT_MINI_F0,,50039,test_b,0.12420837902679581,0.24498843229726872,0.04183007150773875,21,1008,Origin-local observed-channel mean; does not replace pooled main metric
jena,BOLT_MINI_F0,F0,jena_BOLT_MINI_F0,,50063,test_b,0.06925022472165768,0.15511056162243234,0.02307046822822904,21,1008,Origin-local observed-channel mean; does not replace pooled main metric
jena,BOLT_MINI_F0,F0,jena_BOLT_MINI_F0,,50087,test_b,0.05262601582922172,0.11895378477748231,0.011802584640041195,21,1008,Origin-local observed-channel mean; does not replace pooled main metric
jena,BOLT_MINI_F0,F0,jena_BOLT_MINI_F0,,50111,test_b,0.05359648157140994,0.10445216797154264,0.03626729635324669,21,1008,Origin-local observed-channel mean; does not replace pooled main metric
jena,BOLT_MINI_F0,F0,jena_BOLT_MINI_F0,,50135,test_b,0.13387077187415933,0.16481947178752826,-0.022344632767185207,21,1008,Origin-local observed-channel mean; does not replace pooled main metric
jena,BOLT_MINI_F0,F0,jena_BOLT_MINI_F0,,50159,test_b,0.19729191846300662,0.21401101858576851,-0.05839262425988203,21,1008,Origin-local observed-channel mean; does not replace pooled main metric
jena,BOLT_MINI_F0,F0,jena_BOLT_MINI_F0,,50183,test_b,0.3564184275922602,0.29053606603309395,-0.09793811408610693,21,1008,Origin-local observed-channel mean; does not replace pooled main metric
jena,BOLT_MINI_F0,F0,jena_BOLT_MINI_F0,,50207,test_b,0.17809813708153122,0.18699412084623918,-0.09672490513820241,21,1008,Origin-local observed-channel mean; does not replace pooled main metric
jena,BOLT_MINI_F0,F0,jena_BOLT_MINI_F0,,50231,test_b,0.3029081088613951,0.2316617463025429,-0.07807544205836223,21,1008,Origin-local observed-channel mean; does not replace pooled main metric
jena,BOLT_MINI_F0,F0,jena_BOLT_MINI_F0,,50255,test_b,0.17855060404006734,0.14637043811602607,-0.07521670734110686,21,1008,Origin-local observed-channel mean; does not replace pooled main metric
jena,BOLT_MINI_F0,F0,jena_BOLT_MINI_F0,,50279,test_b,0.07741075644604493,0.16402937401913473,-0.039668178048039356,21,1008,Origin-local observed-channel mean; does not replace pooled main metric
jena,BOLT_MINI_F0,F0,jena_BOLT_MINI_F0,,50303,test_b,0.330921871727548,0.34318043284027167,-0.16672460339713513,21,1008,Origin-local observed-channel mean; does not replace pooled main metric
jena,BOLT_MINI_F0,F0,jena_BOLT_MINI_F0,,50327,test_b,0.31668042076692376,0.274894315344263,-0.14578217814079603,21,1008,Origin-local observed-channel mean; does not replace pooled main metric
jena,BOLT_MINI_F0,F0,jena_BOLT_MINI_F0,,50351,test_b,0.06191742868236064,0.1638801032333237,-0.0271249881639159,21,1008,Origin-local observed-channel mean; does not replace pooled main metric
jena,BOLT_MINI_F0,F0,jena_BOLT_MINI_F0,,50375,test_b,0.06041398781317902,0.14798381905666608,-0.023053215599713354,21,1008,Origin-local observed-channel mean; does not replace pooled main metric
jena,BOLT_MINI_F0,F0,jena_BOLT_MINI_F0,,50399,test_b,0.08989849555944494,0.19417388054716866,-0.09959949134495147,21,1008,Origin-local observed-channel mean; does not replace pooled main metric
jena,BOLT_MINI_F0,F0,jena_BOLT_MINI_F0,,50423,test_b,0.07283570805293965,0.14628583011526933,-0.04560348555507574,21,1008,Origin-local observed-channel mean; does not replace pooled main metric
jena,BOLT_MINI_F0,F0,jena_BOLT_MINI_F0,,50447,test_b,0.09861568543040285,0.19342910775277047,-0.08034751180977245,21,1008,Origin-local observed-channel mean; does not replace pooled main metric
jena,BOLT_MINI_F0,F0,jena_BOLT_MINI_F0,,50471,test_b,0.0933461164462122,0.18086360135347362,0.04340202629856999,21,1008,Origin-local observed-channel mean; does not replace pooled main metric
jena,BOLT_MINI_F0,F0,jena_BOLT_MINI_F0,,50495,test_b,0.056504354812917566,0.10251417280235883,-0.04560632603375231,21,1008,Origin-local observed-channel mean; does not replace pooled main metric
jena,BOLT_MINI_F0,F0,jena_BOLT_MINI_F0,,50519,test_b,0.1430515849127269,0.16951597068446206,0.11922706977534361,21,1008,Origin-local observed-channel mean; does not replace pooled main metric
jena,BOLT_MINI_F0,F0,jena_BOLT_MINI_F0,,50543,test_b,0.04296947495517935,0.08860363220357237,0.0370291000128909,21,1008,Origin-local observed-channel mean; does not replace pooled main metric
jena,BOLT_MINI_F0,F0,jena_BOLT_MINI_F0,,50567,test_b,0.058442766465948835,0.1176578021699358,0.01365117375852216,21,1008,Origin-local observed-channel mean; does not replace pooled main metric
jena,BOLT_MINI_F0,F0,jena_BOLT_MINI_F0,,50591,test_b,0.09232760272106573,0.17658972281187454,-0.08895929764456391,21,1008,Origin-local observed-channel mean; does not replace pooled main metric
jena,BOLT_MINI_F0,F0,jena_BOLT_MINI_F0,,50615,test_b,0.09537357374863237,0.2238943009029349,0.0912916006957872,21,1008,Origin-local observed-channel mean; does not replace pooled main metric
jena,BOLT_MINI_F0,F0,jena_BOLT_MINI_F0,,50639,test_b,0.04692877437176125,0.14287356623332478,0.08354071102376254,21,1008,Origin-local observed-channel mean; does not replace pooled main metric
jena,BOLT_MINI_F0,F0,jena_BOLT_MINI_F0,,50663,test_b,0.036507090962560836,0.12898309217358936,0.0696676145761601,21,1008,Origin-local observed-channel mean; does not replace pooled main metric
jena,BOLT_MINI_F0,F0,jena_BOLT_MINI_F0,,50687,test_b,0.03478189618758243,0.12526615342254183,-0.0295300773317909,21,1008,Origin-local observed-channel mean; does not replace pooled main metric
jena,BOLT_MINI_F0,F0,jena_BOLT_MINI_F0,,50711,test_b,0.25741456942870045,0.23237572494996592,-0.06244672129376716,21,1008,Origin-local observed-channel mean; does not replace pooled main metric
jena,BOLT_MINI_F0,F0,jena_BOLT_MINI_F0,,50735,test_b,0.48748408516174185,0.3932163052040056,-0.2534881953077506,21,1008,Origin-local observed-channel mean; does not replace pooled main metric
jena,BOLT_MINI_F0,F0,jena_BOLT_MINI_F0,,50759,test_b,0.2711783235984147,0.35378689233183397,-0.027197564816777323,21,1008,Origin-local observed-channel mean; does not replace pooled main metric
jena,BOLT_MINI_F0,F0,jena_BOLT_MINI_F0,,50783,test_b,0.14750318462847462,0.19025735638131172,0.03234606889415613,21,1008,Origin-local observed-channel mean; does not replace pooled main metric
jena,BOLT_MINI_F0,F0,jena_BOLT_MINI_F0,,50807,test_b,0.13461898487705215,0.19709062302296393,-0.10060620385111035,21,1008,Origin-local observed-channel mean; does not replace pooled main metric
jena,BOLT_MINI_F0,F0,jena_BOLT_MINI_F0,,50831,test_b,0.3205511008909977,0.2739750539550432,-0.17093414903617468,21,1008,Origin-local observed-channel mean; does not replace pooled main metric
jena,BOLT_MINI_F0,F0,jena_BOLT_MINI_F0,,50855,test_b,0.3007893676492909,0.22552587094307663,-0.13749607110592135,21,1008,Origin-local observed-channel mean; does not replace pooled main metric
jena,BOLT_MINI_F0,F0,jena_BOLT_MINI_F0,,50879,test_b,0.5150560059628739,0.35835349158289664,-0.28049809290863026,21,1008,Origin-local observed-channel mean; does not replace pooled main metric
jena,BOLT_MINI_F0,F0,jena_BOLT_MINI_F0,,50903,test_b,0.5424080897375736,0.34191964046130174,-0.0157386932621612,21,1008,Origin-local observed-channel mean; does not replace pooled main metric
jena,BOLT_MINI_F0,F0,jena_BOLT_MINI_F0,,50927,test_b,0.8792149123771622,0.5405045563825369,-0.013106914467200461,21,1008,Origin-local observed-channel mean; does not replace pooled main metric
jena,BOLT_MINI_F0,F0,jena_BOLT_MINI_F0,,50951,test_b,0.2461657966801179,0.29418952303066837,0.02572993690132751,21,1008,Origin-local observed-channel mean; does not replace pooled main metric
jena,BOLT_MINI_F0,F0,jena_BOLT_MINI_F0,,50975,test_b,0.03000399713407275,0.09940288161178905,-0.019131875744769503,21,1008,Origin-local observed-channel mean; does not replace pooled main metric
jena,BOLT_MINI_F0,F0,jena_BOLT_MINI_F0,,50999,test_b,0.05875154136973265,0.11829014866989813,0.005336380661613051,21,1008,Origin-local observed-channel mean; does not replace pooled main metric
jena,BOLT_MINI_F0,F0,jena_BOLT_MINI_F0,,51023,test_b,0.11785823749332953,0.18724833144300476,-0.06390099741122593,21,1008,Origin-local observed-channel mean; does not replace pooled main metric
jena,BOLT_MINI_F0,F0,jena_BOLT_MINI_F0,,51047,test_b,0.09416066284405854,0.18349120932982751,0.08302469726752154,21,1008,Origin-local observed-channel mean; does not replace pooled main metric
jena,BOLT_MINI_F0,F0,jena_BOLT_MINI_F0,,51071,test_b,0.12690689429161417,0.21956907986076124,0.15617428401599193,21,1008,Origin-local observed-channel mean; does not replace pooled main metric
jena,BOLT_MINI_F0,F0,jena_BOLT_MINI_F0,,51095,test_b,0.058829944067702734,0.12798242764845436,0.021686995987173368,21,1008,Origin-local observed-channel mean; does not replace pooled main metric
jena,BOLT_MINI_F0,F0,jena_BOLT_MINI_F0,,51119,test_b,0.13491620152706124,0.17779895286066533,-0.054116647556102605,21,1008,Origin-local observed-channel mean; does not replace pooled main metric
jena,BOLT_MINI_F0,F0,jena_BOLT_MINI_F0,,51143,test_b,0.13345381210999377,0.1475748519694048,-0.09345791149248797,21,1008,Origin-local observed-channel mean; does not replace pooled main metric
jena,BOLT_MINI_F0,F0,jena_BOLT_MINI_F0,,51167,test_b,0.14903205099378686,0.19679303564933232,-0.1444138396533191,21,1008,Origin-local observed-channel mean; does not replace pooled main metric
jena,BOLT_MINI_F0,F0,jena_BOLT_MINI_F0,,51191,test_b,0.07467320392544792,0.14091346864273555,-0.052049571339084076,21,1008,Origin-local observed-channel mean; does not replace pooled main metric
jena,BOLT_MINI_F0,F0,jena_BOLT_MINI_F0,,51215,test_b,0.3649457443043623,0.19328808013520643,-0.103964774618434,21,1008,Origin-local observed-channel mean; does not replace pooled main metric
jena,BOLT_MINI_F0,F0,jena_BOLT_MINI_F0,,51239,test_b,0.4558489574446045,0.31463036995623883,-0.1302603872533678,21,1008,Origin-local observed-channel mean; does not replace pooled main metric
jena,BOLT_MINI_F0,F0,jena_BOLT_MINI_F0,,51263,test_b,0.13310178242013015,0.16114487807759104,0.0483525407535559,21,1008,Origin-local observed-channel mean; does not replace pooled main metric
jena,BOLT_MINI_F0,F0,jena_BOLT_MINI_F0,,51287,test_b,0.2069252991699654,0.22082340903949765,0.08251774160649689,21,1008,Origin-local observed-channel mean; does not replace pooled main metric
jena,BOLT_MINI_F0,F0,jena_BOLT_MINI_F0,,51311,test_b,0.4212475416469338,0.3319948856235622,0.032005374788746446,21,1008,Origin-local observed-channel mean; does not replace pooled main metric
jena,BOLT_MINI_F0,F0,jena_BOLT_MINI_F0,,51335,test_b,0.3858210824531883,0.25712485150535713,0.016658889221689024,21,1008,Origin-local observed-channel mean; does not replace pooled main metric
jena,BOLT_MINI_F0,F0,jena_BOLT_MINI_F0,,51359,test_b,0.20454161062237272,0.19722194912370355,0.0037481208657106748,21,1008,Origin-local observed-channel mean; does not replace pooled main metric
jena,BOLT_MINI_F0,F0,jena_BOLT_MINI_F0,,51383,test_b,0.08125501052709272,0.12870448220535996,0.05273737818638365,21,1008,Origin-local observed-channel mean; does not replace pooled main metric
jena,BOLT_MINI_F0,F0,jena_BOLT_MINI_F0,,51407,test_b,0.1166974342758029,0.15980207970798282,0.07161876152265848,21,1008,Origin-local observed-channel mean; does not replace pooled main metric
jena,BOLT_MINI_F0,F0,jena_BOLT_MINI_F0,,51431,test_b,0.13597059425917687,0.1950294564171816,0.0457726761591085,21,1008,Origin-local observed-channel mean; does not replace pooled main metric
jena,BOLT_MINI_F0,F0,jena_BOLT_MINI_F0,,51455,test_b,0.2000679404125787,0.2688205613856784,-0.15932627103410638,21,1008,Origin-local observed-channel mean; does not replace pooled main metric
jena,BOLT_MINI_F0,F0,jena_BOLT_MINI_F0,,51479,test_b,0.10147822047230694,0.14620647745311816,-0.08661704943901101,21,1008,Origin-local observed-channel mean; does not replace pooled main metric
jena,BOLT_MINI_F0,F0,jena_BOLT_MINI_F0,,51503,test_b,0.07746318384904023,0.13540969476889586,-0.01122250382191158,21,1008,Origin-local observed-channel mean; does not replace pooled main metric
jena,BOLT_MINI_F0,F0,jena_BOLT_MINI_F0,,51527,test_b,0.07364350987248869,0.13354559073103167,-0.010270931037204774,21,1008,Origin-local observed-channel mean; does not replace pooled main metric
jena,BOLT_MINI_F0,F0,jena_BOLT_MINI_F0,,51551,test_b,0.01199772546504742,0.059509060669081494,0.0011284840645477362,21,1008,Origin-local observed-channel mean; does not replace pooled main metric
jena,BOLT_MINI_F0,F0,jena_BOLT_MINI_F0,,51575,test_b,0.031068888310810953,0.09524314981766992,-0.032947125833570255,21,1008,Origin-local observed-channel mean; does not replace pooled main metric
jena,BOLT_MINI_F0,F0,jena_BOLT_MINI_F0,,51599,test_b,0.12390177188347345,0.223941707866216,-0.04969397844419406,21,1008,Origin-local observed-channel mean; does not replace pooled main metric
jena,BOLT_MINI_F0,F0,jena_BOLT_MINI_F0,,51623,test_b,0.06436245114602357,0.1647593698525891,0.07660701728361477,21,1008,Origin-local observed-channel mean; does not replace pooled main metric
jena,BOLT_MINI_F0,F0,jena_BOLT_MINI_F0,,51647,test_b,0.20028572578077095,0.21720872185456785,0.14460862503123253,21,1008,Origin-local observed-channel mean; does not replace pooled main metric
jena,BOLT_MINI_F0,F0,jena_BOLT_MINI_F0,,51671,test_b,0.1976956353190566,0.2159086008622479,0.0719247013308516,21,1008,Origin-local observed-channel mean; does not replace pooled main metric
jena,BOLT_MINI_F0,F0,jena_BOLT_MINI_F0,,51695,test_b,0.06264482814502056,0.11183385491105062,0.016142899133560675,21,1008,Origin-local observed-channel mean; does not replace pooled main metric
jena,BOLT_MINI_F0,F0,jena_BOLT_MINI_F0,,51719,test_b,0.14469349607861975,0.1626695236036395,-0.004014620482819972,21,1008,Origin-local observed-channel mean; does not replace pooled main metric
jena,BOLT_MINI_F0,F0,jena_BOLT_MINI_F0,,51743,test_b,0.2541287491515801,0.29694365087660063,-0.07729297289800356,21,1008,Origin-local observed-channel mean; does not replace pooled main metric
jena,BOLT_MINI_F0,F0,jena_BOLT_MINI_F0,,51767,test_b,0.20888422736447654,0.2610816203384837,-0.013041492853690646,21,1008,Origin-local observed-channel mean; does not replace pooled main metric
jena,BOLT_MINI_F0,F0,jena_BOLT_MINI_F0,,51791,test_b,0.1395768095342586,0.1654918415622974,0.0758982374536572,21,1008,Origin-local observed-channel mean; does not replace pooled main metric
jena,BOLT_MINI_F0,F0,jena_BOLT_MINI_F0,,51815,test_b,0.13423281311254692,0.15457960471625454,-0.027245338157092826,21,1008,Origin-local observed-channel mean; does not replace pooled main metric
jena,BOLT_MINI_F0,F0,jena_BOLT_MINI_F0,,51839,test_b,0.17424065028973457,0.13255217839180242,0.05994560885139638,21,1008,Origin-local observed-channel mean; does not replace pooled main metric
jena,BOLT_MINI_F0,F0,jena_BOLT_MINI_F0,,51863,test_b,0.13066227181511741,0.14094645175935017,-0.042683961187740635,21,1008,Origin-local observed-channel mean; does not replace pooled main metric
jena,BOLT_MINI_F0,F0,jena_BOLT_MINI_F0,,51887,test_b,0.1256919610404728,0.13367983504080228,-0.008387205268566806,21,1008,Origin-local observed-channel mean; does not replace pooled main metric
jena,BOLT_MINI_F0,F0,jena_BOLT_MINI_F0,,51911,test_b,0.1796701587476413,0.16021620818886845,0.08974507778129052,21,1008,Origin-local observed-channel mean; does not replace pooled main metric
jena,BOLT_MINI_F0,F0,jena_BOLT_MINI_F0,,51935,test_b,0.09286116513912267,0.13773669917432088,0.014226281512824315,21,1008,Origin-local observed-channel mean; does not replace pooled main metric
jena,BOLT_MINI_F0,F0,jena_BOLT_MINI_F0,,51959,test_b,0.038399049492088624,0.08580031923003613,-0.013203465483254854,21,1008,Origin-local observed-channel mean; does not replace pooled main metric
jena,BOLT_MINI_F0,F0,jena_BOLT_MINI_F0,,51983,test_b,0.05218330355035938,0.14043251962386188,0.08388898497269977,21,1008,Origin-local observed-channel mean; does not replace pooled main metric
jena,BOLT_MINI_F0,F0,jena_BOLT_MINI_F0,,52007,test_b,0.12018859534590626,0.1562767255781514,-0.011032337357940538,21,1008,Origin-local observed-channel mean; does not replace pooled main metric
jena,BOLT_MINI_F0,F0,jena_BOLT_MINI_F0,,52031,test_b,0.23846588650845724,0.2496810270843396,-0.08202998233254119,21,1008,Origin-local observed-channel mean; does not replace pooled main metric
jena,BOLT_MINI_F0,F0,jena_BOLT_MINI_F0,,52055,test_b,0.2126402090028996,0.2049132521711899,-0.009714552664451143,21,1008,Origin-local observed-channel mean; does not replace pooled main metric
jena,BOLT_MINI_F0,F0,jena_BOLT_MINI_F0,,52079,test_b,0.14134471028954992,0.14665700316370006,0.029403060068568538,21,1008,Origin-local observed-channel mean; does not replace pooled main metric
jena,BOLT_MINI_F0,F0,jena_BOLT_MINI_F0,,52103,test_b,0.1041808502562982,0.1433914616437895,0.09776995962278712,21,1008,Origin-local observed-channel mean; does not replace pooled main metric
jena,BOLT_MINI_F0,F0,jena_BOLT_MINI_F0,,52127,test_b,0.07073319890592422,0.10620194626232933,0.034805086840476306,21,1008,Origin-local observed-channel mean; does not replace pooled main metric
jena,BOLT_MINI_F0,F0,jena_BOLT_MINI_F0,,52151,test_b,0.23027975008569515,0.19400433298950598,-0.03710473256669791,21,1008,Origin-local observed-channel mean; does not replace pooled main metric
jena,BOLT_MINI_F0,F0,jena_BOLT_MINI_F0,,52175,test_b,0.4927156667456386,0.4319891182374068,-0.15112046826407238,21,1008,Origin-local observed-channel mean; does not replace pooled main metric
jena,BOLT_MINI_F0,F0,jena_BOLT_MINI_F0,,52199,test_b,0.29625029982938667,0.3058431115373785,0.06858035246056267,21,1008,Origin-local observed-channel mean; does not replace pooled main metric
jena,BOLT_MINI_F0,F0,jena_BOLT_MINI_F0,,52223,test_b,0.347490787473084,0.32553897410010296,0.14464789883987533,21,1008,Origin-local observed-channel mean; does not replace pooled main metric
jena,BOLT_MINI_F0,F0,jena_BOLT_MINI_F0,,52247,test_b,0.19187783131025063,0.1726562231039954,0.07185711272593057,21,1008,Origin-local observed-channel mean; does not replace pooled main metric
jena,BOLT_MINI_F0,F0,jena_BOLT_MINI_F0,,52271,test_b,0.19852735338536412,0.19256279961250367,0.09681523186967722,21,1008,Origin-local observed-channel mean; does not replace pooled main metric
jena,BOLT_MINI_F0,F0,jena_BOLT_MINI_F0,,52295,test_b,0.1733209071188968,0.1877447103297094,-0.032802483570920894,21,1008,Origin-local observed-channel mean; does not replace pooled main metric
jena,BOLT_MINI_F0,F0,jena_BOLT_MINI_F0,,52319,test_b,0.44430172418510544,0.4503756886172178,-0.2217231077604429,21,1008,Origin-local observed-channel mean; does not replace pooled main metric
jena,BOLT_MINI_F0,F0,jena_BOLT_MINI_F0,,52343,test_b,0.4406746251452599,0.3264852226071121,-0.01739759251436875,21,1008,Origin-local observed-channel mean; does not replace pooled main metric
jena,BOLT_MINI_F0,F0,jena_BOLT_MINI_F0,,52367,test_b,0.15131929445165845,0.16759218750078053,-0.05183730737143567,21,1008,Origin-local observed-channel mean; does not replace pooled main metric
jena,BOLT_MINI_F0,F0,jena_BOLT_MINI_F0,,52391,test_b,0.05630138855666922,0.09621728937851175,-0.027170266013681173,21,1008,Origin-local observed-channel mean; does not replace pooled main metric
jena,BOLT_MINI_F0,F0,jena_BOLT_MINI_F0,,52415,test_b,0.14798698994072396,0.16567778875238245,0.04184517238126506,21,1008,Origin-local observed-channel mean; does not replace pooled main metric
jena,BOLT_MINI_F0,F0,jena_BOLT_MINI_F0,,52439,test_b,0.2024874787061912,0.19228947037447056,-0.05621419242864553,21,1008,Origin-local observed-channel mean; does not replace pooled main metric
jena,BOLT_MINI_F0,F0,jena_BOLT_MINI_F0,,52463,test_b,0.3589899256077265,0.3651136456290491,-0.07009602172472532,21,1008,Origin-local observed-channel mean; does not replace pooled main metric
jena,BOLT_MINI_F0,F0,jena_BOLT_MINI_F0,,52487,test_b,0.1968114080428784,0.23670992837795646,0.0508004074065303,21,1008,Origin-local observed-channel mean; does not replace pooled main metric
jena,BOLT_MINI_F0,F0,jena_BOLT_MINI_F0,,52511,test_b,0.14778308131296572,0.20251697193949467,0.1201473172783615,21,1008,Origin-local observed-channel mean; does not replace pooled main metric
jena,BOLT_MINI_F0,F0,jena_BOLT_MINI_F0,,52535,test_b,0.18753726398123935,0.16366726237474868,0.007880823104642326,21,1008,Origin-local observed-channel mean; does not replace pooled main metric
jena,BOLT_MINI_F0,F0,jena_BOLT_MINI_F0,,52559,test_b,0.18400055789954572,0.1445100328326964,-0.023238028630629064,21,1008,Origin-local observed-channel mean; does not replace pooled main metric
jena,BOLT_MINI_F0,F0,jena_BOLT_MINI_F0,,52583,test_b,0.1581526166887463,0.17345018073279383,-0.052706513108176534,21,1008,Origin-local observed-channel mean; does not replace pooled main metric
jena,BOLT_MINI_F0,F0,jena_BOLT_MINI_F0,,52607,test_b,0.30544973425933925,0.38760331044729346,-0.18856959941562282,21,1008,Origin-local observed-channel mean; does not replace pooled main metric
jena,BOLT_MINI_F0,F0,jena_BOLT_MINI_F0,,52631,test_b,0.11143406913012392,0.21457342291516457,0.08558262430885824,21,1008,Origin-local observed-channel mean; does not replace pooled main metric
jena,BOLT_MINI_F0,F0,jena_BOLT_MINI_F0,,52655,test_b,0.1367016974834677,0.16635851431564083,0.006800626127404119,21,1008,Origin-local observed-channel mean; does not replace pooled main metric
jena,BOLT_TINY_F0,F0,jena_BOLT_TINY_F0,,35135,test_a,0.2126664676755155,0.19153451530211085,-0.11675417856017634,21,1008,Origin-local observed-channel mean; does not replace pooled main metric
jena,BOLT_TINY_F0,F0,jena_BOLT_TINY_F0,,35159,test_a,0.4494415832798616,0.3197738125972036,-0.21640516902940968,21,1008,Origin-local observed-channel mean; does not replace pooled main metric
jena,BOLT_TINY_F0,F0,jena_BOLT_TINY_F0,,35183,test_a,0.788930587998194,0.615711445362115,-0.41491789196706597,21,1008,Origin-local observed-channel mean; does not replace pooled main metric
jena,BOLT_TINY_F0,F0,jena_BOLT_TINY_F0,,35207,test_a,0.29907295943257717,0.29332095901260063,0.10085439976925652,21,1008,Origin-local observed-channel mean; does not replace pooled main metric
jena,BOLT_TINY_F0,F0,jena_BOLT_TINY_F0,,35231,test_a,0.3892503966138793,0.3112027681144398,0.12116033671468142,21,1008,Origin-local observed-channel mean; does not replace pooled main metric
jena,BOLT_TINY_F0,F0,jena_BOLT_TINY_F0,,35255,test_a,0.5036240022418413,0.27887418032679256,-0.0115795804424182,21,1008,Origin-local observed-channel mean; does not replace pooled main metric
jena,BOLT_TINY_F0,F0,jena_BOLT_TINY_F0,,35279,test_a,0.29642649538983534,0.2786160977104575,0.0034504564486384955,21,1008,Origin-local observed-channel mean; does not replace pooled main metric
jena,BOLT_TINY_F0,F0,jena_BOLT_TINY_F0,,35303,test_a,0.9076493689838694,0.588011231793586,-0.2722029350910498,21,1008,Origin-local observed-channel mean; does not replace pooled main metric
jena,BOLT_TINY_F0,F0,jena_BOLT_TINY_F0,,35327,test_a,0.6836734454145349,0.5663612037766604,-0.2474016911787441,21,1008,Origin-local observed-channel mean; does not replace pooled main metric
jena,BOLT_TINY_F0,F0,jena_BOLT_TINY_F0,,35351,test_a,3.488871724758181,0.3769080177019257,-0.032239278701978485,21,1008,Origin-local observed-channel mean; does not replace pooled main metric
jena,BOLT_TINY_F0,F0,jena_BOLT_TINY_F0,,35375,test_a,4.092784316826144,0.649844636176163,-0.03857114671977582,21,1008,Origin-local observed-channel mean; does not replace pooled main metric
jena,BOLT_TINY_F0,F0,jena_BOLT_TINY_F0,,35399,test_a,0.5098662422355899,0.3842789544326638,-0.005994545847421413,21,1008,Origin-local observed-channel mean; does not replace pooled main metric
jena,BOLT_TINY_F0,F0,jena_BOLT_TINY_F0,,35423,test_a,0.14592425127546269,0.18983887493081894,-0.043438117246195264,21,1008,Origin-local observed-channel mean; does not replace pooled main metric
jena,BOLT_TINY_F0,F0,jena_BOLT_TINY_F0,,35447,test_a,0.4219807684487151,0.365887144157323,-0.21854052344329708,21,1008,Origin-local observed-channel mean; does not replace pooled main metric
jena,BOLT_TINY_F0,F0,jena_BOLT_TINY_F0,,35471,test_a,1.168501154200516,0.7207400002858662,-0.23336552961504026,21,1008,Origin-local observed-channel mean; does not replace pooled main metric
jena,BOLT_TINY_F0,F0,jena_BOLT_TINY_F0,,35495,test_a,0.4230925441423168,0.4409007440974366,0.12207472599841404,21,1008,Origin-local observed-channel mean; does not replace pooled main metric
jena,BOLT_TINY_F0,F0,jena_BOLT_TINY_F0,,35519,test_a,0.8137204434749808,0.5741172257163155,0.2453838310491789,21,1008,Origin-local observed-channel mean; does not replace pooled main metric
jena,BOLT_TINY_F0,F0,jena_BOLT_TINY_F0,,35543,test_a,0.25171562836569256,0.25263671728409093,-0.017738729736597698,21,1008,Origin-local observed-channel mean; does not replace pooled main metric
jena,BOLT_TINY_F0,F0,jena_BOLT_TINY_F0,,35567,test_a,0.38315678632184635,0.270920946971432,-0.13405594659048975,21,1008,Origin-local observed-channel mean; does not replace pooled main metric
jena,BOLT_TINY_F0,F0,jena_BOLT_TINY_F0,,35591,test_a,0.6544865816363511,0.48376735858526815,-0.31388874890722546,21,1008,Origin-local observed-channel mean; does not replace pooled main metric
jena,BOLT_TINY_F0,F0,jena_BOLT_TINY_F0,,35615,test_a,0.6738096646867825,0.5083451843642656,-0.026382087030686393,21,1008,Origin-local observed-channel mean; does not replace pooled main metric
jena,BOLT_TINY_F0,F0,jena_BOLT_TINY_F0,,35639,test_a,1.7576756787954477,0.8699415393190093,0.2945971442581689,21,1008,Origin-local observed-channel mean; does not replace pooled main metric
jena,BOLT_TINY_F0,F0,jena_BOLT_TINY_F0,,35663,test_a,0.33968431939080357,0.41607797422150883,0.024402011896791757,21,1008,Origin-local observed-channel mean; does not replace pooled main metric
jena,BOLT_TINY_F0,F0,jena_BOLT_TINY_F0,,35687,test_a,0.10386715876356806,0.1750069557701719,-0.002398060510405766,21,1008,Origin-local observed-channel mean; does not replace pooled main metric
jena,BOLT_TINY_F0,F0,jena_BOLT_TINY_F0,,35711,test_a,0.1900826458226428,0.23738178961572148,0.01626110300819003,21,1008,Origin-local observed-channel mean; does not replace pooled main metric
jena,BOLT_TINY_F0,F0,jena_BOLT_TINY_F0,,35735,test_a,0.7524864431672136,0.51107695333127,-0.19285185603757063,21,1008,Origin-local observed-channel mean; does not replace pooled main metric
jena,BOLT_TINY_F0,F0,jena_BOLT_TINY_F0,,35759,test_a,1.249724693249707,0.7357772556511226,-0.2125787341047682,21,1008,Origin-local observed-channel mean; does not replace pooled main metric
jena,BOLT_TINY_F0,F0,jena_BOLT_TINY_F0,,35783,test_a,1.2024969377137922,0.6762914458614966,0.12264639148045153,21,1008,Origin-local observed-channel mean; does not replace pooled main metric
jena,BOLT_TINY_F0,F0,jena_BOLT_TINY_F0,,35807,test_a,0.2951399153362789,0.3007671311702108,-0.012209628141251408,21,1008,Origin-local observed-channel mean; does not replace pooled main metric
jena,BOLT_TINY_F0,F0,jena_BOLT_TINY_F0,,35831,test_a,0.5414120398518375,0.41598008644209505,0.036836264036075636,21,1008,Origin-local observed-channel mean; does not replace pooled main metric
jena,BOLT_TINY_F0,F0,jena_BOLT_TINY_F0,,35855,test_a,0.28957203024222306,0.2535066032479148,-0.08482428808282648,21,1008,Origin-local observed-channel mean; does not replace pooled main metric
jena,BOLT_TINY_F0,F0,jena_BOLT_TINY_F0,,35879,test_a,0.6975904893495964,0.4318824318488912,-0.1717093109840616,21,1008,Origin-local observed-channel mean; does not replace pooled main metric
jena,BOLT_TINY_F0,F0,jena_BOLT_TINY_F0,,35903,test_a,0.8529882576123511,0.6082741094379879,-0.23097837339192337,21,1008,Origin-local observed-channel mean; does not replace pooled main metric
jena,BOLT_TINY_F0,F0,jena_BOLT_TINY_F0,,35927,test_a,0.48877966969295494,0.42699809479185324,0.2625931894313359,21,1008,Origin-local observed-channel mean; does not replace pooled main metric
jena,BOLT_TINY_F0,F0,jena_BOLT_TINY_F0,,35951,test_a,0.5325425566236719,0.4675106134337035,0.31614583041548955,21,1008,Origin-local observed-channel mean; does not replace pooled main metric
jena,BOLT_TINY_F0,F0,jena_BOLT_TINY_F0,,35975,test_a,0.4968369599125703,0.3966492126867432,0.07077887109520067,21,1008,Origin-local observed-channel mean; does not replace pooled main metric
jena,BOLT_TINY_F0,F0,jena_BOLT_TINY_F0,,35999,test_a,0.32948872237040333,0.32207077765451686,-0.07128951916950298,21,1008,Origin-local observed-channel mean; does not replace pooled main metric
jena,BOLT_TINY_F0,F0,jena_BOLT_TINY_F0,,36023,test_a,0.8726986192729504,0.5171541563482203,-0.3373658937757609,21,1008,Origin-local observed-channel mean; does not replace pooled main metric
jena,BOLT_TINY_F0,F0,jena_BOLT_TINY_F0,,36047,test_a,0.4011142690818202,0.42860117492726585,-0.12346613617271596,21,1008,Origin-local observed-channel mean; does not replace pooled main metric
jena,BOLT_TINY_F0,F0,jena_BOLT_TINY_F0,,36071,test_a,0.24931983360995547,0.28755661232733265,0.13661428134507753,21,1008,Origin-local observed-channel mean; does not replace pooled main metric
jena,BOLT_TINY_F0,F0,jena_BOLT_TINY_F0,,36095,test_a,0.9142304351188395,0.5428418394082064,0.2782101767906357,21,1008,Origin-local observed-channel mean; does not replace pooled main metric
jena,BOLT_TINY_F0,F0,jena_BOLT_TINY_F0,,36119,test_a,0.2358165141650407,0.28643209739363684,0.06784203480850604,21,1008,Origin-local observed-channel mean; does not replace pooled main metric
jena,BOLT_TINY_F0,F0,jena_BOLT_TINY_F0,,36143,test_a,0.12850943399352022,0.164589795193197,-0.09495701503940851,21,1008,Origin-local observed-channel mean; does not replace pooled main metric
jena,BOLT_TINY_F0,F0,jena_BOLT_TINY_F0,,36167,test_a,1.0135846786504905,0.5936826573816356,-0.35867290530442253,21,1008,Origin-local observed-channel mean; does not replace pooled main metric
jena,BOLT_TINY_F0,F0,jena_BOLT_TINY_F0,,36191,test_a,1.3423798161470937,0.7230216038542349,-0.20290843021194588,21,1008,Origin-local observed-channel mean; does not replace pooled main metric
jena,BOLT_TINY_F0,F0,jena_BOLT_TINY_F0,,36215,test_a,1.3216141313460161,0.6039228928594164,0.12562466892718693,21,1008,Origin-local observed-channel mean; does not replace pooled main metric
jena,BOLT_TINY_F0,F0,jena_BOLT_TINY_F0,,36239,test_a,3.7458862243939937,1.1198110611437606,-0.1734709878842945,21,1008,Origin-local observed-channel mean; does not replace pooled main metric
jena,BOLT_TINY_F0,F0,jena_BOLT_TINY_F0,,36263,test_a,3.502583490234177,0.6584905729049795,-0.1367648791051507,21,1008,Origin-local observed-channel mean; does not replace pooled main metric
jena,BOLT_TINY_F0,F0,jena_BOLT_TINY_F0,,36287,test_a,2.379869038386586,0.5523682098525265,-0.17386809031346012,21,1008,Origin-local observed-channel mean; does not replace pooled main metric
jena,BOLT_TINY_F0,F0,jena_BOLT_TINY_F0,,36311,test_a,0.9998129305041127,0.5034243608582377,0.08117309903993,21,1008,Origin-local observed-channel mean; does not replace pooled main metric
jena,BOLT_TINY_F0,F0,jena_BOLT_TINY_F0,,36335,test_a,1.1085315769379203,0.6047238248903009,-0.20322300697120635,21,1008,Origin-local observed-channel mean; does not replace pooled main metric
jena,BOLT_TINY_F0,F0,jena_BOLT_TINY_F0,,36359,test_a,3.383748593970402,0.968462368052329,0.32784489581813214,21,1008,Origin-local observed-channel mean; does not replace pooled main metric
jena,BOLT_TINY_F0,F0,jena_BOLT_TINY_F0,,36383,test_a,1.317286913445314,0.4329723677862877,0.19377098904771542,21,1008,Origin-local observed-channel mean; does not replace pooled main metric
jena,BOLT_TINY_F0,F0,jena_BOLT_TINY_F0,,36407,test_a,0.07732318373621297,0.14887929157830224,-0.0029732810021775432,21,1008,Origin-local observed-channel mean; does not replace pooled main metric
jena,BOLT_TINY_F0,F0,jena_BOLT_TINY_F0,,36431,test_a,0.2951304999484947,0.23161496650330568,-0.026815436037381117,21,1008,Origin-local observed-channel mean; does not replace pooled main metric
jena,BOLT_TINY_F0,F0,jena_BOLT_TINY_F0,,36455,test_a,0.7902520187395806,0.5475076287481305,-0.11270704682286284,21,1008,Origin-local observed-channel mean; does not replace pooled main metric
jena,BOLT_TINY_F0,F0,jena_BOLT_TINY_F0,,36479,test_a,0.23944388386693854,0.35180504612741526,-0.02260564753126504,21,1008,Origin-local observed-channel mean; does not replace pooled main metric
jena,BOLT_TINY_F0,F0,jena_BOLT_TINY_F0,,36503,test_a,0.15923752402645971,0.2628871081194828,0.039037017419768894,21,1008,Origin-local observed-channel mean; does not replace pooled main metric
jena,BOLT_TINY_F0,F0,jena_BOLT_TINY_F0,,36527,test_a,0.22670262758731868,0.34040980749682237,0.08353752452540138,21,1008,Origin-local observed-channel mean; does not replace pooled main metric
jena,BOLT_TINY_F0,F0,jena_BOLT_TINY_F0,,36551,test_a,0.2502036781089948,0.22802112689071916,-0.1391539064973636,21,1008,Origin-local observed-channel mean; does not replace pooled main metric
jena,BOLT_TINY_F0,F0,jena_BOLT_TINY_F0,,36575,test_a,0.3475622702659891,0.23112110782573753,-0.10588527856220788,21,1008,Origin-local observed-channel mean; does not replace pooled main metric
jena,BOLT_TINY_F0,F0,jena_BOLT_TINY_F0,,36599,test_a,0.605627740397928,0.31853344654276344,-0.22496814958451847,21,1008,Origin-local observed-channel mean; does not replace pooled main metric
jena,BOLT_TINY_F0,F0,jena_BOLT_TINY_F0,,36623,test_a,0.5776501094766494,0.3808559498635106,0.0449142748515846,21,1008,Origin-local observed-channel mean; does not replace pooled main metric
jena,BOLT_TINY_F0,F0,jena_BOLT_TINY_F0,,36647,test_a,0.4006438808081889,0.4406455829781147,0.33195245364035975,21,1008,Origin-local observed-channel mean; does not replace pooled main metric
jena,BOLT_TINY_F0,F0,jena_BOLT_TINY_F0,,36671,test_a,0.12003074308864026,0.26963471056452754,0.1332075589268084,21,1008,Origin-local observed-channel mean; does not replace pooled main metric
jena,BOLT_TINY_F0,F0,jena_BOLT_TINY_F0,,36695,test_a,0.10053708727252256,0.22782792219560277,0.1365051158759559,21,1008,Origin-local observed-channel mean; does not replace pooled main metric
jena,BOLT_TINY_F0,F0,jena_BOLT_TINY_F0,,36719,test_a,0.14817493251252925,0.25059069574330184,0.09230990560035213,21,1008,Origin-local observed-channel mean; does not replace pooled main metric
jena,BOLT_TINY_F0,F0,jena_BOLT_TINY_F0,,36743,test_a,0.3365143604744825,0.35095223032828743,-0.13879820554910344,21,1008,Origin-local observed-channel mean; does not replace pooled main metric
jena,BOLT_TINY_F0,F0,jena_BOLT_TINY_F0,,36767,test_a,0.6809477697698744,0.5690583912628571,0.07657013423153011,21,1008,Origin-local observed-channel mean; does not replace pooled main metric
jena,BOLT_TINY_F0,F0,jena_BOLT_TINY_F0,,36791,test_a,0.19876795527121804,0.2617669826362371,-0.028786857805994617,21,1008,Origin-local observed-channel mean; does not replace pooled main metric
jena,BOLT_TINY_F0,F0,jena_BOLT_TINY_F0,,36815,test_a,0.38276802840544494,0.4618064689398918,0.11969018579677342,21,1008,Origin-local observed-channel mean; does not replace pooled main metric
jena,BOLT_TINY_F0,F0,jena_BOLT_TINY_F0,,36839,test_a,0.2822612896576524,0.2937320817510472,0.09530420157557633,21,1008,Origin-local observed-channel mean; does not replace pooled main metric
jena,BOLT_TINY_F0,F0,jena_BOLT_TINY_F0,,36863,test_a,0.25466143636943106,0.2593868534472893,-0.0029033237455194662,21,1008,Origin-local observed-channel mean; does not replace pooled main metric
jena,BOLT_TINY_F0,F0,jena_BOLT_TINY_F0,,36887,test_a,0.25510781925316833,0.32966579572461163,-0.1489236513238182,21,1008,Origin-local observed-channel mean; does not replace pooled main metric
jena,BOLT_TINY_F0,F0,jena_BOLT_TINY_F0,,36911,test_a,0.283065650665345,0.32761027923004893,-0.11227953632462433,21,1008,Origin-local observed-channel mean; does not replace pooled main metric
jena,BOLT_TINY_F0,F0,jena_BOLT_TINY_F0,,36935,test_a,0.509011595229533,0.34369623047897474,0.08362983592156698,21,1008,Origin-local observed-channel mean; does not replace pooled main metric
jena,BOLT_TINY_F0,F0,jena_BOLT_TINY_F0,,36959,test_a,0.48748567107453605,0.34920199206253677,0.03312686148239576,21,1008,Origin-local observed-channel mean; does not replace pooled main metric
jena,BOLT_TINY_F0,F0,jena_BOLT_TINY_F0,,36983,test_a,0.07998970910260923,0.18597259211402695,0.08098744978777839,21,1008,Origin-local observed-channel mean; does not replace pooled main metric
jena,BOLT_TINY_F0,F0,jena_BOLT_TINY_F0,,37007,test_a,0.03430908422230834,0.12908838369046516,0.05209990171854207,21,1008,Origin-local observed-channel mean; does not replace pooled main metric
jena,BOLT_TINY_F0,F0,jena_BOLT_TINY_F0,,37031,test_a,0.3775986802280678,0.2733208665800154,-0.10043867202913381,21,1008,Origin-local observed-channel mean; does not replace pooled main metric
jena,BOLT_TINY_F0,F0,jena_BOLT_TINY_F0,,37055,test_a,0.8872234888598876,0.5762174424591995,-0.17077115625960732,21,1008,Origin-local observed-channel mean; does not replace pooled main metric
jena,BOLT_TINY_F0,F0,jena_BOLT_TINY_F0,,37079,test_a,0.34639211617953114,0.36885793292677116,0.10342373830078018,21,1008,Origin-local observed-channel mean; does not replace pooled main metric
jena,BOLT_TINY_F0,F0,jena_BOLT_TINY_F0,,37103,test_a,0.49828422631169866,0.4307074987578702,0.1911318823918009,21,1008,Origin-local observed-channel mean; does not replace pooled main metric
jena,BOLT_TINY_F0,F0,jena_BOLT_TINY_F0,,37127,test_a,0.0646285791611169,0.1362955721730638,-0.07894667532165177,21,1008,Origin-local observed-channel mean; does not replace pooled main metric
jena,BOLT_TINY_F0,F0,jena_BOLT_TINY_F0,,37151,test_a,0.01734601467467375,0.08613857649897765,-0.05019397104583082,21,1008,Origin-local observed-channel mean; does not replace pooled main metric
jena,BOLT_TINY_F0,F0,jena_BOLT_TINY_F0,,37175,test_a,0.29849070762794233,0.24596270655358296,-0.08965515757425613,21,1008,Origin-local observed-channel mean; does not replace pooled main metric
jena,BOLT_TINY_F0,F0,jena_BOLT_TINY_F0,,37199,test_a,0.6625048454211716,0.5008173812887449,-0.19005370829518864,21,1008,Origin-local observed-channel mean; does not replace pooled main metric
jena,BOLT_TINY_F0,F0,jena_BOLT_TINY_F0,,37223,test_a,0.3890274767952699,0.35744933142014484,0.07832418582753264,21,1008,Origin-local observed-channel mean; does not replace pooled main metric
jena,BOLT_TINY_F0,F0,jena_BOLT_TINY_F0,,37247,test_a,0.44685272903161466,0.4386793109637987,0.07138064400639868,21,1008,Origin-local observed-channel mean; does not replace pooled main metric
jena,BOLT_TINY_F0,F0,jena_BOLT_TINY_F0,,37271,test_a,0.283341080462085,0.3089850328303458,-0.10479094007707083,21,1008,Origin-local observed-channel mean; does not replace pooled main metric
jena,BOLT_TINY_F0,F0,jena_BOLT_TINY_F0,,37295,test_a,0.08136661213825344,0.12245604449038629,-0.06718886862712219,21,1008,Origin-local observed-channel mean; does not replace pooled main metric
jena,BOLT_TINY_F0,F0,jena_BOLT_TINY_F0,,37319,test_a,0.2825300418601349,0.21325062775166956,-0.14936352954117907,21,1008,Origin-local observed-channel mean; does not replace pooled main metric
jena,BOLT_TINY_F0,F0,jena_BOLT_TINY_F0,,37343,test_a,0.3628394837850845,0.29060764060762717,-0.02618047802954809,21,1008,Origin-local observed-channel mean; does not replace pooled main metric
jena,BOLT_TINY_F0,F0,jena_BOLT_TINY_F0,,37367,test_a,0.30612209186605965,0.3569772818823006,0.024062923620058123,21,1008,Origin-local observed-channel mean; does not replace pooled main metric
jena,BOLT_TINY_F0,F0,jena_BOLT_TINY_F0,,37391,test_a,0.06634628443958664,0.14016531997474396,0.06758553520898751,21,1008,Origin-local observed-channel mean; does not replace pooled main metric
jena,BOLT_TINY_F0,F0,jena_BOLT_TINY_F0,,37415,test_a,0.34586444955034307,0.24091784888404952,0.038333036139582485,21,1008,Origin-local observed-channel mean; does not replace pooled main metric
jena,BOLT_TINY_F0,F0,jena_BOLT_TINY_F0,,37439,test_a,0.4325847476429801,0.37224036032640717,-0.14906918460462565,21,1008,Origin-local observed-channel mean; does not replace pooled main metric
jena,BOLT_TINY_F0,F0,jena_BOLT_TINY_F0,,37463,test_a,0.301927248804376,0.30663845404030454,-0.17672985933833324,21,1008,Origin-local observed-channel mean; does not replace pooled main metric
jena,BOLT_TINY_F0,F0,jena_BOLT_TINY_F0,,37487,test_a,0.43681960271279974,0.4279943737657584,-0.29314893480546916,21,1008,Origin-local observed-channel mean; does not replace pooled main metric
jena,BOLT_TINY_F0,F0,jena_BOLT_TINY_F0,,37511,test_a,0.27112216662737476,0.3080420045133372,-0.010614726580526954,21,1008,Origin-local observed-channel mean; does not replace pooled main metric
jena,BOLT_TINY_F0,F0,jena_BOLT_TINY_F0,,37535,test_a,0.34789004471247215,0.29421311179427745,0.06396313040392079,21,1008,Origin-local observed-channel mean; does not replace pooled main metric
jena,BOLT_TINY_F0,F0,jena_BOLT_TINY_F0,,37559,test_a,0.4834047989663793,0.25276127845288665,-0.13232053340852004,21,1008,Origin-local observed-channel mean; does not replace pooled main metric
jena,BOLT_TINY_F0,F0,jena_BOLT_TINY_F0,,37583,test_a,0.19562796061145826,0.19546627621769272,0.006927907522439782,21,1008,Origin-local observed-channel mean; does not replace pooled main metric
jena,BOLT_TINY_F0,F0,jena_BOLT_TINY_F0,,37607,test_a,0.34989848941107504,0.27448407731953056,-0.10329291483064901,21,1008,Origin-local observed-channel mean; does not replace pooled main metric
jena,BOLT_TINY_F0,F0,jena_BOLT_TINY_F0,,37631,test_a,0.6248627913698704,0.4896151565936014,-0.3380021514615417,21,1008,Origin-local observed-channel mean; does not replace pooled main metric
jena,BOLT_TINY_F0,F0,jena_BOLT_TINY_F0,,37655,test_a,0.32529232442147377,0.37527675169662367,0.12377270938604995,21,1008,Origin-local observed-channel mean; does not replace pooled main metric
jena,BOLT_TINY_F0,F0,jena_BOLT_TINY_F0,,37679,test_a,0.28166482388752406,0.36586059631580226,0.2265164462169485,21,1008,Origin-local observed-channel mean; does not replace pooled main metric
jena,BOLT_TINY_F0,F0,jena_BOLT_TINY_F0,,37703,test_a,0.3991154030634566,0.2313800179363748,0.030842350550214885,21,1008,Origin-local observed-channel mean; does not replace pooled main metric
jena,BOLT_TINY_F0,F0,jena_BOLT_TINY_F0,,37727,test_a,0.5459643872159907,0.28020714151514564,-0.06846935134406462,21,1008,Origin-local observed-channel mean; does not replace pooled main metric
jena,BOLT_TINY_F0,F0,jena_BOLT_TINY_F0,,37751,test_a,0.4907855763136937,0.3952119501371358,-0.23433685847807542,21,1008,Origin-local observed-channel mean; does not replace pooled main metric
jena,BOLT_TINY_F0,F0,jena_BOLT_TINY_F0,,37775,test_a,0.8449119431209178,0.6212035129572049,-0.30021691510208054,21,1008,Origin-local observed-channel mean; does not replace pooled main metric
jena,BOLT_TINY_F0,F0,jena_BOLT_TINY_F0,,37799,test_a,0.5986205679450587,0.5604962066027506,0.3865390199699461,21,1008,Origin-local observed-channel mean; does not replace pooled main metric
jena,BOLT_TINY_F0,F0,jena_BOLT_TINY_F0,,37823,test_a,0.5277955665628833,0.37238238155871856,0.21680119446220544,21,1008,Origin-local observed-channel mean; does not replace pooled main metric
jena,BOLT_TINY_F0,F0,jena_BOLT_TINY_F0,,37847,test_a,0.5174799320890584,0.2978726571103805,0.03900538391081639,21,1008,Origin-local observed-channel mean; does not replace pooled main metric
jena,BOLT_TINY_F0,F0,jena_BOLT_TINY_F0,,37871,test_a,0.2685434739893904,0.2863127007422875,-0.02277249382244744,21,1008,Origin-local observed-channel mean; does not replace pooled main metric
jena,BOLT_TINY_F0,F0,jena_BOLT_TINY_F0,,37895,test_a,0.7344602400608323,0.5171597072691102,-0.16508315938815016,21,1008,Origin-local observed-channel mean; does not replace pooled main metric
jena,BOLT_TINY_F0,F0,jena_BOLT_TINY_F0,,37919,test_a,0.8454467655720764,0.5407486121809583,-0.09482043923714037,21,1008,Origin-local observed-channel mean; does not replace pooled main metric
jena,BOLT_TINY_F0,F0,jena_BOLT_TINY_F0,,37943,test_a,0.3918958347160781,0.3500678328545912,0.2206186930471588,21,1008,Origin-local observed-channel mean; does not replace pooled main metric
jena,BOLT_TINY_F0,F0,jena_BOLT_TINY_F0,,37967,test_a,0.6965111928612713,0.467717877296049,0.2888795885523977,21,1008,Origin-local observed-channel mean; does not replace pooled main metric
jena,BOLT_TINY_F0,F0,jena_BOLT_TINY_F0,,37991,test_a,0.6164001523724987,0.37808213719547473,0.020026118741721836,21,1008,Origin-local observed-channel mean; does not replace pooled main metric
jena,BOLT_TINY_F0,F0,jena_BOLT_TINY_F0,,38015,test_a,0.3870086314792833,0.3399192246625529,0.034880607162319534,21,1008,Origin-local observed-channel mean; does not replace pooled main metric
jena,BOLT_TINY_F0,F0,jena_BOLT_TINY_F0,,38039,test_a,0.6317641259578499,0.45505057979192187,-0.3177090967143331,21,1008,Origin-local observed-channel mean; does not replace pooled main metric
jena,BOLT_TINY_F0,F0,jena_BOLT_TINY_F0,,38063,test_a,0.6966879799553812,0.5329925928575298,-0.12866403486964012,21,1008,Origin-local observed-channel mean; does not replace pooled main metric
jena,BOLT_TINY_F0,F0,jena_BOLT_TINY_F0,,38087,test_a,0.5028718886865816,0.41351058112230116,0.1816292974662723,21,1008,Origin-local observed-channel mean; does not replace pooled main metric
jena,BOLT_TINY_F0,F0,jena_BOLT_TINY_F0,,38111,test_a,0.4940079777570756,0.39726795267305864,0.16391762798027937,21,1008,Origin-local observed-channel mean; does not replace pooled main metric
jena,BOLT_TINY_F0,F0,jena_BOLT_TINY_F0,,38135,test_a,0.19035325791059673,0.23893413813534106,-0.01666493596245085,21,1008,Origin-local observed-channel mean; does not replace pooled main metric
jena,BOLT_TINY_F0,F0,jena_BOLT_TINY_F0,,38159,test_a,0.3170946478893439,0.2405084792146573,-0.039729079825880795,21,1008,Origin-local observed-channel mean; does not replace pooled main metric
jena,BOLT_TINY_F0,F0,jena_BOLT_TINY_F0,,38183,test_a,0.4345964611399276,0.38183432103491327,-0.19715782869949064,21,1008,Origin-local observed-channel mean; does not replace pooled main metric
jena,BOLT_TINY_F0,F0,jena_BOLT_TINY_F0,,38207,test_a,0.9453140491586987,0.6973363190625114,-0.26612723367898505,21,1008,Origin-local observed-channel mean; does not replace pooled main metric
jena,BOLT_TINY_F0,F0,jena_BOLT_TINY_F0,,38231,test_a,0.38338780283606466,0.3752249544541839,0.23507655931392774,21,1008,Origin-local observed-channel mean; does not replace pooled main metric
jena,BOLT_TINY_F0,F0,jena_BOLT_TINY_F0,,38255,test_a,0.5440548832996055,0.4710035630839503,0.15886126106003454,21,1008,Origin-local observed-channel mean; does not replace pooled main metric
jena,BOLT_TINY_F0,F0,jena_BOLT_TINY_F0,,38279,test_a,0.15860447599029007,0.21469605959874385,0.0063306306719968005,21,1008,Origin-local observed-channel mean; does not replace pooled main metric
jena,BOLT_TINY_F0,F0,jena_BOLT_TINY_F0,,38303,test_a,0.19565707775270078,0.21101697030482885,-0.1016973036381849,21,1008,Origin-local observed-channel mean; does not replace pooled main metric
jena,BOLT_TINY_F0,F0,jena_BOLT_TINY_F0,,38327,test_a,0.4049912229451291,0.36246471250515677,-0.24315713370234585,21,1008,Origin-local observed-channel mean; does not replace pooled main metric
jena,BOLT_TINY_F0,F0,jena_BOLT_TINY_F0,,38351,test_a,0.30936518722274303,0.3864403192682879,-0.15679175729192568,21,1008,Origin-local observed-channel mean; does not replace pooled main metric
jena,BOLT_TINY_F0,F0,jena_BOLT_TINY_F0,,38375,test_a,0.4717863853980638,0.4500820140450423,0.12440467374547132,21,1008,Origin-local observed-channel mean; does not replace pooled main metric
jena,BOLT_TINY_F0,F0,jena_BOLT_TINY_F0,,38399,test_a,0.2652641883281118,0.34606597250794524,0.02008048873932918,21,1008,Origin-local observed-channel mean; does not replace pooled main metric
jena,BOLT_TINY_F0,F0,jena_BOLT_TINY_F0,,38423,test_a,0.612363157312591,0.3573919815598711,-0.19581755230492923,21,1008,Origin-local observed-channel mean; does not replace pooled main metric
jena,BOLT_TINY_F0,F0,jena_BOLT_TINY_F0,,38447,test_a,1.055742056415909,0.4680699393493197,-0.3522185030141993,21,1008,Origin-local observed-channel mean; does not replace pooled main metric
jena,BOLT_TINY_F0,F0,jena_BOLT_TINY_F0,,38471,test_a,0.5062854858672368,0.3973569906400313,0.05950508113199335,21,1008,Origin-local observed-channel mean; does not replace pooled main metric
jena,BOLT_TINY_F0,F0,jena_BOLT_TINY_F0,,38495,test_a,1.308071411077128,0.6872166469646986,-0.06935085287702913,21,1008,Origin-local observed-channel mean; does not replace pooled main metric
jena,BOLT_TINY_F0,F0,jena_BOLT_TINY_F0,,38519,test_a,0.8519443240701954,0.6075735786284822,0.18478654628519767,21,1008,Origin-local observed-channel mean; does not replace pooled main metric
jena,BOLT_TINY_F0,F0,jena_BOLT_TINY_F0,,38543,test_a,0.4917069018547779,0.4544241257230862,0.34065047946124755,21,1008,Origin-local observed-channel mean; does not replace pooled main metric
jena,BOLT_TINY_F0,F0,jena_BOLT_TINY_F0,,38567,test_a,0.17535233182468873,0.18237712603195902,-0.031043573007905036,21,1008,Origin-local observed-channel mean; does not replace pooled main metric
jena,BOLT_TINY_F0,F0,jena_BOLT_TINY_F0,,38591,test_a,0.12408876500238351,0.14134553248501133,-0.07846608406520868,21,1008,Origin-local observed-channel mean; does not replace pooled main metric
jena,BOLT_TINY_F0,F0,jena_BOLT_TINY_F0,,38615,test_a,0.4944274223610584,0.3848183902779373,-0.257429899401431,21,1008,Origin-local observed-channel mean; does not replace pooled main metric
jena,BOLT_TINY_F0,F0,jena_BOLT_TINY_F0,,38639,test_a,0.18927964335910094,0.2245774380321636,-0.1251700011968159,21,1008,Origin-local observed-channel mean; does not replace pooled main metric
jena,BOLT_TINY_F0,F0,jena_BOLT_TINY_F0,,38663,test_a,0.2514441694092742,0.29266758658461245,0.0900884916301861,21,1008,Origin-local observed-channel mean; does not replace pooled main metric
jena,BOLT_TINY_F0,F0,jena_BOLT_TINY_F0,,38687,test_a,0.17023380123040147,0.24312305362573602,0.05977293119547771,21,1008,Origin-local observed-channel mean; does not replace pooled main metric
jena,BOLT_TINY_F0,F0,jena_BOLT_TINY_F0,,38711,test_a,0.11661649439977592,0.1545257546402152,-0.003055562618620958,21,1008,Origin-local observed-channel mean; does not replace pooled main metric
jena,BOLT_TINY_F0,F0,jena_BOLT_TINY_F0,,38735,test_a,0.49206568355494307,0.29530045448013376,-0.11291997076801233,21,1008,Origin-local observed-channel mean; does not replace pooled main metric
jena,BOLT_TINY_F0,F0,jena_BOLT_TINY_F0,,38759,test_a,0.4781464418958405,0.3164066568199937,-0.26894778970484456,21,1008,Origin-local observed-channel mean; does not replace pooled main metric
jena,BOLT_TINY_F0,F0,jena_BOLT_TINY_F0,,38783,test_a,0.2936550157336729,0.4073889746541573,-0.14223685768280078,21,1008,Origin-local observed-channel mean; does not replace pooled main metric
jena,BOLT_TINY_F0,F0,jena_BOLT_TINY_F0,,38807,test_a,0.6429708074742534,0.3844409097782484,0.041639482241681985,21,1008,Origin-local observed-channel mean; does not replace pooled main metric
jena,BOLT_TINY_F0,F0,jena_BOLT_TINY_F0,,38831,test_a,0.6975380984972386,0.4703707834622666,0.03417130863010517,21,1008,Origin-local observed-channel mean; does not replace pooled main metric
jena,BOLT_TINY_F0,F0,jena_BOLT_TINY_F0,,38855,test_a,0.3637988161409707,0.36825424575593185,0.12361111090148197,21,1008,Origin-local observed-channel mean; does not replace pooled main metric
jena,BOLT_TINY_F0,F0,jena_BOLT_TINY_F0,,38879,test_a,0.20892533383012107,0.29091568603129536,0.19961856745228743,21,1008,Origin-local observed-channel mean; does not replace pooled main metric
jena,BOLT_TINY_F0,F0,jena_BOLT_TINY_F0,,38903,test_a,1.033593892012481,0.4673013735293699,-0.3229493572273188,21,1008,Origin-local observed-channel mean; does not replace pooled main metric
jena,BOLT_TINY_F0,F0,jena_BOLT_TINY_F0,,38927,test_a,1.228157314524883,0.5859678453499718,-0.45764673380772514,21,1008,Origin-local observed-channel mean; does not replace pooled main metric
jena,BOLT_TINY_F0,F0,jena_BOLT_TINY_F0,,38951,test_a,0.42199414871491026,0.38634683248967605,0.11439001114783987,21,1008,Origin-local observed-channel mean; does not replace pooled main metric
jena,BOLT_TINY_F0,F0,jena_BOLT_TINY_F0,,38975,test_a,0.5475389003548484,0.4872447813549736,0.3635323199132183,21,1008,Origin-local observed-channel mean; does not replace pooled main metric
jena,BOLT_TINY_F0,F0,jena_BOLT_TINY_F0,,38999,test_a,0.18189326606938958,0.2221579006879856,-0.014793330105815591,21,1008,Origin-local observed-channel mean; does not replace pooled main metric
jena,BOLT_TINY_F0,F0,jena_BOLT_TINY_F0,,39023,test_a,0.23495170236049703,0.26596756305713953,-0.037470458386364744,21,1008,Origin-local observed-channel mean; does not replace pooled main metric
jena,BOLT_TINY_F0,F0,jena_BOLT_TINY_F0,,39047,test_a,0.3461179298954679,0.34865905696550187,0.009945287504547548,21,1008,Origin-local observed-channel mean; does not replace pooled main metric
jena,BOLT_TINY_F0,F0,jena_BOLT_TINY_F0,,39071,test_a,0.32121610993165045,0.3503947276730186,-0.06728731265452048,21,1008,Origin-local observed-channel mean; does not replace pooled main metric
jena,BOLT_TINY_F0,F0,jena_BOLT_TINY_F0,,39095,test_a,0.4963960532042106,0.5115964161839165,0.10878831328332919,21,1008,Origin-local observed-channel mean; does not replace pooled main metric
jena,BOLT_TINY_F0,F0,jena_BOLT_TINY_F0,,39119,test_a,0.3596672127510854,0.4501969916642655,0.2663343868323806,21,1008,Origin-local observed-channel mean; does not replace pooled main metric
jena,BOLT_TINY_F0,F0,jena_BOLT_TINY_F0,,39143,test_a,0.22797743212762084,0.2726501021337292,0.11322137335631102,21,1008,Origin-local observed-channel mean; does not replace pooled main metric
jena,BOLT_TINY_F0,F0,jena_BOLT_TINY_F0,,39167,test_a,0.24832475913428165,0.3325066339971344,0.12967293145560518,21,1008,Origin-local observed-channel mean; does not replace pooled main metric
jena,BOLT_TINY_F0,F0,jena_BOLT_TINY_F0,,39191,test_a,0.48898317253238066,0.43720935458905946,-0.07624928816891503,21,1008,Origin-local observed-channel mean; does not replace pooled main metric
jena,BOLT_TINY_F0,F0,jena_BOLT_TINY_F0,,39215,test_a,0.41488687141058705,0.38069752291399733,0.16368236267162647,21,1008,Origin-local observed-channel mean; does not replace pooled main metric
jena,BOLT_TINY_F0,F0,jena_BOLT_TINY_F0,,39239,test_a,0.48674893496305555,0.3910595891180232,0.2507505140112323,21,1008,Origin-local observed-channel mean; does not replace pooled main metric
jena,BOLT_TINY_F0,F0,jena_BOLT_TINY_F0,,39263,test_a,0.20180111668409664,0.3103455491204516,0.0174939433283314,21,1008,Origin-local observed-channel mean; does not replace pooled main metric
jena,BOLT_TINY_F0,F0,jena_BOLT_TINY_F0,,39287,test_a,0.07611487189808172,0.1603964224264993,5.190026977938292e-05,21,1008,Origin-local observed-channel mean; does not replace pooled main metric
jena,BOLT_TINY_F0,F0,jena_BOLT_TINY_F0,,39311,test_a,0.15046773682821873,0.21443585292362272,0.08373759492182188,21,1008,Origin-local observed-channel mean; does not replace pooled main metric
jena,BOLT_TINY_F0,F0,jena_BOLT_TINY_F0,,39335,test_a,0.45956828437422637,0.3866577893697525,-0.2122691315266026,21,1008,Origin-local observed-channel mean; does not replace pooled main metric
jena,BOLT_TINY_F0,F0,jena_BOLT_TINY_F0,,39359,test_a,0.7380519218576401,0.5968325566183258,-0.33019224032445244,21,1008,Origin-local observed-channel mean; does not replace pooled main metric
jena,BOLT_TINY_F0,F0,jena_BOLT_TINY_F0,,39383,test_a,0.2657934811678023,0.3261407503779328,0.12378476441246299,21,1008,Origin-local observed-channel mean; does not replace pooled main metric
jena,BOLT_TINY_F0,F0,jena_BOLT_TINY_F0,,39407,test_a,0.3092423906581402,0.2704360710789236,-0.003906733558583907,21,1008,Origin-local observed-channel mean; does not replace pooled main metric
jena,BOLT_TINY_F0,F0,jena_BOLT_TINY_F0,,39431,test_a,0.317238203091082,0.26158030915908126,-0.15561375652731163,21,1008,Origin-local observed-channel mean; does not replace pooled main metric
jena,BOLT_TINY_F0,F0,jena_BOLT_TINY_F0,,39455,test_a,0.3059909033077749,0.2095793923855083,-0.09981387682995455,21,1008,Origin-local observed-channel mean; does not replace pooled main metric
jena,BOLT_TINY_F0,F0,jena_BOLT_TINY_F0,,39479,test_a,0.5345134236725398,0.3640864362257869,-0.2215927606353828,21,1008,Origin-local observed-channel mean; does not replace pooled main metric
jena,BOLT_TINY_F0,F0,jena_BOLT_TINY_F0,,39503,test_a,0.4284669480100084,0.4413840247850333,-0.20122877664915806,21,1008,Origin-local observed-channel mean; does not replace pooled main metric
jena,BOLT_TINY_F0,F0,jena_BOLT_TINY_F0,,39527,test_a,0.35655416829325454,0.4029470171676837,0.1536222368100887,21,1008,Origin-local observed-channel mean; does not replace pooled main metric
jena,BOLT_TINY_F0,F0,jena_BOLT_TINY_F0,,39551,test_a,0.16576828317286457,0.22692395328346132,0.12395670276133125,21,1008,Origin-local observed-channel mean; does not replace pooled main metric
jena,BOLT_TINY_F0,F0,jena_BOLT_TINY_F0,,39575,test_a,0.26132225466853665,0.2826099943383832,0.08834636036997488,21,1008,Origin-local observed-channel mean; does not replace pooled main metric
jena,BOLT_TINY_F0,F0,jena_BOLT_TINY_F0,,39599,test_a,0.10134054102187695,0.1742958807125332,0.04419192146561396,21,1008,Origin-local observed-channel mean; does not replace pooled main metric
jena,BOLT_TINY_F0,F0,jena_BOLT_TINY_F0,,39623,test_a,0.31327201700481844,0.3315435502696519,-0.17016545128896565,21,1008,Origin-local observed-channel mean; does not replace pooled main metric
jena,BOLT_TINY_F0,F0,jena_BOLT_TINY_F0,,39647,test_a,0.6199258666703918,0.41366488930419554,-0.21464741508010315,21,1008,Origin-local observed-channel mean; does not replace pooled main metric
jena,BOLT_TINY_F0,F0,jena_BOLT_TINY_F0,,39671,test_a,0.7222320509651811,0.46667572609635144,0.029867412962630634,21,1008,Origin-local observed-channel mean; does not replace pooled main metric
jena,BOLT_TINY_F0,F0,jena_BOLT_TINY_F0,,39695,test_a,0.3715949771818028,0.38306829889748656,0.07067720687319665,21,1008,Origin-local observed-channel mean; does not replace pooled main metric
jena,BOLT_TINY_F0,F0,jena_BOLT_TINY_F0,,39719,test_a,0.2656153715755043,0.24277672681787477,0.06953713802864686,21,1008,Origin-local observed-channel mean; does not replace pooled main metric
jena,BOLT_TINY_F0,F0,jena_BOLT_TINY_F0,,39743,test_a,0.20456814906659793,0.15398222801371636,-0.026382935756359187,21,1008,Origin-local observed-channel mean; does not replace pooled main metric
jena,BOLT_TINY_F0,F0,jena_BOLT_TINY_F0,,39767,test_a,0.39073251209173715,0.25473839338073523,-0.14666487973629821,21,1008,Origin-local observed-channel mean; does not replace pooled main metric
jena,BOLT_TINY_F0,F0,jena_BOLT_TINY_F0,,39791,test_a,0.4523280648017778,0.3487412348986687,-0.09525448283578059,21,1008,Origin-local observed-channel mean; does not replace pooled main metric
jena,BOLT_TINY_F0,F0,jena_BOLT_TINY_F0,,39815,test_a,0.6006220767101643,0.39979275239613976,0.02717910450629128,21,1008,Origin-local observed-channel mean; does not replace pooled main metric
jena,BOLT_TINY_F0,F0,jena_BOLT_TINY_F0,,39839,test_a,0.5601631259157317,0.30641162973488606,-0.13276035541535489,21,1008,Origin-local observed-channel mean; does not replace pooled main metric
jena,BOLT_TINY_F0,F0,jena_BOLT_TINY_F0,,39863,test_a,0.2558011052733595,0.2475580900486204,-0.011971733750893712,21,1008,Origin-local observed-channel mean; does not replace pooled main metric
jena,BOLT_TINY_F0,F0,jena_BOLT_TINY_F0,,39887,test_a,0.12619946022739223,0.1252606546447154,-0.07426147777882833,21,1008,Origin-local observed-channel mean; does not replace pooled main metric
jena,BOLT_TINY_F0,F0,jena_BOLT_TINY_F0,,39911,test_a,0.32547988216408197,0.2153680025789765,-0.19947216346363786,21,1008,Origin-local observed-channel mean; does not replace pooled main metric
jena,BOLT_TINY_F0,F0,jena_BOLT_TINY_F0,,39935,test_a,0.523791650786015,0.32743417180108014,-0.2515682095338181,21,1008,Origin-local observed-channel mean; does not replace pooled main metric
jena,BOLT_TINY_F0,F0,jena_BOLT_TINY_F0,,39959,test_a,0.44018543447983227,0.28426001181459376,-0.05175022905887235,21,1008,Origin-local observed-channel mean; does not replace pooled main metric
jena,BOLT_TINY_F0,F0,jena_BOLT_TINY_F0,,39983,test_a,0.3275036738053328,0.27207498589522733,-0.0040056458220490065,21,1008,Origin-local observed-channel mean; does not replace pooled main metric
jena,BOLT_TINY_F0,F0,jena_BOLT_TINY_F0,,40007,test_a,0.30654569216524735,0.2246020530411255,-0.05803934263196193,21,1008,Origin-local observed-channel mean; does not replace pooled main metric
jena,BOLT_TINY_F0,F0,jena_BOLT_TINY_F0,,40031,test_a,0.18549645121237002,0.15964639215154522,-0.024430966956147347,21,1008,Origin-local observed-channel mean; does not replace pooled main metric
jena,BOLT_TINY_F0,F0,jena_BOLT_TINY_F0,,40055,test_a,0.23917488126779005,0.2342738484841816,-0.11796404577104286,21,1008,Origin-local observed-channel mean; does not replace pooled main metric
jena,BOLT_TINY_F0,F0,jena_BOLT_TINY_F0,,40079,test_a,0.19738550228448407,0.2703895780075636,-0.1232578767968724,21,1008,Origin-local observed-channel mean; does not replace pooled main metric
jena,BOLT_TINY_F0,F0,jena_BOLT_TINY_F0,,40103,test_a,0.3843907693566658,0.2718038312509417,-0.0014149776884190164,21,1008,Origin-local observed-channel mean; does not replace pooled main metric
jena,BOLT_TINY_F0,F0,jena_BOLT_TINY_F0,,40127,test_a,0.5063132448402143,0.29830002794153104,-0.011718191041995481,21,1008,Origin-local observed-channel mean; does not replace pooled main metric
jena,BOLT_TINY_F0,F0,jena_BOLT_TINY_F0,,40151,test_a,0.3594537420805572,0.2860441888910178,0.02318962422583671,21,1008,Origin-local observed-channel mean; does not replace pooled main metric
jena,BOLT_TINY_F0,F0,jena_BOLT_TINY_F0,,40175,test_a,0.2954249470015909,0.24080781736166315,-0.011885703791030816,21,1008,Origin-local observed-channel mean; does not replace pooled main metric
jena,BOLT_TINY_F0,F0,jena_BOLT_TINY_F0,,40199,test_a,0.27650234152330516,0.24672274014240728,-0.12112984536369845,21,1008,Origin-local observed-channel mean; does not replace pooled main metric
jena,BOLT_TINY_F0,F0,jena_BOLT_TINY_F0,,40223,test_a,0.5172858768463678,0.4719718846945254,-0.21952531660393845,21,1008,Origin-local observed-channel mean; does not replace pooled main metric
jena,BOLT_TINY_F0,F0,jena_BOLT_TINY_F0,,40247,test_a,0.17140369824407997,0.27719451026519343,0.16106764278557087,21,1008,Origin-local observed-channel mean; does not replace pooled main metric
jena,BOLT_TINY_F0,F0,jena_BOLT_TINY_F0,,40271,test_a,0.37746024487626106,0.44685908274873837,0.15294463776069553,21,1008,Origin-local observed-channel mean; does not replace pooled main metric
jena,BOLT_TINY_F0,F0,jena_BOLT_TINY_F0,,40295,test_a,0.053455646568057694,0.1296962048419797,-0.00677320920916943,21,1008,Origin-local observed-channel mean; does not replace pooled main metric
jena,BOLT_TINY_F0,F0,jena_BOLT_TINY_F0,,40319,test_a,0.07713954951624818,0.14116081649486692,-0.05856894646206903,21,1008,Origin-local observed-channel mean; does not replace pooled main metric
jena,BOLT_TINY_F0,F0,jena_BOLT_TINY_F0,,40343,test_a,0.38534457832252306,0.43168057123405146,-0.27529839028965586,21,1008,Origin-local observed-channel mean; does not replace pooled main metric
jena,BOLT_TINY_F0,F0,jena_BOLT_TINY_F0,,40367,test_a,0.6692044730033082,0.549470244855218,-0.30573901549614096,21,1008,Origin-local observed-channel mean; does not replace pooled main metric
jena,BOLT_TINY_F0,F0,jena_BOLT_TINY_F0,,40391,test_a,0.5375934409064103,0.43100310280692256,-0.059155904238564073,21,1008,Origin-local observed-channel mean; does not replace pooled main metric
jena,BOLT_TINY_F0,F0,jena_BOLT_TINY_F0,,40415,test_a,0.10961400520446973,0.19711880920693234,0.11391850143055697,21,1008,Origin-local observed-channel mean; does not replace pooled main metric
jena,BOLT_TINY_F0,F0,jena_BOLT_TINY_F0,,40439,test_a,0.11290419881727166,0.17637427785793702,-0.08916827282784709,21,1008,Origin-local observed-channel mean; does not replace pooled main metric
jena,BOLT_TINY_F0,F0,jena_BOLT_TINY_F0,,40463,test_a,0.1589945815922015,0.24621069823756217,-0.1291407656171941,21,1008,Origin-local observed-channel mean; does not replace pooled main metric
jena,BOLT_TINY_F0,F0,jena_BOLT_TINY_F0,,40487,test_a,0.3577736396033163,0.3614761705943642,-0.0863195765132476,21,1008,Origin-local observed-channel mean; does not replace pooled main metric
jena,BOLT_TINY_F0,F0,jena_BOLT_TINY_F0,,40511,test_a,0.4938497740130548,0.5452745702690057,-0.3687982741599655,21,1008,Origin-local observed-channel mean; does not replace pooled main metric
jena,BOLT_TINY_F0,F0,jena_BOLT_TINY_F0,,40535,test_a,0.9064660999328475,0.5398585957989868,-0.013195733773630133,21,1008,Origin-local observed-channel mean; does not replace pooled main metric
jena,BOLT_TINY_F0,F0,jena_BOLT_TINY_F0,,40559,test_a,0.8087554795122601,0.3964768912210564,-0.05632711400401255,21,1008,Origin-local observed-channel mean; does not replace pooled main metric
jena,BOLT_TINY_F0,F0,jena_BOLT_TINY_F0,,40583,test_a,0.15215257876082808,0.19828437268861018,0.10677981770392747,21,1008,Origin-local observed-channel mean; does not replace pooled main metric
jena,BOLT_TINY_F0,F0,jena_BOLT_TINY_F0,,40607,test_a,0.08459697856383906,0.1827247350140949,0.06865949855036599,21,1008,Origin-local observed-channel mean; does not replace pooled main metric
jena,BOLT_TINY_F0,F0,jena_BOLT_TINY_F0,,40631,test_a,0.3995056263952772,0.36920790741258686,-0.2074800437933138,21,1008,Origin-local observed-channel mean; does not replace pooled main metric
jena,BOLT_TINY_F0,F0,jena_BOLT_TINY_F0,,40655,test_a,0.8622907118573742,0.6312142824621303,-0.22955573044774133,21,1008,Origin-local observed-channel mean; does not replace pooled main metric
jena,BOLT_TINY_F0,F0,jena_BOLT_TINY_F0,,40679,test_a,0.6256980568126556,0.5338814377211661,0.11344796235061949,21,1008,Origin-local observed-channel mean; does not replace pooled main metric
jena,BOLT_TINY_F0,F0,jena_BOLT_TINY_F0,,40703,test_a,0.09591066372687364,0.18334999241097463,0.017439101475276164,21,1008,Origin-local observed-channel mean; does not replace pooled main metric
jena,BOLT_TINY_F0,F0,jena_BOLT_TINY_F0,,40727,test_a,0.3205638964179047,0.2559818720095329,-0.12310529647174194,21,1008,Origin-local observed-channel mean; does not replace pooled main metric
jena,BOLT_TINY_F0,F0,jena_BOLT_TINY_F0,,40751,test_a,0.7229087773229492,0.414658167480079,-0.3482782174276451,21,1008,Origin-local observed-channel mean; does not replace pooled main metric
jena,BOLT_TINY_F0,F0,jena_BOLT_TINY_F0,,40775,test_a,0.591697333607755,0.45986458249039036,-0.22381098807090888,21,1008,Origin-local observed-channel mean; does not replace pooled main metric
jena,BOLT_TINY_F0,F0,jena_BOLT_TINY_F0,,40799,test_a,0.6069877896553573,0.5579933035784514,-0.09748285131689276,21,1008,Origin-local observed-channel mean; does not replace pooled main metric
jena,BOLT_TINY_F0,F0,jena_BOLT_TINY_F0,,40823,test_a,0.3112662685226583,0.36780548996928647,0.08795766860809331,21,1008,Origin-local observed-channel mean; does not replace pooled main metric
jena,BOLT_TINY_F0,F0,jena_BOLT_TINY_F0,,40847,test_a,0.19656327316279407,0.3468538794047726,0.1137138942524741,21,1008,Origin-local observed-channel mean; does not replace pooled main metric
jena,BOLT_TINY_F0,F0,jena_BOLT_TINY_F0,,40871,test_a,0.18113447099553978,0.23205113833140037,0.08620054315219426,21,1008,Origin-local observed-channel mean; does not replace pooled main metric
jena,BOLT_TINY_F0,F0,jena_BOLT_TINY_F0,,40895,test_a,0.4174333539332388,0.30856383932093323,0.012084842159801776,21,1008,Origin-local observed-channel mean; does not replace pooled main metric
jena,BOLT_TINY_F0,F0,jena_BOLT_TINY_F0,,40919,test_a,0.3433353805689461,0.3334041727128871,-0.08975523001203012,21,1008,Origin-local observed-channel mean; does not replace pooled main metric
jena,BOLT_TINY_F0,F0,jena_BOLT_TINY_F0,,40943,test_a,0.321361983161146,0.3581979590846805,-0.13057853603736258,21,1008,Origin-local observed-channel mean; does not replace pooled main metric
jena,BOLT_TINY_F0,F0,jena_BOLT_TINY_F0,,40967,test_a,0.2246176404208663,0.29712465772998203,0.10488974751800896,21,1008,Origin-local observed-channel mean; does not replace pooled main metric
jena,BOLT_TINY_F0,F0,jena_BOLT_TINY_F0,,40991,test_a,0.2628190923285024,0.37106855372038555,0.16402035868102555,21,1008,Origin-local observed-channel mean; does not replace pooled main metric
jena,BOLT_TINY_F0,F0,jena_BOLT_TINY_F0,,41015,test_a,0.1566357818234232,0.2763076450215839,0.15323031024020145,21,1008,Origin-local observed-channel mean; does not replace pooled main metric
jena,BOLT_TINY_F0,F0,jena_BOLT_TINY_F0,,41039,test_a,0.08802016141241964,0.20553687540352317,0.1153513379127068,21,1008,Origin-local observed-channel mean; does not replace pooled main metric
jena,BOLT_TINY_F0,F0,jena_BOLT_TINY_F0,,41063,test_a,0.3010012671473789,0.31440680283897865,-0.13490989452250124,21,1008,Origin-local observed-channel mean; does not replace pooled main metric
jena,BOLT_TINY_F0,F0,jena_BOLT_TINY_F0,,41087,test_a,0.771126299151875,0.6872658825850523,-0.33734008110926855,21,1008,Origin-local observed-channel mean; does not replace pooled main metric
jena,BOLT_TINY_F0,F0,jena_BOLT_TINY_F0,,41111,test_a,0.25678414446394876,0.331609624519236,0.03170099557038547,21,1008,Origin-local observed-channel mean; does not replace pooled main metric
jena,BOLT_TINY_F0,F0,jena_BOLT_TINY_F0,,41135,test_a,0.21860267003924966,0.2950051233881765,0.03609007298320417,21,1008,Origin-local observed-channel mean; does not replace pooled main metric
jena,BOLT_TINY_F0,F0,jena_BOLT_TINY_F0,,41159,test_a,0.230701516685707,0.20960293644540273,-0.13170983874200223,21,1008,Origin-local observed-channel mean; does not replace pooled main metric
jena,BOLT_TINY_F0,F0,jena_BOLT_TINY_F0,,41183,test_a,0.2950143204302025,0.2657683691222845,-0.09874876577934687,21,1008,Origin-local observed-channel mean; does not replace pooled main metric
jena,BOLT_TINY_F0,F0,jena_BOLT_TINY_F0,,41207,test_a,0.9615390771016902,0.7043768801947105,-0.02532799643519131,21,1008,Origin-local observed-channel mean; does not replace pooled main metric
jena,BOLT_TINY_F0,F0,jena_BOLT_TINY_F0,,41231,test_a,0.4313823426926493,0.39597748453981324,-0.1212967942986339,21,1008,Origin-local observed-channel mean; does not replace pooled main metric
jena,BOLT_TINY_F0,F0,jena_BOLT_TINY_F0,,41255,test_a,0.1349189556977239,0.20864416025569735,0.13993335213828167,21,1008,Origin-local observed-channel mean; does not replace pooled main metric
jena,BOLT_TINY_F0,F0,jena_BOLT_TINY_F0,,41279,test_a,0.09285096187247906,0.19182849614437492,0.11999259879886515,21,1008,Origin-local observed-channel mean; does not replace pooled main metric
jena,BOLT_TINY_F0,F0,jena_BOLT_TINY_F0,,41303,test_a,0.039380151268429434,0.08405779588816037,0.052246348824285506,21,1008,Origin-local observed-channel mean; does not replace pooled main metric
jena,BOLT_TINY_F0,F0,jena_BOLT_TINY_F0,,41327,test_a,0.07103881510764432,0.14843869587546954,0.00543488675381042,21,1008,Origin-local observed-channel mean; does not replace pooled main metric
jena,BOLT_TINY_F0,F0,jena_BOLT_TINY_F0,,41351,test_a,0.2283108188560702,0.2538420272169225,-0.0833748780213581,21,1008,Origin-local observed-channel mean; does not replace pooled main metric
jena,BOLT_TINY_F0,F0,jena_BOLT_TINY_F0,,41375,test_a,0.4364952282196377,0.47368230359487434,-0.056535150852776876,21,1008,Origin-local observed-channel mean; does not replace pooled main metric
jena,BOLT_TINY_F0,F0,jena_BOLT_TINY_F0,,41399,test_a,0.5152964350188383,0.3991298686952568,0.02146428722303498,21,1008,Origin-local observed-channel mean; does not replace pooled main metric
jena,BOLT_TINY_F0,F0,jena_BOLT_TINY_F0,,41423,test_a,0.5947584077461269,0.4499003338601936,-0.025413545474495754,21,1008,Origin-local observed-channel mean; does not replace pooled main metric
jena,BOLT_TINY_F0,F0,jena_BOLT_TINY_F0,,41447,test_a,0.2723839864629022,0.2757814566393791,0.031288821641542855,21,1008,Origin-local observed-channel mean; does not replace pooled main metric
jena,BOLT_TINY_F0,F0,jena_BOLT_TINY_F0,,41471,test_a,0.24317418362107204,0.32362027543866945,0.08626808285938865,21,1008,Origin-local observed-channel mean; does not replace pooled main metric
jena,BOLT_TINY_F0,F0,jena_BOLT_TINY_F0,,41495,test_a,0.32071304948881746,0.29720773943601725,-0.21496507562672681,21,1008,Origin-local observed-channel mean; does not replace pooled main metric
jena,BOLT_TINY_F0,F0,jena_BOLT_TINY_F0,,41519,test_a,0.5340935247593683,0.5243089300253799,-0.25917730623582647,21,1008,Origin-local observed-channel mean; does not replace pooled main metric
jena,BOLT_TINY_F0,F0,jena_BOLT_TINY_F0,,41543,test_a,0.33837267832719425,0.3776743385857434,0.2373961148724693,21,1008,Origin-local observed-channel mean; does not replace pooled main metric
jena,BOLT_TINY_F0,F0,jena_BOLT_TINY_F0,,41567,test_a,0.18188646356130309,0.2549405033122538,0.06569176263641682,21,1008,Origin-local observed-channel mean; does not replace pooled main metric
jena,BOLT_TINY_F0,F0,jena_BOLT_TINY_F0,,41591,test_a,0.16502515930106412,0.23785807868230296,0.0599920298989471,21,1008,Origin-local observed-channel mean; does not replace pooled main metric
jena,BOLT_TINY_F0,F0,jena_BOLT_TINY_F0,,41615,test_a,0.1519090749555927,0.1981998640888681,0.0662366312980238,21,1008,Origin-local observed-channel mean; does not replace pooled main metric
jena,BOLT_TINY_F0,F0,jena_BOLT_TINY_F0,,41639,test_a,0.5166041035013043,0.4048605674364057,-0.2211348557778235,21,1008,Origin-local observed-channel mean; does not replace pooled main metric
jena,BOLT_TINY_F0,F0,jena_BOLT_TINY_F0,,41663,test_a,1.4166039501691106,0.9591191589651216,-0.3969175142960416,21,1008,Origin-local observed-channel mean; does not replace pooled main metric
jena,BOLT_TINY_F0,F0,jena_BOLT_TINY_F0,,41687,test_a,0.34499422387292206,0.37649854411124367,0.13201519915818363,21,1008,Origin-local observed-channel mean; does not replace pooled main metric
jena,BOLT_TINY_F0,F0,jena_BOLT_TINY_F0,,41711,test_a,0.2482805816360051,0.35090898074168575,0.16931648677437186,21,1008,Origin-local observed-channel mean; does not replace pooled main metric
jena,BOLT_TINY_F0,F0,jena_BOLT_TINY_F0,,41735,test_a,0.17377574736429627,0.24423169032952358,-0.16066913635032026,21,1008,Origin-local observed-channel mean; does not replace pooled main metric
jena,BOLT_TINY_F0,F0,jena_BOLT_TINY_F0,,41759,test_a,0.06287273091336945,0.15916905259961375,-0.10167525398448184,21,1008,Origin-local observed-channel mean; does not replace pooled main metric
jena,BOLT_TINY_F0,F0,jena_BOLT_TINY_F0,,41783,test_a,0.29036458189417136,0.32617450066134057,-0.23999203804646277,21,1008,Origin-local observed-channel mean; does not replace pooled main metric
jena,BOLT_TINY_F0,F0,jena_BOLT_TINY_F0,,41807,test_a,0.354831314507548,0.45959520267850107,-0.2000043622318492,21,1008,Origin-local observed-channel mean; does not replace pooled main metric
jena,BOLT_TINY_F0,F0,jena_BOLT_TINY_F0,,41831,test_a,0.12319632284758752,0.2305325431460958,0.0053196185257374535,21,1008,Origin-local observed-channel mean; does not replace pooled main metric
jena,BOLT_TINY_F0,F0,jena_BOLT_TINY_F0,,41855,test_a,0.07236536206996205,0.19597061192325782,0.054538225066997785,21,1008,Origin-local observed-channel mean; does not replace pooled main metric
jena,BOLT_TINY_F0,F0,jena_BOLT_TINY_F0,,41879,test_a,0.08304299568009475,0.15019797003275479,-0.002860123539225215,21,1008,Origin-local observed-channel mean; does not replace pooled main metric
jena,BOLT_TINY_F0,F0,jena_BOLT_TINY_F0,,41903,test_a,0.045560838505967476,0.11495276358965341,-0.026136148353948053,21,1008,Origin-local observed-channel mean; does not replace pooled main metric
jena,BOLT_TINY_F0,F0,jena_BOLT_TINY_F0,,41927,test_a,0.21374326578859662,0.2653075530672342,-0.1563719298685014,21,1008,Origin-local observed-channel mean; does not replace pooled main metric
jena,BOLT_TINY_F0,F0,jena_BOLT_TINY_F0,,41951,test_a,0.3428400895607072,0.4705859936598462,-0.25069694219460614,21,1008,Origin-local observed-channel mean; does not replace pooled main metric
jena,BOLT_TINY_F0,F0,jena_BOLT_TINY_F0,,41975,test_a,0.14279380915099762,0.2633358803299387,0.0002215190774193785,21,1008,Origin-local observed-channel mean; does not replace pooled main metric
jena,BOLT_TINY_F0,F0,jena_BOLT_TINY_F0,,41999,test_a,0.14462348605279698,0.2789748502693711,0.054821428555972794,21,1008,Origin-local observed-channel mean; does not replace pooled main metric
jena,BOLT_TINY_F0,F0,jena_BOLT_TINY_F0,,42023,test_a,0.08442539218255979,0.1506011960979365,-0.05981834960563527,21,1008,Origin-local observed-channel mean; does not replace pooled main metric
jena,BOLT_TINY_F0,F0,jena_BOLT_TINY_F0,,42047,test_a,0.07001487938860815,0.12884778268048575,-0.047621703112825,21,1008,Origin-local observed-channel mean; does not replace pooled main metric
jena,BOLT_TINY_F0,F0,jena_BOLT_TINY_F0,,42071,test_a,0.24283006411066554,0.3227283466812445,-0.16010463743938116,21,1008,Origin-local observed-channel mean; does not replace pooled main metric
jena,BOLT_TINY_F0,F0,jena_BOLT_TINY_F0,,42095,test_a,0.29401254147305356,0.39727842261709156,-0.2805910669592286,21,1008,Origin-local observed-channel mean; does not replace pooled main metric
jena,BOLT_TINY_F0,F0,jena_BOLT_TINY_F0,,42119,test_a,0.0825731333680075,0.18329032436783552,0.010906593745728187,21,1008,Origin-local observed-channel mean; does not replace pooled main metric
jena,BOLT_TINY_F0,F0,jena_BOLT_TINY_F0,,42143,test_a,0.11117457626952258,0.19847697297252975,0.039379173883866136,21,1008,Origin-local observed-channel mean; does not replace pooled main metric
jena,BOLT_TINY_F0,F0,jena_BOLT_TINY_F0,,42167,test_a,0.04580530588129635,0.12337965965130096,0.04772179584780668,21,1008,Origin-local observed-channel mean; does not replace pooled main metric
jena,BOLT_TINY_F0,F0,jena_BOLT_TINY_F0,,42191,test_a,0.07058222817536441,0.13902667878285266,0.02672066655687226,21,1008,Origin-local observed-channel mean; does not replace pooled main metric
jena,BOLT_TINY_F0,F0,jena_BOLT_TINY_F0,,42215,test_a,0.24421384780580752,0.2621402088968483,-0.14409759968227248,21,1008,Origin-local observed-channel mean; does not replace pooled main metric
jena,BOLT_TINY_F0,F0,jena_BOLT_TINY_F0,,42239,test_a,0.45536554642138766,0.49252778167427036,-0.23356929692558948,21,1008,Origin-local observed-channel mean; does not replace pooled main metric
jena,BOLT_TINY_F0,F0,jena_BOLT_TINY_F0,,42263,test_a,0.09687478728567225,0.22823783695148017,0.09837908812538905,21,1008,Origin-local observed-channel mean; does not replace pooled main metric
jena,BOLT_TINY_F0,F0,jena_BOLT_TINY_F0,,42287,test_a,0.03860576396866468,0.11451586583303104,0.03865952297720859,21,1008,Origin-local observed-channel mean; does not replace pooled main metric
jena,BOLT_TINY_F0,F0,jena_BOLT_TINY_F0,,42311,test_a,0.06075547232013666,0.1286125892966372,-0.023302991045287817,21,1008,Origin-local observed-channel mean; does not replace pooled main metric
jena,BOLT_TINY_F0,F0,jena_BOLT_TINY_F0,,42335,test_a,0.09866903579209926,0.1278463794756496,0.005237056438105243,21,1008,Origin-local observed-channel mean; does not replace pooled main metric
jena,BOLT_TINY_F0,F0,jena_BOLT_TINY_F0,,42359,test_a,0.15013399848326783,0.22162075439146495,-0.1526760893942241,21,1008,Origin-local observed-channel mean; does not replace pooled main metric
jena,BOLT_TINY_F0,F0,jena_BOLT_TINY_F0,,42383,test_a,0.2879596014824854,0.4182138173127029,-0.25494083346258395,21,1008,Origin-local observed-channel mean; does not replace pooled main metric
jena,BOLT_TINY_F0,F0,jena_BOLT_TINY_F0,,42407,test_a,0.14924077241525474,0.2617222325080215,0.1018586186180203,21,1008,Origin-local observed-channel mean; does not replace pooled main metric
jena,BOLT_TINY_F0,F0,jena_BOLT_TINY_F0,,42431,test_a,0.09221037730790876,0.19223586991869346,0.15892322993628719,21,1008,Origin-local observed-channel mean; does not replace pooled main metric
jena,BOLT_TINY_F0,F0,jena_BOLT_TINY_F0,,42455,test_a,0.05472620675832891,0.1329480074713328,0.028129371385956704,21,1008,Origin-local observed-channel mean; does not replace pooled main metric
jena,BOLT_TINY_F0,F0,jena_BOLT_TINY_F0,,42479,test_a,0.08076960306336671,0.14672108020657482,0.0020364600484118994,21,1008,Origin-local observed-channel mean; does not replace pooled main metric
jena,BOLT_TINY_F0,F0,jena_BOLT_TINY_F0,,42503,test_a,0.24958391484461714,0.266533491106303,-0.1550539912115912,21,1008,Origin-local observed-channel mean; does not replace pooled main metric
jena,BOLT_TINY_F0,F0,jena_BOLT_TINY_F0,,42527,test_a,0.3683169942291202,0.38590154107661206,-0.13320992349367267,21,1008,Origin-local observed-channel mean; does not replace pooled main metric
jena,BOLT_TINY_F0,F0,jena_BOLT_TINY_F0,,42551,test_a,0.2713114955581095,0.39315170552141526,0.14762139558534104,21,1008,Origin-local observed-channel mean; does not replace pooled main metric
jena,BOLT_TINY_F0,F0,jena_BOLT_TINY_F0,,42575,test_a,0.2414031235622215,0.3567306109549781,0.2133397661941311,21,1008,Origin-local observed-channel mean; does not replace pooled main metric
jena,BOLT_TINY_F0,F0,jena_BOLT_TINY_F0,,42599,test_a,0.24333146266247005,0.34006269753699025,0.17920277769643156,21,1008,Origin-local observed-channel mean; does not replace pooled main metric
jena,BOLT_TINY_F0,F0,jena_BOLT_TINY_F0,,42623,test_a,0.13909214584676496,0.23302189439178506,0.0968941025143038,21,1008,Origin-local observed-channel mean; does not replace pooled main metric
jena,BOLT_TINY_F0,F0,jena_BOLT_TINY_F0,,42647,test_a,0.15895815173618022,0.2004895411077924,-0.07495434904592999,21,1008,Origin-local observed-channel mean; does not replace pooled main metric
jena,BOLT_TINY_F0,F0,jena_BOLT_TINY_F0,,42671,test_a,0.5720562808838769,0.5314565138893187,-0.2968652835021088,21,1008,Origin-local observed-channel mean; does not replace pooled main metric
jena,BOLT_TINY_F0,F0,jena_BOLT_TINY_F0,,42695,test_a,0.47934569830436,0.48799427136564477,0.2848013979211886,21,1008,Origin-local observed-channel mean; does not replace pooled main metric
jena,BOLT_TINY_F0,F0,jena_BOLT_TINY_F0,,42719,test_a,0.24236527903114322,0.3463572928093425,0.10333017415564791,21,1008,Origin-local observed-channel mean; does not replace pooled main metric
jena,BOLT_TINY_F0,F0,jena_BOLT_TINY_F0,,42743,test_a,0.19792097373776296,0.2741237110869464,0.14745505273828122,21,1008,Origin-local observed-channel mean; does not replace pooled main metric
jena,BOLT_TINY_F0,F0,jena_BOLT_TINY_F0,,42767,test_a,0.15427218825814318,0.16654670523158052,-0.03530589837880273,21,1008,Origin-local observed-channel mean; does not replace pooled main metric
jena,BOLT_TINY_F0,F0,jena_BOLT_TINY_F0,,42791,test_a,0.3284946626171032,0.34026038347020937,-0.18988749884218648,21,1008,Origin-local observed-channel mean; does not replace pooled main metric
jena,BOLT_TINY_F0,F0,jena_BOLT_TINY_F0,,42815,test_a,0.4001371004901691,0.4592929375390264,-0.24201363209581428,21,1008,Origin-local observed-channel mean; does not replace pooled main metric
jena,BOLT_TINY_F0,F0,jena_BOLT_TINY_F0,,42839,test_a,0.2970582783659885,0.34976888191920896,0.09872764341742454,21,1008,Origin-local observed-channel mean; does not replace pooled main metric
jena,BOLT_TINY_F0,F0,jena_BOLT_TINY_F0,,42863,test_a,0.05027160738162107,0.14799524252183408,0.027419577530414997,21,1008,Origin-local observed-channel mean; does not replace pooled main metric
jena,BOLT_TINY_F0,F0,jena_BOLT_TINY_F0,,42887,test_a,0.055606831205099606,0.11816715265905216,-0.02325312011190464,21,1008,Origin-local observed-channel mean; does not replace pooled main metric
jena,BOLT_TINY_F0,F0,jena_BOLT_TINY_F0,,42911,test_a,0.04008623618791907,0.12896357097293182,0.015860620629523293,21,1008,Origin-local observed-channel mean; does not replace pooled main metric
jena,BOLT_TINY_F0,F0,jena_BOLT_TINY_F0,,42935,test_a,0.2541671897336328,0.2867123324386732,-0.20299417438621506,21,1008,Origin-local observed-channel mean; does not replace pooled main metric
jena,BOLT_TINY_F0,F0,jena_BOLT_TINY_F0,,42959,test_a,0.5382008096144586,0.5892224901362609,-0.2770570195680663,21,1008,Origin-local observed-channel mean; does not replace pooled main metric
jena,BOLT_TINY_F0,F0,jena_BOLT_TINY_F0,,42983,test_a,0.2372369264519128,0.34481834151157525,0.025250691891877,21,1008,Origin-local observed-channel mean; does not replace pooled main metric
jena,BOLT_TINY_F0,F0,jena_BOLT_TINY_F0,,43007,test_a,0.10042826151509067,0.2292378846092135,0.10441668390847061,21,1008,Origin-local observed-channel mean; does not replace pooled main metric
jena,BOLT_TINY_F0,F0,jena_BOLT_TINY_F0,,43031,test_a,0.07300469816805598,0.14062693156740844,0.030543398750726033,21,1008,Origin-local observed-channel mean; does not replace pooled main metric
jena,BOLT_TINY_F0,F0,jena_BOLT_TINY_F0,,43055,test_a,0.16000690650486518,0.19974358197560788,0.017689167758997808,21,1008,Origin-local observed-channel mean; does not replace pooled main metric
jena,BOLT_TINY_F0,F0,jena_BOLT_TINY_F0,,43079,test_a,0.2719451530919116,0.2967023581834275,-0.25387734410059426,21,1008,Origin-local observed-channel mean; does not replace pooled main metric
jena,BOLT_TINY_F0,F0,jena_BOLT_TINY_F0,,43103,test_a,0.7083145125077864,0.6197834402116156,-0.4023260023164363,21,1008,Origin-local observed-channel mean; does not replace pooled main metric
jena,BOLT_TINY_F0,F0,jena_BOLT_TINY_F0,,43127,test_a,0.12261073524220609,0.2797506479186095,-0.020673686800162412,21,1008,Origin-local observed-channel mean; does not replace pooled main metric
jena,BOLT_TINY_F0,F0,jena_BOLT_TINY_F0,,43151,test_a,0.13784076300698217,0.24627514765286054,0.09740512567955265,21,1008,Origin-local observed-channel mean; does not replace pooled main metric
jena,BOLT_TINY_F0,F0,jena_BOLT_TINY_F0,,43175,test_a,0.08665265252306631,0.16004587328424105,-0.011065148242027686,21,1008,Origin-local observed-channel mean; does not replace pooled main metric
jena,BOLT_TINY_F0,F0,jena_BOLT_TINY_F0,,43199,test_a,0.042852380368740096,0.12080136914497301,0.0189667050911498,21,1008,Origin-local observed-channel mean; does not replace pooled main metric
jena,BOLT_TINY_F0,F0,jena_BOLT_TINY_F0,,43223,test_a,0.1532612685126353,0.24362646086286524,-0.14648632664951342,21,1008,Origin-local observed-channel mean; does not replace pooled main metric
jena,BOLT_TINY_F0,F0,jena_BOLT_TINY_F0,,43247,test_a,0.4086679680642616,0.5009611798586631,-0.26437337401795147,21,1008,Origin-local observed-channel mean; does not replace pooled main metric
jena,BOLT_TINY_F0,F0,jena_BOLT_TINY_F0,,43271,test_a,0.24476798667719052,0.35425150035238373,0.1342760542625218,21,1008,Origin-local observed-channel mean; does not replace pooled main metric
jena,BOLT_TINY_F0,F0,jena_BOLT_TINY_F0,,43295,test_a,0.03526557929479296,0.12121563014414509,0.011672418238179357,21,1008,Origin-local observed-channel mean; does not replace pooled main metric
jena,BOLT_TINY_F0,F0,jena_BOLT_TINY_F0,,43319,test_a,0.05324648184962634,0.13232198871738213,0.006215031886226604,21,1008,Origin-local observed-channel mean; does not replace pooled main metric
jena,BOLT_TINY_F0,F0,jena_BOLT_TINY_F0,,43343,test_a,0.03167652022696906,0.08808990387828206,0.012299203765198599,21,1008,Origin-local observed-channel mean; does not replace pooled main metric
jena,BOLT_TINY_F0,F0,jena_BOLT_TINY_F0,,43367,test_a,0.2787496302748491,0.2854680937612607,-0.19031974414457858,21,1008,Origin-local observed-channel mean; does not replace pooled main metric
jena,BOLT_TINY_F0,F0,jena_BOLT_TINY_F0,,43391,test_a,0.5211784345524585,0.4541496128022407,-0.25297610123818715,21,1008,Origin-local observed-channel mean; does not replace pooled main metric
jena,BOLT_TINY_F0,F0,jena_BOLT_TINY_F0,,43415,test_a,0.10469202727446354,0.245744291639644,0.09269578943964181,21,1008,Origin-local observed-channel mean; does not replace pooled main metric
jena,BOLT_TINY_F0,F0,jena_BOLT_TINY_F0,,43439,test_a,0.23392789289751265,0.22732266143432914,0.1308329481435933,21,1008,Origin-local observed-channel mean; does not replace pooled main metric
jena,BOLT_TINY_F0,F0,jena_BOLT_TINY_F0,,43463,test_a,0.17333329457276325,0.22110232085406242,0.05639219190809869,21,1008,Origin-local observed-channel mean; does not replace pooled main metric
jena,BOLT_TINY_F0,F0,jena_BOLT_TINY_F0,,43487,test_a,0.13281906206335442,0.16092620437617397,0.004178889721284609,21,1008,Origin-local observed-channel mean; does not replace pooled main metric
jena,BOLT_TINY_F0,F0,jena_BOLT_TINY_F0,,43511,test_a,0.26255008641729444,0.2782032644641327,-0.09484805651831381,21,1008,Origin-local observed-channel mean; does not replace pooled main metric
jena,BOLT_TINY_F0,F0,jena_BOLT_TINY_F0,,43535,test_a,0.4315336734603302,0.42302352264186266,-0.20444954742815177,21,1008,Origin-local observed-channel mean; does not replace pooled main metric
jena,BOLT_TINY_F0,F0,jena_BOLT_TINY_F0,,43559,test_a,0.31118399689002774,0.35697405308465824,0.005318121830459726,21,1008,Origin-local observed-channel mean; does not replace pooled main metric
jena,BOLT_TINY_F0,F0,jena_BOLT_TINY_F0,,43583,test_a,0.08861037970445344,0.20584937878998208,-0.017173152351190206,21,1008,Origin-local observed-channel mean; does not replace pooled main metric
jena,BOLT_TINY_F0,F0,jena_BOLT_TINY_F0,,43607,test_a,0.1766288690080564,0.1731274498232533,0.015543441964259793,21,1008,Origin-local observed-channel mean; does not replace pooled main metric
jena,BOLT_TINY_F0,F0,jena_BOLT_TINY_F0,,43631,test_a,0.16025001687198392,0.18377946085046648,0.01639865275131934,21,1008,Origin-local observed-channel mean; does not replace pooled main metric
jena,BOLT_TINY_F0,F0,jena_BOLT_TINY_F0,,43655,test_a,0.19600072154481918,0.21247110346118306,-0.05921686266718472,21,1008,Origin-local observed-channel mean; does not replace pooled main metric
jena,BOLT_TINY_F0,F0,jena_BOLT_TINY_F0,,43679,test_a,0.15539549370455447,0.24201909131720423,-0.1348830876348883,21,1008,Origin-local observed-channel mean; does not replace pooled main metric
jena,BOLT_TINY_F0,F0,jena_BOLT_TINY_F0,,43703,test_a,0.1421034543928359,0.2305401345287724,0.1376690353131885,21,1008,Origin-local observed-channel mean; does not replace pooled main metric
jena,BOLT_TINY_F0,F0,jena_BOLT_TINY_F0,,43727,test_a,0.10669108898526664,0.18419036077021805,0.08419441656125912,21,1008,Origin-local observed-channel mean; does not replace pooled main metric
jena,BOLT_TINY_F0,F0,jena_BOLT_TINY_F0,,43751,test_a,0.17954757199730167,0.14678554844974154,0.07175267667884731,21,1008,Origin-local observed-channel mean; does not replace pooled main metric
jena,BOLT_TINY_F0,F0,jena_BOLT_TINY_F0,,43775,test_a,0.1778100607554751,0.1436076510021632,-0.0003183795401243483,21,1008,Origin-local observed-channel mean; does not replace pooled main metric
jena,BOLT_TINY_F0,F0,jena_BOLT_TINY_F0,,43799,test_a,0.17128833776237137,0.17663509033272495,-0.006405873138791075,21,1008,Origin-local observed-channel mean; does not replace pooled main metric
jena,BOLT_TINY_F0,F0,jena_BOLT_TINY_F0,,43823,test_a,0.23203372849373505,0.3279100305023479,-0.0795597113805314,21,1008,Origin-local observed-channel mean; does not replace pooled main metric
jena,BOLT_TINY_F0,F0,jena_BOLT_TINY_F0,,43847,test_a,0.1880429597380757,0.33048149541464805,0.17408751955857346,21,1008,Origin-local observed-channel mean; does not replace pooled main metric
jena,BOLT_TINY_F0,F0,jena_BOLT_TINY_F0,,43871,test_a,0.10451768826726449,0.21040461850902323,0.14399840238772973,21,1008,Origin-local observed-channel mean; does not replace pooled main metric
jena,BOLT_TINY_F0,F0,jena_BOLT_TINY_F0,,43919,test_b,0.1836501343577755,0.2560273888615166,0.1241195192617866,21,1008,Origin-local observed-channel mean; does not replace pooled main metric
jena,BOLT_TINY_F0,F0,jena_BOLT_TINY_F0,,43943,test_b,0.2469768843347641,0.3036612187495357,-0.04762191609869849,21,1008,Origin-local observed-channel mean; does not replace pooled main metric
jena,BOLT_TINY_F0,F0,jena_BOLT_TINY_F0,,43967,test_b,0.6700160172346997,0.6241706725163061,-0.3987063344710992,21,1008,Origin-local observed-channel mean; does not replace pooled main metric
jena,BOLT_TINY_F0,F0,jena_BOLT_TINY_F0,,43991,test_b,0.3391398636075439,0.36618377011080383,0.12709410236868915,21,1008,Origin-local observed-channel mean; does not replace pooled main metric
jena,BOLT_TINY_F0,F0,jena_BOLT_TINY_F0,,44015,test_b,0.037414745100165,0.12119448678230771,0.03743298158270403,21,1008,Origin-local observed-channel mean; does not replace pooled main metric
jena,BOLT_TINY_F0,F0,jena_BOLT_TINY_F0,,44039,test_b,0.07949069293646374,0.15840637793261853,0.01864402194965689,21,1008,Origin-local observed-channel mean; does not replace pooled main metric
jena,BOLT_TINY_F0,F0,jena_BOLT_TINY_F0,,44063,test_b,0.0962500747905757,0.18652734459776962,-0.10679565097338387,21,1008,Origin-local observed-channel mean; does not replace pooled main metric
jena,BOLT_TINY_F0,F0,jena_BOLT_TINY_F0,,44087,test_b,0.40674278220516363,0.3130858983564567,0.022983556688626453,21,1008,Origin-local observed-channel mean; does not replace pooled main metric
jena,BOLT_TINY_F0,F0,jena_BOLT_TINY_F0,,44111,test_b,0.707178313710863,0.5729322195917439,0.20778393663307984,21,1008,Origin-local observed-channel mean; does not replace pooled main metric
jena,BOLT_TINY_F0,F0,jena_BOLT_TINY_F0,,44135,test_b,0.16010685740966274,0.27111598314917906,0.18111848472483597,21,1008,Origin-local observed-channel mean; does not replace pooled main metric
jena,BOLT_TINY_F0,F0,jena_BOLT_TINY_F0,,44159,test_b,0.3201030360322665,0.3007167033178525,0.20966311104758276,21,1008,Origin-local observed-channel mean; does not replace pooled main metric
jena,BOLT_TINY_F0,F0,jena_BOLT_TINY_F0,,44183,test_b,0.22631760138241136,0.25747816908794147,0.06904501895538516,21,1008,Origin-local observed-channel mean; does not replace pooled main metric
jena,BOLT_TINY_F0,F0,jena_BOLT_TINY_F0,,44207,test_b,0.09843500460342292,0.19795847595008714,0.03886511795188573,21,1008,Origin-local observed-channel mean; does not replace pooled main metric
jena,BOLT_TINY_F0,F0,jena_BOLT_TINY_F0,,44231,test_b,0.08662727293300636,0.18436653008693754,-0.07790698282400307,21,1008,Origin-local observed-channel mean; does not replace pooled main metric
jena,BOLT_TINY_F0,F0,jena_BOLT_TINY_F0,,44255,test_b,0.37159738835036515,0.41220471981906154,-0.25248971703897244,21,1008,Origin-local observed-channel mean; does not replace pooled main metric
jena,BOLT_TINY_F0,F0,jena_BOLT_TINY_F0,,44279,test_b,0.17444982684647453,0.26902315646075586,-0.02557716828978878,21,1008,Origin-local observed-channel mean; does not replace pooled main metric
jena,BOLT_TINY_F0,F0,jena_BOLT_TINY_F0,,44303,test_b,0.17374885146757504,0.2526374379336371,0.031495092897756184,21,1008,Origin-local observed-channel mean; does not replace pooled main metric
jena,BOLT_TINY_F0,F0,jena_BOLT_TINY_F0,,44327,test_b,0.1525178198166574,0.2181530252232083,0.07501307159425719,21,1008,Origin-local observed-channel mean; does not replace pooled main metric
jena,BOLT_TINY_F0,F0,jena_BOLT_TINY_F0,,44351,test_b,0.15609446886663486,0.19231880652821726,0.016945420882649838,21,1008,Origin-local observed-channel mean; does not replace pooled main metric
jena,BOLT_TINY_F0,F0,jena_BOLT_TINY_F0,,44375,test_b,0.13008462272516702,0.16307611242588055,-0.08119715790339146,21,1008,Origin-local observed-channel mean; does not replace pooled main metric
jena,BOLT_TINY_F0,F0,jena_BOLT_TINY_F0,,44399,test_b,0.2510996825371513,0.3052254386584825,-0.05780371341190027,21,1008,Origin-local observed-channel mean; does not replace pooled main metric
jena,BOLT_TINY_F0,F0,jena_BOLT_TINY_F0,,44423,test_b,0.20410770605581027,0.2995607715380925,0.15799308657306174,21,1008,Origin-local observed-channel mean; does not replace pooled main metric
jena,BOLT_TINY_F0,F0,jena_BOLT_TINY_F0,,44447,test_b,0.06273552365610523,0.15362617234322468,0.05319765185944676,21,1008,Origin-local observed-channel mean; does not replace pooled main metric
jena,BOLT_TINY_F0,F0,jena_BOLT_TINY_F0,,44471,test_b,0.026447724951995644,0.09782825091517429,0.05558023001122777,21,1008,Origin-local observed-channel mean; does not replace pooled main metric
jena,BOLT_TINY_F0,F0,jena_BOLT_TINY_F0,,44495,test_b,0.03960931022807146,0.0905927549377786,-0.04456415546952658,21,1008,Origin-local observed-channel mean; does not replace pooled main metric
jena,BOLT_TINY_F0,F0,jena_BOLT_TINY_F0,,44519,test_b,0.15275860784857828,0.24557511625665476,-0.13510466228462828,21,1008,Origin-local observed-channel mean; does not replace pooled main metric
jena,BOLT_TINY_F0,F0,jena_BOLT_TINY_F0,,44543,test_b,0.3089747019403899,0.389167220055935,-0.17091500570966184,21,1008,Origin-local observed-channel mean; does not replace pooled main metric
jena,BOLT_TINY_F0,F0,jena_BOLT_TINY_F0,,44567,test_b,0.08875030499733179,0.18916309557948444,0.09146611176136445,21,1008,Origin-local observed-channel mean; does not replace pooled main metric
jena,BOLT_TINY_F0,F0,jena_BOLT_TINY_F0,,44591,test_b,0.1232923733576268,0.22108937623771552,0.050514039628430346,21,1008,Origin-local observed-channel mean; does not replace pooled main metric
jena,BOLT_TINY_F0,F0,jena_BOLT_TINY_F0,,44615,test_b,0.13163014200029538,0.13256206096134737,-0.054006935541803525,21,1008,Origin-local observed-channel mean; does not replace pooled main metric
jena,BOLT_TINY_F0,F0,jena_BOLT_TINY_F0,,44639,test_b,0.3061942555532482,0.2135034601355622,-0.059483757155710845,21,1008,Origin-local observed-channel mean; does not replace pooled main metric
jena,BOLT_TINY_F0,F0,jena_BOLT_TINY_F0,,44663,test_b,0.09785256403222821,0.14136783012358972,-0.0781725903414929,21,1008,Origin-local observed-channel mean; does not replace pooled main metric
jena,BOLT_TINY_F0,F0,jena_BOLT_TINY_F0,,44687,test_b,0.05854372923841827,0.15549521190139728,-0.05872089457723574,21,1008,Origin-local observed-channel mean; does not replace pooled main metric
jena,BOLT_TINY_F0,F0,jena_BOLT_TINY_F0,,44711,test_b,0.09350516232289181,0.17107843745687867,-0.007724230375306285,21,1008,Origin-local observed-channel mean; does not replace pooled main metric
jena,BOLT_TINY_F0,F0,jena_BOLT_TINY_F0,,44735,test_b,0.1097909992385577,0.10882039681550057,0.00943607551651815,21,1008,Origin-local observed-channel mean; does not replace pooled main metric
jena,BOLT_TINY_F0,F0,jena_BOLT_TINY_F0,,44759,test_b,0.25421686100167096,0.14257698552682999,0.09323339119169209,21,1008,Origin-local observed-channel mean; does not replace pooled main metric
jena,BOLT_TINY_F0,F0,jena_BOLT_TINY_F0,,44783,test_b,0.23410035954439967,0.13674370407141626,0.06306586619318713,21,1008,Origin-local observed-channel mean; does not replace pooled main metric
jena,BOLT_TINY_F0,F0,jena_BOLT_TINY_F0,,44807,test_b,0.20067464090021664,0.20358561115368964,0.020762848874760997,21,1008,Origin-local observed-channel mean; does not replace pooled main metric
jena,BOLT_TINY_F0,F0,jena_BOLT_TINY_F0,,44831,test_b,0.1303562423156947,0.2026684865991156,-0.06060442033534249,21,1008,Origin-local observed-channel mean; does not replace pooled main metric
jena,BOLT_TINY_F0,F0,jena_BOLT_TINY_F0,,44855,test_b,0.07663552973998583,0.1539583558083645,0.014191105777013404,21,1008,Origin-local observed-channel mean; does not replace pooled main metric
jena,BOLT_TINY_F0,F0,jena_BOLT_TINY_F0,,44879,test_b,0.07714723311441049,0.12381579921133207,-0.04859367956669303,21,1008,Origin-local observed-channel mean; does not replace pooled main metric
jena,BOLT_TINY_F0,F0,jena_BOLT_TINY_F0,,44903,test_b,0.12280459777694726,0.1329198388348376,-0.06974899185447685,21,1008,Origin-local observed-channel mean; does not replace pooled main metric
jena,BOLT_TINY_F0,F0,jena_BOLT_TINY_F0,,44927,test_b,0.16516763763632358,0.20063148090238905,-0.12271216891831643,21,1008,Origin-local observed-channel mean; does not replace pooled main metric
jena,BOLT_TINY_F0,F0,jena_BOLT_TINY_F0,,44951,test_b,0.06464709733845977,0.12333515611115016,-0.0015121832035393233,21,1008,Origin-local observed-channel mean; does not replace pooled main metric
jena,BOLT_TINY_F0,F0,jena_BOLT_TINY_F0,,44975,test_b,0.059710305758774306,0.17557822851374527,-0.04857359223930713,21,1008,Origin-local observed-channel mean; does not replace pooled main metric
jena,BOLT_TINY_F0,F0,jena_BOLT_TINY_F0,,44999,test_b,0.1351268920575049,0.2295154597742646,0.1316724792950048,21,1008,Origin-local observed-channel mean; does not replace pooled main metric
jena,BOLT_TINY_F0,F0,jena_BOLT_TINY_F0,,45023,test_b,0.18553242786303525,0.23016504817996247,-0.023839252244186572,21,1008,Origin-local observed-channel mean; does not replace pooled main metric
jena,BOLT_TINY_F0,F0,jena_BOLT_TINY_F0,,45047,test_b,0.035588125971722326,0.0918468979426608,-0.04381058511041504,21,1008,Origin-local observed-channel mean; does not replace pooled main metric
jena,BOLT_TINY_F0,F0,jena_BOLT_TINY_F0,,45071,test_b,0.046215831834866807,0.11343605043495901,0.043592619915245226,21,1008,Origin-local observed-channel mean; does not replace pooled main metric
jena,BOLT_TINY_F0,F0,jena_BOLT_TINY_F0,,45095,test_b,0.11661846946791304,0.18862463341515867,-0.04130150487328628,21,1008,Origin-local observed-channel mean; does not replace pooled main metric
jena,BOLT_TINY_F0,F0,jena_BOLT_TINY_F0,,45119,test_b,0.44453971633691325,0.4957318216703633,-0.21010507923220137,21,1008,Origin-local observed-channel mean; does not replace pooled main metric
jena,BOLT_TINY_F0,F0,jena_BOLT_TINY_F0,,45143,test_b,0.4071204248869601,0.38941772583556095,0.004232300675958261,21,1008,Origin-local observed-channel mean; does not replace pooled main metric
jena,BOLT_TINY_F0,F0,jena_BOLT_TINY_F0,,45167,test_b,0.7033487514802953,0.4035173477253891,-0.10807785822913818,21,1008,Origin-local observed-channel mean; does not replace pooled main metric
jena,BOLT_TINY_F0,F0,jena_BOLT_TINY_F0,,45191,test_b,0.17521351710021468,0.21845152831104184,0.0163520131858864,21,1008,Origin-local observed-channel mean; does not replace pooled main metric
jena,BOLT_TINY_F0,F0,jena_BOLT_TINY_F0,,45215,test_b,0.1692980872979747,0.2639488005910867,0.16175333592515911,21,1008,Origin-local observed-channel mean; does not replace pooled main metric
jena,BOLT_TINY_F0,F0,jena_BOLT_TINY_F0,,45239,test_b,0.09760620814777557,0.14871879382657685,0.004742614039781669,21,1008,Origin-local observed-channel mean; does not replace pooled main metric
jena,BOLT_TINY_F0,F0,jena_BOLT_TINY_F0,,45263,test_b,0.3077582506949896,0.31984495863192325,-0.09277537184670874,21,1008,Origin-local observed-channel mean; does not replace pooled main metric
jena,BOLT_TINY_F0,F0,jena_BOLT_TINY_F0,,45287,test_b,0.23294699062796578,0.2709749617237581,-0.015638020217473177,21,1008,Origin-local observed-channel mean; does not replace pooled main metric
jena,BOLT_TINY_F0,F0,jena_BOLT_TINY_F0,,45311,test_b,0.2714113517220715,0.21544763725435748,-0.04714458428197614,21,1008,Origin-local observed-channel mean; does not replace pooled main metric
jena,BOLT_TINY_F0,F0,jena_BOLT_TINY_F0,,45335,test_b,0.07989684469531394,0.11642338036529958,0.019939138380337562,21,1008,Origin-local observed-channel mean; does not replace pooled main metric
jena,BOLT_TINY_F0,F0,jena_BOLT_TINY_F0,,45359,test_b,0.15301849485984187,0.14723267908289378,-0.05863501484291479,21,1008,Origin-local observed-channel mean; does not replace pooled main metric
jena,BOLT_TINY_F0,F0,jena_BOLT_TINY_F0,,45383,test_b,0.15740167194700888,0.1949591725110261,-0.03999614489166849,21,1008,Origin-local observed-channel mean; does not replace pooled main metric
jena,BOLT_TINY_F0,F0,jena_BOLT_TINY_F0,,45407,test_b,0.18101275631903474,0.2621245032660515,-0.05308225879349583,21,1008,Origin-local observed-channel mean; does not replace pooled main metric
jena,BOLT_TINY_F0,F0,jena_BOLT_TINY_F0,,45431,test_b,0.537775867724633,0.359427011672995,0.0712739795096226,21,1008,Origin-local observed-channel mean; does not replace pooled main metric
jena,BOLT_TINY_F0,F0,jena_BOLT_TINY_F0,,45455,test_b,0.8285210449505019,0.38508542640735705,-0.19007133082304212,21,1008,Origin-local observed-channel mean; does not replace pooled main metric
jena,BOLT_TINY_F0,F0,jena_BOLT_TINY_F0,,45479,test_b,0.4658781022047445,0.2245997343880946,0.06587853287534913,21,1008,Origin-local observed-channel mean; does not replace pooled main metric
jena,BOLT_TINY_F0,F0,jena_BOLT_TINY_F0,,45503,test_b,0.37195205441247914,0.23061703278440365,0.1016435919190126,21,1008,Origin-local observed-channel mean; does not replace pooled main metric
jena,BOLT_TINY_F0,F0,jena_BOLT_TINY_F0,,45527,test_b,0.3099227164307956,0.23647125179937467,-0.07007972926447341,21,1008,Origin-local observed-channel mean; does not replace pooled main metric
jena,BOLT_TINY_F0,F0,jena_BOLT_TINY_F0,,45551,test_b,0.2565046217193864,0.28695290355825,-0.0146020364026631,21,1008,Origin-local observed-channel mean; does not replace pooled main metric
jena,BOLT_TINY_F0,F0,jena_BOLT_TINY_F0,,45575,test_b,0.12802013146672755,0.1703569969857141,0.0073544529621444995,21,1008,Origin-local observed-channel mean; does not replace pooled main metric
jena,BOLT_TINY_F0,F0,jena_BOLT_TINY_F0,,45599,test_b,0.27500844863926416,0.19132230713564374,-0.013555258250100505,21,1008,Origin-local observed-channel mean; does not replace pooled main metric
jena,BOLT_TINY_F0,F0,jena_BOLT_TINY_F0,,45623,test_b,0.17257782743475386,0.16249926286261704,-0.024800204376261382,21,1008,Origin-local observed-channel mean; does not replace pooled main metric
jena,BOLT_TINY_F0,F0,jena_BOLT_TINY_F0,,45647,test_b,0.30831471830752744,0.17538630995263774,-0.11258466626399212,21,1008,Origin-local observed-channel mean; does not replace pooled main metric
jena,BOLT_TINY_F0,F0,jena_BOLT_TINY_F0,,45671,test_b,0.0832981308971634,0.1291370313422429,-0.01458614496218543,21,1008,Origin-local observed-channel mean; does not replace pooled main metric
jena,BOLT_TINY_F0,F0,jena_BOLT_TINY_F0,,45695,test_b,0.10346461385981044,0.20012694164659708,-0.09071640942859212,21,1008,Origin-local observed-channel mean; does not replace pooled main metric
jena,BOLT_TINY_F0,F0,jena_BOLT_TINY_F0,,45719,test_b,0.1041652643845053,0.13215680150888004,-0.046524458375412026,21,1008,Origin-local observed-channel mean; does not replace pooled main metric
jena,BOLT_TINY_F0,F0,jena_BOLT_TINY_F0,,45743,test_b,0.11848007616798084,0.17456075158025627,-0.019179553971514995,21,1008,Origin-local observed-channel mean; does not replace pooled main metric
jena,BOLT_TINY_F0,F0,jena_BOLT_TINY_F0,,45767,test_b,0.0656204286446323,0.14215540250537856,0.05538404681849189,21,1008,Origin-local observed-channel mean; does not replace pooled main metric
jena,BOLT_TINY_F0,F0,jena_BOLT_TINY_F0,,45791,test_b,0.3548059887894455,0.23746878625862008,0.008825843786037287,21,1008,Origin-local observed-channel mean; does not replace pooled main metric
jena,BOLT_TINY_F0,F0,jena_BOLT_TINY_F0,,45815,test_b,0.3286424941126663,0.24614937471628687,-0.0887793863426879,21,1008,Origin-local observed-channel mean; does not replace pooled main metric
jena,BOLT_TINY_F0,F0,jena_BOLT_TINY_F0,,45839,test_b,0.331353876202942,0.3636443587372288,-0.078758826093921,21,1008,Origin-local observed-channel mean; does not replace pooled main metric
jena,BOLT_TINY_F0,F0,jena_BOLT_TINY_F0,,45863,test_b,0.24724381006375185,0.3071143666298552,0.05940928984104434,21,1008,Origin-local observed-channel mean; does not replace pooled main metric
jena,BOLT_TINY_F0,F0,jena_BOLT_TINY_F0,,45887,test_b,0.08186350999537612,0.16265614455845762,-0.09865418755951047,21,1008,Origin-local observed-channel mean; does not replace pooled main metric
jena,BOLT_TINY_F0,F0,jena_BOLT_TINY_F0,,45911,test_b,0.038803098206183544,0.09200008064843652,-0.05196823392172577,21,1008,Origin-local observed-channel mean; does not replace pooled main metric
jena,BOLT_TINY_F0,F0,jena_BOLT_TINY_F0,,45935,test_b,0.018852319985110493,0.0734678388759517,0.011471262193871163,21,1008,Origin-local observed-channel mean; does not replace pooled main metric
jena,BOLT_TINY_F0,F0,jena_BOLT_TINY_F0,,45959,test_b,0.04323637244496412,0.12022112533708829,-0.05507303340663571,21,1008,Origin-local observed-channel mean; does not replace pooled main metric
jena,BOLT_TINY_F0,F0,jena_BOLT_TINY_F0,,45983,test_b,0.11290199132012206,0.23020012678887086,-0.0099784964774107,21,1008,Origin-local observed-channel mean; does not replace pooled main metric
jena,BOLT_TINY_F0,F0,jena_BOLT_TINY_F0,,46007,test_b,0.08003412496679238,0.19149953559445704,0.12089803999443244,21,1008,Origin-local observed-channel mean; does not replace pooled main metric
jena,BOLT_TINY_F0,F0,jena_BOLT_TINY_F0,,46031,test_b,0.030459057393371805,0.09662053123899986,0.03684775928582346,21,1008,Origin-local observed-channel mean; does not replace pooled main metric
jena,BOLT_TINY_F0,F0,jena_BOLT_TINY_F0,,46055,test_b,0.03678520849504056,0.0934031991313936,-0.006081784208719097,21,1008,Origin-local observed-channel mean; does not replace pooled main metric
jena,BOLT_TINY_F0,F0,jena_BOLT_TINY_F0,,46079,test_b,0.037502894891143626,0.08616380168781948,-0.0014023941140972986,21,1008,Origin-local observed-channel mean; does not replace pooled main metric
jena,BOLT_TINY_F0,F0,jena_BOLT_TINY_F0,,46103,test_b,0.109215916550124,0.16396376874636476,-0.02441258528068872,21,1008,Origin-local observed-channel mean; does not replace pooled main metric
jena,BOLT_TINY_F0,F0,jena_BOLT_TINY_F0,,46127,test_b,0.1869592086665521,0.2673535103390422,-0.033165949580420385,21,1008,Origin-local observed-channel mean; does not replace pooled main metric
jena,BOLT_TINY_F0,F0,jena_BOLT_TINY_F0,,46151,test_b,0.03859039469570706,0.11610017154591679,0.05187273415977539,21,1008,Origin-local observed-channel mean; does not replace pooled main metric
jena,BOLT_TINY_F0,F0,jena_BOLT_TINY_F0,,46175,test_b,0.12220555663330308,0.14864593576099394,-0.013407477874554588,21,1008,Origin-local observed-channel mean; does not replace pooled main metric
jena,BOLT_TINY_F0,F0,jena_BOLT_TINY_F0,,46199,test_b,0.24330671203450477,0.19866224916889527,-0.06610700608126492,21,1008,Origin-local observed-channel mean; does not replace pooled main metric
jena,BOLT_TINY_F0,F0,jena_BOLT_TINY_F0,,46223,test_b,0.12288952408658496,0.1545013223753596,-0.06277207304250738,21,1008,Origin-local observed-channel mean; does not replace pooled main metric
jena,BOLT_TINY_F0,F0,jena_BOLT_TINY_F0,,46247,test_b,0.31895666836702163,0.23789115481682407,-0.1834307811792343,21,1008,Origin-local observed-channel mean; does not replace pooled main metric
jena,BOLT_TINY_F0,F0,jena_BOLT_TINY_F0,,46271,test_b,0.29274204581810903,0.25081623999756714,-0.17120213842847282,21,1008,Origin-local observed-channel mean; does not replace pooled main metric
jena,BOLT_TINY_F0,F0,jena_BOLT_TINY_F0,,46295,test_b,0.20916883088299892,0.20623163700702926,0.06324474661463653,21,1008,Origin-local observed-channel mean; does not replace pooled main metric
jena,BOLT_TINY_F0,F0,jena_BOLT_TINY_F0,,46319,test_b,0.18428007516588985,0.19089397970997699,0.04349370270845987,21,1008,Origin-local observed-channel mean; does not replace pooled main metric
jena,BOLT_TINY_F0,F0,jena_BOLT_TINY_F0,,46343,test_b,0.053005832273552086,0.1289604138984855,0.01637525088477156,21,1008,Origin-local observed-channel mean; does not replace pooled main metric
jena,BOLT_TINY_F0,F0,jena_BOLT_TINY_F0,,46367,test_b,0.45277273782546035,0.24049308681943715,-0.10127406681302033,21,1008,Origin-local observed-channel mean; does not replace pooled main metric
jena,BOLT_TINY_F0,F0,jena_BOLT_TINY_F0,,46391,test_b,0.5399239744180592,0.36040601972964065,-0.20425049524044248,21,1008,Origin-local observed-channel mean; does not replace pooled main metric
jena,BOLT_TINY_F0,F0,jena_BOLT_TINY_F0,,46415,test_b,0.18484271904944008,0.2668386748392506,-0.12956042177612534,21,1008,Origin-local observed-channel mean; does not replace pooled main metric
jena,BOLT_TINY_F0,F0,jena_BOLT_TINY_F0,,46439,test_b,0.14180266854429094,0.25517230960614384,0.1520504066277118,21,1008,Origin-local observed-channel mean; does not replace pooled main metric
jena,BOLT_TINY_F0,F0,jena_BOLT_TINY_F0,,46463,test_b,0.2390664152281539,0.31176283257266885,0.11350269727076273,21,1008,Origin-local observed-channel mean; does not replace pooled main metric
jena,BOLT_TINY_F0,F0,jena_BOLT_TINY_F0,,46487,test_b,0.29110063976836964,0.24251084223700062,0.04002630655535513,21,1008,Origin-local observed-channel mean; does not replace pooled main metric
jena,BOLT_TINY_F0,F0,jena_BOLT_TINY_F0,,46511,test_b,0.42151786332520624,0.2372594338791844,-0.05051310082420796,21,1008,Origin-local observed-channel mean; does not replace pooled main metric
jena,BOLT_TINY_F0,F0,jena_BOLT_TINY_F0,,46535,test_b,0.9388781134454911,0.46364125759796915,-0.28839203467910446,21,1008,Origin-local observed-channel mean; does not replace pooled main metric
jena,BOLT_TINY_F0,F0,jena_BOLT_TINY_F0,,46559,test_b,1.7562002006965607,0.7586962080541374,-0.5416269025435148,21,1008,Origin-local observed-channel mean; does not replace pooled main metric
jena,BOLT_TINY_F0,F0,jena_BOLT_TINY_F0,,46583,test_b,0.3313412129100592,0.30466660563324116,-0.0749526430359505,21,1008,Origin-local observed-channel mean; does not replace pooled main metric
jena,BOLT_TINY_F0,F0,jena_BOLT_TINY_F0,,46607,test_b,0.8717368996718665,0.47311825307928856,0.059997182676000606,21,1008,Origin-local observed-channel mean; does not replace pooled main metric
jena,BOLT_TINY_F0,F0,jena_BOLT_TINY_F0,,46631,test_b,0.5572821182591097,0.5079785741242905,0.17494239466309192,21,1008,Origin-local observed-channel mean; does not replace pooled main metric
jena,BOLT_TINY_F0,F0,jena_BOLT_TINY_F0,,46655,test_b,0.579625702577434,0.3002573979865124,0.24298378797931713,21,1008,Origin-local observed-channel mean; does not replace pooled main metric
jena,BOLT_TINY_F0,F0,jena_BOLT_TINY_F0,,46679,test_b,0.09078205762741683,0.16738050620049416,-0.002333260804695622,21,1008,Origin-local observed-channel mean; does not replace pooled main metric
jena,BOLT_TINY_F0,F0,jena_BOLT_TINY_F0,,46703,test_b,0.16470674594072157,0.21869789955096733,-0.09419810109171695,21,1008,Origin-local observed-channel mean; does not replace pooled main metric
jena,BOLT_TINY_F0,F0,jena_BOLT_TINY_F0,,46727,test_b,0.23188247539332213,0.29087455444223165,0.06314396657110173,21,1008,Origin-local observed-channel mean; does not replace pooled main metric
jena,BOLT_TINY_F0,F0,jena_BOLT_TINY_F0,,46751,test_b,0.09628218417988309,0.18216465390241143,0.11793471227856427,21,1008,Origin-local observed-channel mean; does not replace pooled main metric
jena,BOLT_TINY_F0,F0,jena_BOLT_TINY_F0,,46775,test_b,0.0731061752826851,0.16022724758543533,0.015489357561963272,21,1008,Origin-local observed-channel mean; does not replace pooled main metric
jena,BOLT_TINY_F0,F0,jena_BOLT_TINY_F0,,46799,test_b,0.12356183365926784,0.19822656520247822,0.14042711405324684,21,1008,Origin-local observed-channel mean; does not replace pooled main metric
jena,BOLT_TINY_F0,F0,jena_BOLT_TINY_F0,,46823,test_b,0.5042006144465615,0.36235374097674455,0.1595601561215488,21,1008,Origin-local observed-channel mean; does not replace pooled main metric
jena,BOLT_TINY_F0,F0,jena_BOLT_TINY_F0,,46847,test_b,0.27372526484629917,0.29871822372152806,-0.05200033775338577,21,1008,Origin-local observed-channel mean; does not replace pooled main metric
jena,BOLT_TINY_F0,F0,jena_BOLT_TINY_F0,,46871,test_b,0.5929179685176219,0.4106577859468719,0.27018778057459886,21,1008,Origin-local observed-channel mean; does not replace pooled main metric
jena,BOLT_TINY_F0,F0,jena_BOLT_TINY_F0,,46895,test_b,0.07842807124527895,0.1703183739846859,0.08610860909100175,21,1008,Origin-local observed-channel mean; does not replace pooled main metric
jena,BOLT_TINY_F0,F0,jena_BOLT_TINY_F0,,46919,test_b,0.12256317316836834,0.14476816074290713,0.032856212743181026,21,1008,Origin-local observed-channel mean; does not replace pooled main metric
jena,BOLT_TINY_F0,F0,jena_BOLT_TINY_F0,,46943,test_b,0.09703169667889065,0.15022588470610718,-0.054412466366701405,21,1008,Origin-local observed-channel mean; does not replace pooled main metric
jena,BOLT_TINY_F0,F0,jena_BOLT_TINY_F0,,46967,test_b,0.21154824879776762,0.19886525103991892,-0.16033764796353236,21,1008,Origin-local observed-channel mean; does not replace pooled main metric
jena,BOLT_TINY_F0,F0,jena_BOLT_TINY_F0,,46991,test_b,0.3477042714188149,0.3045766235607314,-0.22697977335464817,21,1008,Origin-local observed-channel mean; does not replace pooled main metric
jena,BOLT_TINY_F0,F0,jena_BOLT_TINY_F0,,47015,test_b,0.2828444800402693,0.24522107920971137,-0.06277751012246535,21,1008,Origin-local observed-channel mean; does not replace pooled main metric
jena,BOLT_TINY_F0,F0,jena_BOLT_TINY_F0,,47039,test_b,0.45538029834928473,0.2708469685795347,-0.18051845112460704,21,1008,Origin-local observed-channel mean; does not replace pooled main metric
jena,BOLT_TINY_F0,F0,jena_BOLT_TINY_F0,,47063,test_b,0.2302320828306053,0.24411101148155195,0.06369463953195095,21,1008,Origin-local observed-channel mean; does not replace pooled main metric
jena,BOLT_TINY_F0,F0,jena_BOLT_TINY_F0,,47087,test_b,0.20555043634981618,0.23946451847898845,0.13932435571087617,21,1008,Origin-local observed-channel mean; does not replace pooled main metric
jena,BOLT_TINY_F0,F0,jena_BOLT_TINY_F0,,47111,test_b,0.1571583578781628,0.1915871016778207,0.01173622935450459,21,1008,Origin-local observed-channel mean; does not replace pooled main metric
jena,BOLT_TINY_F0,F0,jena_BOLT_TINY_F0,,47135,test_b,0.20942025693705663,0.28779969265382366,-0.18546073564114823,21,1008,Origin-local observed-channel mean; does not replace pooled main metric
jena,BOLT_TINY_F0,F0,jena_BOLT_TINY_F0,,47159,test_b,0.13384896144519653,0.19736525515419623,-0.02536937089670184,21,1008,Origin-local observed-channel mean; does not replace pooled main metric
jena,BOLT_TINY_F0,F0,jena_BOLT_TINY_F0,,47183,test_b,0.18950910499058587,0.23325767896452432,-0.025744985408621128,21,1008,Origin-local observed-channel mean; does not replace pooled main metric
jena,BOLT_TINY_F0,F0,jena_BOLT_TINY_F0,,47207,test_b,0.4177139171503007,0.3196381406021374,-0.14216996045756206,21,1008,Origin-local observed-channel mean; does not replace pooled main metric
jena,BOLT_TINY_F0,F0,jena_BOLT_TINY_F0,,47231,test_b,0.935205278032639,0.4204209994201255,-0.3499038167128674,21,1008,Origin-local observed-channel mean; does not replace pooled main metric
jena,BOLT_TINY_F0,F0,jena_BOLT_TINY_F0,,47255,test_b,0.8265514330078985,0.4445320396089012,-0.4088870317772099,21,1008,Origin-local observed-channel mean; does not replace pooled main metric
jena,BOLT_TINY_F0,F0,jena_BOLT_TINY_F0,,47279,test_b,0.25963074191428337,0.34342220773110704,-0.17624909123364818,21,1008,Origin-local observed-channel mean; does not replace pooled main metric
jena,BOLT_TINY_F0,F0,jena_BOLT_TINY_F0,,47303,test_b,0.21103868516403793,0.2540043009241402,0.0956244382032021,21,1008,Origin-local observed-channel mean; does not replace pooled main metric
jena,BOLT_TINY_F0,F0,jena_BOLT_TINY_F0,,47327,test_b,0.02861747384362523,0.09451573004445803,0.021824551933922708,21,1008,Origin-local observed-channel mean; does not replace pooled main metric
jena,BOLT_TINY_F0,F0,jena_BOLT_TINY_F0,,47351,test_b,0.0919876657789741,0.17551460421848802,0.027246590935055076,21,1008,Origin-local observed-channel mean; does not replace pooled main metric
jena,BOLT_TINY_F0,F0,jena_BOLT_TINY_F0,,47375,test_b,0.04376599720797472,0.12238375185754395,-0.02711121339413534,21,1008,Origin-local observed-channel mean; does not replace pooled main metric
jena,BOLT_TINY_F0,F0,jena_BOLT_TINY_F0,,47399,test_b,0.1370253592945714,0.22534865600541776,-0.08790417011492997,21,1008,Origin-local observed-channel mean; does not replace pooled main metric
jena,BOLT_TINY_F0,F0,jena_BOLT_TINY_F0,,47423,test_b,0.3369945933318692,0.3975922859028779,-0.20633870409997937,21,1008,Origin-local observed-channel mean; does not replace pooled main metric
jena,BOLT_TINY_F0,F0,jena_BOLT_TINY_F0,,47447,test_b,0.11425844354974683,0.24525173990419025,0.11087449405010649,21,1008,Origin-local observed-channel mean; does not replace pooled main metric
jena,BOLT_TINY_F0,F0,jena_BOLT_TINY_F0,,47471,test_b,0.15466465922588024,0.24548518966831678,0.11518106058596574,21,1008,Origin-local observed-channel mean; does not replace pooled main metric
jena,BOLT_TINY_F0,F0,jena_BOLT_TINY_F0,,47495,test_b,0.6754554641943221,0.4311143565599715,-0.17222380446089247,21,1008,Origin-local observed-channel mean; does not replace pooled main metric
jena,BOLT_TINY_F0,F0,jena_BOLT_TINY_F0,,47519,test_b,0.8423476637976497,0.5456285918228367,-0.058039075748162014,21,1008,Origin-local observed-channel mean; does not replace pooled main metric
jena,BOLT_TINY_F0,F0,jena_BOLT_TINY_F0,,47543,test_b,0.21326060244252948,0.29608820580255096,-0.007836541335910581,21,1008,Origin-local observed-channel mean; does not replace pooled main metric
jena,BOLT_TINY_F0,F0,jena_BOLT_TINY_F0,,47567,test_b,0.15043288825721615,0.25829800871285863,-0.04720220503550659,21,1008,Origin-local observed-channel mean; does not replace pooled main metric
jena,BOLT_TINY_F0,F0,jena_BOLT_TINY_F0,,47591,test_b,0.20867076413855767,0.30177536298484364,0.16911886478919771,21,1008,Origin-local observed-channel mean; does not replace pooled main metric
jena,BOLT_TINY_F0,F0,jena_BOLT_TINY_F0,,47615,test_b,0.10847087147160508,0.2155058313545028,0.06810629304192613,21,1008,Origin-local observed-channel mean; does not replace pooled main metric
jena,BOLT_TINY_F0,F0,jena_BOLT_TINY_F0,,47639,test_b,0.1019498008599557,0.19597198058562798,0.1010561553680057,21,1008,Origin-local observed-channel mean; does not replace pooled main metric
jena,BOLT_TINY_F0,F0,jena_BOLT_TINY_F0,,47663,test_b,0.06328232723304825,0.1508058028809342,0.022086780291006327,21,1008,Origin-local observed-channel mean; does not replace pooled main metric
jena,BOLT_TINY_F0,F0,jena_BOLT_TINY_F0,,47687,test_b,0.16372709224559015,0.2279028949689948,-0.03883418856957366,21,1008,Origin-local observed-channel mean; does not replace pooled main metric
jena,BOLT_TINY_F0,F0,jena_BOLT_TINY_F0,,47711,test_b,0.41747705809498276,0.48597476478492363,-0.2653565100303644,21,1008,Origin-local observed-channel mean; does not replace pooled main metric
jena,BOLT_TINY_F0,F0,jena_BOLT_TINY_F0,,47735,test_b,0.3927497468696971,0.3659456453689407,0.024891097739104192,21,1008,Origin-local observed-channel mean; does not replace pooled main metric
jena,BOLT_TINY_F0,F0,jena_BOLT_TINY_F0,,47759,test_b,0.3011003559161053,0.25963321518107507,-0.16583456520777598,21,1008,Origin-local observed-channel mean; does not replace pooled main metric
jena,BOLT_TINY_F0,F0,jena_BOLT_TINY_F0,,47783,test_b,0.22985703563385365,0.23819640437017778,0.057113421720902224,21,1008,Origin-local observed-channel mean; does not replace pooled main metric
jena,BOLT_TINY_F0,F0,jena_BOLT_TINY_F0,,47807,test_b,0.2584992276316351,0.343639812735048,0.22027873507197776,21,1008,Origin-local observed-channel mean; does not replace pooled main metric
jena,BOLT_TINY_F0,F0,jena_BOLT_TINY_F0,,47831,test_b,0.15300511568735303,0.19010471771218276,-0.12307227912837305,21,1008,Origin-local observed-channel mean; does not replace pooled main metric
jena,BOLT_TINY_F0,F0,jena_BOLT_TINY_F0,,47855,test_b,0.09340368811058222,0.16865902265785807,-0.07623694598840389,21,1008,Origin-local observed-channel mean; does not replace pooled main metric
jena,BOLT_TINY_F0,F0,jena_BOLT_TINY_F0,,47879,test_b,0.08699021179048731,0.158326188293676,0.07641579054169208,21,1008,Origin-local observed-channel mean; does not replace pooled main metric
jena,BOLT_TINY_F0,F0,jena_BOLT_TINY_F0,,47903,test_b,0.03099586582709824,0.08914540206197194,0.033721336451962416,21,1008,Origin-local observed-channel mean; does not replace pooled main metric
jena,BOLT_TINY_F0,F0,jena_BOLT_TINY_F0,,47927,test_b,0.04459789668733493,0.09703758502915404,0.05858109562321924,21,1008,Origin-local observed-channel mean; does not replace pooled main metric
jena,BOLT_TINY_F0,F0,jena_BOLT_TINY_F0,,47951,test_b,0.02792737622908809,0.08341463383043274,0.01951749204281008,21,1008,Origin-local observed-channel mean; does not replace pooled main metric
jena,BOLT_TINY_F0,F0,jena_BOLT_TINY_F0,,47975,test_b,0.12140307134424166,0.15570817085256478,0.03040103563144507,21,1008,Origin-local observed-channel mean; does not replace pooled main metric
jena,BOLT_TINY_F0,F0,jena_BOLT_TINY_F0,,47999,test_b,0.38199486899106766,0.3120991057487175,0.12666358354885776,21,1008,Origin-local observed-channel mean; does not replace pooled main metric
jena,BOLT_TINY_F0,F0,jena_BOLT_TINY_F0,,48023,test_b,0.24558869587737342,0.2521849888275721,0.08807094482402873,21,1008,Origin-local observed-channel mean; does not replace pooled main metric
jena,BOLT_TINY_F0,F0,jena_BOLT_TINY_F0,,48047,test_b,0.27572655295622595,0.26333623235127784,-0.00024079299870960734,21,1008,Origin-local observed-channel mean; does not replace pooled main metric
jena,BOLT_TINY_F0,F0,jena_BOLT_TINY_F0,,48071,test_b,0.2057017099958652,0.22033545329412885,0.10575612648833721,21,1008,Origin-local observed-channel mean; does not replace pooled main metric
jena,BOLT_TINY_F0,F0,jena_BOLT_TINY_F0,,48095,test_b,0.16212657691386656,0.1953199109809088,0.058161147748164485,21,1008,Origin-local observed-channel mean; does not replace pooled main metric
jena,BOLT_TINY_F0,F0,jena_BOLT_TINY_F0,,48119,test_b,0.11064473030733112,0.16895200889190337,-0.016853045024156077,21,1008,Origin-local observed-channel mean; does not replace pooled main metric
jena,BOLT_TINY_F0,F0,jena_BOLT_TINY_F0,,48143,test_b,0.4657169258756733,0.47572045901186,-0.17553365549270344,21,1008,Origin-local observed-channel mean; does not replace pooled main metric
jena,BOLT_TINY_F0,F0,jena_BOLT_TINY_F0,,48167,test_b,0.21521355338351475,0.29952498189589866,0.18185111703265677,21,1008,Origin-local observed-channel mean; does not replace pooled main metric
jena,BOLT_TINY_F0,F0,jena_BOLT_TINY_F0,,48191,test_b,0.11761607671386441,0.2014164822321618,0.04906370117867712,21,1008,Origin-local observed-channel mean; does not replace pooled main metric
jena,BOLT_TINY_F0,F0,jena_BOLT_TINY_F0,,48215,test_b,0.12281384208627966,0.17318837970425008,0.0705533959461184,21,1008,Origin-local observed-channel mean; does not replace pooled main metric
jena,BOLT_TINY_F0,F0,jena_BOLT_TINY_F0,,48239,test_b,0.19318829273821772,0.21401991373637602,0.08204157092416334,21,1008,Origin-local observed-channel mean; does not replace pooled main metric
jena,BOLT_TINY_F0,F0,jena_BOLT_TINY_F0,,48263,test_b,0.2343729264017321,0.2305483190437025,-0.024395525646728596,21,1008,Origin-local observed-channel mean; does not replace pooled main metric
jena,BOLT_TINY_F0,F0,jena_BOLT_TINY_F0,,48287,test_b,0.3936937675254177,0.4480222706345356,-0.25729724428536804,21,1008,Origin-local observed-channel mean; does not replace pooled main metric
jena,BOLT_TINY_F0,F0,jena_BOLT_TINY_F0,,48311,test_b,0.07796625177259937,0.18101297478844053,0.08105844648490448,21,1008,Origin-local observed-channel mean; does not replace pooled main metric
jena,BOLT_TINY_F0,F0,jena_BOLT_TINY_F0,,48335,test_b,0.13835301465933553,0.2584143411577171,-0.00792905545365232,21,1008,Origin-local observed-channel mean; does not replace pooled main metric
jena,BOLT_TINY_F0,F0,jena_BOLT_TINY_F0,,48359,test_b,0.03374337626591945,0.09686654845184724,-0.002046435355464746,21,1008,Origin-local observed-channel mean; does not replace pooled main metric
jena,BOLT_TINY_F0,F0,jena_BOLT_TINY_F0,,48383,test_b,0.033027974651323566,0.10266873013738188,-0.030355295545185013,21,1008,Origin-local observed-channel mean; does not replace pooled main metric
jena,BOLT_TINY_F0,F0,jena_BOLT_TINY_F0,,48407,test_b,0.05906455191078016,0.16420595872119836,-0.052558731821750006,21,1008,Origin-local observed-channel mean; does not replace pooled main metric
jena,BOLT_TINY_F0,F0,jena_BOLT_TINY_F0,,48431,test_b,0.11769086943654308,0.2226323596652715,-0.11670201557082317,21,1008,Origin-local observed-channel mean; does not replace pooled main metric
jena,BOLT_TINY_F0,F0,jena_BOLT_TINY_F0,,48455,test_b,0.2714069776707577,0.30395947185914135,0.10201187593500234,21,1008,Origin-local observed-channel mean; does not replace pooled main metric
jena,BOLT_TINY_F0,F0,jena_BOLT_TINY_F0,,48479,test_b,0.13072607608546752,0.17098193212286647,0.03612145803876162,21,1008,Origin-local observed-channel mean; does not replace pooled main metric
jena,BOLT_TINY_F0,F0,jena_BOLT_TINY_F0,,48503,test_b,0.10775672496274843,0.15052991170096133,-0.0741869798927967,21,1008,Origin-local observed-channel mean; does not replace pooled main metric
jena,BOLT_TINY_F0,F0,jena_BOLT_TINY_F0,,48527,test_b,0.08270059426692333,0.1176811015318399,-0.0288300616204709,21,1008,Origin-local observed-channel mean; does not replace pooled main metric
jena,BOLT_TINY_F0,F0,jena_BOLT_TINY_F0,,48551,test_b,0.11640147277121958,0.15495390231473488,-0.04751916586824265,21,1008,Origin-local observed-channel mean; does not replace pooled main metric
jena,BOLT_TINY_F0,F0,jena_BOLT_TINY_F0,,48575,test_b,0.37025783391704836,0.38036126282716554,-0.21861977573846364,21,1008,Origin-local observed-channel mean; does not replace pooled main metric
jena,BOLT_TINY_F0,F0,jena_BOLT_TINY_F0,,48599,test_b,0.5499470076050033,0.43542208867242266,-0.07109369614310768,21,1008,Origin-local observed-channel mean; does not replace pooled main metric
jena,BOLT_TINY_F0,F0,jena_BOLT_TINY_F0,,48623,test_b,0.19394569119058802,0.24155038592935957,0.014024781687545496,21,1008,Origin-local observed-channel mean; does not replace pooled main metric
jena,BOLT_TINY_F0,F0,jena_BOLT_TINY_F0,,48647,test_b,0.10429529953502155,0.17890692105685865,0.004838789650839605,21,1008,Origin-local observed-channel mean; does not replace pooled main metric
jena,BOLT_TINY_F0,F0,jena_BOLT_TINY_F0,,48671,test_b,0.12461533326349927,0.19592503558427174,-0.05364015401262025,21,1008,Origin-local observed-channel mean; does not replace pooled main metric
jena,BOLT_TINY_F0,F0,jena_BOLT_TINY_F0,,48695,test_b,0.1268589808518548,0.1948356530765378,-0.002020562251259214,21,1008,Origin-local observed-channel mean; does not replace pooled main metric
jena,BOLT_TINY_F0,F0,jena_BOLT_TINY_F0,,48719,test_b,0.08377062572668866,0.17218568226004236,-0.0633148109152985,21,1008,Origin-local observed-channel mean; does not replace pooled main metric
jena,BOLT_TINY_F0,F0,jena_BOLT_TINY_F0,,48743,test_b,0.04892601643616581,0.14786110775065256,0.03548250101321462,21,1008,Origin-local observed-channel mean; does not replace pooled main metric
jena,BOLT_TINY_F0,F0,jena_BOLT_TINY_F0,,48767,test_b,0.01643743772444748,0.07390439813937678,-0.02207068269317027,21,1008,Origin-local observed-channel mean; does not replace pooled main metric
jena,BOLT_TINY_F0,F0,jena_BOLT_TINY_F0,,48791,test_b,0.10999634932888465,0.1358199021506441,0.07977556306656289,21,1008,Origin-local observed-channel mean; does not replace pooled main metric
jena,BOLT_TINY_F0,F0,jena_BOLT_TINY_F0,,48815,test_b,0.2643138619559612,0.3059476530178227,0.1327624885393778,21,1008,Origin-local observed-channel mean; does not replace pooled main metric
jena,BOLT_TINY_F0,F0,jena_BOLT_TINY_F0,,48839,test_b,0.15334472786152492,0.20169766508490922,-0.026973271586549736,21,1008,Origin-local observed-channel mean; does not replace pooled main metric
jena,BOLT_TINY_F0,F0,jena_BOLT_TINY_F0,,48863,test_b,0.4353648248345328,0.44110542372719574,-0.14634353597221123,21,1008,Origin-local observed-channel mean; does not replace pooled main metric
jena,BOLT_TINY_F0,F0,jena_BOLT_TINY_F0,,48887,test_b,0.2777450613912558,0.35573981397742277,0.14032518208737849,21,1008,Origin-local observed-channel mean; does not replace pooled main metric
jena,BOLT_TINY_F0,F0,jena_BOLT_TINY_F0,,48911,test_b,0.11577798218470955,0.15093735625030982,-0.05791072238323053,21,1008,Origin-local observed-channel mean; does not replace pooled main metric
jena,BOLT_TINY_F0,F0,jena_BOLT_TINY_F0,,48935,test_b,0.2186968015084373,0.22892932695558846,-0.06789839536675515,21,1008,Origin-local observed-channel mean; does not replace pooled main metric
jena,BOLT_TINY_F0,F0,jena_BOLT_TINY_F0,,48959,test_b,0.3832048309962088,0.2780513563375858,-0.17052149745134,21,1008,Origin-local observed-channel mean; does not replace pooled main metric
jena,BOLT_TINY_F0,F0,jena_BOLT_TINY_F0,,48983,test_b,0.3504800681851747,0.3024855591590047,-0.10688079959580801,21,1008,Origin-local observed-channel mean; does not replace pooled main metric
jena,BOLT_TINY_F0,F0,jena_BOLT_TINY_F0,,49007,test_b,0.26195425769402164,0.24951977567148523,-0.12509492605218725,21,1008,Origin-local observed-channel mean; does not replace pooled main metric
jena,BOLT_TINY_F0,F0,jena_BOLT_TINY_F0,,49031,test_b,0.5815467685514287,0.34708250793794704,-0.0870395293246792,21,1008,Origin-local observed-channel mean; does not replace pooled main metric
jena,BOLT_TINY_F0,F0,jena_BOLT_TINY_F0,,49055,test_b,0.5862387770884872,0.33591748737718075,-0.21008584843759084,21,1008,Origin-local observed-channel mean; does not replace pooled main metric
jena,BOLT_TINY_F0,F0,jena_BOLT_TINY_F0,,49079,test_b,0.18206425197139822,0.17807373904476648,0.01596552260635357,21,1008,Origin-local observed-channel mean; does not replace pooled main metric
jena,BOLT_TINY_F0,F0,jena_BOLT_TINY_F0,,49103,test_b,0.08578652614506818,0.2058515782692767,0.15455244927371886,21,1008,Origin-local observed-channel mean; does not replace pooled main metric
jena,BOLT_TINY_F0,F0,jena_BOLT_TINY_F0,,49127,test_b,0.17919830427230923,0.1757244940138965,0.028667300117492217,21,1008,Origin-local observed-channel mean; does not replace pooled main metric
jena,BOLT_TINY_F0,F0,jena_BOLT_TINY_F0,,49151,test_b,0.6511807154264261,0.3352476395313196,-0.21729598003453465,21,1008,Origin-local observed-channel mean; does not replace pooled main metric
jena,BOLT_TINY_F0,F0,jena_BOLT_TINY_F0,,49175,test_b,0.671380751729618,0.3186674032901739,-0.1402689447702234,21,1008,Origin-local observed-channel mean; does not replace pooled main metric
jena,BOLT_TINY_F0,F0,jena_BOLT_TINY_F0,,49199,test_b,0.31908264434934014,0.205788098939044,-0.09746629549818675,21,1008,Origin-local observed-channel mean; does not replace pooled main metric
jena,BOLT_TINY_F0,F0,jena_BOLT_TINY_F0,,49223,test_b,0.11904856596806293,0.15626838104891783,0.033393675077980044,21,1008,Origin-local observed-channel mean; does not replace pooled main metric
jena,BOLT_TINY_F0,F0,jena_BOLT_TINY_F0,,49247,test_b,0.20037748917202047,0.22578488702556426,0.049946000638888176,21,1008,Origin-local observed-channel mean; does not replace pooled main metric
jena,BOLT_TINY_F0,F0,jena_BOLT_TINY_F0,,49271,test_b,0.31386556631698376,0.32323609176819446,0.03309423473882137,21,1008,Origin-local observed-channel mean; does not replace pooled main metric
jena,BOLT_TINY_F0,F0,jena_BOLT_TINY_F0,,49295,test_b,0.391405077460215,0.3952905073584545,-0.22825330064173727,21,1008,Origin-local observed-channel mean; does not replace pooled main metric
jena,BOLT_TINY_F0,F0,jena_BOLT_TINY_F0,,49319,test_b,0.5954499941745457,0.40597919777214964,-0.13098721048334566,21,1008,Origin-local observed-channel mean; does not replace pooled main metric
jena,BOLT_TINY_F0,F0,jena_BOLT_TINY_F0,,49343,test_b,0.6228270797434443,0.38355621289034997,-0.06228462087742556,21,1008,Origin-local observed-channel mean; does not replace pooled main metric
jena,BOLT_TINY_F0,F0,jena_BOLT_TINY_F0,,49367,test_b,0.5110559015758023,0.27807893589257243,-0.14071645226240864,21,1008,Origin-local observed-channel mean; does not replace pooled main metric
jena,BOLT_TINY_F0,F0,jena_BOLT_TINY_F0,,49391,test_b,0.2664944791248446,0.19679337700215416,0.0393594373775173,21,1008,Origin-local observed-channel mean; does not replace pooled main metric
jena,BOLT_TINY_F0,F0,jena_BOLT_TINY_F0,,49415,test_b,0.36549903313303256,0.21990524578861714,-0.045413236793441086,21,1008,Origin-local observed-channel mean; does not replace pooled main metric
jena,BOLT_TINY_F0,F0,jena_BOLT_TINY_F0,,49439,test_b,0.168346890938992,0.16447127839210365,0.00912357853089888,21,1008,Origin-local observed-channel mean; does not replace pooled main metric
jena,BOLT_TINY_F0,F0,jena_BOLT_TINY_F0,,49463,test_b,0.30752773199954564,0.22893137106716277,-0.07547900511971897,21,1008,Origin-local observed-channel mean; does not replace pooled main metric
jena,BOLT_TINY_F0,F0,jena_BOLT_TINY_F0,,49487,test_b,0.5541281939880063,0.18920719228123153,-0.13374025591220415,21,1008,Origin-local observed-channel mean; does not replace pooled main metric
jena,BOLT_TINY_F0,F0,jena_BOLT_TINY_F0,,49511,test_b,0.3437964362955446,0.20573731542136228,-0.0830592705483829,21,1008,Origin-local observed-channel mean; does not replace pooled main metric
jena,BOLT_TINY_F0,F0,jena_BOLT_TINY_F0,,49535,test_b,0.18217608455870907,0.15078698031766904,-0.05522458115223028,21,1008,Origin-local observed-channel mean; does not replace pooled main metric
jena,BOLT_TINY_F0,F0,jena_BOLT_TINY_F0,,49559,test_b,0.13152493519225958,0.13126103389668206,-0.03997000902225928,21,1008,Origin-local observed-channel mean; does not replace pooled main metric
jena,BOLT_TINY_F0,F0,jena_BOLT_TINY_F0,,49583,test_b,0.06666209973109216,0.11812747749943464,-0.0021455552732010208,21,1008,Origin-local observed-channel mean; does not replace pooled main metric
jena,BOLT_TINY_F0,F0,jena_BOLT_TINY_F0,,49607,test_b,0.0771411473488245,0.1191756177216857,0.06907550642259477,21,1008,Origin-local observed-channel mean; does not replace pooled main metric
jena,BOLT_TINY_F0,F0,jena_BOLT_TINY_F0,,49631,test_b,0.08977079620664033,0.1252198414747707,0.05434228582788139,21,1008,Origin-local observed-channel mean; does not replace pooled main metric
jena,BOLT_TINY_F0,F0,jena_BOLT_TINY_F0,,49655,test_b,0.10652382691847752,0.12891441863030195,0.08681903851203739,21,1008,Origin-local observed-channel mean; does not replace pooled main metric
jena,BOLT_TINY_F0,F0,jena_BOLT_TINY_F0,,49679,test_b,0.07355607340110003,0.09548632222198185,0.02138333378492721,21,1008,Origin-local observed-channel mean; does not replace pooled main metric
jena,BOLT_TINY_F0,F0,jena_BOLT_TINY_F0,,49703,test_b,0.10190627545305407,0.128411762748978,-0.022124808244702834,21,1008,Origin-local observed-channel mean; does not replace pooled main metric
jena,BOLT_TINY_F0,F0,jena_BOLT_TINY_F0,,49727,test_b,0.29891155430740984,0.2310922325973118,0.010665694806015225,21,1008,Origin-local observed-channel mean; does not replace pooled main metric
jena,BOLT_TINY_F0,F0,jena_BOLT_TINY_F0,,49751,test_b,0.35078771664631575,0.16960123328063342,-0.0780270375895299,21,1008,Origin-local observed-channel mean; does not replace pooled main metric
jena,BOLT_TINY_F0,F0,jena_BOLT_TINY_F0,,49775,test_b,0.49242634731195023,0.22532534176374724,-0.10695191153227201,21,1008,Origin-local observed-channel mean; does not replace pooled main metric
jena,BOLT_TINY_F0,F0,jena_BOLT_TINY_F0,,49799,test_b,0.5325394450688584,0.2144574537242223,-0.12206117815794498,21,1008,Origin-local observed-channel mean; does not replace pooled main metric
jena,BOLT_TINY_F0,F0,jena_BOLT_TINY_F0,,49823,test_b,0.03687390099798774,0.10165190740510643,0.02776855848810917,21,1008,Origin-local observed-channel mean; does not replace pooled main metric
jena,BOLT_TINY_F0,F0,jena_BOLT_TINY_F0,,49847,test_b,0.018341224975564757,0.07214776075459899,0.028112970388657052,21,1008,Origin-local observed-channel mean; does not replace pooled main metric
jena,BOLT_TINY_F0,F0,jena_BOLT_TINY_F0,,49871,test_b,0.05691780360967013,0.09784712041506455,0.004406819866585826,21,1008,Origin-local observed-channel mean; does not replace pooled main metric
jena,BOLT_TINY_F0,F0,jena_BOLT_TINY_F0,,49895,test_b,0.20881405568526515,0.1668536676618729,0.08320449173287858,21,1008,Origin-local observed-channel mean; does not replace pooled main metric
jena,BOLT_TINY_F0,F0,jena_BOLT_TINY_F0,,49919,test_b,0.05260872076331956,0.11217335536558595,-0.023217097371964465,21,1008,Origin-local observed-channel mean; does not replace pooled main metric
jena,BOLT_TINY_F0,F0,jena_BOLT_TINY_F0,,49943,test_b,0.05835819705289099,0.11069705430048679,-0.02910536751964144,21,1008,Origin-local observed-channel mean; does not replace pooled main metric
jena,BOLT_TINY_F0,F0,jena_BOLT_TINY_F0,,49967,test_b,0.019362842303855248,0.06727279298987317,-0.013045094557922325,21,1008,Origin-local observed-channel mean; does not replace pooled main metric
jena,BOLT_TINY_F0,F0,jena_BOLT_TINY_F0,,49991,test_b,0.059187716756469694,0.12102426408565076,-0.025409781329573077,21,1008,Origin-local observed-channel mean; does not replace pooled main metric
jena,BOLT_TINY_F0,F0,jena_BOLT_TINY_F0,,50015,test_b,0.18476590408032223,0.25175431826972355,-0.05999130887415497,21,1008,Origin-local observed-channel mean; does not replace pooled main metric
jena,BOLT_TINY_F0,F0,jena_BOLT_TINY_F0,,50039,test_b,0.1266714787170241,0.24105602326074851,0.027225022489715013,21,1008,Origin-local observed-channel mean; does not replace pooled main metric
jena,BOLT_TINY_F0,F0,jena_BOLT_TINY_F0,,50063,test_b,0.07098835529427903,0.16144980342471088,0.027392404110518312,21,1008,Origin-local observed-channel mean; does not replace pooled main metric
jena,BOLT_TINY_F0,F0,jena_BOLT_TINY_F0,,50087,test_b,0.056285124759758845,0.12075591379544992,0.015121886304693062,21,1008,Origin-local observed-channel mean; does not replace pooled main metric
jena,BOLT_TINY_F0,F0,jena_BOLT_TINY_F0,,50111,test_b,0.05792111985928261,0.1176007424848815,0.061239993215770214,21,1008,Origin-local observed-channel mean; does not replace pooled main metric
jena,BOLT_TINY_F0,F0,jena_BOLT_TINY_F0,,50135,test_b,0.1319038694605163,0.16648010304012884,-0.006026007580600441,21,1008,Origin-local observed-channel mean; does not replace pooled main metric
jena,BOLT_TINY_F0,F0,jena_BOLT_TINY_F0,,50159,test_b,0.1987537023963274,0.21713214932334796,-0.06097255663443653,21,1008,Origin-local observed-channel mean; does not replace pooled main metric
jena,BOLT_TINY_F0,F0,jena_BOLT_TINY_F0,,50183,test_b,0.2981609115544328,0.2694163455457856,-0.08522475659773347,21,1008,Origin-local observed-channel mean; does not replace pooled main metric
jena,BOLT_TINY_F0,F0,jena_BOLT_TINY_F0,,50207,test_b,0.1684792034934174,0.17622976478672908,-0.08961923301969711,21,1008,Origin-local observed-channel mean; does not replace pooled main metric
jena,BOLT_TINY_F0,F0,jena_BOLT_TINY_F0,,50231,test_b,0.29197672617879017,0.22387412910191215,-0.08238479311913825,21,1008,Origin-local observed-channel mean; does not replace pooled main metric
jena,BOLT_TINY_F0,F0,jena_BOLT_TINY_F0,,50255,test_b,0.17048695740644457,0.14276473991025887,-0.06611051442589434,21,1008,Origin-local observed-channel mean; does not replace pooled main metric
jena,BOLT_TINY_F0,F0,jena_BOLT_TINY_F0,,50279,test_b,0.08749280812417179,0.16466338794929294,-0.047493615859287006,21,1008,Origin-local observed-channel mean; does not replace pooled main metric
jena,BOLT_TINY_F0,F0,jena_BOLT_TINY_F0,,50303,test_b,0.35047881998646047,0.3476410493579654,-0.16894664107172822,21,1008,Origin-local observed-channel mean; does not replace pooled main metric
jena,BOLT_TINY_F0,F0,jena_BOLT_TINY_F0,,50327,test_b,0.3843465224138213,0.2875199516258565,-0.174304809929925,21,1008,Origin-local observed-channel mean; does not replace pooled main metric
jena,BOLT_TINY_F0,F0,jena_BOLT_TINY_F0,,50351,test_b,0.06274564347431329,0.16728663965871363,-0.048832192962714134,21,1008,Origin-local observed-channel mean; does not replace pooled main metric
jena,BOLT_TINY_F0,F0,jena_BOLT_TINY_F0,,50375,test_b,0.058356430361035425,0.1424027681893626,-0.023034144545171945,21,1008,Origin-local observed-channel mean; does not replace pooled main metric
jena,BOLT_TINY_F0,F0,jena_BOLT_TINY_F0,,50399,test_b,0.08592903826336558,0.18623018636121524,-0.0938724323385118,21,1008,Origin-local observed-channel mean; does not replace pooled main metric
jena,BOLT_TINY_F0,F0,jena_BOLT_TINY_F0,,50423,test_b,0.07882666027437832,0.14805295842257143,-0.06183423892994936,21,1008,Origin-local observed-channel mean; does not replace pooled main metric
jena,BOLT_TINY_F0,F0,jena_BOLT_TINY_F0,,50447,test_b,0.10043495035590959,0.19397212453051388,-0.08738335706844477,21,1008,Origin-local observed-channel mean; does not replace pooled main metric
jena,BOLT_TINY_F0,F0,jena_BOLT_TINY_F0,,50471,test_b,0.12559743046841362,0.19748145291813424,0.011415545017602174,21,1008,Origin-local observed-channel mean; does not replace pooled main metric
jena,BOLT_TINY_F0,F0,jena_BOLT_TINY_F0,,50495,test_b,0.06985286378185016,0.11418522869208243,-0.04093128854748058,21,1008,Origin-local observed-channel mean; does not replace pooled main metric
jena,BOLT_TINY_F0,F0,jena_BOLT_TINY_F0,,50519,test_b,0.11573997712718793,0.1605989447324978,0.1058733690848991,21,1008,Origin-local observed-channel mean; does not replace pooled main metric
jena,BOLT_TINY_F0,F0,jena_BOLT_TINY_F0,,50543,test_b,0.04463440497023073,0.0943858768991742,0.039874064427966094,21,1008,Origin-local observed-channel mean; does not replace pooled main metric
jena,BOLT_TINY_F0,F0,jena_BOLT_TINY_F0,,50567,test_b,0.06690241597498797,0.13016403028395582,0.029269306681084014,21,1008,Origin-local observed-channel mean; does not replace pooled main metric
jena,BOLT_TINY_F0,F0,jena_BOLT_TINY_F0,,50591,test_b,0.09250297870583564,0.17510654684179278,-0.0852678453035575,21,1008,Origin-local observed-channel mean; does not replace pooled main metric
jena,BOLT_TINY_F0,F0,jena_BOLT_TINY_F0,,50615,test_b,0.08484507968593945,0.20629093951142818,0.06968976517872227,21,1008,Origin-local observed-channel mean; does not replace pooled main metric
jena,BOLT_TINY_F0,F0,jena_BOLT_TINY_F0,,50639,test_b,0.049181635029582005,0.15309312563199673,0.09856070068492537,21,1008,Origin-local observed-channel mean; does not replace pooled main metric
jena,BOLT_TINY_F0,F0,jena_BOLT_TINY_F0,,50663,test_b,0.03905803992540409,0.13335734402235608,0.07491846998429594,21,1008,Origin-local observed-channel mean; does not replace pooled main metric
jena,BOLT_TINY_F0,F0,jena_BOLT_TINY_F0,,50687,test_b,0.03797820657423444,0.13044619980618813,-0.029955133124848727,21,1008,Origin-local observed-channel mean; does not replace pooled main metric
jena,BOLT_TINY_F0,F0,jena_BOLT_TINY_F0,,50711,test_b,0.2387161117445207,0.21979985631823803,-0.06018602258602244,21,1008,Origin-local observed-channel mean; does not replace pooled main metric
jena,BOLT_TINY_F0,F0,jena_BOLT_TINY_F0,,50735,test_b,0.488579850339743,0.3967231095991179,-0.257392879628848,21,1008,Origin-local observed-channel mean; does not replace pooled main metric
jena,BOLT_TINY_F0,F0,jena_BOLT_TINY_F0,,50759,test_b,0.2803626082211864,0.3611412512119199,-0.04265396996353436,21,1008,Origin-local observed-channel mean; does not replace pooled main metric
jena,BOLT_TINY_F0,F0,jena_BOLT_TINY_F0,,50783,test_b,0.1447514600057387,0.1967378392132343,0.05479919263471235,21,1008,Origin-local observed-channel mean; does not replace pooled main metric
jena,BOLT_TINY_F0,F0,jena_BOLT_TINY_F0,,50807,test_b,0.1334112592013297,0.18875427529559285,-0.09131950182078677,21,1008,Origin-local observed-channel mean; does not replace pooled main metric
jena,BOLT_TINY_F0,F0,jena_BOLT_TINY_F0,,50831,test_b,0.33255454397045786,0.2649952950982085,-0.1605415877529017,21,1008,Origin-local observed-channel mean; does not replace pooled main metric
jena,BOLT_TINY_F0,F0,jena_BOLT_TINY_F0,,50855,test_b,0.30245166127537065,0.2240165598367249,-0.13685426267473969,21,1008,Origin-local observed-channel mean; does not replace pooled main metric
jena,BOLT_TINY_F0,F0,jena_BOLT_TINY_F0,,50879,test_b,0.5308607248243266,0.3512470783570611,-0.27958412294688134,21,1008,Origin-local observed-channel mean; does not replace pooled main metric
jena,BOLT_TINY_F0,F0,jena_BOLT_TINY_F0,,50903,test_b,0.5443015155319025,0.34760394769072595,-0.017271653575696135,21,1008,Origin-local observed-channel mean; does not replace pooled main metric
jena,BOLT_TINY_F0,F0,jena_BOLT_TINY_F0,,50927,test_b,0.9127774725368254,0.5774769631462977,0.024348474077192976,21,1008,Origin-local observed-channel mean; does not replace pooled main metric
jena,BOLT_TINY_F0,F0,jena_BOLT_TINY_F0,,50951,test_b,0.2891782417393015,0.334642949775679,0.02056292838512621,21,1008,Origin-local observed-channel mean; does not replace pooled main metric
jena,BOLT_TINY_F0,F0,jena_BOLT_TINY_F0,,50975,test_b,0.05674030812688333,0.10931992023399781,-0.042362394367551626,21,1008,Origin-local observed-channel mean; does not replace pooled main metric
jena,BOLT_TINY_F0,F0,jena_BOLT_TINY_F0,,50999,test_b,0.039616797782273686,0.10439815029450174,-0.02501531446256512,21,1008,Origin-local observed-channel mean; does not replace pooled main metric
jena,BOLT_TINY_F0,F0,jena_BOLT_TINY_F0,,51023,test_b,0.11499248768730265,0.18712181445695775,-0.07199231365181429,21,1008,Origin-local observed-channel mean; does not replace pooled main metric
jena,BOLT_TINY_F0,F0,jena_BOLT_TINY_F0,,51047,test_b,0.10036598337264756,0.1836065059484561,0.0715511901275715,21,1008,Origin-local observed-channel mean; does not replace pooled main metric
jena,BOLT_TINY_F0,F0,jena_BOLT_TINY_F0,,51071,test_b,0.11466738172683343,0.21700272984289487,0.1575283505453771,21,1008,Origin-local observed-channel mean; does not replace pooled main metric
jena,BOLT_TINY_F0,F0,jena_BOLT_TINY_F0,,51095,test_b,0.058363772433574074,0.13308014907832127,0.03316598101128687,21,1008,Origin-local observed-channel mean; does not replace pooled main metric
jena,BOLT_TINY_F0,F0,jena_BOLT_TINY_F0,,51119,test_b,0.14222358355141407,0.19441452856491587,-0.06251740315790465,21,1008,Origin-local observed-channel mean; does not replace pooled main metric
jena,BOLT_TINY_F0,F0,jena_BOLT_TINY_F0,,51143,test_b,0.11670456616337496,0.14473917457969887,-0.09492491462474895,21,1008,Origin-local observed-channel mean; does not replace pooled main metric
jena,BOLT_TINY_F0,F0,jena_BOLT_TINY_F0,,51167,test_b,0.1412176538798114,0.19514260936384312,-0.14773367662888226,21,1008,Origin-local observed-channel mean; does not replace pooled main metric
jena,BOLT_TINY_F0,F0,jena_BOLT_TINY_F0,,51191,test_b,0.0711676563330617,0.1323834780934328,-0.06328641877652921,21,1008,Origin-local observed-channel mean; does not replace pooled main metric
jena,BOLT_TINY_F0,F0,jena_BOLT_TINY_F0,,51215,test_b,0.4392020856524234,0.21712051591400688,-0.12157211874071235,21,1008,Origin-local observed-channel mean; does not replace pooled main metric
jena,BOLT_TINY_F0,F0,jena_BOLT_TINY_F0,,51239,test_b,0.5104024565375268,0.32850934687967454,-0.13649646998254908,21,1008,Origin-local observed-channel mean; does not replace pooled main metric
jena,BOLT_TINY_F0,F0,jena_BOLT_TINY_F0,,51263,test_b,0.07860119763059238,0.14639139765085207,0.004330849831372721,21,1008,Origin-local observed-channel mean; does not replace pooled main metric
jena,BOLT_TINY_F0,F0,jena_BOLT_TINY_F0,,51287,test_b,0.19283034510880634,0.21871925662419506,0.07226840969515107,21,1008,Origin-local observed-channel mean; does not replace pooled main metric
jena,BOLT_TINY_F0,F0,jena_BOLT_TINY_F0,,51311,test_b,0.3557551339360188,0.3055551367491255,-0.01524425514960763,21,1008,Origin-local observed-channel mean; does not replace pooled main metric
jena,BOLT_TINY_F0,F0,jena_BOLT_TINY_F0,,51335,test_b,0.3559770001566114,0.2422419893938774,-0.023974658491271027,21,1008,Origin-local observed-channel mean; does not replace pooled main metric
jena,BOLT_TINY_F0,F0,jena_BOLT_TINY_F0,,51359,test_b,0.18815309610196104,0.18464304369667336,-0.025867444100893207,21,1008,Origin-local observed-channel mean; does not replace pooled main metric
jena,BOLT_TINY_F0,F0,jena_BOLT_TINY_F0,,51383,test_b,0.07267313393598236,0.1262805356481482,0.052829136635871646,21,1008,Origin-local observed-channel mean; does not replace pooled main metric
jena,BOLT_TINY_F0,F0,jena_BOLT_TINY_F0,,51407,test_b,0.11412781423728267,0.15874337402471742,0.06973852845008617,21,1008,Origin-local observed-channel mean; does not replace pooled main metric
jena,BOLT_TINY_F0,F0,jena_BOLT_TINY_F0,,51431,test_b,0.12425203146677921,0.18739727592314703,0.03273793358225485,21,1008,Origin-local observed-channel mean; does not replace pooled main metric
jena,BOLT_TINY_F0,F0,jena_BOLT_TINY_F0,,51455,test_b,0.1921206358244091,0.2601735839781458,-0.1533359009534627,21,1008,Origin-local observed-channel mean; does not replace pooled main metric
jena,BOLT_TINY_F0,F0,jena_BOLT_TINY_F0,,51479,test_b,0.10688361351550668,0.15482250899979605,-0.07676396661912485,21,1008,Origin-local observed-channel mean; does not replace pooled main metric
jena,BOLT_TINY_F0,F0,jena_BOLT_TINY_F0,,51503,test_b,0.07959388535094798,0.13034280326870168,0.007336205779413122,21,1008,Origin-local observed-channel mean; does not replace pooled main metric
jena,BOLT_TINY_F0,F0,jena_BOLT_TINY_F0,,51527,test_b,0.07506350374589743,0.13421440594249856,0.016785013204969883,21,1008,Origin-local observed-channel mean; does not replace pooled main metric
jena,BOLT_TINY_F0,F0,jena_BOLT_TINY_F0,,51551,test_b,0.013872369134865831,0.06373010117328257,0.014572169496941139,21,1008,Origin-local observed-channel mean; does not replace pooled main metric
jena,BOLT_TINY_F0,F0,jena_BOLT_TINY_F0,,51575,test_b,0.0357534873972837,0.10067390421006296,-0.02093650831190485,21,1008,Origin-local observed-channel mean; does not replace pooled main metric
jena,BOLT_TINY_F0,F0,jena_BOLT_TINY_F0,,51599,test_b,0.11372463105849565,0.20610512092441372,-0.0547241204840825,21,1008,Origin-local observed-channel mean; does not replace pooled main metric
jena,BOLT_TINY_F0,F0,jena_BOLT_TINY_F0,,51623,test_b,0.06713837245112285,0.17523012619696804,0.08803257497036986,21,1008,Origin-local observed-channel mean; does not replace pooled main metric
jena,BOLT_TINY_F0,F0,jena_BOLT_TINY_F0,,51647,test_b,0.18711270019626872,0.2165833843657368,0.14150304694455357,21,1008,Origin-local observed-channel mean; does not replace pooled main metric
jena,BOLT_TINY_F0,F0,jena_BOLT_TINY_F0,,51671,test_b,0.20350432678553762,0.22044108219161565,0.08545081819084725,21,1008,Origin-local observed-channel mean; does not replace pooled main metric
jena,BOLT_TINY_F0,F0,jena_BOLT_TINY_F0,,51695,test_b,0.06480523795411765,0.11823776844031517,0.01976684285032134,21,1008,Origin-local observed-channel mean; does not replace pooled main metric
jena,BOLT_TINY_F0,F0,jena_BOLT_TINY_F0,,51719,test_b,0.14331356531075043,0.16897358779267904,0.00641668222854765,21,1008,Origin-local observed-channel mean; does not replace pooled main metric
jena,BOLT_TINY_F0,F0,jena_BOLT_TINY_F0,,51743,test_b,0.24948078110463695,0.29669770936939927,-0.08212571857554381,21,1008,Origin-local observed-channel mean; does not replace pooled main metric
jena,BOLT_TINY_F0,F0,jena_BOLT_TINY_F0,,51767,test_b,0.20160193424902537,0.23226140812686122,-0.06464714067433738,21,1008,Origin-local observed-channel mean; does not replace pooled main metric
jena,BOLT_TINY_F0,F0,jena_BOLT_TINY_F0,,51791,test_b,0.13438212762846932,0.17178251685843515,0.04442010136318414,21,1008,Origin-local observed-channel mean; does not replace pooled main metric
jena,BOLT_TINY_F0,F0,jena_BOLT_TINY_F0,,51815,test_b,0.13512414776358408,0.15690083386993686,-0.04299520332429057,21,1008,Origin-local observed-channel mean; does not replace pooled main metric
jena,BOLT_TINY_F0,F0,jena_BOLT_TINY_F0,,51839,test_b,0.18172855066424015,0.13276911648877318,0.06489385981556206,21,1008,Origin-local observed-channel mean; does not replace pooled main metric
jena,BOLT_TINY_F0,F0,jena_BOLT_TINY_F0,,51863,test_b,0.144837592902075,0.14891186563505068,-0.04077358852835401,21,1008,Origin-local observed-channel mean; does not replace pooled main metric
jena,BOLT_TINY_F0,F0,jena_BOLT_TINY_F0,,51887,test_b,0.1259386020811568,0.1294578912645756,-0.017851259186124752,21,1008,Origin-local observed-channel mean; does not replace pooled main metric
jena,BOLT_TINY_F0,F0,jena_BOLT_TINY_F0,,51911,test_b,0.2051900384817507,0.1843316246688898,0.10253219082877632,21,1008,Origin-local observed-channel mean; does not replace pooled main metric
jena,BOLT_TINY_F0,F0,jena_BOLT_TINY_F0,,51935,test_b,0.10535123022557173,0.1486955067246325,0.013041359971144372,21,1008,Origin-local observed-channel mean; does not replace pooled main metric
jena,BOLT_TINY_F0,F0,jena_BOLT_TINY_F0,,51959,test_b,0.04202253660365708,0.09436215741914653,-0.015984334872059875,21,1008,Origin-local observed-channel mean; does not replace pooled main metric
jena,BOLT_TINY_F0,F0,jena_BOLT_TINY_F0,,51983,test_b,0.06200227916686721,0.1546840403554222,0.09724237926540867,21,1008,Origin-local observed-channel mean; does not replace pooled main metric
jena,BOLT_TINY_F0,F0,jena_BOLT_TINY_F0,,52007,test_b,0.1274058030981145,0.15979000180774916,-0.003060605256847802,21,1008,Origin-local observed-channel mean; does not replace pooled main metric
jena,BOLT_TINY_F0,F0,jena_BOLT_TINY_F0,,52031,test_b,0.2533792024366085,0.25418298994860844,-0.08537778096012068,21,1008,Origin-local observed-channel mean; does not replace pooled main metric
jena,BOLT_TINY_F0,F0,jena_BOLT_TINY_F0,,52055,test_b,0.21684085898019798,0.21268839792404803,-0.019846873887535556,21,1008,Origin-local observed-channel mean; does not replace pooled main metric
jena,BOLT_TINY_F0,F0,jena_BOLT_TINY_F0,,52079,test_b,0.14741044853642313,0.15762108823816692,0.021948888594846405,21,1008,Origin-local observed-channel mean; does not replace pooled main metric
jena,BOLT_TINY_F0,F0,jena_BOLT_TINY_F0,,52103,test_b,0.09393707064857744,0.1422305782029908,0.08454140354805284,21,1008,Origin-local observed-channel mean; does not replace pooled main metric
jena,BOLT_TINY_F0,F0,jena_BOLT_TINY_F0,,52127,test_b,0.07268353298131056,0.10709289272892335,0.03351434146512359,21,1008,Origin-local observed-channel mean; does not replace pooled main metric
jena,BOLT_TINY_F0,F0,jena_BOLT_TINY_F0,,52151,test_b,0.22350342384435087,0.1954727713268117,-0.045705217109542215,21,1008,Origin-local observed-channel mean; does not replace pooled main metric
jena,BOLT_TINY_F0,F0,jena_BOLT_TINY_F0,,52175,test_b,0.46647467742608517,0.4250213509699928,-0.15648154023663316,21,1008,Origin-local observed-channel mean; does not replace pooled main metric
jena,BOLT_TINY_F0,F0,jena_BOLT_TINY_F0,,52199,test_b,0.3284986433636636,0.33587634025671925,0.10030444581680634,21,1008,Origin-local observed-channel mean; does not replace pooled main metric
jena,BOLT_TINY_F0,F0,jena_BOLT_TINY_F0,,52223,test_b,0.3354800506005818,0.31098679704443805,0.1560721713901749,21,1008,Origin-local observed-channel mean; does not replace pooled main metric
jena,BOLT_TINY_F0,F0,jena_BOLT_TINY_F0,,52247,test_b,0.2172466013520166,0.17567123659694242,0.08214257856357901,21,1008,Origin-local observed-channel mean; does not replace pooled main metric
jena,BOLT_TINY_F0,F0,jena_BOLT_TINY_F0,,52271,test_b,0.2274512797576196,0.20914042708537883,0.12520083769535026,21,1008,Origin-local observed-channel mean; does not replace pooled main metric
jena,BOLT_TINY_F0,F0,jena_BOLT_TINY_F0,,52295,test_b,0.1793245404697874,0.18858189804854594,-0.035373450176964055,21,1008,Origin-local observed-channel mean; does not replace pooled main metric
jena,BOLT_TINY_F0,F0,jena_BOLT_TINY_F0,,52319,test_b,0.45586196444274424,0.44761693507828726,-0.24831518277951256,21,1008,Origin-local observed-channel mean; does not replace pooled main metric
jena,BOLT_TINY_F0,F0,jena_BOLT_TINY_F0,,52343,test_b,0.4918781625974028,0.357989008784797,0.0318376078546227,21,1008,Origin-local observed-channel mean; does not replace pooled main metric
jena,BOLT_TINY_F0,F0,jena_BOLT_TINY_F0,,52367,test_b,0.1450971959864257,0.1625229067405656,-0.03628083008770195,21,1008,Origin-local observed-channel mean; does not replace pooled main metric
jena,BOLT_TINY_F0,F0,jena_BOLT_TINY_F0,,52391,test_b,0.0563668217315174,0.09330555717165154,-0.015402926076647066,21,1008,Origin-local observed-channel mean; does not replace pooled main metric
jena,BOLT_TINY_F0,F0,jena_BOLT_TINY_F0,,52415,test_b,0.15853700698694576,0.17127490787589478,0.0493614151297758,21,1008,Origin-local observed-channel mean; does not replace pooled main metric
jena,BOLT_TINY_F0,F0,jena_BOLT_TINY_F0,,52439,test_b,0.2032156450186757,0.18900431481678326,-0.06526563281578193,21,1008,Origin-local observed-channel mean; does not replace pooled main metric
jena,BOLT_TINY_F0,F0,jena_BOLT_TINY_F0,,52463,test_b,0.37985957816425286,0.37758317981841544,-0.12820831681049652,21,1008,Origin-local observed-channel mean; does not replace pooled main metric
jena,BOLT_TINY_F0,F0,jena_BOLT_TINY_F0,,52487,test_b,0.22499033623086734,0.26715756296170945,0.0988098173896553,21,1008,Origin-local observed-channel mean; does not replace pooled main metric
jena,BOLT_TINY_F0,F0,jena_BOLT_TINY_F0,,52511,test_b,0.1598098030234889,0.2089413856895315,0.12694014355333313,21,1008,Origin-local observed-channel mean; does not replace pooled main metric
jena,BOLT_TINY_F0,F0,jena_BOLT_TINY_F0,,52535,test_b,0.18539254326659446,0.15386046733271097,0.00547182212384151,21,1008,Origin-local observed-channel mean; does not replace pooled main metric
jena,BOLT_TINY_F0,F0,jena_BOLT_TINY_F0,,52559,test_b,0.19251759759305465,0.153199075564136,-0.036322665110688726,21,1008,Origin-local observed-channel mean; does not replace pooled main metric
jena,BOLT_TINY_F0,F0,jena_BOLT_TINY_F0,,52583,test_b,0.15320322764028288,0.1750458027944126,-0.05715840692515947,21,1008,Origin-local observed-channel mean; does not replace pooled main metric
jena,BOLT_TINY_F0,F0,jena_BOLT_TINY_F0,,52607,test_b,0.3423495118681524,0.42026820341319154,-0.2354979125107454,21,1008,Origin-local observed-channel mean; does not replace pooled main metric
jena,BOLT_TINY_F0,F0,jena_BOLT_TINY_F0,,52631,test_b,0.10212732111378912,0.20903500278435538,0.08368366991184994,21,1008,Origin-local observed-channel mean; does not replace pooled main metric
jena,BOLT_TINY_F0,F0,jena_BOLT_TINY_F0,,52655,test_b,0.15430138855485726,0.1678403930272907,-0.009429160701406621,21,1008,Origin-local observed-channel mean; does not replace pooled main metric
