dataset,method,original_method,id,seed,period,channel_index,channel,mse,mae,signed_mean_error,squared_error_sum,absolute_error_sum,signed_error_sum,target_count
robin,BOLT_SMALL_LEVEL,LEVEL,v6_robin_level_res_92601,92601,test_a,0,Robin_office_Addie,0.4460881432013618,0.49440961464230593,0.019852611076809506,856.4892349466147,949.2664601132274,38.11701326747425,1920
robin,BOLT_SMALL_LEVEL,LEVEL,v6_robin_level_res_92601,92601,test_a,1,Robin_office_Adolph,0.37123210513947863,0.45551652397067904,0.05683719007647596,712.765641867799,874.5917260237038,109.12740494683385,1920
robin,BOLT_SMALL_LEVEL,LEVEL,v6_robin_level_res_92601,92601,test_a,2,Robin_office_Antonina,0.1317532973189143,0.27040018745174166,-0.018769041239283978,252.96633085231545,519.168359907344,-36.03655917942524,1920
robin,BOLT_SMALL_LEVEL,LEVEL,v6_robin_level_res_92601,92601,test_a,3,Robin_office_Dina,0.541097462164069,0.45479487721750045,0.18641277083952446,1038.9071273550123,873.2061642576009,357.91252001188695,1920
robin,BOLT_SMALL_LEVEL,LEVEL,v6_robin_level_res_92601,92601,test_a,4,Robin_office_Donald,1.0383420783164212,0.5695056908301884,0.3867271087601656,1993.6167903675287,1093.4509263939617,742.5160488195179,1920
robin,BOLT_SMALL_LEVEL,LEVEL,v6_robin_level_res_92601,92601,test_a,5,Robin_office_Erma,0.14716901523632672,0.2535075972492147,0.0489691537800051,282.5645092537473,486.7345867184922,94.02077525760978,1920
robin,BOLT_SMALL_LEVEL,LEVEL,v6_robin_level_res_92601,92601,test_a,6,Robin_office_Gayle,0.21630047568275285,0.3484163237934505,-0.007213141479102584,415.2969133108855,668.959341683425,-13.849231639876962,1920
robin,BOLT_SMALL_LEVEL,LEVEL,v6_robin_level_res_92601,92601,test_a,7,Robin_office_Lindsay,0.02132342571942972,0.10047075250186026,-0.009525156781698267,40.94097738130506,192.9038448035717,-18.288301020860672,1920
robin,BOLT_SMALL_LEVEL,LEVEL,v6_robin_level_res_92601,92601,test_a,8,Robin_office_Maryann,0.09280701801336357,0.21018060581748918,-0.021560088943321412,178.18947458565805,403.5467631695792,-41.39537077117711,1920
robin,BOLT_SMALL_LEVEL,LEVEL,v6_robin_level_res_92601,92601,test_a,9,Robin_office_Sammie,0.1979672966312125,0.3516840620090079,0.06952968742577165,380.097209531928,675.2333990572952,133.49699985748157,1920
robin,BOLT_SMALL_LEVEL,LEVEL,v6_robin_level_res_92601,92601,test_a,10,Robin_office_Saul,0.1995682280510304,0.3247843809813882,0.01030541889485903,383.17099785797836,623.5860114842653,19.78640427812934,1920
robin,BOLT_SMALL_LEVEL,LEVEL,v6_robin_level_res_92601,92601,test_a,11,Robin_office_Serena,0.09813228495949655,0.2325004962645835,-0.06916147133858128,188.41398712223338,446.4009528280003,-132.79002497007605,1920
robin,BOLT_SMALL_LEVEL,LEVEL,v6_robin_level_res_92601,92601,test_a,12,Robin_office_Shirlene,0.20612434433492702,0.3239895182545297,0.014944212943858778,395.75874112305985,622.059875048697,28.692888852208853,1920
robin,BOLT_SMALL_LEVEL,LEVEL,v6_robin_level_res_92601,92601,test_a,13,Robin_office_Soledad,0.29175957039634376,0.37625711859339694,-0.05638218690486004,560.1783751609801,722.4136676993221,-108.25379885733128,1920
robin,BOLT_SMALL_LEVEL,LEVEL,v6_robin_level_res_92601,92601,test_a,14,Robin_office_Victor,0.19192996394363954,0.2850051722839453,-0.054043223982838146,368.5055307717879,547.209930785175,-103.76299004704924,1920
robin,BOLT_SMALL_LEVEL,LEVEL,v6_robin_level_res_92601,92601,test_a,15,Robin_office_Wai,0.060699274936829174,0.17131757091071145,-0.05796828506548384,116.54260787871202,328.929736148566,-111.29910732572898,1920
robin,BOLT_SMALL_LEVEL,LEVEL,v6_robin_level_res_92601,92601,test_a,16,Robin_office_Zelma,0.4014010960460364,0.4221202892464741,0.01105937516161551,770.6901044083899,810.4709553532302,21.23400031030178,1920
robin,BOLT_SMALL_LEVEL,LEVEL,v6_robin_level_res_92601,92601,test_b,0,Robin_office_Addie,0.5183094871199605,0.5493196743340074,-0.03354695462746046,995.1542152703241,1054.6937747212942,-64.41015288472408,1920
robin,BOLT_SMALL_LEVEL,LEVEL,v6_robin_level_res_92601,92601,test_b,1,Robin_office_Adolph,0.27765313376362655,0.36785361488030804,0.09006701928992697,533.0940168261629,706.2789405701915,172.9286770366598,1920
robin,BOLT_SMALL_LEVEL,LEVEL,v6_robin_level_res_92601,92601,test_b,2,Robin_office_Antonina,0.17522755783993196,0.29186434519021226,-0.09482066180983868,336.43691105266936,560.3795427652076,-182.05567067489028,1920
robin,BOLT_SMALL_LEVEL,LEVEL,v6_robin_level_res_92601,92601,test_b,3,Robin_office_Dina,0.15745680221823516,0.2580661064411591,0.03296313713944983,302.3170602590115,495.4869243670255,63.28922330774367,1920
robin,BOLT_SMALL_LEVEL,LEVEL,v6_robin_level_res_92601,92601,test_b,4,Robin_office_Donald,1.2132491725071122,0.5913286663245116,-0.3665556648399388,2329.4384112136554,1135.3510393430624,-703.7868764926825,1920
robin,BOLT_SMALL_LEVEL,LEVEL,v6_robin_level_res_92601,92601,test_b,5,Robin_office_Erma,0.06961354245225738,0.18687646325609725,-0.025119052323861978,133.65800150833417,358.8028094517067,-48.228580461815,1920
robin,BOLT_SMALL_LEVEL,LEVEL,v6_robin_level_res_92601,92601,test_b,6,Robin_office_Gayle,0.21505174537871113,0.3104864703316707,0.04726895383209921,412.8993511271254,596.1340230368078,90.75639135763049,1920
robin,BOLT_SMALL_LEVEL,LEVEL,v6_robin_level_res_92601,92601,test_b,7,Robin_office_Lindsay,0.016426694992570528,0.09377730777487159,0.037855912030984956,31.539254385735415,180.05243092775345,72.68335109949112,1920
robin,BOLT_SMALL_LEVEL,LEVEL,v6_robin_level_res_92601,92601,test_b,8,Robin_office_Maryann,0.1354066507706668,0.2546975984538828,-0.07152318287699018,259.98076947968025,489.0193890314549,-137.32451112382114,1920
robin,BOLT_SMALL_LEVEL,LEVEL,v6_robin_level_res_92601,92601,test_b,9,Robin_office_Sammie,0.3074024422220428,0.4135228160118762,-0.038552686924231236,590.2126890663222,793.9638067428023,-74.02115889452398,1920
robin,BOLT_SMALL_LEVEL,LEVEL,v6_robin_level_res_92601,92601,test_b,10,Robin_office_Saul,0.5263030901373503,0.45642246113857254,0.20552027601661393,1010.5019330637126,876.3311253860593,394.59892995189875,1920
robin,BOLT_SMALL_LEVEL,LEVEL,v6_robin_level_res_92601,92601,test_b,11,Robin_office_Serena,0.11141564472336879,0.24511406968716376,-0.06785661348015613,213.91803786886808,470.61901379935443,-130.28469788189977,1920
robin,BOLT_SMALL_LEVEL,LEVEL,v6_robin_level_res_92601,92601,test_b,12,Robin_office_Shirlene,0.20519820284480467,0.30044102760536284,0.0240819600430162,393.98054946202495,576.8467730022967,46.237363282591105,1920
robin,BOLT_SMALL_LEVEL,LEVEL,v6_robin_level_res_92601,92601,test_b,13,Robin_office_Soledad,0.21591718330653017,0.28995839349160263,0.028274152456074796,414.12915758192486,556.1401987168938,54.22982441075146,1918
robin,BOLT_SMALL_LEVEL,LEVEL,v6_robin_level_res_92601,92601,test_b,14,Robin_office_Victor,0.18576602361213126,0.2666743406252863,-0.018221028849863312,356.670765335292,512.0147340005497,-34.98437539173756,1920
robin,BOLT_SMALL_LEVEL,LEVEL,v6_robin_level_res_92601,92601,test_b,15,Robin_office_Wai,0.10807878868769114,0.20591899411568496,-0.06491863960594249,207.511274280367,395.3644687021151,-124.64378804340959,1920
robin,BOLT_SMALL_LEVEL,LEVEL,v6_robin_level_res_92601,92601,test_b,16,Robin_office_Zelma,0.25808818930908684,0.3036624897028863,0.051014660212482944,495.52932347344677,583.0319802295417,97.94814760796726,1920
robin,BOLT_SMALL_LEVEL,LEVEL,v6_robin_level_res_92601,92601,combined,0,Robin_office_Addie,0.4821988151606612,0.5218646444881566,-0.006847171775325478,1851.643450216939,2003.9602348345215,-26.293139617249835,3840
robin,BOLT_SMALL_LEVEL,LEVEL,v6_robin_level_res_92601,92601,combined,1,Robin_office_Adolph,0.3244426194515526,0.41168506942549354,0.07345210468320147,1245.859658693962,1580.8706665938953,282.05608198349364,3840
robin,BOLT_SMALL_LEVEL,LEVEL,v6_robin_level_res_92601,92601,combined,2,Robin_office_Antonina,0.15349042757942305,0.281132266320977,-0.05679485152456133,589.4032419049845,1079.5479026725516,-218.09222985431552,3840
robin,BOLT_SMALL_LEVEL,LEVEL,v6_robin_level_res_92601,92601,combined,3,Robin_office_Dina,0.349277132191152,0.3564304918293298,0.10968795398948714,1341.2241876140235,1368.6930886246264,421.2017433196306,3840
robin,BOLT_SMALL_LEVEL,LEVEL,v6_robin_level_res_92601,92601,combined,4,Robin_office_Donald,1.1257956254117665,0.5804171785773501,0.010085721960113385,4323.055201581184,2228.801965737024,38.729172326835396,3840
robin,BOLT_SMALL_LEVEL,LEVEL,v6_robin_level_res_92601,92601,combined,5,Robin_office_Erma,0.10839127884429202,0.22019203025265596,0.01192505072807156,416.22251076208136,845.5373961701989,45.792194795794785,3840
robin,BOLT_SMALL_LEVEL,LEVEL,v6_robin_level_res_92601,92601,combined,6,Robin_office_Gayle,0.215676110530732,0.3294513970625606,0.020027906176498314,828.1962644380109,1265.0933647202328,76.90715971775353,3840
robin,BOLT_SMALL_LEVEL,LEVEL,v6_robin_level_res_92601,92601,combined,7,Robin_office_Lindsay,0.01887506035600012,0.09712403013836593,0.014165377624643346,72.48023176704046,372.95627573132515,54.39505007863045,3840
robin,BOLT_SMALL_LEVEL,LEVEL,v6_robin_level_res_92601,92601,combined,8,Robin_office_Maryann,0.11410683439201517,0.23243910213568597,-0.046541635910155796,438.1702440653383,892.5661522010341,-178.71988189499825,3840
robin,BOLT_SMALL_LEVEL,LEVEL,v6_robin_level_res_92601,92601,combined,9,Robin_office_Sammie,0.2526848694266276,0.382603439010442,0.015488500250770205,970.30989859825,1469.1972058000974,59.47584096295759,3840
robin,BOLT_SMALL_LEVEL,LEVEL,v6_robin_level_res_92601,92601,combined,10,Robin_office_Saul,0.36293565909419034,0.39060342105998036,0.10791284745573648,1393.672930921691,1499.9171368703246,414.3853342300281,3840
robin,BOLT_SMALL_LEVEL,LEVEL,v6_robin_level_res_92601,92601,combined,11,Robin_office_Serena,0.10477396484143266,0.23880728297587364,-0.0685090424093687,402.3320249911014,917.0199666273547,-263.0747228519758,3840
robin,BOLT_SMALL_LEVEL,LEVEL,v6_robin_level_res_92601,92601,combined,12,Robin_office_Shirlene,0.20566127358986583,0.3122152729299463,0.019513086493437488,789.7392905850847,1198.9066480509937,74.93025213479996,3840
robin,BOLT_SMALL_LEVEL,LEVEL,v6_robin_level_res_92601,92601,combined,13,Robin_office_Soledad,0.25385813776521765,0.3331302413799416,-0.014076074634335543,974.3075327429054,1278.553866416216,-54.023974446579814,3838
robin,BOLT_SMALL_LEVEL,LEVEL,v6_robin_level_res_92601,92601,combined,14,Robin_office_Victor,0.18884799377788536,0.2758397564546158,-0.03613212641635073,725.1762961070798,1059.2246647857246,-138.7473654387868,3840
robin,BOLT_SMALL_LEVEL,LEVEL,v6_robin_level_res_92601,92601,combined,15,Robin_office_Wai,0.08438903181226018,0.1886182825131982,-0.06144346233571317,324.0538821590791,724.2942048506811,-235.94289536913857,3840
robin,BOLT_SMALL_LEVEL,LEVEL,v6_robin_level_res_92601,92601,combined,16,Robin_office_Zelma,0.32974464267756154,0.3628913894746802,0.03103701768704923,1266.2194278818363,1393.502935582772,119.18214791826904,3840
robin,BOLT_SMALL_LEVEL,LEVEL,v6_robin_level_res_92602,92602,test_a,0,Robin_office_Addie,0.44432253640484,0.4916851704891087,0.00881201248812431,853.0992698972927,944.0355273390887,16.919063977198675,1920
robin,BOLT_SMALL_LEVEL,LEVEL,v6_robin_level_res_92602,92602,test_a,1,Robin_office_Adolph,0.3722798257461823,0.45773204778670334,0.051928102281332635,714.77726543267,878.8455317504704,99.70195638015866,1920
robin,BOLT_SMALL_LEVEL,LEVEL,v6_robin_level_res_92602,92602,test_a,2,Robin_office_Antonina,0.13309792222311737,0.2717344277203665,-0.012153112123390505,255.54801066838536,521.7301012231037,-23.33397527690977,1920
robin,BOLT_SMALL_LEVEL,LEVEL,v6_robin_level_res_92602,92602,test_a,3,Robin_office_Dina,0.537790390930626,0.4580283778089021,0.1918693992124948,1032.5575505868019,879.414485393092,368.38924648799,1920
robin,BOLT_SMALL_LEVEL,LEVEL,v6_robin_level_res_92602,92602,test_a,4,Robin_office_Donald,1.043853363207609,0.5658690948392139,0.40360731220219276,2004.1984573586092,1086.4686620912908,774.9260394282101,1920
robin,BOLT_SMALL_LEVEL,LEVEL,v6_robin_level_res_92602,92602,test_a,5,Robin_office_Erma,0.14755807755931097,0.25406244881790674,0.04663518675758193,283.31150891387705,487.79990173038095,89.5395585745573,1920
robin,BOLT_SMALL_LEVEL,LEVEL,v6_robin_level_res_92602,92602,test_a,6,Robin_office_Gayle,0.2170266568532205,0.34903928477870066,-0.016418103494409784,416.6911811581834,670.1554267751053,-31.522758709266782,1920
robin,BOLT_SMALL_LEVEL,LEVEL,v6_robin_level_res_92602,92602,test_a,7,Robin_office_Lindsay,0.021032347037956853,0.09991326361584167,-0.010855981288477779,40.382106312877156,191.833466142416,-20.843484073877335,1920
robin,BOLT_SMALL_LEVEL,LEVEL,v6_robin_level_res_92602,92602,test_a,8,Robin_office_Maryann,0.09198347806739506,0.2091493061700021,-0.01759388248756295,176.6082778893985,401.566667846404,-33.780254376120865,1920
robin,BOLT_SMALL_LEVEL,LEVEL,v6_robin_level_res_92602,92602,test_a,9,Robin_office_Sammie,0.19623661912837542,0.3506390950363614,0.07312790795695037,376.7743087264808,673.227062469814,140.4055832773447,1920
robin,BOLT_SMALL_LEVEL,LEVEL,v6_robin_level_res_92602,92602,test_a,10,Robin_office_Saul,0.19897420879802183,0.32348907845201513,0.0031448125179546573,382.0304808922019,621.0990306278691,6.038040034472942,1920
robin,BOLT_SMALL_LEVEL,LEVEL,v6_robin_level_res_92602,92602,test_a,11,Robin_office_Serena,0.09662392170809482,0.23144520682884226,-0.06348717017948123,185.51792967954205,444.3747971113771,-121.89536674460396,1920
robin,BOLT_SMALL_LEVEL,LEVEL,v6_robin_level_res_92602,92602,test_a,12,Robin_office_Shirlene,0.20573012729247966,0.32283524016384035,0.0005063954566139727,395.00184440156096,619.8436611145735,0.9722792766988277,1920
robin,BOLT_SMALL_LEVEL,LEVEL,v6_robin_level_res_92602,92602,test_a,13,Robin_office_Soledad,0.29015240824356625,0.37631776893977076,-0.05081745508602277,557.0926238276472,722.5301163643599,-97.56951376516372,1920
robin,BOLT_SMALL_LEVEL,LEVEL,v6_robin_level_res_92602,92602,test_a,14,Robin_office_Victor,0.1904273827620754,0.281923809289007,-0.06082728689886305,365.6205749031848,541.2937138348934,-116.78839084581705,1920
robin,BOLT_SMALL_LEVEL,LEVEL,v6_robin_level_res_92602,92602,test_a,15,Robin_office_Wai,0.06058566933993833,0.17146289553978325,-0.057809612755227134,116.32448513268159,329.20875943638384,-110.9944564900361,1920
robin,BOLT_SMALL_LEVEL,LEVEL,v6_robin_level_res_92602,92602,test_a,16,Robin_office_Zelma,0.4036558543311326,0.42322269969833237,0.01716007163146666,775.0192403157746,812.5875834207982,32.947337532415986,1920
robin,BOLT_SMALL_LEVEL,LEVEL,v6_robin_level_res_92602,92602,test_b,0,Robin_office_Addie,0.5221974753386557,0.5523406276802234,-0.04978370810498139,1002.6191526502189,1060.494005146029,-95.58471956156427,1920
robin,BOLT_SMALL_LEVEL,LEVEL,v6_robin_level_res_92602,92602,test_b,1,Robin_office_Adolph,0.27188168475084873,0.36394264944253035,0.08568892872802583,522.0128347216296,698.7698869296582,164.5227431578096,1920
robin,BOLT_SMALL_LEVEL,LEVEL,v6_robin_level_res_92602,92602,test_b,2,Robin_office_Antonina,0.17532150521930648,0.2931657350428092,-0.08649407617970913,336.6172900210684,562.8782112821937,-166.06862626504153,1920
robin,BOLT_SMALL_LEVEL,LEVEL,v6_robin_level_res_92602,92602,test_b,3,Robin_office_Dina,0.15732364909206853,0.2578949205490062,0.039544215878898586,302.0614062567716,495.1582474540919,75.92489448748529,1920
robin,BOLT_SMALL_LEVEL,LEVEL,v6_robin_level_res_92602,92602,test_b,4,Robin_office_Donald,1.2472942403326042,0.614234746406881,-0.3937206268274243,2394.8049414386,1179.3307131012116,-755.9436035086546,1920
robin,BOLT_SMALL_LEVEL,LEVEL,v6_robin_level_res_92602,92602,test_b,5,Robin_office_Erma,0.06941691108900336,0.18786591995182486,-0.02662486787958187,133.28046929088646,360.70256630750373,-51.11974632879719,1920
robin,BOLT_SMALL_LEVEL,LEVEL,v6_robin_level_res_92602,92602,test_b,6,Robin_office_Gayle,0.2124792664459912,0.3079504726115071,0.039946181514339214,407.9601915763031,591.2649074140936,76.69666850753129,1920
robin,BOLT_SMALL_LEVEL,LEVEL,v6_robin_level_res_92602,92602,test_b,7,Robin_office_Lindsay,0.015846430670538314,0.09205138000349204,0.03316501080989838,30.425146887433563,176.7386496067047,63.67682075500488,1920
robin,BOLT_SMALL_LEVEL,LEVEL,v6_robin_level_res_92602,92602,test_b,8,Robin_office_Maryann,0.1328878454082111,0.2520621013895531,-0.0666394195354466,255.14466318376532,483.9592346679419,-127.94768550805748,1920
robin,BOLT_SMALL_LEVEL,LEVEL,v6_robin_level_res_92602,92602,test_b,9,Robin_office_Sammie,0.3059513437916014,0.41523511386452205,-0.016596310157183325,587.4265800798746,797.2514186198823,-31.864915501791984,1920
robin,BOLT_SMALL_LEVEL,LEVEL,v6_robin_level_res_92602,92602,test_b,10,Robin_office_Saul,0.5222876242391787,0.4559688922056618,0.20589179783661773,1002.7922385392233,875.4602730348706,395.312251846306,1920
robin,BOLT_SMALL_LEVEL,LEVEL,v6_robin_level_res_92602,92602,test_b,11,Robin_office_Serena,0.11055370337698357,0.2454597604451313,-0.06732394774783947,212.26311048380845,471.2827400546521,-129.26197967585176,1920
robin,BOLT_SMALL_LEVEL,LEVEL,v6_robin_level_res_92602,92602,test_b,12,Robin_office_Shirlene,0.20379513072858077,0.3005874767472657,0.03468752568781686,391.2866509988751,577.1279553547502,66.60004932060838,1920
robin,BOLT_SMALL_LEVEL,LEVEL,v6_robin_level_res_92602,92602,test_b,13,Robin_office_Soledad,0.2128007312748204,0.2877132644866155,0.03468219116932253,408.15180258510554,551.8340412853286,66.52044266276062,1918
robin,BOLT_SMALL_LEVEL,LEVEL,v6_robin_level_res_92602,92602,test_b,14,Robin_office_Victor,0.18532147589927417,0.26633726402681834,-0.020223134354758563,355.8172337266064,511.36754693149123,-38.82841796113644,1920
robin,BOLT_SMALL_LEVEL,LEVEL,v6_robin_level_res_92602,92602,test_b,15,Robin_office_Wai,0.1072117162349605,0.20582421595415024,-0.06509651287342422,205.84649517112416,395.18249463196844,-124.9853047169745,1920
robin,BOLT_SMALL_LEVEL,LEVEL,v6_robin_level_res_92602,92602,test_b,16,Robin_office_Zelma,0.2590772584916425,0.3042170701238016,0.05165781231868702,497.4283363039536,584.0967746376991,99.18299965187907,1920
robin,BOLT_SMALL_LEVEL,LEVEL,v6_robin_level_res_92602,92602,combined,0,Robin_office_Addie,0.48326000587174794,0.5220128990846661,-0.02048584780842854,1855.718422547512,2004.5295324851177,-78.6656555843656,3840
robin,BOLT_SMALL_LEVEL,LEVEL,v6_robin_level_res_92602,92602,combined,1,Robin_office_Adolph,0.32208075524851537,0.41083734861461685,0.06880851550467923,1236.7901001542991,1577.6154186801286,264.22469953796826,3840
robin,BOLT_SMALL_LEVEL,LEVEL,v6_robin_level_res_92602,92602,combined,2,Robin_office_Antonina,0.15420971372121192,0.28245008138158784,-0.04932359415154982,592.1653006894538,1084.6083125052974,-189.4026015419513,3840
robin,BOLT_SMALL_LEVEL,LEVEL,v6_robin_level_res_92602,92602,combined,3,Robin_office_Dina,0.3475570200113472,0.3579616491789542,0.11570680754569669,1334.6189568435732,1374.572732847184,444.3141409754753,3840
robin,BOLT_SMALL_LEVEL,LEVEL,v6_robin_level_res_92602,92602,combined,4,Robin_office_Donald,1.1455738017701065,0.5900519206230475,0.004943342687384226,4399.003398797209,2265.7993751925023,18.982435919555428,3840
robin,BOLT_SMALL_LEVEL,LEVEL,v6_robin_level_res_92602,92602,combined,5,Robin_office_Erma,0.10848749432415715,0.2209641843848658,0.010005159439000029,416.59197820476345,848.5024680378847,38.41981224576011,3840
robin,BOLT_SMALL_LEVEL,LEVEL,v6_robin_level_res_92602,92602,combined,6,Robin_office_Gayle,0.21475296164960583,0.3284948786951039,0.011764039009964715,824.6513727344864,1261.420334189199,45.1739097982645,3840
robin,BOLT_SMALL_LEVEL,LEVEL,v6_robin_level_res_92602,92602,combined,7,Robin_office_Lindsay,0.018439388854247583,0.09598232180966686,0.0111545147607103,70.80725320031073,368.5721157491207,42.83333668112755,3840
robin,BOLT_SMALL_LEVEL,LEVEL,v6_robin_level_res_92602,92602,combined,8,Robin_office_Maryann,0.11243566173780306,0.2306057037797776,-0.042116651011504774,431.75294107316375,885.525902514346,-161.72793988417834,3840
robin,BOLT_SMALL_LEVEL,LEVEL,v6_robin_level_res_92602,92602,combined,9,Robin_office_Sammie,0.25109398145998846,0.38293710445044177,0.02826579889988352,964.2008888063556,1470.4784810896963,108.54066777555272,3840
robin,BOLT_SMALL_LEVEL,LEVEL,v6_robin_level_res_92602,92602,combined,10,Robin_office_Saul,0.36063091651860046,0.3897289853288385,0.10451830517728619,1384.8227194314259,1496.5593036627397,401.35029188077897,3840
robin,BOLT_SMALL_LEVEL,LEVEL,v6_robin_level_res_92602,92602,combined,11,Robin_office_Serena,0.1035888125425392,0.23845248363698676,-0.06540555896366035,397.7810401633505,915.6575371660292,-251.15734642045572,3840
robin,BOLT_SMALL_LEVEL,LEVEL,v6_robin_level_res_92602,92602,combined,12,Robin_office_Shirlene,0.20476262901053024,0.31171135845555303,0.01759696057221542,786.2884954004361,1196.9716164693236,67.5723285973072,3840
robin,BOLT_SMALL_LEVEL,LEVEL,v6_robin_level_res_92602,92602,combined,13,Robin_office_Soledad,0.25149672392203054,0.33203860282691205,-0.008089909093903884,965.2444264127531,1274.3641576496884,-31.049071102403104,3838
robin,BOLT_SMALL_LEVEL,LEVEL,v6_robin_level_res_92602,92602,combined,14,Robin_office_Victor,0.18787442933067475,0.27413053665791265,-0.040525210626810804,721.437808629791,1052.6612607663847,-155.6168088069535,3840
robin,BOLT_SMALL_LEVEL,LEVEL,v6_robin_level_res_92602,92602,combined,15,Robin_office_Wai,0.08389869278744944,0.18864355574696673,-0.06145306281432568,322.17098030380583,724.3912540683523,-235.9797612070106,3840
robin,BOLT_SMALL_LEVEL,LEVEL,v6_robin_level_res_92602,92602,combined,16,Robin_office_Zelma,0.33136655641138757,0.363719884911067,0.03440894197507684,1272.4475766197284,1396.6843580584973,132.13033718429506,3840
robin,BOLT_SMALL_F0,F0,v6_robin_f0,,test_a,0,Robin_office_Addie,0.46426505256765327,0.48382292990039183,-0.033823506035332684,891.3889009298942,928.9400254087523,-64.94113158783875,1920
robin,BOLT_SMALL_F0,F0,v6_robin_f0,,test_a,1,Robin_office_Adolph,0.32161636613741046,0.42905410009746753,0.08134194293331044,617.503422983828,823.7838721871376,156.17653043195605,1920
robin,BOLT_SMALL_F0,F0,v6_robin_f0,,test_a,2,Robin_office_Antonina,0.13713804369290478,0.27556517796019764,0.012358277477990972,263.3050438903772,529.0851416835794,23.727892757742666,1920
robin,BOLT_SMALL_F0,F0,v6_robin_f0,,test_a,3,Robin_office_Dina,0.4049771526478139,0.36886828926605325,0.07872718099097256,777.5561330838027,708.2271153908223,151.1561875026673,1920
robin,BOLT_SMALL_F0,F0,v6_robin_f0,,test_a,4,Robin_office_Donald,0.5513038186907249,0.27649791428544856,0.1610332786031563,1058.5033318861917,530.8759954280613,309.1838949180601,1920
robin,BOLT_SMALL_F0,F0,v6_robin_f0,,test_a,5,Robin_office_Erma,0.1354900400151708,0.2170045720631606,0.038019222330573636,260.14087682912793,416.64877836126834,72.99690687470138,1920
robin,BOLT_SMALL_F0,F0,v6_robin_f0,,test_a,6,Robin_office_Gayle,0.2985323912789287,0.3619232706880818,-0.007380486616360334,573.1821912555431,694.892679721117,-14.170534303411841,1920
robin,BOLT_SMALL_F0,F0,v6_robin_f0,,test_a,7,Robin_office_Lindsay,1.3026616822268503e-14,1.0927518208821614e-07,1.0927518208821614e-07,2.5011104298755527e-11,0.000209808349609375,0.000209808349609375,1920
robin,BOLT_SMALL_F0,F0,v6_robin_f0,,test_a,8,Robin_office_Maryann,0.08205247973282942,0.17723178072628798,-0.005494567777592844,157.54076108703248,340.2850189944729,-10.54957013297826,1920
robin,BOLT_SMALL_F0,F0,v6_robin_f0,,test_a,9,Robin_office_Sammie,0.1783844586857461,0.32785223776348477,0.023784620653168533,342.4981606766325,629.4762965058908,45.66647165408358,1920
robin,BOLT_SMALL_F0,F0,v6_robin_f0,,test_a,10,Robin_office_Saul,0.20372863038741715,0.3227154775260715,0.009963824266257386,391.1589703438409,619.6137168500572,19.13054259121418,1920
robin,BOLT_SMALL_F0,F0,v6_robin_f0,,test_a,11,Robin_office_Serena,0.10831905637733688,0.2286360677064901,-0.048384589930113485,207.97258824448681,438.981249996461,-92.89841266581789,1920
robin,BOLT_SMALL_F0,F0,v6_robin_f0,,test_a,12,Robin_office_Shirlene,0.18128444920068346,0.28359844899581127,0.0205827537283767,348.0661424653122,544.5090220719576,39.51888715848327,1920
robin,BOLT_SMALL_F0,F0,v6_robin_f0,,test_a,13,Robin_office_Soledad,0.2690880114486944,0.3266729532556686,-0.034639141988009214,516.6489819814932,627.2120702508837,-66.50715261697769,1920
robin,BOLT_SMALL_F0,F0,v6_robin_f0,,test_a,14,Robin_office_Victor,0.1310436729906916,0.20268243008549688,0.004549755702555558,251.60385214212792,389.150265764154,8.735530948906671,1920
robin,BOLT_SMALL_F0,F0,v6_robin_f0,,test_a,15,Robin_office_Wai,0.05602722918339764,0.14856340605280519,-0.030180471953887414,107.57228003212347,285.24173962138593,-57.946506151463836,1920
robin,BOLT_SMALL_F0,F0,v6_robin_f0,,test_a,16,Robin_office_Zelma,0.4129081639362846,0.38142369558997113,0.0345765470199088,792.7836747576664,732.3334955327446,66.38697027822491,1920
robin,BOLT_SMALL_F0,F0,v6_robin_f0,,test_b,0,Robin_office_Addie,0.4833500328085038,0.514646970285412,-0.08517175100887471,928.0320629923273,988.122182947991,-163.52976193703944,1920
robin,BOLT_SMALL_F0,F0,v6_robin_f0,,test_b,1,Robin_office_Adolph,0.1728588140375211,0.25953639248873517,0.04517231786994671,331.8889229520405,498.3098735783715,86.73085031029768,1920
robin,BOLT_SMALL_F0,F0,v6_robin_f0,,test_b,2,Robin_office_Antonina,0.09625810383850339,0.22613844256217513,-0.08644856181781506,184.81555936992652,434.18580971937627,-165.98123869020492,1920
robin,BOLT_SMALL_F0,F0,v6_robin_f0,,test_b,3,Robin_office_Dina,0.1613583904218159,0.2203516321935846,0.016751672963922222,309.8081096098865,423.07513381168246,32.16321209073067,1920
robin,BOLT_SMALL_F0,F0,v6_robin_f0,,test_b,4,Robin_office_Donald,1.009955793724743,0.3278614472134677,-0.07410492367368988,1939.1151239515066,629.493978649858,-142.28145345348457,1920
robin,BOLT_SMALL_F0,F0,v6_robin_f0,,test_b,5,Robin_office_Erma,0.02066229190845581,0.1093223948405163,-0.01608509025876022,39.671600464235155,209.8989980937913,-30.883373296819627,1920
robin,BOLT_SMALL_F0,F0,v6_robin_f0,,test_b,6,Robin_office_Gayle,0.2372701802554177,0.2860751627769787,0.03924802163382992,455.558746090402,549.2643125317991,75.35620153695345,1920
robin,BOLT_SMALL_F0,F0,v6_robin_f0,,test_b,7,Robin_office_Lindsay,1.3026616822268503e-14,1.0927518208821614e-07,1.0927518208821614e-07,2.5011104298755527e-11,0.000209808349609375,0.000209808349609375,1920
robin,BOLT_SMALL_F0,F0,v6_robin_f0,,test_b,8,Robin_office_Maryann,0.07064041838742205,0.19242528518952895,-0.0595768287263733,135.62960330385033,369.4565475638956,-114.38751115463674,1920
robin,BOLT_SMALL_F0,F0,v6_robin_f0,,test_b,9,Robin_office_Sammie,0.22796191638710095,0.30697813724691514,-0.02957787551470877,437.6868794632338,589.3980235140771,-56.78952098824084,1920
robin,BOLT_SMALL_F0,F0,v6_robin_f0,,test_b,10,Robin_office_Saul,0.34146938469652593,0.33215088575767976,0.05282220799078156,655.6212186173298,637.7297006547451,101.4186393423006,1920
robin,BOLT_SMALL_F0,F0,v6_robin_f0,,test_b,11,Robin_office_Serena,0.09140706633939341,0.2232800202660049,-0.07091618524427759,175.50156737163536,428.69763891072944,-136.15907566901296,1920
robin,BOLT_SMALL_F0,F0,v6_robin_f0,,test_b,12,Robin_office_Shirlene,0.19425791967616082,0.23549321458752578,0.02460089898086153,372.97520577822877,452.1469720080495,47.23372604325414,1920
robin,BOLT_SMALL_F0,F0,v6_robin_f0,,test_b,13,Robin_office_Soledad,0.18089804311533367,0.22960482939895208,0.008706733892255146,346.96244669520996,440.3820627871901,16.69951560534537,1918
robin,BOLT_SMALL_F0,F0,v6_robin_f0,,test_b,14,Robin_office_Victor,0.20095472663987263,0.21279039489872958,0.004914421523850857,385.83307514855545,408.5575582055608,9.435689325793646,1920
robin,BOLT_SMALL_F0,F0,v6_robin_f0,,test_b,15,Robin_office_Wai,0.07367337175864572,0.1698048708603892,-0.04281397813271421,141.45287377659977,326.02535205194727,-82.20283801481128,1920
robin,BOLT_SMALL_F0,F0,v6_robin_f0,,test_b,16,Robin_office_Zelma,0.29005891936547024,0.2518904043924219,0.051098827881893766,556.9131251817029,483.62957643345,98.10974953323603,1920
robin,BOLT_SMALL_F0,F0,v6_robin_f0,,combined,0,Robin_office_Addie,0.4738075426880784,0.49923495009290186,-0.0594976285221037,1819.420963922221,1917.0622083567432,-228.4708935248782,3840
robin,BOLT_SMALL_F0,F0,v6_robin_f0,,combined,1,Robin_office_Adolph,0.2472375900874657,0.3442952462931013,0.06325713040162857,949.3923459358683,1322.093745765509,242.90738074225374,3840
robin,BOLT_SMALL_F0,F0,v6_robin_f0,,combined,2,Robin_office_Antonina,0.11669807376570406,0.25085181026118636,-0.037045142169912046,448.1206032603036,963.2709514029557,-142.25334593246225,3840
robin,BOLT_SMALL_F0,F0,v6_robin_f0,,combined,3,Robin_office_Dina,0.2831677715348148,0.29460996072981893,0.04773942697744739,1087.364242693689,1131.3022492025048,183.31939959339797,3840
robin,BOLT_SMALL_F0,F0,v6_robin_f0,,combined,4,Robin_office_Donald,0.7806298062077341,0.30217968074945817,0.04346417746473321,2997.618455837699,1160.3699740779193,166.90244146457553,3840
robin,BOLT_SMALL_F0,F0,v6_robin_f0,,combined,5,Robin_office_Erma,0.0780761659618133,0.16316348345183845,0.010967066035906707,299.8124772933631,626.5477764550596,42.11353357788175,3840
robin,BOLT_SMALL_F0,F0,v6_robin_f0,,combined,6,Robin_office_Gayle,0.26790128576717326,0.32399921673253024,0.015933767508734795,1028.7409373459452,1244.156992252916,61.18566723354161,3840
robin,BOLT_SMALL_F0,F0,v6_robin_f0,,combined,7,Robin_office_Lindsay,1.3026616822268503e-14,1.0927518208821614e-07,1.0927518208821614e-07,5.002220859751105e-11,0.00041961669921875,0.00041961669921875,3840
robin,BOLT_SMALL_F0,F0,v6_robin_f0,,combined,8,Robin_office_Maryann,0.0763464490601257,0.18482853295790846,-0.032535698251983075,293.1703643908827,709.7415665583685,-124.937081287615,3840
robin,BOLT_SMALL_F0,F0,v6_robin_f0,,combined,9,Robin_office_Sammie,0.20317318753642352,0.3174151875052,-0.0028966274307701194,780.1850401398664,1218.8743200199679,-11.123049334157258,3840
robin,BOLT_SMALL_F0,F0,v6_robin_f0,,combined,10,Robin_office_Saul,0.2725990075419714,0.3274331816418756,0.031393016128519476,1046.7801889611703,1257.3434175048023,120.54918193351477,3840
robin,BOLT_SMALL_F0,F0,v6_robin_f0,,combined,11,Robin_office_Serena,0.09986306135836516,0.2259580439862475,-0.059650387587195534,383.47415561612223,867.6788889071904,-229.05748833483085,3840
robin,BOLT_SMALL_F0,F0,v6_robin_f0,,combined,12,Robin_office_Shirlene,0.18777118443842214,0.2595458317916685,0.022591826354619114,721.041348243541,996.6559940800071,86.7526132017374,3840
robin,BOLT_SMALL_F0,F0,v6_robin_f0,,combined,13,Robin_office_Soledad,0.22501600538736405,0.2781641826571323,-0.012977497918611861,863.6114286767032,1067.5941330380738,-49.80763701163232,3838
robin,BOLT_SMALL_F0,F0,v6_robin_f0,,combined,14,Robin_office_Victor,0.16599919981528208,0.20773641249211322,0.004732088613203208,637.4369272906832,797.7078239697148,18.171220274700318,3840
robin,BOLT_SMALL_F0,F0,v6_robin_f0,,combined,15,Robin_office_Wai,0.0648503004710217,0.15918413845659718,-0.03649722504330081,249.0251538087233,611.2670916733332,-140.1493441662751,3840
robin,BOLT_SMALL_F0,F0,v6_robin_f0,,combined,16,Robin_office_Zelma,0.3514835416508776,0.3166570499911965,0.04283768745090129,1349.6967999393698,1215.9630719661945,164.49671981146093,3840
robin,BOLT_MINI_F0,F0,robin_BOLT_MINI_F0,,test_a,0,Robin_office_Addie,0.45320511867664,0.48358837829140006,-0.029666684416952194,870.1538278591488,928.4896863194881,-56.96003408054821,1920
robin,BOLT_MINI_F0,F0,robin_BOLT_MINI_F0,,test_a,1,Robin_office_Adolph,0.30630136600074853,0.4175366637917856,-0.004023066374550884,588.0986227214372,801.6703944802284,-7.724287439137697,1920
robin,BOLT_MINI_F0,F0,robin_BOLT_MINI_F0,,test_a,2,Robin_office_Antonina,0.1361209362601894,0.2762293372177131,-0.011505866084674684,261.35219761956364,530.3603274580091,-22.091262882575393,1920
robin,BOLT_MINI_F0,F0,robin_BOLT_MINI_F0,,test_a,3,Robin_office_Dina,0.4255825456669644,0.37994540328218135,0.05777459481323603,817.1184876805717,729.4951743017882,110.92722204141319,1920
robin,BOLT_MINI_F0,F0,robin_BOLT_MINI_F0,,test_a,4,Robin_office_Donald,0.45755868413963596,0.2528269231090197,0.12576763206197558,878.512673548101,485.4276923693178,241.47385355899314,1920
robin,BOLT_MINI_F0,F0,robin_BOLT_MINI_F0,,test_a,5,Robin_office_Erma,0.13718113084274436,0.22634634322700245,0.02301693943348558,263.3877712180692,434.5849789958447,44.192523712292314,1920
robin,BOLT_MINI_F0,F0,robin_BOLT_MINI_F0,,test_a,6,Robin_office_Gayle,0.2767525388935335,0.3532945078118549,-0.006921355988015421,531.3648746755844,678.3254549987614,-13.289003496989608,1920
robin,BOLT_MINI_F0,F0,robin_BOLT_MINI_F0,,test_a,7,Robin_office_Lindsay,1.4210854715202004e-14,1.1920928955078125e-07,1.1920928955078125e-07,2.7284841053187847e-11,0.0002288818359375,0.0002288818359375,1920
robin,BOLT_MINI_F0,F0,robin_BOLT_MINI_F0,,test_a,8,Robin_office_Maryann,0.08459977374430411,0.1860546142993068,-0.02742300989969711,162.4315655890639,357.22485945466906,-52.652179007418454,1920
robin,BOLT_MINI_F0,F0,robin_BOLT_MINI_F0,,test_a,9,Robin_office_Sammie,0.17492908043393315,0.327058281073793,0.018738734389141126,335.8638344331517,627.9518996616825,35.97837002715096,1920
robin,BOLT_MINI_F0,F0,robin_BOLT_MINI_F0,,test_a,10,Robin_office_Saul,0.19037394847762848,0.3088256108754043,0.011261249838086466,365.51798107704667,592.9451728807762,21.621599689126015,1920
robin,BOLT_MINI_F0,F0,robin_BOLT_MINI_F0,,test_a,11,Robin_office_Serena,0.10984616408737476,0.23373785905447828,-0.05570644648493423,210.90463504775954,448.7766893845983,-106.95637725107372,1920
robin,BOLT_MINI_F0,F0,robin_BOLT_MINI_F0,,test_a,12,Robin_office_Shirlene,0.17527389352063139,0.27917965727004534,0.005653248849557713,336.52587555961225,536.024941958487,10.854237791150808,1920
robin,BOLT_MINI_F0,F0,robin_BOLT_MINI_F0,,test_a,13,Robin_office_Soledad,0.2703780571544527,0.327726738047204,-0.02562092710286379,519.1258697365491,629.2353370506316,-49.192180037498474,1920
robin,BOLT_MINI_F0,F0,robin_BOLT_MINI_F0,,test_a,14,Robin_office_Victor,0.13261979881090863,0.20919730024012703,-0.018935972552966026,254.63001371694457,401.6588164610439,-36.35706730169477,1920
robin,BOLT_MINI_F0,F0,robin_BOLT_MINI_F0,,test_a,15,Robin_office_Wai,0.0623002712337712,0.1605846292154941,-0.0470284820231124,119.6165207688407,308.3224880937487,-90.2946854843758,1920
robin,BOLT_MINI_F0,F0,robin_BOLT_MINI_F0,,test_a,16,Robin_office_Zelma,0.4794898652624254,0.4076927985125318,0.049505206233152424,920.6205413038567,782.7701731440611,95.04999596765265,1920
robin,BOLT_MINI_F0,F0,robin_BOLT_MINI_F0,,test_b,0,Robin_office_Addie,0.45842393250901275,0.5013448711103592,-0.09280028027936472,880.1739504173045,962.5821525318897,-178.17653813638026,1920
robin,BOLT_MINI_F0,F0,robin_BOLT_MINI_F0,,test_b,1,Robin_office_Adolph,0.17448532663637117,0.2629020409645212,0.03682086512041375,335.01182714183267,504.7719186518807,70.6960610311944,1920
robin,BOLT_MINI_F0,F0,robin_BOLT_MINI_F0,,test_b,2,Robin_office_Antonina,0.10727414038795212,0.24031114181610366,-0.09610769126884407,205.96634954486808,461.39739228691906,-184.5267672361806,1920
robin,BOLT_MINI_F0,F0,robin_BOLT_MINI_F0,,test_b,3,Robin_office_Dina,0.16202125166866774,0.22444896933351022,0.011068997660186142,311.08080320384204,430.94202112033963,21.252475507557392,1920
robin,BOLT_MINI_F0,F0,robin_BOLT_MINI_F0,,test_b,4,Robin_office_Donald,1.040455645537917,0.3426209477710245,-0.11407261644127023,1997.6748394328006,657.832219720367,-219.01942356723885,1920
robin,BOLT_MINI_F0,F0,robin_BOLT_MINI_F0,,test_b,5,Robin_office_Erma,0.02134194832510829,0.10985150681129502,-0.01943396803641614,40.97654078420792,210.91489307768643,-37.31321862991899,1920
robin,BOLT_MINI_F0,F0,robin_BOLT_MINI_F0,,test_b,6,Robin_office_Gayle,0.22577378480961077,0.283986104260354,0.0289378512573118,433.4856668344527,545.2533201798797,55.56067441403866,1920
robin,BOLT_MINI_F0,F0,robin_BOLT_MINI_F0,,test_b,7,Robin_office_Lindsay,1.4210854715202004e-14,1.1920928955078125e-07,1.1920928955078125e-07,2.7284841053187847e-11,0.0002288818359375,0.0002288818359375,1920
robin,BOLT_MINI_F0,F0,robin_BOLT_MINI_F0,,test_b,8,Robin_office_Maryann,0.0750153487820648,0.20077882990590296,-0.07736914903992632,144.0294696615644,385.4953534193337,-148.54876615665853,1920
robin,BOLT_MINI_F0,F0,robin_BOLT_MINI_F0,,test_b,9,Robin_office_Sammie,0.23119338850560997,0.3158264434421047,-0.033032127536716874,443.8913059307711,606.386771408841,-63.42168487049639,1920
robin,BOLT_MINI_F0,F0,robin_BOLT_MINI_F0,,test_b,10,Robin_office_Saul,0.3341055659681177,0.3287801858231736,0.0386292878902168,641.482686658786,631.2579567804933,74.16823274921626,1920
robin,BOLT_MINI_F0,F0,robin_BOLT_MINI_F0,,test_b,11,Robin_office_Serena,0.10131736268531805,0.2351564660857548,-0.08794935058055368,194.52933635581064,451.5004148846492,-168.86275311466306,1920
robin,BOLT_MINI_F0,F0,robin_BOLT_MINI_F0,,test_b,12,Robin_office_Shirlene,0.1979950608692181,0.23377563458828565,0.01390680218852746,380.1505168688987,448.84921840950847,26.701060201972723,1920
robin,BOLT_MINI_F0,F0,robin_BOLT_MINI_F0,,test_b,13,Robin_office_Soledad,0.18846503740076775,0.23276335241154567,0.020441354343685107,361.4759417346726,446.4401099253446,39.206517631188035,1918
robin,BOLT_MINI_F0,F0,robin_BOLT_MINI_F0,,test_b,14,Robin_office_Victor,0.19817229727972083,0.22776333499962978,-0.023505526375871947,380.490810777064,437.3056031992892,-45.13061064167414,1920
robin,BOLT_MINI_F0,F0,robin_BOLT_MINI_F0,,test_b,15,Robin_office_Wai,0.08423196479005762,0.18169101515450164,-0.05179404928931035,161.72537239691064,348.8467490966432,-99.44457463547587,1920
robin,BOLT_MINI_F0,F0,robin_BOLT_MINI_F0,,test_b,16,Robin_office_Zelma,0.2668033344289676,0.24817296316614373,0.0394872170756571,512.2624021036178,476.492089278996,75.81545678526163,1920
robin,BOLT_MINI_F0,F0,robin_BOLT_MINI_F0,,combined,0,Robin_office_Addie,0.45581452559282654,0.49246662470087965,-0.06123348234815846,1750.327778276454,1891.0718388513778,-235.13657221692847,3840
robin,BOLT_MINI_F0,F0,robin_BOLT_MINI_F0,,combined,1,Robin_office_Adolph,0.24039334631855985,0.34021935237815343,0.016398899372931434,923.1104498632699,1306.4423131321091,62.97177359205671,3840
robin,BOLT_MINI_F0,F0,robin_BOLT_MINI_F0,,combined,2,Robin_office_Antonina,0.12169753832407076,0.25827023951690836,-0.05380677867675938,467.3185471644317,991.7577197449282,-206.618030118756,3840
robin,BOLT_MINI_F0,F0,robin_BOLT_MINI_F0,,combined,3,Robin_office_Dina,0.29380189866781603,0.3021971863078458,0.034421796236711086,1128.1992908844136,1160.4371954221278,132.17969754897058,3840
robin,BOLT_MINI_F0,F0,robin_BOLT_MINI_F0,,combined,4,Robin_office_Donald,0.7490071648387767,0.29772393544002207,0.005847507810352681,2876.1875129809027,1143.2599120896848,22.454429991754296,3840
robin,BOLT_MINI_F0,F0,robin_BOLT_MINI_F0,,combined,5,Robin_office_Erma,0.07926153958392629,0.16809892501914875,0.001791485698534719,304.36431200227696,645.4998720735312,6.879305082373321,3840
robin,BOLT_MINI_F0,F0,robin_BOLT_MINI_F0,,combined,6,Robin_office_Gayle,0.2512631618515721,0.31864030603610444,0.01100824763464819,964.8505415100368,1223.578775178641,42.27167091704905,3840
robin,BOLT_MINI_F0,F0,robin_BOLT_MINI_F0,,combined,7,Robin_office_Lindsay,1.4210854715202004e-14,1.1920928955078125e-07,1.1920928955078125e-07,5.4569682106375694e-11,0.000457763671875,0.000457763671875,3840
robin,BOLT_MINI_F0,F0,robin_BOLT_MINI_F0,,combined,8,Robin_office_Maryann,0.07980756126318449,0.19341672210260488,-0.052396079469811715,306.4610352506284,742.7202128740028,-201.20094516407698,3840
robin,BOLT_MINI_F0,F0,robin_BOLT_MINI_F0,,combined,9,Robin_office_Sammie,0.20306123446977162,0.32144236225794887,-0.007146696573787873,779.755140363923,1234.3386710705236,-27.443314843345433,3840
robin,BOLT_MINI_F0,F0,robin_BOLT_MINI_F0,,combined,10,Robin_office_Saul,0.26223975722287307,0.31880289834928893,0.024945268864151635,1007.0006677358326,1224.2031296612695,95.78983243834227,3840
robin,BOLT_MINI_F0,F0,robin_BOLT_MINI_F0,,combined,11,Robin_office_Serena,0.10558176338634634,0.23444716257011652,-0.07182789853274395,405.43397140356996,900.2771042692475,-275.8191303657368,3840
robin,BOLT_MINI_F0,F0,robin_BOLT_MINI_F0,,combined,12,Robin_office_Shirlene,0.1866344771949247,0.2564776459291655,0.009780025519042586,716.6763924285109,984.8741603679955,37.55529799312353,3840
robin,BOLT_MINI_F0,F0,robin_BOLT_MINI_F0,,combined,13,Robin_office_Soledad,0.229442889909125,0.2802697881646629,-0.0026017880162351324,880.6018114712218,1075.6754469759762,-9.985662406310439,3838
robin,BOLT_MINI_F0,F0,robin_BOLT_MINI_F0,,combined,14,Robin_office_Victor,0.1653960480453147,0.2184803176198784,-0.021220749464418986,635.1208244940084,838.9644196603331,-81.48767794336891,3840
robin,BOLT_MINI_F0,F0,robin_BOLT_MINI_F0,,combined,15,Robin_office_Wai,0.07326611801191439,0.17113782218499787,-0.04941126565621137,281.3418931657513,657.1692371903919,-189.73926011985168,3840
robin,BOLT_MINI_F0,F0,robin_BOLT_MINI_F0,,combined,16,Robin_office_Zelma,0.37314659984569654,0.3279328808393378,0.04449621165440476,1432.8829434074746,1259.262262423057,170.86545275291428,3840
robin,BOLT_TINY_F0,F0,robin_BOLT_TINY_F0,,test_a,0,Robin_office_Addie,0.4549509272727679,0.48227961493012117,-0.03371788344993547,873.5057803637144,925.9768606658326,-64.7383362238761,1920
robin,BOLT_TINY_F0,F0,robin_BOLT_TINY_F0,,test_a,1,Robin_office_Adolph,0.321276507934856,0.4273683834898596,0.022287124059706304,616.8508952349235,820.5472963005304,42.79127819463611,1920
robin,BOLT_TINY_F0,F0,robin_BOLT_TINY_F0,,test_a,2,Robin_office_Antonina,0.13424579684617166,0.2714426529768389,-0.01262997641072919,257.7519299446496,521.1698937155306,-24.249554708600044,1920
robin,BOLT_TINY_F0,F0,robin_BOLT_TINY_F0,,test_a,3,Robin_office_Dina,0.45100460567247924,0.3690831678385924,0.04249456789208731,865.9288428911601,708.6396822500974,81.58957035280764,1920
robin,BOLT_TINY_F0,F0,robin_BOLT_TINY_F0,,test_a,4,Robin_office_Donald,0.45117499131762906,0.252046122495445,0.1266594210177535,866.2559833298478,483.9285551912544,243.18608835408668,1920
robin,BOLT_TINY_F0,F0,robin_BOLT_TINY_F0,,test_a,5,Robin_office_Erma,0.16977280275444556,0.23745627539804748,0.016383633239214154,325.9637812885355,455.9160487642512,31.456575819291174,1920
robin,BOLT_TINY_F0,F0,robin_BOLT_TINY_F0,,test_a,6,Robin_office_Gayle,0.25529100968252566,0.350655182802196,-0.016518917434344377,490.1587385904492,673.2579509802163,-31.716321473941207,1920
robin,BOLT_TINY_F0,F0,robin_BOLT_TINY_F0,,test_a,7,Robin_office_Lindsay,2.042810365310288e-14,1.3659397761027017e-07,1.3659397761027017e-07,3.922195901395753e-11,0.00026226043701171875,0.00026226043701171875,1920
robin,BOLT_TINY_F0,F0,robin_BOLT_TINY_F0,,test_a,8,Robin_office_Maryann,0.08406796659120148,0.18610329153646793,-0.006428763916968213,161.41049585510686,357.3183197500184,-12.343226720578969,1920
robin,BOLT_TINY_F0,F0,robin_BOLT_TINY_F0,,test_a,9,Robin_office_Sammie,0.17445805196869946,0.32583811958829756,0.028863763610085396,334.95945977990294,625.6091896095313,55.41842613136396,1920
robin,BOLT_TINY_F0,F0,robin_BOLT_TINY_F0,,test_a,10,Robin_office_Saul,0.20415406012077256,0.31894887926852483,0.016970243700779975,391.9757954318833,612.3818481955677,32.58286790549755,1920
robin,BOLT_TINY_F0,F0,robin_BOLT_TINY_F0,,test_a,11,Robin_office_Serena,0.10509263666704198,0.2360297633649073,-0.045573123929474,201.7778624007206,453.17714566062205,-87.50039794459008,1920
robin,BOLT_TINY_F0,F0,robin_BOLT_TINY_F0,,test_a,12,Robin_office_Shirlene,0.19271548097650495,0.28629845637090817,0.005123845547980939,370.0137234748895,549.6930362321436,9.837783452123404,1920
robin,BOLT_TINY_F0,F0,robin_BOLT_TINY_F0,,test_a,13,Robin_office_Soledad,0.2773725987975428,0.33711567712744,-0.0350256845044593,532.5553896912821,647.2621000846848,-67.24931424856186,1920
robin,BOLT_TINY_F0,F0,robin_BOLT_TINY_F0,,test_a,14,Robin_office_Victor,0.1449634310733708,0.21298956148878764,0.006658484394423189,278.32978766087194,408.93995805847226,12.784290037292521,1920
robin,BOLT_TINY_F0,F0,robin_BOLT_TINY_F0,,test_a,15,Robin_office_Wai,0.06258886873388268,0.16379048888387235,-0.038686979326060585,120.17062796905476,314.47773865703493,-74.27900030603632,1920
robin,BOLT_TINY_F0,F0,robin_BOLT_TINY_F0,,test_a,16,Robin_office_Zelma,0.6227516582891304,0.46345724354541745,0.04240169225207258,1195.6831839151303,889.8379076072015,81.41124912397936,1920
robin,BOLT_TINY_F0,F0,robin_BOLT_TINY_F0,,test_b,0,Robin_office_Addie,0.46749396137982846,0.5105187715842779,-0.1016767367005438,897.5884058492707,980.1960414418136,-195.21933446504408,1920
robin,BOLT_TINY_F0,F0,robin_BOLT_TINY_F0,,test_b,1,Robin_office_Adolph,0.18036752545886545,0.2665754680120396,0.0365610866658244,346.3056488810217,511.824898583116,70.19728639838286,1920
robin,BOLT_TINY_F0,F0,robin_BOLT_TINY_F0,,test_b,2,Robin_office_Antonina,0.11004998499162409,0.24419449765846366,-0.09273793852432087,211.29597118391825,468.8534355042502,-178.05684196669608,1920
robin,BOLT_TINY_F0,F0,robin_BOLT_TINY_F0,,test_b,3,Robin_office_Dina,0.15558165981271002,0.21638101215163866,0.018916231595600644,298.71678684040324,415.45154333114624,36.31916466355324,1920
robin,BOLT_TINY_F0,F0,robin_BOLT_TINY_F0,,test_b,4,Robin_office_Donald,1.3395939178226093,0.40006256460547623,-0.15386448823483836,2572.02032221941,768.1201240425144,-295.41981741088966,1920
robin,BOLT_TINY_F0,F0,robin_BOLT_TINY_F0,,test_b,5,Robin_office_Erma,0.02730416849614551,0.12394453456654446,-0.01746209177217679,52.42400351259938,237.97350636776537,-33.52721620257944,1920
robin,BOLT_TINY_F0,F0,robin_BOLT_TINY_F0,,test_b,6,Robin_office_Gayle,0.23044485385970942,0.2899553882870047,0.015778193669393658,442.4541194106421,556.714345511049,30.294131845235825,1920
robin,BOLT_TINY_F0,F0,robin_BOLT_TINY_F0,,test_b,7,Robin_office_Lindsay,2.042810365310288e-14,1.3659397761027017e-07,1.3659397761027017e-07,3.922195901395753e-11,0.00026226043701171875,0.00026226043701171875,1920
robin,BOLT_TINY_F0,F0,robin_BOLT_TINY_F0,,test_b,8,Robin_office_Maryann,0.07107299551597328,0.1955175166503371,-0.049871511081194815,136.4601513906687,375.39363196864724,-95.75330127589405,1920
robin,BOLT_TINY_F0,F0,robin_BOLT_TINY_F0,,test_b,9,Robin_office_Sammie,0.23246865005876663,0.31406200520674854,-0.025674872927872152,446.3398081128319,602.9990499969572,-49.295756021514535,1920
robin,BOLT_TINY_F0,F0,robin_BOLT_TINY_F0,,test_b,10,Robin_office_Saul,0.35044915178885994,0.34105341545849416,0.040375317809230184,672.8623714346111,654.8225576803088,77.52061019372195,1920
robin,BOLT_TINY_F0,F0,robin_BOLT_TINY_F0,,test_b,11,Robin_office_Serena,0.09387563186746575,0.22643763946325635,-0.07281667265294042,180.24121318553424,434.7602677694522,-139.8080114936456,1920
robin,BOLT_TINY_F0,F0,robin_BOLT_TINY_F0,,test_b,12,Robin_office_Shirlene,0.20287796778517556,0.23881684589044502,0.0059866031534814585,389.52569814753707,458.5283441096544,11.4942780546844,1920
robin,BOLT_TINY_F0,F0,robin_BOLT_TINY_F0,,test_b,13,Robin_office_Soledad,0.19145299007761865,0.23224023525574952,0.00725744838405855,367.20683496887256,445.4367712205276,13.919786000624299,1918
robin,BOLT_TINY_F0,F0,robin_BOLT_TINY_F0,,test_b,14,Robin_office_Victor,0.19491139041920957,0.21676469437497872,-0.006316132156947181,374.22986960488237,416.18821319995914,-12.126973741338588,1920
robin,BOLT_TINY_F0,F0,robin_BOLT_TINY_F0,,test_b,15,Robin_office_Wai,0.0814791104448258,0.18090244866422533,-0.048037511449850474,156.43989205406552,347.33270143531263,-92.23202198371291,1920
robin,BOLT_TINY_F0,F0,robin_BOLT_TINY_F0,,test_b,16,Robin_office_Zelma,0.2488819431244238,0.2513253334541029,0.04680801942207229,477.8533307988937,482.54464023187757,89.87139729037881,1920
robin,BOLT_TINY_F0,F0,robin_BOLT_TINY_F0,,combined,0,Robin_office_Addie,0.4612224443262979,0.49639919325719956,-0.06769731007523963,1771.094186212984,1906.1729021076462,-259.9576706889202,3840
robin,BOLT_TINY_F0,F0,robin_BOLT_TINY_F0,,combined,1,Robin_office_Adolph,0.2508220166968607,0.3469719257509496,0.029424105362765355,963.156544115945,1332.3721948836464,112.98856459301896,3840
robin,BOLT_TINY_F0,F0,robin_BOLT_TINY_F0,,combined,2,Robin_office_Antonina,0.12214789091889793,0.2578185753176513,-0.052683957467525036,469.047901128568,990.0233292197809,-202.30639667529613,3840
robin,BOLT_TINY_F0,F0,robin_BOLT_TINY_F0,,combined,3,Robin_office_Dina,0.30329313274259473,0.2927320899951155,0.030705399743843977,1164.6456297315638,1124.0912255812436,117.90873501636088,3840
robin,BOLT_TINY_F0,F0,robin_BOLT_TINY_F0,,combined,4,Robin_office_Donald,0.8953844545701192,0.32605434355046065,-0.013602533608542444,3438.276305549258,1252.0486792337688,-52.233729056802986,3840
robin,BOLT_TINY_F0,F0,robin_BOLT_TINY_F0,,combined,5,Robin_office_Erma,0.0985384856252955,0.18070040498229598,-0.0005392292664813188,378.3877848011347,693.8895551320165,-2.0706403832882643,3840
robin,BOLT_TINY_F0,F0,robin_BOLT_TINY_F0,,combined,6,Robin_office_Gayle,0.24286793177111754,0.32030528554460036,-0.00037036188247535997,932.6128580010914,1229.9722964912653,-1.4221896287053823,3840
robin,BOLT_TINY_F0,F0,robin_BOLT_TINY_F0,,combined,7,Robin_office_Lindsay,2.042810365310288e-14,1.3659397761027017e-07,1.3659397761027017e-07,7.844391802791506e-11,0.0005245208740234375,0.0005245208740234375,3840
robin,BOLT_TINY_F0,F0,robin_BOLT_TINY_F0,,combined,8,Robin_office_Maryann,0.0775704810535874,0.19081040409340252,-0.028150137499081514,297.8706472457756,732.7119517186657,-108.09652799647301,3840
robin,BOLT_TINY_F0,F0,robin_BOLT_TINY_F0,,combined,9,Robin_office_Sammie,0.20346335101373308,0.31995006239752305,0.0015944453411066207,781.2992678927351,1228.6082396064885,6.122670109849423,3840
robin,BOLT_TINY_F0,F0,robin_BOLT_TINY_F0,,combined,10,Robin_office_Saul,0.27730160595481623,0.3300011473635095,0.028672780755005078,1064.8381668664942,1267.2044058758765,110.1034780992195,3840
robin,BOLT_TINY_F0,F0,robin_BOLT_TINY_F0,,combined,11,Robin_office_Serena,0.0994841342672539,0.23123370141408184,-0.05919489829120721,382.019075586255,887.9374134300742,-227.30840943823569,3840
robin,BOLT_TINY_F0,F0,robin_BOLT_TINY_F0,,combined,12,Robin_office_Shirlene,0.1977967243808402,0.2625576511306766,0.005555224350731199,759.5394216224264,1008.2213803417981,21.332061506807804,3840
robin,BOLT_TINY_F0,F0,robin_BOLT_TINY_F0,,combined,13,Robin_office_Soledad,0.23443518099535032,0.2847052817366369,-0.01389513503072891,899.7622246601545,1092.6988713052124,-53.32952824793756,3838
robin,BOLT_TINY_F0,F0,robin_BOLT_TINY_F0,,combined,14,Robin_office_Victor,0.1699374107462903,0.21487712793188318,0.0001711761187380034,652.5596572657547,825.1281712584314,0.6573162959539331,3840
robin,BOLT_TINY_F0,F0,robin_BOLT_TINY_F0,,combined,15,Robin_office_Wai,0.07203398958935427,0.17234646877404886,-0.04336224538795553,276.6105200231204,661.8104400923476,-166.51102228974923,3840
robin,BOLT_TINY_F0,F0,robin_BOLT_TINY_F0,,combined,16,Robin_office_Zelma,0.43581680070677725,0.35739128849976015,0.04460485583707244,1673.5365147140246,1372.382547839079,171.28264641435817,3840
robin,BOLT_SMALL_LEVEL,,v6_robin_level_res_92601;v6_robin_level_res_92602,mean_selected_seeds,test_a,0,Robin_office_Addie,0.4452053398031008,0.49304739256570734,0.014332311782466908,854.7942524219535,946.650993726158,27.518038622336462,1920
robin,BOLT_SMALL_LEVEL,,v6_robin_level_res_92601;v6_robin_level_res_92602,mean_selected_seeds,test_a,1,Robin_office_Adolph,0.3717559654428305,0.4566242858786912,0.0543826461789043,713.7714536502345,876.7186288870871,104.41468066349626,1920
robin,BOLT_SMALL_LEVEL,,v6_robin_level_res_92601;v6_robin_level_res_92602,mean_selected_seeds,test_a,2,Robin_office_Antonina,0.1324256097710159,0.2710673075860541,-0.015461076681337243,254.2571707603505,520.4492305652238,-29.685267228167504,1920
robin,BOLT_SMALL_LEVEL,,v6_robin_level_res_92601;v6_robin_level_res_92602,mean_selected_seeds,test_a,3,Robin_office_Dina,0.5394439265473473,0.4564116275132013,0.18914108502600963,1035.7323389709068,876.3103248253465,363.1508832499385,1920
robin,BOLT_SMALL_LEVEL,,v6_robin_level_res_92601;v6_robin_level_res_92602,mean_selected_seeds,test_a,4,Robin_office_Donald,1.0410977207620153,0.5676873928347012,0.39516721048117914,1998.9076238630696,1089.9597942426262,758.721044123864,1920
robin,BOLT_SMALL_LEVEL,,v6_robin_level_res_92601;v6_robin_level_res_92602,mean_selected_seeds,test_a,5,Robin_office_Erma,0.14736354639781882,0.2537850230335607,0.04780217026879351,282.9380090838121,487.2672442244366,91.78016691608354,1920
robin,BOLT_SMALL_LEVEL,,v6_robin_level_res_92601;v6_robin_level_res_92602,mean_selected_seeds,test_a,6,Robin_office_Gayle,0.21666356626798666,0.3487278042860756,-0.011815622486756184,415.9940472345344,669.5573842292652,-22.68599517457187,1920
robin,BOLT_SMALL_LEVEL,,v6_robin_level_res_92601;v6_robin_level_res_92602,mean_selected_seeds,test_a,7,Robin_office_Lindsay,0.021177886378693278,0.10019200805885096,-0.010190569035088023,40.661541847091094,192.36865547299385,-19.565892547369003,1920
robin,BOLT_SMALL_LEVEL,,v6_robin_level_res_92601;v6_robin_level_res_92602,mean_selected_seeds,test_a,8,Robin_office_Maryann,0.0923952480403793,0.20966495599374563,-0.019576985715442183,177.39887623752824,402.5567155079916,-37.58781257364899,1920
robin,BOLT_SMALL_LEVEL,,v6_robin_level_res_92601;v6_robin_level_res_92602,mean_selected_seeds,test_a,9,Robin_office_Sammie,0.197101957879794,0.35116157852268465,0.07132879769136101,378.4357591292045,674.2302307635546,136.95129156741314,1920
robin,BOLT_SMALL_LEVEL,,v6_robin_level_res_92601;v6_robin_level_res_92602,mean_selected_seeds,test_a,10,Robin_office_Saul,0.19927121842452614,0.32413672971670165,0.006725115706406844,382.6007393750902,622.3425210560672,12.91222215630114,1920
robin,BOLT_SMALL_LEVEL,,v6_robin_level_res_92601;v6_robin_level_res_92602,mean_selected_seeds,test_a,11,Robin_office_Serena,0.09737810333379567,0.23197285154671288,-0.06632432075903125,186.96595840088767,445.3878749696887,-127.34269585734,1920
robin,BOLT_SMALL_LEVEL,,v6_robin_level_res_92601;v6_robin_level_res_92602,mean_selected_seeds,test_a,12,Robin_office_Shirlene,0.20592723581370334,0.32341237920918503,0.007725304200236375,395.38029276231043,620.9517680816352,14.83258406445384,1920
robin,BOLT_SMALL_LEVEL,,v6_robin_level_res_92601;v6_robin_level_res_92602,mean_selected_seeds,test_a,13,Robin_office_Soledad,0.290955989319955,0.37628744376658385,-0.0535998209954414,558.6354994943135,722.471892031841,-102.9116563112475,1920
robin,BOLT_SMALL_LEVEL,,v6_robin_level_res_92601;v6_robin_level_res_92602,mean_selected_seeds,test_a,14,Robin_office_Victor,0.19117867335285746,0.2834644907864761,-0.0574352554408506,367.06305283748634,544.2518223100342,-110.27569044643315,1920
robin,BOLT_SMALL_LEVEL,,v6_robin_level_res_92601;v6_robin_level_res_92602,mean_selected_seeds,test_a,15,Robin_office_Wai,0.06064247213838374,0.17139023322524735,-0.05788894891035549,116.43354650569678,329.0692477924749,-111.14678190788254,1920
robin,BOLT_SMALL_LEVEL,,v6_robin_level_res_92601;v6_robin_level_res_92602,mean_selected_seeds,test_a,16,Robin_office_Zelma,0.4025284751885845,0.4226714944724032,0.014109723396541086,772.8546723620822,811.5292693870142,27.090668921358883,1920
robin,BOLT_SMALL_LEVEL,,v6_robin_level_res_92601;v6_robin_level_res_92602,mean_selected_seeds,test_b,0,Robin_office_Addie,0.5202534812293081,0.5508301510071154,-0.04166533136622093,998.8866839602717,1057.5938899336616,-79.99743622314418,1920
robin,BOLT_SMALL_LEVEL,,v6_robin_level_res_92601;v6_robin_level_res_92602,mean_selected_seeds,test_b,1,Robin_office_Adolph,0.2747674092572377,0.3658981321614192,0.0878779740089764,527.5534257738964,702.5244137499249,168.7257100972347,1920
robin,BOLT_SMALL_LEVEL,,v6_robin_level_res_92601;v6_robin_level_res_92602,mean_selected_seeds,test_b,2,Robin_office_Antonina,0.17527453152961928,0.29251504011651075,-0.0906573689947739,336.527100536869,561.6288770237006,-174.0621484699659,1920
robin,BOLT_SMALL_LEVEL,,v6_robin_level_res_92601;v6_robin_level_res_92602,mean_selected_seeds,test_b,3,Robin_office_Dina,0.15739022565515187,0.25798051349508266,0.03625367650917421,302.1892332578916,495.3225859105587,69.60705889761448,1920
robin,BOLT_SMALL_LEVEL,,v6_robin_level_res_92601;v6_robin_level_res_92602,mean_selected_seeds,test_b,4,Robin_office_Donald,1.2302717064198576,0.6027817063656964,-0.38013814583368155,2362.121676326127,1157.340876222137,-729.8652400006686,1920
robin,BOLT_SMALL_LEVEL,,v6_robin_level_res_92601;v6_robin_level_res_92602,mean_selected_seeds,test_b,5,Robin_office_Erma,0.06951522677063036,0.18737119160396104,-0.025871960101721925,133.4692353996103,359.7526878796052,-49.674163395306095,1920
robin,BOLT_SMALL_LEVEL,,v6_robin_level_res_92601;v6_robin_level_res_92602,mean_selected_seeds,test_b,6,Robin_office_Gayle,0.21376550591235113,0.30921847147158893,0.04360756767321921,410.4297713517142,593.6994652254507,83.72652993258089,1920
robin,BOLT_SMALL_LEVEL,,v6_robin_level_res_92601;v6_robin_level_res_92602,mean_selected_seeds,test_b,7,Robin_office_Lindsay,0.016136562831554423,0.09291434388918181,0.03551046142044167,30.982200636584494,178.39554026722908,68.180085927248,1920
robin,BOLT_SMALL_LEVEL,,v6_robin_level_res_92601;v6_robin_level_res_92602,mean_selected_seeds,test_b,8,Robin_office_Maryann,0.13414724808943898,0.2533798499217179,-0.06908130120621839,257.56271633172287,486.4893118496984,-132.6360983159393,1920
robin,BOLT_SMALL_LEVEL,,v6_robin_level_res_92601;v6_robin_level_res_92602,mean_selected_seeds,test_b,9,Robin_office_Sammie,0.30667689300682194,0.4143789649381991,-0.02757449854070728,588.8196345730981,795.6076126813423,-52.94303719815798,1920
robin,BOLT_SMALL_LEVEL,,v6_robin_level_res_92601;v6_robin_level_res_92602,mean_selected_seeds,test_b,10,Robin_office_Saul,0.5242953571882645,0.4561956766721172,0.20570603692661582,1006.6470858014677,875.895699210465,394.9555908991024,1920
robin,BOLT_SMALL_LEVEL,,v6_robin_level_res_92601;v6_robin_level_res_92602,mean_selected_seeds,test_b,11,Robin_office_Serena,0.11098467405017619,0.24528691506614753,-0.0675902806139978,213.0905741763383,470.95087692700326,-129.77333877887577,1920
robin,BOLT_SMALL_LEVEL,,v6_robin_level_res_92601;v6_robin_level_res_92602,mean_selected_seeds,test_b,12,Robin_office_Shirlene,0.20449666678669273,0.3005142521763143,0.029384742865416532,392.63360023045004,576.9873641785234,56.41870630159974,1920
robin,BOLT_SMALL_LEVEL,,v6_robin_level_res_92601;v6_robin_level_res_92602,mean_selected_seeds,test_b,13,Robin_office_Soledad,0.2143589572906754,0.28883582898910903,0.031478171812698665,411.1404800835154,553.9871200011112,60.37513353675604,1918
robin,BOLT_SMALL_LEVEL,,v6_robin_level_res_92601;v6_robin_level_res_92602,mean_selected_seeds,test_b,14,Robin_office_Victor,0.1855437497557027,0.2665058023260523,-0.019222081602310936,356.24399953094917,511.69114046602044,-36.906396676437,1920
robin,BOLT_SMALL_LEVEL,,v6_robin_level_res_92601;v6_robin_level_res_92602,mean_selected_seeds,test_b,15,Robin_office_Wai,0.10764525246132585,0.20587160503491758,-0.06500757623968335,206.67888472574563,395.2734816670418,-124.81454638019204,1920
robin,BOLT_SMALL_LEVEL,,v6_robin_level_res_92601;v6_robin_level_res_92602,mean_selected_seeds,test_b,16,Robin_office_Zelma,0.2585827239003647,0.303939779913344,0.051336236265584985,496.4788298887002,583.5643774336204,98.56557362992316,1920
robin,BOLT_SMALL_LEVEL,,v6_robin_level_res_92601;v6_robin_level_res_92602,mean_selected_seeds,combined,0,Robin_office_Addie,0.4827294105162044,0.5219387717864113,-0.013666509791877009,1853.680936382225,2004.2448836598196,-52.479397600807715,3840
robin,BOLT_SMALL_LEVEL,,v6_robin_level_res_92601;v6_robin_level_res_92602,mean_selected_seeds,combined,1,Robin_office_Adolph,0.32326168735003397,0.4112612090200552,0.07113031009394036,1241.3248794241304,1579.243042637012,273.14039076073095,3840
robin,BOLT_SMALL_LEVEL,,v6_robin_level_res_92601;v6_robin_level_res_92602,mean_selected_seeds,combined,2,Robin_office_Antonina,0.1538500706503175,0.28179117385128244,-0.05305922283805557,590.7842712972192,1082.0781075889245,-203.7474156981334,3840
robin,BOLT_SMALL_LEVEL,,v6_robin_level_res_92601;v6_robin_level_res_92602,mean_selected_seeds,combined,3,Robin_office_Dina,0.3484170761012498,0.357196070504142,0.11269738076759192,1337.921572228799,1371.6329107359052,432.75794214755297,3840
robin,BOLT_SMALL_LEVEL,,v6_robin_level_res_92601;v6_robin_level_res_92602,mean_selected_seeds,combined,4,Robin_office_Donald,1.1356847135909367,0.5852345496001987,0.0075145323237488055,4361.029300189197,2247.3006704647632,28.855804123195412,3840
robin,BOLT_SMALL_LEVEL,,v6_robin_level_res_92601;v6_robin_level_res_92602,mean_selected_seeds,combined,5,Robin_office_Erma,0.1084393865842246,0.22057810731876087,0.010965105083535794,416.40724448342246,847.0199321040418,42.10600352077745,3840
robin,BOLT_SMALL_LEVEL,,v6_robin_level_res_92601;v6_robin_level_res_92602,mean_selected_seeds,combined,6,Robin_office_Gayle,0.21521453609016888,0.32897313787883226,0.015895972593231514,826.4238185862486,1263.2568494547158,61.04053475800902,3840
robin,BOLT_SMALL_LEVEL,,v6_robin_level_res_92601;v6_robin_level_res_92602,mean_selected_seeds,combined,7,Robin_office_Lindsay,0.018657224605123854,0.09655317597401639,0.012659946192676822,71.6437424836756,370.76419574022293,48.614193379879,3840
robin,BOLT_SMALL_LEVEL,,v6_robin_level_res_92601;v6_robin_level_res_92602,mean_selected_seeds,combined,8,Robin_office_Maryann,0.11327124806490914,0.23152240295773177,-0.044329143460830285,434.9615925692511,889.04602735769,-170.2239108895883,3840
robin,BOLT_SMALL_LEVEL,,v6_robin_level_res_92601;v6_robin_level_res_92602,mean_selected_seeds,combined,9,Robin_office_Sammie,0.251889425443308,0.38277027173044187,0.021877149575326865,967.2553937023027,1469.8378434448969,84.00825436925516,3840
robin,BOLT_SMALL_LEVEL,,v6_robin_level_res_92601;v6_robin_level_res_92602,mean_selected_seeds,combined,10,Robin_office_Saul,0.36178328780639546,0.3901662031944094,0.10621557631651134,1389.2478251765585,1498.2382202665322,407.86781305540353,3840
robin,BOLT_SMALL_LEVEL,,v6_robin_level_res_92601;v6_robin_level_res_92602,mean_selected_seeds,combined,11,Robin_office_Serena,0.10418138869198594,0.2386298833064302,-0.06695730068651452,400.056532577226,916.338751896692,-257.1160346362158,3840
robin,BOLT_SMALL_LEVEL,,v6_robin_level_res_92601;v6_robin_level_res_92602,mean_selected_seeds,combined,12,Robin_office_Shirlene,0.20521195130019798,0.31196331569274965,0.018555023532826453,788.0138929927602,1197.9391322601587,71.25129036605358,3840
robin,BOLT_SMALL_LEVEL,,v6_robin_level_res_92601;v6_robin_level_res_92602,mean_selected_seeds,combined,13,Robin_office_Soledad,0.25267743084362393,0.3325844221034268,-0.011082991864119714,969.7759795778287,1276.4590120329522,-42.53652277449146,3838
robin,BOLT_SMALL_LEVEL,,v6_robin_level_res_92601;v6_robin_level_res_92602,mean_selected_seeds,combined,14,Robin_office_Victor,0.18836121155428007,0.2749851465562642,-0.03832866852158077,723.3070523684355,1055.9429627760546,-147.18208712287014,3840
robin,BOLT_SMALL_LEVEL,,v6_robin_level_res_92601;v6_robin_level_res_92602,mean_selected_seeds,combined,15,Robin_office_Wai,0.08414386229985478,0.18863091913008248,-0.061448262575019424,323.1124312314424,724.3427294595167,-235.96132828807458,3840
robin,BOLT_SMALL_LEVEL,,v6_robin_level_res_92601;v6_robin_level_res_92602,mean_selected_seeds,combined,16,Robin_office_Zelma,0.33055559954447467,0.3633056371928736,0.03272297983106303,1269.3335022507827,1395.0936468206346,125.65624255128205,3840
robin,BOLT_SMALL_F0,,v6_robin_f0,single_model,test_a,0,Robin_office_Addie,0.46426505256765327,0.48382292990039183,-0.033823506035332684,891.3889009298942,928.9400254087523,-64.94113158783875,1920
robin,BOLT_SMALL_F0,,v6_robin_f0,single_model,test_a,1,Robin_office_Adolph,0.32161636613741046,0.42905410009746753,0.08134194293331044,617.503422983828,823.7838721871376,156.17653043195605,1920
robin,BOLT_SMALL_F0,,v6_robin_f0,single_model,test_a,2,Robin_office_Antonina,0.13713804369290478,0.27556517796019764,0.012358277477990972,263.3050438903772,529.0851416835794,23.727892757742666,1920
robin,BOLT_SMALL_F0,,v6_robin_f0,single_model,test_a,3,Robin_office_Dina,0.4049771526478139,0.36886828926605325,0.07872718099097256,777.5561330838027,708.2271153908223,151.1561875026673,1920
robin,BOLT_SMALL_F0,,v6_robin_f0,single_model,test_a,4,Robin_office_Donald,0.5513038186907249,0.27649791428544856,0.1610332786031563,1058.5033318861917,530.8759954280613,309.1838949180601,1920
robin,BOLT_SMALL_F0,,v6_robin_f0,single_model,test_a,5,Robin_office_Erma,0.1354900400151708,0.2170045720631606,0.038019222330573636,260.14087682912793,416.64877836126834,72.99690687470138,1920
robin,BOLT_SMALL_F0,,v6_robin_f0,single_model,test_a,6,Robin_office_Gayle,0.2985323912789287,0.3619232706880818,-0.007380486616360334,573.1821912555431,694.892679721117,-14.170534303411841,1920
robin,BOLT_SMALL_F0,,v6_robin_f0,single_model,test_a,7,Robin_office_Lindsay,1.3026616822268503e-14,1.0927518208821614e-07,1.0927518208821614e-07,2.5011104298755527e-11,0.000209808349609375,0.000209808349609375,1920
robin,BOLT_SMALL_F0,,v6_robin_f0,single_model,test_a,8,Robin_office_Maryann,0.08205247973282942,0.17723178072628798,-0.005494567777592844,157.54076108703248,340.2850189944729,-10.54957013297826,1920
robin,BOLT_SMALL_F0,,v6_robin_f0,single_model,test_a,9,Robin_office_Sammie,0.1783844586857461,0.32785223776348477,0.023784620653168533,342.4981606766325,629.4762965058908,45.66647165408358,1920
robin,BOLT_SMALL_F0,,v6_robin_f0,single_model,test_a,10,Robin_office_Saul,0.20372863038741715,0.3227154775260715,0.009963824266257386,391.1589703438409,619.6137168500572,19.13054259121418,1920
robin,BOLT_SMALL_F0,,v6_robin_f0,single_model,test_a,11,Robin_office_Serena,0.10831905637733688,0.2286360677064901,-0.048384589930113485,207.97258824448681,438.981249996461,-92.89841266581789,1920
robin,BOLT_SMALL_F0,,v6_robin_f0,single_model,test_a,12,Robin_office_Shirlene,0.18128444920068346,0.28359844899581127,0.0205827537283767,348.0661424653122,544.5090220719576,39.51888715848327,1920
robin,BOLT_SMALL_F0,,v6_robin_f0,single_model,test_a,13,Robin_office_Soledad,0.2690880114486944,0.3266729532556686,-0.034639141988009214,516.6489819814932,627.2120702508837,-66.50715261697769,1920
robin,BOLT_SMALL_F0,,v6_robin_f0,single_model,test_a,14,Robin_office_Victor,0.1310436729906916,0.20268243008549688,0.004549755702555558,251.60385214212792,389.150265764154,8.735530948906671,1920
robin,BOLT_SMALL_F0,,v6_robin_f0,single_model,test_a,15,Robin_office_Wai,0.05602722918339764,0.14856340605280519,-0.030180471953887414,107.57228003212347,285.24173962138593,-57.946506151463836,1920
robin,BOLT_SMALL_F0,,v6_robin_f0,single_model,test_a,16,Robin_office_Zelma,0.4129081639362846,0.38142369558997113,0.0345765470199088,792.7836747576664,732.3334955327446,66.38697027822491,1920
robin,BOLT_SMALL_F0,,v6_robin_f0,single_model,test_b,0,Robin_office_Addie,0.4833500328085038,0.514646970285412,-0.08517175100887471,928.0320629923273,988.122182947991,-163.52976193703944,1920
robin,BOLT_SMALL_F0,,v6_robin_f0,single_model,test_b,1,Robin_office_Adolph,0.1728588140375211,0.25953639248873517,0.04517231786994671,331.8889229520405,498.3098735783715,86.73085031029768,1920
robin,BOLT_SMALL_F0,,v6_robin_f0,single_model,test_b,2,Robin_office_Antonina,0.09625810383850339,0.22613844256217513,-0.08644856181781506,184.81555936992652,434.18580971937627,-165.98123869020492,1920
robin,BOLT_SMALL_F0,,v6_robin_f0,single_model,test_b,3,Robin_office_Dina,0.1613583904218159,0.2203516321935846,0.016751672963922222,309.8081096098865,423.07513381168246,32.16321209073067,1920
robin,BOLT_SMALL_F0,,v6_robin_f0,single_model,test_b,4,Robin_office_Donald,1.009955793724743,0.3278614472134677,-0.07410492367368988,1939.1151239515066,629.493978649858,-142.28145345348457,1920
robin,BOLT_SMALL_F0,,v6_robin_f0,single_model,test_b,5,Robin_office_Erma,0.02066229190845581,0.1093223948405163,-0.01608509025876022,39.671600464235155,209.8989980937913,-30.883373296819627,1920
robin,BOLT_SMALL_F0,,v6_robin_f0,single_model,test_b,6,Robin_office_Gayle,0.2372701802554177,0.2860751627769787,0.03924802163382992,455.558746090402,549.2643125317991,75.35620153695345,1920
robin,BOLT_SMALL_F0,,v6_robin_f0,single_model,test_b,7,Robin_office_Lindsay,1.3026616822268503e-14,1.0927518208821614e-07,1.0927518208821614e-07,2.5011104298755527e-11,0.000209808349609375,0.000209808349609375,1920
robin,BOLT_SMALL_F0,,v6_robin_f0,single_model,test_b,8,Robin_office_Maryann,0.07064041838742205,0.19242528518952895,-0.0595768287263733,135.62960330385033,369.4565475638956,-114.38751115463674,1920
robin,BOLT_SMALL_F0,,v6_robin_f0,single_model,test_b,9,Robin_office_Sammie,0.22796191638710095,0.30697813724691514,-0.02957787551470877,437.6868794632338,589.3980235140771,-56.78952098824084,1920
robin,BOLT_SMALL_F0,,v6_robin_f0,single_model,test_b,10,Robin_office_Saul,0.34146938469652593,0.33215088575767976,0.05282220799078156,655.6212186173298,637.7297006547451,101.4186393423006,1920
robin,BOLT_SMALL_F0,,v6_robin_f0,single_model,test_b,11,Robin_office_Serena,0.09140706633939341,0.2232800202660049,-0.07091618524427759,175.50156737163536,428.69763891072944,-136.15907566901296,1920
robin,BOLT_SMALL_F0,,v6_robin_f0,single_model,test_b,12,Robin_office_Shirlene,0.19425791967616082,0.23549321458752578,0.02460089898086153,372.97520577822877,452.1469720080495,47.23372604325414,1920
robin,BOLT_SMALL_F0,,v6_robin_f0,single_model,test_b,13,Robin_office_Soledad,0.18089804311533367,0.22960482939895208,0.008706733892255146,346.96244669520996,440.3820627871901,16.69951560534537,1918
robin,BOLT_SMALL_F0,,v6_robin_f0,single_model,test_b,14,Robin_office_Victor,0.20095472663987263,0.21279039489872958,0.004914421523850857,385.83307514855545,408.5575582055608,9.435689325793646,1920
robin,BOLT_SMALL_F0,,v6_robin_f0,single_model,test_b,15,Robin_office_Wai,0.07367337175864572,0.1698048708603892,-0.04281397813271421,141.45287377659977,326.02535205194727,-82.20283801481128,1920
robin,BOLT_SMALL_F0,,v6_robin_f0,single_model,test_b,16,Robin_office_Zelma,0.29005891936547024,0.2518904043924219,0.051098827881893766,556.9131251817029,483.62957643345,98.10974953323603,1920
robin,BOLT_SMALL_F0,,v6_robin_f0,single_model,combined,0,Robin_office_Addie,0.4738075426880784,0.49923495009290186,-0.0594976285221037,1819.420963922221,1917.0622083567432,-228.4708935248782,3840
robin,BOLT_SMALL_F0,,v6_robin_f0,single_model,combined,1,Robin_office_Adolph,0.2472375900874657,0.3442952462931013,0.06325713040162857,949.3923459358683,1322.093745765509,242.90738074225374,3840
robin,BOLT_SMALL_F0,,v6_robin_f0,single_model,combined,2,Robin_office_Antonina,0.11669807376570406,0.25085181026118636,-0.037045142169912046,448.1206032603036,963.2709514029557,-142.25334593246225,3840
robin,BOLT_SMALL_F0,,v6_robin_f0,single_model,combined,3,Robin_office_Dina,0.2831677715348148,0.29460996072981893,0.04773942697744739,1087.364242693689,1131.3022492025048,183.31939959339797,3840
robin,BOLT_SMALL_F0,,v6_robin_f0,single_model,combined,4,Robin_office_Donald,0.7806298062077341,0.30217968074945817,0.04346417746473321,2997.618455837699,1160.3699740779193,166.90244146457553,3840
robin,BOLT_SMALL_F0,,v6_robin_f0,single_model,combined,5,Robin_office_Erma,0.0780761659618133,0.16316348345183845,0.010967066035906707,299.8124772933631,626.5477764550596,42.11353357788175,3840
robin,BOLT_SMALL_F0,,v6_robin_f0,single_model,combined,6,Robin_office_Gayle,0.26790128576717326,0.32399921673253024,0.015933767508734795,1028.7409373459452,1244.156992252916,61.18566723354161,3840
robin,BOLT_SMALL_F0,,v6_robin_f0,single_model,combined,7,Robin_office_Lindsay,1.3026616822268503e-14,1.0927518208821614e-07,1.0927518208821614e-07,5.002220859751105e-11,0.00041961669921875,0.00041961669921875,3840
robin,BOLT_SMALL_F0,,v6_robin_f0,single_model,combined,8,Robin_office_Maryann,0.0763464490601257,0.18482853295790846,-0.032535698251983075,293.1703643908827,709.7415665583685,-124.937081287615,3840
robin,BOLT_SMALL_F0,,v6_robin_f0,single_model,combined,9,Robin_office_Sammie,0.20317318753642352,0.3174151875052,-0.0028966274307701194,780.1850401398664,1218.8743200199679,-11.123049334157258,3840
robin,BOLT_SMALL_F0,,v6_robin_f0,single_model,combined,10,Robin_office_Saul,0.2725990075419714,0.3274331816418756,0.031393016128519476,1046.7801889611703,1257.3434175048023,120.54918193351477,3840
robin,BOLT_SMALL_F0,,v6_robin_f0,single_model,combined,11,Robin_office_Serena,0.09986306135836516,0.2259580439862475,-0.059650387587195534,383.47415561612223,867.6788889071904,-229.05748833483085,3840
robin,BOLT_SMALL_F0,,v6_robin_f0,single_model,combined,12,Robin_office_Shirlene,0.18777118443842214,0.2595458317916685,0.022591826354619114,721.041348243541,996.6559940800071,86.7526132017374,3840
robin,BOLT_SMALL_F0,,v6_robin_f0,single_model,combined,13,Robin_office_Soledad,0.22501600538736405,0.2781641826571323,-0.012977497918611861,863.6114286767032,1067.5941330380738,-49.80763701163232,3838
robin,BOLT_SMALL_F0,,v6_robin_f0,single_model,combined,14,Robin_office_Victor,0.16599919981528208,0.20773641249211322,0.004732088613203208,637.4369272906832,797.7078239697148,18.171220274700318,3840
robin,BOLT_SMALL_F0,,v6_robin_f0,single_model,combined,15,Robin_office_Wai,0.0648503004710217,0.15918413845659718,-0.03649722504330081,249.0251538087233,611.2670916733332,-140.1493441662751,3840
robin,BOLT_SMALL_F0,,v6_robin_f0,single_model,combined,16,Robin_office_Zelma,0.3514835416508776,0.3166570499911965,0.04283768745090129,1349.6967999393698,1215.9630719661945,164.49671981146093,3840
robin,BOLT_MINI_F0,,robin_BOLT_MINI_F0,single_model,test_a,0,Robin_office_Addie,0.45320511867664,0.48358837829140006,-0.029666684416952194,870.1538278591488,928.4896863194881,-56.96003408054821,1920
robin,BOLT_MINI_F0,,robin_BOLT_MINI_F0,single_model,test_a,1,Robin_office_Adolph,0.30630136600074853,0.4175366637917856,-0.004023066374550884,588.0986227214372,801.6703944802284,-7.724287439137697,1920
robin,BOLT_MINI_F0,,robin_BOLT_MINI_F0,single_model,test_a,2,Robin_office_Antonina,0.1361209362601894,0.2762293372177131,-0.011505866084674684,261.35219761956364,530.3603274580091,-22.091262882575393,1920
robin,BOLT_MINI_F0,,robin_BOLT_MINI_F0,single_model,test_a,3,Robin_office_Dina,0.4255825456669644,0.37994540328218135,0.05777459481323603,817.1184876805717,729.4951743017882,110.92722204141319,1920
robin,BOLT_MINI_F0,,robin_BOLT_MINI_F0,single_model,test_a,4,Robin_office_Donald,0.45755868413963596,0.2528269231090197,0.12576763206197558,878.512673548101,485.4276923693178,241.47385355899314,1920
robin,BOLT_MINI_F0,,robin_BOLT_MINI_F0,single_model,test_a,5,Robin_office_Erma,0.13718113084274436,0.22634634322700245,0.02301693943348558,263.3877712180692,434.5849789958447,44.192523712292314,1920
robin,BOLT_MINI_F0,,robin_BOLT_MINI_F0,single_model,test_a,6,Robin_office_Gayle,0.2767525388935335,0.3532945078118549,-0.006921355988015421,531.3648746755844,678.3254549987614,-13.289003496989608,1920
robin,BOLT_MINI_F0,,robin_BOLT_MINI_F0,single_model,test_a,7,Robin_office_Lindsay,1.4210854715202004e-14,1.1920928955078125e-07,1.1920928955078125e-07,2.7284841053187847e-11,0.0002288818359375,0.0002288818359375,1920
robin,BOLT_MINI_F0,,robin_BOLT_MINI_F0,single_model,test_a,8,Robin_office_Maryann,0.08459977374430411,0.1860546142993068,-0.02742300989969711,162.4315655890639,357.22485945466906,-52.652179007418454,1920
robin,BOLT_MINI_F0,,robin_BOLT_MINI_F0,single_model,test_a,9,Robin_office_Sammie,0.17492908043393315,0.327058281073793,0.018738734389141126,335.8638344331517,627.9518996616825,35.97837002715096,1920
robin,BOLT_MINI_F0,,robin_BOLT_MINI_F0,single_model,test_a,10,Robin_office_Saul,0.19037394847762848,0.3088256108754043,0.011261249838086466,365.51798107704667,592.9451728807762,21.621599689126015,1920
robin,BOLT_MINI_F0,,robin_BOLT_MINI_F0,single_model,test_a,11,Robin_office_Serena,0.10984616408737476,0.23373785905447828,-0.05570644648493423,210.90463504775954,448.7766893845983,-106.95637725107372,1920
robin,BOLT_MINI_F0,,robin_BOLT_MINI_F0,single_model,test_a,12,Robin_office_Shirlene,0.17527389352063139,0.27917965727004534,0.005653248849557713,336.52587555961225,536.024941958487,10.854237791150808,1920
robin,BOLT_MINI_F0,,robin_BOLT_MINI_F0,single_model,test_a,13,Robin_office_Soledad,0.2703780571544527,0.327726738047204,-0.02562092710286379,519.1258697365491,629.2353370506316,-49.192180037498474,1920
robin,BOLT_MINI_F0,,robin_BOLT_MINI_F0,single_model,test_a,14,Robin_office_Victor,0.13261979881090863,0.20919730024012703,-0.018935972552966026,254.63001371694457,401.6588164610439,-36.35706730169477,1920
robin,BOLT_MINI_F0,,robin_BOLT_MINI_F0,single_model,test_a,15,Robin_office_Wai,0.0623002712337712,0.1605846292154941,-0.0470284820231124,119.6165207688407,308.3224880937487,-90.2946854843758,1920
robin,BOLT_MINI_F0,,robin_BOLT_MINI_F0,single_model,test_a,16,Robin_office_Zelma,0.4794898652624254,0.4076927985125318,0.049505206233152424,920.6205413038567,782.7701731440611,95.04999596765265,1920
robin,BOLT_MINI_F0,,robin_BOLT_MINI_F0,single_model,test_b,0,Robin_office_Addie,0.45842393250901275,0.5013448711103592,-0.09280028027936472,880.1739504173045,962.5821525318897,-178.17653813638026,1920
robin,BOLT_MINI_F0,,robin_BOLT_MINI_F0,single_model,test_b,1,Robin_office_Adolph,0.17448532663637117,0.2629020409645212,0.03682086512041375,335.01182714183267,504.7719186518807,70.6960610311944,1920
robin,BOLT_MINI_F0,,robin_BOLT_MINI_F0,single_model,test_b,2,Robin_office_Antonina,0.10727414038795212,0.24031114181610366,-0.09610769126884407,205.96634954486808,461.39739228691906,-184.5267672361806,1920
robin,BOLT_MINI_F0,,robin_BOLT_MINI_F0,single_model,test_b,3,Robin_office_Dina,0.16202125166866774,0.22444896933351022,0.011068997660186142,311.08080320384204,430.94202112033963,21.252475507557392,1920
robin,BOLT_MINI_F0,,robin_BOLT_MINI_F0,single_model,test_b,4,Robin_office_Donald,1.040455645537917,0.3426209477710245,-0.11407261644127023,1997.6748394328006,657.832219720367,-219.01942356723885,1920
robin,BOLT_MINI_F0,,robin_BOLT_MINI_F0,single_model,test_b,5,Robin_office_Erma,0.02134194832510829,0.10985150681129502,-0.01943396803641614,40.97654078420792,210.91489307768643,-37.31321862991899,1920
robin,BOLT_MINI_F0,,robin_BOLT_MINI_F0,single_model,test_b,6,Robin_office_Gayle,0.22577378480961077,0.283986104260354,0.0289378512573118,433.4856668344527,545.2533201798797,55.56067441403866,1920
robin,BOLT_MINI_F0,,robin_BOLT_MINI_F0,single_model,test_b,7,Robin_office_Lindsay,1.4210854715202004e-14,1.1920928955078125e-07,1.1920928955078125e-07,2.7284841053187847e-11,0.0002288818359375,0.0002288818359375,1920
robin,BOLT_MINI_F0,,robin_BOLT_MINI_F0,single_model,test_b,8,Robin_office_Maryann,0.0750153487820648,0.20077882990590296,-0.07736914903992632,144.0294696615644,385.4953534193337,-148.54876615665853,1920
robin,BOLT_MINI_F0,,robin_BOLT_MINI_F0,single_model,test_b,9,Robin_office_Sammie,0.23119338850560997,0.3158264434421047,-0.033032127536716874,443.8913059307711,606.386771408841,-63.42168487049639,1920
robin,BOLT_MINI_F0,,robin_BOLT_MINI_F0,single_model,test_b,10,Robin_office_Saul,0.3341055659681177,0.3287801858231736,0.0386292878902168,641.482686658786,631.2579567804933,74.16823274921626,1920
robin,BOLT_MINI_F0,,robin_BOLT_MINI_F0,single_model,test_b,11,Robin_office_Serena,0.10131736268531805,0.2351564660857548,-0.08794935058055368,194.52933635581064,451.5004148846492,-168.86275311466306,1920
robin,BOLT_MINI_F0,,robin_BOLT_MINI_F0,single_model,test_b,12,Robin_office_Shirlene,0.1979950608692181,0.23377563458828565,0.01390680218852746,380.1505168688987,448.84921840950847,26.701060201972723,1920
robin,BOLT_MINI_F0,,robin_BOLT_MINI_F0,single_model,test_b,13,Robin_office_Soledad,0.18846503740076775,0.23276335241154567,0.020441354343685107,361.4759417346726,446.4401099253446,39.206517631188035,1918
robin,BOLT_MINI_F0,,robin_BOLT_MINI_F0,single_model,test_b,14,Robin_office_Victor,0.19817229727972083,0.22776333499962978,-0.023505526375871947,380.490810777064,437.3056031992892,-45.13061064167414,1920
robin,BOLT_MINI_F0,,robin_BOLT_MINI_F0,single_model,test_b,15,Robin_office_Wai,0.08423196479005762,0.18169101515450164,-0.05179404928931035,161.72537239691064,348.8467490966432,-99.44457463547587,1920
robin,BOLT_MINI_F0,,robin_BOLT_MINI_F0,single_model,test_b,16,Robin_office_Zelma,0.2668033344289676,0.24817296316614373,0.0394872170756571,512.2624021036178,476.492089278996,75.81545678526163,1920
robin,BOLT_MINI_F0,,robin_BOLT_MINI_F0,single_model,combined,0,Robin_office_Addie,0.45581452559282654,0.49246662470087965,-0.06123348234815846,1750.327778276454,1891.0718388513778,-235.13657221692847,3840
robin,BOLT_MINI_F0,,robin_BOLT_MINI_F0,single_model,combined,1,Robin_office_Adolph,0.24039334631855985,0.34021935237815343,0.016398899372931434,923.1104498632699,1306.4423131321091,62.97177359205671,3840
robin,BOLT_MINI_F0,,robin_BOLT_MINI_F0,single_model,combined,2,Robin_office_Antonina,0.12169753832407076,0.25827023951690836,-0.05380677867675938,467.3185471644317,991.7577197449282,-206.618030118756,3840
robin,BOLT_MINI_F0,,robin_BOLT_MINI_F0,single_model,combined,3,Robin_office_Dina,0.29380189866781603,0.3021971863078458,0.034421796236711086,1128.1992908844136,1160.4371954221278,132.17969754897058,3840
robin,BOLT_MINI_F0,,robin_BOLT_MINI_F0,single_model,combined,4,Robin_office_Donald,0.7490071648387767,0.29772393544002207,0.005847507810352681,2876.1875129809027,1143.2599120896848,22.454429991754296,3840
robin,BOLT_MINI_F0,,robin_BOLT_MINI_F0,single_model,combined,5,Robin_office_Erma,0.07926153958392629,0.16809892501914875,0.001791485698534719,304.36431200227696,645.4998720735312,6.879305082373321,3840
robin,BOLT_MINI_F0,,robin_BOLT_MINI_F0,single_model,combined,6,Robin_office_Gayle,0.2512631618515721,0.31864030603610444,0.01100824763464819,964.8505415100368,1223.578775178641,42.27167091704905,3840
robin,BOLT_MINI_F0,,robin_BOLT_MINI_F0,single_model,combined,7,Robin_office_Lindsay,1.4210854715202004e-14,1.1920928955078125e-07,1.1920928955078125e-07,5.4569682106375694e-11,0.000457763671875,0.000457763671875,3840
robin,BOLT_MINI_F0,,robin_BOLT_MINI_F0,single_model,combined,8,Robin_office_Maryann,0.07980756126318449,0.19341672210260488,-0.052396079469811715,306.4610352506284,742.7202128740028,-201.20094516407698,3840
robin,BOLT_MINI_F0,,robin_BOLT_MINI_F0,single_model,combined,9,Robin_office_Sammie,0.20306123446977162,0.32144236225794887,-0.007146696573787873,779.755140363923,1234.3386710705236,-27.443314843345433,3840
robin,BOLT_MINI_F0,,robin_BOLT_MINI_F0,single_model,combined,10,Robin_office_Saul,0.26223975722287307,0.31880289834928893,0.024945268864151635,1007.0006677358326,1224.2031296612695,95.78983243834227,3840
robin,BOLT_MINI_F0,,robin_BOLT_MINI_F0,single_model,combined,11,Robin_office_Serena,0.10558176338634634,0.23444716257011652,-0.07182789853274395,405.43397140356996,900.2771042692475,-275.8191303657368,3840
robin,BOLT_MINI_F0,,robin_BOLT_MINI_F0,single_model,combined,12,Robin_office_Shirlene,0.1866344771949247,0.2564776459291655,0.009780025519042586,716.6763924285109,984.8741603679955,37.55529799312353,3840
robin,BOLT_MINI_F0,,robin_BOLT_MINI_F0,single_model,combined,13,Robin_office_Soledad,0.229442889909125,0.2802697881646629,-0.0026017880162351324,880.6018114712218,1075.6754469759762,-9.985662406310439,3838
robin,BOLT_MINI_F0,,robin_BOLT_MINI_F0,single_model,combined,14,Robin_office_Victor,0.1653960480453147,0.2184803176198784,-0.021220749464418986,635.1208244940084,838.9644196603331,-81.48767794336891,3840
robin,BOLT_MINI_F0,,robin_BOLT_MINI_F0,single_model,combined,15,Robin_office_Wai,0.07326611801191439,0.17113782218499787,-0.04941126565621137,281.3418931657513,657.1692371903919,-189.73926011985168,3840
robin,BOLT_MINI_F0,,robin_BOLT_MINI_F0,single_model,combined,16,Robin_office_Zelma,0.37314659984569654,0.3279328808393378,0.04449621165440476,1432.8829434074746,1259.262262423057,170.86545275291428,3840
robin,BOLT_TINY_F0,,robin_BOLT_TINY_F0,single_model,test_a,0,Robin_office_Addie,0.4549509272727679,0.48227961493012117,-0.03371788344993547,873.5057803637144,925.9768606658326,-64.7383362238761,1920
robin,BOLT_TINY_F0,,robin_BOLT_TINY_F0,single_model,test_a,1,Robin_office_Adolph,0.321276507934856,0.4273683834898596,0.022287124059706304,616.8508952349235,820.5472963005304,42.79127819463611,1920
robin,BOLT_TINY_F0,,robin_BOLT_TINY_F0,single_model,test_a,2,Robin_office_Antonina,0.13424579684617166,0.2714426529768389,-0.01262997641072919,257.7519299446496,521.1698937155306,-24.249554708600044,1920
robin,BOLT_TINY_F0,,robin_BOLT_TINY_F0,single_model,test_a,3,Robin_office_Dina,0.45100460567247924,0.3690831678385924,0.04249456789208731,865.9288428911601,708.6396822500974,81.58957035280764,1920
robin,BOLT_TINY_F0,,robin_BOLT_TINY_F0,single_model,test_a,4,Robin_office_Donald,0.45117499131762906,0.252046122495445,0.1266594210177535,866.2559833298478,483.9285551912544,243.18608835408668,1920
robin,BOLT_TINY_F0,,robin_BOLT_TINY_F0,single_model,test_a,5,Robin_office_Erma,0.16977280275444556,0.23745627539804748,0.016383633239214154,325.9637812885355,455.9160487642512,31.456575819291174,1920
robin,BOLT_TINY_F0,,robin_BOLT_TINY_F0,single_model,test_a,6,Robin_office_Gayle,0.25529100968252566,0.350655182802196,-0.016518917434344377,490.1587385904492,673.2579509802163,-31.716321473941207,1920
robin,BOLT_TINY_F0,,robin_BOLT_TINY_F0,single_model,test_a,7,Robin_office_Lindsay,2.042810365310288e-14,1.3659397761027017e-07,1.3659397761027017e-07,3.922195901395753e-11,0.00026226043701171875,0.00026226043701171875,1920
robin,BOLT_TINY_F0,,robin_BOLT_TINY_F0,single_model,test_a,8,Robin_office_Maryann,0.08406796659120148,0.18610329153646793,-0.006428763916968213,161.41049585510686,357.3183197500184,-12.343226720578969,1920
robin,BOLT_TINY_F0,,robin_BOLT_TINY_F0,single_model,test_a,9,Robin_office_Sammie,0.17445805196869946,0.32583811958829756,0.028863763610085396,334.95945977990294,625.6091896095313,55.41842613136396,1920
robin,BOLT_TINY_F0,,robin_BOLT_TINY_F0,single_model,test_a,10,Robin_office_Saul,0.20415406012077256,0.31894887926852483,0.016970243700779975,391.9757954318833,612.3818481955677,32.58286790549755,1920
robin,BOLT_TINY_F0,,robin_BOLT_TINY_F0,single_model,test_a,11,Robin_office_Serena,0.10509263666704198,0.2360297633649073,-0.045573123929474,201.7778624007206,453.17714566062205,-87.50039794459008,1920
robin,BOLT_TINY_F0,,robin_BOLT_TINY_F0,single_model,test_a,12,Robin_office_Shirlene,0.19271548097650495,0.28629845637090817,0.005123845547980939,370.0137234748895,549.6930362321436,9.837783452123404,1920
robin,BOLT_TINY_F0,,robin_BOLT_TINY_F0,single_model,test_a,13,Robin_office_Soledad,0.2773725987975428,0.33711567712744,-0.0350256845044593,532.5553896912821,647.2621000846848,-67.24931424856186,1920
robin,BOLT_TINY_F0,,robin_BOLT_TINY_F0,single_model,test_a,14,Robin_office_Victor,0.1449634310733708,0.21298956148878764,0.006658484394423189,278.32978766087194,408.93995805847226,12.784290037292521,1920
robin,BOLT_TINY_F0,,robin_BOLT_TINY_F0,single_model,test_a,15,Robin_office_Wai,0.06258886873388268,0.16379048888387235,-0.038686979326060585,120.17062796905476,314.47773865703493,-74.27900030603632,1920
robin,BOLT_TINY_F0,,robin_BOLT_TINY_F0,single_model,test_a,16,Robin_office_Zelma,0.6227516582891304,0.46345724354541745,0.04240169225207258,1195.6831839151303,889.8379076072015,81.41124912397936,1920
robin,BOLT_TINY_F0,,robin_BOLT_TINY_F0,single_model,test_b,0,Robin_office_Addie,0.46749396137982846,0.5105187715842779,-0.1016767367005438,897.5884058492707,980.1960414418136,-195.21933446504408,1920
robin,BOLT_TINY_F0,,robin_BOLT_TINY_F0,single_model,test_b,1,Robin_office_Adolph,0.18036752545886545,0.2665754680120396,0.0365610866658244,346.3056488810217,511.824898583116,70.19728639838286,1920
robin,BOLT_TINY_F0,,robin_BOLT_TINY_F0,single_model,test_b,2,Robin_office_Antonina,0.11004998499162409,0.24419449765846366,-0.09273793852432087,211.29597118391825,468.8534355042502,-178.05684196669608,1920
robin,BOLT_TINY_F0,,robin_BOLT_TINY_F0,single_model,test_b,3,Robin_office_Dina,0.15558165981271002,0.21638101215163866,0.018916231595600644,298.71678684040324,415.45154333114624,36.31916466355324,1920
robin,BOLT_TINY_F0,,robin_BOLT_TINY_F0,single_model,test_b,4,Robin_office_Donald,1.3395939178226093,0.40006256460547623,-0.15386448823483836,2572.02032221941,768.1201240425144,-295.41981741088966,1920
robin,BOLT_TINY_F0,,robin_BOLT_TINY_F0,single_model,test_b,5,Robin_office_Erma,0.02730416849614551,0.12394453456654446,-0.01746209177217679,52.42400351259938,237.97350636776537,-33.52721620257944,1920
robin,BOLT_TINY_F0,,robin_BOLT_TINY_F0,single_model,test_b,6,Robin_office_Gayle,0.23044485385970942,0.2899553882870047,0.015778193669393658,442.4541194106421,556.714345511049,30.294131845235825,1920
robin,BOLT_TINY_F0,,robin_BOLT_TINY_F0,single_model,test_b,7,Robin_office_Lindsay,2.042810365310288e-14,1.3659397761027017e-07,1.3659397761027017e-07,3.922195901395753e-11,0.00026226043701171875,0.00026226043701171875,1920
robin,BOLT_TINY_F0,,robin_BOLT_TINY_F0,single_model,test_b,8,Robin_office_Maryann,0.07107299551597328,0.1955175166503371,-0.049871511081194815,136.4601513906687,375.39363196864724,-95.75330127589405,1920
robin,BOLT_TINY_F0,,robin_BOLT_TINY_F0,single_model,test_b,9,Robin_office_Sammie,0.23246865005876663,0.31406200520674854,-0.025674872927872152,446.3398081128319,602.9990499969572,-49.295756021514535,1920
robin,BOLT_TINY_F0,,robin_BOLT_TINY_F0,single_model,test_b,10,Robin_office_Saul,0.35044915178885994,0.34105341545849416,0.040375317809230184,672.8623714346111,654.8225576803088,77.52061019372195,1920
robin,BOLT_TINY_F0,,robin_BOLT_TINY_F0,single_model,test_b,11,Robin_office_Serena,0.09387563186746575,0.22643763946325635,-0.07281667265294042,180.24121318553424,434.7602677694522,-139.8080114936456,1920
robin,BOLT_TINY_F0,,robin_BOLT_TINY_F0,single_model,test_b,12,Robin_office_Shirlene,0.20287796778517556,0.23881684589044502,0.0059866031534814585,389.52569814753707,458.5283441096544,11.4942780546844,1920
robin,BOLT_TINY_F0,,robin_BOLT_TINY_F0,single_model,test_b,13,Robin_office_Soledad,0.19145299007761865,0.23224023525574952,0.00725744838405855,367.20683496887256,445.4367712205276,13.919786000624299,1918
robin,BOLT_TINY_F0,,robin_BOLT_TINY_F0,single_model,test_b,14,Robin_office_Victor,0.19491139041920957,0.21676469437497872,-0.006316132156947181,374.22986960488237,416.18821319995914,-12.126973741338588,1920
robin,BOLT_TINY_F0,,robin_BOLT_TINY_F0,single_model,test_b,15,Robin_office_Wai,0.0814791104448258,0.18090244866422533,-0.048037511449850474,156.43989205406552,347.33270143531263,-92.23202198371291,1920
robin,BOLT_TINY_F0,,robin_BOLT_TINY_F0,single_model,test_b,16,Robin_office_Zelma,0.2488819431244238,0.2513253334541029,0.04680801942207229,477.8533307988937,482.54464023187757,89.87139729037881,1920
robin,BOLT_TINY_F0,,robin_BOLT_TINY_F0,single_model,combined,0,Robin_office_Addie,0.4612224443262979,0.49639919325719956,-0.06769731007523963,1771.094186212984,1906.1729021076462,-259.9576706889202,3840
robin,BOLT_TINY_F0,,robin_BOLT_TINY_F0,single_model,combined,1,Robin_office_Adolph,0.2508220166968607,0.3469719257509496,0.029424105362765355,963.156544115945,1332.3721948836464,112.98856459301896,3840
robin,BOLT_TINY_F0,,robin_BOLT_TINY_F0,single_model,combined,2,Robin_office_Antonina,0.12214789091889793,0.2578185753176513,-0.052683957467525036,469.047901128568,990.0233292197809,-202.30639667529613,3840
robin,BOLT_TINY_F0,,robin_BOLT_TINY_F0,single_model,combined,3,Robin_office_Dina,0.30329313274259473,0.2927320899951155,0.030705399743843977,1164.6456297315638,1124.0912255812436,117.90873501636088,3840
robin,BOLT_TINY_F0,,robin_BOLT_TINY_F0,single_model,combined,4,Robin_office_Donald,0.8953844545701192,0.32605434355046065,-0.013602533608542444,3438.276305549258,1252.0486792337688,-52.233729056802986,3840
robin,BOLT_TINY_F0,,robin_BOLT_TINY_F0,single_model,combined,5,Robin_office_Erma,0.0985384856252955,0.18070040498229598,-0.0005392292664813188,378.3877848011347,693.8895551320165,-2.0706403832882643,3840
robin,BOLT_TINY_F0,,robin_BOLT_TINY_F0,single_model,combined,6,Robin_office_Gayle,0.24286793177111754,0.32030528554460036,-0.00037036188247535997,932.6128580010914,1229.9722964912653,-1.4221896287053823,3840
robin,BOLT_TINY_F0,,robin_BOLT_TINY_F0,single_model,combined,7,Robin_office_Lindsay,2.042810365310288e-14,1.3659397761027017e-07,1.3659397761027017e-07,7.844391802791506e-11,0.0005245208740234375,0.0005245208740234375,3840
robin,BOLT_TINY_F0,,robin_BOLT_TINY_F0,single_model,combined,8,Robin_office_Maryann,0.0775704810535874,0.19081040409340252,-0.028150137499081514,297.8706472457756,732.7119517186657,-108.09652799647301,3840
robin,BOLT_TINY_F0,,robin_BOLT_TINY_F0,single_model,combined,9,Robin_office_Sammie,0.20346335101373308,0.31995006239752305,0.0015944453411066207,781.2992678927351,1228.6082396064885,6.122670109849423,3840
robin,BOLT_TINY_F0,,robin_BOLT_TINY_F0,single_model,combined,10,Robin_office_Saul,0.27730160595481623,0.3300011473635095,0.028672780755005078,1064.8381668664942,1267.2044058758765,110.1034780992195,3840
robin,BOLT_TINY_F0,,robin_BOLT_TINY_F0,single_model,combined,11,Robin_office_Serena,0.0994841342672539,0.23123370141408184,-0.05919489829120721,382.019075586255,887.9374134300742,-227.30840943823569,3840
robin,BOLT_TINY_F0,,robin_BOLT_TINY_F0,single_model,combined,12,Robin_office_Shirlene,0.1977967243808402,0.2625576511306766,0.005555224350731199,759.5394216224264,1008.2213803417981,21.332061506807804,3840
robin,BOLT_TINY_F0,,robin_BOLT_TINY_F0,single_model,combined,13,Robin_office_Soledad,0.23443518099535032,0.2847052817366369,-0.01389513503072891,899.7622246601545,1092.6988713052124,-53.32952824793756,3838
robin,BOLT_TINY_F0,,robin_BOLT_TINY_F0,single_model,combined,14,Robin_office_Victor,0.1699374107462903,0.21487712793188318,0.0001711761187380034,652.5596572657547,825.1281712584314,0.6573162959539331,3840
robin,BOLT_TINY_F0,,robin_BOLT_TINY_F0,single_model,combined,15,Robin_office_Wai,0.07203398958935427,0.17234646877404886,-0.04336224538795553,276.6105200231204,661.8104400923476,-166.51102228974923,3840
robin,BOLT_TINY_F0,,robin_BOLT_TINY_F0,single_model,combined,16,Robin_office_Zelma,0.43581680070677725,0.35739128849976015,0.04460485583707244,1673.5365147140246,1372.382547839079,171.28264641435817,3840
peacock_education,BOLT_SMALL_LEVEL,LEVEL,peacock_education_level_lr1e-3_s92601__retry_heartbeat01,92601,test_a,0,Peacock_education_Anita,0.408844159498143,0.4791542866597107,-0.004724854831874836,784.9807862364346,919.9762303866446,-9.071721277199686,1920
peacock_education,BOLT_SMALL_LEVEL,LEVEL,peacock_education_level_lr1e-3_s92601__retry_heartbeat01,92601,test_a,1,Peacock_education_Dustin,0.08124942483908211,0.22270560303950332,-0.016407494279701496,155.99889569103766,427.5947578358464,-31.50238901702687,1920
peacock_education,BOLT_SMALL_LEVEL,LEVEL,peacock_education_level_lr1e-3_s92601__retry_heartbeat01,92601,test_a,2,Peacock_education_Forest,0.18989868213784208,0.3263753578362715,-0.020097400371378173,364.6054697046568,626.6406870456412,-38.58700871304609,1920
peacock_education,BOLT_SMALL_LEVEL,LEVEL,peacock_education_level_lr1e-3_s92601__retry_heartbeat01,92601,test_a,3,Peacock_education_Gilberto,0.31862441104273104,0.339678018688331,-0.0012985359971935395,611.7588692020436,652.1817958815955,-2.493189114611596,1920
peacock_education,BOLT_SMALL_LEVEL,LEVEL,peacock_education_level_lr1e-3_s92601__retry_heartbeat01,92601,test_a,4,Peacock_education_Joshua,0.27942306088446317,0.40522734356903434,-0.03494831643450501,536.4922768981693,778.0364996525459,-67.10076755424961,1920
peacock_education,BOLT_SMALL_LEVEL,LEVEL,peacock_education_level_lr1e-3_s92601__retry_heartbeat01,92601,test_a,5,Peacock_education_Karyn,0.3326616512639006,0.41118056393534064,-0.13747886800192646,638.7103704266892,789.466682755854,-263.9594265636988,1920
peacock_education,BOLT_SMALL_LEVEL,LEVEL,peacock_education_level_lr1e-3_s92601__retry_heartbeat01,92601,test_a,6,Peacock_education_Lyle,0.0719558657109272,0.19782320389585947,0.04493554911162694,138.15526216498023,379.8205514800502,86.27625429432373,1920
peacock_education,BOLT_SMALL_LEVEL,LEVEL,peacock_education_level_lr1e-3_s92601__retry_heartbeat01,92601,test_a,7,Peacock_education_Ophelia,0.17400790828256277,0.3151849619379694,0.0489424175034704,334.0951839025205,605.1551269209012,93.96944160666317,1920
peacock_education,BOLT_SMALL_LEVEL,LEVEL,peacock_education_level_lr1e-3_s92601__retry_heartbeat01,92601,test_a,8,Peacock_education_Pasquale,0.33915822416881103,0.4376971559450491,-0.049807796604553305,651.1837904041172,840.3785394144943,-95.63096948074235,1920
peacock_education,BOLT_SMALL_LEVEL,LEVEL,peacock_education_level_lr1e-3_s92601__retry_heartbeat01,92601,test_a,9,Peacock_education_Patience,0.05169534689243256,0.17468106949527282,-0.020276096669840628,99.25506603347051,335.3876534309238,-38.930105606094,1920
peacock_education,BOLT_SMALL_LEVEL,LEVEL,peacock_education_level_lr1e-3_s92601__retry_heartbeat01,92601,test_a,10,Peacock_education_Robbie,0.433345815133882,0.5291679386019192,-0.02930717946474033,832.0239650570534,1016.002442115685,-56.26978457230143,1920
peacock_education,BOLT_SMALL_LEVEL,LEVEL,peacock_education_level_lr1e-3_s92601__retry_heartbeat01,92601,test_a,11,Peacock_education_Shelly,0.28046942364355376,0.3542587666269013,-0.07166787656667478,537.9403545483361,679.4683143903967,-137.45898725488223,1918
peacock_education,BOLT_SMALL_LEVEL,LEVEL,peacock_education_level_lr1e-3_s92601__retry_heartbeat01,92601,test_a,12,Peacock_education_Yolanda,0.08418401052774706,0.2163358429319487,-0.040130332321011035,161.63330021327434,415.36481842934154,-77.05023805634119,1920
peacock_education,BOLT_SMALL_LEVEL,LEVEL,peacock_education_level_lr1e-3_s92601__retry_heartbeat01,92601,test_b,0,Peacock_education_Anita,0.2899825035987883,0.4085754941656584,-0.01697410777245144,556.7664069096735,784.4649487980641,-32.59028692310676,1920
peacock_education,BOLT_SMALL_LEVEL,LEVEL,peacock_education_level_lr1e-3_s92601__retry_heartbeat01,92601,test_b,1,Peacock_education_Dustin,0.11413951201524301,0.2567531219734519,0.006588123328644239,219.14786306926658,492.9659941890277,12.649196790996939,1920
peacock_education,BOLT_SMALL_LEVEL,LEVEL,peacock_education_level_lr1e-3_s92601__retry_heartbeat01,92601,test_b,2,Peacock_education_Forest,0.11711260441660286,0.26164753188447576,-0.033580285523837475,224.62197527104428,501.8399661544245,-64.40698763472028,1918
peacock_education,BOLT_SMALL_LEVEL,LEVEL,peacock_education_level_lr1e-3_s92601__retry_heartbeat01,92601,test_b,3,Peacock_education_Gilberto,0.1786970914176572,0.31694688428882123,-0.07012354141964655,343.0984155219018,608.5380178345367,-134.63719952572137,1920
peacock_education,BOLT_SMALL_LEVEL,LEVEL,peacock_education_level_lr1e-3_s92601__retry_heartbeat01,92601,test_b,4,Peacock_education_Joshua,0.15723360136552073,0.27351602508170647,-0.019097010548883495,301.8885146217998,525.1507681568764,-36.66626025385631,1920
peacock_education,BOLT_SMALL_LEVEL,LEVEL,peacock_education_level_lr1e-3_s92601__retry_heartbeat01,92601,test_b,5,Peacock_education_Karyn,0.3693046786110016,0.44116415214685467,0.05391393446605089,707.587764218679,845.2705155133735,103.2990984369535,1916
peacock_education,BOLT_SMALL_LEVEL,LEVEL,peacock_education_level_lr1e-3_s92601__retry_heartbeat01,92601,test_b,6,Peacock_education_Lyle,0.05395179839159357,0.1583787699576836,-0.007153953871602425,103.58745291185966,304.0872383187525,-13.735591433476657,1920
peacock_education,BOLT_SMALL_LEVEL,LEVEL,peacock_education_level_lr1e-3_s92601__retry_heartbeat01,92601,test_b,7,Peacock_education_Ophelia,0.14484058874719388,0.26655480972664614,0.01264497758475045,278.09393039461224,511.7852346751606,24.278356962720864,1920
peacock_education,BOLT_SMALL_LEVEL,LEVEL,peacock_education_level_lr1e-3_s92601__retry_heartbeat01,92601,test_b,8,Peacock_education_Pasquale,0.34625808461100643,0.4361915570401872,0.04863519289470256,664.8155224531323,837.4877895171594,93.37957035782892,1920
peacock_education,BOLT_SMALL_LEVEL,LEVEL,peacock_education_level_lr1e-3_s92601__retry_heartbeat01,92601,test_b,9,Peacock_education_Patience,0.045793197290098536,0.15965395639407992,0.010152464481749727,87.92293879698919,306.53559627663344,19.492731804959476,1920
peacock_education,BOLT_SMALL_LEVEL,LEVEL,peacock_education_level_lr1e-3_s92601__retry_heartbeat01,92601,test_b,10,Peacock_education_Robbie,0.1642972284733957,0.3138432882660709,0.02334168570644882,315.45067866891975,602.5791134708561,44.81603655638173,1920
peacock_education,BOLT_SMALL_LEVEL,LEVEL,peacock_education_level_lr1e-3_s92601__retry_heartbeat01,92601,test_b,11,Peacock_education_Shelly,0.20654208712545996,0.3115656191191371,-0.00944898259474323,394.9084705838794,595.7134637557901,-18.066454721149057,1912
peacock_education,BOLT_SMALL_LEVEL,LEVEL,peacock_education_level_lr1e-3_s92601__retry_heartbeat01,92601,test_b,12,Peacock_education_Yolanda,0.06311153302809096,0.18901024838657274,-0.02348313205729937,121.17414341393463,362.89967690221965,-45.087613550014794,1920
peacock_education,BOLT_SMALL_LEVEL,LEVEL,peacock_education_level_lr1e-3_s92601__retry_heartbeat01,92601,combined,0,Peacock_education_Anita,0.3494133315484657,0.44386489041268457,-0.010849481302163138,1341.7471931461084,1704.4411791847087,-41.662008200306445,3840
peacock_education,BOLT_SMALL_LEVEL,LEVEL,peacock_education_level_lr1e-3_s92601__retry_heartbeat01,92601,combined,1,Peacock_education_Dustin,0.09769446842716258,0.23972936250647764,-0.004909685475528628,375.1467587603043,920.5607520248741,-18.853192226029932,3840
peacock_education,BOLT_SMALL_LEVEL,LEVEL,peacock_education_level_lr1e-3_s92601__retry_heartbeat01,92601,combined,2,Peacock_education_Forest,0.15352460786235048,0.2940283098488968,-0.026835329949913073,589.2274449757011,1128.4806532000657,-102.99399634776637,3838
peacock_education,BOLT_SMALL_LEVEL,LEVEL,peacock_education_level_lr1e-3_s92601__retry_heartbeat01,92601,combined,3,Peacock_education_Gilberto,0.24866075123019415,0.3283124514885761,-0.035711038708420045,954.8572847239456,1260.7198137161322,-137.13038864033297,3840
peacock_education,BOLT_SMALL_LEVEL,LEVEL,peacock_education_level_lr1e-3_s92601__retry_heartbeat01,92601,combined,4,Peacock_education_Joshua,0.21832833112499195,0.3393716843253704,-0.02702266349169425,838.3807915199691,1303.1872678094223,-103.76702780810592,3840
peacock_education,BOLT_SMALL_LEVEL,LEVEL,peacock_education_level_lr1e-3_s92601__retry_heartbeat01,92601,combined,5,Peacock_education_Karyn,0.35096406012652975,0.42615672530480386,-0.04188225446474069,1346.2981346453682,1634.7371982692275,-160.6603281267453,3836
peacock_education,BOLT_SMALL_LEVEL,LEVEL,peacock_education_level_lr1e-3_s92601__retry_heartbeat01,92601,combined,6,Peacock_education_Lyle,0.0629538320512604,0.17810098692677154,0.01889079762001226,241.74271507683994,683.9077897988027,72.54066286084708,3840
peacock_education,BOLT_SMALL_LEVEL,LEVEL,peacock_education_level_lr1e-3_s92601__retry_heartbeat01,92601,combined,7,Peacock_education_Ophelia,0.15942424851487838,0.2908698858323078,0.030793697544110425,612.189114297133,1116.9403615960618,118.24779856938403,3840
peacock_education,BOLT_SMALL_LEVEL,LEVEL,peacock_education_level_lr1e-3_s92601__retry_heartbeat01,92601,combined,8,Peacock_education_Pasquale,0.3427081543899086,0.43694435649261815,-0.0005863018549253714,1315.999312857249,1677.8663289316537,-2.2513991229134263,3840
peacock_education,BOLT_SMALL_LEVEL,LEVEL,peacock_education_level_lr1e-3_s92601__retry_heartbeat01,92601,combined,9,Peacock_education_Patience,0.04874427209126554,0.16716751294467638,-0.00506181609404545,187.17800483045968,641.9232497075573,-19.437373801134527,3840
peacock_education,BOLT_SMALL_LEVEL,LEVEL,peacock_education_level_lr1e-3_s92601__retry_heartbeat01,92601,combined,10,Peacock_education_Robbie,0.2988215218036389,0.42150561343399506,-0.0029827468791457554,1147.4746437259735,1618.581555586541,-11.4537480159197,3840
peacock_education,BOLT_SMALL_LEVEL,LEVEL,peacock_education_level_lr1e-3_s92601__retry_heartbeat01,92601,combined,11,Peacock_education_Shelly,0.2435636619144165,0.33294563398072763,-0.04060716500679668,932.8488251322152,1275.1817781461868,-155.5254419760313,3830
peacock_education,BOLT_SMALL_LEVEL,LEVEL,peacock_education_level_lr1e-3_s92601__retry_heartbeat01,92601,combined,12,Peacock_education_Yolanda,0.073647771777919,0.20267304565926073,-0.0318067321891552,282.80744362720895,778.2644953315612,-122.13785160635598,3840
peacock_education,BOLT_SMALL_LEVEL,LEVEL,peacock_education_level_lr1e-3_s92602,92602,test_a,0,Peacock_education_Anita,0.4084771918608721,0.48086328525823774,0.01172526232257951,784.2762083728744,923.2575076958165,22.51250365935266,1920
peacock_education,BOLT_SMALL_LEVEL,LEVEL,peacock_education_level_lr1e-3_s92602,92602,test_a,1,Peacock_education_Dustin,0.07763677464346691,0.21781181036761457,-0.0047496680604429764,149.06260731545646,418.19867590582,-9.119362676050514,1920
peacock_education,BOLT_SMALL_LEVEL,LEVEL,peacock_education_level_lr1e-3_s92602,92602,test_a,2,Peacock_education_Forest,0.18734921921999875,0.32474363856745186,-0.024836401689996516,359.7105009023976,623.5077860495076,-47.68589124479331,1920
peacock_education,BOLT_SMALL_LEVEL,LEVEL,peacock_education_level_lr1e-3_s92602,92602,test_a,3,Peacock_education_Gilberto,0.3163936910649308,0.3383492803632786,-0.0007862352606025525,607.4758868446671,649.630618297495,-1.5095717003569007,1920
peacock_education,BOLT_SMALL_LEVEL,LEVEL,peacock_education_level_lr1e-3_s92602,92602,test_a,4,Peacock_education_Joshua,0.28294540160395687,0.4063583875513965,-0.036170968994216915,543.2551710795972,780.2081040986814,-69.44826046889648,1920
peacock_education,BOLT_SMALL_LEVEL,LEVEL,peacock_education_level_lr1e-3_s92602,92602,test_a,5,Peacock_education_Karyn,0.3347375126162437,0.4126199534466044,-0.1437035285991442,642.6960242231879,792.2303106174804,-275.91077491035685,1920
peacock_education,BOLT_SMALL_LEVEL,LEVEL,peacock_education_level_lr1e-3_s92602,92602,test_a,6,Peacock_education_Lyle,0.06903965000226546,0.19227868402710252,0.046809612355173155,132.5561280043497,369.17507333203685,89.87445572193246,1920
peacock_education,BOLT_SMALL_LEVEL,LEVEL,peacock_education_level_lr1e-3_s92602,92602,test_a,7,Peacock_education_Ophelia,0.17637610459953781,0.31916068231172784,0.05596340673267453,338.6421208311126,612.7885100385174,107.4497409267351,1920
peacock_education,BOLT_SMALL_LEVEL,LEVEL,peacock_education_level_lr1e-3_s92602,92602,test_a,8,Peacock_education_Pasquale,0.3393220782784893,0.4384619552201381,-0.04564331798811357,651.4983902946994,841.8469540226652,-87.63517053717806,1920
peacock_education,BOLT_SMALL_LEVEL,LEVEL,peacock_education_level_lr1e-3_s92602,92602,test_a,9,Peacock_education_Patience,0.05228815091272636,0.1761299041235664,-0.038296108749151854,100.39324975243461,338.16941591724753,-73.52852879837155,1920
peacock_education,BOLT_SMALL_LEVEL,LEVEL,peacock_education_level_lr1e-3_s92602,92602,test_a,10,Peacock_education_Robbie,0.4339889078337943,0.5309078372800287,-0.04834176707311902,833.258703040885,1019.3430475776549,-92.81619278038852,1920
peacock_education,BOLT_SMALL_LEVEL,LEVEL,peacock_education_level_lr1e-3_s92602,92602,test_a,11,Peacock_education_Shelly,0.28499802619824205,0.357481629374909,-0.0806919946176232,546.6262142482283,685.6497651410755,-154.7672456766013,1918
peacock_education,BOLT_SMALL_LEVEL,LEVEL,peacock_education_level_lr1e-3_s92602,92602,test_a,12,Peacock_education_Yolanda,0.0827227787961187,0.21438836905587474,-0.029450899588543203,158.8277352885479,411.6256685872795,-56.54572721000295,1920
peacock_education,BOLT_SMALL_LEVEL,LEVEL,peacock_education_level_lr1e-3_s92602,92602,test_b,0,Peacock_education_Anita,0.28223526512031333,0.4008298825014208,-0.007494692595355445,541.8917090310016,769.5933744027279,-14.389809783082455,1920
peacock_education,BOLT_SMALL_LEVEL,LEVEL,peacock_education_level_lr1e-3_s92602,92602,test_b,1,Peacock_education_Dustin,0.11152437710225802,0.254391489999883,0.019003344776623028,214.1268040363354,488.4316607997753,36.486421971116215,1920
peacock_education,BOLT_SMALL_LEVEL,LEVEL,peacock_education_level_lr1e-3_s92602,92602,test_b,2,Peacock_education_Forest,0.1156559218310215,0.2609849634769201,-0.031114545920999707,221.82805807189922,500.5691599487327,-59.67769907647744,1918
peacock_education,BOLT_SMALL_LEVEL,LEVEL,peacock_education_level_lr1e-3_s92602,92602,test_b,3,Peacock_education_Gilberto,0.1748642318493437,0.31393326633018054,-0.07153492705401732,335.7393251507399,602.7518713539466,-137.34705994371325,1920
peacock_education,BOLT_SMALL_LEVEL,LEVEL,peacock_education_level_lr1e-3_s92602,92602,test_b,4,Peacock_education_Joshua,0.15686682391560283,0.2741484841864273,-0.018162483138068335,301.18430191795744,526.3650896379404,-34.8719676250912,1920
peacock_education,BOLT_SMALL_LEVEL,LEVEL,peacock_education_level_lr1e-3_s92602,92602,test_b,5,Peacock_education_Karyn,0.3691236704127338,0.4405010633260772,0.05192317173095412,707.240952510798,844.0000373327639,99.4847970365081,1916
peacock_education,BOLT_SMALL_LEVEL,LEVEL,peacock_education_level_lr1e-3_s92602,92602,test_b,6,Peacock_education_Lyle,0.052625739233082426,0.15518855129363754,-0.01613360731450181,101.04141932751826,297.96201848378405,-30.976526043843478,1920
peacock_education,BOLT_SMALL_LEVEL,LEVEL,peacock_education_level_lr1e-3_s92602,92602,test_b,7,Peacock_education_Ophelia,0.14314956826154043,0.2650675929618956,0.009227402000336345,274.84717106215766,508.9297784868395,17.716611840645783,1920
peacock_education,BOLT_SMALL_LEVEL,LEVEL,peacock_education_level_lr1e-3_s92602,92602,test_b,8,Peacock_education_Pasquale,0.34882559551746745,0.4362984159159282,0.053046577199396934,669.7451433935375,837.6929585585822,101.8494282228421,1920
peacock_education,BOLT_SMALL_LEVEL,LEVEL,peacock_education_level_lr1e-3_s92602,92602,test_b,9,Peacock_education_Patience,0.04430551029971261,0.1571482172594794,-0.006319400958212403,85.0665797754482,301.7245771382004,-12.133249839767814,1920
peacock_education,BOLT_SMALL_LEVEL,LEVEL,peacock_education_level_lr1e-3_s92602,92602,test_b,10,Peacock_education_Robbie,0.16061877966760332,0.31143741432679234,0.013154238650895423,308.3880569617984,597.9598355074413,25.25613820971921,1920
peacock_education,BOLT_SMALL_LEVEL,LEVEL,peacock_education_level_lr1e-3_s92602,92602,test_b,11,Peacock_education_Shelly,0.20479403605554763,0.31123961506642317,-0.009758809527575144,391.5661969382071,595.0901440070011,-18.658843816723675,1912
peacock_education,BOLT_SMALL_LEVEL,LEVEL,peacock_education_level_lr1e-3_s92602,92602,test_b,12,Peacock_education_Yolanda,0.06195072227004059,0.18608040303661255,-0.010876456472033169,118.94538675847792,357.2743738302961,-20.882796426303685,1920
peacock_education,BOLT_SMALL_LEVEL,LEVEL,peacock_education_level_lr1e-3_s92602,92602,combined,0,Peacock_education_Anita,0.3453562284905928,0.4408465838798293,0.0021152848636120324,1326.1679174038763,1692.8508820985444,8.122693876270205,3840
peacock_education,BOLT_SMALL_LEVEL,LEVEL,peacock_education_level_lr1e-3_s92602,92602,combined,1,Peacock_education_Dustin,0.09458057587286246,0.23610165018374876,0.007126838358090026,363.1894113517919,906.6303367055953,27.3670592950657,3840
peacock_education,BOLT_SMALL_LEVEL,LEVEL,peacock_education_level_lr1e-3_s92602,92602,combined,2,Peacock_education_Forest,0.15152125038413156,0.2928809134961543,-0.027973838020133077,581.538558974297,1124.0769459982403,-107.36359032127075,3838
peacock_education,BOLT_SMALL_LEVEL,LEVEL,peacock_education_level_lr1e-3_s92602,92602,combined,3,Peacock_education_Gilberto,0.2456289614571373,0.3261412733467296,-0.03616058115730993,943.2152119954072,1252.3824896514416,-138.85663164407015,3840
peacock_education,BOLT_SMALL_LEVEL,LEVEL,peacock_education_level_lr1e-3_s92602,92602,combined,4,Peacock_education_Joshua,0.21990611275977992,0.34025343586891194,-0.027166726066142625,844.4394729975548,1306.5731937366218,-104.32022809398768,3840
peacock_education,BOLT_SMALL_LEVEL,LEVEL,peacock_education_level_lr1e-3_s92602,92602,combined,5,Peacock_education_Karyn,0.3519126633821653,0.4265459718327019,-0.045992173585466305,1349.936976733986,1636.2303479502443,-176.42597787384875,3836
peacock_education,BOLT_SMALL_LEVEL,LEVEL,peacock_education_level_lr1e-3_s92602,92602,combined,6,Peacock_education_Lyle,0.060832694617673926,0.17373361766037002,0.015338002520335674,233.59754733186787,667.1370918158209,58.897929678088985,3840
peacock_education,BOLT_SMALL_LEVEL,LEVEL,peacock_education_level_lr1e-3_s92602,92602,combined,7,Peacock_education_Ophelia,0.15976283643053915,0.2921141376368117,0.03259540436650544,613.4892918932703,1121.718288525357,125.16635276738089,3840
peacock_education,BOLT_SMALL_LEVEL,LEVEL,peacock_education_level_lr1e-3_s92602,92602,combined,8,Peacock_education_Pasquale,0.3440738368979784,0.43738018556803315,0.00370162960564168,1321.243533688237,1679.5399125812473,14.214257685664052,3840
peacock_education,BOLT_SMALL_LEVEL,LEVEL,peacock_education_level_lr1e-3_s92602,92602,combined,9,Peacock_education_Patience,0.04829683060621948,0.1666390606915229,-0.022307754853682128,185.45982952788282,639.8939930554479,-85.66177863813937,3840
peacock_education,BOLT_SMALL_LEVEL,LEVEL,peacock_education_level_lr1e-3_s92602,92602,combined,10,Peacock_education_Robbie,0.2973038437506987,0.42117262580341047,-0.0175937642111118,1141.6467600026829,1617.3028830850963,-67.56005457066931,3840
peacock_education,BOLT_SMALL_LEVEL,LEVEL,peacock_education_level_lr1e-3_s92602,92602,combined,11,Peacock_education_Shelly,0.2449588540956751,0.3343968431196022,-0.04528096331418407,938.1924111864357,1280.7399091480765,-173.42608949332498,3830
peacock_education,BOLT_SMALL_LEVEL,LEVEL,peacock_education_level_lr1e-3_s92602,92602,combined,12,Peacock_education_Yolanda,0.07233675053307964,0.20023438604624363,-0.020163678030288186,277.7731220470258,768.9000424175756,-77.42852363630664,3840
peacock_education,BOLT_SMALL_F0,F0,v12_confirmation_peacock_education_f0,,test_a,0,Peacock_education_Anita,0.40003043581178216,0.4123002676385416,-0.03525455932103796,768.0584367586217,791.6165138659999,-67.68875389639288,1920
peacock_education,BOLT_SMALL_F0,F0,v12_confirmation_peacock_education_f0,,test_a,1,Peacock_education_Dustin,0.057969496982676845,0.1852461116463625,-0.02015847941196019,111.30143420673954,355.672534361016,-38.70428047096357,1920
peacock_education,BOLT_SMALL_F0,F0,v12_confirmation_peacock_education_f0,,test_a,2,Peacock_education_Forest,0.17468754786190077,0.3055767462873822,0.013688921622694276,335.4000918948495,586.7073528717738,26.28272951557301,1920
peacock_education,BOLT_SMALL_F0,F0,v12_confirmation_peacock_education_f0,,test_a,3,Peacock_education_Gilberto,0.32560778418497754,0.34039141081254154,-0.025858454895205794,625.1669456351569,653.5515087600797,-49.64823339879513,1920
peacock_education,BOLT_SMALL_F0,F0,v12_confirmation_peacock_education_f0,,test_a,4,Peacock_education_Joshua,0.2797763420694507,0.39318953080049446,-0.05434257554661599,537.1705767733453,754.9238991369493,-104.3377450495027,1920
peacock_education,BOLT_SMALL_F0,F0,v12_confirmation_peacock_education_f0,,test_a,5,Peacock_education_Karyn,0.3605867953209448,0.4363158343648441,-0.14047608860346372,692.326647016214,837.7264019805007,-269.71409011865035,1920
peacock_education,BOLT_SMALL_F0,F0,v12_confirmation_peacock_education_f0,,test_a,6,Peacock_education_Lyle,0.06100586408941426,0.18485019936057748,0.003213033321602173,117.13125905167539,354.9123827723088,6.169023977476172,1920
peacock_education,BOLT_SMALL_F0,F0,v12_confirmation_peacock_education_f0,,test_a,7,Peacock_education_Ophelia,0.1783281396221987,0.3145290029346749,0.02807339830081522,342.3900280746215,603.8956856345758,53.90092473756522,1920
peacock_education,BOLT_SMALL_F0,F0,v12_confirmation_peacock_education_f0,,test_a,8,Peacock_education_Pasquale,0.3361672462481641,0.4385247119656848,-0.04296306221228861,645.4411127964751,841.9674469741149,-82.48907944759412,1920
peacock_education,BOLT_SMALL_F0,F0,v12_confirmation_peacock_education_f0,,test_a,9,Peacock_education_Patience,0.022275845084458897,0.11144353983302911,-0.021683933609165252,42.76962256216108,213.9715964794159,-41.63315252959728,1920
peacock_education,BOLT_SMALL_F0,F0,v12_confirmation_peacock_education_f0,,test_a,10,Peacock_education_Robbie,0.5132231236942901,0.5512509021567288,-0.04782410942558878,985.388397493037,1058.4017321409192,-91.82229009713046,1920
peacock_education,BOLT_SMALL_F0,F0,v12_confirmation_peacock_education_f0,,test_a,11,Peacock_education_Shelly,0.26686693148785656,0.34105424776591253,-0.05449155711496542,511.85077459370893,654.1420472150203,-104.51480654650368,1918
peacock_education,BOLT_SMALL_F0,F0,v12_confirmation_peacock_education_f0,,test_a,12,Peacock_education_Yolanda,0.07861225452289249,0.20814574473273145,-0.03396034272069907,150.93552868395358,399.6398298868444,-65.20385802374221,1920
peacock_education,BOLT_SMALL_F0,F0,v12_confirmation_peacock_education_f0,,test_b,0,Peacock_education_Anita,0.3052477217395371,0.3631383716999456,-0.016781923747475957,586.0756257399113,697.2256736638956,-32.22129359515384,1920
peacock_education,BOLT_SMALL_F0,F0,v12_confirmation_peacock_education_f0,,test_b,1,Peacock_education_Dustin,0.09094906422578347,0.2214703199485181,-0.03121035658865973,174.62220331350426,425.22301430115476,-59.92388465022668,1920
peacock_education,BOLT_SMALL_F0,F0,v12_confirmation_peacock_education_f0,,test_b,2,Peacock_education_Forest,0.09764659937233645,0.23704145593195766,-0.03888911928916476,187.28617759614133,454.6455124774948,-74.58933079661801,1918
peacock_education,BOLT_SMALL_F0,F0,v12_confirmation_peacock_education_f0,,test_b,3,Peacock_education_Gilberto,0.17092383280627857,0.31308375693382307,-0.06522977062122663,328.17375898805483,601.1208133129403,-125.24115959275514,1920
peacock_education,BOLT_SMALL_F0,F0,v12_confirmation_peacock_education_f0,,test_b,4,Peacock_education_Joshua,0.1566478014246595,0.2731965578683912,-0.004083536815710431,300.76377873534625,524.5373911073111,-7.840390686164028,1920
peacock_education,BOLT_SMALL_F0,F0,v12_confirmation_peacock_education_f0,,test_b,5,Peacock_education_Karyn,0.3549972768046991,0.43697989000372556,0.03851974373870473,680.1747823578035,837.2534692471381,73.80382900335826,1916
peacock_education,BOLT_SMALL_F0,F0,v12_confirmation_peacock_education_f0,,test_b,6,Peacock_education_Lyle,0.039039269377803845,0.13190624028090195,-0.010989695742561404,74.95539720538338,253.25998133933172,-21.100215825717896,1920
peacock_education,BOLT_SMALL_F0,F0,v12_confirmation_peacock_education_f0,,test_b,7,Peacock_education_Ophelia,0.1403263350578735,0.2658118549464537,-0.0016396786819314001,269.42656331111715,510.35876149719115,-3.1481830693082884,1920
peacock_education,BOLT_SMALL_F0,F0,v12_confirmation_peacock_education_f0,,test_b,8,Peacock_education_Pasquale,0.3367214025112555,0.43033924789956096,0.016140473989726917,646.5050928216106,826.251355967157,30.989710060275684,1920
peacock_education,BOLT_SMALL_F0,F0,v12_confirmation_peacock_education_f0,,test_b,9,Peacock_education_Patience,0.026546520404689203,0.11067288055977163,-0.015433466975810006,50.96931917700327,212.49193067476153,-29.632256593555212,1920
peacock_education,BOLT_SMALL_F0,F0,v12_confirmation_peacock_education_f0,,test_b,10,Peacock_education_Robbie,0.20459105646734912,0.3165081866250451,0.01697553291063135,392.8148284173103,607.6957183200866,32.59302318841219,1920
peacock_education,BOLT_SMALL_F0,F0,v12_confirmation_peacock_education_f0,,test_b,11,Peacock_education_Shelly,0.193535669991335,0.2955680516719912,-0.01571478172099202,370.04020102343253,565.1261147968471,-30.046662650536746,1912
peacock_education,BOLT_SMALL_F0,F0,v12_confirmation_peacock_education_f0,,test_b,12,Peacock_education_Yolanda,0.06708498072689074,0.19065504567261088,-0.023027701041913436,128.80316299563023,366.05768769141287,-44.2131860004738,1920
peacock_education,BOLT_SMALL_F0,F0,v12_confirmation_peacock_education_f0,,combined,0,Peacock_education_Anita,0.35263907877565964,0.3877193196692436,-0.02601824153425696,1354.134062498533,1488.8421875298955,-99.91004749154672,3840
peacock_education,BOLT_SMALL_F0,F0,v12_confirmation_peacock_education_f0,,combined,1,Peacock_education_Dustin,0.07445928060423015,0.20335821579744032,-0.02568441800030996,285.9236375202438,780.8955486621708,-98.62816512119025,3840
peacock_education,BOLT_SMALL_F0,F0,v12_confirmation_peacock_education_f0,,combined,2,Peacock_education_Forest,0.1361871468189137,0.27132695814207103,-0.012586399500011726,522.6862694909908,1041.3528653492685,-48.306601281045005,3838
peacock_education,BOLT_SMALL_F0,F0,v12_confirmation_peacock_education_f0,,combined,3,Peacock_education_Gilberto,0.24826580849562804,0.3267375838731823,-0.04554411275821622,953.3407046232116,1254.67232207302,-174.88939299155027,3840
peacock_education,BOLT_SMALL_F0,F0,v12_confirmation_peacock_education_f0,,combined,4,Peacock_education_Joshua,0.21821207174705515,0.3331930443344428,-0.02921305618116321,837.9343555086917,1279.4612902442605,-112.17813573566673,3840
peacock_education,BOLT_SMALL_F0,F0,v12_confirmation_peacock_education_f0,,combined,5,Peacock_education_Karyn,0.35779495030605246,0.436647515961324,-0.051071496641108466,1372.5014293740173,1674.9798712276388,-195.9102611152921,3836
peacock_education,BOLT_SMALL_F0,F0,v12_confirmation_peacock_education_f0,,combined,6,Peacock_education_Lyle,0.05002256673360904,0.1583782198207397,-0.0038883312104796156,192.0866562570587,608.1723641116405,-14.931191848241724,3840
peacock_education,BOLT_SMALL_F0,F0,v12_confirmation_peacock_education_f0,,combined,7,Peacock_education_Ophelia,0.1593272373400362,0.29017042894056433,0.013216859809441909,611.816591385739,1114.254447131767,50.75274166825693,3840
peacock_education,BOLT_SMALL_F0,F0,v12_confirmation_peacock_education_f0,,combined,8,Peacock_education_Pasquale,0.33644432437971,0.4344319799326229,-0.013411294111280843,1291.9462056180864,1668.2188029412719,-51.49936938731844,3840
peacock_education,BOLT_SMALL_F0,F0,v12_confirmation_peacock_education_f0,,combined,9,Peacock_education_Patience,0.024411182744574052,0.11105821019640037,-0.01855870029248763,93.73894173916436,426.4635271541774,-71.2654091231525,3840
peacock_education,BOLT_SMALL_F0,F0,v12_confirmation_peacock_education_f0,,combined,10,Peacock_education_Robbie,0.35890709008081956,0.43387954439088694,-0.015424288257478717,1378.203225910347,1666.0974504610058,-59.22926690871827,3840
peacock_education,BOLT_SMALL_F0,F0,v12_confirmation_peacock_education_f0,,combined,11,Peacock_education_Shelly,0.23025874037001084,0.31834677859317684,-0.035133542871289926,881.8909756171415,1219.2681620118674,-134.56146919704042,3830
peacock_education,BOLT_SMALL_F0,F0,v12_confirmation_peacock_education_f0,,combined,12,Peacock_education_Yolanda,0.07284861762489163,0.19940039520267117,-0.02849402188130625,279.73869167958384,765.6975175782572,-109.41704402421601,3840
peacock_education,BOLT_MINI_F0,F0,peacock_education_BOLT_MINI_F0,,test_a,0,Peacock_education_Anita,0.42480811238157323,0.4328180865602917,-0.00968380174745107,815.6315757726206,831.0107261957601,-18.592899355106056,1920
peacock_education,BOLT_MINI_F0,F0,peacock_education_BOLT_MINI_F0,,test_a,1,Peacock_education_Dustin,0.061062932667516986,0.19115408628301037,-0.009425070814662226,117.24083072163262,367.0158456633799,-18.096135964151472,1920
peacock_education,BOLT_MINI_F0,F0,peacock_education_BOLT_MINI_F0,,test_a,2,Peacock_education_Forest,0.17098151174534154,0.30604638744977514,-0.01466662704006012,328.28450255105577,587.6090639035683,-28.15992391691543,1920
peacock_education,BOLT_MINI_F0,F0,peacock_education_BOLT_MINI_F0,,test_a,3,Peacock_education_Gilberto,0.3319960905198444,0.3466295708300701,-0.03187831276154611,637.4324937981013,665.5287759937346,-61.206360502168536,1920
peacock_education,BOLT_MINI_F0,F0,peacock_education_BOLT_MINI_F0,,test_a,4,Peacock_education_Joshua,0.2857774961190659,0.3965830145600194,-0.05481022050444153,548.6927925486065,761.4393879552372,-105.23562336852774,1920
peacock_education,BOLT_MINI_F0,F0,peacock_education_BOLT_MINI_F0,,test_a,5,Peacock_education_Karyn,0.3348281833579882,0.41994529142951553,-0.13102724713705052,642.8701120473373,806.2949595446698,-251.57231450313702,1920
peacock_education,BOLT_MINI_F0,F0,peacock_education_BOLT_MINI_F0,,test_a,6,Peacock_education_Lyle,0.05969412602927746,0.18162340327404916,-0.015804868626158472,114.61272197621273,348.71693428617436,-30.345347762224264,1920
peacock_education,BOLT_MINI_F0,F0,peacock_education_BOLT_MINI_F0,,test_a,7,Peacock_education_Ophelia,0.17660687672960285,0.3159238546732619,0.009929133731930051,339.0852033208375,606.5738009726629,19.063936765305698,1920
peacock_education,BOLT_MINI_F0,F0,peacock_education_BOLT_MINI_F0,,test_a,8,Peacock_education_Pasquale,0.3423966834345648,0.44136678365690235,-0.0441241726600083,657.4016321943644,847.4242246212525,-84.71841150721593,1920
peacock_education,BOLT_MINI_F0,F0,peacock_education_BOLT_MINI_F0,,test_a,9,Peacock_education_Patience,0.02362913286252906,0.1145593241089955,-0.03460888244056453,45.367935096055795,219.95390228927135,-66.4490542858839,1920
peacock_education,BOLT_MINI_F0,F0,peacock_education_BOLT_MINI_F0,,test_a,10,Peacock_education_Robbie,0.5292477494913068,0.5610468245876594,-0.06813072727466836,1016.1556790233092,1077.209903208306,-130.81099636736326,1920
peacock_education,BOLT_MINI_F0,F0,peacock_education_BOLT_MINI_F0,,test_a,11,Peacock_education_Shelly,0.2734978882378296,0.3461895241139639,-0.06282825989037367,524.5689496401571,663.9915072505828,-120.50460246973671,1918
peacock_education,BOLT_MINI_F0,F0,peacock_education_BOLT_MINI_F0,,test_a,12,Peacock_education_Yolanda,0.0862374032381368,0.2164705738171809,-0.034817506538941716,165.57581421722267,415.6235017289873,-66.8496125547681,1920
peacock_education,BOLT_MINI_F0,F0,peacock_education_BOLT_MINI_F0,,test_b,0,Peacock_education_Anita,0.30683292065102835,0.36159758666641817,0.0005224611937592272,589.1192076499744,694.2673663995229,1.0031254920177162,1920
peacock_education,BOLT_MINI_F0,F0,peacock_education_BOLT_MINI_F0,,test_b,1,Peacock_education_Dustin,0.09154160326605555,0.22357155762268424,-0.027427599814594337,175.75987827082665,429.25739063555375,-52.660991644021124,1920
peacock_education,BOLT_MINI_F0,F0,peacock_education_BOLT_MINI_F0,,test_b,2,Peacock_education_Forest,0.10271492635225087,0.24397748916500225,-0.05058692598291037,197.00722874361716,467.94882421847433,-97.02572403522208,1918
peacock_education,BOLT_MINI_F0,F0,peacock_education_BOLT_MINI_F0,,test_b,3,Peacock_education_Gilberto,0.16265098577005402,0.3061639668730398,-0.08563674926845125,312.2898926785037,587.8348163962364,-164.42255859542638,1920
peacock_education,BOLT_MINI_F0,F0,peacock_education_BOLT_MINI_F0,,test_b,4,Peacock_education_Joshua,0.15750806110908638,0.27275929889281086,-0.02895783454695599,302.4154773294459,523.6978538741969,-55.5990423301555,1920
peacock_education,BOLT_MINI_F0,F0,peacock_education_BOLT_MINI_F0,,test_b,5,Peacock_education_Karyn,0.35188683380159635,0.43191190014361447,0.049479644079785015,674.2151735638586,827.5432006751653,94.80299805686809,1916
peacock_education,BOLT_MINI_F0,F0,peacock_education_BOLT_MINI_F0,,test_b,6,Peacock_education_Lyle,0.03914043242738364,0.13532447984301446,-0.02152834822748749,75.14963026057659,259.82300129858777,-41.33442859677598,1920
peacock_education,BOLT_MINI_F0,F0,peacock_education_BOLT_MINI_F0,,test_b,7,Peacock_education_Ophelia,0.14533818823398728,0.2715794647851605,-0.004834819627346102,279.0493214092556,521.4325723875081,-9.282853684504516,1920
peacock_education,BOLT_MINI_F0,F0,peacock_education_BOLT_MINI_F0,,test_b,8,Peacock_education_Pasquale,0.3357736946109081,0.43010046897720333,0.01985036766338529,644.6854936529436,825.7929004362304,38.112705913699756,1920
peacock_education,BOLT_MINI_F0,F0,peacock_education_BOLT_MINI_F0,,test_b,9,Peacock_education_Patience,0.025515240189978253,0.10979632359812967,-0.024932011560304092,48.98926116475825,210.80894130840898,-47.86946219578385,1920
peacock_education,BOLT_MINI_F0,F0,peacock_education_BOLT_MINI_F0,,test_b,10,Peacock_education_Robbie,0.1686320988168286,0.29480554973367057,-0.01168034995838146,323.77362972831094,566.0266554886475,-22.426271920092404,1920
peacock_education,BOLT_MINI_F0,F0,peacock_education_BOLT_MINI_F0,,test_b,11,Peacock_education_Shelly,0.197246746133642,0.3003333373410261,-0.011749697548861394,377.1357786075235,574.2373409960419,-22.465421713422984,1912
peacock_education,BOLT_MINI_F0,F0,peacock_education_BOLT_MINI_F0,,test_b,12,Peacock_education_Yolanda,0.06779420631476342,0.1920062083619996,-0.02959121401120986,130.16487612434577,368.6519200550392,-56.815130901522934,1920
peacock_education,BOLT_MINI_F0,F0,peacock_education_BOLT_MINI_F0,,combined,0,Peacock_education_Anita,0.36582051651630076,0.39720783661335496,-0.004580670276845921,1404.7507834225948,1525.278092595283,-17.58977386308834,3840
peacock_education,BOLT_MINI_F0,F0,peacock_education_BOLT_MINI_F0,,combined,1,Peacock_education_Dustin,0.07630226796678626,0.2073628219528473,-0.01842633531462828,293.00070899245924,796.2732362989336,-70.7571276081726,3840
peacock_education,BOLT_MINI_F0,F0,peacock_education_BOLT_MINI_F0,,combined,2,Peacock_education_Forest,0.13686600606948227,0.27502811050600384,-0.0326174173924277,525.2917312946729,1055.5578881220426,-125.18564795213751,3838
peacock_education,BOLT_MINI_F0,F0,peacock_education_BOLT_MINI_F0,,combined,3,Peacock_education_Gilberto,0.2473235381449492,0.32639676885155494,-0.05875753101499868,949.7223864766049,1253.363592389971,-225.62891909759492,3840
peacock_education,BOLT_MINI_F0,F0,peacock_education_BOLT_MINI_F0,,combined,4,Peacock_education_Joshua,0.22164277861407605,0.3346711567264151,-0.04188402752569876,851.108269878052,1285.137241829434,-160.83466569868324,3840
peacock_education,BOLT_MINI_F0,F0,peacock_education_BOLT_MINI_F0,,combined,5,Peacock_education_Karyn,0.34334861460145866,0.42592235667878914,-0.040867913567849044,1317.0852856111953,1633.8381602198351,-156.76931644626893,3836
peacock_education,BOLT_MINI_F0,F0,peacock_education_BOLT_MINI_F0,,combined,6,Peacock_education_Lyle,0.04941727922833054,0.1584739415585318,-0.01866660842682298,189.7623522367893,608.5399355847621,-71.67977635900024,3840
peacock_education,BOLT_MINI_F0,F0,peacock_education_BOLT_MINI_F0,,combined,7,Peacock_education_Ophelia,0.16097253248179502,0.2937516597292112,0.0025471570522919746,618.1345247300928,1128.006373360171,9.781083080801181,3840
peacock_education,BOLT_MINI_F0,F0,peacock_education_BOLT_MINI_F0,,combined,8,Peacock_education_Pasquale,0.33908518902273654,0.43573362631705287,-0.012136902498311505,1302.0871258473082,1673.217125057483,-46.60570559351618,3840
peacock_education,BOLT_MINI_F0,F0,peacock_education_BOLT_MINI_F0,,combined,9,Peacock_education_Patience,0.024572186526253658,0.11217782385356259,-0.02977044700043431,94.35719626081405,430.76284359768033,-114.31851648166776,3840
peacock_education,BOLT_MINI_F0,F0,peacock_education_BOLT_MINI_F0,,combined,10,Peacock_education_Robbie,0.34893992415406766,0.427926187160665,-0.03990553861652491,1339.9293087516198,1643.2365586969536,-153.23726828745566,3840
peacock_education,BOLT_MINI_F0,F0,peacock_education_BOLT_MINI_F0,,combined,11,Peacock_education_Shelly,0.23543204392889827,0.32329734941165134,-0.03732898803737851,901.7047282476804,1238.2288482466247,-142.9700241831597,3830
peacock_education,BOLT_MINI_F0,F0,peacock_education_BOLT_MINI_F0,,combined,12,Peacock_education_Yolanda,0.07701580477645008,0.20423839108959024,-0.03220436027507579,295.7406903415683,784.2754217840265,-123.66474345629103,3840
peacock_education,BOLT_TINY_F0,F0,peacock_education_BOLT_TINY_F0,,test_a,0,Peacock_education_Anita,0.3862056051175327,0.4218087748454612,-0.01131571376414892,741.5147618256628,809.8728477032855,-21.726170427165926,1920
peacock_education,BOLT_TINY_F0,F0,peacock_education_BOLT_TINY_F0,,test_a,1,Peacock_education_Dustin,0.06396644760606383,0.1967902786474345,-0.002314534681257404,122.81557940364257,377.83733500307426,-4.443906588014215,1920
peacock_education,BOLT_TINY_F0,F0,peacock_education_BOLT_TINY_F0,,test_a,2,Peacock_education_Forest,0.17036478670354813,0.3055702348524695,0.004110447642233339,327.1003904708124,586.6948509167414,7.892059473088011,1920
peacock_education,BOLT_TINY_F0,F0,peacock_education_BOLT_TINY_F0,,test_a,3,Peacock_education_Gilberto,0.3430889190157387,0.35318499152829946,-0.037966358815901914,658.7307245102182,678.115183734335,-72.89540892653167,1920
peacock_education,BOLT_TINY_F0,F0,peacock_education_BOLT_TINY_F0,,test_a,4,Peacock_education_Joshua,0.2755957367030208,0.39243430534479556,-0.0627498862069236,529.1438144698,753.4738662620075,-120.4797815172933,1920
peacock_education,BOLT_TINY_F0,F0,peacock_education_BOLT_TINY_F0,,test_a,5,Peacock_education_Karyn,0.37129849762340683,0.44055476691549605,-0.15034181485073836,712.8931154369411,845.8651524777524,-288.65628451341763,1920
peacock_education,BOLT_TINY_F0,F0,peacock_education_BOLT_TINY_F0,,test_a,6,Peacock_education_Lyle,0.05896287988947722,0.1782250451584332,0.004148399845325912,113.20872938779625,342.19208670419175,7.964927703025751,1920
peacock_education,BOLT_TINY_F0,F0,peacock_education_BOLT_TINY_F0,,test_a,7,Peacock_education_Ophelia,0.1761309026547403,0.3140223181840459,-0.00287321025437753,338.17133309710135,602.9228509133682,-5.516563688404858,1920
peacock_education,BOLT_TINY_F0,F0,peacock_education_BOLT_TINY_F0,,test_a,8,Peacock_education_Pasquale,0.3472986940687504,0.4470760037577369,-0.05726308015589439,666.8134926120008,858.3859272148547,-109.94511389931722,1920
peacock_education,BOLT_TINY_F0,F0,peacock_education_BOLT_TINY_F0,,test_a,9,Peacock_education_Patience,0.024185443383789505,0.11678776200084637,-0.03252480803057552,46.436051296875846,224.23250304162502,-62.44763141870499,1920
peacock_education,BOLT_TINY_F0,F0,peacock_education_BOLT_TINY_F0,,test_a,10,Peacock_education_Robbie,0.48431498269707945,0.5392649791619382,-0.06277699568054232,929.8847667783925,1035.3887599909212,-120.53183170664124,1920
peacock_education,BOLT_TINY_F0,F0,peacock_education_BOLT_TINY_F0,,test_a,11,Peacock_education_Shelly,0.27490147021000105,0.351586456609549,-0.06990981410047267,527.2610198627821,674.342823777115,-134.08702344470657,1918
peacock_education,BOLT_TINY_F0,F0,peacock_education_BOLT_TINY_F0,,test_a,12,Peacock_education_Yolanda,0.0835207675622045,0.21174472041687598,-0.029660618599276253,160.35987371943264,406.5498632004019,-56.948387710610405,1920
peacock_education,BOLT_TINY_F0,F0,peacock_education_BOLT_TINY_F0,,test_b,0,Peacock_education_Anita,0.30919024601329836,0.368062056691997,-0.015661490737935917,593.6452723455328,706.6791488486342,-30.07006221683696,1920
peacock_education,BOLT_TINY_F0,F0,peacock_education_BOLT_TINY_F0,,test_b,1,Peacock_education_Dustin,0.09645723275848354,0.23052275359635435,-0.021398083627718733,185.1978868962884,442.60368690500036,-41.08432056521997,1920
peacock_education,BOLT_TINY_F0,F0,peacock_education_BOLT_TINY_F0,,test_b,2,Peacock_education_Forest,0.09959181688524635,0.2421638717864202,-0.035278219343391294,191.0171047859025,464.47030608635396,-67.6636247006245,1918
peacock_education,BOLT_TINY_F0,F0,peacock_education_BOLT_TINY_F0,,test_b,3,Peacock_education_Gilberto,0.17334947063395661,0.31644966466362046,-0.07651055244350573,332.8309836171967,607.5833561541513,-146.900260691531,1920
peacock_education,BOLT_TINY_F0,F0,peacock_education_BOLT_TINY_F0,,test_b,4,Peacock_education_Joshua,0.16141280200728916,0.276737192164372,-0.025698711461268432,309.91257985399517,531.3354089555942,-49.34152600563539,1920
peacock_education,BOLT_TINY_F0,F0,peacock_education_BOLT_TINY_F0,,test_b,5,Peacock_education_Karyn,0.36418974716808394,0.4428238797229754,0.014484095491302668,697.7875555740488,848.4505535492208,27.751526961335912,1916
peacock_education,BOLT_TINY_F0,F0,peacock_education_BOLT_TINY_F0,,test_b,6,Peacock_education_Lyle,0.045935817003496214,0.14522219105104645,-0.02647543640511382,88.19676864671273,278.82660681800917,-50.832837897818536,1920
peacock_education,BOLT_TINY_F0,F0,peacock_education_BOLT_TINY_F0,,test_b,7,Peacock_education_Ophelia,0.1471670770298486,0.2754344198045752,-0.01288634156377763,282.5607878973093,528.8340860247845,-24.74177580245305,1920
peacock_education,BOLT_TINY_F0,F0,peacock_education_BOLT_TINY_F0,,test_b,8,Peacock_education_Pasquale,0.3394894514192782,0.43472785808099845,0.005949387170331496,651.8197467250142,834.677487515517,11.422823367036472,1920
peacock_education,BOLT_TINY_F0,F0,peacock_education_BOLT_TINY_F0,,test_b,9,Peacock_education_Patience,0.02843768844734722,0.11817399848368951,-0.025094826094573364,54.60036181890666,226.89407708868384,-48.18206610158086,1920
peacock_education,BOLT_TINY_F0,F0,peacock_education_BOLT_TINY_F0,,test_b,10,Peacock_education_Robbie,0.1790018534388325,0.30668587220522264,-0.011353655752221433,343.6835586025584,588.8368746340275,-21.79901904426515,1920
peacock_education,BOLT_TINY_F0,F0,peacock_education_BOLT_TINY_F0,,test_b,11,Peacock_education_Shelly,0.1945133744854153,0.299866732700911,-0.03784636832422004,371.90957201611405,573.3451929241419,-72.36225623590872,1912
peacock_education,BOLT_TINY_F0,F0,peacock_education_BOLT_TINY_F0,,test_b,12,Peacock_education_Yolanda,0.07261659594673718,0.1982353689163574,-0.037467002059080795,139.4238642177354,380.6119083194062,-71.93664395343512,1920
peacock_education,BOLT_TINY_F0,F0,peacock_education_BOLT_TINY_F0,,combined,0,Peacock_education_Anita,0.3476979255654154,0.3949354157687291,-0.013488602251042418,1335.160034171195,1516.5519965519197,-51.796232644002885,3840
peacock_education,BOLT_TINY_F0,F0,peacock_education_BOLT_TINY_F0,,combined,1,Peacock_education_Dustin,0.08021184018227365,0.21365651612189443,-0.011856309154488069,308.0134662999308,820.4410219080746,-45.528227153234184,3840
peacock_education,BOLT_TINY_F0,F0,peacock_education_BOLT_TINY_F0,,combined,2,Peacock_education_Forest,0.13499674185948804,0.2738835739976799,-0.015573623040004295,518.1174952567151,1051.1651570030954,-59.771565227536485,3838
peacock_education,BOLT_TINY_F0,F0,peacock_education_BOLT_TINY_F0,,combined,3,Peacock_education_Gilberto,0.2582191948248477,0.33481732809596,-0.057238455629703824,991.5617081274152,1285.6985398884863,-219.79566961806267,3840
peacock_education,BOLT_TINY_F0,F0,peacock_education_BOLT_TINY_F0,,combined,4,Peacock_education_Joshua,0.218504269355155,0.33458574875458374,-0.04422429883409602,839.0563943237952,1284.8092752176017,-169.8213075229287,3840
peacock_education,BOLT_TINY_F0,F0,peacock_education_BOLT_TINY_F0,,combined,5,Peacock_education_Karyn,0.36774782873070644,0.4416881402572923,-0.06801479602504737,1410.68067101099,1694.3157060269732,-260.9047575520817,3836
peacock_education,BOLT_TINY_F0,F0,peacock_education_BOLT_TINY_F0,,combined,6,Peacock_education_Lyle,0.052449348446486695,0.1617236181047398,-0.011163518279893954,201.4054980345089,621.0186935222009,-42.867910194792785,3840
peacock_education,BOLT_TINY_F0,F0,peacock_education_BOLT_TINY_F0,,combined,7,Peacock_education_Ophelia,0.1616489898422945,0.2947283689943106,-0.00787977590907758,620.7321209944109,1131.7569369381526,-30.258339490857907,3840
peacock_education,BOLT_TINY_F0,F0,peacock_education_BOLT_TINY_F0,,combined,8,Peacock_education_Pasquale,0.3433940727440144,0.44090193091936764,-0.025656846492781445,1318.6332393370153,1693.0634147303717,-98.52229053228075,3840
peacock_education,BOLT_TINY_F0,F0,peacock_education_BOLT_TINY_F0,,combined,9,Peacock_education_Patience,0.026311565915568363,0.11748088024226794,-0.02880981706257444,101.03641311578251,451.12658013030887,-110.62969752028584,3840
peacock_education,BOLT_TINY_F0,F0,peacock_education_BOLT_TINY_F0,,combined,10,Peacock_education_Robbie,0.3316584180679559,0.4229754256835804,-0.037065325716381874,1273.5683253809505,1624.2256346249487,-142.3308507509064,3840
peacock_education,BOLT_TINY_F0,F0,peacock_education_BOLT_TINY_F0,,combined,11,Peacock_education_Shelly,0.23477038952451595,0.3257671061883177,-0.05390320618292827,899.1705918788961,1247.6880167012569,-206.4492796806153,3830
peacock_education,BOLT_TINY_F0,F0,peacock_education_BOLT_TINY_F0,,combined,12,Peacock_education_Yolanda,0.07806868175447083,0.2049900446666167,-0.033563810329178524,299.783737937168,787.1617715198081,-128.88503166404553,3840
peacock_education,BOLT_SMALL_LEVEL,,peacock_education_level_lr1e-3_s92601__retry_heartbeat01;peacock_education_level_lr1e-3_s92602,mean_selected_seeds,test_a,0,Peacock_education_Anita,0.40866067567950737,0.4800087859589742,0.003500203745352337,784.6284973046542,921.6168690412305,6.720391191076487,1920
peacock_education,BOLT_SMALL_LEVEL,,peacock_education_level_lr1e-3_s92601__retry_heartbeat01;peacock_education_level_lr1e-3_s92602,mean_selected_seeds,test_a,1,Peacock_education_Dustin,0.07944309974127452,0.22025870670355896,-0.010578581170072236,152.53075150324707,422.8967168708332,-20.310875846538693,1920
peacock_education,BOLT_SMALL_LEVEL,,peacock_education_level_lr1e-3_s92601__retry_heartbeat01;peacock_education_level_lr1e-3_s92602,mean_selected_seeds,test_a,2,Peacock_education_Forest,0.1886239506789204,0.32555949820186164,-0.022466901030687342,362.1579853035272,625.0742365475744,-43.1364499789197,1920
peacock_education,BOLT_SMALL_LEVEL,,peacock_education_level_lr1e-3_s92601__retry_heartbeat01;peacock_education_level_lr1e-3_s92602,mean_selected_seeds,test_a,3,Peacock_education_Gilberto,0.3175090510538308,0.3390136495258048,-0.001042385628898046,609.6173780233552,650.9062070895452,-2.0013804074842483,1920
peacock_education,BOLT_SMALL_LEVEL,,peacock_education_level_lr1e-3_s92601__retry_heartbeat01;peacock_education_level_lr1e-3_s92602,mean_selected_seeds,test_a,4,Peacock_education_Joshua,0.2811842312442101,0.40579286556021543,-0.03555964271436096,539.8737239888834,779.1223018756136,-68.27451401157305,1920
peacock_education,BOLT_SMALL_LEVEL,,peacock_education_level_lr1e-3_s92601__retry_heartbeat01;peacock_education_level_lr1e-3_s92602,mean_selected_seeds,test_a,5,Peacock_education_Karyn,0.3336995819400722,0.4119002586909725,-0.14059119830053532,640.7031973249386,790.8484966866672,-269.9351007370278,1920
peacock_education,BOLT_SMALL_LEVEL,,peacock_education_level_lr1e-3_s92601__retry_heartbeat01;peacock_education_level_lr1e-3_s92602,mean_selected_seeds,test_a,6,Peacock_education_Lyle,0.07049775785659636,0.195050943961481,0.04587258073340005,135.355695084665,374.4978124060435,88.0753550081281,1920
peacock_education,BOLT_SMALL_LEVEL,,peacock_education_level_lr1e-3_s92601__retry_heartbeat01;peacock_education_level_lr1e-3_s92602,mean_selected_seeds,test_a,7,Peacock_education_Ophelia,0.1751920064410503,0.3171728221248486,0.052452912118072466,336.36865236681655,608.9718184797093,100.70959126669914,1920
peacock_education,BOLT_SMALL_LEVEL,,peacock_education_level_lr1e-3_s92601__retry_heartbeat01;peacock_education_level_lr1e-3_s92602,mean_selected_seeds,test_a,8,Peacock_education_Pasquale,0.33924015122365003,0.4380795555825936,-0.04772555729633344,651.3410903494081,841.1127467185797,-91.6330700089602,1920
peacock_education,BOLT_SMALL_LEVEL,,peacock_education_level_lr1e-3_s92601__retry_heartbeat01;peacock_education_level_lr1e-3_s92602,mean_selected_seeds,test_a,9,Peacock_education_Patience,0.05199174890257947,0.17540548680941961,-0.029286102709496237,99.82415789295257,336.7785346740857,-56.22931720223278,1920
peacock_education,BOLT_SMALL_LEVEL,,peacock_education_level_lr1e-3_s92601__retry_heartbeat01;peacock_education_level_lr1e-3_s92602,mean_selected_seeds,test_a,10,Peacock_education_Robbie,0.4336673614838383,0.530037887940974,-0.038824473268929675,832.6413340489695,1017.67274484667,-74.54298867634498,1920
peacock_education,BOLT_SMALL_LEVEL,,peacock_education_level_lr1e-3_s92601__retry_heartbeat01;peacock_education_level_lr1e-3_s92602,mean_selected_seeds,test_a,11,Peacock_education_Shelly,0.2827337249208979,0.35587019800090514,-0.07617993559214899,542.2832843982821,682.5590397657361,-146.11311646574177,1918
peacock_education,BOLT_SMALL_LEVEL,,peacock_education_level_lr1e-3_s92601__retry_heartbeat01;peacock_education_level_lr1e-3_s92602,mean_selected_seeds,test_a,12,Peacock_education_Yolanda,0.08345339466193291,0.21536210599391173,-0.03479061595477712,160.2305177509112,413.4952435083105,-66.79798263317207,1920
peacock_education,BOLT_SMALL_LEVEL,,peacock_education_level_lr1e-3_s92601__retry_heartbeat01;peacock_education_level_lr1e-3_s92602,mean_selected_seeds,test_b,0,Peacock_education_Anita,0.2861088843595508,0.4047026883335396,-0.012234400183903442,549.3290579703375,777.029161600396,-23.490048353094608,1920
peacock_education,BOLT_SMALL_LEVEL,,peacock_education_level_lr1e-3_s92601__retry_heartbeat01;peacock_education_level_lr1e-3_s92602,mean_selected_seeds,test_b,1,Peacock_education_Dustin,0.11283194455875051,0.2555723059866674,0.012795734052633633,216.63733355280098,490.6988274944015,24.567809381056577,1920
peacock_education,BOLT_SMALL_LEVEL,,peacock_education_level_lr1e-3_s92601__retry_heartbeat01;peacock_education_level_lr1e-3_s92602,mean_selected_seeds,test_b,2,Peacock_education_Forest,0.11638426312381216,0.2613162476806979,-0.032347415722418595,223.2250166714717,501.2045630515786,-62.04234335559886,1918
peacock_education,BOLT_SMALL_LEVEL,,peacock_education_level_lr1e-3_s92601__retry_heartbeat01;peacock_education_level_lr1e-3_s92602,mean_selected_seeds,test_b,3,Peacock_education_Gilberto,0.1767806616335003,0.31544007530950086,-0.07082923423683193,339.4188703363206,605.6449445942417,-135.9921297347173,1920
peacock_education,BOLT_SMALL_LEVEL,,peacock_education_level_lr1e-3_s92601__retry_heartbeat01;peacock_education_level_lr1e-3_s92602,mean_selected_seeds,test_b,4,Peacock_education_Joshua,0.1570502126405617,0.2738322546340669,-0.018629746843475913,301.5364082698785,525.7579288974084,-35.769113939473755,1920
peacock_education,BOLT_SMALL_LEVEL,,peacock_education_level_lr1e-3_s92601__retry_heartbeat01;peacock_education_level_lr1e-3_s92602,mean_selected_seeds,test_b,5,Peacock_education_Karyn,0.3692141745118677,0.44083260773646593,0.052918553098502505,707.4143583647385,844.6352764230687,101.3919477367308,1916
peacock_education,BOLT_SMALL_LEVEL,,peacock_education_level_lr1e-3_s92601__retry_heartbeat01;peacock_education_level_lr1e-3_s92602,mean_selected_seeds,test_b,6,Peacock_education_Lyle,0.05328876881233802,0.15678366062566057,-0.011643780593052119,102.31443611968899,301.0246284012683,-22.356058738660067,1920
peacock_education,BOLT_SMALL_LEVEL,,peacock_education_level_lr1e-3_s92601__retry_heartbeat01;peacock_education_level_lr1e-3_s92602,mean_selected_seeds,test_b,7,Peacock_education_Ophelia,0.14399507850436719,0.2658112013442709,0.010936189792543398,276.470550728385,510.35750658100005,20.997484401683323,1920
peacock_education,BOLT_SMALL_LEVEL,,peacock_education_level_lr1e-3_s92601__retry_heartbeat01;peacock_education_level_lr1e-3_s92602,mean_selected_seeds,test_b,8,Peacock_education_Pasquale,0.34754184006423683,0.4362449864780577,0.05084088504704975,667.2803329233348,837.5903740378708,97.61449929033552,1920
peacock_education,BOLT_SMALL_LEVEL,,peacock_education_level_lr1e-3_s92601__retry_heartbeat01;peacock_education_level_lr1e-3_s92602,mean_selected_seeds,test_b,9,Peacock_education_Patience,0.04504935379490557,0.15840108682677964,0.001916531761768662,86.4947592862187,304.1300867074169,3.679740982595831,1920
peacock_education,BOLT_SMALL_LEVEL,,peacock_education_level_lr1e-3_s92601__retry_heartbeat01;peacock_education_level_lr1e-3_s92602,mean_selected_seeds,test_b,10,Peacock_education_Robbie,0.16245800407049948,0.31264035129643164,0.018247962178672122,311.919367815359,600.2694744891487,35.03608738305047,1920
peacock_education,BOLT_SMALL_LEVEL,,peacock_education_level_lr1e-3_s92601__retry_heartbeat01;peacock_education_level_lr1e-3_s92602,mean_selected_seeds,test_b,11,Peacock_education_Shelly,0.20566806159050385,0.3114026170927801,-0.009603896061159188,393.2373337610434,595.4018038813956,-18.362649268936366,1912
peacock_education,BOLT_SMALL_LEVEL,,peacock_education_level_lr1e-3_s92601__retry_heartbeat01;peacock_education_level_lr1e-3_s92602,mean_selected_seeds,test_b,12,Peacock_education_Yolanda,0.06253112764906578,0.18754532571159263,-0.01717979426466627,120.0597650862063,360.0870253662579,-32.98520498815924,1920
peacock_education,BOLT_SMALL_LEVEL,,peacock_education_level_lr1e-3_s92601__retry_heartbeat01;peacock_education_level_lr1e-3_s92602,mean_selected_seeds,combined,0,Peacock_education_Anita,0.34738478001952905,0.4423557371462569,-0.004367098219275552,1333.9575552749916,1698.6460306416266,-16.76965716201812,3840
peacock_education,BOLT_SMALL_LEVEL,,peacock_education_level_lr1e-3_s92601__retry_heartbeat01;peacock_education_level_lr1e-3_s92602,mean_selected_seeds,combined,1,Peacock_education_Dustin,0.09613752215001252,0.2379155063451132,0.001108576441280699,369.1680850560481,913.5955443652347,4.256933534517884,3840
peacock_education,BOLT_SMALL_LEVEL,,peacock_education_level_lr1e-3_s92601__retry_heartbeat01;peacock_education_level_lr1e-3_s92602,mean_selected_seeds,combined,2,Peacock_education_Forest,0.152522929123241,0.2934546116725255,-0.027404583985023073,585.3830019749989,1126.278799599153,-105.17879333451856,3838
peacock_education,BOLT_SMALL_LEVEL,,peacock_education_level_lr1e-3_s92601__retry_heartbeat01;peacock_education_level_lr1e-3_s92602,mean_selected_seeds,combined,3,Peacock_education_Gilberto,0.24714485634366562,0.3272268624176528,-0.035935809932864986,949.0362483596759,1256.5511516837869,-137.99351014220156,3840
peacock_education,BOLT_SMALL_LEVEL,,peacock_education_level_lr1e-3_s92601__retry_heartbeat01;peacock_education_level_lr1e-3_s92602,mean_selected_seeds,combined,4,Peacock_education_Joshua,0.219117221942386,0.33981256009714117,-0.02709469477891844,841.4101322587622,1304.880230773022,-104.0436279510468,3840
peacock_education,BOLT_SMALL_LEVEL,,peacock_education_level_lr1e-3_s92601__retry_heartbeat01;peacock_education_level_lr1e-3_s92602,mean_selected_seeds,combined,5,Peacock_education_Karyn,0.3514383617543476,0.42635134856875284,-0.0439372140251035,1348.1175556896774,1635.483773109736,-168.54315300029702,3836
peacock_education,BOLT_SMALL_LEVEL,,peacock_education_level_lr1e-3_s92601__retry_heartbeat01;peacock_education_level_lr1e-3_s92602,mean_selected_seeds,combined,6,Peacock_education_Lyle,0.06189326333446718,0.17591730229357078,0.017114400070173966,237.67013120435396,675.5224408073118,65.71929626946803,3840
peacock_education,BOLT_SMALL_LEVEL,,peacock_education_level_lr1e-3_s92601__retry_heartbeat01;peacock_education_level_lr1e-3_s92602,mean_selected_seeds,combined,7,Peacock_education_Ophelia,0.15959354247270877,0.29149201173455974,0.03169455095530793,612.8392030952017,1119.3293250607094,121.70707566838246,3840
peacock_education,BOLT_SMALL_LEVEL,,peacock_education_level_lr1e-3_s92601__retry_heartbeat01;peacock_education_level_lr1e-3_s92602,mean_selected_seeds,combined,8,Peacock_education_Pasquale,0.34339099564394343,0.4371622710303257,0.0015576638753581544,1318.6214232727427,1678.7031207564505,5.981429281375313,3840
peacock_education,BOLT_SMALL_LEVEL,,peacock_education_level_lr1e-3_s92601__retry_heartbeat01;peacock_education_level_lr1e-3_s92602,mean_selected_seeds,combined,9,Peacock_education_Patience,0.048520551348742495,0.16690328681809963,-0.013684785473863788,186.3189171791712,640.9086213815026,-52.54957621963695,3840
peacock_education,BOLT_SMALL_LEVEL,,peacock_education_level_lr1e-3_s92601__retry_heartbeat01;peacock_education_level_lr1e-3_s92602,mean_selected_seeds,combined,10,Peacock_education_Robbie,0.2980626827771689,0.4213391196187028,-0.010288255545128777,1144.5607018643286,1617.9422193358187,-39.506901293294504,3840
peacock_education,BOLT_SMALL_LEVEL,,peacock_education_level_lr1e-3_s92601__retry_heartbeat01;peacock_education_level_lr1e-3_s92602,mean_selected_seeds,combined,11,Peacock_education_Shelly,0.24426125800504583,0.33367123855016495,-0.042944064160490375,935.5206181593255,1277.9608436471317,-164.47576573467813,3830
peacock_education,BOLT_SMALL_LEVEL,,peacock_education_level_lr1e-3_s92601__retry_heartbeat01;peacock_education_level_lr1e-3_s92602,mean_selected_seeds,combined,12,Peacock_education_Yolanda,0.07299226115549934,0.20145371585275218,-0.025985205109721694,280.29028283711745,773.5822688745684,-99.78318762133131,3840
peacock_education,BOLT_SMALL_F0,,v12_confirmation_peacock_education_f0,single_model,test_a,0,Peacock_education_Anita,0.40003043581178216,0.4123002676385416,-0.03525455932103796,768.0584367586217,791.6165138659999,-67.68875389639288,1920
peacock_education,BOLT_SMALL_F0,,v12_confirmation_peacock_education_f0,single_model,test_a,1,Peacock_education_Dustin,0.057969496982676845,0.1852461116463625,-0.02015847941196019,111.30143420673954,355.672534361016,-38.70428047096357,1920
peacock_education,BOLT_SMALL_F0,,v12_confirmation_peacock_education_f0,single_model,test_a,2,Peacock_education_Forest,0.17468754786190077,0.3055767462873822,0.013688921622694276,335.4000918948495,586.7073528717738,26.28272951557301,1920
peacock_education,BOLT_SMALL_F0,,v12_confirmation_peacock_education_f0,single_model,test_a,3,Peacock_education_Gilberto,0.32560778418497754,0.34039141081254154,-0.025858454895205794,625.1669456351569,653.5515087600797,-49.64823339879513,1920
peacock_education,BOLT_SMALL_F0,,v12_confirmation_peacock_education_f0,single_model,test_a,4,Peacock_education_Joshua,0.2797763420694507,0.39318953080049446,-0.05434257554661599,537.1705767733453,754.9238991369493,-104.3377450495027,1920
peacock_education,BOLT_SMALL_F0,,v12_confirmation_peacock_education_f0,single_model,test_a,5,Peacock_education_Karyn,0.3605867953209448,0.4363158343648441,-0.14047608860346372,692.326647016214,837.7264019805007,-269.71409011865035,1920
peacock_education,BOLT_SMALL_F0,,v12_confirmation_peacock_education_f0,single_model,test_a,6,Peacock_education_Lyle,0.06100586408941426,0.18485019936057748,0.003213033321602173,117.13125905167539,354.9123827723088,6.169023977476172,1920
peacock_education,BOLT_SMALL_F0,,v12_confirmation_peacock_education_f0,single_model,test_a,7,Peacock_education_Ophelia,0.1783281396221987,0.3145290029346749,0.02807339830081522,342.3900280746215,603.8956856345758,53.90092473756522,1920
peacock_education,BOLT_SMALL_F0,,v12_confirmation_peacock_education_f0,single_model,test_a,8,Peacock_education_Pasquale,0.3361672462481641,0.4385247119656848,-0.04296306221228861,645.4411127964751,841.9674469741149,-82.48907944759412,1920
peacock_education,BOLT_SMALL_F0,,v12_confirmation_peacock_education_f0,single_model,test_a,9,Peacock_education_Patience,0.022275845084458897,0.11144353983302911,-0.021683933609165252,42.76962256216108,213.9715964794159,-41.63315252959728,1920
peacock_education,BOLT_SMALL_F0,,v12_confirmation_peacock_education_f0,single_model,test_a,10,Peacock_education_Robbie,0.5132231236942901,0.5512509021567288,-0.04782410942558878,985.388397493037,1058.4017321409192,-91.82229009713046,1920
peacock_education,BOLT_SMALL_F0,,v12_confirmation_peacock_education_f0,single_model,test_a,11,Peacock_education_Shelly,0.26686693148785656,0.34105424776591253,-0.05449155711496542,511.85077459370893,654.1420472150203,-104.51480654650368,1918
peacock_education,BOLT_SMALL_F0,,v12_confirmation_peacock_education_f0,single_model,test_a,12,Peacock_education_Yolanda,0.07861225452289249,0.20814574473273145,-0.03396034272069907,150.93552868395358,399.6398298868444,-65.20385802374221,1920
peacock_education,BOLT_SMALL_F0,,v12_confirmation_peacock_education_f0,single_model,test_b,0,Peacock_education_Anita,0.3052477217395371,0.3631383716999456,-0.016781923747475957,586.0756257399113,697.2256736638956,-32.22129359515384,1920
peacock_education,BOLT_SMALL_F0,,v12_confirmation_peacock_education_f0,single_model,test_b,1,Peacock_education_Dustin,0.09094906422578347,0.2214703199485181,-0.03121035658865973,174.62220331350426,425.22301430115476,-59.92388465022668,1920
peacock_education,BOLT_SMALL_F0,,v12_confirmation_peacock_education_f0,single_model,test_b,2,Peacock_education_Forest,0.09764659937233645,0.23704145593195766,-0.03888911928916476,187.28617759614133,454.6455124774948,-74.58933079661801,1918
peacock_education,BOLT_SMALL_F0,,v12_confirmation_peacock_education_f0,single_model,test_b,3,Peacock_education_Gilberto,0.17092383280627857,0.31308375693382307,-0.06522977062122663,328.17375898805483,601.1208133129403,-125.24115959275514,1920
peacock_education,BOLT_SMALL_F0,,v12_confirmation_peacock_education_f0,single_model,test_b,4,Peacock_education_Joshua,0.1566478014246595,0.2731965578683912,-0.004083536815710431,300.76377873534625,524.5373911073111,-7.840390686164028,1920
peacock_education,BOLT_SMALL_F0,,v12_confirmation_peacock_education_f0,single_model,test_b,5,Peacock_education_Karyn,0.3549972768046991,0.43697989000372556,0.03851974373870473,680.1747823578035,837.2534692471381,73.80382900335826,1916
peacock_education,BOLT_SMALL_F0,,v12_confirmation_peacock_education_f0,single_model,test_b,6,Peacock_education_Lyle,0.039039269377803845,0.13190624028090195,-0.010989695742561404,74.95539720538338,253.25998133933172,-21.100215825717896,1920
peacock_education,BOLT_SMALL_F0,,v12_confirmation_peacock_education_f0,single_model,test_b,7,Peacock_education_Ophelia,0.1403263350578735,0.2658118549464537,-0.0016396786819314001,269.42656331111715,510.35876149719115,-3.1481830693082884,1920
peacock_education,BOLT_SMALL_F0,,v12_confirmation_peacock_education_f0,single_model,test_b,8,Peacock_education_Pasquale,0.3367214025112555,0.43033924789956096,0.016140473989726917,646.5050928216106,826.251355967157,30.989710060275684,1920
peacock_education,BOLT_SMALL_F0,,v12_confirmation_peacock_education_f0,single_model,test_b,9,Peacock_education_Patience,0.026546520404689203,0.11067288055977163,-0.015433466975810006,50.96931917700327,212.49193067476153,-29.632256593555212,1920
peacock_education,BOLT_SMALL_F0,,v12_confirmation_peacock_education_f0,single_model,test_b,10,Peacock_education_Robbie,0.20459105646734912,0.3165081866250451,0.01697553291063135,392.8148284173103,607.6957183200866,32.59302318841219,1920
peacock_education,BOLT_SMALL_F0,,v12_confirmation_peacock_education_f0,single_model,test_b,11,Peacock_education_Shelly,0.193535669991335,0.2955680516719912,-0.01571478172099202,370.04020102343253,565.1261147968471,-30.046662650536746,1912
peacock_education,BOLT_SMALL_F0,,v12_confirmation_peacock_education_f0,single_model,test_b,12,Peacock_education_Yolanda,0.06708498072689074,0.19065504567261088,-0.023027701041913436,128.80316299563023,366.05768769141287,-44.2131860004738,1920
peacock_education,BOLT_SMALL_F0,,v12_confirmation_peacock_education_f0,single_model,combined,0,Peacock_education_Anita,0.35263907877565964,0.3877193196692436,-0.02601824153425696,1354.134062498533,1488.8421875298955,-99.91004749154672,3840
peacock_education,BOLT_SMALL_F0,,v12_confirmation_peacock_education_f0,single_model,combined,1,Peacock_education_Dustin,0.07445928060423015,0.20335821579744032,-0.02568441800030996,285.9236375202438,780.8955486621708,-98.62816512119025,3840
peacock_education,BOLT_SMALL_F0,,v12_confirmation_peacock_education_f0,single_model,combined,2,Peacock_education_Forest,0.1361871468189137,0.27132695814207103,-0.012586399500011726,522.6862694909908,1041.3528653492685,-48.306601281045005,3838
peacock_education,BOLT_SMALL_F0,,v12_confirmation_peacock_education_f0,single_model,combined,3,Peacock_education_Gilberto,0.24826580849562804,0.3267375838731823,-0.04554411275821622,953.3407046232116,1254.67232207302,-174.88939299155027,3840
peacock_education,BOLT_SMALL_F0,,v12_confirmation_peacock_education_f0,single_model,combined,4,Peacock_education_Joshua,0.21821207174705515,0.3331930443344428,-0.02921305618116321,837.9343555086917,1279.4612902442605,-112.17813573566673,3840
peacock_education,BOLT_SMALL_F0,,v12_confirmation_peacock_education_f0,single_model,combined,5,Peacock_education_Karyn,0.35779495030605246,0.436647515961324,-0.051071496641108466,1372.5014293740173,1674.9798712276388,-195.9102611152921,3836
peacock_education,BOLT_SMALL_F0,,v12_confirmation_peacock_education_f0,single_model,combined,6,Peacock_education_Lyle,0.05002256673360904,0.1583782198207397,-0.0038883312104796156,192.0866562570587,608.1723641116405,-14.931191848241724,3840
peacock_education,BOLT_SMALL_F0,,v12_confirmation_peacock_education_f0,single_model,combined,7,Peacock_education_Ophelia,0.1593272373400362,0.29017042894056433,0.013216859809441909,611.816591385739,1114.254447131767,50.75274166825693,3840
peacock_education,BOLT_SMALL_F0,,v12_confirmation_peacock_education_f0,single_model,combined,8,Peacock_education_Pasquale,0.33644432437971,0.4344319799326229,-0.013411294111280843,1291.9462056180864,1668.2188029412719,-51.49936938731844,3840
peacock_education,BOLT_SMALL_F0,,v12_confirmation_peacock_education_f0,single_model,combined,9,Peacock_education_Patience,0.024411182744574052,0.11105821019640037,-0.01855870029248763,93.73894173916436,426.4635271541774,-71.2654091231525,3840
peacock_education,BOLT_SMALL_F0,,v12_confirmation_peacock_education_f0,single_model,combined,10,Peacock_education_Robbie,0.35890709008081956,0.43387954439088694,-0.015424288257478717,1378.203225910347,1666.0974504610058,-59.22926690871827,3840
peacock_education,BOLT_SMALL_F0,,v12_confirmation_peacock_education_f0,single_model,combined,11,Peacock_education_Shelly,0.23025874037001084,0.31834677859317684,-0.035133542871289926,881.8909756171415,1219.2681620118674,-134.56146919704042,3830
peacock_education,BOLT_SMALL_F0,,v12_confirmation_peacock_education_f0,single_model,combined,12,Peacock_education_Yolanda,0.07284861762489163,0.19940039520267117,-0.02849402188130625,279.73869167958384,765.6975175782572,-109.41704402421601,3840
peacock_education,BOLT_MINI_F0,,peacock_education_BOLT_MINI_F0,single_model,test_a,0,Peacock_education_Anita,0.42480811238157323,0.4328180865602917,-0.00968380174745107,815.6315757726206,831.0107261957601,-18.592899355106056,1920
peacock_education,BOLT_MINI_F0,,peacock_education_BOLT_MINI_F0,single_model,test_a,1,Peacock_education_Dustin,0.061062932667516986,0.19115408628301037,-0.009425070814662226,117.24083072163262,367.0158456633799,-18.096135964151472,1920
peacock_education,BOLT_MINI_F0,,peacock_education_BOLT_MINI_F0,single_model,test_a,2,Peacock_education_Forest,0.17098151174534154,0.30604638744977514,-0.01466662704006012,328.28450255105577,587.6090639035683,-28.15992391691543,1920
peacock_education,BOLT_MINI_F0,,peacock_education_BOLT_MINI_F0,single_model,test_a,3,Peacock_education_Gilberto,0.3319960905198444,0.3466295708300701,-0.03187831276154611,637.4324937981013,665.5287759937346,-61.206360502168536,1920
peacock_education,BOLT_MINI_F0,,peacock_education_BOLT_MINI_F0,single_model,test_a,4,Peacock_education_Joshua,0.2857774961190659,0.3965830145600194,-0.05481022050444153,548.6927925486065,761.4393879552372,-105.23562336852774,1920
peacock_education,BOLT_MINI_F0,,peacock_education_BOLT_MINI_F0,single_model,test_a,5,Peacock_education_Karyn,0.3348281833579882,0.41994529142951553,-0.13102724713705052,642.8701120473373,806.2949595446698,-251.57231450313702,1920
peacock_education,BOLT_MINI_F0,,peacock_education_BOLT_MINI_F0,single_model,test_a,6,Peacock_education_Lyle,0.05969412602927746,0.18162340327404916,-0.015804868626158472,114.61272197621273,348.71693428617436,-30.345347762224264,1920
peacock_education,BOLT_MINI_F0,,peacock_education_BOLT_MINI_F0,single_model,test_a,7,Peacock_education_Ophelia,0.17660687672960285,0.3159238546732619,0.009929133731930051,339.0852033208375,606.5738009726629,19.063936765305698,1920
peacock_education,BOLT_MINI_F0,,peacock_education_BOLT_MINI_F0,single_model,test_a,8,Peacock_education_Pasquale,0.3423966834345648,0.44136678365690235,-0.0441241726600083,657.4016321943644,847.4242246212525,-84.71841150721593,1920
peacock_education,BOLT_MINI_F0,,peacock_education_BOLT_MINI_F0,single_model,test_a,9,Peacock_education_Patience,0.02362913286252906,0.1145593241089955,-0.03460888244056453,45.367935096055795,219.95390228927135,-66.4490542858839,1920
peacock_education,BOLT_MINI_F0,,peacock_education_BOLT_MINI_F0,single_model,test_a,10,Peacock_education_Robbie,0.5292477494913068,0.5610468245876594,-0.06813072727466836,1016.1556790233092,1077.209903208306,-130.81099636736326,1920
peacock_education,BOLT_MINI_F0,,peacock_education_BOLT_MINI_F0,single_model,test_a,11,Peacock_education_Shelly,0.2734978882378296,0.3461895241139639,-0.06282825989037367,524.5689496401571,663.9915072505828,-120.50460246973671,1918
peacock_education,BOLT_MINI_F0,,peacock_education_BOLT_MINI_F0,single_model,test_a,12,Peacock_education_Yolanda,0.0862374032381368,0.2164705738171809,-0.034817506538941716,165.57581421722267,415.6235017289873,-66.8496125547681,1920
peacock_education,BOLT_MINI_F0,,peacock_education_BOLT_MINI_F0,single_model,test_b,0,Peacock_education_Anita,0.30683292065102835,0.36159758666641817,0.0005224611937592272,589.1192076499744,694.2673663995229,1.0031254920177162,1920
peacock_education,BOLT_MINI_F0,,peacock_education_BOLT_MINI_F0,single_model,test_b,1,Peacock_education_Dustin,0.09154160326605555,0.22357155762268424,-0.027427599814594337,175.75987827082665,429.25739063555375,-52.660991644021124,1920
peacock_education,BOLT_MINI_F0,,peacock_education_BOLT_MINI_F0,single_model,test_b,2,Peacock_education_Forest,0.10271492635225087,0.24397748916500225,-0.05058692598291037,197.00722874361716,467.94882421847433,-97.02572403522208,1918
peacock_education,BOLT_MINI_F0,,peacock_education_BOLT_MINI_F0,single_model,test_b,3,Peacock_education_Gilberto,0.16265098577005402,0.3061639668730398,-0.08563674926845125,312.2898926785037,587.8348163962364,-164.42255859542638,1920
peacock_education,BOLT_MINI_F0,,peacock_education_BOLT_MINI_F0,single_model,test_b,4,Peacock_education_Joshua,0.15750806110908638,0.27275929889281086,-0.02895783454695599,302.4154773294459,523.6978538741969,-55.5990423301555,1920
peacock_education,BOLT_MINI_F0,,peacock_education_BOLT_MINI_F0,single_model,test_b,5,Peacock_education_Karyn,0.35188683380159635,0.43191190014361447,0.049479644079785015,674.2151735638586,827.5432006751653,94.80299805686809,1916
peacock_education,BOLT_MINI_F0,,peacock_education_BOLT_MINI_F0,single_model,test_b,6,Peacock_education_Lyle,0.03914043242738364,0.13532447984301446,-0.02152834822748749,75.14963026057659,259.82300129858777,-41.33442859677598,1920
peacock_education,BOLT_MINI_F0,,peacock_education_BOLT_MINI_F0,single_model,test_b,7,Peacock_education_Ophelia,0.14533818823398728,0.2715794647851605,-0.004834819627346102,279.0493214092556,521.4325723875081,-9.282853684504516,1920
peacock_education,BOLT_MINI_F0,,peacock_education_BOLT_MINI_F0,single_model,test_b,8,Peacock_education_Pasquale,0.3357736946109081,0.43010046897720333,0.01985036766338529,644.6854936529436,825.7929004362304,38.112705913699756,1920
peacock_education,BOLT_MINI_F0,,peacock_education_BOLT_MINI_F0,single_model,test_b,9,Peacock_education_Patience,0.025515240189978253,0.10979632359812967,-0.024932011560304092,48.98926116475825,210.80894130840898,-47.86946219578385,1920
peacock_education,BOLT_MINI_F0,,peacock_education_BOLT_MINI_F0,single_model,test_b,10,Peacock_education_Robbie,0.1686320988168286,0.29480554973367057,-0.01168034995838146,323.77362972831094,566.0266554886475,-22.426271920092404,1920
peacock_education,BOLT_MINI_F0,,peacock_education_BOLT_MINI_F0,single_model,test_b,11,Peacock_education_Shelly,0.197246746133642,0.3003333373410261,-0.011749697548861394,377.1357786075235,574.2373409960419,-22.465421713422984,1912
peacock_education,BOLT_MINI_F0,,peacock_education_BOLT_MINI_F0,single_model,test_b,12,Peacock_education_Yolanda,0.06779420631476342,0.1920062083619996,-0.02959121401120986,130.16487612434577,368.6519200550392,-56.815130901522934,1920
peacock_education,BOLT_MINI_F0,,peacock_education_BOLT_MINI_F0,single_model,combined,0,Peacock_education_Anita,0.36582051651630076,0.39720783661335496,-0.004580670276845921,1404.7507834225948,1525.278092595283,-17.58977386308834,3840
peacock_education,BOLT_MINI_F0,,peacock_education_BOLT_MINI_F0,single_model,combined,1,Peacock_education_Dustin,0.07630226796678626,0.2073628219528473,-0.01842633531462828,293.00070899245924,796.2732362989336,-70.7571276081726,3840
peacock_education,BOLT_MINI_F0,,peacock_education_BOLT_MINI_F0,single_model,combined,2,Peacock_education_Forest,0.13686600606948227,0.27502811050600384,-0.0326174173924277,525.2917312946729,1055.5578881220426,-125.18564795213751,3838
peacock_education,BOLT_MINI_F0,,peacock_education_BOLT_MINI_F0,single_model,combined,3,Peacock_education_Gilberto,0.2473235381449492,0.32639676885155494,-0.05875753101499868,949.7223864766049,1253.363592389971,-225.62891909759492,3840
peacock_education,BOLT_MINI_F0,,peacock_education_BOLT_MINI_F0,single_model,combined,4,Peacock_education_Joshua,0.22164277861407605,0.3346711567264151,-0.04188402752569876,851.108269878052,1285.137241829434,-160.83466569868324,3840
peacock_education,BOLT_MINI_F0,,peacock_education_BOLT_MINI_F0,single_model,combined,5,Peacock_education_Karyn,0.34334861460145866,0.42592235667878914,-0.040867913567849044,1317.0852856111953,1633.8381602198351,-156.76931644626893,3836
peacock_education,BOLT_MINI_F0,,peacock_education_BOLT_MINI_F0,single_model,combined,6,Peacock_education_Lyle,0.04941727922833054,0.1584739415585318,-0.01866660842682298,189.7623522367893,608.5399355847621,-71.67977635900024,3840
peacock_education,BOLT_MINI_F0,,peacock_education_BOLT_MINI_F0,single_model,combined,7,Peacock_education_Ophelia,0.16097253248179502,0.2937516597292112,0.0025471570522919746,618.1345247300928,1128.006373360171,9.781083080801181,3840
peacock_education,BOLT_MINI_F0,,peacock_education_BOLT_MINI_F0,single_model,combined,8,Peacock_education_Pasquale,0.33908518902273654,0.43573362631705287,-0.012136902498311505,1302.0871258473082,1673.217125057483,-46.60570559351618,3840
peacock_education,BOLT_MINI_F0,,peacock_education_BOLT_MINI_F0,single_model,combined,9,Peacock_education_Patience,0.024572186526253658,0.11217782385356259,-0.02977044700043431,94.35719626081405,430.76284359768033,-114.31851648166776,3840
peacock_education,BOLT_MINI_F0,,peacock_education_BOLT_MINI_F0,single_model,combined,10,Peacock_education_Robbie,0.34893992415406766,0.427926187160665,-0.03990553861652491,1339.9293087516198,1643.2365586969536,-153.23726828745566,3840
peacock_education,BOLT_MINI_F0,,peacock_education_BOLT_MINI_F0,single_model,combined,11,Peacock_education_Shelly,0.23543204392889827,0.32329734941165134,-0.03732898803737851,901.7047282476804,1238.2288482466247,-142.9700241831597,3830
peacock_education,BOLT_MINI_F0,,peacock_education_BOLT_MINI_F0,single_model,combined,12,Peacock_education_Yolanda,0.07701580477645008,0.20423839108959024,-0.03220436027507579,295.7406903415683,784.2754217840265,-123.66474345629103,3840
peacock_education,BOLT_TINY_F0,,peacock_education_BOLT_TINY_F0,single_model,test_a,0,Peacock_education_Anita,0.3862056051175327,0.4218087748454612,-0.01131571376414892,741.5147618256628,809.8728477032855,-21.726170427165926,1920
peacock_education,BOLT_TINY_F0,,peacock_education_BOLT_TINY_F0,single_model,test_a,1,Peacock_education_Dustin,0.06396644760606383,0.1967902786474345,-0.002314534681257404,122.81557940364257,377.83733500307426,-4.443906588014215,1920
peacock_education,BOLT_TINY_F0,,peacock_education_BOLT_TINY_F0,single_model,test_a,2,Peacock_education_Forest,0.17036478670354813,0.3055702348524695,0.004110447642233339,327.1003904708124,586.6948509167414,7.892059473088011,1920
peacock_education,BOLT_TINY_F0,,peacock_education_BOLT_TINY_F0,single_model,test_a,3,Peacock_education_Gilberto,0.3430889190157387,0.35318499152829946,-0.037966358815901914,658.7307245102182,678.115183734335,-72.89540892653167,1920
peacock_education,BOLT_TINY_F0,,peacock_education_BOLT_TINY_F0,single_model,test_a,4,Peacock_education_Joshua,0.2755957367030208,0.39243430534479556,-0.0627498862069236,529.1438144698,753.4738662620075,-120.4797815172933,1920
peacock_education,BOLT_TINY_F0,,peacock_education_BOLT_TINY_F0,single_model,test_a,5,Peacock_education_Karyn,0.37129849762340683,0.44055476691549605,-0.15034181485073836,712.8931154369411,845.8651524777524,-288.65628451341763,1920
peacock_education,BOLT_TINY_F0,,peacock_education_BOLT_TINY_F0,single_model,test_a,6,Peacock_education_Lyle,0.05896287988947722,0.1782250451584332,0.004148399845325912,113.20872938779625,342.19208670419175,7.964927703025751,1920
peacock_education,BOLT_TINY_F0,,peacock_education_BOLT_TINY_F0,single_model,test_a,7,Peacock_education_Ophelia,0.1761309026547403,0.3140223181840459,-0.00287321025437753,338.17133309710135,602.9228509133682,-5.516563688404858,1920
peacock_education,BOLT_TINY_F0,,peacock_education_BOLT_TINY_F0,single_model,test_a,8,Peacock_education_Pasquale,0.3472986940687504,0.4470760037577369,-0.05726308015589439,666.8134926120008,858.3859272148547,-109.94511389931722,1920
peacock_education,BOLT_TINY_F0,,peacock_education_BOLT_TINY_F0,single_model,test_a,9,Peacock_education_Patience,0.024185443383789505,0.11678776200084637,-0.03252480803057552,46.436051296875846,224.23250304162502,-62.44763141870499,1920
peacock_education,BOLT_TINY_F0,,peacock_education_BOLT_TINY_F0,single_model,test_a,10,Peacock_education_Robbie,0.48431498269707945,0.5392649791619382,-0.06277699568054232,929.8847667783925,1035.3887599909212,-120.53183170664124,1920
peacock_education,BOLT_TINY_F0,,peacock_education_BOLT_TINY_F0,single_model,test_a,11,Peacock_education_Shelly,0.27490147021000105,0.351586456609549,-0.06990981410047267,527.2610198627821,674.342823777115,-134.08702344470657,1918
peacock_education,BOLT_TINY_F0,,peacock_education_BOLT_TINY_F0,single_model,test_a,12,Peacock_education_Yolanda,0.0835207675622045,0.21174472041687598,-0.029660618599276253,160.35987371943264,406.5498632004019,-56.948387710610405,1920
peacock_education,BOLT_TINY_F0,,peacock_education_BOLT_TINY_F0,single_model,test_b,0,Peacock_education_Anita,0.30919024601329836,0.368062056691997,-0.015661490737935917,593.6452723455328,706.6791488486342,-30.07006221683696,1920
peacock_education,BOLT_TINY_F0,,peacock_education_BOLT_TINY_F0,single_model,test_b,1,Peacock_education_Dustin,0.09645723275848354,0.23052275359635435,-0.021398083627718733,185.1978868962884,442.60368690500036,-41.08432056521997,1920
peacock_education,BOLT_TINY_F0,,peacock_education_BOLT_TINY_F0,single_model,test_b,2,Peacock_education_Forest,0.09959181688524635,0.2421638717864202,-0.035278219343391294,191.0171047859025,464.47030608635396,-67.6636247006245,1918
peacock_education,BOLT_TINY_F0,,peacock_education_BOLT_TINY_F0,single_model,test_b,3,Peacock_education_Gilberto,0.17334947063395661,0.31644966466362046,-0.07651055244350573,332.8309836171967,607.5833561541513,-146.900260691531,1920
peacock_education,BOLT_TINY_F0,,peacock_education_BOLT_TINY_F0,single_model,test_b,4,Peacock_education_Joshua,0.16141280200728916,0.276737192164372,-0.025698711461268432,309.91257985399517,531.3354089555942,-49.34152600563539,1920
peacock_education,BOLT_TINY_F0,,peacock_education_BOLT_TINY_F0,single_model,test_b,5,Peacock_education_Karyn,0.36418974716808394,0.4428238797229754,0.014484095491302668,697.7875555740488,848.4505535492208,27.751526961335912,1916
peacock_education,BOLT_TINY_F0,,peacock_education_BOLT_TINY_F0,single_model,test_b,6,Peacock_education_Lyle,0.045935817003496214,0.14522219105104645,-0.02647543640511382,88.19676864671273,278.82660681800917,-50.832837897818536,1920
peacock_education,BOLT_TINY_F0,,peacock_education_BOLT_TINY_F0,single_model,test_b,7,Peacock_education_Ophelia,0.1471670770298486,0.2754344198045752,-0.01288634156377763,282.5607878973093,528.8340860247845,-24.74177580245305,1920
peacock_education,BOLT_TINY_F0,,peacock_education_BOLT_TINY_F0,single_model,test_b,8,Peacock_education_Pasquale,0.3394894514192782,0.43472785808099845,0.005949387170331496,651.8197467250142,834.677487515517,11.422823367036472,1920
peacock_education,BOLT_TINY_F0,,peacock_education_BOLT_TINY_F0,single_model,test_b,9,Peacock_education_Patience,0.02843768844734722,0.11817399848368951,-0.025094826094573364,54.60036181890666,226.89407708868384,-48.18206610158086,1920
peacock_education,BOLT_TINY_F0,,peacock_education_BOLT_TINY_F0,single_model,test_b,10,Peacock_education_Robbie,0.1790018534388325,0.30668587220522264,-0.011353655752221433,343.6835586025584,588.8368746340275,-21.79901904426515,1920
peacock_education,BOLT_TINY_F0,,peacock_education_BOLT_TINY_F0,single_model,test_b,11,Peacock_education_Shelly,0.1945133744854153,0.299866732700911,-0.03784636832422004,371.90957201611405,573.3451929241419,-72.36225623590872,1912
peacock_education,BOLT_TINY_F0,,peacock_education_BOLT_TINY_F0,single_model,test_b,12,Peacock_education_Yolanda,0.07261659594673718,0.1982353689163574,-0.037467002059080795,139.4238642177354,380.6119083194062,-71.93664395343512,1920
peacock_education,BOLT_TINY_F0,,peacock_education_BOLT_TINY_F0,single_model,combined,0,Peacock_education_Anita,0.3476979255654154,0.3949354157687291,-0.013488602251042418,1335.160034171195,1516.5519965519197,-51.796232644002885,3840
peacock_education,BOLT_TINY_F0,,peacock_education_BOLT_TINY_F0,single_model,combined,1,Peacock_education_Dustin,0.08021184018227365,0.21365651612189443,-0.011856309154488069,308.0134662999308,820.4410219080746,-45.528227153234184,3840
peacock_education,BOLT_TINY_F0,,peacock_education_BOLT_TINY_F0,single_model,combined,2,Peacock_education_Forest,0.13499674185948804,0.2738835739976799,-0.015573623040004295,518.1174952567151,1051.1651570030954,-59.771565227536485,3838
peacock_education,BOLT_TINY_F0,,peacock_education_BOLT_TINY_F0,single_model,combined,3,Peacock_education_Gilberto,0.2582191948248477,0.33481732809596,-0.057238455629703824,991.5617081274152,1285.6985398884863,-219.79566961806267,3840
peacock_education,BOLT_TINY_F0,,peacock_education_BOLT_TINY_F0,single_model,combined,4,Peacock_education_Joshua,0.218504269355155,0.33458574875458374,-0.04422429883409602,839.0563943237952,1284.8092752176017,-169.8213075229287,3840
peacock_education,BOLT_TINY_F0,,peacock_education_BOLT_TINY_F0,single_model,combined,5,Peacock_education_Karyn,0.36774782873070644,0.4416881402572923,-0.06801479602504737,1410.68067101099,1694.3157060269732,-260.9047575520817,3836
peacock_education,BOLT_TINY_F0,,peacock_education_BOLT_TINY_F0,single_model,combined,6,Peacock_education_Lyle,0.052449348446486695,0.1617236181047398,-0.011163518279893954,201.4054980345089,621.0186935222009,-42.867910194792785,3840
peacock_education,BOLT_TINY_F0,,peacock_education_BOLT_TINY_F0,single_model,combined,7,Peacock_education_Ophelia,0.1616489898422945,0.2947283689943106,-0.00787977590907758,620.7321209944109,1131.7569369381526,-30.258339490857907,3840
peacock_education,BOLT_TINY_F0,,peacock_education_BOLT_TINY_F0,single_model,combined,8,Peacock_education_Pasquale,0.3433940727440144,0.44090193091936764,-0.025656846492781445,1318.6332393370153,1693.0634147303717,-98.52229053228075,3840
peacock_education,BOLT_TINY_F0,,peacock_education_BOLT_TINY_F0,single_model,combined,9,Peacock_education_Patience,0.026311565915568363,0.11748088024226794,-0.02880981706257444,101.03641311578251,451.12658013030887,-110.62969752028584,3840
peacock_education,BOLT_TINY_F0,,peacock_education_BOLT_TINY_F0,single_model,combined,10,Peacock_education_Robbie,0.3316584180679559,0.4229754256835804,-0.037065325716381874,1273.5683253809505,1624.2256346249487,-142.3308507509064,3840
peacock_education,BOLT_TINY_F0,,peacock_education_BOLT_TINY_F0,single_model,combined,11,Peacock_education_Shelly,0.23477038952451595,0.3257671061883177,-0.05390320618292827,899.1705918788961,1247.6880167012569,-206.4492796806153,3830
peacock_education,BOLT_TINY_F0,,peacock_education_BOLT_TINY_F0,single_model,combined,12,Peacock_education_Yolanda,0.07806868175447083,0.2049900446666167,-0.033563810329178524,299.783737937168,787.1617715198081,-128.88503166404553,3840
jena,BOLT_SMALL_LEVEL,LEVEL,v7_jena_level_res_92601,92601,test_a,0,p (mbar),0.12687192867977679,0.2627769877490857,0.007974182572565307,2222.7961904696895,4603.8528253639815,139.70767867134418,17520
jena,BOLT_SMALL_LEVEL,LEVEL,v7_jena_level_res_92601,92601,test_a,1,T (degC),0.11611538004333856,0.22660666719088585,-0.03096758621913853,2034.3414583592917,3970.1488091843203,-542.552110559307,17520
jena,BOLT_SMALL_LEVEL,LEVEL,v7_jena_level_res_92601,92601,test_a,2,Tpot (K),0.1164543357272299,0.22859789640254652,-0.03118278675212431,2040.2799619410678,4005.035144972615,-546.322423897218,17520
jena,BOLT_SMALL_LEVEL,LEVEL,v7_jena_level_res_92601,92601,test_a,3,Tdew (degC),0.098611107596044,0.2219547407729021,-0.022650464990359786,1727.6666050826907,3888.6470583412447,-396.8361466311035,17520
jena,BOLT_SMALL_LEVEL,LEVEL,v7_jena_level_res_92601,92601,test_a,4,rh (%),0.4545137762792084,0.4653253942890539,0.022113106013896298,7963.081360411731,8152.500907944224,387.42161736346316,17520
jena,BOLT_SMALL_LEVEL,LEVEL,v7_jena_level_res_92601,92601,test_a,5,VPmax (mbar),0.17732805323917014,0.27292696669872585,-0.024146706765477324,3106.7874927502608,4781.680456561677,-423.05030253116274,17520
jena,BOLT_SMALL_LEVEL,LEVEL,v7_jena_level_res_92601,92601,test_a,6,VPact (mbar),0.14962843211351073,0.2696269445752652,-0.016173365217242903,2621.490130628708,4723.864068958646,-283.35735860609566,17520
jena,BOLT_SMALL_LEVEL,LEVEL,v7_jena_level_res_92601,92601,test_a,7,VPdef (mbar),0.4726178626468524,0.426943931689597,-0.022168016062156917,8280.264953572854,7480.05768320174,-388.3836414089892,17520
jena,BOLT_SMALL_LEVEL,LEVEL,v7_jena_level_res_92601,92601,test_a,8,sh (g/kg),0.15106913253202467,0.270468303268252,-0.01621780387235813,2646.731201961072,4738.604673259775,-284.1359238437144,17520
jena,BOLT_SMALL_LEVEL,LEVEL,v7_jena_level_res_92601,92601,test_a,9,H2OC (mmol/mol),0.1505270035214499,0.2700787910362057,-0.016303207377628606,2637.2331016958024,4731.780418954324,-285.63219325605314,17520
jena,BOLT_SMALL_LEVEL,LEVEL,v7_jena_level_res_92601,92601,test_a,10,rho (g/m**3),0.1076436309875687,0.22332982849046853,0.030542210246319666,1885.9164149022035,3912.7385951530086,535.0995235155206,17520
jena,BOLT_SMALL_LEVEL,LEVEL,v7_jena_level_res_92601,92601,test_a,11,wv (m/s),0.6199280477811469,0.5798150800125722,-0.032562568866353815,10861.139397125693,10158.360201820266,-570.4962065385189,17520
jena,BOLT_SMALL_LEVEL,LEVEL,v7_jena_level_res_92601,92601,test_a,12,max. wv (m/s),0.6065384406374351,0.5704895184098527,-0.03771766081922018,10626.553479967863,9994.97636254062,-660.8134175527375,17520
jena,BOLT_SMALL_LEVEL,LEVEL,v7_jena_level_res_92601,92601,test_a,13,wd (deg),1.0805117577213283,0.7137393838984318,-0.05727660608806455,18930.565995277673,12504.714005900525,-1003.4861386628909,17520
jena,BOLT_SMALL_LEVEL,LEVEL,v7_jena_level_res_92601,92601,test_a,14,rain (mm),1.2603207104664609,0.327422945468913,-0.09438492765745306,22080.818847372393,5736.450004615355,-1653.6239325585775,17520
jena,BOLT_SMALL_LEVEL,LEVEL,v7_jena_level_res_92601,92601,test_a,15,raining (s),0.8112012959381943,0.41281417631109607,-0.05989838254723866,14212.246704837165,7232.504368970403,-1049.4196622276213,17520
jena,BOLT_SMALL_LEVEL,LEVEL,v7_jena_level_res_92601,92601,test_a,16,SWDR (W/m²),0.5951964746683417,0.5131616038406595,0.008185375785429126,10427.842236189346,8990.591299288353,143.4077837607183,17520
jena,BOLT_SMALL_LEVEL,LEVEL,v7_jena_level_res_92601,92601,test_a,17,PAR (µmol/m²/s),0.5796945848402603,0.5096110038330518,0.007047269470190445,10156.24912640136,8928.384787155068,123.4681611177366,17520
jena,BOLT_SMALL_LEVEL,LEVEL,v7_jena_level_res_92601,92601,test_a,18,max. PAR (µmol/m²/s),0.54759646031876,0.4930897351554798,0.00522118043595936,9593.889984784675,8638.932159924007,91.47508123800799,17520
jena,BOLT_SMALL_LEVEL,LEVEL,v7_jena_level_res_92601,92601,test_a,19,Tlog (degC),0.12676008465911517,0.23549889499344437,-0.02460908834452299,2220.836683227698,4125.9406402851455,-431.1512277960428,17520
jena,BOLT_SMALL_LEVEL,LEVEL,v7_jena_level_res_92601,92601,test_a,20,CO2 (ppm),0.5170766239683875,0.507995552614546,0.05791637417179911,9059.182451926148,8900.082081806846,1014.6948754899204,17520
jena,BOLT_SMALL_LEVEL,LEVEL,v7_jena_level_res_92601,92601,test_b,0,p (mbar),0.14220068446347636,0.2711313503951187,0.03215425089362131,2491.355991800106,4750.22125892248,563.3424756562454,17520
jena,BOLT_SMALL_LEVEL,LEVEL,v7_jena_level_res_92601,92601,test_b,1,T (degC),0.06307074134168457,0.16134996769182197,0.007668156611582171,1104.9993883063137,2826.851433960721,134.34610383491963,17520
jena,BOLT_SMALL_LEVEL,LEVEL,v7_jena_level_res_92601,92601,test_b,2,Tpot (K),0.0640641458536414,0.16262632178338818,0.0041061232362971664,1122.4038353557974,2849.213157644961,71.93927909992635,17520
jena,BOLT_SMALL_LEVEL,LEVEL,v7_jena_level_res_92601,92601,test_b,3,Tdew (degC),0.05865634086765803,0.16558964248288746,-0.0055454857720610455,1027.6590920013687,2901.1305363001884,-97.15691072650952,17520
jena,BOLT_SMALL_LEVEL,LEVEL,v7_jena_level_res_92601,92601,test_b,4,rh (%),0.17170496676958358,0.2796757282635591,-0.02466505209197512,3008.2710178031043,4899.918759177555,-432.1317126514041,17520
jena,BOLT_SMALL_LEVEL,LEVEL,v7_jena_level_res_92601,92601,test_b,5,VPmax (mbar),0.043487343143470227,0.13311577578419825,0.006575609721561264,761.8982518735984,2332.1883917391533,115.20468232175335,17520
jena,BOLT_SMALL_LEVEL,LEVEL,v7_jena_level_res_92601,92601,test_b,6,VPact (mbar),0.04513859386645943,0.14220672019848246,-0.007966641701212411,790.8281645403692,2491.461737877413,-139.57556260524143,17520
jena,BOLT_SMALL_LEVEL,LEVEL,v7_jena_level_res_92601,92601,test_b,7,VPdef (mbar),0.06455065174067615,0.16607868079267246,0.016780270966496553,1130.9274184966462,2909.6984874876216,293.9903473330196,17520
jena,BOLT_SMALL_LEVEL,LEVEL,v7_jena_level_res_92601,92601,test_b,8,sh (g/kg),0.04508372356729687,0.14140579141260468,-0.008918643540508203,789.8668368990411,2477.429465548834,-156.25463482970372,17520
jena,BOLT_SMALL_LEVEL,LEVEL,v7_jena_level_res_92601,92601,test_b,9,H2OC (mmol/mol),0.045238436550513475,0.1416524689915945,-0.008861021018391963,792.5774083649961,2481.751256732736,-155.2450882422272,17520
jena,BOLT_SMALL_LEVEL,LEVEL,v7_jena_level_res_92601,92601,test_b,10,rho (g/m**3),0.07286027521282964,0.17889563169076997,0.004195040106540413,1276.5120217287754,3134.2514672222896,73.49710266658803,17520
jena,BOLT_SMALL_LEVEL,LEVEL,v7_jena_level_res_92601,92601,test_b,11,wv (m/s),0.6266031090751139,0.5294954806965585,-0.029619176818504952,10978.086470995995,9276.760821803706,-518.9279778602067,17520
jena,BOLT_SMALL_LEVEL,LEVEL,v7_jena_level_res_92601,92601,test_b,12,max. wv (m/s),0.5499182758967989,0.5149255959099275,-0.03352317180222466,9634.568193711915,9021.496440341929,-587.325969974976,17520
jena,BOLT_SMALL_LEVEL,LEVEL,v7_jena_level_res_92601,92601,test_b,13,wd (deg),1.130078344937161,0.7381389772290493,0.011932362424726074,19798.97260329906,12932.194881052943,209.05498968120082,17520
jena,BOLT_SMALL_LEVEL,LEVEL,v7_jena_level_res_92601,92601,test_b,14,rain (mm),0.172139100806983,0.16162949704930102,-0.08968957415374927,3015.877046138342,2831.748788303754,-1571.3613391736872,17520
jena,BOLT_SMALL_LEVEL,LEVEL,v7_jena_level_res_92601,92601,test_b,15,raining (s),0.7675231345013203,0.371265484415235,-0.07793401061651854,13447.005316463132,6504.571286954917,-1365.4038660014048,17520
jena,BOLT_SMALL_LEVEL,LEVEL,v7_jena_level_res_92601,92601,test_b,16,SWDR (W/m²),0.16337954966471724,0.25145383359114565,0.0005055481790344084,2862.409710125846,4405.471164516872,8.857204096682835,17520
jena,BOLT_SMALL_LEVEL,LEVEL,v7_jena_level_res_92601,92601,test_b,17,PAR (µmol/m²/s),0.15012317884757873,0.24506594691692413,0.0004939029246536985,2630.158093409579,4293.555389984511,8.653179239932797,17520
jena,BOLT_SMALL_LEVEL,LEVEL,v7_jena_level_res_92601,92601,test_b,18,max. PAR (µmol/m²/s),0.13480755319205348,0.2353705934863168,0.0004042162827841223,2361.828331924777,4123.6927978802705,7.081869274377823,17520
jena,BOLT_SMALL_LEVEL,LEVEL,v7_jena_level_res_92601,92601,test_b,19,Tlog (degC),0.06479207739091389,0.1671051091392066,0.012452740658234887,1135.1571958888112,2927.6815121188993,218.17201633227523,17520
jena,BOLT_SMALL_LEVEL,LEVEL,v7_jena_level_res_92601,92601,test_b,20,CO2 (ppm),0.17556790628875554,0.29985941107148045,0.02581832448963329,3075.949718178997,5253.536881972337,452.3370450583752,17520
jena,BOLT_SMALL_LEVEL,LEVEL,v7_jena_level_res_92601,92601,combined,0,p (mbar),0.13453630657162666,0.26695416907210223,0.020064216733093308,4714.152182269798,9354.074084286462,703.0501543275896,35040
jena,BOLT_SMALL_LEVEL,LEVEL,v7_jena_level_res_92601,92601,combined,1,T (degC),0.08959306069251168,0.1939783174413539,-0.01164971480377818,3139.340846665609,6797.000243145041,-408.2060067243874,35040
jena,BOLT_SMALL_LEVEL,LEVEL,v7_jena_level_res_92601,92601,combined,2,Tpot (K),0.09025924079043575,0.19561210909296736,-0.013538331757913573,3162.6837972968688,6854.248302617576,-474.3831447972916,35040
jena,BOLT_SMALL_LEVEL,LEVEL,v7_jena_level_res_92601,92601,combined,3,Tdew (degC),0.07863372423185101,0.19377219162789477,-0.014097975381210416,2755.3256970840594,6789.777594641433,-493.993057357613,35040
jena,BOLT_SMALL_LEVEL,LEVEL,v7_jena_level_res_92601,92601,combined,4,rh (%),0.3131093715243962,0.3725005612763065,-0.00127597303903941,10971.352378214844,13052.41966712178,-44.71009528794093,35040
jena,BOLT_SMALL_LEVEL,LEVEL,v7_jena_level_res_92601,92601,combined,5,VPmax (mbar),0.11040769819132018,0.20302137124146205,-0.008785548521958031,3868.685744623859,7113.86884830083,-307.8456202094094,35040
jena,BOLT_SMALL_LEVEL,LEVEL,v7_jena_level_res_92601,92601,combined,6,VPact (mbar),0.09738351298998513,0.20591683238687383,-0.012070003459227657,3412.3182951690787,7215.325806836059,-422.9329212113371,35040
jena,BOLT_SMALL_LEVEL,LEVEL,v7_jena_level_res_92601,92601,combined,7,VPdef (mbar),0.2685842571937644,0.29651130624113475,-0.0026938725478301826,9411.192372069505,10389.756170689361,-94.3932940759696,35040
jena,BOLT_SMALL_LEVEL,LEVEL,v7_jena_level_res_92601,92601,combined,8,sh (g/kg),0.09807642804966067,0.20593704734042834,-0.012568223706433165,3436.59803886011,7216.034138808609,-440.3905586734181,35040
jena,BOLT_SMALL_LEVEL,LEVEL,v7_jena_level_res_92601,92601,combined,9,H2OC (mmol/mol),0.09788272003598154,0.2058656300139001,-0.012582114198010284,3429.810510060793,7213.53167568706,-440.87728149828035,35040
jena,BOLT_SMALL_LEVEL,LEVEL,v7_jena_level_res_92601,92601,combined,10,rho (g/m**3),0.0902519531001992,0.20111273009061925,0.01736862517643004,3162.4284366309803,7046.990062375298,608.5966261821086,35040
jena,BOLT_SMALL_LEVEL,LEVEL,v7_jena_level_res_92601,92601,combined,11,wv (m/s),0.6232655784281309,0.5546552803545653,-0.031090872842429385,21839.225868121706,19435.12102362397,-1089.4241843987256,35040
jena,BOLT_SMALL_LEVEL,LEVEL,v7_jena_level_res_92601,92601,combined,12,max. wv (m/s),0.5782283582671167,0.54270755715989,-0.03562041631072242,20261.12167367977,19016.47280288255,-1248.1393875277136,35040
jena,BOLT_SMALL_LEVEL,LEVEL,v7_jena_level_res_92601,92601,combined,13,wd (deg),1.1052950513292432,0.7259391805637405,-0.022672121831669237,38729.538598576684,25436.908886953468,-794.4311489816901,35040
jena,BOLT_SMALL_LEVEL,LEVEL,v7_jena_level_res_92601,92601,combined,14,rain (mm),0.7162299056367218,0.244526221259107,-0.09203725090560116,25096.695893510732,8568.19879291911,-3224.9852717322647,35040
jena,BOLT_SMALL_LEVEL,LEVEL,v7_jena_level_res_92601,92601,combined,15,raining (s),0.7893622152197567,0.39203983036316553,-0.0689161965818786,27659.252021300275,13737.07565592532,-2414.823528229026,35040
jena,BOLT_SMALL_LEVEL,LEVEL,v7_jena_level_res_92601,92601,combined,16,SWDR (W/m²),0.37928801216652935,0.3823077187159025,0.004345461982231767,13290.25194631519,13396.062463805225,152.26498785740114,35040
jena,BOLT_SMALL_LEVEL,LEVEL,v7_jena_level_res_92601,92601,combined,17,PAR (µmol/m²/s),0.36490888184391945,0.377338475374988,0.003770586197422072,12786.407219810937,13221.940177139579,132.1213403576694,35040
jena,BOLT_SMALL_LEVEL,LEVEL,v7_jena_level_res_92601,92601,combined,18,max. PAR (µmol/m²/s),0.34120200675540696,0.36423016432089833,0.0028126983593717413,11955.718316709459,12762.624957804277,98.55695051238581,35040
jena,BOLT_SMALL_LEVEL,LEVEL,v7_jena_level_res_92601,92601,combined,19,Tlog (degC),0.09577608102501446,0.20130200206632548,-0.006078173843144052,3355.993879116507,7053.622152404045,-212.97921146376757,35040
jena,BOLT_SMALL_LEVEL,LEVEL,v7_jena_level_res_92601,92601,combined,20,CO2 (ppm),0.34632226512857156,0.4039274818430132,0.041867349330716196,12135.132170105147,14153.618963779183,1467.0319205482956,35040
jena,BOLT_SMALL_LEVEL,LEVEL,v7_jena_level_res_92602,92602,test_a,0,p (mbar),0.12761373716376198,0.2651337385854509,0.009474675874027783,2235.79267510911,4645.1431000171,165.99632131296676,17520
jena,BOLT_SMALL_LEVEL,LEVEL,v7_jena_level_res_92602,92602,test_a,1,T (degC),0.11503432101669417,0.2255205539785821,-0.03148032996594081,2015.4013042124818,3951.1201057047583,-551.535381003283,17520
jena,BOLT_SMALL_LEVEL,LEVEL,v7_jena_level_res_92602,92602,test_a,2,Tpot (K),0.11531635863911309,0.22732821782834542,-0.03184543996273229,2020.3426033572614,3982.790376352612,-557.9321081470698,17520
jena,BOLT_SMALL_LEVEL,LEVEL,v7_jena_level_res_92602,92602,test_a,3,Tdew (degC),0.09890393358298813,0.22227867800026685,-0.023107681752249122,1732.796916373952,3894.3224385646754,-404.84658429940464,17520
jena,BOLT_SMALL_LEVEL,LEVEL,v7_jena_level_res_92602,92602,test_a,4,rh (%),0.4492711111168975,0.4632619477947184,0.022206447858340268,7871.229866768044,8116.349325363466,389.05696647812147,17520
jena,BOLT_SMALL_LEVEL,LEVEL,v7_jena_level_res_92602,92602,test_a,5,VPmax (mbar),0.17947709049051444,0.27364728571247726,-0.02335965847360639,3144.438625393813,4794.300445682602,-409.26121645758394,17520
jena,BOLT_SMALL_LEVEL,LEVEL,v7_jena_level_res_92602,92602,test_a,6,VPact (mbar),0.14899840066117578,0.26908913939175394,-0.015622806099818429,2610.4519795837996,4714.441722143529,-273.7115628688189,17520
jena,BOLT_SMALL_LEVEL,LEVEL,v7_jena_level_res_92602,92602,test_a,7,VPdef (mbar),0.47841989411630415,0.42650183816172954,-0.021469639287161835,8381.916544917649,7472.3122045935015,-376.1480803110753,17520
jena,BOLT_SMALL_LEVEL,LEVEL,v7_jena_level_res_92602,92602,test_a,8,sh (g/kg),0.1504150146237241,0.26989258671783817,-0.015666395993254756,2635.2710562076463,4728.518119296525,-274.4752578018233,17520
jena,BOLT_SMALL_LEVEL,LEVEL,v7_jena_level_res_92602,92602,test_a,9,H2OC (mmol/mol),0.14987563296744957,0.2694976569267458,-0.015780319797639792,2625.8210895897164,4721.598949356587,-276.47120285464916,17520
jena,BOLT_SMALL_LEVEL,LEVEL,v7_jena_level_res_92602,92602,test_a,10,rho (g/m**3),0.10668416902418554,0.22220544329124736,0.031572501867050386,1869.1066413037306,3893.0393664626536,553.1502327107228,17520
jena,BOLT_SMALL_LEVEL,LEVEL,v7_jena_level_res_92602,92602,test_a,11,wv (m/s),0.6200720378820413,0.5790679176889927,-0.03249302833274881,10863.662103693365,10145.269917911151,-569.2778563897591,17520
jena,BOLT_SMALL_LEVEL,LEVEL,v7_jena_level_res_92602,92602,test_a,12,max. wv (m/s),0.6047966302627149,0.569306764703193,-0.037521690149064875,10596.036962202765,9974.25451759994,-657.3800114116166,17520
jena,BOLT_SMALL_LEVEL,LEVEL,v7_jena_level_res_92602,92602,test_a,13,wd (deg),1.0881103531213174,0.7188984820438078,-0.05829037686956131,19063.69338668548,12595.101405407513,-1021.2474027547141,17520
jena,BOLT_SMALL_LEVEL,LEVEL,v7_jena_level_res_92602,92602,test_a,14,rain (mm),1.2536446447726441,0.32075809168343095,-0.09765671657518746,21963.854176416724,5619.68176629371,-1710.9456743972842,17520
jena,BOLT_SMALL_LEVEL,LEVEL,v7_jena_level_res_92602,92602,test_a,15,raining (s),0.8199055282482404,0.41686393012522327,-0.056662838212235674,14364.744854909171,7303.456055793911,-992.732925478369,17520
jena,BOLT_SMALL_LEVEL,LEVEL,v7_jena_level_res_92602,92602,test_a,16,SWDR (W/m²),0.5954799819794679,0.5134192391109819,0.007838422132986685,10432.809284280278,8995.105069224403,137.32915576992673,17520
jena,BOLT_SMALL_LEVEL,LEVEL,v7_jena_level_res_92602,92602,test_a,17,PAR (µmol/m²/s),0.5801542700748352,0.5099256550780551,0.006706966126112757,10164.302811711113,8933.897476967526,117.5060465294955,17520
jena,BOLT_SMALL_LEVEL,LEVEL,v7_jena_level_res_92602,92602,test_a,18,max. PAR (µmol/m²/s),0.545611991380099,0.492281067744326,0.004734560893691557,9559.122088979335,8624.764306880592,82.94950685747608,17520
jena,BOLT_SMALL_LEVEL,LEVEL,v7_jena_level_res_92602,92602,test_a,19,Tlog (degC),0.12707883152514268,0.23581792466328097,-0.02436642040967738,2226.4211283205,4131.5300401006825,-426.89968557754764,17520
jena,BOLT_SMALL_LEVEL,LEVEL,v7_jena_level_res_92602,92602,test_a,20,CO2 (ppm),0.5228751708858577,0.5107328875730565,0.05604125267845157,9160.772993920227,8948.04019027995,981.8427469264716,17520
jena,BOLT_SMALL_LEVEL,LEVEL,v7_jena_level_res_92602,92602,test_b,0,p (mbar),0.14534594722535113,0.27514117967929447,0.03306957107189403,2546.460995388152,4820.473467981239,579.3788851795834,17520
jena,BOLT_SMALL_LEVEL,LEVEL,v7_jena_level_res_92602,92602,test_b,1,T (degC),0.06332425677513177,0.16178799131552934,0.007945391941617868,1109.4409787003087,2834.5256078480743,139.20326681714505,17520
jena,BOLT_SMALL_LEVEL,LEVEL,v7_jena_level_res_92602,92602,test_b,2,Tpot (K),0.06414263912589366,0.16273994138009834,0.00427338589975806,1123.779037485657,2851.203772979323,74.86972096376121,17520
jena,BOLT_SMALL_LEVEL,LEVEL,v7_jena_level_res_92602,92602,test_b,3,Tdew (degC),0.05883035446476626,0.16571159736632335,-0.005308099352253242,1030.707810222705,2903.267185857985,-92.99790065147681,17520
jena,BOLT_SMALL_LEVEL,LEVEL,v7_jena_level_res_92602,92602,test_b,4,rh (%),0.1729650915159056,0.2807404185905157,-0.024889875545005498,3030.3484033586665,4918.572133705835,-436.0706195484963,17520
jena,BOLT_SMALL_LEVEL,LEVEL,v7_jena_level_res_92602,92602,test_b,5,VPmax (mbar),0.04268166640688578,0.13199931872680626,0.0062125904164245125,747.7827954486389,2312.6280640936457,108.84458409575745,17520
jena,BOLT_SMALL_LEVEL,LEVEL,v7_jena_level_res_92602,92602,test_b,6,VPact (mbar),0.04510953584585495,0.1421575335680868,-0.008027208662573702,790.3190680193787,2490.599988112881,-140.63669576829125,17520
jena,BOLT_SMALL_LEVEL,LEVEL,v7_jena_level_res_92602,92602,test_b,7,VPdef (mbar),0.06296418806900789,0.16384388505511482,0.01628830198613984,1103.1325749690182,2870.544866165612,285.37105079717,17520
jena,BOLT_SMALL_LEVEL,LEVEL,v7_jena_level_res_92602,92602,test_b,8,sh (g/kg),0.04506498329630799,0.14139338717701552,-0.009055956943677185,789.538507351316,2477.212143341312,-158.6603656532243,17520
jena,BOLT_SMALL_LEVEL,LEVEL,v7_jena_level_res_92602,92602,test_b,9,H2OC (mmol/mol),0.04521804172203372,0.14163635677901748,-0.008993548661769159,792.2200909700307,2481.4689707683865,-157.56697255419567,17520
jena,BOLT_SMALL_LEVEL,LEVEL,v7_jena_level_res_92602,92602,test_b,10,rho (g/m**3),0.07301304144789925,0.1796873353274275,0.004160238985504746,1279.1884861671947,3148.12211493653,72.88738702604314,17520
jena,BOLT_SMALL_LEVEL,LEVEL,v7_jena_level_res_92602,92602,test_b,11,wv (m/s),0.6251709706688946,0.529533967585077,-0.02958160333385102,10952.995406119033,9277.435112090549,-518.2696904090699,17520
jena,BOLT_SMALL_LEVEL,LEVEL,v7_jena_level_res_92602,92602,test_b,12,max. wv (m/s),0.5491169914811009,0.5150725287132122,-0.033163656171338984,9620.529690748888,9024.070703055477,-581.027256121859,17520
jena,BOLT_SMALL_LEVEL,LEVEL,v7_jena_level_res_92602,92602,test_b,13,wd (deg),1.1330454479382097,0.7408608496327727,0.011361022165808154,19850.956247877435,12979.882085566176,199.04510834495886,17520
jena,BOLT_SMALL_LEVEL,LEVEL,v7_jena_level_res_92602,92602,test_b,14,rain (mm),0.17173905778838858,0.1591539526933413,-0.09055565522343652,3008.868292452568,2788.3772511873394,-1586.5350795146078,17520
jena,BOLT_SMALL_LEVEL,LEVEL,v7_jena_level_res_92602,92602,test_b,15,raining (s),0.7668968926473954,0.37041959178846084,-0.07700365974467363,13436.033559182366,6489.751248133834,-1349.104118726682,17520
jena,BOLT_SMALL_LEVEL,LEVEL,v7_jena_level_res_92602,92602,test_b,16,SWDR (W/m²),0.16360225946028228,0.25145270526492874,0.00031057520437367434,2866.3115857441458,4405.451396241551,5.441277580626775,17520
jena,BOLT_SMALL_LEVEL,LEVEL,v7_jena_level_res_92602,92602,test_b,17,PAR (µmol/m²/s),0.15009033256284837,0.2449771492829712,0.00034589272188513775,2629.5826265011033,4291.999655437656,6.060040487427614,17520
jena,BOLT_SMALL_LEVEL,LEVEL,v7_jena_level_res_92602,92602,test_b,18,max. PAR (µmol/m²/s),0.134059542626652,0.23461902573863264,0.00024529103557557956,2348.7231868189433,4110.525330940844,4.297498943284154,17520
jena,BOLT_SMALL_LEVEL,LEVEL,v7_jena_level_res_92602,92602,test_b,19,Tlog (degC),0.0652202311005135,0.16742480614818084,0.01305415710110986,1142.6584488809965,2933.2826037161285,228.70883241144475,17520
jena,BOLT_SMALL_LEVEL,LEVEL,v7_jena_level_res_92602,92602,test_b,20,CO2 (ppm),0.17363540371007513,0.2956981668161328,0.02560882156609279,3042.0922730005163,5180.631882618647,448.6665538379457,17520
jena,BOLT_SMALL_LEVEL,LEVEL,v7_jena_level_res_92602,92602,combined,0,p (mbar),0.1364798421945566,0.2701374591323727,0.021272123472960907,4782.253670497264,9465.616567998339,745.3752064925502,35040
jena,BOLT_SMALL_LEVEL,LEVEL,v7_jena_level_res_92602,92602,combined,1,T (degC),0.08917928889591302,0.19365427264705573,-0.01176746901216147,3124.842282912792,6785.645713552833,-412.3321141861379,35040
jena,BOLT_SMALL_LEVEL,LEVEL,v7_jena_level_res_92602,92602,combined,2,Tpot (K),0.08972949888250326,0.1950340796042219,-0.013786027031487118,3144.121640842914,6833.994149331935,-483.0623871833086,35040
jena,BOLT_SMALL_LEVEL,LEVEL,v7_jena_level_res_92602,92602,combined,3,Tdew (degC),0.07886714402387716,0.1939951376832951,-0.014207890552251183,2763.504726596656,6797.589624422661,-497.84448495088145,35040
jena,BOLT_SMALL_LEVEL,LEVEL,v7_jena_level_res_92602,92602,combined,4,rh (%),0.3111181013164018,0.37200118319261705,-0.0013417138433326158,10901.578270126718,13034.9214590693,-47.01365307037486,35040
jena,BOLT_SMALL_LEVEL,LEVEL,v7_jena_level_res_92602,92602,combined,5,VPmax (mbar),0.11107937844870011,0.20282330221964176,-0.00857353402859094,3892.221420842452,7106.928509776248,-300.4166323618265,35040
jena,BOLT_SMALL_LEVEL,LEVEL,v7_jena_level_res_92602,92602,combined,6,VPact (mbar),0.09705396825351537,0.20562333647992037,-0.011825007381196065,3400.7710476031784,7205.04171025641,-414.3482586371101,35040
jena,BOLT_SMALL_LEVEL,LEVEL,v7_jena_level_res_92602,92602,combined,7,VPdef (mbar),0.2706920410926565,0.2951728616084222,-0.0025906686505109957,9485.049119886684,10342.857070759113,-90.77702951390529,35040
jena,BOLT_SMALL_LEVEL,LEVEL,v7_jena_level_res_92602,92602,combined,8,sh (g/kg),0.09773999896001596,0.20564298694742686,-0.01236117646846597,3424.8095635589593,7205.730262637837,-433.1356234550476,35040
jena,BOLT_SMALL_LEVEL,LEVEL,v7_jena_level_res_92602,92602,combined,9,H2OC (mmol/mol),0.09754683734474162,0.20556700685288165,-0.012386934229704476,3418.0411805597464,7203.067920124973,-434.03817540884484,35040
jena,BOLT_SMALL_LEVEL,LEVEL,v7_jena_level_res_92602,92602,combined,10,rho (g/m**3),0.08984860523604246,0.20094638930933745,0.017866370426277565,3148.295127470928,7041.161481399184,626.0376197367659,35040
jena,BOLT_SMALL_LEVEL,LEVEL,v7_jena_level_res_92602,92602,combined,11,wv (m/s),0.6226215042754676,0.5543009426370348,-0.031037315833299915,21816.657509812383,19422.7050300017,-1087.547546798829,35040
jena,BOLT_SMALL_LEVEL,LEVEL,v7_jena_level_res_92602,92602,combined,12,max. wv (m/s),0.5769568108719084,0.5421896467082026,-0.035342673160201926,20216.56665295167,18998.325220655417,-1238.4072675334755,35040
jena,BOLT_SMALL_LEVEL,LEVEL,v7_jena_level_res_92602,92602,combined,13,wd (deg),1.110577900529764,0.7298796658382902,-0.023464677351876576,38914.64963456293,25574.98349097369,-822.2022944097553,35040
jena,BOLT_SMALL_LEVEL,LEVEL,v7_jena_level_res_92602,92602,combined,14,rain (mm),0.7126918512805164,0.2399560221883861,-0.09410618589931198,24972.722468869295,8408.05901748105,-3297.480753911892,35040
jena,BOLT_SMALL_LEVEL,LEVEL,v7_jena_level_res_92602,92602,combined,15,raining (s),0.7934012104478187,0.39364176095684206,-0.06683324897845465,27800.77841409157,13793.207303927746,-2341.837044205051,35040
jena,BOLT_SMALL_LEVEL,LEVEL,v7_jena_level_res_92602,92602,combined,16,SWDR (W/m²),0.3795411207198754,0.3824359721879553,0.00407449866868018,13299.120870024433,13400.556465465954,142.7704333505535,35040
jena,BOLT_SMALL_LEVEL,LEVEL,v7_jena_level_res_92602,92602,combined,17,PAR (µmol/m²/s),0.3651223013188421,0.37745140218051315,0.0035264294239989477,12793.885438212228,13225.897132405182,123.56608701692312,35040
jena,BOLT_SMALL_LEVEL,LEVEL,v7_jena_level_res_92602,92602,combined,18,max. PAR (µmol/m²/s),0.3398357670033762,0.36345004674147935,0.0024899259646335684,11907.845275798301,12735.289637821435,87.24700580076023,35040
jena,BOLT_SMALL_LEVEL,LEVEL,v7_jena_level_res_92602,92602,combined,19,Tlog (degC),0.09614953131282808,0.20162136540573092,-0.005656131654283758,3369.079577201496,7064.812643816811,-198.1908531661029,35040
jena,BOLT_SMALL_LEVEL,LEVEL,v7_jena_level_res_92602,92602,combined,20,CO2 (ppm),0.3482552872979666,0.40321552719459464,0.04082503712227218,12202.865266920751,14128.672072898597,1430.5093007644173,35040
jena,BOLT_SMALL_F0,F0,v7_jena_f0,,test_a,0,p (mbar),0.02325108073687431,0.09569214585053279,-0.00898047922584829,407.3589345100379,1676.5263953013346,-157.33799603686202,17520
jena,BOLT_SMALL_F0,F0,v7_jena_f0,,test_a,1,T (degC),0.11505114980108477,0.22817582992257945,-0.008308622959499423,2015.6961445150052,3997.640540243592,-145.56707425042987,17520
jena,BOLT_SMALL_F0,F0,v7_jena_f0,,test_a,2,Tpot (K),0.11596925744384853,0.2283268327419311,-0.008674116720422596,2031.7813904162263,4000.286109638633,-151.9705249418039,17520
jena,BOLT_SMALL_F0,F0,v7_jena_f0,,test_a,3,Tdew (degC),0.06171348924142272,0.17133566590319252,0.00568794124924456,1081.220331509726,3001.800866623933,99.6527306867647,17520
jena,BOLT_SMALL_F0,F0,v7_jena_f0,,test_a,4,rh (%),0.3727556444624068,0.4276231473050371,0.0016500834444234827,6530.678890981367,7491.957540784249,28.909461946299416,17520
jena,BOLT_SMALL_F0,F0,v7_jena_f0,,test_a,5,VPmax (mbar),0.2010835533715429,0.2840313648971871,-0.00667069351238004,3522.9838550694317,4976.229512998718,-116.8705503368983,17520
jena,BOLT_SMALL_F0,F0,v7_jena_f0,,test_a,6,VPact (mbar),0.10635580177720637,0.22377605003240458,0.007143993138714859,1863.3536471366556,3920.5563965677284,125.16275979028433,17520
jena,BOLT_SMALL_F0,F0,v7_jena_f0,,test_a,7,VPdef (mbar),0.5216850790901951,0.4185948190112988,0.005644024549648548,9139.922585660219,7333.781229077955,98.88331010984257,17520
jena,BOLT_SMALL_F0,F0,v7_jena_f0,,test_a,8,sh (g/kg),0.10728763684559994,0.22379649488150927,0.007159134863435129,1879.679397534911,3920.9145903240424,125.42804280738346,17520
jena,BOLT_SMALL_F0,F0,v7_jena_f0,,test_a,9,H2OC (mmol/mol),0.10674641436666359,0.2232319829108597,0.0068958365427982385,1870.197179703946,3911.024340598262,120.81505622982513,17520
jena,BOLT_SMALL_F0,F0,v7_jena_f0,,test_a,10,rho (g/m**3),0.09561961244348538,0.20646221870612497,0.014566526636666589,1675.2556100098639,3617.2180717313095,255.20554667439865,17520
jena,BOLT_SMALL_F0,F0,v7_jena_f0,,test_a,11,wv (m/s),0.7290431101538214,0.607478507645359,-0.09124745454384837,12772.83528989495,10643.023453946691,-1598.6554036082234,17520
jena,BOLT_SMALL_F0,F0,v7_jena_f0,,test_a,12,max. wv (m/s),0.7411328289421105,0.6074061552295129,-0.09734312844817919,12984.647163065776,10641.755839621066,-1705.4516104120994,17520
jena,BOLT_SMALL_F0,F0,v7_jena_f0,,test_a,13,wd (deg),1.1617372217972484,0.7161877883279661,-0.07656678578009736,20353.63612588779,12547.610051505966,-1341.4500868673058,17520
jena,BOLT_SMALL_F0,F0,v7_jena_f0,,test_a,14,rain (mm),1.1250597252046342,0.12269417763624944,-0.08695946457433264,19711.04638558519,2149.60199218709,-1523.5298193423077,17520
jena,BOLT_SMALL_F0,F0,v7_jena_f0,,test_a,15,raining (s),0.7224250622741913,0.2176423478523401,-0.14605533542216767,12656.887091043833,3813.093934372999,-2558.889476596378,17520
jena,BOLT_SMALL_F0,F0,v7_jena_f0,,test_a,16,SWDR (W/m²),0.28764477708177477,0.29376651665321607,-0.04215773836380878,5039.536494472694,5146.789371764346,-738.6035761339299,17520
jena,BOLT_SMALL_F0,F0,v7_jena_f0,,test_a,17,PAR (µmol/m²/s),0.2650074494259013,0.28378544977152254,-0.03492399266249021,4642.930513941791,4971.921079997075,-611.8683514468285,17520
jena,BOLT_SMALL_F0,F0,v7_jena_f0,,test_a,18,max. PAR (µmol/m²/s),0.2596307966538139,0.26456146551478826,-0.051278416144278506,4548.731557374819,4635.116875819091,-898.3978508477594,17520
jena,BOLT_SMALL_F0,F0,v7_jena_f0,,test_a,19,Tlog (degC),0.15008288432353473,0.2612841510493521,-0.011815748338951845,2629.4521333483285,4577.698326384649,-207.01191089843633,17520
jena,BOLT_SMALL_F0,F0,v7_jena_f0,,test_a,20,CO2 (ppm),0.5165966677286303,0.46986794464661447,-0.009947269115932966,9050.773618605603,8232.086390208686,-174.27615491114557,17520
jena,BOLT_SMALL_F0,F0,v7_jena_f0,,test_b,0,p (mbar),0.03441575906621709,0.11341003546703797,-0.0026125557478893385,602.9640988401235,1986.9438213825051,-45.77197670302121,17520
jena,BOLT_SMALL_F0,F0,v7_jena_f0,,test_b,1,T (degC),0.0650842390277474,0.16526582625138544,0.007351256900501,1140.2758677661345,2895.457275924273,128.7940208967775,17520
jena,BOLT_SMALL_F0,F0,v7_jena_f0,,test_b,2,Tpot (K),0.06596360374408441,0.1665198508542686,0.0033695710444457184,1155.682337596359,2917.427786966786,59.034884698688984,17520
jena,BOLT_SMALL_F0,F0,v7_jena_f0,,test_b,3,Tdew (degC),0.05606899973258907,0.159483053023371,0.008606260796423739,982.3288753149604,2794.14308896946,150.7816891533439,17520
jena,BOLT_SMALL_F0,F0,v7_jena_f0,,test_b,4,rh (%),0.18114013150818234,0.27065785218098454,0.02623771233564882,3173.5751040233545,4741.925570210849,459.68472012056736,17520
jena,BOLT_SMALL_F0,F0,v7_jena_f0,,test_b,5,VPmax (mbar),0.03189033472751682,0.11062713214432816,0.005205927994798605,558.7186644260946,1938.1873551686294,91.20785846887156,17520
jena,BOLT_SMALL_F0,F0,v7_jena_f0,,test_b,6,VPact (mbar),0.0398790302475037,0.12933193494791256,0.007942379845225576,698.6806099362649,2265.895500287428,139.1504948883521,17520
jena,BOLT_SMALL_F0,F0,v7_jena_f0,,test_b,7,VPdef (mbar),0.041451990566305566,0.12070774752630738,0.0064715275183063825,726.2388747216735,2114.799736660905,113.38116212072782,17520
jena,BOLT_SMALL_F0,F0,v7_jena_f0,,test_b,8,sh (g/kg),0.039599793244328975,0.12874114336548256,0.007399633289692226,693.7883776406436,2255.5448317632545,129.6415752354078,17520
jena,BOLT_SMALL_F0,F0,v7_jena_f0,,test_b,9,H2OC (mmol/mol),0.03978396574651795,0.1290632127181783,0.007446645290434539,697.0150798789945,2261.187486822484,130.46522548841313,17520
jena,BOLT_SMALL_F0,F0,v7_jena_f0,,test_b,10,rho (g/m**3),0.06564413631965413,0.16647949669018483,0.01363035762261216,1150.0852683203404,2916.7207820120384,238.80386554816505,17520
jena,BOLT_SMALL_F0,F0,v7_jena_f0,,test_b,11,wv (m/s),0.6788094828815562,0.5396111063551946,-0.12045247676506156,11892.742140084863,9453.986583343009,-2110.3273929238785,17520
jena,BOLT_SMALL_F0,F0,v7_jena_f0,,test_b,12,max. wv (m/s),0.6116314255305652,0.5263797330665407,-0.12344027648809616,10715.782575295501,9222.172923325794,-2162.673644071445,17520
jena,BOLT_SMALL_F0,F0,v7_jena_f0,,test_b,13,wd (deg),1.1724421903594915,0.7190285806253751,0.016540455647040098,20541.18717509829,12597.380732556572,289.7887829361425,17520
jena,BOLT_SMALL_F0,F0,v7_jena_f0,,test_b,14,rain (mm),0.14574542228569629,0.052220727654799105,-0.04602789986042995,2553.459798445399,914.9071485120803,-806.4088055547327,17520
jena,BOLT_SMALL_F0,F0,v7_jena_f0,,test_b,15,raining (s),0.7769435752170831,0.24832426842789007,-0.15559476760745508,13612.051437803297,4350.641182856634,-2726.020328482613,17520
jena,BOLT_SMALL_F0,F0,v7_jena_f0,,test_b,16,SWDR (W/m²),0.08188680686942837,0.1303428921001601,-0.05888982913476459,1434.656856352385,2283.6074695948046,-1031.7498064410756,17520
jena,BOLT_SMALL_F0,F0,v7_jena_f0,,test_b,17,PAR (µmol/m²/s),0.0646913789558227,0.1179745809305842,-0.053310236509132164,1133.3929593060138,2066.914657903835,-933.9953436399956,17520
jena,BOLT_SMALL_F0,F0,v7_jena_f0,,test_b,18,max. PAR (µmol/m²/s),0.053625753796409666,0.1056090498478197,-0.05164654318909862,939.5232065130973,1850.2705533338012,-904.8474366730079,17520
jena,BOLT_SMALL_F0,F0,v7_jena_f0,,test_b,19,Tlog (degC),0.07307444603711613,0.1747772368337231,0.001547464148743986,1280.2642945702746,3062.097189326829,27.111571885994636,17520
jena,BOLT_SMALL_F0,F0,v7_jena_f0,,test_b,20,CO2 (ppm),0.17094936657378285,0.2695437603522747,-0.003293484946663415,2995.0329023726754,4722.406681371853,-57.70185626554303,17520
jena,BOLT_SMALL_F0,F0,v7_jena_f0,,combined,0,p (mbar),0.028833419901545726,0.10455109065878537,-0.005796517486868814,1010.3230333501623,3663.4702166838397,-203.10997273988323,35040
jena,BOLT_SMALL_F0,F0,v7_jena_f0,,combined,1,T (degC),0.09006769441441619,0.19672082808698244,-0.0004786830294992111,3155.972012281143,6893.097816167865,-16.773053353652358,35040
jena,BOLT_SMALL_F0,F0,v7_jena_f0,,combined,2,Tpot (K),0.09096643059396652,0.19742334179809987,-0.002652272837988439,3187.4637280125867,6917.713896605419,-92.9356402431149,35040
jena,BOLT_SMALL_F0,F0,v7_jena_f0,,combined,3,Tdew (degC),0.058891244487005924,0.16540935946328178,0.00714710102283415,2063.5492068246876,5795.943955593393,250.4344198401086,35040
jena,BOLT_SMALL_F0,F0,v7_jena_f0,,combined,4,rh (%),0.27694788798529474,0.3491404997430108,0.013943897890036153,9704.253995004728,12233.883110995099,488.5941820668668,35040
jena,BOLT_SMALL_F0,F0,v7_jena_f0,,combined,5,VPmax (mbar),0.11648694404952985,0.19732924852075762,-0.0007323827587907175,4081.702519495526,6914.416868167347,-25.66269186802674,35040
jena,BOLT_SMALL_F0,F0,v7_jena_f0,,combined,6,VPact (mbar),0.07311741601235515,0.17655399249015857,0.007543186491970218,2562.0342570729244,6186.4518968551565,264.31325467863644,35040
jena,BOLT_SMALL_F0,F0,v7_jena_f0,,combined,7,VPdef (mbar),0.28156853482825017,0.26965128326880305,0.006057776033977466,9866.161460381885,9448.58096573886,212.2644722305704,35040
jena,BOLT_SMALL_F0,F0,v7_jena_f0,,combined,8,sh (g/kg),0.07344371504496457,0.1762688191234959,0.007279384076563678,2573.4677751755585,6176.459422087297,255.06961804279126,35040
jena,BOLT_SMALL_F0,F0,v7_jena_f0,,combined,9,H2OC (mmol/mol),0.07326519005659073,0.176147597814519,0.007171240916616388,2567.212259582939,6172.211827420746,251.28028171823826,35040
jena,BOLT_SMALL_F0,F0,v7_jena_f0,,combined,10,rho (g/m**3),0.08063187438156977,0.1864708576981549,0.014098442129639375,2825.3408783302048,6533.938853743348,494.0094122225637,35040
jena,BOLT_SMALL_F0,F0,v7_jena_f0,,combined,11,wv (m/s),0.7039262965176887,0.5735448070002768,-0.10584996565445497,24665.57742997981,20097.0100372897,-3708.982796532102,35040
jena,BOLT_SMALL_F0,F0,v7_jena_f0,,combined,12,max. wv (m/s),0.6763821272363371,0.5668929441480268,-0.11039170246813768,23700.42973836125,19863.92876294686,-3868.1252544835443,35040
jena,BOLT_SMALL_F0,F0,v7_jena_f0,,combined,13,wd (deg),1.167089706078368,0.7176081844766706,-0.03001316506652863,40894.82330098602,25144.99078406254,-1051.6613039311633,35040
jena,BOLT_SMALL_F0,F0,v7_jena_f0,,combined,14,rain (mm),0.6354025737451634,0.08745745264552428,-0.06649368221738129,22264.506184030524,3064.5091406991705,-2329.9386248970404,35040
jena,BOLT_SMALL_F0,F0,v7_jena_f0,,combined,15,raining (s),0.7496843187456367,0.2329833081401151,-0.15082505151481138,26268.93852884711,8163.735117229633,-5284.909805078991,35040
jena,BOLT_SMALL_F0,F0,v7_jena_f0,,combined,16,SWDR (W/m²),0.18476579197560175,0.21205470437668808,-0.050523783749286684,6474.193350825085,7430.39684135915,-1770.3533825750055,35040
jena,BOLT_SMALL_F0,F0,v7_jena_f0,,combined,17,PAR (µmol/m²/s),0.1648494141908621,0.20088001535105338,-0.04411711458581119,5776.323473247808,7038.83573790091,-1545.863695086824,35040
jena,BOLT_SMALL_F0,F0,v7_jena_f0,,combined,18,max. PAR (µmol/m²/s),0.15662827522511194,0.185085257681304,-0.051462479666688564,5488.254763887922,6485.387429152892,-1803.2452875207673,35040
jena,BOLT_SMALL_F0,F0,v7_jena_f0,,combined,19,Tlog (degC),0.11157866518032544,0.2180306939415376,-0.0051341420951039295,3909.7164279186036,7639.7955157114775,-179.9003390124417,35040
jena,BOLT_SMALL_F0,F0,v7_jena_f0,,combined,20,CO2 (ppm),0.34377301715120634,0.3697058524994446,-0.006620377031298191,12045.80652097827,12954.493071580539,-231.9780111766886,35040
jena,BOLT_MINI_F0,F0,jena_BOLT_MINI_F0,,test_a,0,p (mbar),0.02253006280981132,0.09562522328335002,-0.0034398637272454223,394.7267004278943,1675.3539119242923,-60.2664125013398,17520
jena,BOLT_MINI_F0,F0,jena_BOLT_MINI_F0,,test_a,1,T (degC),0.12872459400674038,0.241978006085517,-0.009111227249151487,2255.2548869980915,4239.454666618258,-159.62870140513405,17520
jena,BOLT_MINI_F0,F0,jena_BOLT_MINI_F0,,test_a,2,Tpot (K),0.1307959960970419,0.24329132863538888,-0.008776830636165807,2291.5458516201743,4262.464077692013,-153.77007274562493,17520
jena,BOLT_MINI_F0,F0,jena_BOLT_MINI_F0,,test_a,3,Tdew (degC),0.06153303675314244,0.17123973109001162,0.007700651280377161,1078.0588039150555,3000.1200886970037,134.91541043220786,17520
jena,BOLT_MINI_F0,F0,jena_BOLT_MINI_F0,,test_a,4,rh (%),0.3951992044275686,0.4392173352133908,0.010518911861678741,6923.890061571002,7695.087712938606,184.29133581661154,17520
jena,BOLT_MINI_F0,F0,jena_BOLT_MINI_F0,,test_a,5,VPmax (mbar),0.2521435729297208,0.310295966202348,0.0007737507867096864,4417.555397728708,5436.385327865137,13.556113783153705,17520
jena,BOLT_MINI_F0,F0,jena_BOLT_MINI_F0,,test_a,6,VPact (mbar),0.1043145580881737,0.22284360285614485,0.01075315017489679,1827.5910577048032,3904.219922039658,188.39519106419175,17520
jena,BOLT_MINI_F0,F0,jena_BOLT_MINI_F0,,test_a,7,VPdef (mbar),0.6011528684415511,0.44519387489216233,0.03632801039972062,10532.198255095976,7799.796688110684,636.4667422031052,17520
jena,BOLT_MINI_F0,F0,jena_BOLT_MINI_F0,,test_a,8,sh (g/kg),0.10501163000147314,0.2229140965778994,0.011112655433876649,1839.8037576258093,3905.4549720447976,194.69372320151888,17520
jena,BOLT_MINI_F0,F0,jena_BOLT_MINI_F0,,test_a,9,H2OC (mmol/mol),0.10453163714318114,0.22242138109370704,0.01079340262160308,1831.3942827485337,3896.8225967617473,189.10041393048596,17520
jena,BOLT_MINI_F0,F0,jena_BOLT_MINI_F0,,test_a,10,rho (g/m**3),0.09960923212096882,0.20990645261033758,0.01967699352328561,1745.153746759374,3677.5610497331145,344.7409265279639,17520
jena,BOLT_MINI_F0,F0,jena_BOLT_MINI_F0,,test_a,11,wv (m/s),0.6983813603184953,0.5921232584769414,-0.085169329357822,12235.641432780038,10373.999488516012,-1492.1666503490414,17520
jena,BOLT_MINI_F0,F0,jena_BOLT_MINI_F0,,test_a,12,max. wv (m/s),0.7029308941267642,0.5888656528681051,-0.09759234755033898,12315.34926510091,10316.926238249202,-1709.817929081939,17520
jena,BOLT_MINI_F0,F0,jena_BOLT_MINI_F0,,test_a,13,wd (deg),1.1670077097994973,0.7148714323786645,-0.08044103279948411,20445.975075687194,12524.5474952742,-1409.3268946469616,17520
jena,BOLT_MINI_F0,F0,jena_BOLT_MINI_F0,,test_a,14,rain (mm),1.1192510790811458,0.12218072666942363,-0.08657372118105164,19609.278905501676,2140.606331248302,-1516.7715950920247,17520
jena,BOLT_MINI_F0,F0,jena_BOLT_MINI_F0,,test_a,15,raining (s),0.7316457931835765,0.21942732177821486,-0.14364775080886588,12818.43429657626,3844.3666775543243,-2516.7085941713303,17520
jena,BOLT_MINI_F0,F0,jena_BOLT_MINI_F0,,test_a,16,SWDR (W/m²),0.34718127568379,0.3274029288798461,-0.04940193178026758,6082.615949980001,5736.099313974904,-865.521844790288,17520
jena,BOLT_MINI_F0,F0,jena_BOLT_MINI_F0,,test_a,17,PAR (µmol/m²/s),0.32726995446556206,0.3202573256734492,-0.03963071294590785,5733.769602236647,5610.908345798831,-694.3300908123056,17520
jena,BOLT_MINI_F0,F0,jena_BOLT_MINI_F0,,test_a,18,max. PAR (µmol/m²/s),0.3194010823558288,0.3070799267204112,-0.0455826629705109,5595.906962874121,5380.040316141603,-798.6082552433509,17520
jena,BOLT_MINI_F0,F0,jena_BOLT_MINI_F0,,test_a,19,Tlog (degC),0.1734950281697099,0.27603411963013824,-0.014689522333442234,3039.6328935333177,4836.117775920022,-257.36043128190795,17520
jena,BOLT_MINI_F0,F0,jena_BOLT_MINI_F0,,test_a,20,CO2 (ppm),0.5283608512155028,0.48194810590497056,-0.0186024709318958,9256.882113295609,8443.730815455085,-325.9152907268144,17520
jena,BOLT_MINI_F0,F0,jena_BOLT_MINI_F0,,test_b,0,p (mbar),0.03310879303521957,0.11044171660798226,-0.0007038069860875494,580.0660539770469,1934.9388749718491,-12.330698396253865,17520
jena,BOLT_MINI_F0,F0,jena_BOLT_MINI_F0,,test_b,1,T (degC),0.06814072981392916,0.16801802819272074,0.012179686516346877,1193.8255863400389,2943.6758539364673,213.3881077663973,17520
jena,BOLT_MINI_F0,F0,jena_BOLT_MINI_F0,,test_b,2,Tpot (K),0.06825981739924866,0.16806058542487703,0.00859027379373148,1195.9120008348366,2944.421456643846,150.50159686617553,17520
jena,BOLT_MINI_F0,F0,jena_BOLT_MINI_F0,,test_b,3,Tdew (degC),0.05667417854673244,0.1600600701098484,0.007537518066347318,992.9316081387524,2804.252428324544,132.05731652240502,17520
jena,BOLT_MINI_F0,F0,jena_BOLT_MINI_F0,,test_b,4,rh (%),0.1807590142376853,0.271752479068657,0.02028733846029736,3166.8979294442465,4761.103433282871,355.43416982440976,17520
jena,BOLT_MINI_F0,F0,jena_BOLT_MINI_F0,,test_b,5,VPmax (mbar),0.034058755320852195,0.11312419719777185,0.01017403607636788,596.7093932213304,1981.9359349049628,178.24911205796525,17520
jena,BOLT_MINI_F0,F0,jena_BOLT_MINI_F0,,test_b,6,VPact (mbar),0.03971551075319018,0.1291830439893801,0.0075235502942121784,695.8157483958919,2263.286930693939,131.81260115459736,17520
jena,BOLT_MINI_F0,F0,jena_BOLT_MINI_F0,,test_b,7,VPdef (mbar),0.04248202698798928,0.12244664169568888,0.009424206137922423,744.2851128295722,2145.265162508469,165.11209153640084,17520
jena,BOLT_MINI_F0,F0,jena_BOLT_MINI_F0,,test_b,8,sh (g/kg),0.03943404463130059,0.12857082738995831,0.006929156812281055,690.8844619403864,2252.5608958720695,121.39882735116407,17520
jena,BOLT_MINI_F0,F0,jena_BOLT_MINI_F0,,test_b,9,H2OC (mmol/mol),0.03967721314254297,0.12902044716988692,0.0069470698995458295,695.1447742573529,2260.4382344164187,121.71266464004293,17520
jena,BOLT_MINI_F0,F0,jena_BOLT_MINI_F0,,test_b,10,rho (g/m**3),0.06572767841102393,0.16516662920460323,0.011688253077670808,1151.5489257611393,2893.7193436646485,204.77819392079255,17520
jena,BOLT_MINI_F0,F0,jena_BOLT_MINI_F0,,test_b,11,wv (m/s),0.694350650158034,0.5412775953576052,-0.1154736538377902,12165.023390768756,9483.183470665244,-2023.0984152380843,17520
jena,BOLT_MINI_F0,F0,jena_BOLT_MINI_F0,,test_b,12,max. wv (m/s),0.5938724741532018,0.5213065075883285,-0.10452516584127682,10404.645747164095,9133.290012947517,-1831.28090553917,17520
jena,BOLT_MINI_F0,F0,jena_BOLT_MINI_F0,,test_b,13,wd (deg),1.1625797614521494,0.7116048976657,0.019407204922201146,20368.397420641657,12467.317807103063,340.01423023696407,17520
jena,BOLT_MINI_F0,F0,jena_BOLT_MINI_F0,,test_b,14,rain (mm),0.14561865419177308,0.05183799536627628,-0.046471687630999015,2551.2388214398643,908.2016788171604,-814.1839672951028,17520
jena,BOLT_MINI_F0,F0,jena_BOLT_MINI_F0,,test_b,15,raining (s),0.774881307247152,0.24380084329027443,-0.166221968714067,13575.920502970102,4271.390774445608,-2912.208891870454,17520
jena,BOLT_MINI_F0,F0,jena_BOLT_MINI_F0,,test_b,16,SWDR (W/m²),0.11196866630699254,0.16179400032230232,-0.03226798609552358,1961.6910336985093,2834.6308856467367,-565.3351163935731,17520
jena,BOLT_MINI_F0,F0,jena_BOLT_MINI_F0,,test_b,17,PAR (µmol/m²/s),0.09175762799310386,0.14995934463015112,-0.03076506915274287,1607.5936424391796,2627.287717920248,-539.004011556055,17520
jena,BOLT_MINI_F0,F0,jena_BOLT_MINI_F0,,test_b,18,max. PAR (µmol/m²/s),0.07364547617542315,0.132832843840148,-0.03333675392587631,1290.2687425934137,2327.231424079393,-584.0599287813529,17520
jena,BOLT_MINI_F0,F0,jena_BOLT_MINI_F0,,test_b,19,Tlog (degC),0.07582528229110924,0.17618393278250497,-0.000508467543459036,1328.458945740234,3086.742502349487,-8.90835136140231,17520
jena,BOLT_MINI_F0,F0,jena_BOLT_MINI_F0,,test_b,20,CO2 (ppm),0.17365803613218275,0.26825347819792683,-0.0015058704648038253,3042.488793035842,4699.800938027678,-26.38285054336302,17520
jena,BOLT_MINI_F0,F0,jena_BOLT_MINI_F0,,combined,0,p (mbar),0.027819427922515468,0.10303346994566613,-0.002071835356666486,974.792754404942,3610.2927868961415,-72.59711089759367,35040
jena,BOLT_MINI_F0,F0,jena_BOLT_MINI_F0,,combined,1,T (degC),0.09843266191033476,0.20499801713911886,0.0015342296335976954,3449.08047333813,7183.130520554725,53.759406361263245,35040
jena,BOLT_MINI_F0,F0,jena_BOLT_MINI_F0,,combined,2,Tpot (K),0.09952790674814535,0.20567595703013297,-9.327842121716317e-05,3487.457852455013,7206.885534335859,-3.2684758794493973,35040
jena,BOLT_MINI_F0,F0,jena_BOLT_MINI_F0,,combined,3,Tdew (degC),0.05910360764993745,0.16564990059993,0.00761908467336224,2070.990412053808,5804.3725170215475,266.9727269546129,35040
jena,BOLT_MINI_F0,F0,jena_BOLT_MINI_F0,,combined,4,rh (%),0.2879791093326268,0.3554849071410239,0.015403125160988051,10090.787991015244,12456.191146221478,539.7255056410213,35040
jena,BOLT_MINI_F0,F0,jena_BOLT_MINI_F0,,combined,5,VPmax (mbar),0.14310116412528637,0.21171008170005992,0.005473893431538783,5014.264790950035,7418.3212627701,191.80522584111895,35040
jena,BOLT_MINI_F0,F0,jena_BOLT_MINI_F0,,combined,6,VPact (mbar),0.07201503442068194,0.17601332342276246,0.009138350234554483,2523.406806100695,6167.506852733597,320.2077922187891,35040
jena,BOLT_MINI_F0,F0,jena_BOLT_MINI_F0,,combined,7,VPdef (mbar),0.3218174477147704,0.2838202582939256,0.02287610826882152,11276.483367925553,9945.061850619153,801.5788337395061,35040
jena,BOLT_MINI_F0,F0,jena_BOLT_MINI_F0,,combined,8,sh (g/kg),0.07222283731638678,0.17574246198392884,0.009020906123078851,2530.688219566193,6158.015867916867,316.09255055268295,35040
jena,BOLT_MINI_F0,F0,jena_BOLT_MINI_F0,,combined,9,H2OC (mmol/mol),0.07210442514286222,0.17572091413179697,0.008870236260574454,2526.539057005892,6157.260831178166,310.8130785705289,35040
jena,BOLT_MINI_F0,F0,jena_BOLT_MINI_F0,,combined,10,rho (g/m**3),0.08266845526599642,0.1875365409074704,0.015682623300478208,2896.7026725205146,6571.280393397763,549.5191204487564,35040
jena,BOLT_MINI_F0,F0,jena_BOLT_MINI_F0,,combined,11,wv (m/s),0.6963660052382653,0.5667004269172733,-0.1003214915978061,24400.664823548817,19857.182959181257,-3515.2650655871257,35040
jena,BOLT_MINI_F0,F0,jena_BOLT_MINI_F0,,combined,12,max. wv (m/s),0.6484016841399827,0.5550860802282168,-0.1010587566958079,22719.995012264993,19450.216251196718,-3541.098834621109,35040
jena,BOLT_MINI_F0,F0,jena_BOLT_MINI_F0,,combined,13,wd (deg),1.164793735625824,0.7132381650221822,-0.03051691393864148,40814.37249632887,24991.865302377264,-1069.3126644099975,35040
jena,BOLT_MINI_F0,F0,jena_BOLT_MINI_F0,,combined,14,rain (mm),0.6324348666364583,0.08700936101784995,-0.06652270440602533,22160.5177269415,3048.8080100654624,-2330.9555623871274,35040
jena,BOLT_MINI_F0,F0,jena_BOLT_MINI_F0,,combined,15,raining (s),0.7532635502153644,0.23161408253424465,-0.15493485976146645,26394.354799546367,8115.7574519999325,-5428.917486041784,35040
jena,BOLT_MINI_F0,F0,jena_BOLT_MINI_F0,,combined,16,SWDR (W/m²),0.22957497099539148,0.24459846460107423,-0.04083495893789558,8044.306983678517,8570.730199621641,-1430.8569611838611,35040
jena,BOLT_MINI_F0,F0,jena_BOLT_MINI_F0,,combined,17,PAR (µmol/m²/s),0.2095137912293329,0.23510833515180019,-0.03519789104932536,7341.363244675825,8238.196063719079,-1233.3341023683606,35040
jena,BOLT_MINI_F0,F0,jena_BOLT_MINI_F0,,combined,18,max. PAR (µmol/m²/s),0.19652327926562613,0.21995638528027958,-0.0394597084481936,6886.17570546754,7707.271740220996,-1382.6681840247038,35040
jena,BOLT_MINI_F0,F0,jena_BOLT_MINI_F0,,combined,19,Tlog (degC),0.12466015523040956,0.2261090262063216,-0.007598994938450635,4368.091839273551,7922.860278269509,-266.26878264331026,35040
jena,BOLT_MINI_F0,F0,jena_BOLT_MINI_F0,,combined,20,CO2 (ppm),0.35100944367384257,0.3751007920514487,-0.010054170698349813,12299.370906331444,13143.531753482763,-352.29814127017744,35040
jena,BOLT_TINY_F0,F0,jena_BOLT_TINY_F0,,test_a,0,p (mbar),0.02321947108587602,0.09717635957171479,-0.009056957061547355,406.8051334245479,1702.5298196964432,-158.67788771830965,17520
jena,BOLT_TINY_F0,F0,jena_BOLT_TINY_F0,,test_a,1,T (degC),0.1334256950084273,0.24305522033874824,-0.010870769501546265,2337.6181765476463,4258.327460334869,-190.45588166709058,17520
jena,BOLT_TINY_F0,F0,jena_BOLT_TINY_F0,,test_a,2,Tpot (K),0.1348189489988747,0.24383711078482362,-0.011141706244828931,2362.027986460285,4272.02618095011,-195.20269340940285,17520
jena,BOLT_TINY_F0,F0,jena_BOLT_TINY_F0,,test_a,3,Tdew (degC),0.062123828195261285,0.17247261832399174,0.013872188881111249,1088.4094699809777,3021.720273036335,243.0407491970691,17520
jena,BOLT_TINY_F0,F0,jena_BOLT_TINY_F0,,test_a,4,rh (%),0.3974785388165371,0.43311246818375865,0.019584484761013366,6963.824000065731,7588.1304425794515,343.1201730129542,17520
jena,BOLT_TINY_F0,F0,jena_BOLT_TINY_F0,,test_a,5,VPmax (mbar),0.27811507772044586,0.3156438277293444,-0.006717279998934562,4872.576161662211,5530.079861818114,-117.68674558133353,17520
jena,BOLT_TINY_F0,F0,jena_BOLT_TINY_F0,,test_a,6,VPact (mbar),0.1056904780032242,0.22505904752622916,0.016300142217394203,1851.697174616488,3943.034512659535,285.5784916487464,17520
jena,BOLT_TINY_F0,F0,jena_BOLT_TINY_F0,,test_a,7,VPdef (mbar),0.6271746424731621,0.4416002753053151,0.006424942477919867,10988.0997361298,7736.83682334912,112.56499221315607,17520
jena,BOLT_TINY_F0,F0,jena_BOLT_TINY_F0,,test_a,8,sh (g/kg),0.10649025676774179,0.22534561609442944,0.016210062153460394,1865.7092985708362,3948.0551939744037,284.0002889286261,17520
jena,BOLT_TINY_F0,F0,jena_BOLT_TINY_F0,,test_a,9,H2OC (mmol/mol),0.10603676691041611,0.2248375204346195,0.015925481855133324,1857.7641562704903,3939.1533580145333,279.01444210193586,17520
jena,BOLT_TINY_F0,F0,jena_BOLT_TINY_F0,,test_a,10,rho (g/m**3),0.10245658029391481,0.211619275898545,0.02263721097433933,1795.0392867493877,3707.5697137425086,396.60393627042504,17520
jena,BOLT_TINY_F0,F0,jena_BOLT_TINY_F0,,test_a,11,wv (m/s),0.6917946633837802,0.5916590248842162,-0.09528900254372939,12120.242502483829,10365.866115971468,-1669.463324566139,17520
jena,BOLT_TINY_F0,F0,jena_BOLT_TINY_F0,,test_a,12,max. wv (m/s),0.7076623367093656,0.593937192931766,-0.08637832303875133,12398.244139148086,10405.77962016454,-1513.3482196389232,17520
jena,BOLT_TINY_F0,F0,jena_BOLT_TINY_F0,,test_a,13,wd (deg),1.1601354573094347,0.7129045634047136,-0.09818025817624747,20325.573212061296,12490.087950850582,-1720.1181232478557,17520
jena,BOLT_TINY_F0,F0,jena_BOLT_TINY_F0,,test_a,14,rain (mm),1.1229664089447222,0.1260258819005552,-0.08045659962875161,19674.371484711533,2207.973450897727,-1409.599625495728,17520
jena,BOLT_TINY_F0,F0,jena_BOLT_TINY_F0,,test_a,15,raining (s),0.7273099036895688,0.2179766520895553,-0.14387049655175926,12742.469512641246,3818.9509446090087,-2520.611099586822,17520
jena,BOLT_TINY_F0,F0,jena_BOLT_TINY_F0,,test_a,16,SWDR (W/m²),0.5800707025649182,0.4425650796822872,-0.055036369892054585,10162.838708937366,7753.740196033672,-964.2372005087964,17520
jena,BOLT_TINY_F0,F0,jena_BOLT_TINY_F0,,test_a,17,PAR (µmol/m²/s),0.5613788082021918,0.43788845652686914,-0.04933688527195278,9835.3567197024,7671.805758350747,-864.3822299646126,17520
jena,BOLT_TINY_F0,F0,jena_BOLT_TINY_F0,,test_a,18,max. PAR (µmol/m²/s),0.5052962896279818,0.4051332946899002,-0.04586928866324446,8852.79099428224,7097.935322967052,-803.629937380043,17520
jena,BOLT_TINY_F0,F0,jena_BOLT_TINY_F0,,test_a,19,Tlog (degC),0.195366755625311,0.2885783300064738,-0.011087913734450448,3422.825558555449,5055.892341713421,-194.26024862757185,17520
jena,BOLT_TINY_F0,F0,jena_BOLT_TINY_F0,,test_a,20,CO2 (ppm),0.5508030873016595,0.4755302352767111,-0.02694108167843421,9650.070089525074,8331.289722047979,-472.0077510061674,17520
jena,BOLT_TINY_F0,F0,jena_BOLT_TINY_F0,,test_b,0,p (mbar),0.031259788476178794,0.10956688523397694,0.0020937714866500986,547.6714941026524,1919.611829299276,36.68287644610973,17520
jena,BOLT_TINY_F0,F0,jena_BOLT_TINY_F0,,test_b,1,T (degC),0.06649958387085708,0.16604692126843829,0.011915914171490155,1165.072709417416,2909.1420606230386,208.7668162845075,17520
jena,BOLT_TINY_F0,F0,jena_BOLT_TINY_F0,,test_b,2,Tpot (K),0.06682900484723366,0.16658399125792886,0.00906876221960453,1170.8441649235338,2918.5515268389136,158.88471408747137,17520
jena,BOLT_TINY_F0,F0,jena_BOLT_TINY_F0,,test_b,3,Tdew (degC),0.055835159025288406,0.15995447934538334,0.009838978746618472,978.2319861230528,2802.4024781311164,172.37890764075564,17520
jena,BOLT_TINY_F0,F0,jena_BOLT_TINY_F0,,test_b,4,rh (%),0.17795145636202808,0.2698583013305158,0.025361892767632607,3117.709515462732,4727.917439310637,444.3403612889233,17520
jena,BOLT_TINY_F0,F0,jena_BOLT_TINY_F0,,test_b,5,VPmax (mbar),0.03299280573240811,0.11140721452044489,0.008142883014003002,578.0339564317901,1951.8543983981945,142.6633104053326,17520
jena,BOLT_TINY_F0,F0,jena_BOLT_TINY_F0,,test_b,6,VPact (mbar),0.038928665153024185,0.12901356994501192,0.008445615998463014,682.0302134809837,2260.3177454366087,147.967192293072,17520
jena,BOLT_TINY_F0,F0,jena_BOLT_TINY_F0,,test_b,7,VPdef (mbar),0.04237242900217524,0.1219366788814965,0.007840177750777874,742.3649561181103,2136.3306140038185,137.35991419362836,17520
jena,BOLT_TINY_F0,F0,jena_BOLT_TINY_F0,,test_b,8,sh (g/kg),0.03883275255380602,0.12852366456540554,0.007918010072832604,680.3498247426814,2251.734603185905,138.72353647602722,17520
jena,BOLT_TINY_F0,F0,jena_BOLT_TINY_F0,,test_b,9,H2OC (mmol/mol),0.038999941918622015,0.12882497705944196,0.007906887584953828,683.2789824142577,2257.013598081423,138.52867048839107,17520
jena,BOLT_TINY_F0,F0,jena_BOLT_TINY_F0,,test_b,10,rho (g/m**3),0.06802404582726716,0.16910481011684966,0.00838382507516717,1191.7812828937208,2962.716273247206,146.88461531692883,17520
jena,BOLT_TINY_F0,F0,jena_BOLT_TINY_F0,,test_b,11,wv (m/s),0.7010132612204721,0.541462855458368,-0.11582103481564882,12281.752336582671,9486.429227630608,-2029.1845299701672,17520
jena,BOLT_TINY_F0,F0,jena_BOLT_TINY_F0,,test_b,12,max. wv (m/s),0.6085108074611448,0.5303790878776417,-0.08848076609086104,10661.109346719257,9292.241619616281,-1550.1830219118856,17520
jena,BOLT_TINY_F0,F0,jena_BOLT_TINY_F0,,test_b,13,wd (deg),1.1528438678322435,0.7082037979365219,0.013597814817030127,20197.824564420906,12407.730539847864,238.23371559436782,17520
jena,BOLT_TINY_F0,F0,jena_BOLT_TINY_F0,,test_b,14,rain (mm),0.14558540419624508,0.05187838000700422,-0.04695588261331325,2550.6562815182137,908.909217722714,-822.6670633852482,17520
jena,BOLT_TINY_F0,F0,jena_BOLT_TINY_F0,,test_b,15,raining (s),0.7845758787656444,0.2506254521633932,-0.15885452587730528,13745.76939597409,4390.957921902649,-2783.1312933703884,17520
jena,BOLT_TINY_F0,F0,jena_BOLT_TINY_F0,,test_b,16,SWDR (W/m²),0.12635096543555935,0.17540566340703082,-0.041586413016296536,2213.668914431,3073.10722289118,-728.5939560455154,17520
jena,BOLT_TINY_F0,F0,jena_BOLT_TINY_F0,,test_b,17,PAR (µmol/m²/s),0.10507064323008233,0.1650299394891287,-0.040260925914505134,1840.8376693910425,2891.3245398495346,-705.37142202213,17520
jena,BOLT_TINY_F0,F0,jena_BOLT_TINY_F0,,test_b,18,max. PAR (µmol/m²/s),0.083797193880526,0.14648403596823645,-0.0401855736175131,1468.1268367868156,2566.4003101635026,-704.0512497788295,17520
jena,BOLT_TINY_F0,F0,jena_BOLT_TINY_F0,,test_b,19,Tlog (degC),0.0777965090801919,0.178044278969376,0.0010426381083997924,1362.994839084962,3119.335767543467,18.26701965916436,17520
jena,BOLT_TINY_F0,F0,jena_BOLT_TINY_F0,,test_b,20,CO2 (ppm),0.1752982967110013,0.26797266232082884,-0.002229915008352342,3071.2261583767427,4694.881043860922,-39.068110946333036,17520
jena,BOLT_TINY_F0,F0,jena_BOLT_TINY_F0,,combined,0,p (mbar),0.027239629781027414,0.10337162240284586,-0.003481592787448628,954.4766275272005,3622.141648995719,-121.99501127219992,35040
jena,BOLT_TINY_F0,F0,jena_BOLT_TINY_F0,,combined,1,T (degC),0.09996263943964238,0.20455107080359325,0.0005225723349719444,3502.690885965069,7167.469520957908,18.310934617416933,35040
jena,BOLT_TINY_F0,F0,jena_BOLT_TINY_F0,,combined,2,Tpot (K),0.10082397692305417,0.20521055102137623,-0.0010364720126122,3532.872151383818,7190.577707789023,-36.31797932193149,35040
jena,BOLT_TINY_F0,F0,jena_BOLT_TINY_F0,,combined,3,Tdew (degC),0.05897949361027489,0.16621354883468753,0.01185558381386486,2066.641456104032,5824.1227511674515,415.41965683782473,35040
jena,BOLT_TINY_F0,F0,jena_BOLT_TINY_F0,,combined,4,rh (%),0.2877149975892826,0.3514853847571372,0.02247318876432299,10081.533515528463,12316.047881890088,787.4605343018775,35040
jena,BOLT_TINY_F0,F0,jena_BOLT_TINY_F0,,combined,5,VPmax (mbar),0.15555394172642684,0.21352552112489465,0.00071280150753422,5450.610118093997,7481.934260216309,24.97656482399907,35040
jena,BOLT_TINY_F0,F0,jena_BOLT_TINY_F0,,combined,6,VPact (mbar),0.0723095715781241,0.17703630873562054,0.012372879107928609,2533.727388097468,6203.3522580961435,433.5456839418184,35040
jena,BOLT_TINY_F0,F0,jena_BOLT_TINY_F0,,combined,7,VPdef (mbar),0.3347735357376689,0.2817684770934058,0.007132560114348871,11730.464692247917,9873.167437352939,249.92490640678443,35040
jena,BOLT_TINY_F0,F0,jena_BOLT_TINY_F0,,combined,8,sh (g/kg),0.07266150466077388,0.1769346403299175,0.0120640361131465,2546.059123313517,6199.789797160309,422.7238254046533,35040
jena,BOLT_TINY_F0,F0,jena_BOLT_TINY_F0,,combined,9,H2OC (mmol/mol),0.07251835441451922,0.1768312487470307,0.011916184720043577,2541.0431386847536,6196.166956095956,417.5431125903269,35040
jena,BOLT_TINY_F0,F0,jena_BOLT_TINY_F0,,combined,10,rho (g/m**3),0.08524031306059095,0.19036204300769735,0.015510518024753249,2986.820569643107,6670.285986989715,543.4885515873539,35040
jena,BOLT_TINY_F0,F0,jena_BOLT_TINY_F0,,combined,11,wv (m/s),0.6964039623021259,0.5665609401712921,-0.1055550186796891,24401.99483906649,19852.295343602076,-3698.647854536306,35040
jena,BOLT_TINY_F0,F0,jena_BOLT_TINY_F0,,combined,12,max. wv (m/s),0.6580865720852542,0.5621581404047038,-0.08742954456480619,23059.35348586731,19698.02123978082,-3063.5312415508088,35040
jena,BOLT_TINY_F0,F0,jena_BOLT_TINY_F0,,combined,13,wd (deg),1.1564896625708383,0.7105541806706177,-0.04229122167960867,40523.397776482176,24897.818490698446,-1481.8844076534879,35040
jena,BOLT_TINY_F0,F0,jena_BOLT_TINY_F0,,combined,14,rain (mm),0.6342759065704812,0.08895213095377971,-0.06370624112103243,22225.02776622966,3116.882668620441,-2232.2666888809763,35040
jena,BOLT_TINY_F0,F0,jena_BOLT_TINY_F0,,combined,15,raining (s),0.7559428912276052,0.23430105212647426,-0.15136251121453226,26488.238908615283,8209.908866511658,-5303.7423929572105,35040
jena,BOLT_TINY_F0,F0,jena_BOLT_TINY_F0,,combined,16,SWDR (W/m²),0.3532108340002391,0.308985371544659,-0.04831139145417556,12376.50762336838,10826.847418924852,-1692.8311565543117,35040
jena,BOLT_TINY_F0,F0,jena_BOLT_TINY_F0,,combined,17,PAR (µmol/m²/s),0.33322472571613687,0.3014591980079989,-0.04479890559322896,11676.194389093436,10563.130298200282,-1569.7536519867426,35040
jena,BOLT_TINY_F0,F0,jena_BOLT_TINY_F0,,combined,18,max. PAR (µmol/m²/s),0.294546741754254,0.27580866532906834,-0.04302743114037878,10320.91783106906,9664.335633130555,-1507.6811871588725,35040
jena,BOLT_TINY_F0,F0,jena_BOLT_TINY_F0,,combined,19,Tlog (degC),0.13658163235275134,0.2333113044879249,-0.005022637813025328,4785.820397640407,8175.228109256888,-175.9932289684075,35040
jena,BOLT_TINY_F0,F0,jena_BOLT_TINY_F0,,combined,20,CO2 (ppm),0.3630506920063299,0.37175144879877,-0.014585498343393276,12721.296247901799,13026.1707659089,-511.0758619525004,35040
jena,BOLT_SMALL_LEVEL,,v7_jena_level_res_92601;v7_jena_level_res_92602,mean_selected_seeds,test_a,0,p (mbar),0.12724283292176927,0.2639553631672683,0.008724429223296545,2229.294432789398,4624.497962690541,152.85199999215547,17520
jena,BOLT_SMALL_LEVEL,,v7_jena_level_res_92601;v7_jena_level_res_92602,mean_selected_seeds,test_a,1,T (degC),0.11557485053001641,0.22606361058473398,-0.03122395809253967,2024.8713812858875,3960.6344574445393,-547.043745781295,17520
jena,BOLT_SMALL_LEVEL,,v7_jena_level_res_92601;v7_jena_level_res_92602,mean_selected_seeds,test_a,2,Tpot (K),0.11588534718317152,0.22796305711544598,-0.031514113357428306,2030.311282649165,3993.9127606626134,-552.1272660221439,17520
jena,BOLT_SMALL_LEVEL,,v7_jena_level_res_92601;v7_jena_level_res_92602,mean_selected_seeds,test_a,3,Tdew (degC),0.09875752058951606,0.22211670938658448,-0.022879073371304456,1730.2317607283214,3891.48474845296,-400.84136546525406,17520
jena,BOLT_SMALL_LEVEL,,v7_jena_level_res_92601;v7_jena_level_res_92602,mean_selected_seeds,test_a,4,rh (%),0.451892443698053,0.4642936710418861,0.022159776936118283,7917.155613589888,8134.425116653845,388.2392919207923,17520
jena,BOLT_SMALL_LEVEL,,v7_jena_level_res_92601;v7_jena_level_res_92602,mean_selected_seeds,test_a,5,VPmax (mbar),0.17840257186484246,0.2732871262056016,-0.023753182619541856,3125.61305907204,4787.990451122139,-416.15575949437334,17520
jena,BOLT_SMALL_LEVEL,,v7_jena_level_res_92601;v7_jena_level_res_92602,mean_selected_seeds,test_a,6,VPact (mbar),0.14931341638734327,0.26935804198350954,-0.015898085658530667,2615.971055106254,4719.152895551088,-278.53446073745727,17520
jena,BOLT_SMALL_LEVEL,,v7_jena_level_res_92601;v7_jena_level_res_92602,mean_selected_seeds,test_a,7,VPdef (mbar),0.4755188783815782,0.4267228849256633,-0.021818827674659376,8331.09074924525,7476.1849438976205,-382.26586086003226,17520
jena,BOLT_SMALL_LEVEL,,v7_jena_level_res_92601;v7_jena_level_res_92602,mean_selected_seeds,test_a,8,sh (g/kg),0.15074207357787428,0.2701804449930451,-0.01594209993280644,2641.001129084357,4733.56139627815,-279.30559082276886,17520
jena,BOLT_SMALL_LEVEL,,v7_jena_level_res_92601;v7_jena_level_res_92602,mean_selected_seeds,test_a,9,H2OC (mmol/mol),0.15020131824444985,0.2697882239814758,-0.0160417635876342,2631.527095642761,4726.689684155455,-281.05169805535115,17520
jena,BOLT_SMALL_LEVEL,,v7_jena_level_res_92601;v7_jena_level_res_92602,mean_selected_seeds,test_a,10,rho (g/m**3),0.10716390000587708,0.22276763589085793,0.031057356056685026,1877.5115281029664,3902.888980807831,544.1248781131217,17520
jena,BOLT_SMALL_LEVEL,,v7_jena_level_res_92601;v7_jena_level_res_92602,mean_selected_seeds,test_a,11,wv (m/s),0.6200000428315942,0.5794414988507824,-0.032527798599551315,10862.40075040953,10151.815059865708,-569.887031464139,17520
jena,BOLT_SMALL_LEVEL,,v7_jena_level_res_92601;v7_jena_level_res_92602,mean_selected_seeds,test_a,12,max. wv (m/s),0.6056675354500748,0.5698981415565229,-0.03761967548414252,10611.295221085311,9984.61544007028,-659.096714482177,17520
jena,BOLT_SMALL_LEVEL,,v7_jena_level_res_92601;v7_jena_level_res_92602,mean_selected_seeds,test_a,13,wd (deg),1.0843110554213222,0.7163189329711198,-0.057783491478812926,18997.129690981565,12549.907705654019,-1012.3667707088025,17520
jena,BOLT_SMALL_LEVEL,,v7_jena_level_res_92601;v7_jena_level_res_92602,mean_selected_seeds,test_a,14,rain (mm),1.2569826776195523,0.32409051857617194,-0.09602082211632025,22022.336511894555,5678.065885454533,-1682.2848034779308,17520
jena,BOLT_SMALL_LEVEL,,v7_jena_level_res_92601;v7_jena_level_res_92602,mean_selected_seeds,test_a,15,raining (s),0.8155534120932181,0.41483905321815967,-0.05828061037973717,14288.495779873181,7267.980212382157,-1021.0762938529951,17520
jena,BOLT_SMALL_LEVEL,,v7_jena_level_res_92601;v7_jena_level_res_92602,mean_selected_seeds,test_a,16,SWDR (W/m²),0.5953382283239058,0.5132904214758206,0.008011898959207906,10430.32576023483,8992.848184256378,140.36846976532252,17520
jena,BOLT_SMALL_LEVEL,,v7_jena_level_res_92601;v7_jena_level_res_92602,mean_selected_seeds,test_a,17,PAR (µmol/m²/s),0.5799244274575475,0.5097683294555535,0.0068771177981516015,10160.27596905623,8931.141132061297,120.48710382361605,17520
jena,BOLT_SMALL_LEVEL,,v7_jena_level_res_92601;v7_jena_level_res_92602,mean_selected_seeds,test_a,18,max. PAR (µmol/m²/s),0.54660422584943,0.4926854014499029,0.004977870664825458,9576.506036882014,8631.8482334023,87.21229404774203,17520
jena,BOLT_SMALL_LEVEL,,v7_jena_level_res_92601;v7_jena_level_res_92602,mean_selected_seeds,test_a,19,Tlog (degC),0.1269194580921289,0.23565840982836267,-0.024487754377100185,2223.6289057740983,4128.735340192914,-429.0254566867952,17520
jena,BOLT_SMALL_LEVEL,,v7_jena_level_res_92601;v7_jena_level_res_92602,mean_selected_seeds,test_a,20,CO2 (ppm),0.5199758974271229,0.5093642200938012,0.05697881342512534,9109.977722923193,8924.061136043398,998.268811208196,17520
jena,BOLT_SMALL_LEVEL,,v7_jena_level_res_92601;v7_jena_level_res_92602,mean_selected_seeds,test_b,0,p (mbar),0.14377331584441375,0.2731362650372066,0.032611910982757675,2518.9084935941287,4785.34736345186,571.3606804179144,17520
jena,BOLT_SMALL_LEVEL,,v7_jena_level_res_92601;v7_jena_level_res_92602,mean_selected_seeds,test_b,1,T (degC),0.06319749905840816,0.16156897950367566,0.00780677427660002,1107.2201835033109,2830.6885209043976,136.77468532603234,17520
jena,BOLT_SMALL_LEVEL,,v7_jena_level_res_92601;v7_jena_level_res_92602,mean_selected_seeds,test_b,2,Tpot (K),0.06410339248976753,0.16268313158174327,0.004189754568027613,1123.0914364207272,2850.208465312142,73.40450003184378,17520
jena,BOLT_SMALL_LEVEL,,v7_jena_level_res_92601;v7_jena_level_res_92602,mean_selected_seeds,test_b,3,Tdew (degC),0.05874334766621213,0.16565061992460542,-0.005426792562157144,1029.1834511120364,2902.198861079087,-95.07740568899317,17520
jena,BOLT_SMALL_LEVEL,,v7_jena_level_res_92601;v7_jena_level_res_92602,mean_selected_seeds,test_b,4,rh (%),0.17233502914274462,0.2802080734270374,-0.02477746381849031,3019.3097105808856,4909.245446441695,-434.1011660999502,17520
jena,BOLT_SMALL_LEVEL,,v7_jena_level_res_92601;v7_jena_level_res_92602,mean_selected_seeds,test_b,5,VPmax (mbar),0.043084504775177966,0.13255754725550226,0.0063941000689928884,754.8405236611179,2322.4082279163995,112.0246332087554,17520
jena,BOLT_SMALL_LEVEL,,v7_jena_level_res_92601;v7_jena_level_res_92602,mean_selected_seeds,test_b,6,VPact (mbar),0.04512406485615717,0.14218212688328463,-0.007996925181893056,790.5736162798736,2491.030862995147,-140.10612918676634,17520
jena,BOLT_SMALL_LEVEL,,v7_jena_level_res_92601;v7_jena_level_res_92602,mean_selected_seeds,test_b,7,VPdef (mbar),0.06375741990484203,0.16496128292389364,0.016534286476318195,1117.0299967328324,2890.1216768266167,289.6806990650948,17520
jena,BOLT_SMALL_LEVEL,,v7_jena_level_res_92601;v7_jena_level_res_92602,mean_selected_seeds,test_b,8,sh (g/kg),0.04507435343180243,0.1413995892948101,-0.008987300242092695,789.7026721251787,2477.320804445073,-157.457500241464,17520
jena,BOLT_SMALL_LEVEL,,v7_jena_level_res_92601;v7_jena_level_res_92602,mean_selected_seeds,test_b,9,H2OC (mmol/mol),0.04522823913627352,0.141644412885306,-0.008927284840080561,792.398749667512,2481.610113750561,-156.40603039821144,17520
jena,BOLT_SMALL_LEVEL,,v7_jena_level_res_92601;v7_jena_level_res_92602,mean_selected_seeds,test_b,10,rho (g/m**3),0.0729366583303645,0.17929148350909874,0.004177639546022579,1277.850253947986,3141.18679107941,73.19224484631559,17520
jena,BOLT_SMALL_LEVEL,,v7_jena_level_res_92601;v7_jena_level_res_92602,mean_selected_seeds,test_b,11,wv (m/s),0.625887039872004,0.5295147241408178,-0.029600390076177985,10965.54093855751,9277.097966947127,-518.5988341346383,17520
jena,BOLT_SMALL_LEVEL,,v7_jena_level_res_92601;v7_jena_level_res_92602,mean_selected_seeds,test_b,12,max. wv (m/s),0.549517633688949,0.5149990623115698,-0.03334341398678182,9627.548942230387,9022.783571698703,-584.1766130484175,17520
jena,BOLT_SMALL_LEVEL,,v7_jena_level_res_92601;v7_jena_level_res_92602,mean_selected_seeds,test_b,13,wd (deg),1.1315618964376848,0.7394999134309109,0.011646692295267115,19824.964425588238,12956.03848330956,204.05004901307984,17520
jena,BOLT_SMALL_LEVEL,,v7_jena_level_res_92601;v7_jena_level_res_92602,mean_selected_seeds,test_b,14,rain (mm),0.1719390792976858,0.16039172487132117,-0.0901226146885929,3012.372669295455,2810.0630197455466,-1578.9482093441475,17520
jena,BOLT_SMALL_LEVEL,,v7_jena_level_res_92601;v7_jena_level_res_92602,mean_selected_seeds,test_b,15,raining (s),0.7672100135743575,0.3708425381018479,-0.07746883518059608,13441.519437822742,6497.161267544376,-1357.2539923640434,17520
jena,BOLT_SMALL_LEVEL,,v7_jena_level_res_92601;v7_jena_level_res_92602,mean_selected_seeds,test_b,16,SWDR (W/m²),0.1634909045624995,0.2514532694280372,0.00040806169170404136,2864.3606479349914,4405.4612803792115,7.149240838654805,17520
jena,BOLT_SMALL_LEVEL,,v7_jena_level_res_92601;v7_jena_level_res_92602,mean_selected_seeds,test_b,17,PAR (µmol/m²/s),0.15010675570521345,0.24502154809994767,0.0004198978232694181,2629.8703599553396,4292.777522711083,7.356609863680205,17520
jena,BOLT_SMALL_LEVEL,,v7_jena_level_res_92601;v7_jena_level_res_92602,mean_selected_seeds,test_b,18,max. PAR (µmol/m²/s),0.13443354790935277,0.2349948096124747,0.00032475365917985095,2355.2757593718607,4117.109064410557,5.689684108830988,17520
jena,BOLT_SMALL_LEVEL,,v7_jena_level_res_92601;v7_jena_level_res_92602,mean_selected_seeds,test_b,19,Tlog (degC),0.06500615424571367,0.1672649576436937,0.012753448879672374,1138.9078223849035,2930.482057917514,223.44042437186,17520
jena,BOLT_SMALL_LEVEL,,v7_jena_level_res_92601;v7_jena_level_res_92602,mean_selected_seeds,test_b,20,CO2 (ppm),0.17460165499941532,0.2977787889438066,0.025713573027863038,3059.0209955897567,5217.084382295492,450.50179944816045,17520
jena,BOLT_SMALL_LEVEL,,v7_jena_level_res_92601;v7_jena_level_res_92602,mean_selected_seeds,combined,0,p (mbar),0.13550807438309148,0.26854581410223743,0.020668170103027107,4748.202926383526,9409.8453261424,724.2126804100699,35040
jena,BOLT_SMALL_LEVEL,,v7_jena_level_res_92601;v7_jena_level_res_92602,mean_selected_seeds,combined,1,T (degC),0.08938617479421236,0.1938162950442048,-0.011708591907969825,3132.091564789201,6791.322978348937,-410.26906045526266,35040
jena,BOLT_SMALL_LEVEL,,v7_jena_level_res_92601;v7_jena_level_res_92602,mean_selected_seeds,combined,2,Tpot (K),0.08999436983646947,0.19532309434859463,-0.013662179394700345,3153.4027190698903,6844.121225974755,-478.7227659903001,35040
jena,BOLT_SMALL_LEVEL,,v7_jena_level_res_92601;v7_jena_level_res_92602,mean_selected_seeds,combined,3,Tdew (degC),0.07875043412786409,0.19388366465559495,-0.0141529329667308,2759.4152118403576,6793.683609532047,-495.9187711542472,35040
jena,BOLT_SMALL_LEVEL,,v7_jena_level_res_92601;v7_jena_level_res_92602,mean_selected_seeds,combined,4,rh (%),0.3121137364203987,0.37225087223446174,-0.001308843441186013,10936.46532417077,13043.67056309554,-45.861874179157894,35040
jena,BOLT_SMALL_LEVEL,,v7_jena_level_res_92601;v7_jena_level_res_92602,mean_selected_seeds,combined,5,VPmax (mbar),0.11074353832001015,0.2029223367305519,-0.008679541275274484,3880.4535827331556,7110.398679038539,-304.13112628561794,35040
jena,BOLT_SMALL_LEVEL,,v7_jena_level_res_92601;v7_jena_level_res_92602,mean_selected_seeds,combined,6,VPact (mbar),0.09721874062175036,0.20577008443339712,-0.01194750542021186,3406.5446713861324,7210.1837585462345,-418.6405899242236,35040
jena,BOLT_SMALL_LEVEL,,v7_jena_level_res_92601;v7_jena_level_res_92602,mean_selected_seeds,combined,7,VPdef (mbar),0.26963814914321016,0.29584208392477845,-0.0026422705991705894,9448.120745978084,10366.306620724237,-92.58516179493745,35040
jena,BOLT_SMALL_LEVEL,,v7_jena_level_res_92601;v7_jena_level_res_92602,mean_selected_seeds,combined,8,sh (g/kg),0.09790821350483832,0.20579001714392758,-0.012464700087449569,3430.7038012095345,7210.882200723223,-436.76309106423287,35040
jena,BOLT_SMALL_LEVEL,,v7_jena_level_res_92601;v7_jena_level_res_92602,mean_selected_seeds,combined,9,H2OC (mmol/mol),0.09771477869036176,0.2057163184333909,-0.01248452421385738,3423.9258453102757,7208.2997979060165,-437.4577284535626,35040
jena,BOLT_SMALL_LEVEL,,v7_jena_level_res_92601;v7_jena_level_res_92602,mean_selected_seeds,combined,10,rho (g/m**3),0.09005027916812065,0.20102955969997835,0.017617497801353802,3155.3617820509476,7044.075771887241,617.3171229594373,35040
jena,BOLT_SMALL_LEVEL,,v7_jena_level_res_92601;v7_jena_level_res_92602,mean_selected_seeds,combined,11,wv (m/s),0.6229435413517986,0.5544781114958001,-0.03106409433786465,21827.941688967025,19428.913026812836,-1088.4858655987773,35040
jena,BOLT_SMALL_LEVEL,,v7_jena_level_res_92601;v7_jena_level_res_92602,mean_selected_seeds,combined,12,max. wv (m/s),0.5775925845695117,0.5424486019340463,-0.035481544735462174,20238.84416331569,19007.399011768983,-1243.2733275305945,35040
jena,BOLT_SMALL_LEVEL,,v7_jena_level_res_92601;v7_jena_level_res_92602,mean_selected_seeds,combined,13,wd (deg),1.1079364759295036,0.7279094232010154,-0.02306839959177291,38822.09411656981,25505.94618896358,-808.3167216957227,35040
jena,BOLT_SMALL_LEVEL,,v7_jena_level_res_92601;v7_jena_level_res_92602,mean_selected_seeds,combined,14,rain (mm),0.714460878458618,0.24224112172374657,-0.09307171840245657,25034.709181189977,8488.12890520008,-3261.2330128220783,35040
jena,BOLT_SMALL_LEVEL,,v7_jena_level_res_92601;v7_jena_level_res_92602,mean_selected_seeds,combined,15,raining (s),0.791381712833788,0.3928407956600038,-0.06787472278016662,27730.01521769593,13765.141479926533,-2378.3302862170385,35040
jena,BOLT_SMALL_LEVEL,,v7_jena_level_res_92601;v7_jena_level_res_92602,mean_selected_seeds,combined,16,SWDR (W/m²),0.37941456644320243,0.3823718454519289,0.004209980325455974,13294.686408169813,13398.30946463559,147.51771060397732,35040
jena,BOLT_SMALL_LEVEL,,v7_jena_level_res_92601;v7_jena_level_res_92602,mean_selected_seeds,combined,17,PAR (µmol/m²/s),0.3650155915813804,0.3773949387777506,0.0036485078107105096,12790.14632901157,13223.91865477238,127.84371368729626,35040
jena,BOLT_SMALL_LEVEL,,v7_jena_level_res_92601;v7_jena_level_res_92602,mean_selected_seeds,combined,18,max. PAR (µmol/m²/s),0.34051888687939136,0.36384010553118884,0.0026513121620026546,11931.781796253874,12748.957297812856,92.90197815657302,35040
jena,BOLT_SMALL_LEVEL,,v7_jena_level_res_92601;v7_jena_level_res_92602,mean_selected_seeds,combined,19,Tlog (degC),0.09596280616892111,0.20146168373602819,-0.005867152748713905,3362.5367281589956,7059.217398110428,-205.58503231493523,35040
jena,BOLT_SMALL_LEVEL,,v7_jena_level_res_92601;v7_jena_level_res_92602,mean_selected_seeds,combined,20,CO2 (ppm),0.3472887762132693,0.4035715045188039,0.04134619322649419,12168.998718512956,14141.14551833889,1448.7706106563564,35040
jena,BOLT_SMALL_F0,,v7_jena_f0,single_model,test_a,0,p (mbar),0.02325108073687431,0.09569214585053279,-0.00898047922584829,407.3589345100379,1676.5263953013346,-157.33799603686202,17520
jena,BOLT_SMALL_F0,,v7_jena_f0,single_model,test_a,1,T (degC),0.11505114980108477,0.22817582992257945,-0.008308622959499423,2015.6961445150052,3997.640540243592,-145.56707425042987,17520
jena,BOLT_SMALL_F0,,v7_jena_f0,single_model,test_a,2,Tpot (K),0.11596925744384853,0.2283268327419311,-0.008674116720422596,2031.7813904162263,4000.286109638633,-151.9705249418039,17520
jena,BOLT_SMALL_F0,,v7_jena_f0,single_model,test_a,3,Tdew (degC),0.06171348924142272,0.17133566590319252,0.00568794124924456,1081.220331509726,3001.800866623933,99.6527306867647,17520
jena,BOLT_SMALL_F0,,v7_jena_f0,single_model,test_a,4,rh (%),0.3727556444624068,0.4276231473050371,0.0016500834444234827,6530.678890981367,7491.957540784249,28.909461946299416,17520
jena,BOLT_SMALL_F0,,v7_jena_f0,single_model,test_a,5,VPmax (mbar),0.2010835533715429,0.2840313648971871,-0.00667069351238004,3522.9838550694317,4976.229512998718,-116.8705503368983,17520
jena,BOLT_SMALL_F0,,v7_jena_f0,single_model,test_a,6,VPact (mbar),0.10635580177720637,0.22377605003240458,0.007143993138714859,1863.3536471366556,3920.5563965677284,125.16275979028433,17520
jena,BOLT_SMALL_F0,,v7_jena_f0,single_model,test_a,7,VPdef (mbar),0.5216850790901951,0.4185948190112988,0.005644024549648548,9139.922585660219,7333.781229077955,98.88331010984257,17520
jena,BOLT_SMALL_F0,,v7_jena_f0,single_model,test_a,8,sh (g/kg),0.10728763684559994,0.22379649488150927,0.007159134863435129,1879.679397534911,3920.9145903240424,125.42804280738346,17520
jena,BOLT_SMALL_F0,,v7_jena_f0,single_model,test_a,9,H2OC (mmol/mol),0.10674641436666359,0.2232319829108597,0.0068958365427982385,1870.197179703946,3911.024340598262,120.81505622982513,17520
jena,BOLT_SMALL_F0,,v7_jena_f0,single_model,test_a,10,rho (g/m**3),0.09561961244348538,0.20646221870612497,0.014566526636666589,1675.2556100098639,3617.2180717313095,255.20554667439865,17520
jena,BOLT_SMALL_F0,,v7_jena_f0,single_model,test_a,11,wv (m/s),0.7290431101538214,0.607478507645359,-0.09124745454384837,12772.83528989495,10643.023453946691,-1598.6554036082234,17520
jena,BOLT_SMALL_F0,,v7_jena_f0,single_model,test_a,12,max. wv (m/s),0.7411328289421105,0.6074061552295129,-0.09734312844817919,12984.647163065776,10641.755839621066,-1705.4516104120994,17520
jena,BOLT_SMALL_F0,,v7_jena_f0,single_model,test_a,13,wd (deg),1.1617372217972484,0.7161877883279661,-0.07656678578009736,20353.63612588779,12547.610051505966,-1341.4500868673058,17520
jena,BOLT_SMALL_F0,,v7_jena_f0,single_model,test_a,14,rain (mm),1.1250597252046342,0.12269417763624944,-0.08695946457433264,19711.04638558519,2149.60199218709,-1523.5298193423077,17520
jena,BOLT_SMALL_F0,,v7_jena_f0,single_model,test_a,15,raining (s),0.7224250622741913,0.2176423478523401,-0.14605533542216767,12656.887091043833,3813.093934372999,-2558.889476596378,17520
jena,BOLT_SMALL_F0,,v7_jena_f0,single_model,test_a,16,SWDR (W/m²),0.28764477708177477,0.29376651665321607,-0.04215773836380878,5039.536494472694,5146.789371764346,-738.6035761339299,17520
jena,BOLT_SMALL_F0,,v7_jena_f0,single_model,test_a,17,PAR (µmol/m²/s),0.2650074494259013,0.28378544977152254,-0.03492399266249021,4642.930513941791,4971.921079997075,-611.8683514468285,17520
jena,BOLT_SMALL_F0,,v7_jena_f0,single_model,test_a,18,max. PAR (µmol/m²/s),0.2596307966538139,0.26456146551478826,-0.051278416144278506,4548.731557374819,4635.116875819091,-898.3978508477594,17520
jena,BOLT_SMALL_F0,,v7_jena_f0,single_model,test_a,19,Tlog (degC),0.15008288432353473,0.2612841510493521,-0.011815748338951845,2629.4521333483285,4577.698326384649,-207.01191089843633,17520
jena,BOLT_SMALL_F0,,v7_jena_f0,single_model,test_a,20,CO2 (ppm),0.5165966677286303,0.46986794464661447,-0.009947269115932966,9050.773618605603,8232.086390208686,-174.27615491114557,17520
jena,BOLT_SMALL_F0,,v7_jena_f0,single_model,test_b,0,p (mbar),0.03441575906621709,0.11341003546703797,-0.0026125557478893385,602.9640988401235,1986.9438213825051,-45.77197670302121,17520
jena,BOLT_SMALL_F0,,v7_jena_f0,single_model,test_b,1,T (degC),0.0650842390277474,0.16526582625138544,0.007351256900501,1140.2758677661345,2895.457275924273,128.7940208967775,17520
jena,BOLT_SMALL_F0,,v7_jena_f0,single_model,test_b,2,Tpot (K),0.06596360374408441,0.1665198508542686,0.0033695710444457184,1155.682337596359,2917.427786966786,59.034884698688984,17520
jena,BOLT_SMALL_F0,,v7_jena_f0,single_model,test_b,3,Tdew (degC),0.05606899973258907,0.159483053023371,0.008606260796423739,982.3288753149604,2794.14308896946,150.7816891533439,17520
jena,BOLT_SMALL_F0,,v7_jena_f0,single_model,test_b,4,rh (%),0.18114013150818234,0.27065785218098454,0.02623771233564882,3173.5751040233545,4741.925570210849,459.68472012056736,17520
jena,BOLT_SMALL_F0,,v7_jena_f0,single_model,test_b,5,VPmax (mbar),0.03189033472751682,0.11062713214432816,0.005205927994798605,558.7186644260946,1938.1873551686294,91.20785846887156,17520
jena,BOLT_SMALL_F0,,v7_jena_f0,single_model,test_b,6,VPact (mbar),0.0398790302475037,0.12933193494791256,0.007942379845225576,698.6806099362649,2265.895500287428,139.1504948883521,17520
jena,BOLT_SMALL_F0,,v7_jena_f0,single_model,test_b,7,VPdef (mbar),0.041451990566305566,0.12070774752630738,0.0064715275183063825,726.2388747216735,2114.799736660905,113.38116212072782,17520
jena,BOLT_SMALL_F0,,v7_jena_f0,single_model,test_b,8,sh (g/kg),0.039599793244328975,0.12874114336548256,0.007399633289692226,693.7883776406436,2255.5448317632545,129.6415752354078,17520
jena,BOLT_SMALL_F0,,v7_jena_f0,single_model,test_b,9,H2OC (mmol/mol),0.03978396574651795,0.1290632127181783,0.007446645290434539,697.0150798789945,2261.187486822484,130.46522548841313,17520
jena,BOLT_SMALL_F0,,v7_jena_f0,single_model,test_b,10,rho (g/m**3),0.06564413631965413,0.16647949669018483,0.01363035762261216,1150.0852683203404,2916.7207820120384,238.80386554816505,17520
jena,BOLT_SMALL_F0,,v7_jena_f0,single_model,test_b,11,wv (m/s),0.6788094828815562,0.5396111063551946,-0.12045247676506156,11892.742140084863,9453.986583343009,-2110.3273929238785,17520
jena,BOLT_SMALL_F0,,v7_jena_f0,single_model,test_b,12,max. wv (m/s),0.6116314255305652,0.5263797330665407,-0.12344027648809616,10715.782575295501,9222.172923325794,-2162.673644071445,17520
jena,BOLT_SMALL_F0,,v7_jena_f0,single_model,test_b,13,wd (deg),1.1724421903594915,0.7190285806253751,0.016540455647040098,20541.18717509829,12597.380732556572,289.7887829361425,17520
jena,BOLT_SMALL_F0,,v7_jena_f0,single_model,test_b,14,rain (mm),0.14574542228569629,0.052220727654799105,-0.04602789986042995,2553.459798445399,914.9071485120803,-806.4088055547327,17520
jena,BOLT_SMALL_F0,,v7_jena_f0,single_model,test_b,15,raining (s),0.7769435752170831,0.24832426842789007,-0.15559476760745508,13612.051437803297,4350.641182856634,-2726.020328482613,17520
jena,BOLT_SMALL_F0,,v7_jena_f0,single_model,test_b,16,SWDR (W/m²),0.08188680686942837,0.1303428921001601,-0.05888982913476459,1434.656856352385,2283.6074695948046,-1031.7498064410756,17520
jena,BOLT_SMALL_F0,,v7_jena_f0,single_model,test_b,17,PAR (µmol/m²/s),0.0646913789558227,0.1179745809305842,-0.053310236509132164,1133.3929593060138,2066.914657903835,-933.9953436399956,17520
jena,BOLT_SMALL_F0,,v7_jena_f0,single_model,test_b,18,max. PAR (µmol/m²/s),0.053625753796409666,0.1056090498478197,-0.05164654318909862,939.5232065130973,1850.2705533338012,-904.8474366730079,17520
jena,BOLT_SMALL_F0,,v7_jena_f0,single_model,test_b,19,Tlog (degC),0.07307444603711613,0.1747772368337231,0.001547464148743986,1280.2642945702746,3062.097189326829,27.111571885994636,17520
jena,BOLT_SMALL_F0,,v7_jena_f0,single_model,test_b,20,CO2 (ppm),0.17094936657378285,0.2695437603522747,-0.003293484946663415,2995.0329023726754,4722.406681371853,-57.70185626554303,17520
jena,BOLT_SMALL_F0,,v7_jena_f0,single_model,combined,0,p (mbar),0.028833419901545726,0.10455109065878537,-0.005796517486868814,1010.3230333501623,3663.4702166838397,-203.10997273988323,35040
jena,BOLT_SMALL_F0,,v7_jena_f0,single_model,combined,1,T (degC),0.09006769441441619,0.19672082808698244,-0.0004786830294992111,3155.972012281143,6893.097816167865,-16.773053353652358,35040
jena,BOLT_SMALL_F0,,v7_jena_f0,single_model,combined,2,Tpot (K),0.09096643059396652,0.19742334179809987,-0.002652272837988439,3187.4637280125867,6917.713896605419,-92.9356402431149,35040
jena,BOLT_SMALL_F0,,v7_jena_f0,single_model,combined,3,Tdew (degC),0.058891244487005924,0.16540935946328178,0.00714710102283415,2063.5492068246876,5795.943955593393,250.4344198401086,35040
jena,BOLT_SMALL_F0,,v7_jena_f0,single_model,combined,4,rh (%),0.27694788798529474,0.3491404997430108,0.013943897890036153,9704.253995004728,12233.883110995099,488.5941820668668,35040
jena,BOLT_SMALL_F0,,v7_jena_f0,single_model,combined,5,VPmax (mbar),0.11648694404952985,0.19732924852075762,-0.0007323827587907175,4081.702519495526,6914.416868167347,-25.66269186802674,35040
jena,BOLT_SMALL_F0,,v7_jena_f0,single_model,combined,6,VPact (mbar),0.07311741601235515,0.17655399249015857,0.007543186491970218,2562.0342570729244,6186.4518968551565,264.31325467863644,35040
jena,BOLT_SMALL_F0,,v7_jena_f0,single_model,combined,7,VPdef (mbar),0.28156853482825017,0.26965128326880305,0.006057776033977466,9866.161460381885,9448.58096573886,212.2644722305704,35040
jena,BOLT_SMALL_F0,,v7_jena_f0,single_model,combined,8,sh (g/kg),0.07344371504496457,0.1762688191234959,0.007279384076563678,2573.4677751755585,6176.459422087297,255.06961804279126,35040
jena,BOLT_SMALL_F0,,v7_jena_f0,single_model,combined,9,H2OC (mmol/mol),0.07326519005659073,0.176147597814519,0.007171240916616388,2567.212259582939,6172.211827420746,251.28028171823826,35040
jena,BOLT_SMALL_F0,,v7_jena_f0,single_model,combined,10,rho (g/m**3),0.08063187438156977,0.1864708576981549,0.014098442129639375,2825.3408783302048,6533.938853743348,494.0094122225637,35040
jena,BOLT_SMALL_F0,,v7_jena_f0,single_model,combined,11,wv (m/s),0.7039262965176887,0.5735448070002768,-0.10584996565445497,24665.57742997981,20097.0100372897,-3708.982796532102,35040
jena,BOLT_SMALL_F0,,v7_jena_f0,single_model,combined,12,max. wv (m/s),0.6763821272363371,0.5668929441480268,-0.11039170246813768,23700.42973836125,19863.92876294686,-3868.1252544835443,35040
jena,BOLT_SMALL_F0,,v7_jena_f0,single_model,combined,13,wd (deg),1.167089706078368,0.7176081844766706,-0.03001316506652863,40894.82330098602,25144.99078406254,-1051.6613039311633,35040
jena,BOLT_SMALL_F0,,v7_jena_f0,single_model,combined,14,rain (mm),0.6354025737451634,0.08745745264552428,-0.06649368221738129,22264.506184030524,3064.5091406991705,-2329.9386248970404,35040
jena,BOLT_SMALL_F0,,v7_jena_f0,single_model,combined,15,raining (s),0.7496843187456367,0.2329833081401151,-0.15082505151481138,26268.93852884711,8163.735117229633,-5284.909805078991,35040
jena,BOLT_SMALL_F0,,v7_jena_f0,single_model,combined,16,SWDR (W/m²),0.18476579197560175,0.21205470437668808,-0.050523783749286684,6474.193350825085,7430.39684135915,-1770.3533825750055,35040
jena,BOLT_SMALL_F0,,v7_jena_f0,single_model,combined,17,PAR (µmol/m²/s),0.1648494141908621,0.20088001535105338,-0.04411711458581119,5776.323473247808,7038.83573790091,-1545.863695086824,35040
jena,BOLT_SMALL_F0,,v7_jena_f0,single_model,combined,18,max. PAR (µmol/m²/s),0.15662827522511194,0.185085257681304,-0.051462479666688564,5488.254763887922,6485.387429152892,-1803.2452875207673,35040
jena,BOLT_SMALL_F0,,v7_jena_f0,single_model,combined,19,Tlog (degC),0.11157866518032544,0.2180306939415376,-0.0051341420951039295,3909.7164279186036,7639.7955157114775,-179.9003390124417,35040
jena,BOLT_SMALL_F0,,v7_jena_f0,single_model,combined,20,CO2 (ppm),0.34377301715120634,0.3697058524994446,-0.006620377031298191,12045.80652097827,12954.493071580539,-231.9780111766886,35040
jena,BOLT_MINI_F0,,jena_BOLT_MINI_F0,single_model,test_a,0,p (mbar),0.02253006280981132,0.09562522328335002,-0.0034398637272454223,394.7267004278943,1675.3539119242923,-60.2664125013398,17520
jena,BOLT_MINI_F0,,jena_BOLT_MINI_F0,single_model,test_a,1,T (degC),0.12872459400674038,0.241978006085517,-0.009111227249151487,2255.2548869980915,4239.454666618258,-159.62870140513405,17520
jena,BOLT_MINI_F0,,jena_BOLT_MINI_F0,single_model,test_a,2,Tpot (K),0.1307959960970419,0.24329132863538888,-0.008776830636165807,2291.5458516201743,4262.464077692013,-153.77007274562493,17520
jena,BOLT_MINI_F0,,jena_BOLT_MINI_F0,single_model,test_a,3,Tdew (degC),0.06153303675314244,0.17123973109001162,0.007700651280377161,1078.0588039150555,3000.1200886970037,134.91541043220786,17520
jena,BOLT_MINI_F0,,jena_BOLT_MINI_F0,single_model,test_a,4,rh (%),0.3951992044275686,0.4392173352133908,0.010518911861678741,6923.890061571002,7695.087712938606,184.29133581661154,17520
jena,BOLT_MINI_F0,,jena_BOLT_MINI_F0,single_model,test_a,5,VPmax (mbar),0.2521435729297208,0.310295966202348,0.0007737507867096864,4417.555397728708,5436.385327865137,13.556113783153705,17520
jena,BOLT_MINI_F0,,jena_BOLT_MINI_F0,single_model,test_a,6,VPact (mbar),0.1043145580881737,0.22284360285614485,0.01075315017489679,1827.5910577048032,3904.219922039658,188.39519106419175,17520
jena,BOLT_MINI_F0,,jena_BOLT_MINI_F0,single_model,test_a,7,VPdef (mbar),0.6011528684415511,0.44519387489216233,0.03632801039972062,10532.198255095976,7799.796688110684,636.4667422031052,17520
jena,BOLT_MINI_F0,,jena_BOLT_MINI_F0,single_model,test_a,8,sh (g/kg),0.10501163000147314,0.2229140965778994,0.011112655433876649,1839.8037576258093,3905.4549720447976,194.69372320151888,17520
jena,BOLT_MINI_F0,,jena_BOLT_MINI_F0,single_model,test_a,9,H2OC (mmol/mol),0.10453163714318114,0.22242138109370704,0.01079340262160308,1831.3942827485337,3896.8225967617473,189.10041393048596,17520
jena,BOLT_MINI_F0,,jena_BOLT_MINI_F0,single_model,test_a,10,rho (g/m**3),0.09960923212096882,0.20990645261033758,0.01967699352328561,1745.153746759374,3677.5610497331145,344.7409265279639,17520
jena,BOLT_MINI_F0,,jena_BOLT_MINI_F0,single_model,test_a,11,wv (m/s),0.6983813603184953,0.5921232584769414,-0.085169329357822,12235.641432780038,10373.999488516012,-1492.1666503490414,17520
jena,BOLT_MINI_F0,,jena_BOLT_MINI_F0,single_model,test_a,12,max. wv (m/s),0.7029308941267642,0.5888656528681051,-0.09759234755033898,12315.34926510091,10316.926238249202,-1709.817929081939,17520
jena,BOLT_MINI_F0,,jena_BOLT_MINI_F0,single_model,test_a,13,wd (deg),1.1670077097994973,0.7148714323786645,-0.08044103279948411,20445.975075687194,12524.5474952742,-1409.3268946469616,17520
jena,BOLT_MINI_F0,,jena_BOLT_MINI_F0,single_model,test_a,14,rain (mm),1.1192510790811458,0.12218072666942363,-0.08657372118105164,19609.278905501676,2140.606331248302,-1516.7715950920247,17520
jena,BOLT_MINI_F0,,jena_BOLT_MINI_F0,single_model,test_a,15,raining (s),0.7316457931835765,0.21942732177821486,-0.14364775080886588,12818.43429657626,3844.3666775543243,-2516.7085941713303,17520
jena,BOLT_MINI_F0,,jena_BOLT_MINI_F0,single_model,test_a,16,SWDR (W/m²),0.34718127568379,0.3274029288798461,-0.04940193178026758,6082.615949980001,5736.099313974904,-865.521844790288,17520
jena,BOLT_MINI_F0,,jena_BOLT_MINI_F0,single_model,test_a,17,PAR (µmol/m²/s),0.32726995446556206,0.3202573256734492,-0.03963071294590785,5733.769602236647,5610.908345798831,-694.3300908123056,17520
jena,BOLT_MINI_F0,,jena_BOLT_MINI_F0,single_model,test_a,18,max. PAR (µmol/m²/s),0.3194010823558288,0.3070799267204112,-0.0455826629705109,5595.906962874121,5380.040316141603,-798.6082552433509,17520
jena,BOLT_MINI_F0,,jena_BOLT_MINI_F0,single_model,test_a,19,Tlog (degC),0.1734950281697099,0.27603411963013824,-0.014689522333442234,3039.6328935333177,4836.117775920022,-257.36043128190795,17520
jena,BOLT_MINI_F0,,jena_BOLT_MINI_F0,single_model,test_a,20,CO2 (ppm),0.5283608512155028,0.48194810590497056,-0.0186024709318958,9256.882113295609,8443.730815455085,-325.9152907268144,17520
jena,BOLT_MINI_F0,,jena_BOLT_MINI_F0,single_model,test_b,0,p (mbar),0.03310879303521957,0.11044171660798226,-0.0007038069860875494,580.0660539770469,1934.9388749718491,-12.330698396253865,17520
jena,BOLT_MINI_F0,,jena_BOLT_MINI_F0,single_model,test_b,1,T (degC),0.06814072981392916,0.16801802819272074,0.012179686516346877,1193.8255863400389,2943.6758539364673,213.3881077663973,17520
jena,BOLT_MINI_F0,,jena_BOLT_MINI_F0,single_model,test_b,2,Tpot (K),0.06825981739924866,0.16806058542487703,0.00859027379373148,1195.9120008348366,2944.421456643846,150.50159686617553,17520
jena,BOLT_MINI_F0,,jena_BOLT_MINI_F0,single_model,test_b,3,Tdew (degC),0.05667417854673244,0.1600600701098484,0.007537518066347318,992.9316081387524,2804.252428324544,132.05731652240502,17520
jena,BOLT_MINI_F0,,jena_BOLT_MINI_F0,single_model,test_b,4,rh (%),0.1807590142376853,0.271752479068657,0.02028733846029736,3166.8979294442465,4761.103433282871,355.43416982440976,17520
jena,BOLT_MINI_F0,,jena_BOLT_MINI_F0,single_model,test_b,5,VPmax (mbar),0.034058755320852195,0.11312419719777185,0.01017403607636788,596.7093932213304,1981.9359349049628,178.24911205796525,17520
jena,BOLT_MINI_F0,,jena_BOLT_MINI_F0,single_model,test_b,6,VPact (mbar),0.03971551075319018,0.1291830439893801,0.0075235502942121784,695.8157483958919,2263.286930693939,131.81260115459736,17520
jena,BOLT_MINI_F0,,jena_BOLT_MINI_F0,single_model,test_b,7,VPdef (mbar),0.04248202698798928,0.12244664169568888,0.009424206137922423,744.2851128295722,2145.265162508469,165.11209153640084,17520
jena,BOLT_MINI_F0,,jena_BOLT_MINI_F0,single_model,test_b,8,sh (g/kg),0.03943404463130059,0.12857082738995831,0.006929156812281055,690.8844619403864,2252.5608958720695,121.39882735116407,17520
jena,BOLT_MINI_F0,,jena_BOLT_MINI_F0,single_model,test_b,9,H2OC (mmol/mol),0.03967721314254297,0.12902044716988692,0.0069470698995458295,695.1447742573529,2260.4382344164187,121.71266464004293,17520
jena,BOLT_MINI_F0,,jena_BOLT_MINI_F0,single_model,test_b,10,rho (g/m**3),0.06572767841102393,0.16516662920460323,0.011688253077670808,1151.5489257611393,2893.7193436646485,204.77819392079255,17520
jena,BOLT_MINI_F0,,jena_BOLT_MINI_F0,single_model,test_b,11,wv (m/s),0.694350650158034,0.5412775953576052,-0.1154736538377902,12165.023390768756,9483.183470665244,-2023.0984152380843,17520
jena,BOLT_MINI_F0,,jena_BOLT_MINI_F0,single_model,test_b,12,max. wv (m/s),0.5938724741532018,0.5213065075883285,-0.10452516584127682,10404.645747164095,9133.290012947517,-1831.28090553917,17520
jena,BOLT_MINI_F0,,jena_BOLT_MINI_F0,single_model,test_b,13,wd (deg),1.1625797614521494,0.7116048976657,0.019407204922201146,20368.397420641657,12467.317807103063,340.01423023696407,17520
jena,BOLT_MINI_F0,,jena_BOLT_MINI_F0,single_model,test_b,14,rain (mm),0.14561865419177308,0.05183799536627628,-0.046471687630999015,2551.2388214398643,908.2016788171604,-814.1839672951028,17520
jena,BOLT_MINI_F0,,jena_BOLT_MINI_F0,single_model,test_b,15,raining (s),0.774881307247152,0.24380084329027443,-0.166221968714067,13575.920502970102,4271.390774445608,-2912.208891870454,17520
jena,BOLT_MINI_F0,,jena_BOLT_MINI_F0,single_model,test_b,16,SWDR (W/m²),0.11196866630699254,0.16179400032230232,-0.03226798609552358,1961.6910336985093,2834.6308856467367,-565.3351163935731,17520
jena,BOLT_MINI_F0,,jena_BOLT_MINI_F0,single_model,test_b,17,PAR (µmol/m²/s),0.09175762799310386,0.14995934463015112,-0.03076506915274287,1607.5936424391796,2627.287717920248,-539.004011556055,17520
jena,BOLT_MINI_F0,,jena_BOLT_MINI_F0,single_model,test_b,18,max. PAR (µmol/m²/s),0.07364547617542315,0.132832843840148,-0.03333675392587631,1290.2687425934137,2327.231424079393,-584.0599287813529,17520
jena,BOLT_MINI_F0,,jena_BOLT_MINI_F0,single_model,test_b,19,Tlog (degC),0.07582528229110924,0.17618393278250497,-0.000508467543459036,1328.458945740234,3086.742502349487,-8.90835136140231,17520
jena,BOLT_MINI_F0,,jena_BOLT_MINI_F0,single_model,test_b,20,CO2 (ppm),0.17365803613218275,0.26825347819792683,-0.0015058704648038253,3042.488793035842,4699.800938027678,-26.38285054336302,17520
jena,BOLT_MINI_F0,,jena_BOLT_MINI_F0,single_model,combined,0,p (mbar),0.027819427922515468,0.10303346994566613,-0.002071835356666486,974.792754404942,3610.2927868961415,-72.59711089759367,35040
jena,BOLT_MINI_F0,,jena_BOLT_MINI_F0,single_model,combined,1,T (degC),0.09843266191033476,0.20499801713911886,0.0015342296335976954,3449.08047333813,7183.130520554725,53.759406361263245,35040
jena,BOLT_MINI_F0,,jena_BOLT_MINI_F0,single_model,combined,2,Tpot (K),0.09952790674814535,0.20567595703013297,-9.327842121716317e-05,3487.457852455013,7206.885534335859,-3.2684758794493973,35040
jena,BOLT_MINI_F0,,jena_BOLT_MINI_F0,single_model,combined,3,Tdew (degC),0.05910360764993745,0.16564990059993,0.00761908467336224,2070.990412053808,5804.3725170215475,266.9727269546129,35040
jena,BOLT_MINI_F0,,jena_BOLT_MINI_F0,single_model,combined,4,rh (%),0.2879791093326268,0.3554849071410239,0.015403125160988051,10090.787991015244,12456.191146221478,539.7255056410213,35040
jena,BOLT_MINI_F0,,jena_BOLT_MINI_F0,single_model,combined,5,VPmax (mbar),0.14310116412528637,0.21171008170005992,0.005473893431538783,5014.264790950035,7418.3212627701,191.80522584111895,35040
jena,BOLT_MINI_F0,,jena_BOLT_MINI_F0,single_model,combined,6,VPact (mbar),0.07201503442068194,0.17601332342276246,0.009138350234554483,2523.406806100695,6167.506852733597,320.2077922187891,35040
jena,BOLT_MINI_F0,,jena_BOLT_MINI_F0,single_model,combined,7,VPdef (mbar),0.3218174477147704,0.2838202582939256,0.02287610826882152,11276.483367925553,9945.061850619153,801.5788337395061,35040
jena,BOLT_MINI_F0,,jena_BOLT_MINI_F0,single_model,combined,8,sh (g/kg),0.07222283731638678,0.17574246198392884,0.009020906123078851,2530.688219566193,6158.015867916867,316.09255055268295,35040
jena,BOLT_MINI_F0,,jena_BOLT_MINI_F0,single_model,combined,9,H2OC (mmol/mol),0.07210442514286222,0.17572091413179697,0.008870236260574454,2526.539057005892,6157.260831178166,310.8130785705289,35040
jena,BOLT_MINI_F0,,jena_BOLT_MINI_F0,single_model,combined,10,rho (g/m**3),0.08266845526599642,0.1875365409074704,0.015682623300478208,2896.7026725205146,6571.280393397763,549.5191204487564,35040
jena,BOLT_MINI_F0,,jena_BOLT_MINI_F0,single_model,combined,11,wv (m/s),0.6963660052382653,0.5667004269172733,-0.1003214915978061,24400.664823548817,19857.182959181257,-3515.2650655871257,35040
jena,BOLT_MINI_F0,,jena_BOLT_MINI_F0,single_model,combined,12,max. wv (m/s),0.6484016841399827,0.5550860802282168,-0.1010587566958079,22719.995012264993,19450.216251196718,-3541.098834621109,35040
jena,BOLT_MINI_F0,,jena_BOLT_MINI_F0,single_model,combined,13,wd (deg),1.164793735625824,0.7132381650221822,-0.03051691393864148,40814.37249632887,24991.865302377264,-1069.3126644099975,35040
jena,BOLT_MINI_F0,,jena_BOLT_MINI_F0,single_model,combined,14,rain (mm),0.6324348666364583,0.08700936101784995,-0.06652270440602533,22160.5177269415,3048.8080100654624,-2330.9555623871274,35040
jena,BOLT_MINI_F0,,jena_BOLT_MINI_F0,single_model,combined,15,raining (s),0.7532635502153644,0.23161408253424465,-0.15493485976146645,26394.354799546367,8115.7574519999325,-5428.917486041784,35040
jena,BOLT_MINI_F0,,jena_BOLT_MINI_F0,single_model,combined,16,SWDR (W/m²),0.22957497099539148,0.24459846460107423,-0.04083495893789558,8044.306983678517,8570.730199621641,-1430.8569611838611,35040
jena,BOLT_MINI_F0,,jena_BOLT_MINI_F0,single_model,combined,17,PAR (µmol/m²/s),0.2095137912293329,0.23510833515180019,-0.03519789104932536,7341.363244675825,8238.196063719079,-1233.3341023683606,35040
jena,BOLT_MINI_F0,,jena_BOLT_MINI_F0,single_model,combined,18,max. PAR (µmol/m²/s),0.19652327926562613,0.21995638528027958,-0.0394597084481936,6886.17570546754,7707.271740220996,-1382.6681840247038,35040
jena,BOLT_MINI_F0,,jena_BOLT_MINI_F0,single_model,combined,19,Tlog (degC),0.12466015523040956,0.2261090262063216,-0.007598994938450635,4368.091839273551,7922.860278269509,-266.26878264331026,35040
jena,BOLT_MINI_F0,,jena_BOLT_MINI_F0,single_model,combined,20,CO2 (ppm),0.35100944367384257,0.3751007920514487,-0.010054170698349813,12299.370906331444,13143.531753482763,-352.29814127017744,35040
jena,BOLT_TINY_F0,,jena_BOLT_TINY_F0,single_model,test_a,0,p (mbar),0.02321947108587602,0.09717635957171479,-0.009056957061547355,406.8051334245479,1702.5298196964432,-158.67788771830965,17520
jena,BOLT_TINY_F0,,jena_BOLT_TINY_F0,single_model,test_a,1,T (degC),0.1334256950084273,0.24305522033874824,-0.010870769501546265,2337.6181765476463,4258.327460334869,-190.45588166709058,17520
jena,BOLT_TINY_F0,,jena_BOLT_TINY_F0,single_model,test_a,2,Tpot (K),0.1348189489988747,0.24383711078482362,-0.011141706244828931,2362.027986460285,4272.02618095011,-195.20269340940285,17520
jena,BOLT_TINY_F0,,jena_BOLT_TINY_F0,single_model,test_a,3,Tdew (degC),0.062123828195261285,0.17247261832399174,0.013872188881111249,1088.4094699809777,3021.720273036335,243.0407491970691,17520
jena,BOLT_TINY_F0,,jena_BOLT_TINY_F0,single_model,test_a,4,rh (%),0.3974785388165371,0.43311246818375865,0.019584484761013366,6963.824000065731,7588.1304425794515,343.1201730129542,17520
jena,BOLT_TINY_F0,,jena_BOLT_TINY_F0,single_model,test_a,5,VPmax (mbar),0.27811507772044586,0.3156438277293444,-0.006717279998934562,4872.576161662211,5530.079861818114,-117.68674558133353,17520
jena,BOLT_TINY_F0,,jena_BOLT_TINY_F0,single_model,test_a,6,VPact (mbar),0.1056904780032242,0.22505904752622916,0.016300142217394203,1851.697174616488,3943.034512659535,285.5784916487464,17520
jena,BOLT_TINY_F0,,jena_BOLT_TINY_F0,single_model,test_a,7,VPdef (mbar),0.6271746424731621,0.4416002753053151,0.006424942477919867,10988.0997361298,7736.83682334912,112.56499221315607,17520
jena,BOLT_TINY_F0,,jena_BOLT_TINY_F0,single_model,test_a,8,sh (g/kg),0.10649025676774179,0.22534561609442944,0.016210062153460394,1865.7092985708362,3948.0551939744037,284.0002889286261,17520
jena,BOLT_TINY_F0,,jena_BOLT_TINY_F0,single_model,test_a,9,H2OC (mmol/mol),0.10603676691041611,0.2248375204346195,0.015925481855133324,1857.7641562704903,3939.1533580145333,279.01444210193586,17520
jena,BOLT_TINY_F0,,jena_BOLT_TINY_F0,single_model,test_a,10,rho (g/m**3),0.10245658029391481,0.211619275898545,0.02263721097433933,1795.0392867493877,3707.5697137425086,396.60393627042504,17520
jena,BOLT_TINY_F0,,jena_BOLT_TINY_F0,single_model,test_a,11,wv (m/s),0.6917946633837802,0.5916590248842162,-0.09528900254372939,12120.242502483829,10365.866115971468,-1669.463324566139,17520
jena,BOLT_TINY_F0,,jena_BOLT_TINY_F0,single_model,test_a,12,max. wv (m/s),0.7076623367093656,0.593937192931766,-0.08637832303875133,12398.244139148086,10405.77962016454,-1513.3482196389232,17520
jena,BOLT_TINY_F0,,jena_BOLT_TINY_F0,single_model,test_a,13,wd (deg),1.1601354573094347,0.7129045634047136,-0.09818025817624747,20325.573212061296,12490.087950850582,-1720.1181232478557,17520
jena,BOLT_TINY_F0,,jena_BOLT_TINY_F0,single_model,test_a,14,rain (mm),1.1229664089447222,0.1260258819005552,-0.08045659962875161,19674.371484711533,2207.973450897727,-1409.599625495728,17520
jena,BOLT_TINY_F0,,jena_BOLT_TINY_F0,single_model,test_a,15,raining (s),0.7273099036895688,0.2179766520895553,-0.14387049655175926,12742.469512641246,3818.9509446090087,-2520.611099586822,17520
jena,BOLT_TINY_F0,,jena_BOLT_TINY_F0,single_model,test_a,16,SWDR (W/m²),0.5800707025649182,0.4425650796822872,-0.055036369892054585,10162.838708937366,7753.740196033672,-964.2372005087964,17520
jena,BOLT_TINY_F0,,jena_BOLT_TINY_F0,single_model,test_a,17,PAR (µmol/m²/s),0.5613788082021918,0.43788845652686914,-0.04933688527195278,9835.3567197024,7671.805758350747,-864.3822299646126,17520
jena,BOLT_TINY_F0,,jena_BOLT_TINY_F0,single_model,test_a,18,max. PAR (µmol/m²/s),0.5052962896279818,0.4051332946899002,-0.04586928866324446,8852.79099428224,7097.935322967052,-803.629937380043,17520
jena,BOLT_TINY_F0,,jena_BOLT_TINY_F0,single_model,test_a,19,Tlog (degC),0.195366755625311,0.2885783300064738,-0.011087913734450448,3422.825558555449,5055.892341713421,-194.26024862757185,17520
jena,BOLT_TINY_F0,,jena_BOLT_TINY_F0,single_model,test_a,20,CO2 (ppm),0.5508030873016595,0.4755302352767111,-0.02694108167843421,9650.070089525074,8331.289722047979,-472.0077510061674,17520
jena,BOLT_TINY_F0,,jena_BOLT_TINY_F0,single_model,test_b,0,p (mbar),0.031259788476178794,0.10956688523397694,0.0020937714866500986,547.6714941026524,1919.611829299276,36.68287644610973,17520
jena,BOLT_TINY_F0,,jena_BOLT_TINY_F0,single_model,test_b,1,T (degC),0.06649958387085708,0.16604692126843829,0.011915914171490155,1165.072709417416,2909.1420606230386,208.7668162845075,17520
jena,BOLT_TINY_F0,,jena_BOLT_TINY_F0,single_model,test_b,2,Tpot (K),0.06682900484723366,0.16658399125792886,0.00906876221960453,1170.8441649235338,2918.5515268389136,158.88471408747137,17520
jena,BOLT_TINY_F0,,jena_BOLT_TINY_F0,single_model,test_b,3,Tdew (degC),0.055835159025288406,0.15995447934538334,0.009838978746618472,978.2319861230528,2802.4024781311164,172.37890764075564,17520
jena,BOLT_TINY_F0,,jena_BOLT_TINY_F0,single_model,test_b,4,rh (%),0.17795145636202808,0.2698583013305158,0.025361892767632607,3117.709515462732,4727.917439310637,444.3403612889233,17520
jena,BOLT_TINY_F0,,jena_BOLT_TINY_F0,single_model,test_b,5,VPmax (mbar),0.03299280573240811,0.11140721452044489,0.008142883014003002,578.0339564317901,1951.8543983981945,142.6633104053326,17520
jena,BOLT_TINY_F0,,jena_BOLT_TINY_F0,single_model,test_b,6,VPact (mbar),0.038928665153024185,0.12901356994501192,0.008445615998463014,682.0302134809837,2260.3177454366087,147.967192293072,17520
jena,BOLT_TINY_F0,,jena_BOLT_TINY_F0,single_model,test_b,7,VPdef (mbar),0.04237242900217524,0.1219366788814965,0.007840177750777874,742.3649561181103,2136.3306140038185,137.35991419362836,17520
jena,BOLT_TINY_F0,,jena_BOLT_TINY_F0,single_model,test_b,8,sh (g/kg),0.03883275255380602,0.12852366456540554,0.007918010072832604,680.3498247426814,2251.734603185905,138.72353647602722,17520
jena,BOLT_TINY_F0,,jena_BOLT_TINY_F0,single_model,test_b,9,H2OC (mmol/mol),0.038999941918622015,0.12882497705944196,0.007906887584953828,683.2789824142577,2257.013598081423,138.52867048839107,17520
jena,BOLT_TINY_F0,,jena_BOLT_TINY_F0,single_model,test_b,10,rho (g/m**3),0.06802404582726716,0.16910481011684966,0.00838382507516717,1191.7812828937208,2962.716273247206,146.88461531692883,17520
jena,BOLT_TINY_F0,,jena_BOLT_TINY_F0,single_model,test_b,11,wv (m/s),0.7010132612204721,0.541462855458368,-0.11582103481564882,12281.752336582671,9486.429227630608,-2029.1845299701672,17520
jena,BOLT_TINY_F0,,jena_BOLT_TINY_F0,single_model,test_b,12,max. wv (m/s),0.6085108074611448,0.5303790878776417,-0.08848076609086104,10661.109346719257,9292.241619616281,-1550.1830219118856,17520
jena,BOLT_TINY_F0,,jena_BOLT_TINY_F0,single_model,test_b,13,wd (deg),1.1528438678322435,0.7082037979365219,0.013597814817030127,20197.824564420906,12407.730539847864,238.23371559436782,17520
jena,BOLT_TINY_F0,,jena_BOLT_TINY_F0,single_model,test_b,14,rain (mm),0.14558540419624508,0.05187838000700422,-0.04695588261331325,2550.6562815182137,908.909217722714,-822.6670633852482,17520
jena,BOLT_TINY_F0,,jena_BOLT_TINY_F0,single_model,test_b,15,raining (s),0.7845758787656444,0.2506254521633932,-0.15885452587730528,13745.76939597409,4390.957921902649,-2783.1312933703884,17520
jena,BOLT_TINY_F0,,jena_BOLT_TINY_F0,single_model,test_b,16,SWDR (W/m²),0.12635096543555935,0.17540566340703082,-0.041586413016296536,2213.668914431,3073.10722289118,-728.5939560455154,17520
jena,BOLT_TINY_F0,,jena_BOLT_TINY_F0,single_model,test_b,17,PAR (µmol/m²/s),0.10507064323008233,0.1650299394891287,-0.040260925914505134,1840.8376693910425,2891.3245398495346,-705.37142202213,17520
jena,BOLT_TINY_F0,,jena_BOLT_TINY_F0,single_model,test_b,18,max. PAR (µmol/m²/s),0.083797193880526,0.14648403596823645,-0.0401855736175131,1468.1268367868156,2566.4003101635026,-704.0512497788295,17520
jena,BOLT_TINY_F0,,jena_BOLT_TINY_F0,single_model,test_b,19,Tlog (degC),0.0777965090801919,0.178044278969376,0.0010426381083997924,1362.994839084962,3119.335767543467,18.26701965916436,17520
jena,BOLT_TINY_F0,,jena_BOLT_TINY_F0,single_model,test_b,20,CO2 (ppm),0.1752982967110013,0.26797266232082884,-0.002229915008352342,3071.2261583767427,4694.881043860922,-39.068110946333036,17520
jena,BOLT_TINY_F0,,jena_BOLT_TINY_F0,single_model,combined,0,p (mbar),0.027239629781027414,0.10337162240284586,-0.003481592787448628,954.4766275272005,3622.141648995719,-121.99501127219992,35040
jena,BOLT_TINY_F0,,jena_BOLT_TINY_F0,single_model,combined,1,T (degC),0.09996263943964238,0.20455107080359325,0.0005225723349719444,3502.690885965069,7167.469520957908,18.310934617416933,35040
jena,BOLT_TINY_F0,,jena_BOLT_TINY_F0,single_model,combined,2,Tpot (K),0.10082397692305417,0.20521055102137623,-0.0010364720126122,3532.872151383818,7190.577707789023,-36.31797932193149,35040
jena,BOLT_TINY_F0,,jena_BOLT_TINY_F0,single_model,combined,3,Tdew (degC),0.05897949361027489,0.16621354883468753,0.01185558381386486,2066.641456104032,5824.1227511674515,415.41965683782473,35040
jena,BOLT_TINY_F0,,jena_BOLT_TINY_F0,single_model,combined,4,rh (%),0.2877149975892826,0.3514853847571372,0.02247318876432299,10081.533515528463,12316.047881890088,787.4605343018775,35040
jena,BOLT_TINY_F0,,jena_BOLT_TINY_F0,single_model,combined,5,VPmax (mbar),0.15555394172642684,0.21352552112489465,0.00071280150753422,5450.610118093997,7481.934260216309,24.97656482399907,35040
jena,BOLT_TINY_F0,,jena_BOLT_TINY_F0,single_model,combined,6,VPact (mbar),0.0723095715781241,0.17703630873562054,0.012372879107928609,2533.727388097468,6203.3522580961435,433.5456839418184,35040
jena,BOLT_TINY_F0,,jena_BOLT_TINY_F0,single_model,combined,7,VPdef (mbar),0.3347735357376689,0.2817684770934058,0.007132560114348871,11730.464692247917,9873.167437352939,249.92490640678443,35040
jena,BOLT_TINY_F0,,jena_BOLT_TINY_F0,single_model,combined,8,sh (g/kg),0.07266150466077388,0.1769346403299175,0.0120640361131465,2546.059123313517,6199.789797160309,422.7238254046533,35040
jena,BOLT_TINY_F0,,jena_BOLT_TINY_F0,single_model,combined,9,H2OC (mmol/mol),0.07251835441451922,0.1768312487470307,0.011916184720043577,2541.0431386847536,6196.166956095956,417.5431125903269,35040
jena,BOLT_TINY_F0,,jena_BOLT_TINY_F0,single_model,combined,10,rho (g/m**3),0.08524031306059095,0.19036204300769735,0.015510518024753249,2986.820569643107,6670.285986989715,543.4885515873539,35040
jena,BOLT_TINY_F0,,jena_BOLT_TINY_F0,single_model,combined,11,wv (m/s),0.6964039623021259,0.5665609401712921,-0.1055550186796891,24401.99483906649,19852.295343602076,-3698.647854536306,35040
jena,BOLT_TINY_F0,,jena_BOLT_TINY_F0,single_model,combined,12,max. wv (m/s),0.6580865720852542,0.5621581404047038,-0.08742954456480619,23059.35348586731,19698.02123978082,-3063.5312415508088,35040
jena,BOLT_TINY_F0,,jena_BOLT_TINY_F0,single_model,combined,13,wd (deg),1.1564896625708383,0.7105541806706177,-0.04229122167960867,40523.397776482176,24897.818490698446,-1481.8844076534879,35040
jena,BOLT_TINY_F0,,jena_BOLT_TINY_F0,single_model,combined,14,rain (mm),0.6342759065704812,0.08895213095377971,-0.06370624112103243,22225.02776622966,3116.882668620441,-2232.2666888809763,35040
jena,BOLT_TINY_F0,,jena_BOLT_TINY_F0,single_model,combined,15,raining (s),0.7559428912276052,0.23430105212647426,-0.15136251121453226,26488.238908615283,8209.908866511658,-5303.7423929572105,35040
jena,BOLT_TINY_F0,,jena_BOLT_TINY_F0,single_model,combined,16,SWDR (W/m²),0.3532108340002391,0.308985371544659,-0.04831139145417556,12376.50762336838,10826.847418924852,-1692.8311565543117,35040
jena,BOLT_TINY_F0,,jena_BOLT_TINY_F0,single_model,combined,17,PAR (µmol/m²/s),0.33322472571613687,0.3014591980079989,-0.04479890559322896,11676.194389093436,10563.130298200282,-1569.7536519867426,35040
jena,BOLT_TINY_F0,,jena_BOLT_TINY_F0,single_model,combined,18,max. PAR (µmol/m²/s),0.294546741754254,0.27580866532906834,-0.04302743114037878,10320.91783106906,9664.335633130555,-1507.6811871588725,35040
jena,BOLT_TINY_F0,,jena_BOLT_TINY_F0,single_model,combined,19,Tlog (degC),0.13658163235275134,0.2333113044879249,-0.005022637813025328,4785.820397640407,8175.228109256888,-175.9932289684075,35040
jena,BOLT_TINY_F0,,jena_BOLT_TINY_F0,single_model,combined,20,CO2 (ppm),0.3630506920063299,0.37175144879877,-0.014585498343393276,12721.296247901799,13026.1707659089,-511.0758619525004,35040
