dataset,family,id,seed,period,channel,mse,mae,signed_mean_error,target_count,squared_error_sum,absolute_error_sum,signed_error_sum
robin,A_FULL,v11_robin_a_p_lora_qfixed_lr0.001_92601__A_FULL,92601,test_a,Robin_office_Addie,0.4521934652344596,0.5012872871061215,0.028884161792181354,1920,868.2114532501624,962.4715912437532,55.4575906409882
robin,A_FULL,v11_robin_a_p_lora_qfixed_lr0.001_92601__A_FULL,92601,test_a,Robin_office_Adolph,0.3773191769031282,0.4584574740224828,0.14499239833676256,1920,724.4528196540061,880.238350123167,278.3854048065841
robin,A_FULL,v11_robin_a_p_lora_qfixed_lr0.001_92601__A_FULL,92601,test_a,Robin_office_Antonina,0.14489430377191395,0.2704849620432166,-0.003907805761264172,1920,278.19706324207476,519.3311271229759,-7.502987061627209
robin,A_FULL,v11_robin_a_p_lora_qfixed_lr0.001_92601__A_FULL,92601,test_a,Robin_office_Dina,0.6320611994165607,0.5088971207917591,0.2690392083575716,1920,1213.5575028797966,977.0824719201773,516.5552800465375
robin,A_FULL,v11_robin_a_p_lora_qfixed_lr0.001_92601__A_FULL,92601,test_a,Robin_office_Donald,1.1607902379068353,0.6000023051401475,0.4722032979444786,1920,2228.717256781124,1152.0044258690832,906.6303320533989
robin,A_FULL,v11_robin_a_p_lora_qfixed_lr0.001_92601__A_FULL,92601,test_a,Robin_office_Erma,0.18684089841480608,0.2861780503677437,0.06446311031953277,1920,358.73452495642766,549.4618567060679,123.76917181350291
robin,A_FULL,v11_robin_a_p_lora_qfixed_lr0.001_92601__A_FULL,92601,test_a,Robin_office_Gayle,0.24028929948061514,0.37005144878785357,0.07563446070804881,1920,461.35545500278107,710.4987816726789,145.21816455945373
robin,A_FULL,v11_robin_a_p_lora_qfixed_lr0.001_92601__A_FULL,92601,test_a,Robin_office_Lindsay,0.016717818244006043,0.09697415571038921,0.002466380006323258,1920,32.098211028491605,186.1903789639473,4.7354496121406555
robin,A_FULL,v11_robin_a_p_lora_qfixed_lr0.001_92601__A_FULL,92601,test_a,Robin_office_Maryann,0.11144307287232476,0.21729509130382213,-0.0012591345337568782,1920,213.97069991486353,417.20657530333847,-2.417538304813206
robin,A_FULL,v11_robin_a_p_lora_qfixed_lr0.001_92601__A_FULL,92601,test_a,Robin_office_Sammie,0.2496967929813517,0.39586230569232916,0.14217149749189653,1920,479.41784252419524,760.055626929272,272.96927518444136
robin,A_FULL,v11_robin_a_p_lora_qfixed_lr0.001_92601__A_FULL,92601,test_a,Robin_office_Saul,0.19860002526240747,0.3328619782371485,-0.0168151168715364,1920,381.3120485038223,639.0949982153252,-32.285024393349886
robin,A_FULL,v11_robin_a_p_lora_qfixed_lr0.001_92601__A_FULL,92601,test_a,Robin_office_Serena,0.11374398806946234,0.24042551170665927,-0.05750060324086614,1920,218.3884570933677,461.6169824767858,-110.40115822246298
robin,A_FULL,v11_robin_a_p_lora_qfixed_lr0.001_92601__A_FULL,92601,test_a,Robin_office_Shirlene,0.24669216718514025,0.35234979451439963,0.09246497540540682,1920,473.6489609954693,676.5116054676473,177.5327527783811
robin,A_FULL,v11_robin_a_p_lora_qfixed_lr0.001_92601__A_FULL,92601,test_a,Robin_office_Soledad,0.3128808504379906,0.3929351368244776,0.028701017601027463,1920,600.7312328409419,754.435462702997,55.10595379397273
robin,A_FULL,v11_robin_a_p_lora_qfixed_lr0.001_92601__A_FULL,92601,test_a,Robin_office_Victor,0.24963485581965728,0.3307440079322684,0.03357501343474117,1920,479.29892317374197,635.0284952299553,64.46402579470305
robin,A_FULL,v11_robin_a_p_lora_qfixed_lr0.001_92601__A_FULL,92601,test_a,Robin_office_Wai,0.09406985611691537,0.21381801551488025,-0.03856677848592274,1920,180.61412374447752,410.53058978857007,-74.04821469297167
robin,A_FULL,v11_robin_a_p_lora_qfixed_lr0.001_92601__A_FULL,92601,test_a,Robin_office_Zelma,0.3563637296211463,0.38749303691438397,0.009419948132320617,1920,684.2183608726009,743.9866308756173,18.086300414055586
robin,A_FULL,v11_robin_a_p_lora_qfixed_lr0.001_92601__A_FULL,92601,test_b,Robin_office_Addie,0.47027153192383747,0.5286915879253684,-0.025966335198882008,1920,902.9213412937679,1015.0878488167073,-49.85536358185345
robin,A_FULL,v11_robin_a_p_lora_qfixed_lr0.001_92601__A_FULL,92601,test_b,Robin_office_Adolph,0.2175110767171015,0.33020508780252084,0.09479841359485969,1920,417.62126729683484,633.99376858084,182.0129541021306
robin,A_FULL,v11_robin_a_p_lora_qfixed_lr0.001_92601__A_FULL,92601,test_b,Robin_office_Antonina,0.14939924819103997,0.286052605137714,-0.10632407009591892,1920,286.84655652679675,549.2210018644109,-204.14221458416432
robin,A_FULL,v11_robin_a_p_lora_qfixed_lr0.001_92601__A_FULL,92601,test_b,Robin_office_Dina,0.13728653589742731,0.2417867086449405,0.028476075210104076,1920,263.59014892306044,464.2304805982858,54.674064403399825
robin,A_FULL,v11_robin_a_p_lora_qfixed_lr0.001_92601__A_FULL,92601,test_b,Robin_office_Donald,1.2481058224035995,0.5657469041570418,-0.3765990120361266,1920,2396.363179014911,1086.2340559815202,-723.0701031093631
robin,A_FULL,v11_robin_a_p_lora_qfixed_lr0.001_92601__A_FULL,92601,test_b,Robin_office_Erma,0.05725719698687358,0.18301709987863432,-0.02541617369230759,1920,109.93381821479727,351.3928317669779,-48.79905348923057
robin,A_FULL,v11_robin_a_p_lora_qfixed_lr0.001_92601__A_FULL,92601,test_b,Robin_office_Gayle,0.20304262422713257,0.30962731412922345,0.04166666473029181,1920,389.8418385160945,594.484443128109,79.99999628216028
robin,A_FULL,v11_robin_a_p_lora_qfixed_lr0.001_92601__A_FULL,92601,test_b,Robin_office_Lindsay,0.02538977469751514,0.11364107771466175,-0.006717702808479468,1920,48.74836741922907,218.19086921215057,-12.897989392280579
robin,A_FULL,v11_robin_a_p_lora_qfixed_lr0.001_92601__A_FULL,92601,test_b,Robin_office_Maryann,0.10701582247522551,0.22522130953148006,-0.08150111470507303,1920,205.47037915243297,432.42491430044174,-156.4821402337402
robin,A_FULL,v11_robin_a_p_lora_qfixed_lr0.001_92601__A_FULL,92601,test_b,Robin_office_Sammie,0.28541115845315923,0.39640024469796725,-0.04036169016714363,1920,547.9894242300658,761.0884698200971,-77.49444512091577
robin,A_FULL,v11_robin_a_p_lora_qfixed_lr0.001_92601__A_FULL,92601,test_b,Robin_office_Saul,0.4357664733044963,0.43392311563317587,0.234378219168381,1920,836.6716287446329,833.1323820156977,450.0061808032915
robin,A_FULL,v11_robin_a_p_lora_qfixed_lr0.001_92601__A_FULL,92601,test_b,Robin_office_Serena,0.10865162834809264,0.24799973595654592,-0.08774054659249184,1920,208.61112642833785,476.15949303656816,-168.46184945758432
robin,A_FULL,v11_robin_a_p_lora_qfixed_lr0.001_92601__A_FULL,92601,test_b,Robin_office_Shirlene,0.20492333950001276,0.3040986213483848,0.01062220674357377,1920,393.4528118400245,583.8693529888988,20.39463694766164
robin,A_FULL,v11_robin_a_p_lora_qfixed_lr0.001_92601__A_FULL,92601,test_b,Robin_office_Soledad,0.2252229747943367,0.2937386588157544,0.014823914934784889,1918,431.9776656555378,563.390747608617,28.432268844917417
robin,A_FULL,v11_robin_a_p_lora_qfixed_lr0.001_92601__A_FULL,92601,test_b,Robin_office_Victor,0.1721569992569438,0.26920266253709996,-0.024868833656182688,1920,330.54143857333213,516.8691120712319,-47.74816061987076
robin,A_FULL,v11_robin_a_p_lora_qfixed_lr0.001_92601__A_FULL,92601,test_b,Robin_office_Wai,0.1028497245566655,0.21300839509252303,-0.0718084674270358,1920,197.47147114879775,408.97611857764423,-137.87225745990872
robin,A_FULL,v11_robin_a_p_lora_qfixed_lr0.001_92601__A_FULL,92601,test_b,Robin_office_Zelma,0.2773120215361447,0.31582593405037185,0.12789210383198224,1920,532.4390813493978,606.385793376714,245.5528393574059
robin,A_FULL,v11_robin_a_p_lora_qfixed_lr0.001_92601__A_FULL,92601,combined,Robin_office_Addie,0.4612324985791498,0.5149894375157449,0.0014589132966496738,3840,1771.1327945439352,1977.5594400604605,5.602227059134748
robin,A_FULL,v11_robin_a_p_lora_qfixed_lr0.001_92601__A_FULL,92601,combined,Robin_office_Adolph,0.29741512681011534,0.3943312809125018,0.11989540596581112,3840,1142.074086950843,1514.232118704007,460.3983589087147
robin,A_FULL,v11_robin_a_p_lora_qfixed_lr0.001_92601__A_FULL,92601,combined,Robin_office_Antonina,0.1471467759814768,0.2782687835904653,-0.05511593792859155,3840,565.0436197688709,1068.5521289873868,-211.64520164579153
robin,A_FULL,v11_robin_a_p_lora_qfixed_lr0.001_92601__A_FULL,92601,combined,Robin_office_Dina,0.38467386765699885,0.37534191471834977,0.14875764178383785,3840,1477.1476518028755,1441.3129525184631,571.2293444499373
robin,A_FULL,v11_robin_a_p_lora_qfixed_lr0.001_92601__A_FULL,92601,combined,Robin_office_Donald,1.2044480301551885,0.5828746046485946,0.04780214295417598,3840,4625.080435795924,2238.2384818506034,183.56022894403577
robin,A_FULL,v11_robin_a_p_lora_qfixed_lr0.001_92601__A_FULL,92601,combined,Robin_office_Erma,0.12204904770084048,0.23459757512318902,0.019523468313612586,3840,468.66834317122743,900.8546884730458,74.97011832427233
robin,A_FULL,v11_robin_a_p_lora_qfixed_lr0.001_92601__A_FULL,92601,combined,Robin_office_Gayle,0.2216659618538739,0.3398393814585385,0.05865056271917032,3840,851.1972935188758,1304.9832248007879,225.218160841614
robin,A_FULL,v11_robin_a_p_lora_qfixed_lr0.001_92601__A_FULL,92601,combined,Robin_office_Lindsay,0.0210537964707604,0.10530761671252549,-0.002125661401078105,3840,80.84657844771993,404.38124817609787,-8.162539780139923
robin,A_FULL,v11_robin_a_p_lora_qfixed_lr0.001_92601__A_FULL,92601,combined,Robin_office_Maryann,0.10922944767377428,0.2212582004176511,-0.041380124619414954,3840,419.44107906729323,849.6314896037802,-158.89967853855342
robin,A_FULL,v11_robin_a_p_lora_qfixed_lr0.001_92601__A_FULL,92601,combined,Robin_office_Sammie,0.2675539757172543,0.3961312751951482,0.050904903662376454,3840,1027.4072667542566,1521.144096749369,195.4748300635256
robin,A_FULL,v11_robin_a_p_lora_qfixed_lr0.001_92601__A_FULL,92601,combined,Robin_office_Saul,0.3171832492834511,0.38339254693516217,0.10878155114842229,3840,1217.9836772484523,1472.2273802310228,417.7211564099416
robin,A_FULL,v11_robin_a_p_lora_qfixed_lr0.001_92601__A_FULL,92601,combined,Robin_office_Serena,0.11119780820877805,0.24421262383160258,-0.07262057491667899,3840,426.9995835217077,937.776475513354,-278.8630076800473
robin,A_FULL,v11_robin_a_p_lora_qfixed_lr0.001_92601__A_FULL,92601,combined,Robin_office_Shirlene,0.22580775334257633,0.32822420793139223,0.051543591074490296,3840,867.1017728354931,1260.380958456546,197.92738972604275
robin,A_FULL,v11_robin_a_p_lora_qfixed_lr0.001_92601__A_FULL,92601,combined,Robin_office_Soledad,0.26907475208350157,0.3433627436976587,0.021766081979908845,3838,1032.708898496479,1317.826210311614,83.53822263889015
robin,A_FULL,v11_robin_a_p_lora_qfixed_lr0.001_92601__A_FULL,92601,combined,Robin_office_Victor,0.21089592753829925,0.29997333523468417,0.0043530898892792415,3840,809.8403617470691,1151.8976073011872,16.715865174832288
robin,A_FULL,v11_robin_a_p_lora_qfixed_lr0.001_92601__A_FULL,92601,combined,Robin_office_Wai,0.09845979033679031,0.21341320530370164,-0.05518762295647927,3840,378.0855948932748,819.5067083662143,-211.9204721528804
robin,A_FULL,v11_robin_a_p_lora_qfixed_lr0.001_92601__A_FULL,92601,combined,Robin_office_Zelma,0.3168378755786447,0.3516594854823779,0.06865602598215143,3840,1216.6574422219956,1350.3724242523313,263.6391397714615
robin,A_MAIN,v11_robin_a_p_lora_qfixed_lr0.001_92601__A_MAIN,92601,test_a,Robin_office_Addie,0.6540741818168168,0.6263263095832978,0.45311524301135553,1920,1255.8224290882881,1202.5465143999318,869.9812665818026
robin,A_MAIN,v11_robin_a_p_lora_qfixed_lr0.001_92601__A_MAIN,92601,test_a,Robin_office_Adolph,1.864129080231396,1.2179932560036832,-1.1760362693431186,1920,3579.12783404428,2338.5470515270717,-2257.9896371387877
robin,A_MAIN,v11_robin_a_p_lora_qfixed_lr0.001_92601__A_MAIN,92601,test_a,Robin_office_Antonina,0.18654196849748847,0.3206781306284635,-0.0582348101538931,1920,358.16057951517786,615.7020108066499,-111.81083549547475
robin,A_MAIN,v11_robin_a_p_lora_qfixed_lr0.001_92601__A_MAIN,92601,test_a,Robin_office_Dina,0.5575664156200886,0.5714598030425199,0.18780884875289605,1920,1070.52751799057,1097.202821841638,360.59298960556043
robin,A_MAIN,v11_robin_a_p_lora_qfixed_lr0.001_92601__A_MAIN,92601,test_a,Robin_office_Donald,10.499856375713177,2.747372560075197,2.73755201724919,1920,20159.724241369302,5274.955315344378,5256.0998731184445
robin,A_MAIN,v11_robin_a_p_lora_qfixed_lr0.001_92601__A_MAIN,92601,test_a,Robin_office_Erma,0.28319745048663036,0.3995105280896496,0.22929890378845813,1920,543.7391049343303,767.0602139321272,440.2538952738396
robin,A_MAIN,v11_robin_a_p_lora_qfixed_lr0.001_92601__A_MAIN,92601,test_a,Robin_office_Gayle,0.5471732342303437,0.5651399637680545,-0.42618579388034356,1920,1050.5726097222598,1085.0687304346648,-818.2767242502596
robin,A_MAIN,v11_robin_a_p_lora_qfixed_lr0.001_92601__A_MAIN,92601,test_a,Robin_office_Lindsay,0.06743492681121223,0.20315645478355387,0.1693254168300579,1920,129.47505947752748,390.06039318442345,325.10480031371117
robin,A_MAIN,v11_robin_a_p_lora_qfixed_lr0.001_92601__A_MAIN,92601,test_a,Robin_office_Maryann,0.2287583561972468,0.3847201190118236,0.3290619701278653,1920,439.21604389871385,738.6626285027014,631.7989826455014
robin,A_MAIN,v11_robin_a_p_lora_qfixed_lr0.001_92601__A_MAIN,92601,test_a,Robin_office_Sammie,0.9458658463487151,0.8421900211377609,0.7638216731930546,1920,1816.062424989533,1617.004840584501,1466.5376125306648
robin,A_MAIN,v11_robin_a_p_lora_qfixed_lr0.001_92601__A_MAIN,92601,test_a,Robin_office_Saul,0.39085328101387756,0.4963249567150342,-0.38125350723191026,1920,750.4382995466449,952.9439168928657,-732.0067338852677
robin,A_MAIN,v11_robin_a_p_lora_qfixed_lr0.001_92601__A_MAIN,92601,test_a,Robin_office_Serena,0.30851330430897506,0.4501778680317026,-0.3893198900632948,1920,592.3455442732321,864.341506620869,-747.4941889215261
robin,A_MAIN,v11_robin_a_p_lora_qfixed_lr0.001_92601__A_MAIN,92601,test_a,Robin_office_Shirlene,1.2990378612499678,1.0231442798074568,-0.9860893028371114,1920,2494.152693599938,1964.437017230317,-1893.2914614472538
robin,A_MAIN,v11_robin_a_p_lora_qfixed_lr0.001_92601__A_MAIN,92601,test_a,Robin_office_Soledad,0.564160327514437,0.5738292057371989,0.1824300707622721,1920,1083.1878288277192,1101.7520750154217,350.26573586356244
robin,A_MAIN,v11_robin_a_p_lora_qfixed_lr0.001_92601__A_MAIN,92601,test_a,Robin_office_Victor,0.47357657910698653,0.5054246515561014,-0.1522595508536142,1920,909.2670318854141,970.4153309877147,-292.33833763893927
robin,A_MAIN,v11_robin_a_p_lora_qfixed_lr0.001_92601__A_MAIN,92601,test_a,Robin_office_Wai,0.2737774741960785,0.4437427326286146,-0.4031554599211252,1920,525.6527504564707,851.9860466469399,-774.0584830485604
robin,A_MAIN,v11_robin_a_p_lora_qfixed_lr0.001_92601__A_MAIN,92601,test_a,Robin_office_Zelma,0.44615026214743086,0.4976296714714749,0.2911083854433286,1920,856.6085033230672,955.4489692252318,558.928100051191
robin,A_MAIN,v11_robin_a_p_lora_qfixed_lr0.001_92601__A_MAIN,92601,test_b,Robin_office_Addie,0.8004632245613562,0.7341939750886316,0.5443042111017652,1920,1536.8893911578039,1409.6524321701727,1045.064085315389
robin,A_MAIN,v11_robin_a_p_lora_qfixed_lr0.001_92601__A_MAIN,92601,test_b,Robin_office_Adolph,0.8342997829369525,0.7241921991080592,-0.5869278128689227,1920,1601.8555832389488,1390.4490222874738,-1126.9014007083315
robin,A_MAIN,v11_robin_a_p_lora_qfixed_lr0.001_92601__A_MAIN,92601,test_b,Robin_office_Antonina,0.21494981697615415,0.3469487870338374,-0.2298660759876687,1920,412.70364859421596,666.1416711049678,-441.34286589632393
robin,A_MAIN,v11_robin_a_p_lora_qfixed_lr0.001_92601__A_MAIN,92601,test_b,Robin_office_Dina,0.20302153503474404,0.2963182949710548,-0.009992342768024779,1920,389.80134726670855,568.9311263444251,-19.185298114607576
robin,A_MAIN,v11_robin_a_p_lora_qfixed_lr0.001_92601__A_MAIN,92601,test_b,Robin_office_Donald,6.0545895962698095,1.8492877749783247,1.5441275936705323,1920,11624.812024838035,3550.6325279583834,2964.724979847422
robin,A_MAIN,v11_robin_a_p_lora_qfixed_lr0.001_92601__A_MAIN,92601,test_b,Robin_office_Erma,0.15284896679249524,0.321213504695091,0.2453769454366314,1920,293.4700162415909,616.7299290145747,471.1237352383323
robin,A_MAIN,v11_robin_a_p_lora_qfixed_lr0.001_92601__A_MAIN,92601,test_b,Robin_office_Gayle,0.2518426767548961,0.3648917399261942,-0.15405305863847996,1920,483.5379393694004,700.5921406582929,-295.7818725858815
robin,A_MAIN,v11_robin_a_p_lora_qfixed_lr0.001_92601__A_MAIN,92601,test_b,Robin_office_Lindsay,0.13096431112769524,0.30293230366066076,0.2943162266299623,1920,251.45147736517487,581.6300230284687,565.0871551295277
robin,A_MAIN,v11_robin_a_p_lora_qfixed_lr0.001_92601__A_MAIN,92601,test_b,Robin_office_Maryann,0.23035601145924386,0.4119765200108911,0.3306267488223966,1920,442.28354200174823,790.9949184209108,634.8033577390015
robin,A_MAIN,v11_robin_a_p_lora_qfixed_lr0.001_92601__A_MAIN,92601,test_b,Robin_office_Sammie,1.081609290245702,0.9141317360052956,0.83345644399022,1920,2076.689837271748,1755.1329331301677,1600.2363724612223
robin,A_MAIN,v11_robin_a_p_lora_qfixed_lr0.001_92601__A_MAIN,92601,test_b,Robin_office_Saul,0.4067190103633967,0.47588540733316526,0.19546531285983898,1920,780.9004998977216,913.6999820796773,375.29340069089085
robin,A_MAIN,v11_robin_a_p_lora_qfixed_lr0.001_92601__A_MAIN,92601,test_b,Robin_office_Serena,0.6730920258336377,0.7636490483150737,-0.7635591477469461,1920,1292.3366896005844,1466.2061727649416,-1466.0335636741365
robin,A_MAIN,v11_robin_a_p_lora_qfixed_lr0.001_92601__A_MAIN,92601,test_b,Robin_office_Shirlene,0.906521715103323,0.8269314326116728,-0.7982894839024084,1920,1740.52169299838,1587.7083506144118,-1532.715809092624
robin,A_MAIN,v11_robin_a_p_lora_qfixed_lr0.001_92601__A_MAIN,92601,test_b,Robin_office_Soledad,0.4164440868742803,0.431309272189359,-0.29844589351075024,1918,798.7397586248696,827.2511840591906,-572.419223753619
robin,A_MAIN,v11_robin_a_p_lora_qfixed_lr0.001_92601__A_MAIN,92601,test_b,Robin_office_Victor,0.7806388952362092,0.7707065585471355,-0.741830425873862,1920,1498.8266788535218,1479.7565924105002,-1424.314417677815
robin,A_MAIN,v11_robin_a_p_lora_qfixed_lr0.001_92601__A_MAIN,92601,test_b,Robin_office_Wai,0.39990067957877323,0.5190945967921531,-0.5165235365979849,1920,767.8093047912446,996.661625840934,-991.725190268131
robin,A_MAIN,v11_robin_a_p_lora_qfixed_lr0.001_92601__A_MAIN,92601,test_b,Robin_office_Zelma,0.31105580609030625,0.3628478858738769,0.11956817797205682,1920,597.227147693388,696.6679408778436,229.5709017063491
robin,A_MAIN,v11_robin_a_p_lora_qfixed_lr0.001_92601__A_MAIN,92601,combined,Robin_office_Addie,0.7272687031890885,0.6802601423359647,0.49870972705656036,3840,2792.7118202461,2612.1989465701045,1915.0453518971917
robin,A_MAIN,v11_robin_a_p_lora_qfixed_lr0.001_92601__A_MAIN,92601,combined,Robin_office_Adolph,1.3492144315841803,0.9710927275558713,-0.8814820411060206,3840,5180.9834172832525,3728.9960738145455,-3384.891037847119
robin,A_MAIN,v11_robin_a_p_lora_qfixed_lr0.001_92601__A_MAIN,92601,combined,Robin_office_Antonina,0.20074589273682086,0.33381345883115043,-0.1440504430707809,3840,770.8642281093921,1281.8436819116178,-553.1537013917987
robin,A_MAIN,v11_robin_a_p_lora_qfixed_lr0.001_92601__A_MAIN,92601,combined,Robin_office_Dina,0.3802939753274191,0.4338890490067873,0.08890825299243564,3840,1460.3288652572894,1666.1339481860632,341.40769149095286
robin,A_MAIN,v11_robin_a_p_lora_qfixed_lr0.001_92601__A_MAIN,92601,combined,Robin_office_Donald,8.277222985991521,2.298330167526761,2.140839805459861,3840,31784.53626620744,8825.587843302761,8220.824852965867
robin,A_MAIN,v11_robin_a_p_lora_qfixed_lr0.001_92601__A_MAIN,92601,combined,Robin_office_Erma,0.2180232086395634,0.3603620163923703,0.23733792461254477,3840,837.2091211759234,1383.790142946702,911.3776305121719
robin,A_MAIN,v11_robin_a_p_lora_qfixed_lr0.001_92601__A_MAIN,92601,combined,Robin_office_Gayle,0.3995079554926226,0.4650158518471244,-0.29011942625941173,3840,1534.1105490916707,1785.6608710929577,-1114.058596836141
robin,A_MAIN,v11_robin_a_p_lora_qfixed_lr0.001_92601__A_MAIN,92601,combined,Robin_office_Lindsay,0.09919961896945385,0.2530443792221073,0.23182082173001012,3840,380.9265368427028,971.6904162128922,890.1919554432388
robin,A_MAIN,v11_robin_a_p_lora_qfixed_lr0.001_92601__A_MAIN,92601,combined,Robin_office_Maryann,0.22955718382824575,0.39834831951135735,0.32984435947513097,3840,881.4995859004637,1529.6575469236122,1266.602340384503
robin,A_MAIN,v11_robin_a_p_lora_qfixed_lr0.001_92601__A_MAIN,92601,combined,Robin_office_Sammie,1.0137375682972085,0.8781608785715282,0.7986390585916373,3840,3892.7522622612805,3372.1377737146686,3066.773984991887
robin,A_MAIN,v11_robin_a_p_lora_qfixed_lr0.001_92601__A_MAIN,92601,combined,Robin_office_Saul,0.3987861456886362,0.48610518202409975,-0.09289409718603565,3840,1531.3387994443628,1866.643898972543,-356.7133331943769
robin,A_MAIN,v11_robin_a_p_lora_qfixed_lr0.001_92601__A_MAIN,92601,combined,Robin_office_Serena,0.4908026650713074,0.6069134581733882,-0.5764395189051205,3840,1884.6822338738202,2330.5476793858106,-2213.5277525956626
robin,A_MAIN,v11_robin_a_p_lora_qfixed_lr0.001_92601__A_MAIN,92601,combined,Robin_office_Shirlene,1.1027797881766468,0.9250378562095648,-0.8921893933697599,3840,4234.6743865983235,3552.1453678447288,-3426.007270539878
robin,A_MAIN,v11_robin_a_p_lora_qfixed_lr0.001_92601__A_MAIN,92601,combined,Robin_office_Soledad,0.49034069501110433,0.5026063728698833,-0.057882618001578054,3838,1881.9275874526184,1929.0032590746123,-222.15348789005657
robin,A_MAIN,v11_robin_a_p_lora_qfixed_lr0.001_92601__A_MAIN,92601,combined,Robin_office_Victor,0.6271077371715997,0.6380656050516185,-0.4470449883637381,3840,2408.093710738943,2450.171923398215,-1716.6527553167543
robin,A_MAIN,v11_robin_a_p_lora_qfixed_lr0.001_92601__A_MAIN,92601,combined,Robin_office_Wai,0.3368390768874259,0.48141866471038386,-0.45983949825955506,3840,1293.4620552477156,1848.647672487874,-1765.7836733166914
robin,A_MAIN,v11_robin_a_p_lora_qfixed_lr0.001_92601__A_MAIN,92601,combined,Robin_office_Zelma,0.37860303411886936,0.4302387786726759,0.20533828170769272,3840,1453.8356510164583,1652.1169101030755,788.4990017575401
robin,A_MAIN_LAST,v11_robin_a_p_lora_qfixed_lr0.001_92601__A_MAIN_LAST,92601,test_a,Robin_office_Addie,0.6772916684156832,0.6070845014948039,0.3175779628689876,1920,1300.4000033581117,1165.6022428700235,609.7496887084562
robin,A_MAIN_LAST,v11_robin_a_p_lora_qfixed_lr0.001_92601__A_MAIN_LAST,92601,test_a,Robin_office_Adolph,0.7257083315388094,0.652196611482456,0.4509939472792515,1920,1393.359996554514,1252.2174940463156,865.9083787761629
robin,A_MAIN_LAST,v11_robin_a_p_lora_qfixed_lr0.001_92601__A_MAIN_LAST,92601,test_a,Robin_office_Antonina,0.2179625386994451,0.3527791233859413,-0.17857487247965764,1920,418.4880743029346,677.3359169010073,-342.8637551609427
robin,A_MAIN_LAST,v11_robin_a_p_lora_qfixed_lr0.001_92601__A_MAIN_LAST,92601,test_a,Robin_office_Dina,0.4365899965960608,0.4112883312617972,-0.039510453708741504,1920,838.2527934644368,789.6735960226506,-75.86007112078369
robin,A_MAIN_LAST,v11_robin_a_p_lora_qfixed_lr0.001_92601__A_MAIN_LAST,92601,test_a,Robin_office_Donald,1.1853269849189148,0.6546093677329395,0.5341014466562494,1920,2275.827811044316,1256.8499860472439,1025.4747775799988
robin,A_MAIN_LAST,v11_robin_a_p_lora_qfixed_lr0.001_92601__A_MAIN_LAST,92601,test_a,Robin_office_Erma,0.19922508172697428,0.31884537293420484,0.00028367001408090194,1920,382.5121569157906,612.1831160336733,0.5446464270353317
robin,A_MAIN_LAST,v11_robin_a_p_lora_qfixed_lr0.001_92601__A_MAIN_LAST,92601,test_a,Robin_office_Gayle,0.3876510489041757,0.4703048046469727,-0.05727846475686723,1920,744.2900138960173,902.9852249221876,-109.97465233318508
robin,A_MAIN_LAST,v11_robin_a_p_lora_qfixed_lr0.001_92601__A_MAIN_LAST,92601,test_a,Robin_office_Lindsay,0.040076481824285,0.1520119576094051,0.07764724179481466,1920,76.9468451026272,291.86295861005783,149.08270424604416
robin,A_MAIN_LAST,v11_robin_a_p_lora_qfixed_lr0.001_92601__A_MAIN_LAST,92601,test_a,Robin_office_Maryann,0.12598007956088272,0.24044700536129918,0.0017448495079103548,1920,241.88175275689483,461.65825029369444,3.350111055187881
robin,A_MAIN_LAST,v11_robin_a_p_lora_qfixed_lr0.001_92601__A_MAIN_LAST,92601,test_a,Robin_office_Sammie,0.4042602552439177,0.493872877315395,0.026325788396206917,1920,776.179690068322,948.2359244455583,50.54551372071728
robin,A_MAIN_LAST,v11_robin_a_p_lora_qfixed_lr0.001_92601__A_MAIN_LAST,92601,test_a,Robin_office_Saul,0.2066285874905522,0.3441494681746311,0.015393011405831204,1920,396.7268879818603,660.7669788952917,29.55458189919591
robin,A_MAIN_LAST,v11_robin_a_p_lora_qfixed_lr0.001_92601__A_MAIN_LAST,92601,test_a,Robin_office_Serena,0.1560064489952784,0.2835025590386067,-0.0824174185814627,1920,299.53238207093455,544.3249133541249,-158.24144367640838
robin,A_MAIN_LAST,v11_robin_a_p_lora_qfixed_lr0.001_92601__A_MAIN_LAST,92601,test_a,Robin_office_Shirlene,0.4939440285265626,0.5407297156654143,0.2887729705059125,1920,948.3725347710002,1038.2010540775955,554.444103371352
robin,A_MAIN_LAST,v11_robin_a_p_lora_qfixed_lr0.001_92601__A_MAIN_LAST,92601,test_a,Robin_office_Soledad,0.4678711001616228,0.496732533404914,0.1634165802456361,1920,898.3125123103158,953.726464137435,313.7598340716213
robin,A_MAIN_LAST,v11_robin_a_p_lora_qfixed_lr0.001_92601__A_MAIN_LAST,92601,test_a,Robin_office_Victor,0.35822801065029725,0.4042896767125361,-0.1086311737176402,1920,687.7977804485707,776.2361792880693,-208.57185353786917
robin,A_MAIN_LAST,v11_robin_a_p_lora_qfixed_lr0.001_92601__A_MAIN_LAST,92601,test_a,Robin_office_Wai,0.1018190669632281,0.22820146514398706,-0.060443371788035924,1920,195.49260856939793,438.14681307645515,-116.05127383302897
robin,A_MAIN_LAST,v11_robin_a_p_lora_qfixed_lr0.001_92601__A_MAIN_LAST,92601,test_a,Robin_office_Zelma,0.3552543255484408,0.40670631265772195,-0.01700533743132837,1920,682.0883050530063,780.8761203028262,-32.65024786815047
robin,A_MAIN_LAST,v11_robin_a_p_lora_qfixed_lr0.001_92601__A_MAIN_LAST,92601,test_b,Robin_office_Addie,0.6617268541753268,0.6402079680927576,0.24442377862842476,1920,1270.5155600166274,1229.1992987380945,469.29365496657556
robin,A_MAIN_LAST,v11_robin_a_p_lora_qfixed_lr0.001_92601__A_MAIN_LAST,92601,test_b,Robin_office_Adolph,0.3954000445132931,0.4413429268059796,0.22201159774619253,1920,759.1680854655227,847.3784194674809,426.26226767268963
robin,A_MAIN_LAST,v11_robin_a_p_lora_qfixed_lr0.001_92601__A_MAIN_LAST,92601,test_b,Robin_office_Antonina,0.23126675207914404,0.36522896674772104,-0.26023350095395775,1920,444.03216399195657,701.2396161556244,-499.6483218315989
robin,A_MAIN_LAST,v11_robin_a_p_lora_qfixed_lr0.001_92601__A_MAIN_LAST,92601,test_b,Robin_office_Dina,0.16866941868982474,0.2699165774664531,-0.05094051463141416,1920,323.8452838844635,518.23982873559,-97.8057880923152
robin,A_MAIN_LAST,v11_robin_a_p_lora_qfixed_lr0.001_92601__A_MAIN_LAST,92601,test_b,Robin_office_Donald,0.9777011817315947,0.5283914937026566,0.13616485093151975,1920,1877.1862689246618,1014.5116679091007,261.4365137885179
robin,A_MAIN_LAST,v11_robin_a_p_lora_qfixed_lr0.001_92601__A_MAIN_LAST,92601,test_b,Robin_office_Erma,0.11376225026935315,0.25304762097657657,0.03265183963182305,1920,218.42352051715804,485.85143227502704,62.69153209310025
robin,A_MAIN_LAST,v11_robin_a_p_lora_qfixed_lr0.001_92601__A_MAIN_LAST,92601,test_b,Robin_office_Gayle,0.2337856601090184,0.3298745362883589,0.0642356842465233,1920,448.8684674093154,633.3591096736491,123.33251375332475
robin,A_MAIN_LAST,v11_robin_a_p_lora_qfixed_lr0.001_92601__A_MAIN_LAST,92601,test_b,Robin_office_Lindsay,0.0468516606921796,0.15743188956597198,0.07318873566109688,1920,89.95518852898483,302.2692279666662,140.522372469306
robin,A_MAIN_LAST,v11_robin_a_p_lora_qfixed_lr0.001_92601__A_MAIN_LAST,92601,test_b,Robin_office_Maryann,0.13358007876873762,0.25967721166962293,-0.07445672000273286,1920,256.47375123597624,498.580246405676,-142.9569024052471
robin,A_MAIN_LAST,v11_robin_a_p_lora_qfixed_lr0.001_92601__A_MAIN_LAST,92601,test_b,Robin_office_Sammie,0.7062556239606813,0.596243198158724,-0.3892936143762199,1920,1356.0107980045082,1144.78694046475,-747.4437396023422
robin,A_MAIN_LAST,v11_robin_a_p_lora_qfixed_lr0.001_92601__A_MAIN_LAST,92601,test_b,Robin_office_Saul,0.4187980238227324,0.41808547747932606,0.2053409529204752,1920,804.0922057396463,802.7241167603061,394.2546296073124
robin,A_MAIN_LAST,v11_robin_a_p_lora_qfixed_lr0.001_92601__A_MAIN_LAST,92601,test_b,Robin_office_Serena,0.14499980456756803,0.28872504364480844,-0.06650404578880019,1920,278.3996247697306,554.3520837980323,-127.68776791449636
robin,A_MAIN_LAST,v11_robin_a_p_lora_qfixed_lr0.001_92601__A_MAIN_LAST,92601,test_b,Robin_office_Shirlene,0.29638878223847803,0.347862852991481,-0.09560923429283624,1920,569.0664618978778,667.8966777436435,-183.56972984224558
robin,A_MAIN_LAST,v11_robin_a_p_lora_qfixed_lr0.001_92601__A_MAIN_LAST,92601,test_b,Robin_office_Soledad,0.29052946096514365,0.33754424414693596,-0.059440705949504694,1918,557.2355061311455,647.4098602738231,-114.00727401115
robin,A_MAIN_LAST,v11_robin_a_p_lora_qfixed_lr0.001_92601__A_MAIN_LAST,92601,test_b,Robin_office_Victor,0.25748944541083374,0.32091343398624306,-0.1547812144022828,1920,494.3797351888008,616.1537932535866,-297.17993165238295
robin,A_MAIN_LAST,v11_robin_a_p_lora_qfixed_lr0.001_92601__A_MAIN_LAST,92601,test_b,Robin_office_Wai,0.17821012180703039,0.29953618016758504,-0.18706183675288532,1920,342.16343386949836,575.1094659217633,-359.15872656553984
robin,A_MAIN_LAST,v11_robin_a_p_lora_qfixed_lr0.001_92601__A_MAIN_LAST,92601,test_b,Robin_office_Zelma,0.29340388411039997,0.3290326459915377,0.1365887362936822,1920,563.335457491968,631.7426803037524,262.25037368386984
robin,A_MAIN_LAST,v11_robin_a_p_lora_qfixed_lr0.001_92601__A_MAIN_LAST,92601,combined,Robin_office_Addie,0.6695092612955061,0.6236462347937807,0.2810008707487062,3840,2570.9155633747437,2394.801541608118,1079.0433436750318
robin,A_MAIN_LAST,v11_robin_a_p_lora_qfixed_lr0.001_92601__A_MAIN_LAST,92601,combined,Robin_office_Adolph,0.5605541880260554,0.5467697691442178,0.336502772512722,3840,2152.528082020053,2099.5959135137964,1292.1706464488525
robin,A_MAIN_LAST,v11_robin_a_p_lora_qfixed_lr0.001_92601__A_MAIN_LAST,92601,combined,Robin_office_Antonina,0.2246146453892935,0.35900404506683115,-0.2194041867168077,3840,862.520238294887,1378.5755330566317,-842.5120769925416
robin,A_MAIN_LAST,v11_robin_a_p_lora_qfixed_lr0.001_92601__A_MAIN_LAST,92601,combined,Robin_office_Dina,0.3026297076429435,0.3406024543641252,-0.04522548417007784,3840,1162.098077348903,1307.9134247582406,-173.66585921309888
robin,A_MAIN_LAST,v11_robin_a_p_lora_qfixed_lr0.001_92601__A_MAIN_LAST,92601,combined,Robin_office_Donald,1.0815140833252306,0.591500430717798,0.33513314879388456,3840,4153.014079968885,2271.3616539563445,1286.9112913685167
robin,A_MAIN_LAST,v11_robin_a_p_lora_qfixed_lr0.001_92601__A_MAIN_LAST,92601,combined,Robin_office_Erma,0.15649366599816453,0.2859464969553907,0.016467754822951975,3840,600.9356774329518,1098.0345483087003,63.23617852013558
robin,A_MAIN_LAST,v11_robin_a_p_lora_qfixed_lr0.001_92601__A_MAIN_LAST,92601,combined,Robin_office_Gayle,0.3107183545065978,0.4000896704676658,0.0034786097448280392,3840,1193.1584813053355,1536.3443345958367,13.35786142013967
robin,A_MAIN_LAST,v11_robin_a_p_lora_qfixed_lr0.001_92601__A_MAIN_LAST,92601,combined,Robin_office_Lindsay,0.04346407125823066,0.15472192358768855,0.07541798872795577,3840,166.90203363160572,594.132186576724,289.60507671535015
robin,A_MAIN_LAST,v11_robin_a_p_lora_qfixed_lr0.001_92601__A_MAIN_LAST,92601,combined,Robin_office_Maryann,0.12978007916481002,0.25006210851546107,-0.03635593524741125,3840,498.3555039928705,960.2384966993704,-139.6067913500592
robin,A_MAIN_LAST,v11_robin_a_p_lora_qfixed_lr0.001_92601__A_MAIN_LAST,92601,combined,Robin_office_Sammie,0.5552579396023002,0.5450580377370594,-0.1814839129900065,3840,2132.1904880728325,2093.0228649103083,-696.898225881625
robin,A_MAIN_LAST,v11_robin_a_p_lora_qfixed_lr0.001_92601__A_MAIN_LAST,92601,combined,Robin_office_Saul,0.31271330565664207,0.38111747282697855,0.1103669821631532,3840,1200.8190937215056,1463.4910956555977,423.8092115065083
robin,A_MAIN_LAST,v11_robin_a_p_lora_qfixed_lr0.001_92601__A_MAIN_LAST,92601,combined,Robin_office_Serena,0.15050312678142305,0.2861138013417076,-0.07446073218513144,3840,577.9320068406645,1098.6769971521571,-285.92921159090474
robin,A_MAIN_LAST,v11_robin_a_p_lora_qfixed_lr0.001_92601__A_MAIN_LAST,92601,combined,Robin_office_Shirlene,0.3951664053825205,0.44429628432844764,0.09658186810653811,3840,1517.4389966688789,1706.097731821239,370.8743735291064
robin,A_MAIN_LAST,v11_robin_a_p_lora_qfixed_lr0.001_92601__A_MAIN_LAST,92601,combined,Robin_office_Soledad,0.3792464873479631,0.41717986566213083,0.05204600314238439,3838,1455.5480184414826,1601.136324411258,199.7525600604713
robin,A_MAIN_LAST,v11_robin_a_p_lora_qfixed_lr0.001_92601__A_MAIN_LAST,92601,combined,Robin_office_Victor,0.3078587280305661,0.36260155534938954,-0.13170619405996148,3840,1182.1775156373737,1392.3899725416559,-505.7517851902521
robin,A_MAIN_LAST,v11_robin_a_p_lora_qfixed_lr0.001_92601__A_MAIN_LAST,92601,combined,Robin_office_Wai,0.14001459438512906,0.26386882265578604,-0.12375260427046063,3840,537.6560424388956,1013.2562789982185,-475.2100003985688
robin,A_MAIN_LAST,v11_robin_a_p_lora_qfixed_lr0.001_92601__A_MAIN_LAST,92601,combined,Robin_office_Zelma,0.32432910482942,0.3678694793246298,0.05979169943117692,3840,1245.4237625449728,1412.6188006065786,229.60012581571937
robin,A_FULL,v11_robin_a_p_lora_qfixed_lr0.001_92602__A_FULL,92602,test_a,Robin_office_Addie,0.44217043842860065,0.49029340129630633,0.014507676522892627,1920,848.9672417829132,941.3633304889081,27.854738923953846
robin,A_FULL,v11_robin_a_p_lora_qfixed_lr0.001_92602__A_FULL,92602,test_a,Robin_office_Adolph,0.342096796412572,0.439022700189768,0.09734270194894634,1920,656.8258491121383,842.9235843643546,186.89798774197698
robin,A_FULL,v11_robin_a_p_lora_qfixed_lr0.001_92602__A_FULL,92602,test_a,Robin_office_Antonina,0.13134480083353042,0.26470576410647484,0.01340160795856112,1920,252.1820176003784,508.23506708443165,25.73108728043735
robin,A_FULL,v11_robin_a_p_lora_qfixed_lr0.001_92602__A_FULL,92602,test_a,Robin_office_Dina,0.5944511816680456,0.4921859979289972,0.23918955375459822,1920,1141.3462688026475,944.9971160236746,459.24394320882857
robin,A_FULL,v11_robin_a_p_lora_qfixed_lr0.001_92602__A_FULL,92602,test_a,Robin_office_Donald,1.0878508970737775,0.5707841166764372,0.46029446319092054,1920,2088.6737223816526,1095.9055040187595,883.7653693265675
robin,A_FULL,v11_robin_a_p_lora_qfixed_lr0.001_92602__A_FULL,92602,test_a,Robin_office_Erma,0.16484215245832948,0.2663679115522731,0.07733774596029737,1920,316.49693271999257,511.42639018036425,148.48847224377096
robin,A_FULL,v11_robin_a_p_lora_qfixed_lr0.001_92602__A_FULL,92602,test_a,Robin_office_Gayle,0.21776619505383604,0.35388884879842714,0.030290342049556784,1920,418.1110945033652,679.46658969298,58.157456735149026
robin,A_FULL,v11_robin_a_p_lora_qfixed_lr0.001_92602__A_FULL,92602,test_a,Robin_office_Lindsay,0.0165505947794621,0.0954620958150675,0.01580384480766952,1920,31.777141976567236,183.28722396492958,30.34338203072548
robin,A_FULL,v11_robin_a_p_lora_qfixed_lr0.001_92602__A_FULL,92602,test_a,Robin_office_Maryann,0.09463297562759182,0.2100233211555557,0.01376508491957793,1920,181.6953132049763,403.24477661866695,26.428963045589626
robin,A_FULL,v11_robin_a_p_lora_qfixed_lr0.001_92602__A_FULL,92602,test_a,Robin_office_Sammie,0.22700822847442498,0.37961714673923175,0.11182941188866001,1920,435.855798670896,728.8649217393249,214.71247082622722
robin,A_FULL,v11_robin_a_p_lora_qfixed_lr0.001_92602__A_FULL,92602,test_a,Robin_office_Saul,0.18781431008712496,0.32346146538087245,0.01618568157524957,1920,360.60347536727994,621.0460135312751,31.076508624479175
robin,A_FULL,v11_robin_a_p_lora_qfixed_lr0.001_92602__A_FULL,92602,test_a,Robin_office_Serena,0.09308773606057093,0.22264054525415608,-0.03589807985287431,1920,178.7284532362962,427.46984688797966,-68.92431331751868
robin,A_FULL,v11_robin_a_p_lora_qfixed_lr0.001_92602__A_FULL,92602,test_a,Robin_office_Shirlene,0.2189761792297341,0.33706673549216554,0.049652046126235895,1920,420.4342641210895,647.1681321449578,95.33192856237292
robin,A_FULL,v11_robin_a_p_lora_qfixed_lr0.001_92602__A_FULL,92602,test_a,Robin_office_Soledad,0.29610357506306173,0.37885956242098473,0.013257370691765876,1920,568.5188641210785,727.4103598482907,25.45415172819048
robin,A_FULL,v11_robin_a_p_lora_qfixed_lr0.001_92602__A_FULL,92602,test_a,Robin_office_Victor,0.2174792269786448,0.31317897325149413,-0.007678390201575288,1920,417.560115798998,601.3036286428687,-14.742509187024552
robin,A_FULL,v11_robin_a_p_lora_qfixed_lr0.001_92602__A_FULL,92602,test_a,Robin_office_Wai,0.07120837056626247,0.18377644618764558,-0.027972675757822193,1920,136.72007148722395,352.8507766802795,-53.70753745501861
robin,A_FULL,v11_robin_a_p_lora_qfixed_lr0.001_92602__A_FULL,92602,test_a,Robin_office_Zelma,0.33752832014282663,0.3777008383593056,-0.012217420570474738,1920,648.0543746742271,725.1856096498668,-23.4574474953115
robin,A_FULL,v11_robin_a_p_lora_qfixed_lr0.001_92602__A_FULL,92602,test_b,Robin_office_Addie,0.47448743872526017,0.5355921312295625,-0.02310758190023989,1920,911.0158823524995,1028.33689196076,-44.366557248460595
robin,A_FULL,v11_robin_a_p_lora_qfixed_lr0.001_92602__A_FULL,92602,test_b,Robin_office_Adolph,0.22744248611341136,0.33941456400431586,0.10832765057821234,1920,436.68957333774983,651.6759628882864,207.9890891101677
robin,A_FULL,v11_robin_a_p_lora_qfixed_lr0.001_92602__A_FULL,92602,test_b,Robin_office_Antonina,0.14376132489329257,0.27941700998781016,-0.06549708653910784,1920,276.0217437951217,536.4806591765955,-125.75440615508705
robin,A_FULL,v11_robin_a_p_lora_qfixed_lr0.001_92602__A_FULL,92602,test_b,Robin_office_Dina,0.12810832159584298,0.22891918354822943,0.05579585889548374,1920,245.9679774640185,439.5248324126005,107.12804907932878
robin,A_FULL,v11_robin_a_p_lora_qfixed_lr0.001_92602__A_FULL,92602,test_b,Robin_office_Donald,1.231980917486651,0.5601053317118764,-0.37943860908296756,1920,2365.4033615743697,1075.4022368868027,-728.5221294392977
robin,A_FULL,v11_robin_a_p_lora_qfixed_lr0.001_92602__A_FULL,92602,test_b,Robin_office_Erma,0.0457210211345216,0.1638476003111767,-0.0008687805961623478,1920,87.78436057828148,314.58739259745926,-1.6680587446317077
robin,A_FULL,v11_robin_a_p_lora_qfixed_lr0.001_92602__A_FULL,92602,test_b,Robin_office_Gayle,0.19050129513695346,0.2863527682997907,0.054953802186840525,1920,365.76248666295066,549.7973151355982,105.5113001987338
robin,A_FULL,v11_robin_a_p_lora_qfixed_lr0.001_92602__A_FULL,92602,test_b,Robin_office_Lindsay,0.01950866741615417,0.10179395495603481,0.013996915208796661,1920,37.45664143901601,195.44439351558685,26.874077200889587
robin,A_FULL,v11_robin_a_p_lora_qfixed_lr0.001_92602__A_FULL,92602,test_b,Robin_office_Maryann,0.09537210691850093,0.22121718931981985,-0.04475787684884078,1920,183.11444528352177,424.7370034940541,-85.93512354977429
robin,A_FULL,v11_robin_a_p_lora_qfixed_lr0.001_92602__A_FULL,92602,test_b,Robin_office_Sammie,0.2742892757193395,0.38596090963401364,0.001312767804483883,1920,526.6354093811318,741.0449464973062,2.5205141846090555
robin,A_FULL,v11_robin_a_p_lora_qfixed_lr0.001_92602__A_FULL,92602,test_b,Robin_office_Saul,0.4187300752054506,0.4156579931421826,0.22211310275743018,1920,803.9617443944651,798.0633468329906,426.4571572942659
robin,A_FULL,v11_robin_a_p_lora_qfixed_lr0.001_92602__A_FULL,92602,test_b,Robin_office_Serena,0.10318207078178539,0.2463168472890781,-0.05307339299033629,1920,198.10957590102794,472.92834679502994,-101.90091454144567
robin,A_FULL,v11_robin_a_p_lora_qfixed_lr0.001_92602__A_FULL,92602,test_b,Robin_office_Shirlene,0.18688529046271812,0.2868023047049064,0.04555172472610138,1920,358.8197576884188,550.6604250334203,87.45931147411466
robin,A_FULL,v11_robin_a_p_lora_qfixed_lr0.001_92602__A_FULL,92602,test_b,Robin_office_Soledad,0.21573569809174933,0.2807623451304689,0.04876726748551921,1918,413.7810689399752,538.5021779602394,93.53561903722584
robin,A_FULL,v11_robin_a_p_lora_qfixed_lr0.001_92602__A_FULL,92602,test_b,Robin_office_Victor,0.15929585740323035,0.24883176197017748,-0.0021947185376120617,1920,305.84804621420227,477.75698298274074,-4.213859592215158
robin,A_FULL,v11_robin_a_p_lora_qfixed_lr0.001_92602__A_FULL,92602,test_b,Robin_office_Wai,0.0965497604372698,0.20524497874381875,-0.041859183959119646,1920,185.37554003955802,394.070359188132,-80.36963320150971
robin,A_FULL,v11_robin_a_p_lora_qfixed_lr0.001_92602__A_FULL,92602,test_b,Robin_office_Zelma,0.24445074364933317,0.26835591487276056,0.08312949296863129,1920,469.34542780671967,515.2433565557003,159.60862649977207
robin,A_FULL,v11_robin_a_p_lora_qfixed_lr0.001_92602__A_FULL,92602,combined,Robin_office_Addie,0.45832893857693197,0.5129427662629344,-0.004299952688673632,3840,1759.9831241354188,1969.7002224496682,-16.51181832450675
robin,A_FULL,v11_robin_a_p_lora_qfixed_lr0.001_92602__A_FULL,92602,combined,Robin_office_Adolph,0.284769641262991,0.38921863209704194,0.10283517626357934,3840,1093.5154224498854,1494.599547252641,394.8870768521447
robin,A_FULL,v11_robin_a_p_lora_qfixed_lr0.001_92602__A_FULL,92602,combined,Robin_office_Antonina,0.13755306286341135,0.2720613870471425,-0.02604773929027336,3840,528.2037613954996,1044.7157262610272,-100.0233188746497
robin,A_FULL,v11_robin_a_p_lora_qfixed_lr0.001_92602__A_FULL,92602,combined,Robin_office_Dina,0.36127975163194914,0.3605525907386133,0.14749270632504097,3840,1387.3142462666847,1384.5219484362751,566.3719922881573
robin,A_FULL,v11_robin_a_p_lora_qfixed_lr0.001_92602__A_FULL,92602,combined,Robin_office_Donald,1.1599159072801937,0.5654447241941568,0.04042792705397649,3840,4454.077083955944,2171.3077409055622,155.24323988726974
robin,A_FULL,v11_robin_a_p_lora_qfixed_lr0.001_92602__A_FULL,92602,combined,Robin_office_Erma,0.1052815867964262,0.21510775593172488,0.038234482682067514,3840,404.2812932982766,826.0137827778235,146.82041349913925
robin,A_FULL,v11_robin_a_p_lora_qfixed_lr0.001_92602__A_FULL,92602,combined,Robin_office_Gayle,0.20413374509539464,0.3201208085491089,0.042622072118198656,3840,783.8735811663154,1229.2639048285782,163.66875693388283
robin,A_FULL,v11_robin_a_p_lora_qfixed_lr0.001_92602__A_FULL,92602,combined,Robin_office_Lindsay,0.018029631097807922,0.09862802538555115,0.01490038000823309,3840,69.23378341558242,378.73161748051643,57.21745923161507
robin,A_FULL,v11_robin_a_p_lora_qfixed_lr0.001_92602__A_FULL,92602,combined,Robin_office_Maryann,0.09500254127304536,0.21562025523768777,-0.015496395964631423,3840,364.8097584884942,827.981780112721,-59.50616050418466
robin,A_FULL,v11_robin_a_p_lora_qfixed_lr0.001_92602__A_FULL,92602,combined,Robin_office_Sammie,0.2506487520968801,0.3827890281866227,0.05657108984657195,3840,962.4912080520195,1469.9098682366312,217.23298501083627
robin,A_FULL,v11_robin_a_p_lora_qfixed_lr0.001_92602__A_FULL,92602,combined,Robin_office_Saul,0.30327219264628724,0.3695597292615275,0.11914939216633987,3840,1164.565219761743,1419.1093603642657,457.5336659187451
robin,A_FULL,v11_robin_a_p_lora_qfixed_lr0.001_92602__A_FULL,92602,combined,Robin_office_Serena,0.09813490342117841,0.23447869627161708,-0.0444857364216053,3840,376.83802913732507,900.3981936830096,-170.82522785896435
robin,A_FULL,v11_robin_a_p_lora_qfixed_lr0.001_92602__A_FULL,92602,combined,Robin_office_Shirlene,0.20293073484622576,0.31193452009853595,0.04760188542616864,3840,779.2540218095069,1197.828557178378,182.79124003648758
robin,A_FULL,v11_robin_a_p_lora_qfixed_lr0.001_92602__A_FULL,92602,combined,Robin_office_Soledad,0.25594057661830244,0.32983651323828295,0.03100306690083802,3838,982.2999330610448,1265.91253780853,118.98977076541632
robin,A_FULL,v11_robin_a_p_lora_qfixed_lr0.001_92602__A_FULL,92602,combined,Robin_office_Victor,0.1883875421909372,0.2810053676108358,-0.004936554369593674,3840,723.4081620131989,1079.0606116256095,-18.95636877923971
robin,A_FULL,v11_robin_a_p_lora_qfixed_lr0.001_92602__A_FULL,92602,combined,Robin_office_Wai,0.08387906550176577,0.19451071246573218,-0.03491592985847092,3840,322.09561152678054,746.9211358684115,-134.07717065652832
robin,A_FULL,v11_robin_a_p_lora_qfixed_lr0.001_92602__A_FULL,92602,combined,Robin_office_Zelma,0.2909895318960786,0.3230283766160331,0.03545603619907827,3840,1117.3998024809418,1240.4289662055671,136.15117900446057
robin,A_MAIN,v11_robin_a_p_lora_qfixed_lr0.001_92602__A_MAIN,92602,test_a,Robin_office_Addie,0.6395932166651576,0.6237034507877979,0.4497793571290458,1920,1228.0189759971024,1197.510625512572,863.576365687768
robin,A_MAIN,v11_robin_a_p_lora_qfixed_lr0.001_92602__A_MAIN,92602,test_a,Robin_office_Adolph,1.9416878091729899,1.2525579356344678,-1.218776879823296,1920,3728.0405936121406,2404.9112364181783,-2340.0516092607286
robin,A_MAIN,v11_robin_a_p_lora_qfixed_lr0.001_92602__A_MAIN,92602,test_a,Robin_office_Antonina,0.17223794204462978,0.3167111877648798,-0.04754132662962244,1920,330.69684872568916,608.0854805085692,-91.27934712887509
robin,A_MAIN,v11_robin_a_p_lora_qfixed_lr0.001_92602__A_MAIN,92602,test_a,Robin_office_Dina,0.5222835598210352,0.5505043330364666,0.1525025656441964,1920,1002.7844348563876,1056.968319430016,292.80492603685707
robin,A_MAIN,v11_robin_a_p_lora_qfixed_lr0.001_92602__A_MAIN,92602,test_a,Robin_office_Donald,10.260788176231321,2.7130142578169965,2.7087629752557367,1920,19700.713298364135,5208.9873750086335,5200.824912491014
robin,A_MAIN,v11_robin_a_p_lora_qfixed_lr0.001_92602__A_MAIN,92602,test_a,Robin_office_Erma,0.2604573780578136,0.3861293511559779,0.24450750753385364,1920,500.07816587100217,741.3683542194776,469.454414464999
robin,A_MAIN,v11_robin_a_p_lora_qfixed_lr0.001_92602__A_MAIN,92602,test_a,Robin_office_Gayle,0.5623237813102168,0.5752994206923783,-0.46232495152077413,1920,1079.661660115616,1104.5748877293663,-887.6639069198864
robin,A_MAIN,v11_robin_a_p_lora_qfixed_lr0.001_92602__A_MAIN,92602,test_a,Robin_office_Lindsay,0.07591813013072538,0.21566213107435034,0.18399370671637977,1920,145.7628098509927,414.0712916627526,353.26791689544916
robin,A_MAIN,v11_robin_a_p_lora_qfixed_lr0.001_92602__A_MAIN,92602,test_a,Robin_office_Maryann,0.21935694319659,0.3860432593725515,0.3401199842028291,1920,421.1653309374528,741.2030579952989,653.0303696694318
robin,A_MAIN,v11_robin_a_p_lora_qfixed_lr0.001_92602__A_MAIN,92602,test_a,Robin_office_Sammie,0.8829969924000317,0.8110548262256543,0.7298813662780503,1920,1695.354225408061,1557.2252663532563,1401.3722232538566
robin,A_MAIN,v11_robin_a_p_lora_qfixed_lr0.001_92602__A_MAIN,92602,test_a,Robin_office_Saul,0.35086371356441265,0.4679347705483451,-0.34109210295143083,1920,673.6583300436723,898.4347594528226,-654.8968376667472
robin,A_MAIN,v11_robin_a_p_lora_qfixed_lr0.001_92602__A_MAIN,92602,test_a,Robin_office_Serena,0.2758427883601032,0.4265574946032719,-0.37339166769024434,1920,529.6181536513981,818.9903896382821,-716.9120019652692
robin,A_MAIN,v11_robin_a_p_lora_qfixed_lr0.001_92602__A_MAIN,92602,test_a,Robin_office_Shirlene,1.3378219090094057,1.044862277630394,-1.01446441554502,1920,2568.618065298059,2006.1355730503565,-1947.7716778464383
robin,A_MAIN,v11_robin_a_p_lora_qfixed_lr0.001_92602__A_MAIN,92602,test_a,Robin_office_Soledad,0.5603281418372731,0.5724852592650375,0.16142169243394164,1920,1075.8300323275644,1099.1716977888718,309.92964947316796
robin,A_MAIN,v11_robin_a_p_lora_qfixed_lr0.001_92602__A_MAIN,92602,test_a,Robin_office_Victor,0.461849443710738,0.5044438638752392,-0.18672889082425853,1920,886.7509319246169,968.5322186404592,-358.5194703825764
robin,A_MAIN,v11_robin_a_p_lora_qfixed_lr0.001_92602__A_MAIN,92602,test_a,Robin_office_Wai,0.24986982835652374,0.4266376803332605,-0.3927200297528543,1920,479.7500704445256,819.1443462398602,-754.0224571254803
robin,A_MAIN,v11_robin_a_p_lora_qfixed_lr0.001_92602__A_MAIN,92602,test_a,Robin_office_Zelma,0.41549171043076494,0.4788335113971745,0.2633703226382494,1920,797.7440840270687,919.3603418825751,505.6710194654388
robin,A_MAIN,v11_robin_a_p_lora_qfixed_lr0.001_92602__A_MAIN,92602,test_b,Robin_office_Addie,0.8143511024181566,0.7447097832461016,0.563399717597622,1920,1563.5541166428607,1429.8427838325151,1081.727457787434
robin,A_MAIN,v11_robin_a_p_lora_qfixed_lr0.001_92602__A_MAIN,92602,test_b,Robin_office_Adolph,0.8530498672783466,0.7161660944964752,-0.5690204859073977,1920,1637.8557451744255,1375.0389014332322,-1092.5193329422036
robin,A_MAIN,v11_robin_a_p_lora_qfixed_lr0.001_92602__A_MAIN,92602,test_b,Robin_office_Antonina,0.20138754649005244,0.3422438639208849,-0.19736567843477434,1920,386.6640892609007,657.108218728099,-378.94210259476677
robin,A_MAIN,v11_robin_a_p_lora_qfixed_lr0.001_92602__A_MAIN,92602,test_b,Robin_office_Dina,0.2035916216629746,0.3087751535030596,0.010746362709323876,1920,390.8959135929112,592.8482947258744,20.63301640190184
robin,A_MAIN,v11_robin_a_p_lora_qfixed_lr0.001_92602__A_MAIN,92602,test_b,Robin_office_Donald,5.982198038049782,1.8550844640395932,1.5684529529629723,1920,11485.820233055581,3561.762170956019,3011.429669688907
robin,A_MAIN,v11_robin_a_p_lora_qfixed_lr0.001_92602__A_MAIN,92602,test_b,Robin_office_Erma,0.16520965007984914,0.3363862849877781,0.2714301539896345,1920,317.20252815331037,645.861667176534,521.1458956600982
robin,A_MAIN,v11_robin_a_p_lora_qfixed_lr0.001_92602__A_MAIN,92602,test_b,Robin_office_Gayle,0.2467185263961876,0.3517765763749291,-0.1334431471613546,1920,473.6995706806802,675.4110266398638,-256.2108425498009
robin,A_MAIN,v11_robin_a_p_lora_qfixed_lr0.001_92602__A_MAIN,92602,test_b,Robin_office_Lindsay,0.14661265117392486,0.3281375265818497,0.31972174711045226,1920,281.49629025393574,630.0240510371514,613.8657544520684
robin,A_MAIN,v11_robin_a_p_lora_qfixed_lr0.001_92602__A_MAIN,92602,test_b,Robin_office_Maryann,0.2535549912002171,0.434404906359426,0.3624862210292122,1920,486.8255831044168,834.0574202100979,695.9735443760874
robin,A_MAIN,v11_robin_a_p_lora_qfixed_lr0.001_92602__A_MAIN,92602,test_b,Robin_office_Sammie,1.1170521211593012,0.932778240745416,0.8531745229273165,1920,2144.7400726258584,1790.9342222311989,1638.0950840204478
robin,A_MAIN,v11_robin_a_p_lora_qfixed_lr0.001_92602__A_MAIN,92602,test_b,Robin_office_Saul,0.4011463716965367,0.47279750933957987,0.1828286749519369,1920,770.2010336573505,907.7712179319933,351.03105590771884
robin,A_MAIN,v11_robin_a_p_lora_qfixed_lr0.001_92602__A_MAIN,92602,test_b,Robin_office_Serena,0.6183450257409367,0.7303018707171911,-0.7294246574874553,1920,1187.2224494225986,1402.1795917770069,-1400.4953423759143
robin,A_MAIN,v11_robin_a_p_lora_qfixed_lr0.001_92602__A_MAIN,92602,test_b,Robin_office_Shirlene,0.8628843141113459,0.8055228322540643,-0.7739655337868802,1920,1656.7378830937841,1546.6038379278034,-1486.01382487081
robin,A_MAIN,v11_robin_a_p_lora_qfixed_lr0.001_92602__A_MAIN,92602,test_b,Robin_office_Soledad,0.41392868555871404,0.41935594688845573,-0.2709105802120639,1918,793.9152189016136,804.324706132058,-519.6064928467385
robin,A_MAIN,v11_robin_a_p_lora_qfixed_lr0.001_92602__A_MAIN,92602,test_b,Robin_office_Victor,0.7377017275191835,0.7491973710562282,-0.7171542037594312,1920,1416.3873168368323,1438.4589524279581,-1376.9360712181078
robin,A_MAIN,v11_robin_a_p_lora_qfixed_lr0.001_92602__A_MAIN,92602,test_b,Robin_office_Wai,0.3649068783101895,0.49195688878365523,-0.4863963782712138,1920,700.6212063555638,944.557226464618,-933.8810462807305
robin,A_MAIN,v11_robin_a_p_lora_qfixed_lr0.001_92602__A_MAIN,92602,test_b,Robin_office_Zelma,0.28010778929229424,0.3359619879939904,0.07416241649577084,1920,537.806955441205,645.0470169484615,142.39183967188
robin,A_MAIN,v11_robin_a_p_lora_qfixed_lr0.001_92602__A_MAIN,92602,combined,Robin_office_Addie,0.7269721595416595,0.6842066170169497,0.5065895373633339,3840,2791.5730926399724,2627.353409345087,1945.303823475202
robin,A_MAIN,v11_robin_a_p_lora_qfixed_lr0.001_92602__A_MAIN,92602,combined,Robin_office_Adolph,1.3973688382256695,0.9843620150654715,-0.8938986828653469,3840,5365.896338786571,3779.9501378514105,-3432.570942202932
robin,A_MAIN,v11_robin_a_p_lora_qfixed_lr0.001_92602__A_MAIN,92602,combined,Robin_office_Antonina,0.18681274426734037,0.3294775258428823,-0.1224535025321984,3840,717.360937986587,1265.1936992366682,-470.22144972364185
robin,A_MAIN,v11_robin_a_p_lora_qfixed_lr0.001_92602__A_MAIN,92602,combined,Robin_office_Dina,0.3629375907420086,0.4296397432697631,0.08162446417676013,3840,1393.680348449313,1649.8166141558904,313.4379424387589
robin,A_MAIN,v11_robin_a_p_lora_qfixed_lr0.001_92602__A_MAIN,92602,combined,Robin_office_Donald,8.121493107140576,2.284049360928295,2.1386079641093545,3840,31186.533531419816,8770.749545964652,8212.254582179921
robin,A_MAIN,v11_robin_a_p_lora_qfixed_lr0.001_92602__A_MAIN,92602,combined,Robin_office_Erma,0.21283351406883141,0.361257818071878,0.25796883076174404,3840,817.2806940243127,1387.2300213960116,990.6003101250972
robin,A_MAIN,v11_robin_a_p_lora_qfixed_lr0.001_92602__A_MAIN,92602,combined,Robin_office_Gayle,0.4045211538532062,0.4635379985336537,-0.2978840493410644,3840,1553.3612307963117,1779.9859143692302,-1143.8747494696872
robin,A_MAIN,v11_robin_a_p_lora_qfixed_lr0.001_92602__A_MAIN,92602,combined,Robin_office_Lindsay,0.11126539065232528,0.2718998288281,0.251857726913416,3840,427.2591001049291,1044.095342699904,967.1336713475175
robin,A_MAIN,v11_robin_a_p_lora_qfixed_lr0.001_92602__A_MAIN,92602,combined,Robin_office_Maryann,0.23645596719840284,0.41022408286598877,0.3513031026160206,3840,907.9909140418669,1575.2604782053968,1349.0039140455192
robin,A_MAIN,v11_robin_a_p_lora_qfixed_lr0.001_92602__A_MAIN,92602,combined,Robin_office_Sammie,1.0000245567796677,0.8719165334855352,0.7915279446026834,3840,3840.094298033924,3348.159488584455,3039.4673072743044
robin,A_MAIN,v11_robin_a_p_lora_qfixed_lr0.001_92602__A_MAIN,92602,combined,Robin_office_Saul,0.3760050426304739,0.4703661399439625,-0.07913171399974696,3840,1443.85936370102,1806.205977384816,-303.8657817590283
robin,A_MAIN,v11_robin_a_p_lora_qfixed_lr0.001_92602__A_MAIN,92602,combined,Robin_office_Serena,0.44709390705052066,0.5784296826602315,-0.5514081625888498,3840,1716.8406030739993,2221.169981415289,-2117.4073443411835
robin,A_MAIN,v11_robin_a_p_lora_qfixed_lr0.001_92602__A_MAIN,92602,combined,Robin_office_Shirlene,1.1003531115603742,0.9251925549422292,-0.89421497466595,3840,4225.355948391837,3552.73941097816,-3433.785502717248
robin,A_MAIN,v11_robin_a_p_lora_qfixed_lr0.001_92602__A_MAIN,92602,combined,Robin_office_Soledad,0.4871665584234499,0.49596050128215996,-0.0546317986903519,3838,1869.7452512292007,1903.4964039209299,-209.6768433735706
robin,A_MAIN,v11_robin_a_p_lora_qfixed_lr0.001_92602__A_MAIN,92602,combined,Robin_office_Victor,0.5997755856149626,0.6268206174657337,-0.4519415472918448,3840,2303.1382487614565,2406.9911710684173,-1735.4555416006842
robin,A_MAIN,v11_robin_a_p_lora_qfixed_lr0.001_92602__A_MAIN,92602,combined,Robin_office_Wai,0.3073883533333571,0.45929728455845786,-0.43955820401203405,3840,1180.3712768000914,1763.7015727044782,-1687.9035034062108
robin,A_MAIN,v11_robin_a_p_lora_qfixed_lr0.001_92602__A_MAIN,92602,combined,Robin_office_Zelma,0.34779974986153056,0.40739774969558246,0.1687663695670101,3840,1335.5510394682774,1564.4073588310366,648.0628591373188
robin,A_MAIN_LAST,v11_robin_a_p_lora_qfixed_lr0.001_92602__A_MAIN_LAST,92602,test_a,Robin_office_Addie,0.6709643965676793,0.6094071786851903,0.3142420775411059,1920,1288.251641409944,1170.0617830755655,603.3447888789233
robin,A_MAIN_LAST,v11_robin_a_p_lora_qfixed_lr0.001_92602__A_MAIN_LAST,92602,test_a,Robin_office_Adolph,0.6514399715725082,0.6163190995837795,0.4082533354696352,1920,1250.7647454192158,1183.3326712008566,783.8464041016996
robin,A_MAIN_LAST,v11_robin_a_p_lora_qfixed_lr0.001_92602__A_MAIN_LAST,92602,test_a,Robin_office_Antonina,0.19706993272145185,0.34192289007536,-0.16788138896672536,1920,378.3742708251875,656.4919489446911,-322.3322668161127
robin,A_MAIN_LAST,v11_robin_a_p_lora_qfixed_lr0.001_92602__A_MAIN_LAST,92602,test_a,Robin_office_Dina,0.41743224325479217,0.40849973635243564,-0.07481673738802783,1920,801.469907049201,784.3194937966764,-143.64813578501344
robin,A_MAIN_LAST,v11_robin_a_p_lora_qfixed_lr0.001_92602__A_MAIN_LAST,92602,test_a,Robin_office_Donald,1.1040089291066104,0.6174427725223078,0.505312402950339,1920,2119.697143884692,1185.490123242831,970.1998136646507
robin,A_MAIN_LAST,v11_robin_a_p_lora_qfixed_lr0.001_92602__A_MAIN_LAST,92602,test_a,Robin_office_Erma,0.18248564740374285,0.3030758587090531,0.015492273049312643,1920,350.37244301518626,581.905648721382,29.745164254680276
robin,A_MAIN_LAST,v11_robin_a_p_lora_qfixed_lr0.001_92602__A_MAIN_LAST,92602,test_a,Robin_office_Gayle,0.37237196113030435,0.4575637456713594,-0.09341762303277695,1920,714.9541653701843,878.52239168901,-179.36183622293174
robin,A_MAIN_LAST,v11_robin_a_p_lora_qfixed_lr0.001_92602__A_MAIN_LAST,92602,test_a,Robin_office_Lindsay,0.044929281053372606,0.15898476908138642,0.09231553146770845,1920,86.26421962247541,305.25075663626194,177.24582041800022
robin,A_MAIN_LAST,v11_robin_a_p_lora_qfixed_lr0.001_92602__A_MAIN_LAST,92602,test_a,Robin_office_Maryann,0.10908575235525328,0.2305019378007273,0.012802862505486701,1920,209.4446445220863,442.56372057739645,24.581496010534465
robin,A_MAIN_LAST,v11_robin_a_p_lora_qfixed_lr0.001_92602__A_MAIN_LAST,92602,test_a,Robin_office_Sammie,0.3912635032380797,0.4876875430852427,-0.007614519974110104,1920,751.2259262171129,936.360082723666,-14.619878350291401
robin,A_MAIN_LAST,v11_robin_a_p_lora_qfixed_lr0.001_92602__A_MAIN_LAST,92602,test_a,Robin_office_Saul,0.21508085669279955,0.34544518129356827,0.05555441602579473,1920,412.9552448501751,663.2547480836511,106.66447876952589
robin,A_MAIN_LAST,v11_robin_a_p_lora_qfixed_lr0.001_92602__A_MAIN_LAST,92602,test_a,Robin_office_Serena,0.13253075865846906,0.26604598541622787,-0.06648919807509325,1920,254.4590566242606,510.8082919991575,-127.65926030417904
robin,A_MAIN_LAST,v11_robin_a_p_lora_qfixed_lr0.001_92602__A_MAIN_LAST,92602,test_a,Robin_office_Shirlene,0.46082795687774886,0.5254336802541123,0.26039785804653853,1920,884.7896772052778,1008.8326660878956,499.96388744935393
robin,A_MAIN_LAST,v11_robin_a_p_lora_qfixed_lr0.001_92602__A_MAIN_LAST,92602,test_a,Robin_office_Soledad,0.44089743342628984,0.48074017301163013,0.14240820140209204,1920,846.5230721784765,923.0211321823299,273.4237466920167
robin,A_MAIN_LAST,v11_robin_a_p_lora_qfixed_lr0.001_92602__A_MAIN_LAST,92602,test_a,Robin_office_Victor,0.3415262758699812,0.4007331845383609,-0.14310051396353932,1920,655.7304496703639,769.4077143136528,-274.7529868099955
robin,A_MAIN_LAST,v11_robin_a_p_lora_qfixed_lr0.001_92602__A_MAIN_LAST,92602,test_a,Robin_office_Wai,0.07862953105512052,0.1993472278896661,-0.05000793928605465,1920,150.9686996258314,382.7466775481589,-96.01524342922494
robin,A_MAIN_LAST,v11_robin_a_p_lora_qfixed_lr0.001_92602__A_MAIN_LAST,92602,test_a,Robin_office_Zelma,0.32832414601143395,0.3926675938186236,-0.04474339973724758,1920,630.3823603419531,753.9217801317573,-85.90732749551535
robin,A_MAIN_LAST,v11_robin_a_p_lora_qfixed_lr0.001_92602__A_MAIN_LAST,92602,test_b,Robin_office_Addie,0.6796161143453155,0.6547764175902254,0.2635192861816601,1920,1304.862939543006,1257.1707217732328,505.95702946878737
robin,A_MAIN_LAST,v11_robin_a_p_lora_qfixed_lr0.001_92602__A_MAIN_LAST,92602,test_b,Robin_office_Adolph,0.3930935269176405,0.4284243160564074,0.23991892405574616,1920,754.7395716818697,822.5746868283022,460.64433418703265
robin,A_MAIN_LAST,v11_robin_a_p_lora_qfixed_lr0.001_92602__A_MAIN_LAST,92602,test_b,Robin_office_Antonina,0.2155966881382823,0.357397765868518,-0.22773310331055352,1920,413.945641225502,686.2037104675546,-437.24755835626274
robin,A_MAIN_LAST,v11_robin_a_p_lora_qfixed_lr0.001_92602__A_MAIN_LAST,92602,test_b,Robin_office_Dina,0.16383635245236142,0.2591196121531539,-0.030201809162584446,1920,314.5657967085339,497.5096553340554,-57.98747359216213
robin,A_MAIN_LAST,v11_robin_a_p_lora_qfixed_lr0.001_92602__A_MAIN_LAST,92602,test_b,Robin_office_Donald,0.9668416808175616,0.49247889385636273,0.16049020788995375,1920,1856.3360271697184,945.5594762042165,308.14119914871117
robin,A_MAIN_LAST,v11_robin_a_p_lora_qfixed_lr0.001_92602__A_MAIN_LAST,92602,test_b,Robin_office_Erma,0.11065859444427419,0.24893274097994436,0.05870504744283001,1920,212.46450133300644,477.95086268149316,112.71369109023362
robin,A_MAIN_LAST,v11_robin_a_p_lora_qfixed_lr0.001_92602__A_MAIN_LAST,92602,test_b,Robin_office_Gayle,0.22203921802624788,0.30872481339029034,0.08484559602220543,1920,426.3152986103959,592.7516417093575,162.90354436263442
robin,A_MAIN_LAST,v11_robin_a_p_lora_qfixed_lr0.001_92602__A_MAIN_LAST,92602,test_b,Robin_office_Lindsay,0.04219391996169718,0.15121128500904887,0.09859425603256872,1920,81.01232632645858,290.32566721737385,189.30097158253193
robin,A_MAIN_LAST,v11_robin_a_p_lora_qfixed_lr0.001_92602__A_MAIN_LAST,92602,test_b,Robin_office_Maryann,0.12423283168889027,0.2598631040629698,-0.04259724957034147,1920,238.5270368426693,498.937159800902,-81.78671917505562
robin,A_MAIN_LAST,v11_robin_a_p_lora_qfixed_lr0.001_92602__A_MAIN_LAST,92602,test_b,Robin_office_Sammie,0.6811697123176269,0.5821229225538749,-0.36957553765290263,1920,1307.8458476498436,1117.6760113034397,-709.585032293573
robin,A_MAIN_LAST,v11_robin_a_p_lora_qfixed_lr0.001_92602__A_MAIN_LAST,92602,test_b,Robin_office_Saul,0.4133963059951622,0.40608093121797234,0.19270431533368537,1920,793.7209075107114,779.6753879385069,369.9922854406759
robin,A_MAIN_LAST,v11_robin_a_p_lora_qfixed_lr0.001_92602__A_MAIN_LAST,92602,test_b,Robin_office_Serena,0.14225164536911952,0.28852999065226564,-0.03236955825268524,1920,273.1231591087095,553.97758205235,-62.149551845155656
robin,A_MAIN_LAST,v11_robin_a_p_lora_qfixed_lr0.001_92602__A_MAIN_LAST,92602,test_b,Robin_office_Shirlene,0.2742560220395972,0.3220086342189461,-0.07128528434356364,1920,526.5715623160266,618.2565777003765,-136.8677459396422
robin,A_MAIN_LAST,v11_robin_a_p_lora_qfixed_lr0.001_92602__A_MAIN_LAST,92602,test_b,Robin_office_Soledad,0.2741253397028966,0.31168341799517774,-0.03190539217805558,1918,525.7724015501557,597.8087957147509,-61.1945421975106
robin,A_MAIN_LAST,v11_robin_a_p_lora_qfixed_lr0.001_92602__A_MAIN_LAST,92602,test_b,Robin_office_Victor,0.24188316950714536,0.3060411111144276,-0.1301049913146926,1920,464.4156854537191,587.598933339701,-249.8015833242098
robin,A_MAIN_LAST,v11_robin_a_p_lora_qfixed_lr0.001_92602__A_MAIN_LAST,92602,test_b,Robin_office_Wai,0.16140579471248506,0.28780204555878297,-0.15693467862244384,1920,309.89912584797133,552.5799274728633,-301.3145829550922
robin,A_MAIN_LAST,v11_robin_a_p_lora_qfixed_lr0.001_92602__A_MAIN_LAST,92602,test_b,Robin_office_Zelma,0.2557063686742565,0.2783995618616852,0.0911829769941202,1920,490.95622785457243,534.5271587744355,175.0713158287108
robin,A_MAIN_LAST,v11_robin_a_p_lora_qfixed_lr0.001_92602__A_MAIN_LAST,92602,combined,Robin_office_Addie,0.6752902554564986,0.6320917981377079,0.288880681861383,3840,2593.1145809529544,2427.2325048487983,1109.3018183477107
robin,A_MAIN_LAST,v11_robin_a_p_lora_qfixed_lr0.001_92602__A_MAIN_LAST,92602,combined,Robin_office_Adolph,0.5222667492450755,0.5223717078200935,0.3240861297626907,3840,2005.5043171010902,2005.9073580291588,1244.4907382887322
robin,A_MAIN_LAST,v11_robin_a_p_lora_qfixed_lr0.001_92602__A_MAIN_LAST,92602,combined,Robin_office_Antonina,0.20633331042986613,0.34966032797193897,-0.19780724613863943,3840,792.319912050686,1342.6956594122457,-759.5798251723754
robin,A_MAIN_LAST,v11_robin_a_p_lora_qfixed_lr0.001_92602__A_MAIN_LAST,92602,combined,Robin_office_Dina,0.2906342978535762,0.33380967425279473,-0.05250927327530614,3840,1116.0357037577326,1281.8291491307318,-201.63560937717557
robin,A_MAIN_LAST,v11_robin_a_p_lora_qfixed_lr0.001_92602__A_MAIN_LAST,92602,combined,Robin_office_Donald,1.0354253049620583,0.5549608331893353,0.33290130542014634,3840,3976.033171054304,2131.0495994470475,1278.3410128133619
robin,A_MAIN_LAST,v11_robin_a_p_lora_qfixed_lr0.001_92602__A_MAIN_LAST,92602,combined,Robin_office_Erma,0.1465721209240095,0.27600429984449876,0.03709866024607133,3840,562.8369443481965,1059.8565114028752,142.4588553449139
robin,A_MAIN_LAST,v11_robin_a_p_lora_qfixed_lr0.001_92602__A_MAIN_LAST,92602,combined,Robin_office_Gayle,0.29720558957827575,0.38314427953082486,-0.004286013505285761,3840,1141.2694639805788,1471.2740333983675,-16.458291860297322
robin,A_MAIN_LAST,v11_robin_a_p_lora_qfixed_lr0.001_92602__A_MAIN_LAST,92602,combined,Robin_office_Lindsay,0.04356160050753328,0.15509802704521766,0.09545489375013858,3840,167.27654594892778,595.5764238536358,366.54679200053215
robin,A_MAIN_LAST,v11_robin_a_p_lora_qfixed_lr0.001_92602__A_MAIN_LAST,92602,combined,Robin_office_Maryann,0.11665929202207131,0.24518252093184856,-0.014897193532427385,3840,447.97168136475386,941.5008803782985,-57.20522316452116
robin,A_MAIN_LAST,v11_robin_a_p_lora_qfixed_lr0.001_92602__A_MAIN_LAST,92602,combined,Robin_office_Sammie,0.5362166077778541,0.5349052328195588,-0.18859502881350637,3840,2059.0717738669596,2054.0360940271057,-724.2049106438644
robin,A_MAIN_LAST,v11_robin_a_p_lora_qfixed_lr0.001_92602__A_MAIN_LAST,92602,combined,Robin_office_Saul,0.31423858134398064,0.3757630562557703,0.12412936567974005,3840,1206.6761523608857,1442.930136022158,476.6567642102018
robin,A_MAIN_LAST,v11_robin_a_p_lora_qfixed_lr0.001_92602__A_MAIN_LAST,92602,combined,Robin_office_Serena,0.13739120201379448,0.27728798803424676,-0.049429378163889245,3840,527.5822157329708,1064.7858740515076,-189.8088121493347
robin,A_MAIN_LAST,v11_robin_a_p_lora_qfixed_lr0.001_92602__A_MAIN_LAST,92602,combined,Robin_office_Shirlene,0.36754198945867567,0.4237211572365292,0.09455628685148744,3840,1411.3612395213145,1627.0892437882721,363.09614150971174
robin,A_MAIN_LAST,v11_robin_a_p_lora_qfixed_lr0.001_92602__A_MAIN_LAST,92602,combined,Robin_office_Soledad,0.3575548394290379,0.39625584364176153,0.055296822432127704,3838,1372.2954737286473,1520.8299278970808,212.22920449450612
robin,A_MAIN_LAST,v11_robin_a_p_lora_qfixed_lr0.001_92602__A_MAIN_LAST,92602,combined,Robin_office_Victor,0.291704722688563,0.35338714782639424,-0.13660275263911595,3840,1120.1461351240819,1357.0066476533539,-524.5545701342053
robin,A_MAIN_LAST,v11_robin_a_p_lora_qfixed_lr0.001_92602__A_MAIN_LAST,92602,combined,Robin_office_Wai,0.12001766288380263,0.24357463672422455,-0.10347130895424925,3840,460.8678254738021,935.3266050210223,-397.32982638431713
robin,A_MAIN_LAST,v11_robin_a_p_lora_qfixed_lr0.001_92602__A_MAIN_LAST,92602,combined,Robin_office_Zelma,0.2920152573428438,0.33553357784015436,0.023219788628436315,3840,1121.33858819652,1288.4489389061928,89.16398833319545
robin,full_lora_mse,v11_robin_full_lora_mse_lr0.001_92601,92601,test_a,Robin_office_Addie,0.46250759147534465,0.49697655682981956,0.08419185127283223,1920,888.0145756326617,954.1949891132535,161.6483544438379
robin,full_lora_mse,v11_robin_full_lora_mse_lr0.001_92601,92601,test_a,Robin_office_Adolph,0.3073579194234172,0.4155950419682389,0.07771371991645235,1920,590.1272052929611,797.9424805790186,149.2103422395885
robin,full_lora_mse,v11_robin_full_lora_mse_lr0.001_92601,92601,test_a,Robin_office_Antonina,0.13816816304881174,0.2667070207186043,0.022715913764356326,1920,265.28287305371856,512.0774797797203,43.614554427564144
robin,full_lora_mse,v11_robin_full_lora_mse_lr0.001_92601,92601,test_a,Robin_office_Dina,0.540239047163555,0.4417706219877194,0.25863682316363945,1920,1037.2589705540256,848.1995942164212,496.58270047418773
robin,full_lora_mse,v11_robin_full_lora_mse_lr0.001_92601,92601,test_a,Robin_office_Donald,0.41169456644180624,0.25577648083404936,0.16742237327501167,1920,790.453567568268,491.0908432013748,321.4509566880224
robin,full_lora_mse,v11_robin_full_lora_mse_lr0.001_92601,92601,test_a,Robin_office_Erma,0.17290381412355357,0.2395699884693992,0.07886325745785143,1920,331.97532311722284,459.97437786124647,151.41745431907475
robin,full_lora_mse,v11_robin_full_lora_mse_lr0.001_92601,92601,test_a,Robin_office_Gayle,0.21265496892511665,0.32200271855302465,0.008009952303837053,1920,408.29754033622396,618.2452196218073,15.379108423367143
robin,full_lora_mse,v11_robin_full_lora_mse_lr0.001_92601,92601,test_a,Robin_office_Lindsay,2.3684757858670005e-15,1.9868214925130207e-08,-1.9868214925130207e-08,1920,4.547473508864641e-12,3.814697265625e-05,-3.814697265625e-05
robin,full_lora_mse,v11_robin_full_lora_mse_lr0.001_92601,92601,test_a,Robin_office_Maryann,0.09025573312021426,0.18194801911255734,0.020258865246917897,1920,173.29100759081138,349.34019669611007,38.89702127408236
robin,full_lora_mse,v11_robin_full_lora_mse_lr0.001_92601,92601,test_a,Robin_office_Sammie,0.17240476483949105,0.32446730086012393,0.09450331092884881,1920,331.0171484918228,622.977217651438,181.4463569833897
robin,full_lora_mse,v11_robin_full_lora_mse_lr0.001_92601,92601,test_a,Robin_office_Saul,0.16706104276891487,0.295603212005517,0.07549867666481684,1920,320.75720211631653,567.5581670505926,144.95745919644833
robin,full_lora_mse,v11_robin_full_lora_mse_lr0.001_92601,92601,test_a,Robin_office_Serena,0.11842674679441978,0.22973338661298234,-0.020139868915672803,1920,227.37935384528598,441.0881022969261,-38.66854831809178
robin,full_lora_mse,v11_robin_full_lora_mse_lr0.001_92601,92601,test_a,Robin_office_Shirlene,0.2150090621212297,0.2976184708919997,0.03100901292442965,1920,412.817399272761,571.4274641126394,59.53730481490493
robin,full_lora_mse,v11_robin_full_lora_mse_lr0.001_92601,92601,test_a,Robin_office_Soledad,0.28408505188865935,0.34906044215458676,0.009846163991217812,1920,545.4432996262259,670.1960489368066,18.9046348631382
robin,full_lora_mse,v11_robin_full_lora_mse_lr0.001_92601,92601,test_a,Robin_office_Victor,0.17061571623039676,0.2207077074407607,0.035946556906462014,1920,327.58217516236175,423.75879828626057,69.01738926040707
robin,full_lora_mse,v11_robin_full_lora_mse_lr0.001_92601,92601,test_a,Robin_office_Wai,0.06770010158094734,0.1621778543347318,0.0035511588709293087,1920,129.9841950354189,311.3814803226851,6.818225032184273
robin,full_lora_mse,v11_robin_full_lora_mse_lr0.001_92601,92601,test_a,Robin_office_Zelma,0.36919019946739096,0.3588788537086013,0.019184920136895774,1920,708.8451829773907,689.0473991205145,36.835046662839886
robin,full_lora_mse,v11_robin_full_lora_mse_lr0.001_92601,92601,test_b,Robin_office_Addie,0.4499687612994327,0.5037477932158254,0.006685668441271749,1920,863.9400216949108,967.1957629743847,12.836483407241758
robin,full_lora_mse,v11_robin_full_lora_mse_lr0.001_92601,92601,test_b,Robin_office_Adolph,0.1718936296123656,0.2614495903696176,0.06852093770927846,1920,330.03576885574194,501.9832135096658,131.56020040181465
robin,full_lora_mse,v11_robin_full_lora_mse_lr0.001_92601,92601,test_b,Robin_office_Antonina,0.10893416193241628,0.2410995774140853,-0.055860571072844326,1920,209.15359091023927,462.9111886350438,-107.2522964598611
robin,full_lora_mse,v11_robin_full_lora_mse_lr0.001_92601,92601,test_b,Robin_office_Dina,0.1288390145585001,0.2049119019958501,0.05341856653491656,1920,247.3709079523202,393.4308518320322,102.5636477470398
robin,full_lora_mse,v11_robin_full_lora_mse_lr0.001_92601,92601,test_b,Robin_office_Donald,0.9593250070740932,0.31801777226380634,-0.034539918240875524,1920,1841.9040135822588,610.5941227465082,-66.316643022481
robin,full_lora_mse,v11_robin_full_lora_mse_lr0.001_92601,92601,test_b,Robin_office_Erma,0.022577409082174447,0.11499716242251452,0.008692127400718164,1920,43.34862543777494,220.79455185122788,16.688884609378874
robin,full_lora_mse,v11_robin_full_lora_mse_lr0.001_92601,92601,test_b,Robin_office_Gayle,0.2213829827369796,0.27383851580137464,0.05924000425778407,1920,425.0553268550008,525.7699503386393,113.74080817494541
robin,full_lora_mse,v11_robin_full_lora_mse_lr0.001_92601,92601,test_b,Robin_office_Lindsay,2.3684757858670005e-15,1.9868214925130207e-08,-1.9868214925130207e-08,1920,4.547473508864641e-12,3.814697265625e-05,-3.814697265625e-05
robin,full_lora_mse,v11_robin_full_lora_mse_lr0.001_92601,92601,test_b,Robin_office_Maryann,0.0703559612814957,0.187346718130478,-0.026218549289236157,1920,135.08344566047174,359.7056988105178,-50.33961463533342
robin,full_lora_mse,v11_robin_full_lora_mse_lr0.001_92601,92601,test_b,Robin_office_Sammie,0.20054507479693442,0.29199779298602757,-0.03594698141193173,1920,385.0465436101141,560.635762533173,-69.01820431090891
robin,full_lora_mse,v11_robin_full_lora_mse_lr0.001_92601,92601,test_b,Robin_office_Saul,0.35449810890534,0.35351117320824416,0.15968414124945413,1920,680.6363690982528,678.7414525598288,306.5935511989519
robin,full_lora_mse,v11_robin_full_lora_mse_lr0.001_92601,92601,test_b,Robin_office_Serena,0.0851411919426626,0.2167287003772799,-0.014057617226596146,1920,163.4710885299122,416.1191047243774,-26.9906250750646
robin,full_lora_mse,v11_robin_full_lora_mse_lr0.001_92601,92601,test_b,Robin_office_Shirlene,0.1586266082392593,0.21678483501891604,0.05339671889669262,1920,304.56308781937787,416.2268832363188,102.52170028164983
robin,full_lora_mse,v11_robin_full_lora_mse_lr0.001_92601,92601,test_b,Robin_office_Soledad,0.1819668340040936,0.22851599400670766,0.04646125567612763,1918,349.01238761985155,438.2936765048653,89.1126883868128
robin,full_lora_mse,v11_robin_full_lora_mse_lr0.001_92601,92601,test_b,Robin_office_Victor,0.13190678794821944,0.17126304133368345,0.003549107002800156,1920,253.26103286058134,328.82503936067224,6.814285445376299
robin,full_lora_mse,v11_robin_full_lora_mse_lr0.001_92601,92601,test_b,Robin_office_Wai,0.09947450591399981,0.20504643012682208,0.024506346875568852,1920,190.99105135487963,393.6891458434984,47.052186001092196
robin,full_lora_mse,v11_robin_full_lora_mse_lr0.001_92601,92601,test_b,Robin_office_Zelma,0.20209341167873565,0.22944224531044408,0.0592672065278748,1920,388.01935042317245,440.5291109960526,113.79303653351963
robin,full_lora_mse,v11_robin_full_lora_mse_lr0.001_92601,92601,combined,Robin_office_Addie,0.4562381763873912,0.5003621750228224,0.045438759857051994,3840,1751.9545973275824,1921.3907520876382,174.48483785107965
robin,full_lora_mse,v11_robin_full_lora_mse_lr0.001_92601,92601,combined,Robin_office_Adolph,0.23962577451789144,0.33852231616892825,0.07311732881286541,3840,920.1629741487031,1299.9256940886844,280.77054264140315
robin,full_lora_mse,v11_robin_full_lora_mse_lr0.001_92601,92601,combined,Robin_office_Antonina,0.12355116249061432,0.25390329906634485,-0.016572328654244,3840,474.436463963959,974.9886684147641,-63.637742032296956
robin,full_lora_mse,v11_robin_full_lora_mse_lr0.001_92601,92601,combined,Robin_office_Dina,0.33453903086103215,0.32334126199178476,0.156027694849278,3840,1284.6298785063634,1241.6304460484535,599.1463482212275
robin,full_lora_mse,v11_robin_full_lora_mse_lr0.001_92601,92601,combined,Robin_office_Donald,0.6855097867579494,0.28689712654892785,0.06644122751706807,3840,2632.3575811505257,1101.684965947883,255.1343136655414
robin,full_lora_mse,v11_robin_full_lora_mse_lr0.001_92601,92601,combined,Robin_office_Erma,0.09774061160286455,0.17728357544595685,0.043777692429284795,3840,375.3239485549999,680.7689297124743,168.10633892845362
robin,full_lora_mse,v11_robin_full_lora_mse_lr0.001_92601,92601,combined,Robin_office_Gayle,0.21701897583104815,0.29792061717719964,0.03362497828081056,3840,833.3528671912248,1144.0151699604467,129.11991659831256
robin,full_lora_mse,v11_robin_full_lora_mse_lr0.001_92601,92601,combined,Robin_office_Lindsay,2.3684757858670005e-15,1.9868214925130207e-08,-1.9868214925130207e-08,3840,9.094947017729282e-12,7.62939453125e-05,-7.62939453125e-05
robin,full_lora_mse,v11_robin_full_lora_mse_lr0.001_92601,92601,combined,Robin_office_Maryann,0.08030584720085379,0.18464736862151768,-0.002979842021159129,3840,308.37445325127857,709.0458955066279,-11.442593361251056
robin,full_lora_mse,v11_robin_full_lora_mse_lr0.001_92601,92601,combined,Robin_office_Sammie,0.18647491981821124,0.3082325469230758,0.029278164758458538,3840,716.0636921019311,1183.612980184611,112.42815267248079
robin,full_lora_mse,v11_robin_full_lora_mse_lr0.001_92601,92601,combined,Robin_office_Saul,0.26077957583712424,0.32455719260688054,0.11759140895713548,3840,1001.3935712145571,1246.2996196104214,451.5510103954002
robin,full_lora_mse,v11_robin_full_lora_mse_lr0.001_92601,92601,combined,Robin_office_Serena,0.10178396936854135,0.22323104349513112,-0.017098743071134473,3840,390.8504423751988,857.2072070213035,-65.65917339315638
robin,full_lora_mse,v11_robin_full_lora_mse_lr0.001_92601,92601,combined,Robin_office_Shirlene,0.18681783518024414,0.2572016529554579,0.04220286591056113,3840,717.3804870921375,987.6543473489583,162.05900509655476
robin,full_lora_mse,v11_robin_full_lora_mse_lr0.001_92601,92601,combined,Robin_office_Soledad,0.23305255009016984,0.28881962622242624,0.028144169684718865,3838,894.4556872460719,1108.489725441672,108.017323249951
robin,full_lora_mse,v11_robin_full_lora_mse_lr0.001_92601,92601,combined,Robin_office_Victor,0.15126125208930807,0.19598537438722208,0.019747831954631086,3840,580.843208022943,752.5838376469328,75.83167470578337
robin,full_lora_mse,v11_robin_full_lora_mse_lr0.001_92601,92601,combined,Robin_office_Wai,0.0835873037474732,0.18361214223077696,0.014028752873249081,3840,320.97524639029706,705.0706261661835,53.87041103327647
robin,full_lora_mse,v11_robin_full_lora_mse_lr0.001_92601,92601,combined,Robin_office_Zelma,0.2856418055730616,0.2941605495095227,0.03922606333238529,3840,1096.8645334005566,1129.576510116567,150.6280831963595
robin,full_lora_mse,v11_robin_full_lora_mse_lr0.001_92602,92602,test_a,Robin_office_Addie,0.45348208893722136,0.4908554479750819,0.030044489626137268,1920,870.685610759465,942.4424601121573,57.685420082183555
robin,full_lora_mse,v11_robin_full_lora_mse_lr0.001_92602,92602,test_a,Robin_office_Adolph,0.31919369936707237,0.42514541066872574,0.07004608975063699,1920,612.851902784779,816.2791884839535,134.48849232122302
robin,full_lora_mse,v11_robin_full_lora_mse_lr0.001_92602,92602,test_a,Robin_office_Antonina,0.12893708688066857,0.26080900951346847,0.01969636903280237,1920,247.55920681088367,500.7532982658595,37.81702854298055
robin,full_lora_mse,v11_robin_full_lora_mse_lr0.001_92602,92602,test_a,Robin_office_Dina,0.5357131604311766,0.43197323943119653,0.22708792043752812,1920,1028.569268027859,829.3886197078973,436.008807240054
robin,full_lora_mse,v11_robin_full_lora_mse_lr0.001_92602,92602,test_a,Robin_office_Donald,0.6195861393528677,0.289031623932893,0.2039283821052436,1920,1189.605387557506,554.9407179511545,391.5424936420677
robin,full_lora_mse,v11_robin_full_lora_mse_lr0.001_92602,92602,test_a,Robin_office_Erma,0.13665697017569858,0.21565437686707203,0.0650078846529747,1920,262.38138273734126,414.0564035847783,124.81513853371143
robin,full_lora_mse,v11_robin_full_lora_mse_lr0.001_92602,92602,test_a,Robin_office_Gayle,0.2170649731310174,0.3305551545830288,-0.004642074542546956,1920,416.76474841155346,634.6658967994153,-8.912783121690154
robin,full_lora_mse,v11_robin_full_lora_mse_lr0.001_92602,92602,test_a,Robin_office_Lindsay,0.0,0.0,0.0,1920,0.0,0.0,0.0
robin,full_lora_mse,v11_robin_full_lora_mse_lr0.001_92602,92602,test_a,Robin_office_Maryann,0.08500658004091802,0.1811034978343135,0.004427510536334012,1920,163.21263367856258,347.71871584188193,8.500820229761302
robin,full_lora_mse,v11_robin_full_lora_mse_lr0.001_92602,92602,test_a,Robin_office_Sammie,0.1695413690903382,0.321673239149095,0.05802419245762091,1920,325.5194286534494,617.6126191662624,111.40644951863214
robin,full_lora_mse,v11_robin_full_lora_mse_lr0.001_92602,92602,test_a,Robin_office_Saul,0.16019396160349647,0.28835972068142535,0.03883098044898361,1920,307.57240627871323,553.6506637083367,74.55548246204853
robin,full_lora_mse,v11_robin_full_lora_mse_lr0.001_92602,92602,test_a,Robin_office_Serena,0.10655822528145557,0.21939513640390942,-0.029911897558728622,1920,204.5917925403947,421.2386618955061,-57.43084331275895
robin,full_lora_mse,v11_robin_full_lora_mse_lr0.001_92602,92602,test_a,Robin_office_Shirlene,0.18239835068199828,0.2807176104319903,0.030286870568913098,1920,350.2048333094367,538.9778120294213,58.15079149231315
robin,full_lora_mse,v11_robin_full_lora_mse_lr0.001_92602,92602,test_a,Robin_office_Soledad,0.27115684003337714,0.34148755110509227,0.0029932737505684297,1920,520.6211328640841,655.6560981217772,5.747085601091385
robin,full_lora_mse,v11_robin_full_lora_mse_lr0.001_92602,92602,test_a,Robin_office_Victor,0.1258371008684139,0.1978525569600303,0.018759220656253697,1920,241.6072336673547,379.87690936325816,36.0177036600071
robin,full_lora_mse,v11_robin_full_lora_mse_lr0.001_92602,92602,test_a,Robin_office_Wai,0.05885041105859971,0.14939401633673696,-0.012649543159204768,1920,112.99278923251144,286.836511366535,-24.287122865673155
robin,full_lora_mse,v11_robin_full_lora_mse_lr0.001_92602,92602,test_a,Robin_office_Zelma,0.3477237843790259,0.35642150470788087,0.0027424245556176173,1920,667.6296660077297,684.3292890391313,5.2654551467858255
robin,full_lora_mse,v11_robin_full_lora_mse_lr0.001_92602,92602,test_b,Robin_office_Addie,0.4325731442844285,0.4901503842629912,-0.018287585883596573,1920,830.5404370261027,941.0887377849431,-35.11216489650542
robin,full_lora_mse,v11_robin_full_lora_mse_lr0.001_92602,92602,test_b,Robin_office_Adolph,0.16947521654195177,0.2565530778545508,0.07695484050066928,1920,325.3924157605474,492.5819094807375,147.75329376128502
robin,full_lora_mse,v11_robin_full_lora_mse_lr0.001_92602,92602,test_b,Robin_office_Antonina,0.11139082330476184,0.2436006778186614,-0.07225119042219982,1920,213.87038074514274,467.7133014118299,-138.72228561062366
robin,full_lora_mse,v11_robin_full_lora_mse_lr0.001_92602,92602,test_b,Robin_office_Dina,0.13563556925292278,0.2048123698409957,0.041758517075019576,1920,260.42029296561174,393.2397500947118,80.17635278403759
robin,full_lora_mse,v11_robin_full_lora_mse_lr0.001_92602,92602,test_b,Robin_office_Donald,0.9869906168667486,0.33032403492034823,-0.03485520554653855,1920,1895.0219843841573,634.2221470470686,-66.92199464935402
robin,full_lora_mse,v11_robin_full_lora_mse_lr0.001_92602,92602,test_b,Robin_office_Erma,0.01982387037990984,0.10738186339779834,0.000358136266489358,1920,38.06183112942689,206.17317772377282,0.6876216316595674
robin,full_lora_mse,v11_robin_full_lora_mse_lr0.001_92602,92602,test_b,Robin_office_Gayle,0.2143881569511587,0.26479984817366736,0.05209078624417695,1920,411.6252613462247,508.41570849344134,100.01430958881974
robin,full_lora_mse,v11_robin_full_lora_mse_lr0.001_92602,92602,test_b,Robin_office_Lindsay,0.0,0.0,0.0,1920,0.0,0.0,0.0
robin,full_lora_mse,v11_robin_full_lora_mse_lr0.001_92602,92602,test_b,Robin_office_Maryann,0.07134072781666734,0.18976163342401076,-0.03840714750015953,1920,136.9741974080013,364.34233617410064,-73.7417232003063
robin,full_lora_mse,v11_robin_full_lora_mse_lr0.001_92602,92602,test_b,Robin_office_Sammie,0.19639707160801106,0.28746867304143964,-0.04202995330269914,1920,377.0823774873812,551.9398522395641,-80.69751034118235
robin,full_lora_mse,v11_robin_full_lora_mse_lr0.001_92602,92602,test_b,Robin_office_Saul,0.33018392132651836,0.3340236592339352,0.1350624147079846,1920,633.9531289469153,641.3254257291555,259.31983623933047
robin,full_lora_mse,v11_robin_full_lora_mse_lr0.001_92602,92602,test_b,Robin_office_Serena,0.08057254032470805,0.20938608321303037,-0.029046791927248704,1920,154.69927742343947,402.0212797690183,-55.769840500317514
robin,full_lora_mse,v11_robin_full_lora_mse_lr0.001_92602,92602,test_b,Robin_office_Shirlene,0.15311414956538585,0.21012720912888957,0.0373593776661437,1920,293.97916716554084,403.44424152746797,71.7300051189959
robin,full_lora_mse,v11_robin_full_lora_mse_lr0.001_92602,92602,test_b,Robin_office_Soledad,0.17861030731022312,0.2271185311905426,0.03773175857133767,1918,342.57456942100794,435.6133428234607,72.36951293982565
robin,full_lora_mse,v11_robin_full_lora_mse_lr0.001_92602,92602,test_b,Robin_office_Victor,0.138700748606817,0.17005171215308412,-0.007002421726853451,1920,266.30543732508863,326.49928733392153,-13.444649715558626
robin,full_lora_mse,v11_robin_full_lora_mse_lr0.001_92602,92602,test_b,Robin_office_Wai,0.08805100723208764,0.19171984554680724,-0.0016640057690286388,1920,169.05793388560826,368.1021034498699,-3.1948910765349865
robin,full_lora_mse,v11_robin_full_lora_mse_lr0.001_92602,92602,test_b,Robin_office_Zelma,0.18610525270337896,0.2177121641206516,0.028487586807750633,1920,357.3220851904876,418.0073551116511,54.69616667088121
robin,full_lora_mse,v11_robin_full_lora_mse_lr0.001_92602,92602,combined,Robin_office_Addie,0.4430276166108265,0.49050291611903657,0.005878451871270348,3840,1701.2260477855739,1883.5311978971004,22.573255185678136
robin,full_lora_mse,v11_robin_full_lora_mse_lr0.001_92602,92602,combined,Robin_office_Adolph,0.244334457954512,0.34084924426163826,0.07350046512565314,3840,938.2443185453261,1308.861097964691,282.24178608250804
robin,full_lora_mse,v11_robin_full_lora_mse_lr0.001_92602,92602,combined,Robin_office_Antonina,0.12016395509271559,0.25220484366606494,-0.026277410694698727,3840,461.42958755602785,968.4665996776894,-100.9052570676431
robin,full_lora_mse,v11_robin_full_lora_mse_lr0.001_92602,92602,combined,Robin_office_Dina,0.3356743648420534,0.3183928046360961,0.13442321875627386,3840,1288.989560993485,1222.628369802609,516.1851600240916
robin,full_lora_mse,v11_robin_full_lora_mse_lr0.001_92602,92602,combined,Robin_office_Donald,0.8032883781098062,0.3096778294266206,0.08453658827935252,3840,3084.627371941656,1189.162864998223,324.6204989927137
robin,full_lora_mse,v11_robin_full_lora_mse_lr0.001_92602,92602,combined,Robin_office_Erma,0.07824042027780463,0.1615181201324352,0.03268301045973203,3840,300.4432138667698,620.2295813085511,125.502760165371
robin,full_lora_mse,v11_robin_full_lora_mse_lr0.001_92602,92602,combined,Robin_office_Gayle,0.21572656504108795,0.2976775013783481,0.023724355850814997,3840,828.3900097577778,1143.0816052928567,91.10152646712959
robin,full_lora_mse,v11_robin_full_lora_mse_lr0.001_92602,92602,combined,Robin_office_Lindsay,0.0,0.0,0.0,3840,0.0,0.0,0.0
robin,full_lora_mse,v11_robin_full_lora_mse_lr0.001_92602,92602,combined,Robin_office_Maryann,0.07817365392879139,0.18543256562916213,-0.01698981848191276,3840,300.1868310865589,712.0610520159826,-65.240902970545
robin,full_lora_mse,v11_robin_full_lora_mse_lr0.001_92602,92602,combined,Robin_office_Sammie,0.1829692203491727,0.3045709560952673,0.007997119577460883,3840,702.6018061408232,1169.5524714058265,30.708939177449793
robin,full_lora_mse,v11_robin_full_lora_mse_lr0.001_92602,92602,combined,Robin_office_Saul,0.24518894146500425,0.31119168995768026,0.08694669757848411,3840,941.5255352256163,1194.9760894374922,333.875318701379
robin,full_lora_mse,v11_robin_full_lora_mse_lr0.001_92602,92602,combined,Robin_office_Serena,0.0935653828030818,0.21439060980846988,-0.029479344742988665,3840,359.2910699638341,823.2599416645244,-113.20068381307647
robin,full_lora_mse,v11_robin_full_lora_mse_lr0.001_92602,92602,combined,Robin_office_Shirlene,0.16775625012369252,0.24542240978043992,0.0338231241175284,3840,644.1840004749793,942.4220535568893,129.88079661130905
robin,full_lora_mse,v11_robin_full_lora_mse_lr0.001_92602,92602,combined,Robin_office_Soledad,0.22490768689032886,0.2843328402671282,0.020353464966367127,3838,863.1957022850821,1091.2694409452379,78.11659854091704
robin,full_lora_mse,v11_robin_full_lora_mse_lr0.001_92602,92602,combined,Robin_office_Victor,0.13226892473761526,0.1839521345565572,0.005878399464700123,3840,507.9126709924426,706.3761966971797,22.573053944448475
robin,full_lora_mse,v11_robin_full_lora_mse_lr0.001_92602,92602,combined,Robin_office_Wai,0.07345070914534375,0.1705569309417721,-0.007156774464116704,3840,282.05072311812,654.9386148164049,-27.48201394220814
robin,full_lora_mse,v11_robin_full_lora_mse_lr0.001_92602,92602,combined,Robin_office_Zelma,0.266914518541201,0.2870668344142662,0.015615005681684124,3840,1024.951751198212,1102.3366441507824,59.96162181766704
robin,direct_nlinear,v7_robin_direct_nlinear_lr0.001_92601,92601,test_a,Robin_office_Addie,0.5766986461827206,0.5606755848188792,-0.03790902202053985,1920,1107.2614006708236,1076.4971228522481,-72.78532227943651
robin,direct_nlinear,v7_robin_direct_nlinear_lr0.001_92601,92601,test_a,Robin_office_Adolph,0.35924540706742236,0.4639462392379452,0.08196989583278386,1920,689.751181569451,890.7767793368548,157.382199998945
robin,direct_nlinear,v7_robin_direct_nlinear_lr0.001_92601,92601,test_a,Robin_office_Antonina,0.18567827118297087,0.31674305391691937,-0.05224921046077118,1920,356.50228067130405,608.1466635204852,-100.31848408468068
robin,direct_nlinear,v7_robin_direct_nlinear_lr0.001_92601,92601,test_a,Robin_office_Dina,0.7381233307733136,0.5605111706119108,0.22136464988676988,1920,1417.196795084762,1076.1814475748688,425.02012778259814
robin,direct_nlinear,v7_robin_direct_nlinear_lr0.001_92601,92601,test_a,Robin_office_Donald,1.0247318877793863,0.6114356541388853,0.4356792219141994,1920,1967.4852245364216,1173.9564559466598,836.5041060752628
robin,direct_nlinear,v7_robin_direct_nlinear_lr0.001_92601,92601,test_a,Robin_office_Erma,0.17967469516214274,0.28561603253037904,0.012942232749871134,1920,344.97541471131404,548.3827824583277,24.849086879752576
robin,direct_nlinear,v7_robin_direct_nlinear_lr0.001_92601,92601,test_a,Robin_office_Gayle,0.2840383244800054,0.4007465021514994,-0.00237743511388544,1920,545.3535830016103,769.4332841308787,-4.564675418660045
robin,direct_nlinear,v7_robin_direct_nlinear_lr0.001_92601,92601,test_a,Robin_office_Lindsay,9.74396517730014e-05,0.008996138970057169,-0.008928785721460978,1920,0.1870841314041627,17.272586822509766,-17.143268585205078
robin,direct_nlinear,v7_robin_direct_nlinear_lr0.001_92601,92601,test_a,Robin_office_Maryann,0.14597921735533506,0.26193968963683195,-0.0443815274265944,1920,280.2800973222433,502.92420410271734,-85.21253265906125
robin,direct_nlinear,v7_robin_direct_nlinear_lr0.001_92601,92601,test_a,Robin_office_Sammie,0.24575438258779894,0.39725367136925344,0.07496569643335534,1920,471.84841456857396,762.7270490289666,143.93413715204224
robin,direct_nlinear,v7_robin_direct_nlinear_lr0.001_92601,92601,test_a,Robin_office_Saul,0.1993843348402784,0.3263343226494423,0.008461353896806637,1920,382.8179228933345,626.5618994869292,16.245799481868744
robin,direct_nlinear,v7_robin_direct_nlinear_lr0.001_92601,92601,test_a,Robin_office_Serena,0.13497901480526533,0.2688732319904375,-0.10285263784632358,1920,259.15970842610943,516.23660542164,-197.47706466494128
robin,direct_nlinear,v7_robin_direct_nlinear_lr0.001_92601,92601,test_a,Robin_office_Shirlene,0.2929132306905444,0.39550476984635075,0.02435869871357378,1920,562.3934029258453,759.3691581049934,46.76870153006166
robin,direct_nlinear,v7_robin_direct_nlinear_lr0.001_92601,92601,test_a,Robin_office_Soledad,0.3411028172745413,0.4260933747840075,0.005028305825059458,1920,654.9174091671192,818.0992795852944,9.654347184114158
robin,direct_nlinear,v7_robin_direct_nlinear_lr0.001_92601,92601,test_a,Robin_office_Victor,0.2719671853762048,0.34721726863490404,-0.02467186522205035,1920,522.1769959223132,666.6571557790157,-47.36998122633668
robin,direct_nlinear,v7_robin_direct_nlinear_lr0.001_92601,92601,test_a,Robin_office_Wai,0.09826995573865756,0.21154150180470122,-0.0951300795294325,1920,188.67831501822252,406.1596834650263,-182.6497526965104
robin,direct_nlinear,v7_robin_direct_nlinear_lr0.001_92601,92601,test_a,Robin_office_Zelma,0.5747678147342519,0.5371648178416459,0.01118526656840307,1920,1103.5542042897637,1031.3564502559602,21.475711811333895
robin,direct_nlinear,v7_robin_direct_nlinear_lr0.001_92601,92601,test_b,Robin_office_Addie,0.5977194743140873,0.5921947642810058,-0.04572851037449557,1920,1147.6213906830476,1137.0139474195312,-87.7987399190315
robin,direct_nlinear,v7_robin_direct_nlinear_lr0.001_92601,92601,test_b,Robin_office_Adolph,0.23244403123366333,0.3509917321964167,0.09058517649791611,1920,446.2925399686336,673.9041258171201,173.92353887599893
robin,direct_nlinear,v7_robin_direct_nlinear_lr0.001_92601,92601,test_b,Robin_office_Antonina,0.14924482404413283,0.3035046571705607,-0.10421694408141775,1920,286.55006216473504,582.7289417674765,-200.09653263632208
robin,direct_nlinear,v7_robin_direct_nlinear_lr0.001_92601,92601,test_b,Robin_office_Dina,0.2679296108137758,0.35276775441598146,0.0430346858377258,1920,514.4248527624495,677.3140884786844,82.62659680843353
robin,direct_nlinear,v7_robin_direct_nlinear_lr0.001_92601,92601,test_b,Robin_office_Donald,1.6100696008493511,0.6060848721945831,-0.408143813656117,1920,3091.3336336307543,1163.6829546135996,-783.6361222197447
robin,direct_nlinear,v7_robin_direct_nlinear_lr0.001_92601,92601,test_b,Robin_office_Erma,0.04208915052328189,0.1622899833479702,-0.036715089137336086,1920,80.81116900470123,311.5967680281028,-70.49297114368528
robin,direct_nlinear,v7_robin_direct_nlinear_lr0.001_92601,92601,test_b,Robin_office_Gayle,0.3170937466985534,0.39914531976683065,0.05118575725937262,1920,608.8199936612225,766.3590139523149,98.27665393799543
robin,direct_nlinear,v7_robin_direct_nlinear_lr0.001_92601,92601,test_b,Robin_office_Lindsay,9.74396517730014e-05,0.008996138970057169,-0.008928785721460978,1920,0.1870841314041627,17.272586822509766,-17.143268585205078
robin,direct_nlinear,v7_robin_direct_nlinear_lr0.001_92601,92601,test_b,Robin_office_Maryann,0.11235268532169075,0.25014054208489445,-0.06658538896881509,1920,215.71715581764624,480.26984080299735,-127.84394682012498
robin,direct_nlinear,v7_robin_direct_nlinear_lr0.001_92601,92601,test_b,Robin_office_Sammie,0.39902261398528666,0.4797208532739508,-0.06216443488859416,1920,766.1234188517503,921.0640382859856,-119.35571498610079
robin,direct_nlinear,v7_robin_direct_nlinear_lr0.001_92601,92601,test_b,Robin_office_Saul,0.5017178809582846,0.46137791310514636,0.19604100292150786,1920,963.2983314399064,885.845593161881,376.39872560929507
robin,direct_nlinear,v7_robin_direct_nlinear_lr0.001_92601,92601,test_b,Robin_office_Serena,0.1259026279677198,0.2657826142225531,-0.08177839783941938,1920,241.733045698022,510.30261930730194,-157.01452385168523
robin,direct_nlinear,v7_robin_direct_nlinear_lr0.001_92601,92601,test_b,Robin_office_Shirlene,0.3252744421613266,0.3941992807939338,0.023043517448240892,1920,624.5269289497471,756.8626191243529,44.24355350062251
robin,direct_nlinear,v7_robin_direct_nlinear_lr0.001_92601,92601,test_b,Robin_office_Soledad,0.23989102106477717,0.3303029806551264,0.012846616541576398,1918,460.1109784022426,633.5211168965325,24.63981052674353
robin,direct_nlinear,v7_robin_direct_nlinear_lr0.001_92601,92601,test_b,Robin_office_Victor,0.30231351616920843,0.3543895201721777,-0.023436062521371544,1920,580.4419510448802,680.4278787305811,-44.997240041033365
robin,direct_nlinear,v7_robin_direct_nlinear_lr0.001_92601,92601,test_b,Robin_office_Wai,0.12171536825491557,0.23558248405630972,-0.07204214321488205,1920,233.6935070494379,452.31836938811466,-138.32091497257352
robin,direct_nlinear,v7_robin_direct_nlinear_lr0.001_92601,92601,test_b,Robin_office_Zelma,0.3620636371439451,0.390147248156912,0.09125657457625494,1920,695.1621833163747,749.082716461271,175.21262318640947
robin,direct_nlinear,v7_robin_direct_nlinear_lr0.001_92601,92601,combined,Robin_office_Addie,0.5872090602484054,0.5764351745499425,-0.04181876619751771,3840,2254.8827913538767,2213.5110702717793,-160.58406219846802
robin,direct_nlinear,v7_robin_direct_nlinear_lr0.001_92601,92601,combined,Robin_office_Adolph,0.2958447191505422,0.407468985717181,0.08627753616534999,3840,1136.043721538082,1564.680905153975,331.3057388749439
robin,direct_nlinear,v7_robin_direct_nlinear_lr0.001_92601,92601,combined,Robin_office_Antonina,0.16746154761355117,0.31012385554374,-0.07823307727109446,3840,643.0523428360365,1190.8756052879617,-300.41501672100276
robin,direct_nlinear,v7_robin_direct_nlinear_lr0.001_92601,92601,combined,Robin_office_Dina,0.5030264707935491,0.45663946251394616,0.13219966786224782,3840,1931.6216478472286,1753.4955360535532,507.64672459103167
robin,direct_nlinear,v7_robin_direct_nlinear_lr0.001_92601,92601,combined,Robin_office_Donald,1.3174007443143727,0.6087602631667343,0.013767704129041174,3840,5058.818858167191,2337.6394105602594,52.867983855518105
robin,direct_nlinear,v7_robin_direct_nlinear_lr0.001_92601,92601,combined,Robin_office_Erma,0.11088192284271305,0.2239530079391746,-0.011886428193732475,3840,425.7865837160181,859.9795504864305,-45.643884263932705
robin,direct_nlinear,v7_robin_direct_nlinear_lr0.001_92601,92601,combined,Robin_office_Gayle,0.30056603558927936,0.399945910959165,0.02440416107274359,3840,1154.1735766628328,1535.7922980831936,93.71197851933539
robin,direct_nlinear,v7_robin_direct_nlinear_lr0.001_92601,92601,combined,Robin_office_Lindsay,9.74396517730014e-05,0.008996138970057169,-0.008928785721460978,3840,0.3741682628083254,34.54517364501953,-34.286537170410156
robin,direct_nlinear,v7_robin_direct_nlinear_lr0.001_92601,92601,combined,Robin_office_Maryann,0.12916595133851252,0.2560401158608632,-0.05548345819770475,3840,495.99725313988813,983.1940449057147,-213.05647947918624
robin,direct_nlinear,v7_robin_direct_nlinear_lr0.001_92601,92601,combined,Robin_office_Sammie,0.32238849828654353,0.4384872623216021,0.006400630772380585,3840,1237.9718334203271,1683.7910873149522,24.578422165941447
robin,direct_nlinear,v7_robin_direct_nlinear_lr0.001_92601,92601,combined,Robin_office_Saul,0.3505511078992813,0.3938561178772943,0.10225117840915725,3840,1346.1162543332402,1512.4074926488101,392.6445250911638
robin,direct_nlinear,v7_robin_direct_nlinear_lr0.001_92601,92601,combined,Robin_office_Serena,0.13044082138649313,0.2673279231064953,-0.09231551784287148,3840,500.8927541241336,1026.539224728942,-354.4915885166265
robin,direct_nlinear,v7_robin_direct_nlinear_lr0.001_92601,92601,combined,Robin_office_Shirlene,0.30909383642593485,0.3948520253201423,0.02370110808090734,3840,1186.92033187559,1516.2317772293463,91.01225503068417
robin,direct_nlinear,v7_robin_direct_nlinear_lr0.001_92601,92601,combined,Robin_office_Soledad,0.2905232901431383,0.3782231361338788,0.008935424103923317,3838,1115.028387569365,1451.620396481827,34.29415771085769
robin,direct_nlinear,v7_robin_direct_nlinear_lr0.001_92601,92601,combined,Robin_office_Victor,0.28714035077270644,0.35080339440354086,-0.024053963871710948,3840,1102.6189469671926,1347.0850345095969,-92.36722126737004
robin,direct_nlinear,v7_robin_direct_nlinear_lr0.001_92601,92601,combined,Robin_office_Wai,0.10999266199678653,0.22356199293050547,-0.08358611137215727,3840,422.3718220676603,858.478052853141,-320.9706676690839
robin,direct_nlinear,v7_robin_direct_nlinear_lr0.001_92601,92601,combined,Robin_office_Zelma,0.468415725939104,0.463656032999279,0.051220920572329,3840,1798.7163876061595,1780.4391667172313,196.68833499774337
robin,direct_nlinear,v7_robin_direct_nlinear_lr0.001_92602,92602,test_a,Robin_office_Addie,0.5415015487340552,0.5376790325789746,-0.022799263357471015,1920,1039.682973569386,1032.3437425516313,-43.77458564634435
robin,direct_nlinear,v7_robin_direct_nlinear_lr0.001_92602,92602,test_a,Robin_office_Adolph,0.3554465056158219,0.45920477175483637,0.07666919550780828,1920,682.4572907823781,881.6731617692858,147.2048553749919
robin,direct_nlinear,v7_robin_direct_nlinear_lr0.001_92602,92602,test_a,Robin_office_Antonina,0.17001746469251683,0.30160478078954234,0.003669604458264075,1920,326.4335322096323,579.0811791159213,7.045640559867024
robin,direct_nlinear,v7_robin_direct_nlinear_lr0.001_92602,92602,test_a,Robin_office_Dina,0.7690355073705285,0.5666660312611688,0.26394569863429446,1920,1476.5481741514147,1087.998780021444,506.7757413778454
robin,direct_nlinear,v7_robin_direct_nlinear_lr0.001_92602,92602,test_a,Robin_office_Donald,1.0671611074593363,0.6034018419065698,0.43319523786230624,1920,2048.9493263219256,1158.531536460614,831.734856695628
robin,direct_nlinear,v7_robin_direct_nlinear_lr0.001_92602,92602,test_a,Robin_office_Erma,0.1707417770062649,0.2576902127931438,0.07333006864840476,1920,327.8242118520286,494.76520856283605,140.79373180493712
robin,direct_nlinear,v7_robin_direct_nlinear_lr0.001_92602,92602,test_a,Robin_office_Gayle,0.2595560372280249,0.3769659122825639,0.04098277088196482,1920,498.34759147780784,723.7745515825227,78.68692009337246
robin,direct_nlinear,v7_robin_direct_nlinear_lr0.001_92602,92602,test_a,Robin_office_Lindsay,9.553589084306442e-05,0.009575617810090383,-0.009575617810090383,1920,0.1834289104186837,18.385186195373535,-18.385186195373535
robin,direct_nlinear,v7_robin_direct_nlinear_lr0.001_92602,92602,test_a,Robin_office_Maryann,0.13141401848548087,0.24104957334105467,-0.0014924616499532326,1920,252.31491549212328,462.815180814825,-2.8655263679102063
robin,direct_nlinear,v7_robin_direct_nlinear_lr0.001_92602,92602,test_a,Robin_office_Sammie,0.2283622762426414,0.3813301600033204,0.12603692029830807,1920,438.4555703858715,732.1539072063752,241.99088697275147
robin,direct_nlinear,v7_robin_direct_nlinear_lr0.001_92602,92602,test_a,Robin_office_Saul,0.1880935386746626,0.31760028731708495,0.04100599595500777,1920,361.1395942553522,609.792551648803,78.73151223361492
robin,direct_nlinear,v7_robin_direct_nlinear_lr0.001_92602,92602,test_a,Robin_office_Serena,0.11479760576278156,0.23790562312521313,-0.05355587872982141,1920,220.4114030645406,456.7787964004092,-102.82728716125712
robin,direct_nlinear,v7_robin_direct_nlinear_lr0.001_92602,92602,test_a,Robin_office_Shirlene,0.27529209328897486,0.37705374445213236,0.04806172669486841,1920,528.5608191148317,723.9431893480942,92.27851525414735
robin,direct_nlinear,v7_robin_direct_nlinear_lr0.001_92602,92602,test_a,Robin_office_Soledad,0.3175973641400056,0.4127507348341169,0.027704284083059368,1920,609.7869391488108,792.4814108815044,53.19222543947399
robin,direct_nlinear,v7_robin_direct_nlinear_lr0.001_92602,92602,test_a,Robin_office_Victor,0.26169457861921186,0.3256083415204254,0.03039659664655119,1920,502.45359094888676,625.1680157192168,58.36146556137828
robin,direct_nlinear,v7_robin_direct_nlinear_lr0.001_92602,92602,test_a,Robin_office_Wai,0.0798739214059033,0.1769575372786979,-0.03815540274639109,1920,153.35792909933434,339.7584715751,-73.2583732730709
robin,direct_nlinear,v7_robin_direct_nlinear_lr0.001_92602,92602,test_a,Robin_office_Zelma,0.5503558619254477,0.5214960186024352,0.04034155267678822,1920,1056.6832548968596,1001.2723557166755,77.45578113943338
robin,direct_nlinear,v7_robin_direct_nlinear_lr0.001_92602,92602,test_b,Robin_office_Addie,0.5598556113254486,0.5700810375672215,-0.010552166899318156,1920,1074.9227737448614,1094.5555921290652,-20.26016044669086
robin,direct_nlinear,v7_robin_direct_nlinear_lr0.001_92602,92602,test_b,Robin_office_Adolph,0.2269802286061596,0.3451194246425681,0.09940638741209114,1920,435.80203892382644,662.6292953137308,190.86026383121498
robin,direct_nlinear,v7_robin_direct_nlinear_lr0.001_92602,92602,test_b,Robin_office_Antonina,0.13174313478480734,0.277595261366514,-0.043958523858357995,1920,252.94681878683008,532.9829018237069,-84.40036580804735
robin,direct_nlinear,v7_robin_direct_nlinear_lr0.001_92602,92602,test_b,Robin_office_Dina,0.24668117464456304,0.3351706779367911,0.04745843792334199,1920,473.62785531756106,643.527701638639,91.12020081281662
robin,direct_nlinear,v7_robin_direct_nlinear_lr0.001_92602,92602,test_b,Robin_office_Donald,1.6698016519272383,0.595773996973738,-0.39129936078510735,1920,3206.0191717002976,1143.886074189577,-751.2947727074061
robin,direct_nlinear,v7_robin_direct_nlinear_lr0.001_92602,92602,test_b,Robin_office_Erma,0.02861064460851679,0.1342402970335873,0.016020387958754632,1920,54.932437648352234,257.74137030448765,30.75914488080889
robin,direct_nlinear,v7_robin_direct_nlinear_lr0.001_92602,92602,test_b,Robin_office_Gayle,0.2955219346264147,0.378602642773573,0.04829682420434741,1920,567.4021144827162,726.9170741252601,92.72990247234702
robin,direct_nlinear,v7_robin_direct_nlinear_lr0.001_92602,92602,test_b,Robin_office_Lindsay,9.553589084306442e-05,0.009575617810090383,-0.009575617810090383,1920,0.1834289104186837,18.385186195373535,-18.385186195373535
robin,direct_nlinear,v7_robin_direct_nlinear_lr0.001_92602,92602,test_b,Robin_office_Maryann,0.09447655359082739,0.22666578136656124,-0.02031493742930858,1920,181.3949828943886,435.19830022379756,-39.004679864272475
robin,direct_nlinear,v7_robin_direct_nlinear_lr0.001_92602,92602,test_b,Robin_office_Sammie,0.3487227069302419,0.44255053653711607,0.010907930286096719,1920,669.5475973060644,849.6970301512629,20.9432261493057
robin,direct_nlinear,v7_robin_direct_nlinear_lr0.001_92602,92602,test_b,Robin_office_Saul,0.5233856632277589,0.46849780425739784,0.22843272359023103,1920,1004.9004733972972,899.5157841742039,438.5908292932436
robin,direct_nlinear,v7_robin_direct_nlinear_lr0.001_92602,92602,test_b,Robin_office_Serena,0.10401606645739962,0.23770047981112535,-0.034289197123628885,1920,199.71084759820727,456.3849212373607,-65.83525847736746
robin,direct_nlinear,v7_robin_direct_nlinear_lr0.001_92602,92602,test_b,Robin_office_Shirlene,0.2981324565377458,0.3677659829923262,0.03917176459605495,1920,572.4143165524719,706.1106873452663,75.2097880244255
robin,direct_nlinear,v7_robin_direct_nlinear_lr0.001_92602,92602,test_b,Robin_office_Soledad,0.21805786753634807,0.31168738484908987,0.040381588357402645,1918,418.2349899347156,597.8164041405544,77.45188646949828
robin,direct_nlinear,v7_robin_direct_nlinear_lr0.001_92602,92602,test_b,Robin_office_Victor,0.2767344573602621,0.33121179146528446,0.0031478450145489964,1920,531.3301581317032,635.9266396133462,6.043862427934073
robin,direct_nlinear,v7_robin_direct_nlinear_lr0.001_92602,92602,test_b,Robin_office_Wai,0.1042699509776399,0.2079881480652451,-0.007564321484339113,1920,200.1983058770686,399.3372442852706,-14.523497249931097
robin,direct_nlinear,v7_robin_direct_nlinear_lr0.001_92602,92602,test_b,Robin_office_Zelma,0.31666494583141763,0.36881520397728307,0.11783131746342405,1920,607.9966959963218,708.1251916363835,226.2361295297742
robin,direct_nlinear,v7_robin_direct_nlinear_lr0.001_92602,92602,combined,Robin_office_Addie,0.5506785800297535,0.553880035073098,-0.016675715128394587,3840,2114.605747314253,2126.8993346806965,-64.03474609303521
robin,direct_nlinear,v7_robin_direct_nlinear_lr0.001_92602,92602,combined,Robin_office_Adolph,0.2912133671109907,0.40216209819870224,0.08803779145994971,3840,1118.2593297062044,1544.3024570830166,338.0651192062069
robin,direct_nlinear,v7_robin_direct_nlinear_lr0.001_92602,92602,combined,Robin_office_Antonina,0.1508802997386617,0.2896000210780282,-0.02014445970004696,3840,579.380350996461,1112.0640809396282,-77.35472524818033
robin,direct_nlinear,v7_robin_direct_nlinear_lr0.001_92602,92602,combined,Robin_office_Dina,0.507858341007548,0.45091835459897994,0.15570206827881825,3840,1950.1760294689843,1731.526481660083,597.895942190662
robin,direct_nlinear,v7_robin_direct_nlinear_lr0.001_92602,92602,combined,Robin_office_Donald,1.3684813796932547,0.5995879194401539,0.02094793853859945,3840,5254.968498022098,2302.417610650191,80.44008398822189
robin,direct_nlinear,v7_robin_direct_nlinear_lr0.001_92602,92602,combined,Robin_office_Erma,0.09967621080739159,0.19596525491336556,0.044675228303579693,3840,382.7566495003837,752.5065788673237,171.552876685746
robin,direct_nlinear,v7_robin_direct_nlinear_lr0.001_92602,92602,combined,Robin_office_Gayle,0.2775389859272186,0.3777842775280684,0.04463979754315612,3840,1065.7497059605193,1450.6916257077828,171.41682256571949
robin,direct_nlinear,v7_robin_direct_nlinear_lr0.001_92602,92602,combined,Robin_office_Lindsay,9.553589084306442e-05,0.009575617810090383,-0.009575617810090383,3840,0.3668578208373674,36.77037239074707,-36.77037239074707
robin,direct_nlinear,v7_robin_direct_nlinear_lr0.001_92602,92602,combined,Robin_office_Maryann,0.11294528603815365,0.23385767735380797,-0.010903699539630907,3840,433.70989838651,898.0134810386226,-41.87020623218268
robin,direct_nlinear,v7_robin_direct_nlinear_lr0.001_92602,92602,combined,Robin_office_Sammie,0.28854249158644146,0.41194034827021825,0.06847242529220239,3840,1108.0031676919352,1581.850937357638,262.93411312205717
robin,direct_nlinear,v7_robin_direct_nlinear_lr0.001_92602,92602,combined,Robin_office_Saul,0.35573960095121043,0.39304904578724137,0.1347193597726194,3840,1366.040067652648,1509.308335823007,517.3223415268585
robin,direct_nlinear,v7_robin_direct_nlinear_lr0.001_92602,92602,combined,Robin_office_Serena,0.10940683611009061,0.23780305146816924,-0.04392253792672515,3840,420.12225066274794,913.1637176377699,-168.66254563862458
robin,direct_nlinear,v7_robin_direct_nlinear_lr0.001_92602,92602,combined,Robin_office_Shirlene,0.28671227491335977,0.3724098637222293,0.04361674564546168,3840,1100.9751356673014,1430.0538766933605,167.48830327857286
robin,direct_nlinear,v7_robin_direct_nlinear_lr0.001_92602,92602,combined,Robin_office_Soledad,0.26785355109002573,0.36224539213706586,0.034039633118544105,3838,1028.0219290835187,1390.2978150220588,130.64411190897226
robin,direct_nlinear,v7_robin_direct_nlinear_lr0.001_92602,92602,combined,Robin_office_Victor,0.269214517989736,0.3284100664928549,0.01677222083055009,3840,1033.7837490805862,1261.094655332563,64.40532798931235
robin,direct_nlinear,v7_robin_direct_nlinear_lr0.001_92602,92602,combined,Robin_office_Wai,0.09207193619177147,0.19247284267197148,-0.022859862115365105,3840,353.55623497640244,739.0957158603705,-87.781870523002
robin,direct_nlinear,v7_robin_direct_nlinear_lr0.001_92602,92602,combined,Robin_office_Zelma,0.43351040387843653,0.44515561128985914,0.07908643507010614,3840,1664.6799508931963,1709.397547353059,303.6919106692076
robin,base_level,v6_robin_level_res_92601,92601,test_a,Robin_office_Addie,0.4460881432013596,0.49440961464230593,0.019852611076809506,1920,856.4892349466104,949.2664601132274,38.11701326747425
robin,base_level,v6_robin_level_res_92601,92601,test_a,Robin_office_Adolph,0.3712321051394761,0.45551652397067904,0.05683719007647596,1920,712.7656418677941,874.5917260237038,109.12740494683385
robin,base_level,v6_robin_level_res_92601,92601,test_a,Robin_office_Antonina,0.13175329731891317,0.27040018745174166,-0.018769041239283978,1920,252.96633085231326,519.168359907344,-36.03655917942524
robin,base_level,v6_robin_level_res_92601,92601,test_a,Robin_office_Dina,0.5410974621640673,0.45479487721750045,0.18641277083952446,1920,1038.9071273550092,873.2061642576009,357.91252001188695
robin,base_level,v6_robin_level_res_92601,92601,test_a,Robin_office_Donald,1.0383420783164174,0.5695056908301884,0.3867271087601656,1920,1993.6167903675214,1093.4509263939617,742.5160488195179
robin,base_level,v6_robin_level_res_92601,92601,test_a,Robin_office_Erma,0.14716901523632567,0.2535075972492147,0.0489691537800051,1920,282.56450925374526,486.7345867184922,94.02077525760978
robin,base_level,v6_robin_level_res_92601,92601,test_a,Robin_office_Gayle,0.21630047568275207,0.3484163237934505,-0.007213141479102584,1920,415.29691331088395,668.959341683425,-13.849231639876962
robin,base_level,v6_robin_level_res_92601,92601,test_a,Robin_office_Lindsay,0.02132342571942958,0.10047075250186026,-0.009525156781698267,1920,40.94097738130479,192.9038448035717,-18.288301020860672
robin,base_level,v6_robin_level_res_92601,92601,test_a,Robin_office_Maryann,0.0928070180133615,0.21018060581748918,-0.021560088943321412,1920,178.18947458565407,403.5467631695792,-41.39537077117711
robin,base_level,v6_robin_level_res_92601,92601,test_a,Robin_office_Sammie,0.19796729663121043,0.3516840620090079,0.06952968742577165,1920,380.097209531924,675.2333990572952,133.49699985748157
robin,base_level,v6_robin_level_res_92601,92601,test_a,Robin_office_Saul,0.19956822805102836,0.3247843809813882,0.01030541889485903,1920,383.17099785797444,623.5860114842653,19.78640427812934
robin,base_level,v6_robin_level_res_92601,92601,test_a,Robin_office_Serena,0.09813228495949591,0.2325004962645835,-0.06916147133858128,1920,188.41398712223216,446.4009528280003,-132.79002497007605
robin,base_level,v6_robin_level_res_92601,92601,test_a,Robin_office_Shirlene,0.20612434433492666,0.3239895182545297,0.014944212943858778,1920,395.75874112305917,622.059875048697,28.692888852208853
robin,base_level,v6_robin_level_res_92601,92601,test_a,Robin_office_Soledad,0.29175957039634,0.37625711859339694,-0.05638218690486004,1920,560.1783751609728,722.4136676993221,-108.25379885733128
robin,base_level,v6_robin_level_res_92601,92601,test_a,Robin_office_Victor,0.1919299639436387,0.2850051722839453,-0.054043223982838146,1920,368.5055307717863,547.209930785175,-103.76299004704924
robin,base_level,v6_robin_level_res_92601,92601,test_a,Robin_office_Wai,0.06069927493682913,0.17131757091071145,-0.05796828506548384,1920,116.54260787871193,328.929736148566,-111.29910732572898
robin,base_level,v6_robin_level_res_92601,92601,test_a,Robin_office_Zelma,0.4014010960460347,0.4221202892464741,0.01105937516161551,1920,770.6901044083866,810.4709553532302,21.23400031030178
robin,base_level,v6_robin_level_res_92601,92601,test_b,Robin_office_Addie,0.5183094871199593,0.5493196743340074,-0.03354695462746046,1920,995.1542152703219,1054.6937747212942,-64.41015288472408
robin,base_level,v6_robin_level_res_92601,92601,test_b,Robin_office_Adolph,0.2776531337636266,0.36785361488030804,0.09006701928992697,1920,533.094016826163,706.2789405701915,172.9286770366598
robin,base_level,v6_robin_level_res_92601,92601,test_b,Robin_office_Antonina,0.17522755783993146,0.29186434519021226,-0.09482066180983868,1920,336.4369110526684,560.3795427652076,-182.05567067489028
robin,base_level,v6_robin_level_res_92601,92601,test_b,Robin_office_Dina,0.15745680221823474,0.2580661064411591,0.03296313713944983,1920,302.3170602590107,495.4869243670255,63.28922330774367
robin,base_level,v6_robin_level_res_92601,92601,test_b,Robin_office_Donald,1.2132491725071186,0.5913286663245116,-0.3665556648399388,1920,2329.4384112136677,1135.3510393430624,-703.7868764926825
robin,base_level,v6_robin_level_res_92601,92601,test_b,Robin_office_Erma,0.06961354245225702,0.18687646325609725,-0.025119052323861978,1920,133.65800150833348,358.8028094517067,-48.228580461815
robin,base_level,v6_robin_level_res_92601,92601,test_b,Robin_office_Gayle,0.21505174537871058,0.3104864703316707,0.04726895383209921,1920,412.8993511271243,596.1340230368078,90.75639135763049
robin,base_level,v6_robin_level_res_92601,92601,test_b,Robin_office_Lindsay,0.016426694992570528,0.09377730777487159,0.037855912030984956,1920,31.539254385735415,180.05243092775345,72.68335109949112
robin,base_level,v6_robin_level_res_92601,92601,test_b,Robin_office_Maryann,0.13540665077066605,0.2546975984538828,-0.07152318287699018,1920,259.9807694796788,489.0193890314549,-137.32451112382114
robin,base_level,v6_robin_level_res_92601,92601,test_b,Robin_office_Sammie,0.3074024422220395,0.4135228160118762,-0.038552686924231236,1920,590.2126890663159,793.9638067428023,-74.02115889452398
robin,base_level,v6_robin_level_res_92601,92601,test_b,Robin_office_Saul,0.5263030901373321,0.45642246113857254,0.20552027601661393,1920,1010.5019330636776,876.3311253860593,394.59892995189875
robin,base_level,v6_robin_level_res_92601,92601,test_b,Robin_office_Serena,0.1114156447233681,0.24511406968716376,-0.06785661348015613,1920,213.91803786886675,470.61901379935443,-130.28469788189977
robin,base_level,v6_robin_level_res_92601,92601,test_b,Robin_office_Shirlene,0.20519820284480483,0.30044102760536284,0.0240819600430162,1920,393.9805494620253,576.8467730022967,46.237363282591105
robin,base_level,v6_robin_level_res_92601,92601,test_b,Robin_office_Soledad,0.21591718330652715,0.28995839349160263,0.028274152456074796,1918,414.12915758191906,556.1401987168938,54.22982441075146
robin,base_level,v6_robin_level_res_92601,92601,test_b,Robin_office_Victor,0.18576602361213176,0.2666743406252863,-0.018221028849863312,1920,356.67076533529297,512.0147340005497,-34.98437539173756
robin,base_level,v6_robin_level_res_92601,92601,test_b,Robin_office_Wai,0.10807878868769076,0.20591899411568496,-0.06491863960594249,1920,207.51127428036625,395.3644687021151,-124.64378804340959
robin,base_level,v6_robin_level_res_92601,92601,test_b,Robin_office_Zelma,0.25808818930908567,0.3036624897028863,0.051014660212482944,1920,495.5293234734445,583.0319802295417,97.94814760796726
robin,base_level,v6_robin_level_res_92601,92601,combined,Robin_office_Addie,0.48219881516066126,0.5218646444881566,-0.006847171775325478,3840,1851.6434502169393,2003.9602348345215,-26.293139617249835
robin,base_level,v6_robin_level_res_92601,92601,combined,Robin_office_Adolph,0.3244426194515505,0.41168506942549354,0.07345210468320147,3840,1245.8596586939539,1580.8706665938953,282.05608198349364
robin,base_level,v6_robin_level_res_92601,92601,combined,Robin_office_Antonina,0.1534904275794222,0.281132266320977,-0.05679485152456133,3840,589.4032419049812,1079.5479026725516,-218.09222985431552
robin,base_level,v6_robin_level_res_92601,92601,combined,Robin_office_Dina,0.3492771321911544,0.3564304918293298,0.10968795398948714,3840,1341.2241876140329,1368.6930886246264,421.2017433196306
robin,base_level,v6_robin_level_res_92601,92601,combined,Robin_office_Donald,1.125795625411758,0.5804171785773501,0.010085721960113385,3840,4323.055201581151,2228.801965737024,38.729172326835396
robin,base_level,v6_robin_level_res_92601,92601,combined,Robin_office_Erma,0.10839127884429176,0.22019203025265596,0.01192505072807156,3840,416.22251076208033,845.5373961701989,45.792194795794785
robin,base_level,v6_robin_level_res_92601,92601,combined,Robin_office_Gayle,0.21567611053073135,0.3294513970625606,0.020027906176498314,3840,828.1962644380084,1265.0933647202328,76.90715971775353
robin,base_level,v6_robin_level_res_92601,92601,combined,Robin_office_Lindsay,0.018875060355999784,0.09712403013836593,0.014165377624643346,3840,72.48023176703917,372.95627573132515,54.39505007863045
robin,base_level,v6_robin_level_res_92601,92601,combined,Robin_office_Maryann,0.11410683439201307,0.23243910213568597,-0.046541635910155796,3840,438.17024406533017,892.5661522010341,-178.71988189499825
robin,base_level,v6_robin_level_res_92601,92601,combined,Robin_office_Sammie,0.2526848694266236,0.382603439010442,0.015488500250770205,3840,970.3098985982346,1469.1972058000974,59.47584096295759
robin,base_level,v6_robin_level_res_92601,92601,combined,Robin_office_Saul,0.3629356590941804,0.39060342105998036,0.10791284745573648,3840,1393.6729309216528,1499.9171368703246,414.3853342300281
robin,base_level,v6_robin_level_res_92601,92601,combined,Robin_office_Serena,0.1047739648414319,0.23880728297587364,-0.0685090424093687,3840,402.3320249910985,917.0199666273547,-263.0747228519758
robin,base_level,v6_robin_level_res_92601,92601,combined,Robin_office_Shirlene,0.2056612735898661,0.3122152729299463,0.019513086493437488,3840,789.7392905850859,1198.9066480509937,74.93025213479996
robin,base_level,v6_robin_level_res_92601,92601,combined,Robin_office_Soledad,0.2538581377652123,0.3331302413799416,-0.014076074634335543,3838,974.3075327428849,1278.553866416216,-54.023974446579814
robin,base_level,v6_robin_level_res_92601,92601,combined,Robin_office_Victor,0.18884799377788583,0.2758397564546158,-0.03613212641635073,3840,725.1762961070816,1059.2246647857246,-138.7473654387868
robin,base_level,v6_robin_level_res_92601,92601,combined,Robin_office_Wai,0.08438903181225983,0.1886182825131982,-0.06144346233571317,3840,324.0538821590778,724.2942048506811,-235.94289536913857
robin,base_level,v6_robin_level_res_92601,92601,combined,Robin_office_Zelma,0.329744642677559,0.3628913894746802,0.03103701768704923,3840,1266.2194278818265,1393.502935582772,119.18214791826904
robin,base_level,v6_robin_level_res_92602,92602,test_a,Robin_office_Addie,0.4443225364048385,0.4916851704891087,0.00881201248812431,1920,853.0992698972899,944.0355273390887,16.919063977198675
robin,base_level,v6_robin_level_res_92602,92602,test_a,Robin_office_Adolph,0.37227982574617974,0.45773204778670334,0.051928102281332635,1920,714.7772654326651,878.8455317504704,99.70195638015866
robin,base_level,v6_robin_level_res_92602,92602,test_a,Robin_office_Antonina,0.1330979222231162,0.2717344277203665,-0.012153112123390505,1920,255.54801066838309,521.7301012231037,-23.33397527690977
robin,base_level,v6_robin_level_res_92602,92602,test_a,Robin_office_Dina,0.5377903909306215,0.4580283778089021,0.1918693992124948,1920,1032.5575505867932,879.414485393092,368.38924648799
robin,base_level,v6_robin_level_res_92602,92602,test_a,Robin_office_Donald,1.0438533632076046,0.5658690948392139,0.40360731220219276,1920,2004.198457358601,1086.4686620912908,774.9260394282101
robin,base_level,v6_robin_level_res_92602,92602,test_a,Robin_office_Erma,0.14755807755931016,0.25406244881790674,0.04663518675758193,1920,283.3115089138755,487.79990173038095,89.5395585745573
robin,base_level,v6_robin_level_res_92602,92602,test_a,Robin_office_Gayle,0.21702665685322028,0.34903928477870066,-0.016418103494409784,1920,416.6911811581829,670.1554267751053,-31.522758709266782
robin,base_level,v6_robin_level_res_92602,92602,test_a,Robin_office_Lindsay,0.021032347037956742,0.09991326361584167,-0.010855981288477779,1920,40.38210631287694,191.833466142416,-20.843484073877335
robin,base_level,v6_robin_level_res_92602,92602,test_a,Robin_office_Maryann,0.09198347806739307,0.2091493061700021,-0.01759388248756295,1920,176.60827788939469,401.566667846404,-33.780254376120865
robin,base_level,v6_robin_level_res_92602,92602,test_a,Robin_office_Sammie,0.19623661912837378,0.3506390950363614,0.07312790795695037,1920,376.77430872647767,673.227062469814,140.4055832773447
robin,base_level,v6_robin_level_res_92602,92602,test_a,Robin_office_Saul,0.19897420879801966,0.32348907845201513,0.0031448125179546573,1920,382.0304808921978,621.0990306278691,6.038040034472942
robin,base_level,v6_robin_level_res_92602,92602,test_a,Robin_office_Serena,0.09662392170809436,0.23144520682884226,-0.06348717017948123,1920,185.51792967954117,444.3747971113771,-121.89536674460396
robin,base_level,v6_robin_level_res_92602,92602,test_a,Robin_office_Shirlene,0.2057301272924791,0.32283524016384035,0.0005063954566139727,1920,395.0018444015599,619.8436611145735,0.9722792766988277
robin,base_level,v6_robin_level_res_92602,92602,test_a,Robin_office_Soledad,0.2901524082435636,0.37631776893977076,-0.05081745508602277,1920,557.0926238276421,722.5301163643599,-97.56951376516372
robin,base_level,v6_robin_level_res_92602,92602,test_a,Robin_office_Victor,0.1904273827620738,0.281923809289007,-0.06082728689886305,1920,365.6205749031817,541.2937138348934,-116.78839084581705
robin,base_level,v6_robin_level_res_92602,92602,test_a,Robin_office_Wai,0.06058566933993834,0.17146289553978325,-0.057809612755227134,1920,116.32448513268162,329.20875943638384,-110.9944564900361
robin,base_level,v6_robin_level_res_92602,92602,test_a,Robin_office_Zelma,0.40365585433113144,0.42322269969833237,0.01716007163146666,1920,775.0192403157723,812.5875834207982,32.947337532415986
robin,base_level,v6_robin_level_res_92602,92602,test_b,Robin_office_Addie,0.5221974753386551,0.5523406276802234,-0.04978370810498139,1920,1002.6191526502179,1060.494005146029,-95.58471956156427
robin,base_level,v6_robin_level_res_92602,92602,test_b,Robin_office_Adolph,0.27188168475084795,0.36394264944253035,0.08568892872802583,1920,522.0128347216281,698.7698869296582,164.5227431578096
robin,base_level,v6_robin_level_res_92602,92602,test_b,Robin_office_Antonina,0.17532150521930598,0.2931657350428092,-0.08649407617970913,1920,336.6172900210675,562.8782112821937,-166.06862626504153
robin,base_level,v6_robin_level_res_92602,92602,test_b,Robin_office_Dina,0.15732364909206809,0.2578949205490062,0.039544215878898586,1920,302.06140625677074,495.1582474540919,75.92489448748529
robin,base_level,v6_robin_level_res_92602,92602,test_b,Robin_office_Donald,1.247294240332616,0.614234746406881,-0.3937206268274243,1920,2394.804941438623,1179.3307131012116,-755.9436035086546
robin,base_level,v6_robin_level_res_92602,92602,test_b,Robin_office_Erma,0.06941691108900293,0.18786591995182486,-0.02662486787958187,1920,133.28046929088563,360.70256630750373,-51.11974632879719
robin,base_level,v6_robin_level_res_92602,92602,test_b,Robin_office_Gayle,0.2124792664459907,0.3079504726115071,0.039946181514339214,1920,407.9601915763021,591.2649074140936,76.69666850753129
robin,base_level,v6_robin_level_res_92602,92602,test_b,Robin_office_Lindsay,0.015846430670538314,0.09205138000349204,0.03316501080989838,1920,30.425146887433563,176.7386496067047,63.67682075500488
robin,base_level,v6_robin_level_res_92602,92602,test_b,Robin_office_Maryann,0.1328878454082104,0.2520621013895531,-0.0666394195354466,1920,255.14466318376392,483.9592346679419,-127.94768550805748
robin,base_level,v6_robin_level_res_92602,92602,test_b,Robin_office_Sammie,0.30595134379159816,0.41523511386452205,-0.016596310157183325,1920,587.4265800798685,797.2514186198823,-31.864915501791984
robin,base_level,v6_robin_level_res_92602,92602,test_b,Robin_office_Saul,0.5222876242391593,0.4559688922056618,0.20589179783661773,1920,1002.792238539186,875.4602730348706,395.312251846306
robin,base_level,v6_robin_level_res_92602,92602,test_b,Robin_office_Serena,0.11055370337698278,0.2454597604451313,-0.06732394774783947,1920,212.26311048380694,471.2827400546521,-129.26197967585176
robin,base_level,v6_robin_level_res_92602,92602,test_b,Robin_office_Shirlene,0.20379513072858071,0.3005874767472657,0.03468752568781686,1920,391.28665099887496,577.1279553547502,66.60004932060838
robin,base_level,v6_robin_level_res_92602,92602,test_b,Robin_office_Soledad,0.21280073127481744,0.2877132644866155,0.03468219116932253,1918,408.15180258509986,551.8340412853286,66.52044266276062
robin,base_level,v6_robin_level_res_92602,92602,test_b,Robin_office_Victor,0.185321475899275,0.26633726402681834,-0.020223134354758563,1920,355.817233726608,511.36754693149123,-38.82841796113644
robin,base_level,v6_robin_level_res_92602,92602,test_b,Robin_office_Wai,0.10721171623496041,0.20582421595415024,-0.06509651287342422,1920,205.846495171124,395.18249463196844,-124.9853047169745
robin,base_level,v6_robin_level_res_92602,92602,test_b,Robin_office_Zelma,0.25907725849164126,0.3042170701238016,0.05165781231868702,1920,497.42833630395126,584.0967746376991,99.18299965187907
robin,base_level,v6_robin_level_res_92602,92602,combined,Robin_office_Addie,0.4832600058717482,0.5220128990846661,-0.02048584780842854,3840,1855.7184225475132,2004.5295324851177,-78.6656555843656
robin,base_level,v6_robin_level_res_92602,92602,combined,Robin_office_Adolph,0.3220807552485139,0.41083734861461685,0.06880851550467923,3840,1236.7901001542932,1577.6154186801286,264.22469953796826
robin,base_level,v6_robin_level_res_92602,92602,combined,Robin_office_Antonina,0.1542097137212113,0.28245008138158784,-0.04932359415154982,3840,592.1653006894514,1084.6083125052974,-189.4026015419513
robin,base_level,v6_robin_level_res_92602,92602,combined,Robin_office_Dina,0.34755702001134753,0.3579616491789542,0.11570680754569669,3840,1334.6189568435746,1374.572732847184,444.3141409754753
robin,base_level,v6_robin_level_res_92602,92602,combined,Robin_office_Donald,1.1455738017700923,0.5900519206230475,0.004943342687384226,3840,4399.003398797155,2265.7993751925023,18.982435919555428
robin,base_level,v6_robin_level_res_92602,92602,combined,Robin_office_Erma,0.1084874943241571,0.2209641843848658,0.010005159439000029,3840,416.5919782047632,848.5024680378847,38.41981224576011
robin,base_level,v6_robin_level_res_92602,92602,combined,Robin_office_Gayle,0.21475296164960514,0.3284948786951039,0.011764039009964715,3840,824.6513727344837,1261.420334189199,45.1739097982645
robin,base_level,v6_robin_level_res_92602,92602,combined,Robin_office_Lindsay,0.018439388854247278,0.09598232180966686,0.0111545147607103,3840,70.80725320030955,368.5721157491207,42.83333668112755
robin,base_level,v6_robin_level_res_92602,92602,combined,Robin_office_Maryann,0.11243566173780097,0.2306057037797776,-0.042116651011504774,3840,431.7529410731557,885.525902514346,-161.72793988417834
robin,base_level,v6_robin_level_res_92602,92602,combined,Robin_office_Sammie,0.25109398145998496,0.38293710445044177,0.02826579889988352,3840,964.2008888063422,1470.4784810896963,108.54066777555272
robin,base_level,v6_robin_level_res_92602,92602,combined,Robin_office_Saul,0.3606309165185897,0.3897289853288385,0.10451830517728619,3840,1384.8227194313845,1496.5593036627397,401.35029188077897
robin,base_level,v6_robin_level_res_92602,92602,combined,Robin_office_Serena,0.10358881254253875,0.23845248363698676,-0.06540555896366035,3840,397.7810401633488,915.6575371660292,-251.15734642045572
robin,base_level,v6_robin_level_res_92602,92602,combined,Robin_office_Shirlene,0.20476262901052988,0.31171135845555303,0.01759696057221542,3840,786.2884954004347,1196.9716164693236,67.5723285973072
robin,base_level,v6_robin_level_res_92602,92602,combined,Robin_office_Soledad,0.2514967239220252,0.33203860282691205,-0.008089909093903884,3838,965.2444264127328,1274.3641576496884,-31.049071102403104
robin,base_level,v6_robin_level_res_92602,92602,combined,Robin_office_Victor,0.18787442933067447,0.27413053665791265,-0.040525210626810804,3840,721.43780862979,1052.6612607663847,-155.6168088069535
robin,base_level,v6_robin_level_res_92602,92602,combined,Robin_office_Wai,0.08389869278744919,0.18864355574696673,-0.06145306281432568,3840,322.17098030380487,724.3912540683523,-235.9797612070106
robin,base_level,v6_robin_level_res_92602,92602,combined,Robin_office_Zelma,0.331366556411386,0.363719884911067,0.03440894197507684,3840,1272.4475766197222,1396.6843580584973,132.13033718429506
robin,f0,v6_robin_f0,,test_a,Robin_office_Addie,0.46426505256765194,0.48382292990039183,-0.033823506035332684,1920,891.3889009298917,928.9400254087523,-64.94113158783875
robin,f0,v6_robin_f0,,test_a,Robin_office_Adolph,0.3216163661374086,0.42905410009746753,0.08134194293331044,1920,617.5034229838245,823.7838721871376,156.17653043195605
robin,f0,v6_robin_f0,,test_a,Robin_office_Antonina,0.13713804369290342,0.27556517796019764,0.012358277477990972,1920,263.3050438903746,529.0851416835794,23.727892757742666
robin,f0,v6_robin_f0,,test_a,Robin_office_Dina,0.4049771526478093,0.36886828926605325,0.07872718099097256,1920,777.5561330837938,708.2271153908223,151.1561875026673
robin,f0,v6_robin_f0,,test_a,Robin_office_Donald,0.5513038186907241,0.27649791428544856,0.1610332786031563,1920,1058.5033318861902,530.8759954280613,309.1838949180601
robin,f0,v6_robin_f0,,test_a,Robin_office_Erma,0.1354900400151688,0.2170045720631606,0.038019222330573636,1920,260.14087682912407,416.64877836126834,72.99690687470138
robin,f0,v6_robin_f0,,test_a,Robin_office_Gayle,0.2985323912789278,0.3619232706880818,-0.007380486616360334,1920,573.1821912555413,694.892679721117,-14.170534303411841
robin,f0,v6_robin_f0,,test_a,Robin_office_Lindsay,1.3026616822268503e-14,1.0927518208821614e-07,1.0927518208821614e-07,1920,2.5011104298755527e-11,0.000209808349609375,0.000209808349609375
robin,f0,v6_robin_f0,,test_a,Robin_office_Maryann,0.08205247973282773,0.17723178072628798,-0.005494567777592844,1920,157.54076108702924,340.2850189944729,-10.54957013297826
robin,f0,v6_robin_f0,,test_a,Robin_office_Sammie,0.17838445868574443,0.32785223776348477,0.023784620653168533,1920,342.4981606766293,629.4762965058908,45.66647165408358
robin,f0,v6_robin_f0,,test_a,Robin_office_Saul,0.20372863038741523,0.3227154775260715,0.009963824266257386,1920,391.15897034383727,619.6137168500572,19.13054259121418
robin,f0,v6_robin_f0,,test_a,Robin_office_Serena,0.10831905637733599,0.2286360677064901,-0.048384589930113485,1920,207.9725882444851,438.981249996461,-92.89841266581789
robin,f0,v6_robin_f0,,test_a,Robin_office_Shirlene,0.18128444920068326,0.28359844899581127,0.0205827537283767,1920,348.0661424653119,544.5090220719576,39.51888715848327
robin,f0,v6_robin_f0,,test_a,Robin_office_Soledad,0.26908801144869204,0.3266729532556686,-0.034639141988009214,1920,516.6489819814888,627.2120702508837,-66.50715261697769
robin,f0,v6_robin_f0,,test_a,Robin_office_Victor,0.1310436729906894,0.20268243008549688,0.004549755702555558,1920,251.60385214212363,389.150265764154,8.735530948906671
robin,f0,v6_robin_f0,,test_a,Robin_office_Wai,0.056027229183397684,0.14856340605280519,-0.030180471953887414,1920,107.57228003212356,285.24173962138593,-57.946506151463836
robin,f0,v6_robin_f0,,test_a,Robin_office_Zelma,0.4129081639362832,0.38142369558997113,0.0345765470199088,1920,792.7836747576638,732.3334955327446,66.38697027822491
robin,f0,v6_robin_f0,,test_b,Robin_office_Addie,0.4833500328085026,0.514646970285412,-0.08517175100887471,1920,928.032062992325,988.122182947991,-163.52976193703944
robin,f0,v6_robin_f0,,test_b,Robin_office_Adolph,0.1728588140375208,0.25953639248873517,0.04517231786994671,1920,331.88892295203993,498.3098735783715,86.73085031029768
robin,f0,v6_robin_f0,,test_b,Robin_office_Antonina,0.09625810383850288,0.22613844256217513,-0.08644856181781506,1920,184.81555936992552,434.18580971937627,-165.98123869020492
robin,f0,v6_robin_f0,,test_b,Robin_office_Dina,0.16135839042181563,0.2203516321935846,0.016751672963922222,1920,309.808109609886,423.07513381168246,32.16321209073067
robin,f0,v6_robin_f0,,test_b,Robin_office_Donald,1.009955793724752,0.3278614472134677,-0.07410492367368988,1920,1939.1151239515239,629.493978649858,-142.28145345348457
robin,f0,v6_robin_f0,,test_b,Robin_office_Erma,0.020662291908455633,0.1093223948405163,-0.01608509025876022,1920,39.671600464234814,209.8989980937913,-30.883373296819627
robin,f0,v6_robin_f0,,test_b,Robin_office_Gayle,0.23727018025541663,0.2860751627769787,0.03924802163382992,1920,455.55874609039995,549.2643125317991,75.35620153695345
robin,f0,v6_robin_f0,,test_b,Robin_office_Lindsay,1.3026616822268503e-14,1.0927518208821614e-07,1.0927518208821614e-07,1920,2.5011104298755527e-11,0.000209808349609375,0.000209808349609375
robin,f0,v6_robin_f0,,test_b,Robin_office_Maryann,0.0706404183874216,0.19242528518952895,-0.0595768287263733,1920,135.62960330384948,369.4565475638956,-114.38751115463674
robin,f0,v6_robin_f0,,test_b,Robin_office_Sammie,0.22796191638709892,0.30697813724691514,-0.02957787551470877,1920,437.68687946322996,589.3980235140771,-56.78952098824084
robin,f0,v6_robin_f0,,test_b,Robin_office_Saul,0.3414693846965083,0.33215088575767976,0.05282220799078156,1920,655.6212186172959,637.7297006547451,101.4186393423006
robin,f0,v6_robin_f0,,test_b,Robin_office_Serena,0.09140706633939247,0.2232800202660049,-0.07091618524427759,1920,175.50156737163354,428.69763891072944,-136.15907566901296
robin,f0,v6_robin_f0,,test_b,Robin_office_Shirlene,0.19425791967616066,0.23549321458752578,0.02460089898086153,1920,372.9752057782285,452.1469720080495,47.23372604325414
robin,f0,v6_robin_f0,,test_b,Robin_office_Soledad,0.18089804311533011,0.22960482939895208,0.008706733892255146,1918,346.96244669520314,440.3820627871901,16.69951560534537
robin,f0,v6_robin_f0,,test_b,Robin_office_Victor,0.20095472663987332,0.21279039489872958,0.004914421523850857,1920,385.83307514855676,408.5575582055608,9.435689325793646
robin,f0,v6_robin_f0,,test_b,Robin_office_Wai,0.07367337175864537,0.1698048708603892,-0.04281397813271421,1920,141.45287377659912,326.02535205194727,-82.20283801481128
robin,f0,v6_robin_f0,,test_b,Robin_office_Zelma,0.290058919365469,0.2518904043924219,0.051098827881893766,1920,556.9131251817005,483.62957643345,98.10974953323603
robin,f0,v6_robin_f0,,combined,Robin_office_Addie,0.4738075426880796,0.49923495009290186,-0.0594976285221037,3840,1819.4209639222258,1917.0622083567432,-228.4708935248782
robin,f0,v6_robin_f0,,combined,Robin_office_Adolph,0.24723759008746382,0.3442952462931013,0.06325713040162857,3840,949.392345935861,1322.093745765509,242.90738074225374
robin,f0,v6_robin_f0,,combined,Robin_office_Antonina,0.11669807376570333,0.25085181026118636,-0.037045142169912046,3840,448.1206032603008,963.2709514029557,-142.25334593246225
robin,f0,v6_robin_f0,,combined,Robin_office_Dina,0.2831677715348115,0.29460996072981893,0.04773942697744739,3840,1087.364242693676,1131.3022492025048,183.31939959339797
robin,f0,v6_robin_f0,,combined,Robin_office_Donald,0.7806298062077368,0.30217968074945817,0.04346417746473321,3840,2997.6184558377095,1160.3699740779193,166.90244146457553
robin,f0,v6_robin_f0,,combined,Robin_office_Erma,0.0780761659618123,0.16316348345183845,0.010967066035906707,3840,299.8124772933592,626.5477764550596,42.11353357788175
robin,f0,v6_robin_f0,,combined,Robin_office_Gayle,0.2679012857671725,0.32399921673253024,0.015933767508734795,3840,1028.7409373459423,1244.156992252916,61.18566723354161
robin,f0,v6_robin_f0,,combined,Robin_office_Lindsay,1.3026616822268503e-14,1.0927518208821614e-07,1.0927518208821614e-07,3840,5.002220859751105e-11,0.00041961669921875,0.00041961669921875
robin,f0,v6_robin_f0,,combined,Robin_office_Maryann,0.0763464490601233,0.18482853295790846,-0.032535698251983075,3840,293.1703643908735,709.7415665583685,-124.937081287615
robin,f0,v6_robin_f0,,combined,Robin_office_Sammie,0.20317318753641947,0.3174151875052,-0.0028966274307701194,3840,780.1850401398508,1218.8743200199679,-11.123049334157258
robin,f0,v6_robin_f0,,combined,Robin_office_Saul,0.2725990075419598,0.3274331816418756,0.031393016128519476,3840,1046.7801889611258,1257.3434175048023,120.54918193351477
robin,f0,v6_robin_f0,,combined,Robin_office_Serena,0.09986306135836466,0.2259580439862475,-0.059650387587195534,3840,383.4741556161203,867.6788889071904,-229.05748833483085
robin,f0,v6_robin_f0,,combined,Robin_office_Shirlene,0.18777118443842292,0.2595458317916685,0.022591826354619114,3840,721.041348243544,996.6559940800071,86.7526132017374
robin,f0,v6_robin_f0,,combined,Robin_office_Soledad,0.22501600538735916,0.2781641826571323,-0.012977497918611861,3838,863.6114286766845,1067.5941330380738,-49.80763701163232
robin,f0,v6_robin_f0,,combined,Robin_office_Victor,0.16599919981528102,0.20773641249211322,0.004732088613203208,3840,637.4369272906791,797.7078239697148,18.171220274700318
robin,f0,v6_robin_f0,,combined,Robin_office_Wai,0.06485030047102133,0.15918413845659718,-0.03649722504330081,3840,249.02515380872194,611.2670916733332,-140.1493441662751
robin,f0,v6_robin_f0,,combined,Robin_office_Zelma,0.351483541650875,0.3166570499911965,0.04283768745090129,3840,1349.6967999393598,1215.9630719661945,164.49671981146093
robin,lora_native,v6_robin_lora_92601,92601,test_a,Robin_office_Addie,0.4437805405462459,0.4768611784064584,-0.0029080814860208194,1920,852.058637848792,915.5734625404002,-5.583516453159973
robin,lora_native,v6_robin_lora_92601,92601,test_a,Robin_office_Adolph,0.306692363500481,0.4135392339512085,0.05087489691213705,1920,588.8493379209235,793.9953291863203,97.67980207130313
robin,lora_native,v6_robin_lora_92601,92601,test_a,Robin_office_Antonina,0.13484147914345856,0.2695649682980729,0.006877600032021291,1920,258.89563995544046,517.5647391323,13.20499206148088
robin,lora_native,v6_robin_lora_92601,92601,test_a,Robin_office_Dina,0.45209358071852834,0.3863892250859256,0.13217958509048913,1920,868.0196749795745,741.8673121649772,253.78480337373912
robin,lora_native,v6_robin_lora_92601,92601,test_a,Robin_office_Donald,0.5713634300807198,0.2700211486860364,0.16315196743270993,1920,1097.017785754982,518.4406054771898,313.25177747080306
robin,lora_native,v6_robin_lora_92601,92601,test_a,Robin_office_Erma,0.14233130128058985,0.21846762170219639,0.04569066076946911,1920,273.2760984587325,419.45783366821706,87.72606867738068
robin,lora_native,v6_robin_lora_92601,92601,test_a,Robin_office_Gayle,0.22785432751463178,0.3303050304884285,-0.019942627516381133,1920,437.48030882809303,634.1856585377827,-38.289844831451774
robin,lora_native,v6_robin_lora_92601,92601,test_a,Robin_office_Lindsay,0.0,0.0,0.0,1920,0.0,0.0,0.0
robin,lora_native,v6_robin_lora_92601,92601,test_a,Robin_office_Maryann,0.08282995967724961,0.17524201245444904,0.001682682325190399,1920,159.03352258031924,336.46466391254216,3.2307500643655658
robin,lora_native,v6_robin_lora_92601,92601,test_a,Robin_office_Sammie,0.1708532695744762,0.3219885240944374,0.04275050846699742,1920,328.0382775829943,618.2179662613198,82.08097625663504
robin,lora_native,v6_robin_lora_92601,92601,test_a,Robin_office_Saul,0.17379044141027006,0.29655519155882454,0.024966513062827288,1920,333.6776475077185,569.3859677929431,47.935705080628395
robin,lora_native,v6_robin_lora_92601,92601,test_a,Robin_office_Serena,0.10682878727073472,0.2193121978900308,-0.049594537552062924,1920,205.11127155981066,421.07941994885914,-95.22151209996082
robin,lora_native,v6_robin_lora_92601,92601,test_a,Robin_office_Shirlene,0.20775193020530297,0.29078444176508733,0.006422465432357664,1920,398.8837059941817,558.3061281889677,12.331133630126715
robin,lora_native,v6_robin_lora_92601,92601,test_a,Robin_office_Soledad,0.2787688411460911,0.33249233829653047,-0.03235247409902513,1920,535.2361750004949,638.3852895293385,-62.11675027012825
robin,lora_native,v6_robin_lora_92601,92601,test_a,Robin_office_Victor,0.14132080907781602,0.20501531885732524,0.009036450218597262,1920,271.33595342940674,393.62941220606444,17.349984419706743
robin,lora_native,v6_robin_lora_92601,92601,test_a,Robin_office_Wai,0.057160305497810114,0.14843846012736323,-0.026622551222438538,1920,109.74778655579541,285.00184344453737,-51.11529834708199
robin,lora_native,v6_robin_lora_92601,92601,test_a,Robin_office_Zelma,0.392950616586486,0.3658028952902669,0.018037489130112286,1920,754.4651838460532,702.3415589573124,34.63197912981559
robin,lora_native,v6_robin_lora_92601,92601,test_b,Robin_office_Addie,0.457829495819792,0.5097641558139913,-0.030975387934480143,1920,879.0326319740007,978.7471791628632,-59.472744834201876
robin,lora_native,v6_robin_lora_92601,92601,test_b,Robin_office_Adolph,0.17556548657869747,0.25838794039991625,0.05767631839322954,1920,337.08573423109914,496.1048455678392,110.73853131500073
robin,lora_native,v6_robin_lora_92601,92601,test_b,Robin_office_Antonina,0.09631440498885008,0.22656365541188278,-0.07310056565960016,1920,184.92365757859216,435.00221839081496,-140.3530860664323
robin,lora_native,v6_robin_lora_92601,92601,test_b,Robin_office_Dina,0.15070918130112962,0.21045051339703302,0.022018647869117558,1920,289.36162809816886,404.0649857223034,42.27580390870571
robin,lora_native,v6_robin_lora_92601,92601,test_b,Robin_office_Donald,0.9834621183108783,0.32062587620094596,-0.10143627435537231,1920,1888.2472671568862,615.6016823058162,-194.75764676231483
robin,lora_native,v6_robin_lora_92601,92601,test_b,Robin_office_Erma,0.019049841424195725,0.10484268410994749,-0.007189120937740275,1920,36.57569553445579,201.29795349109918,-13.803112200461328
robin,lora_native,v6_robin_lora_92601,92601,test_b,Robin_office_Gayle,0.19645478976491532,0.2551411033316981,0.02560544033961681,1920,377.1931963486374,489.87091839686036,49.162445452064276
robin,lora_native,v6_robin_lora_92601,92601,test_b,Robin_office_Lindsay,0.0,0.0,0.0,1920,0.0,0.0,0.0
robin,lora_native,v6_robin_lora_92601,92601,test_b,Robin_office_Maryann,0.06823628560024717,0.1871564253116958,-0.05005945253166525,1920,131.01366835247455,359.3403365984559,-96.11414886079729
robin,lora_native,v6_robin_lora_92601,92601,test_b,Robin_office_Sammie,0.2088356568540795,0.2902722228774413,-0.0356650509609608,1920,400.96446115983264,557.3226679246873,-68.47689784504473
robin,lora_native,v6_robin_lora_92601,92601,test_b,Robin_office_Saul,0.33098353141589987,0.3251490030476513,0.07878497195342789,1920,635.4883803185278,624.2860858514905,151.26714615058154
robin,lora_native,v6_robin_lora_92601,92601,test_b,Robin_office_Serena,0.08487268379350206,0.2132708304343396,-0.05444610830891179,1920,162.95555288352395,409.479994433932,-104.53652795311064
robin,lora_native,v6_robin_lora_92601,92601,test_b,Robin_office_Shirlene,0.1800712290867302,0.22485841466307951,0.03245064974956525,1920,345.736759846522,431.72815615311265,62.30524751916528
robin,lora_native,v6_robin_lora_92601,92601,test_b,Robin_office_Soledad,0.17940379512403012,0.22410920179304322,0.013706038496238533,1918,344.0964790478898,429.8414490390569,26.288181835785508
robin,lora_native,v6_robin_lora_92601,92601,test_b,Robin_office_Victor,0.1765839929552152,0.1924631372970301,-0.007109496050118954,1920,339.0412664740132,369.5292236102978,-13.650232416228391
robin,lora_native,v6_robin_lora_92601,92601,test_b,Robin_office_Wai,0.07676279894569925,0.1736769284075611,-0.030017636908451096,1920,147.38457397574257,333.45970254251733,-57.6338628642261
robin,lora_native,v6_robin_lora_92601,92601,test_b,Robin_office_Zelma,0.2675613347285402,0.2376298819911123,0.06131750163137137,1920,513.7177626787972,456.2493734229356,117.72960313223302
robin,lora_native,v6_robin_lora_92601,92601,combined,Robin_office_Addie,0.4508050181830197,0.49331266711022487,-0.01694173471025048,3840,1731.0912698227958,1894.3206417032634,-65.05626128736185
robin,lora_native,v6_robin_lora_92601,92601,combined,Robin_office_Adolph,0.2411289250395889,0.33596358717556235,0.05427560765268329,3840,925.9350721520215,1290.1001747541595,208.41833338630386
robin,lora_native,v6_robin_lora_92601,92601,combined,Robin_office_Antonina,0.1155779420661547,0.24806431185497785,-0.03311148281378943,3840,443.81929753403404,952.566957523115,-127.14809400495142
robin,lora_native,v6_robin_lora_92601,92601,combined,Robin_office_Dina,0.30140138100982783,0.29841986924147934,0.07709911647980335,3840,1157.381303077739,1145.9322978872806,296.06060728244483
robin,lora_native,v6_robin_lora_92601,92601,combined,Robin_office_Donald,0.7774127741957976,0.29532351244349114,0.03085784653866881,3840,2985.2650529118628,1134.042287783006,118.49413070848823
robin,lora_native,v6_robin_lora_92601,92601,combined,Robin_office_Erma,0.08069057135239303,0.16165515290607194,0.019250769915864416,3840,309.85179399318923,620.7557871593162,73.92295647691935
robin,lora_native,v6_robin_lora_92601,92601,combined,Robin_office_Gayle,0.21215455863977345,0.2927230669100633,0.002831406411617839,3840,814.67350517673,1124.056576934643,10.872600620612502
robin,lora_native,v6_robin_lora_92601,92601,combined,Robin_office_Lindsay,0.0,0.0,0.0,3840,0.0,0.0,0.0
robin,lora_native,v6_robin_lora_92601,92601,combined,Robin_office_Maryann,0.07553312263874708,0.18119921888307242,-0.02418838510323743,3840,290.0471909327888,695.8050005109981,-92.88339879643172
robin,lora_native,v6_robin_lora_92601,92601,combined,Robin_office_Sammie,0.18984446321427656,0.30613037348593936,0.0035427287530183094,3840,729.002738742822,1175.540634186007,13.604078411590308
robin,lora_native,v6_robin_lora_92601,92601,combined,Robin_office_Saul,0.25238698641308177,0.31085209730323793,0.051875742508127584,3840,969.1660278262341,1193.6720536444336,199.20285123120993
robin,lora_native,v6_robin_lora_92601,92601,combined,Robin_office_Serena,0.09585073553211854,0.2162915141621852,-0.052020322930487355,3840,368.0668244433352,830.5594143827911,-199.75804005307145
robin,lora_native,v6_robin_lora_92601,92601,combined,Robin_office_Shirlene,0.19391157964601674,0.25782142821408344,0.019436557590961457,3840,744.6204658407042,990.0342843420804,74.63638114929199
robin,lora_native,v6_robin_lora_92601,92601,combined,Robin_office_Soledad,0.2291122079333974,0.2783290095279821,-0.009335218456055951,3838,879.3326540483793,1068.2267385683954,-35.82856843434274
robin,lora_native,v6_robin_lora_92601,92601,combined,Robin_office_Victor,0.1589524010165152,0.19873922807717767,0.0009634770842391542,3840,610.3772199034183,763.1586358163622,3.699752003478352
robin,lora_native,v6_robin_lora_92601,92601,combined,Robin_office_Wai,0.06696155222175464,0.16105769426746216,-0.028320094065444817,3840,257.1323605315378,618.4615459870547,-108.74916121130809
robin,lora_native,v6_robin_lora_92601,92601,combined,Robin_office_Zelma,0.33025597565751197,0.30171638864068956,0.03967749538074183,3840,1268.1829465248459,1158.590932380248,152.36158226204861
robin,lora_native,v6_robin_lora_92602,92602,test_a,Robin_office_Addie,0.44635059794093634,0.47935242383391596,0.0012862323488661786,1920,856.9931480465978,920.3566537611187,2.469566109823063
robin,lora_native,v6_robin_lora_92602,92602,test_a,Robin_office_Adolph,0.31152964706127256,0.4190401721590509,0.07289940255965727,1920,598.1369223576434,804.5571305453777,139.96685291454196
robin,lora_native,v6_robin_lora_92602,92602,test_a,Robin_office_Antonina,0.13539546556972207,0.2702591683337232,0.030245947660296223,1920,259.95929389386635,518.8976032007486,58.07221950776875
robin,lora_native,v6_robin_lora_92602,92602,test_a,Robin_office_Dina,0.45630959373395286,0.3875771748600528,0.1387655552457242,1920,876.1144199691895,744.1481757313013,266.42986607179046
robin,lora_native,v6_robin_lora_92602,92602,test_a,Robin_office_Donald,0.5982899539558498,0.2796138662382835,0.17974322409560273,1920,1148.7167115952316,536.8586231775043,345.10699026355724
robin,lora_native,v6_robin_lora_92602,92602,test_a,Robin_office_Erma,0.13725104341260197,0.21568175277813376,0.05121905561318272,1920,263.5220033521958,414.10896533401683,98.34058677731082
robin,lora_native,v6_robin_lora_92602,92602,test_a,Robin_office_Gayle,0.24130076526121277,0.3376042037135145,-0.0067123145126970485,1920,463.2974693015285,648.2000711299479,-12.887643864378333
robin,lora_native,v6_robin_lora_92602,92602,test_a,Robin_office_Lindsay,0.0,0.0,0.0,1920,0.0,0.0,0.0
robin,lora_native,v6_robin_lora_92602,92602,test_a,Robin_office_Maryann,0.0821755224952921,0.17588687135479025,0.012184418021449043,1920,157.77700319096084,337.7027930011973,23.394082601182163
robin,lora_native,v6_robin_lora_92602,92602,test_a,Robin_office_Sammie,0.17561603402239223,0.32638596472049053,0.04939840268998523,1920,337.1827853229931,626.6610522633418,94.84493316477165
robin,lora_native,v6_robin_lora_92602,92602,test_a,Robin_office_Saul,0.18235856926522767,0.30603400349791626,0.025296060019172728,1920,350.12845298923713,587.5852867159992,48.56843523681164
robin,lora_native,v6_robin_lora_92602,92602,test_a,Robin_office_Serena,0.10610187926324027,0.21936807464032124,-0.03177196992207124,1920,203.71560818542133,421.18670330941677,-61.00218225037679
robin,lora_native,v6_robin_lora_92602,92602,test_a,Robin_office_Shirlene,0.19761588128580226,0.2905392262560781,0.023585065607524786,1920,379.4224920687403,557.83531441167,45.28332596644759
robin,lora_native,v6_robin_lora_92602,92602,test_a,Robin_office_Soledad,0.27435955316731314,0.33005987386083385,-0.026704373862594367,1920,526.7703420812412,633.714957812801,-51.27239781618118
robin,lora_native,v6_robin_lora_92602,92602,test_a,Robin_office_Victor,0.13246549318703219,0.2012010906608642,0.020628242661011122,1920,254.33374691910177,386.30609406885924,39.60622590914136
robin,lora_native,v6_robin_lora_92602,92602,test_a,Robin_office_Wai,0.056822167057320384,0.14827486072535975,-0.013870636085387862,1920,109.09856075005514,284.68773259269074,-26.631621283944696
robin,lora_native,v6_robin_lora_92602,92602,test_a,Robin_office_Zelma,0.4130260476924486,0.37759638461332845,0.04849828366180494,1920,793.0100115695013,724.9850584575906,93.11670463066548
robin,lora_native,v6_robin_lora_92602,92602,test_b,Robin_office_Addie,0.45838413394246,0.510392291448655,-0.029951927273729476,1920,880.0975371695232,979.9531995814177,-57.507700365560595
robin,lora_native,v6_robin_lora_92602,92602,test_b,Robin_office_Adolph,0.17472104119596726,0.25778500761625767,0.06226384442670678,1920,335.4643990962571,494.9472146232147,119.54658129927702
robin,lora_native,v6_robin_lora_92602,92602,test_b,Robin_office_Antonina,0.09415005361864794,0.22465782021705916,-0.05654821313461677,1920,180.76810294780404,431.34301481675357,-108.5725692184642
robin,lora_native,v6_robin_lora_92602,92602,test_b,Robin_office_Dina,0.15444853638180328,0.21273946514508377,0.03008109158836305,1920,296.5411898530623,408.45977307856083,57.75569584965706
robin,lora_native,v6_robin_lora_92602,92602,test_b,Robin_office_Donald,0.9990727355511196,0.3210988850180077,-0.07955054688525251,1920,1918.2196522581496,616.5098592345748,-152.73705001968483
robin,lora_native,v6_robin_lora_92602,92602,test_b,Robin_office_Erma,0.019604771129117092,0.10680856260005385,-0.0064979293340002185,1920,37.64116056790482,205.0724401921034,-12.47602432128042
robin,lora_native,v6_robin_lora_92602,92602,test_b,Robin_office_Gayle,0.20238459626916558,0.26153085243034485,0.04218842627791067,1920,388.5784248367979,502.13923666626215,81.00177845358849
robin,lora_native,v6_robin_lora_92602,92602,test_b,Robin_office_Lindsay,0.0,0.0,0.0,1920,0.0,0.0,0.0
robin,lora_native,v6_robin_lora_92602,92602,test_b,Robin_office_Maryann,0.06860396671766174,0.18843087977341685,-0.04371717475490489,1920,131.71961609791055,361.7872891649604,-83.9369755294174
robin,lora_native,v6_robin_lora_92602,92602,test_b,Robin_office_Sammie,0.2126765454827385,0.2964068146645635,-0.019655389933420035,1920,408.3389673268579,569.1010841559619,-37.73834867216647
robin,lora_native,v6_robin_lora_92602,92602,test_b,Robin_office_Saul,0.3397512208615551,0.33067418753247085,0.08434310341787447,1920,652.3223440541858,634.8944400623441,161.93875856231898
robin,lora_native,v6_robin_lora_92602,92602,test_b,Robin_office_Serena,0.08509301253263532,0.21533366920339175,-0.04715701544531233,1920,163.37858406265983,413.4406448705122,-90.54146965499967
robin,lora_native,v6_robin_lora_92602,92602,test_b,Robin_office_Shirlene,0.18544369835775482,0.2280371166532859,0.04282812896611479,1920,356.0519008468892,437.83126397430897,82.2300076149404
robin,lora_native,v6_robin_lora_92602,92602,test_b,Robin_office_Soledad,0.18026003483986952,0.22654478403528894,0.015849317851300594,1918,345.73874682286976,434.5128957796842,30.39899163879454
robin,lora_native,v6_robin_lora_92602,92602,test_b,Robin_office_Victor,0.1844771049358527,0.1965695643742341,0.010480804836151946,1920,354.1960414768372,377.41356359852944,20.123145285411738
robin,lora_native,v6_robin_lora_92602,92602,test_b,Robin_office_Wai,0.07619018421103331,0.17435244163522537,-0.01953029424378959,1920,146.28515368518396,334.7566879396327,-37.49816494807601
robin,lora_native,v6_robin_lora_92602,92602,test_b,Robin_office_Zelma,0.2792588845713802,0.24050878244549193,0.0739038100844482,1920,536.17705837705,461.7768622953445,141.89531536214054
robin,lora_native,v6_robin_lora_92602,92602,combined,Robin_office_Addie,0.45236736594170013,0.4948723576412855,-0.01433284746243165,3840,1737.0906852161286,1900.3098533425364,-55.03813425573753
robin,lora_native,v6_robin_lora_92602,92602,combined,Robin_office_Adolph,0.24312534412862039,0.33841258988765427,0.06758162349318203,3840,933.6013214539023,1299.5043451685924,259.513434213819
robin,lora_native,v6_robin_lora_92602,92602,combined,Robin_office_Antonina,0.1147727595941855,0.24745849427539118,-0.013151132737160271,3840,440.7273968416723,950.2406180175021,-50.500349710695446
robin,lora_native,v6_robin_lora_92602,92602,combined,Robin_office_Dina,0.3053790650578774,0.30015832000256826,0.08442332341704363,3840,1172.655609822249,1152.6079488098621,324.1855619214475
robin,lora_native,v6_robin_lora_92602,92602,combined,Robin_office_Donald,0.7986813447534835,0.3003563756281456,0.05009633860517511,3840,3066.936363853377,1153.3684824120792,192.3699402438724
robin,lora_native,v6_robin_lora_92602,92602,combined,Robin_office_Erma,0.07842790727086006,0.1612451576890938,0.022360563139591248,3840,301.16316392010265,619.1814055261202,85.8645624560304
robin,lora_native,v6_robin_lora_92602,92602,combined,Robin_office_Gayle,0.22184268076518812,0.2995675280719297,0.01773805588260681,3840,851.8758941383223,1150.33930779621,68.11413458921015
robin,lora_native,v6_robin_lora_92602,92602,combined,Robin_office_Lindsay,0.0,0.0,0.0,3840,0.0,0.0,0.0
robin,lora_native,v6_robin_lora_92602,92602,combined,Robin_office_Maryann,0.07538974460647554,0.18215887556410357,-0.015766378366727927,3840,289.4966192888661,699.4900821661577,-60.54289292823523
robin,lora_native,v6_robin_lora_92602,92602,combined,Robin_office_Sammie,0.19414628975256384,0.31139638969252703,0.0148715063782826,3840,745.5217526498452,1195.7621364193037,57.10658449260518
robin,lora_native,v6_robin_lora_92602,92602,combined,Robin_office_Saul,0.2610548950633895,0.31835409551519356,0.0548195817185236,3840,1002.4507970434158,1222.4797267783433,210.50719379913062
robin,lora_native,v6_robin_lora_92602,92602,combined,Robin_office_Serena,0.0955974458979378,0.2173508719218565,-0.03946449268369179,3840,367.09419224808113,834.627348179929,-151.54365190537646
robin,lora_native,v6_robin_lora_92602,92602,combined,Robin_office_Shirlene,0.1915297898217789,0.259288171454682,0.03320659728681979,3840,735.474392915631,995.6665783859789,127.513333581388
robin,lora_native,v6_robin_lora_92602,92602,combined,Robin_office_Soledad,0.22733431185620234,0.2783293000501525,-0.005438615470918875,3838,872.5090889041046,1068.2278535924852,-20.87340617738664
robin,lora_native,v6_robin_lora_92602,92602,combined,Robin_office_Victor,0.15847129906144242,0.19888532751754914,0.015554523748581536,3840,608.5297883959389,763.7196576673887,59.729371194553096
robin,lora_native,v6_robin_lora_92602,92602,combined,Robin_office_Wai,0.06650617563417668,0.16131365118029256,-0.016700465164588726,3840,255.38371443523846,619.4444205323234,-64.1297862320207
robin,lora_native,v6_robin_lora_92602,92602,combined,Robin_office_Zelma,0.34614246613191335,0.3090525835294102,0.061201046873126566,3840,1329.1870699465474,1186.761920752935,235.01201999280602
jena,A_FULL,v11_jena_a_p_lora_qfixed_lr0.0001_92601__A_FULL,92601,test_a,p (mbar),0.10448346070478026,0.2424942911598902,0.007071957977127962,17520,1830.5502315477502,4248.4999811212765,123.9007037592819
jena,A_FULL,v11_jena_a_p_lora_qfixed_lr0.0001_92601__A_FULL,92601,test_a,T (degC),0.05980355256180337,0.17619333244124205,0.031661623869382045,17520,1047.758240882795,3086.9071843705606,554.7116501915734
jena,A_FULL,v11_jena_a_p_lora_qfixed_lr0.0001_92601__A_FULL,92601,test_a,Tpot (K),0.06285353785106502,0.17995189980326803,0.03024385144793722,17520,1101.1939831506593,3152.757284553256,529.8722773678601
jena,A_FULL,v11_jena_a_p_lora_qfixed_lr0.0001_92601__A_FULL,92601,test_a,Tdew (degC),0.07553922942461755,0.1959907370202454,0.025748467793513155,17520,1323.4472995192993,3433.757712594699,451.1131557423505
jena,A_FULL,v11_jena_a_p_lora_qfixed_lr0.0001_92601__A_FULL,92601,test_a,rh (%),0.2606524257645533,0.3569212320785104,-0.020656041726747742,17520,4566.630499394973,6253.259986015502,-361.89385105262045
jena,A_FULL,v11_jena_a_p_lora_qfixed_lr0.0001_92601__A_FULL,92601,test_a,VPmax (mbar),0.11592470191336214,0.22868065472376495,0.03702765928376567,17520,2031.0007775221047,4006.485070760362,648.7245906515745
jena,A_FULL,v11_jena_a_p_lora_qfixed_lr0.0001_92601__A_FULL,92601,test_a,VPact (mbar),0.13217139161394567,0.25489321638840207,0.030258463903882243,17520,2315.642781076328,4465.729151124804,530.1282875960169
jena,A_FULL,v11_jena_a_p_lora_qfixed_lr0.0001_92601__A_FULL,92601,test_a,VPdef (mbar),0.32433779065959545,0.33769684179116427,0.02924740424150597,17520,5682.398092356112,5916.448668181198,512.4145223111846
jena,A_FULL,v11_jena_a_p_lora_qfixed_lr0.0001_92601__A_FULL,92601,test_a,sh (g/kg),0.133955039247085,0.256002171033104,0.03002277294517501,17520,2346.892287608929,4485.158036499983,525.9989819994662
jena,A_FULL,v11_jena_a_p_lora_qfixed_lr0.0001_92601__A_FULL,92601,test_a,H2OC (mmol/mol),0.13334056405797673,0.2555260752159629,0.029961624377709866,17520,2336.1266822957523,4476.81683778367,524.9276590974769
jena,A_FULL,v11_jena_a_p_lora_qfixed_lr0.0001_92601__A_FULL,92601,test_a,rho (g/m**3),0.06565476948783185,0.18337732678846141,-0.025516695568571217,17520,1150.271561426814,3212.770765333844,-447.0525063613677
jena,A_FULL,v11_jena_a_p_lora_qfixed_lr0.0001_92601__A_FULL,92601,test_a,wv (m/s),0.5166358448066797,0.527564595514413,-0.007093784859742582,17520,9051.460001013027,9242.931713412516,-124.28311074269004
jena,A_FULL,v11_jena_a_p_lora_qfixed_lr0.0001_92601__A_FULL,92601,test_a,max. wv (m/s),0.4862088487868064,0.5037970038592819,-0.008620729557194399,17520,8518.379030744849,8826.52350761462,-151.03518184204586
jena,A_FULL,v11_jena_a_p_lora_qfixed_lr0.0001_92601__A_FULL,92601,test_a,wd (deg),1.0406688422044335,0.7078734928573117,-0.018586320762255103,17520,18232.518115421673,12401.943594860102,-325.6323397547094
jena,A_FULL,v11_jena_a_p_lora_qfixed_lr0.0001_92601__A_FULL,92601,test_a,rain (mm),1.14535389119145,0.24661862456629838,-0.025227648319239494,17520,20066.600173674204,4320.758302401548,-441.98839855307597
jena,A_FULL,v11_jena_a_p_lora_qfixed_lr0.0001_92601__A_FULL,92601,test_a,raining (s),0.7394131745164646,0.38383991347828383,-0.02050619204818339,17520,12954.51881752846,6724.875284139533,-359.268484684173
jena,A_FULL,v11_jena_a_p_lora_qfixed_lr0.0001_92601__A_FULL,92601,test_a,SWDR (W/m²),0.19090769117483197,0.2904315705145647,0.01108084070131234,17520,3344.702749383056,5088.361115415173,194.1363290869922
jena,A_FULL,v11_jena_a_p_lora_qfixed_lr0.0001_92601__A_FULL,92601,test_a,PAR (µmol/m²/s),0.17676294550787647,0.28090817817881786,0.011204133851619747,17520,3096.8868052979956,4921.511281692889,196.29642508037796
jena,A_FULL,v11_jena_a_p_lora_qfixed_lr0.0001_92601__A_FULL,92601,test_a,max. PAR (µmol/m²/s),0.1652154650986304,0.26737567368792253,0.010702501123079324,17520,2894.5749485280044,4684.421803012403,187.50781967634975
jena,A_FULL,v11_jena_a_p_lora_qfixed_lr0.0001_92601__A_FULL,92601,test_a,Tlog (degC),0.06410015921759783,0.18119051828674457,0.03441654889563353,17520,1123.034789492314,3174.457880383765,602.9779366514995
jena,A_FULL,v11_jena_a_p_lora_qfixed_lr0.0001_92601__A_FULL,92601,test_a,CO2 (ppm),0.4255988942511467,0.46542591265745337,-0.006115513929451888,17520,7456.49262728009,8154.261989758583,-107.14380404399708
jena,A_FULL,v11_jena_a_p_lora_qfixed_lr0.0001_92601__A_FULL,92601,test_b,p (mbar),0.1592087106643231,0.2819493446987462,0.040634779739353755,17520,2789.3366108389405,4939.752519122034,711.9213410334778
jena,A_FULL,v11_jena_a_p_lora_qfixed_lr0.0001_92601__A_FULL,92601,test_b,T (degC),0.052038000815515975,0.1613651371632222,0.03760347468884807,17520,911.7057742878399,2827.117203099653,658.8128765486181
jena,A_FULL,v11_jena_a_p_lora_qfixed_lr0.0001_92601__A_FULL,92601,test_b,Tpot (K),0.05335809252519324,0.1633485425336735,0.03252155563462372,17520,934.8337810413856,2861.86646518996,569.7776547186077
jena,A_FULL,v11_jena_a_p_lora_qfixed_lr0.0001_92601__A_FULL,92601,test_b,Tdew (degC),0.060696903572656155,0.1770280361238828,0.02635111160254806,17520,1063.4097505929358,3101.5311928904266,461.671475276642
jena,A_FULL,v11_jena_a_p_lora_qfixed_lr0.0001_92601__A_FULL,92601,test_b,rh (%),0.15300478713488025,0.2690922099811052,-0.031880434878776086,17520,2680.643870603102,4714.495518868964,-558.5452190761571
jena,A_FULL,v11_jena_a_p_lora_qfixed_lr0.0001_92601__A_FULL,92601,test_b,VPmax (mbar),0.03150507837608271,0.11777043915162348,0.03578593578767967,17520,551.9689731489691,2063.3380939364433,626.9695950001478
jena,A_FULL,v11_jena_a_p_lora_qfixed_lr0.0001_92601__A_FULL,92601,test_b,VPact (mbar),0.044573137992332486,0.1464664098929731,0.02491165212793424,17520,780.9213776256652,2566.0915013248887,436.45214528140787
jena,A_FULL,v11_jena_a_p_lora_qfixed_lr0.0001_92601__A_FULL,92601,test_b,VPdef (mbar),0.044761551710629,0.13616558774658818,0.03204982086093022,17520,784.22238597022,2385.621097320225,561.5128614834975
jena,A_FULL,v11_jena_a_p_lora_qfixed_lr0.0001_92601__A_FULL,92601,test_b,sh (g/kg),0.04450272614857866,0.14567384049074444,0.023662239710306517,17520,779.6877621230982,2552.205685397843,414.56243972457014
jena,A_FULL,v11_jena_a_p_lora_qfixed_lr0.0001_92601__A_FULL,92601,test_b,H2OC (mmol/mol),0.04469517122869669,0.1460072681544743,0.023721070094557678,17520,783.059399926766,2558.04733806639,415.59314805665053
jena,A_FULL,v11_jena_a_p_lora_qfixed_lr0.0001_92601__A_FULL,92601,test_b,rho (g/m**3),0.06562927098499677,0.18393267839901498,-0.020187289239986896,17520,1149.8248276571433,3222.500525550742,-353.6813074845704
jena,A_FULL,v11_jena_a_p_lora_qfixed_lr0.0001_92601__A_FULL,92601,test_b,wv (m/s),0.5864233328266603,0.513815607293283,-0.023772107927699054,17520,10274.136791123088,9002.049439778319,-416.48733089328744
jena,A_FULL,v11_jena_a_p_lora_qfixed_lr0.0001_92601__A_FULL,92601,test_b,max. wv (m/s),0.5080171945890577,0.494274677339339,-0.025324493964159114,17520,8900.46124920029,8659.692346985219,-443.68513425206766
jena,A_FULL,v11_jena_a_p_lora_qfixed_lr0.0001_92601__A_FULL,92601,test_b,wd (deg),1.098175117633359,0.7325326929599143,0.031219888452129727,17520,19240.02806093645,12833.9727806577,546.9724456813128
jena,A_FULL,v11_jena_a_p_lora_qfixed_lr0.0001_92601__A_FULL,92601,test_b,rain (mm),0.15268543075810642,0.12159170171248058,-0.0587419670724765,17520,2675.0487468820247,2130.28661400266,-1029.1592631097883
jena,A_FULL,v11_jena_a_p_lora_qfixed_lr0.0001_92601__A_FULL,92601,test_b,raining (s),0.7653607112682093,0.370281370284132,-0.05792830656605537,17520,13409.119661419027,6487.329607377993,-1014.90393103729
jena,A_FULL,v11_jena_a_p_lora_qfixed_lr0.0001_92601__A_FULL,92601,test_b,SWDR (W/m²),0.059276260340276464,0.1547219281009883,0.017346615768235086,17520,1038.5200811616437,2710.7281803293154,303.9127082594787
jena,A_FULL,v11_jena_a_p_lora_qfixed_lr0.0001_92601__A_FULL,92601,test_b,PAR (µmol/m²/s),0.04942694882541493,0.1445098963681211,0.017964149567618833,17520,865.9601434212695,2531.8133843694814,314.73190042468195
jena,A_FULL,v11_jena_a_p_lora_qfixed_lr0.0001_92601__A_FULL,92601,test_b,max. PAR (µmol/m²/s),0.04152419477211385,0.13459822946833686,0.018280951141727425,17520,727.5038924074347,2358.1609802852618,320.2822640030645
jena,A_FULL,v11_jena_a_p_lora_qfixed_lr0.0001_92601__A_FULL,92601,test_b,Tlog (degC),0.051050551384262684,0.162898070571635,0.04249159275262684,17520,894.4056602522822,2853.9741964150453,744.4527050260222
jena,A_FULL,v11_jena_a_p_lora_qfixed_lr0.0001_92601__A_FULL,92601,test_b,CO2 (ppm),0.15212552773538127,0.2709950350515545,0.003240218189815814,17520,2665.23924592388,4747.833014103235,56.768622685573064
jena,A_FULL,v11_jena_a_p_lora_qfixed_lr0.0001_92601__A_FULL,92601,combined,p (mbar),0.13184608568455622,0.2622218179293182,0.02385336885824086,35040,4619.88684238685,9188.25250024331,835.8220447927597
jena,A_FULL,v11_jena_a_p_lora_qfixed_lr0.0001_92601__A_FULL,92601,combined,T (degC),0.05592077668866489,0.16877923480223211,0.034632549279115056,35040,1959.4640151708177,5914.024387470214,1213.5245267401915
jena,A_FULL,v11_jena_a_p_lora_qfixed_lr0.0001_92601__A_FULL,92601,combined,Tpot (K),0.05810581518813459,0.17165022116847076,0.03138270354128047,35040,2036.027764192236,6014.623749743216,1099.6499320864677
jena,A_FULL,v11_jena_a_p_lora_qfixed_lr0.0001_92601__A_FULL,92601,combined,Tdew (degC),0.06811806649863951,0.1865093865720641,0.02604978969803061,35040,2386.8570501123286,6535.288905485126,912.7846310189925
jena,A_FULL,v11_jena_a_p_lora_qfixed_lr0.0001_92601__A_FULL,92601,combined,rh (%),0.20682860644972637,0.3130067210298078,-0.026268238302761916,35040,7247.274369998412,10967.755504884466,-920.4390701287775
jena,A_FULL,v11_jena_a_p_lora_qfixed_lr0.0001_92601__A_FULL,92601,combined,VPmax (mbar),0.07371489014472667,0.1732255469376942,0.03640679753572267,35040,2582.9697506712223,6069.823164696805,1275.6941856517224
jena,A_FULL,v11_jena_a_p_lora_qfixed_lr0.0001_92601__A_FULL,92601,combined,VPact (mbar),0.08837226480314277,0.20067981314068759,0.02758505801590824,35040,3096.5641587021228,7031.820652449693,966.5804328774248
jena,A_FULL,v11_jena_a_p_lora_qfixed_lr0.0001_92601__A_FULL,92601,combined,VPdef (mbar),0.18454967118512167,0.2369312147688762,0.030648612551218098,35040,6466.620478326663,8302.069765501423,1073.927383794682
jena,A_FULL,v11_jena_a_p_lora_qfixed_lr0.0001_92601__A_FULL,92601,combined,sh (g/kg),0.08922888269783535,0.20083800576192426,0.026842506327740764,35040,3126.5800497321507,7037.363721897826,940.5614217240363
jena,A_FULL,v11_jena_a_p_lora_qfixed_lr0.0001_92601__A_FULL,92601,combined,H2OC (mmol/mol),0.08901786764333994,0.2007666716852186,0.026841347236133774,35040,3119.1860822226313,7034.86417585006,940.5208071541274
jena,A_FULL,v11_jena_a_p_lora_qfixed_lr0.0001_92601__A_FULL,92601,combined,rho (g/m**3),0.06564202023641802,0.18365500259373818,-0.022851992404279056,35040,2300.0963890840876,6435.271290884586,-800.7338138459381
jena,A_FULL,v11_jena_a_p_lora_qfixed_lr0.0001_92601__A_FULL,92601,combined,wv (m/s),0.5515295888166752,0.520690101403848,-0.015432946393720818,35040,19325.5967921363,18244.981153190834,-540.7704416359775
jena,A_FULL,v11_jena_a_p_lora_qfixed_lr0.0001_92601__A_FULL,92601,combined,max. wv (m/s),0.497113021687939,0.4990358405993105,-0.016972611760676756,35040,17418.840279945383,17486.21585459984,-594.7203160941135
jena,A_FULL,v11_jena_a_p_lora_qfixed_lr0.0001_92601__A_FULL,92601,combined,wd (deg),1.069421979918908,0.7202030929086131,0.006316783844937312,35040,37472.54617635853,25235.9163755178,221.34010592660343
jena,A_FULL,v11_jena_a_p_lora_qfixed_lr0.0001_92601__A_FULL,92601,combined,rain (mm),0.6490196609747851,0.1841051631393895,-0.041984807695857995,35040,22741.648920556472,6451.0449164042075,-1471.1476616628643
jena,A_FULL,v11_jena_a_p_lora_qfixed_lr0.0001_92601__A_FULL,92601,combined,raining (s),0.7523869428923475,0.3770606418812079,-0.03921724930711938,35040,26363.638478947858,13212.204891517526,-1374.172415721463
jena,A_FULL,v11_jena_a_p_lora_qfixed_lr0.0001_92601__A_FULL,92601,combined,SWDR (W/m²),0.1250919757575586,0.2225767493077765,0.014213728234773713,35040,4383.222830544853,7799.0892957444885,498.04903734647087
jena,A_FULL,v11_jena_a_p_lora_qfixed_lr0.0001_92601__A_FULL,92601,combined,PAR (µmol/m²/s),0.11309494716664874,0.21270903727346946,0.01458414170961929,35040,3962.846948719372,7453.32466606237,511.0283255050599
jena,A_FULL,v11_jena_a_p_lora_qfixed_lr0.0001_92601__A_FULL,92601,combined,max. PAR (µmol/m²/s),0.10336982993537494,0.2009869515781297,0.014491726132403375,35040,3622.0788409355378,7042.582783297665,507.79008367941424
jena,A_FULL,v11_jena_a_p_lora_qfixed_lr0.0001_92601__A_FULL,92601,combined,Tlog (degC),0.05757535530093609,0.17204429442918978,0.03845407082413018,35040,2017.4404497448006,6028.43207679881,1347.4306416775216
jena,A_FULL,v11_jena_a_p_lora_qfixed_lr0.0001_92601__A_FULL,92601,combined,CO2 (ppm),0.28886221099326537,0.36821047385450395,-0.001437647869818037,35040,10121.731873204018,12902.095003861818,-50.375181358424015
jena,A_MAIN,v11_jena_a_p_lora_qfixed_lr0.0001_92601__A_MAIN,92601,test_a,p (mbar),0.4158685091829136,0.5053987785168379,-0.34903685780181054,17520,7286.016280884647,8854.586599615,-6115.12574868772
jena,A_MAIN,v11_jena_a_p_lora_qfixed_lr0.0001_92601__A_MAIN,92601,test_a,T (degC),0.081228784343861,0.21403326655466587,-0.025674382288544625,17520,1423.1283017044445,3749.862830037746,-449.8151776953018
jena,A_MAIN,v11_jena_a_p_lora_qfixed_lr0.0001_92601__A_MAIN,92601,test_a,Tpot (K),0.07526176657440034,0.20099230864151127,0.011604746310952466,17520,1318.586150383494,3521.3852473992774,203.3151553678872
jena,A_MAIN,v11_jena_a_p_lora_qfixed_lr0.0001_92601__A_MAIN,92601,test_a,Tdew (degC),0.1061559301007373,0.24987197612746312,-0.043276073284377076,17520,1859.8518953649175,4377.757021753154,-758.1968039422864
jena,A_MAIN,v11_jena_a_p_lora_qfixed_lr0.0001_92601__A_MAIN,92601,test_a,rh (%),0.31506957513760253,0.40547002541660143,-0.048318968978300327,17520,5520.018956410796,7103.8348452988575,-846.5483364998217
jena,A_MAIN,v11_jena_a_p_lora_qfixed_lr0.0001_92601__A_MAIN,92601,test_a,VPmax (mbar),0.16623285798377732,0.27499019807270364,-0.035046873133458445,17520,2912.3996718757785,4817.828270233767,-614.0212172981919
jena,A_MAIN,v11_jena_a_p_lora_qfixed_lr0.0001_92601__A_MAIN,92601,test_a,VPact (mbar),0.1467776705537573,0.2777627584611991,-0.032719519731864904,17520,2571.5447881018276,4866.403528240207,-573.2459857022732
jena,A_MAIN,v11_jena_a_p_lora_qfixed_lr0.0001_92601__A_MAIN,92601,test_a,VPdef (mbar),0.40316236649321185,0.3886246721831533,-0.02415157103679499,17520,7063.404660961071,6808.704256648845,-423.1355245646482
jena,A_MAIN,v11_jena_a_p_lora_qfixed_lr0.0001_92601__A_MAIN,92601,test_a,sh (g/kg),0.14489342239534878,0.27450641454798563,-0.02211135866793949,17520,2538.5327603665105,4809.352382880708,-387.39100386229984
jena,A_MAIN,v11_jena_a_p_lora_qfixed_lr0.0001_92601__A_MAIN,92601,test_a,H2OC (mmol/mol),0.14410003674589342,0.2738652082811468,-0.022547105411586037,17520,2524.6326437880525,4798.118449085692,-395.0252868109874
jena,A_MAIN,v11_jena_a_p_lora_qfixed_lr0.0001_92601__A_MAIN,92601,test_a,rho (g/m**3),0.08782379441995496,0.22537165028823547,-0.09044895335628479,17520,1538.6728782376108,3948.5113130498853,-1584.6656628021096
jena,A_MAIN,v11_jena_a_p_lora_qfixed_lr0.0001_92601__A_MAIN,92601,test_a,wv (m/s),0.5845504072603577,0.5683052212026962,-0.16805835225151072,17520,10241.323135201466,9956.707475471238,-2944.382331446468
jena,A_MAIN,v11_jena_a_p_lora_qfixed_lr0.0001_92601__A_MAIN,92601,test_a,max. wv (m/s),0.5349094270502379,0.536044931832199,-0.15524281910818669,17520,9371.613161920168,9391.507205700127,-2719.8541907754307
jena,A_MAIN,v11_jena_a_p_lora_qfixed_lr0.0001_92601__A_MAIN,92601,test_a,wd (deg),1.292436411961015,0.8508111858478018,0.3578163060205618,17520,22643.485937556983,14906.211976053488,6268.941681480243
jena,A_MAIN,v11_jena_a_p_lora_qfixed_lr0.0001_92601__A_MAIN,92601,test_a,rain (mm),1.1713732353665336,0.3074294731006174,-0.06903283413656164,17520,20522.459083621667,5386.164368722817,-1209.45525407256
jena,A_MAIN,v11_jena_a_p_lora_qfixed_lr0.0001_92601__A_MAIN,92601,test_a,raining (s),0.70390203302371,0.4283869300030593,0.044459065211661826,17520,12332.3636185754,7505.339013653598,778.9228225083152
jena,A_MAIN,v11_jena_a_p_lora_qfixed_lr0.0001_92601__A_MAIN,92601,test_a,SWDR (W/m²),0.20084770586965445,0.31400646548082084,0.06717902240797625,17520,3518.851806836346,5501.393275223981,1176.976472587744
jena,A_MAIN,v11_jena_a_p_lora_qfixed_lr0.0001_92601__A_MAIN,92601,test_a,PAR (µmol/m²/s),0.19032373662283428,0.30841697347604996,0.07948196101863367,17520,3334.4718656320565,5403.465375300395,1392.5239570464619
jena,A_MAIN,v11_jena_a_p_lora_qfixed_lr0.0001_92601__A_MAIN,92601,test_a,max. PAR (µmol/m²/s),0.1921875008856906,0.30985898297622655,0.10508190009638756,17520,3367.1250155172993,5428.729381743489,1841.0348896887099
jena,A_MAIN,v11_jena_a_p_lora_qfixed_lr0.0001_92601__A_MAIN,92601,test_a,Tlog (degC),0.09861795100983825,0.24233574427006482,0.1715237244478223,17520,1727.786501692366,4245.722239611536,3005.0956523258465
jena,A_MAIN,v11_jena_a_p_lora_qfixed_lr0.0001_92601__A_MAIN,92601,test_a,CO2 (ppm),0.7217792201700282,0.6434588301600919,-0.054022544793579964,17520,12645.571937378892,11273.39870440481,-946.474984783521
jena,A_MAIN,v11_jena_a_p_lora_qfixed_lr0.0001_92601__A_MAIN,92601,test_b,p (mbar),0.5158557569730047,0.5635131236165118,-0.24574466902708472,17520,9037.792862167042,9872.749925761287,-4305.446601354524
jena,A_MAIN,v11_jena_a_p_lora_qfixed_lr0.0001_92601__A_MAIN,92601,test_b,T (degC),0.05964160543306022,0.1878924437154787,-0.04232566382570315,17520,1044.920927187215,3291.8756138951867,-741.5456302263192
jena,A_MAIN,v11_jena_a_p_lora_qfixed_lr0.0001_92601__A_MAIN,92601,test_b,Tpot (K),0.0533926893516339,0.17138394413779273,-0.016390209525654852,17520,935.439917440626,3002.6467012941284,-287.156470889473
jena,A_MAIN,v11_jena_a_p_lora_qfixed_lr0.0001_92601__A_MAIN,92601,test_b,Tdew (degC),0.07655177458982862,0.21406036753819804,-0.08403302881919336,17520,1341.1870908137973,3750.33763926923,-1472.2586649122677
jena,A_MAIN,v11_jena_a_p_lora_qfixed_lr0.0001_92601__A_MAIN,92601,test_b,rh (%),0.1727927715834736,0.3176572934332621,-0.1256254066817811,17520,3027.3293581424573,5565.355780950752,-2200.957125064805
jena,A_MAIN,v11_jena_a_p_lora_qfixed_lr0.0001_92601__A_MAIN,92601,test_b,VPmax (mbar),0.04842471758620828,0.1725116128253893,-0.05479964857758242,17520,848.401052110369,3022.4034567008202,-960.089843079244
jena,A_MAIN,v11_jena_a_p_lora_qfixed_lr0.0001_92601__A_MAIN,92601,test_b,VPact (mbar),0.05084518919430118,0.16281810067566435,0.010698527886522563,17520,890.8077146841566,2852.5731238376393,187.4382085718753
jena,A_MAIN,v11_jena_a_p_lora_qfixed_lr0.0001_92601__A_MAIN,92601,test_b,VPdef (mbar),0.07723425749357506,0.21316893712141707,-0.09139986934456666,17520,1353.144191287435,3734.7197783672273,-1601.325710916808
jena,A_MAIN,v11_jena_a_p_lora_qfixed_lr0.0001_92601__A_MAIN,92601,test_b,sh (g/kg),0.05062404023267593,0.16101611622242792,0.016264718738882734,17520,886.9331848764823,2821.002356216937,284.95787230522546
jena,A_MAIN,v11_jena_a_p_lora_qfixed_lr0.0001_92601__A_MAIN,92601,test_b,H2OC (mmol/mol),0.05068738053308332,0.16106827277630037,0.015994759174130912,17520,888.0429069396197,2821.9161390407826,280.2281807307736
jena,A_MAIN,v11_jena_a_p_lora_qfixed_lr0.0001_92601__A_MAIN,92601,test_b,rho (g/m**3),0.0785156403709196,0.21305840387355174,-0.04175940196860896,17520,1375.5940192985113,3732.7832358646265,-731.624722490029
jena,A_MAIN,v11_jena_a_p_lora_qfixed_lr0.0001_92601__A_MAIN,92601,test_b,wv (m/s),0.6465315621450974,0.5639030794519826,-0.11868854050161141,17520,11327.232968782107,9879.581951998734,-2079.423229588232
jena,A_MAIN,v11_jena_a_p_lora_qfixed_lr0.0001_92601__A_MAIN,92601,test_b,max. wv (m/s),0.5554392115215427,0.5270152161595122,-0.13406148030455003,17520,9731.294985857428,9233.306587114654,-2348.7571349357167
jena,A_MAIN,v11_jena_a_p_lora_qfixed_lr0.0001_92601__A_MAIN,92601,test_b,wd (deg),1.2925935696527375,0.8670077943034816,0.2875195380363076,17520,22646.239340315962,15189.976556196998,5037.342306396109
jena,A_MAIN,v11_jena_a_p_lora_qfixed_lr0.0001_92601__A_MAIN,92601,test_b,rain (mm),0.18215348233077017,0.18469275317952338,-0.036351562675777424,17520,3191.329010435093,3235.8170357052495,-636.8793780796204
jena,A_MAIN,v11_jena_a_p_lora_qfixed_lr0.0001_92601__A_MAIN,92601,test_b,raining (s),0.729528583907911,0.37191170072039137,-0.07073013140467087,17520,12781.3407900666,6515.892996621256,-1239.1919022098336
jena,A_MAIN,v11_jena_a_p_lora_qfixed_lr0.0001_92601__A_MAIN,92601,test_b,SWDR (W/m²),0.07310029983091801,0.19661817807573964,0.06340701926802861,17520,1280.7172530376836,3444.7504798869586,1110.8909775758611
jena,A_MAIN,v11_jena_a_p_lora_qfixed_lr0.0001_92601__A_MAIN,92601,test_b,PAR (µmol/m²/s),0.06474234883263079,0.18616808215635114,0.05937088101826782,17520,1134.2859515476914,3261.664799379272,1040.1778354400521
jena,A_MAIN,v11_jena_a_p_lora_qfixed_lr0.0001_92601__A_MAIN,92601,test_b,max. PAR (µmol/m²/s),0.06158196644117099,0.1856695318587708,0.0803912026757409,17520,1078.9160520493158,3252.9301981656645,1408.4538708789805
jena,A_MAIN,v11_jena_a_p_lora_qfixed_lr0.0001_92601__A_MAIN,92601,test_b,Tlog (degC),0.12971460155634548,0.30574303441693923,0.27592900697901773,17520,2272.5998192671727,5356.617962984776,4834.276202272391
jena,A_MAIN,v11_jena_a_p_lora_qfixed_lr0.0001_92601__A_MAIN,92601,test_b,CO2 (ppm),0.2828076377700835,0.3960959433932994,-0.017375733922766996,17520,4954.7898137318625,6939.600928250606,-304.42285832687776
jena,A_MAIN,v11_jena_a_p_lora_qfixed_lr0.0001_92601__A_MAIN,92601,combined,p (mbar),0.4658621330779638,0.534455951066675,-0.29739076341444765,35040,16323.809143051853,18727.33652537629,-10420.572350042245
jena,A_MAIN,v11_jena_a_p_lora_qfixed_lr0.0001_92601__A_MAIN,92601,combined,T (degC),0.07043519488846457,0.20096285513507228,-0.034000023057123886,35040,2468.0492288917985,7041.738443932933,-1191.360807921621
jena,A_MAIN,v11_jena_a_p_lora_qfixed_lr0.0001_92601__A_MAIN,92601,combined,Tpot (K),0.0643272279630223,0.186188126389652,-0.0023927316073511923,35040,2254.0260678243017,6524.031948693406,-83.84131552158578
jena,A_MAIN,v11_jena_a_p_lora_qfixed_lr0.0001_92601__A_MAIN,92601,combined,Tdew (degC),0.09135385234528406,0.23196617183283058,-0.06365455105178522,35040,3201.0389861787535,8128.094661022384,-2230.455468854554
jena,A_MAIN,v11_jena_a_p_lora_qfixed_lr0.0001_92601__A_MAIN,92601,combined,rh (%),0.24393117336054537,0.36156365942493174,-0.08697218783004072,35040,8547.34831455351,12669.190626249609,-3047.505461564627
jena,A_MAIN,v11_jena_a_p_lora_qfixed_lr0.0001_92601__A_MAIN,92601,combined,VPmax (mbar),0.10732878778499676,0.22375090544904644,-0.04492326085552043,35040,3760.8007239862864,7840.231726934588,-1574.111060377436
jena,A_MAIN,v11_jena_a_p_lora_qfixed_lr0.0001_92601__A_MAIN,92601,combined,VPact (mbar),0.0988114298740321,0.2202904295684317,-0.011010495922671172,35040,3462.352502786085,7718.976652077847,-385.8077771303979
jena,A_MAIN,v11_jena_a_p_lora_qfixed_lr0.0001_92601__A_MAIN,92601,combined,VPdef (mbar),0.2401983119934028,0.3008968046522852,-0.05777572019068083,35040,8416.548852248834,10543.424035016073,-2024.4612354814562
jena,A_MAIN,v11_jena_a_p_lora_qfixed_lr0.0001_92601__A_MAIN,92601,combined,sh (g/kg),0.09775873131401575,0.21776126538520676,-0.0029233199645283784,35040,3425.465945243112,7630.3547390976455,-102.43313155707438
jena,A_MAIN,v11_jena_a_p_lora_qfixed_lr0.0001_92601__A_MAIN,92601,combined,H2OC (mmol/mol),0.09739370863949152,0.21746674052872358,-0.0032761731187275623,35040,3412.675550727783,7620.034588126475,-114.79710608021378
jena,A_MAIN,v11_jena_a_p_lora_qfixed_lr0.0001_92601__A_MAIN,92601,combined,rho (g/m**3),0.08316971739543881,0.21921502708089358,-0.06610417766244688,35040,2914.2668975361757,7681.294548914511,-2316.2903852921386
jena,A_MAIN,v11_jena_a_p_lora_qfixed_lr0.0001_92601__A_MAIN,92601,combined,wv (m/s),0.615540984702737,0.5661041503273394,-0.14337344637656108,35040,21568.556103983905,19836.289427469972,-5023.8055610347
jena,A_MAIN,v11_jena_a_p_lora_qfixed_lr0.0001_92601__A_MAIN,92601,combined,max. wv (m/s),0.5451743192858949,0.5315300739958556,-0.14465214970636836,35040,19102.908147777758,18624.81379281478,-5068.611325711147
jena,A_MAIN,v11_jena_a_p_lora_qfixed_lr0.0001_92601__A_MAIN,92601,combined,wd (deg),1.2925149908068863,0.8589094900756418,0.3226679220284347,35040,45289.725277873295,30096.188532250486,11306.283987876352
jena,A_MAIN,v11_jena_a_p_lora_qfixed_lr0.0001_92601__A_MAIN,92601,combined,rain (mm),0.6767633588486537,0.24606111314007045,-0.05269219840616953,35040,23713.788094056825,8621.981404428068,-1846.3346321521803
jena,A_MAIN,v11_jena_a_p_lora_qfixed_lr0.0001_92601__A_MAIN,92601,combined,raining (s),0.7167153084658209,0.4001493153617253,-0.013135533096504521,35040,25113.704408642363,14021.232010274854,-460.2690797015184
jena,A_MAIN,v11_jena_a_p_lora_qfixed_lr0.0001_92601__A_MAIN,92601,combined,SWDR (W/m²),0.13697400285029177,0.2553123217782802,0.06529302083800242,35040,4799.569059874223,8946.14375511094,2287.867450163605
jena,A_MAIN,v11_jena_a_p_lora_qfixed_lr0.0001_92601__A_MAIN,92601,combined,PAR (µmol/m²/s),0.12753304272773705,0.24729252781620054,0.06942642101845074,35040,4468.757817179906,8665.130174679667,2432.701792486514
jena,A_MAIN,v11_jena_a_p_lora_qfixed_lr0.0001_92601__A_MAIN,92601,combined,max. PAR (µmol/m²/s),0.12688473366343458,0.2477642574174987,0.09273655138606422,35040,4446.041067566748,8681.659579909154,3249.4887605676904
jena,A_MAIN,v11_jena_a_p_lora_qfixed_lr0.0001_92601__A_MAIN,92601,combined,Tlog (degC),0.11416627628309321,0.274039389343502,0.22372636571342003,35040,4000.386320959586,9602.340202596311,7839.371854598237
jena,A_MAIN,v11_jena_a_p_lora_qfixed_lr0.0001_92601__A_MAIN,92601,combined,CO2 (ppm),0.5022934289700614,0.5197773867766957,-0.03569913935817348,35040,17600.36175111095,18212.999632655417,-1250.8978431103988
jena,A_MAIN_LAST,v11_jena_a_p_lora_qfixed_lr0.0001_92601__A_MAIN_LAST,92601,test_a,p (mbar),0.17969686277611785,0.3142567187362695,0.012045522399115658,17520,3148.289035837585,5505.777712259442,211.03755243250635
jena,A_MAIN_LAST,v11_jena_a_p_lora_qfixed_lr0.0001_92601__A_MAIN_LAST,92601,test_a,T (degC),0.06621574889057513,0.18422563460463612,0.03575502097190434,17520,1160.0999205628764,3227.6331182732247,626.4279674277641
jena,A_MAIN_LAST,v11_jena_a_p_lora_qfixed_lr0.0001_92601__A_MAIN_LAST,92601,test_a,Tpot (K),0.06949467583561016,0.18882291294713016,0.033721846574997175,17520,1217.54672063989,3308.1774348337203,590.8067519939505
jena,A_MAIN_LAST,v11_jena_a_p_lora_qfixed_lr0.0001_92601__A_MAIN_LAST,92601,test_a,Tdew (degC),0.09072198695590444,0.2144709212976597,0.026897127665966705,17520,1589.4492114674458,3757.530541134998,471.2376767077367
jena,A_MAIN_LAST,v11_jena_a_p_lora_qfixed_lr0.0001_92601__A_MAIN_LAST,92601,test_a,rh (%),0.28952350845313124,0.374024828813645,-0.027941590275673396,17520,5072.451868098859,6552.915000815061,-489.5366616297979
jena,A_MAIN_LAST,v11_jena_a_p_lora_qfixed_lr0.0001_92601__A_MAIN_LAST,92601,test_a,VPmax (mbar),0.12875829951036766,0.2360621660493368,0.03534064359298336,17520,2255.8454074216415,4135.809149184381,619.1680757490685
jena,A_MAIN_LAST,v11_jena_a_p_lora_qfixed_lr0.0001_92601__A_MAIN_LAST,92601,test_a,VPact (mbar),0.12814996673976092,0.2532884504443715,0.028134895704179184,17520,2245.1874172806115,4437.613651785388,492.9233727372193
jena,A_MAIN_LAST,v11_jena_a_p_lora_qfixed_lr0.0001_92601__A_MAIN_LAST,92601,test_a,VPdef (mbar),0.36649900996310353,0.3578247090440623,0.02851692740439656,17520,6421.062654553574,6269.088902451971,499.6165681250277
jena,A_MAIN_LAST,v11_jena_a_p_lora_qfixed_lr0.0001_92601__A_MAIN_LAST,92601,test_a,sh (g/kg),0.128324626405673,0.2528635436354697,0.027873899560255853,17520,2248.2474546273907,4430.16928449343,488.35072029568255
jena,A_MAIN_LAST,v11_jena_a_p_lora_qfixed_lr0.0001_92601__A_MAIN_LAST,92601,test_a,H2OC (mmol/mol),0.1278178938831937,0.25241114431441325,0.02771974588189775,17520,2239.3695008335535,4422.24324838852,485.64994785084855
jena,A_MAIN_LAST,v11_jena_a_p_lora_qfixed_lr0.0001_92601__A_MAIN_LAST,92601,test_a,rho (g/m**3),0.08134391080798127,0.20873141688516833,-0.027849236022009036,17520,1425.1453173558318,3656.974423828149,-487.9186151055983
jena,A_MAIN_LAST,v11_jena_a_p_lora_qfixed_lr0.0001_92601__A_MAIN_LAST,92601,test_a,wv (m/s),0.5465645511664862,0.5452032814670958,-0.006774604463825942,17520,9575.810936436837,9551.961491303518,-118.6910702062305
jena,A_MAIN_LAST,v11_jena_a_p_lora_qfixed_lr0.0001_92601__A_MAIN_LAST,92601,test_a,max. wv (m/s),0.5026215832454207,0.5154529969616592,-0.010889507465122468,17520,8805.930138459771,9030.73650676827,-190.78417078894563
jena,A_MAIN_LAST,v11_jena_a_p_lora_qfixed_lr0.0001_92601__A_MAIN_LAST,92601,test_a,wd (deg),1.2162052447509633,0.7532106575926197,-0.011162076960961496,17520,21307.915888036878,13196.250721022698,-195.55958835604542
jena,A_MAIN_LAST,v11_jena_a_p_lora_qfixed_lr0.0001_92601__A_MAIN_LAST,92601,test_a,rain (mm),1.2274563126776656,0.2937887173547549,-0.04640131974744969,17520,21505.034598112703,5147.178328055306,-812.9511219753185
jena,A_MAIN_LAST,v11_jena_a_p_lora_qfixed_lr0.0001_92601__A_MAIN_LAST,92601,test_a,raining (s),0.8907046520001544,0.43992254048749085,0.005894305123112985,17520,15605.145503042704,7707.44290934084,103.2682257569395
jena,A_MAIN_LAST,v11_jena_a_p_lora_qfixed_lr0.0001_92601__A_MAIN_LAST,92601,test_a,SWDR (W/m²),0.20096241862502678,0.3031371613199466,0.009153381819137042,17520,3520.861574310469,5310.963066325465,160.36724947128096
jena,A_MAIN_LAST,v11_jena_a_p_lora_qfixed_lr0.0001_92601__A_MAIN_LAST,92601,test_a,PAR (µmol/m²/s),0.18542725165264437,0.2918573925532568,0.010197877840327649,17520,3248.6854489543293,5113.341517533059,178.6668197625404
jena,A_MAIN_LAST,v11_jena_a_p_lora_qfixed_lr0.0001_92601__A_MAIN_LAST,92601,test_a,max. PAR (µmol/m²/s),0.17463670008449098,0.2731518776702685,0.012869432550213201,17520,3059.634985480282,4785.620896783104,225.4724582797353
jena,A_MAIN_LAST,v11_jena_a_p_lora_qfixed_lr0.0001_92601__A_MAIN_LAST,92601,test_a,Tlog (degC),0.07627204616943796,0.19976864549725798,0.03347917281978083,17520,1336.286248888553,3499.9466691119596,586.5551078025601
jena,A_MAIN_LAST,v11_jena_a_p_lora_qfixed_lr0.0001_92601__A_MAIN_LAST,92601,test_a,CO2 (ppm),0.5817845429443239,0.51645187861116,-0.0018546285777252813,17520,10192.865192384555,9048.236913267523,-32.49309268174693
jena,A_MAIN_LAST,v11_jena_a_p_lora_qfixed_lr0.0001_92601__A_MAIN_LAST,92601,test_b,p (mbar),0.20010547129442274,0.3257923191094636,0.03300461418660994,17520,3505.8478570782863,5707.881430797803,578.2408405494061
jena,A_MAIN_LAST,v11_jena_a_p_lora_qfixed_lr0.0001_92601__A_MAIN_LAST,92601,test_b,T (degC),0.04947054026348369,0.15753610130496745,0.037123267506844616,17520,866.7238654162342,2760.0324948630296,650.3996467199177
jena,A_MAIN_LAST,v11_jena_a_p_lora_qfixed_lr0.0001_92601__A_MAIN_LAST,92601,test_b,Tpot (K),0.05228919381298053,0.16142833799670755,0.032936397855771814,17520,916.1066756034188,2828.2244817023166,577.0456904331222
jena,A_MAIN_LAST,v11_jena_a_p_lora_qfixed_lr0.0001_92601__A_MAIN_LAST,92601,test_b,Tdew (degC),0.05909281383830707,0.17270341541385012,0.022969564399964386,17520,1035.30609844714,3025.763838050654,402.42676828737604
jena,A_MAIN_LAST,v11_jena_a_p_lora_qfixed_lr0.0001_92601__A_MAIN_LAST,92601,test_b,rh (%),0.16121324435512022,0.27244601318828715,-0.03558746785744155,17520,2824.4560411017064,4773.254151058791,-623.492436862376
jena,A_MAIN_LAST,v11_jena_a_p_lora_qfixed_lr0.0001_92601__A_MAIN_LAST,92601,test_b,VPmax (mbar),0.03580233382613691,0.1277472696338499,0.03839209888858155,17520,627.2568886339186,2238.1321639850503,672.6295725279488
jena,A_MAIN_LAST,v11_jena_a_p_lora_qfixed_lr0.0001_92601__A_MAIN_LAST,92601,test_b,VPact (mbar),0.048523536585130526,0.1557921249282063,0.022971050903599886,17520,850.1323609714868,2729.4780287421745,402.45281183107
jena,A_MAIN_LAST,v11_jena_a_p_lora_qfixed_lr0.0001_92601__A_MAIN_LAST,92601,test_b,VPdef (mbar),0.05598870587643587,0.1585030234190497,0.03770027776177256,17520,980.9221269551564,2776.972970301751,660.5088663862552
jena,A_MAIN_LAST,v11_jena_a_p_lora_qfixed_lr0.0001_92601__A_MAIN_LAST,92601,test_b,sh (g/kg),0.0483134924220775,0.15480169803987218,0.02202839186485776,17520,846.4523872347977,2712.1257496585604,385.93742547230795
jena,A_MAIN_LAST,v11_jena_a_p_lora_qfixed_lr0.0001_92601__A_MAIN_LAST,92601,test_b,H2OC (mmol/mol),0.04844724823977265,0.15498637321070086,0.02213116721332511,17520,848.7957891608169,2715.361258651479,387.73804957745597
jena,A_MAIN_LAST,v11_jena_a_p_lora_qfixed_lr0.0001_92601__A_MAIN_LAST,92601,test_b,rho (g/m**3),0.07016971202965146,0.19071018691152425,-0.02170728122305907,17520,1229.3733547594936,3341.242474689905,-380.3115670279949
jena,A_MAIN_LAST,v11_jena_a_p_lora_qfixed_lr0.0001_92601__A_MAIN_LAST,92601,test_b,wv (m/s),0.6027118697056416,0.5165555386587294,-0.025558695793414986,17520,10559.511957242841,9050.053037300939,-447.78835030063055
jena,A_MAIN_LAST,v11_jena_a_p_lora_qfixed_lr0.0001_92601__A_MAIN_LAST,92601,test_b,max. wv (m/s),0.5187212002476597,0.5010682882427862,-0.03138957582951043,17520,9087.995428338998,8778.716410013614,-549.9453685330227
jena,A_MAIN_LAST,v11_jena_a_p_lora_qfixed_lr0.0001_92601__A_MAIN_LAST,92601,test_b,wd (deg),1.2501165938760128,0.7358470958398299,0.049197110329992466,17520,21902.042724707746,12892.04111911382,861.933372981468
jena,A_MAIN_LAST,v11_jena_a_p_lora_qfixed_lr0.0001_92601__A_MAIN_LAST,92601,test_b,rain (mm),0.22160458610636583,0.18338941864981756,-0.07477098969532284,17520,3882.5123485835293,3212.982614744804,-1309.9877394620562
jena,A_MAIN_LAST,v11_jena_a_p_lora_qfixed_lr0.0001_92601__A_MAIN_LAST,92601,test_b,raining (s),0.8848635961880267,0.39649540181521575,-0.03653966538054171,17520,15502.810205214228,6946.59943980258,-640.1749374670908
jena,A_MAIN_LAST,v11_jena_a_p_lora_qfixed_lr0.0001_92601__A_MAIN_LAST,92601,test_b,SWDR (W/m²),0.06614335723606941,0.16649672578080435,0.01803010008134733,17520,1158.831618775936,2917.022635679692,315.8873534252052
jena,A_MAIN_LAST,v11_jena_a_p_lora_qfixed_lr0.0001_92601__A_MAIN_LAST,92601,test_b,PAR (µmol/m²/s),0.05328271419039391,0.1540674925244894,0.019544824069927438,17520,933.5131526157013,2699.262469029054,342.4253177051287
jena,A_MAIN_LAST,v11_jena_a_p_lora_qfixed_lr0.0001_92601__A_MAIN_LAST,92601,test_b,max. PAR (µmol/m²/s),0.04377896325884368,0.14266454827095054,0.021385771006220296,17520,767.0074362949413,2499.4828857070534,374.6787080289796
jena,A_MAIN_LAST,v11_jena_a_p_lora_qfixed_lr0.0001_92601__A_MAIN_LAST,92601,test_b,Tlog (degC),0.05825697771324254,0.17026808952839131,0.041442147913498144,17520,1020.6622495360093,2983.096928537416,726.0664314444875
jena,A_MAIN_LAST,v11_jena_a_p_lora_qfixed_lr0.0001_92601__A_MAIN_LAST,92601,test_b,CO2 (ppm),0.17257397732134666,0.30065153211014467,0.010491955914142856,17520,3023.4960826699935,5267.414842569735,183.81906761578284
jena,A_MAIN_LAST,v11_jena_a_p_lora_qfixed_lr0.0001_92601__A_MAIN_LAST,92601,combined,p (mbar),0.18990116703527873,0.32002451892286654,0.0225250682928628,35040,6654.136892916167,11213.659143057244,789.2783929819125
jena,A_MAIN_LAST,v11_jena_a_p_lora_qfixed_lr0.0001_92601__A_MAIN_LAST,92601,combined,T (degC),0.05784314457703434,0.17088086795480179,0.03643914423937448,35040,2026.8237859792835,5987.665613136254,1276.8276141476817
jena,A_MAIN_LAST,v11_jena_a_p_lora_qfixed_lr0.0001_92601__A_MAIN_LAST,92601,combined,Tpot (K),0.060891934824300865,0.17512562547191887,0.03332912221538449,35040,2133.6533962435024,6136.401916536037,1167.8524424270727
jena,A_MAIN_LAST,v11_jena_a_p_lora_qfixed_lr0.0001_92601__A_MAIN_LAST,92601,combined,Tdew (degC),0.07490740039710878,0.19358716835575493,0.024933346032965546,35040,2624.7553099146917,6783.294379185652,873.6644449951127
jena,A_MAIN_LAST,v11_jena_a_p_lora_qfixed_lr0.0001_92601__A_MAIN_LAST,92601,combined,rh (%),0.22536837640413343,0.3232354210009661,-0.031764529066557474,35040,7896.907909200835,11326.169151873852,-1113.029098492174
jena,A_MAIN_LAST,v11_jena_a_p_lora_qfixed_lr0.0001_92601__A_MAIN_LAST,92601,combined,VPmax (mbar),0.08228031666825651,0.18190471784159334,0.03686637124078246,35040,2883.1022960557084,6373.941313169431,1291.7976482770173
jena,A_MAIN_LAST,v11_jena_a_p_lora_qfixed_lr0.0001_92601__A_MAIN_LAST,92601,combined,VPact (mbar),0.08833675166244978,0.2045402876862889,0.025552973303889535,35040,3095.31977825224,7167.091680527563,895.3761845682893
jena,A_MAIN_LAST,v11_jena_a_p_lora_qfixed_lr0.0001_92601__A_MAIN_LAST,92601,combined,VPdef (mbar),0.21124385791977948,0.258163866231556,0.03310860258308456,35040,7401.984781509073,9046.061872753722,1160.125434511283
jena,A_MAIN_LAST,v11_jena_a_p_lora_qfixed_lr0.0001_92601__A_MAIN_LAST,92601,combined,sh (g/kg),0.08831905941387856,0.20383262083767095,0.024951145712556806,35040,3094.6998418623048,7142.29503415199,874.2881457679905
jena,A_MAIN_LAST,v11_jena_a_p_lora_qfixed_lr0.0001_92601__A_MAIN_LAST,92601,combined,H2OC (mmol/mol),0.08813257106148678,0.20369875876255705,0.02492545654761143,35040,3088.1652899944966,7137.60450704,873.3879974283045
jena,A_MAIN_LAST,v11_jena_a_p_lora_qfixed_lr0.0001_92601__A_MAIN_LAST,92601,combined,rho (g/m**3),0.07575681141882,0.1997208018983463,-0.024778258622534053,35040,2654.518672115453,6998.216898518054,-868.2301821335932
jena,A_MAIN_LAST,v11_jena_a_p_lora_qfixed_lr0.0001_92601__A_MAIN_LAST,92601,combined,wv (m/s),0.5746382104360631,0.5308794100629126,-0.016166650128620463,35040,20135.32289367965,18602.014528604457,-566.4794205068611
jena,A_MAIN_LAST,v11_jena_a_p_lora_qfixed_lr0.0001_92601__A_MAIN_LAST,92601,combined,max. wv (m/s),0.5106713917465433,0.5082606426022227,-0.021139541647316448,35040,17893.925566798876,17809.452916781884,-740.7295393219683
jena,A_MAIN_LAST,v11_jena_a_p_lora_qfixed_lr0.0001_92601__A_MAIN_LAST,92601,combined,wd (deg),1.233160919313503,0.7445288767162248,0.019017516684515484,35040,43209.95861274514,26088.291840136517,666.3737846254226
jena,A_MAIN_LAST,v11_jena_a_p_lora_qfixed_lr0.0001_92601__A_MAIN_LAST,92601,combined,rain (mm),0.7245304493920296,0.23858906800228624,-0.060586154721386266,35040,25387.54694669672,8360.16094280011,-2122.9388614373747
jena,A_MAIN_LAST,v11_jena_a_p_lora_qfixed_lr0.0001_92601__A_MAIN_LAST,92601,combined,raining (s),0.8877841240941046,0.4182089711513533,-0.015322680128714364,35040,31107.955708257425,14654.04234914342,-536.9067117101513
jena,A_MAIN_LAST,v11_jena_a_p_lora_qfixed_lr0.0001_92601__A_MAIN_LAST,92601,combined,SWDR (W/m²),0.13355288793055498,0.23481694355037547,0.013591740950242185,35040,4679.693193086647,8227.985702005157,476.2546028964862
jena,A_MAIN_LAST,v11_jena_a_p_lora_qfixed_lr0.0001_92601__A_MAIN_LAST,92601,combined,PAR (µmol/m²/s),0.1193549829215235,0.2229624425388731,0.014871350955127543,35040,4182.198601570183,7812.603986562113,521.0921374676691
jena,A_MAIN_LAST,v11_jena_a_p_lora_qfixed_lr0.0001_92601__A_MAIN_LAST,92601,combined,max. PAR (µmol/m²/s),0.10920783167167024,0.20790821297060952,0.01712760177821675,35040,3826.642421775325,7285.103782490158,600.1511663087149
jena,A_MAIN_LAST,v11_jena_a_p_lora_qfixed_lr0.0001_92601__A_MAIN_LAST,92601,combined,Tlog (degC),0.06726451194134483,0.18501836751282463,0.03746066036663949,35040,2356.948498424723,6483.043597649375,1312.6215392470476
jena,A_MAIN_LAST,v11_jena_a_p_lora_qfixed_lr0.0001_92601__A_MAIN_LAST,92601,combined,CO2 (ppm),0.37717926013284125,0.40855170536065233,0.004318663668208787,35040,13216.361275054758,14315.651755837258,151.3259749340359
jena,A_FULL,v11_jena_a_p_lora_qfixed_lr0.0001_92602__A_FULL,92602,test_a,p (mbar),0.11411739625531213,0.2515311368602287,0.0009569736865450645,17520,1999.3367823930685,4406.825517791207,16.76617898826953
jena,A_FULL,v11_jena_a_p_lora_qfixed_lr0.0001_92602__A_FULL,92602,test_a,T (degC),0.06019364106283433,0.17713214405764482,0.01641310824678794,17520,1054.5925914208574,3103.355163889937,287.5576564837247
jena,A_FULL,v11_jena_a_p_lora_qfixed_lr0.0001_92602__A_FULL,92602,test_a,Tpot (K),0.0640931728523175,0.18180004243284983,0.01594646094567844,17520,1122.9123883726027,3185.136743423529,279.3819957682863
jena,A_FULL,v11_jena_a_p_lora_qfixed_lr0.0001_92602__A_FULL,92602,test_a,Tdew (degC),0.07653253887339766,0.19755760440927161,0.019956265592353698,17520,1340.8500810619269,3461.2092292504385,349.6337731780368
jena,A_FULL,v11_jena_a_p_lora_qfixed_lr0.0001_92602__A_FULL,92602,test_a,rh (%),0.2553068331830043,0.35329755811106717,-0.0006218741025223362,17520,4472.975717366235,6189.773218105896,-10.895234276191331
jena,A_FULL,v11_jena_a_p_lora_qfixed_lr0.0001_92602__A_FULL,92602,test_a,VPmax (mbar),0.11864954517189333,0.22958959307395066,0.02200871408944519,17520,2078.740031411571,4022.4096706556156,385.5926708470797
jena,A_FULL,v11_jena_a_p_lora_qfixed_lr0.0001_92602__A_FULL,92602,test_a,VPact (mbar),0.1337352635821976,0.2569499069396663,0.02564356699648873,17520,2343.0418179601015,4501.762369582953,449.2752937784826
jena,A_FULL,v11_jena_a_p_lora_qfixed_lr0.0001_92602__A_FULL,92602,test_a,VPdef (mbar),0.32638082702584287,0.33374656223975463,0.010739481744019433,17520,5718.192089492767,5847.239770440501,188.15572015522048
jena,A_FULL,v11_jena_a_p_lora_qfixed_lr0.0001_92602__A_FULL,92602,test_a,sh (g/kg),0.135699835158876,0.2581633515858658,0.02560357740200731,17520,2377.461111983507,4523.021919784369,448.574676083168
jena,A_FULL,v11_jena_a_p_lora_qfixed_lr0.0001_92602__A_FULL,92602,test_a,H2OC (mmol/mol),0.13508167199405136,0.25766320300384715,0.025510779723556143,17520,2366.6308933357795,4514.259316627402,446.94886075670365
jena,A_FULL,v11_jena_a_p_lora_qfixed_lr0.0001_92602__A_FULL,92602,test_a,rho (g/m**3),0.06897315226942516,0.18779410264176635,-0.014322730198659572,17520,1208.4096277603287,3290.1526782837464,-250.9342330805157
jena,A_FULL,v11_jena_a_p_lora_qfixed_lr0.0001_92602__A_FULL,92602,test_a,wv (m/s),0.5089013404051855,0.5210382950563036,-0.018047812065339782,17520,8915.95148389885,9128.590929386439,-316.197667384753
jena,A_FULL,v11_jena_a_p_lora_qfixed_lr0.0001_92602__A_FULL,92602,test_a,max. wv (m/s),0.47595532416946545,0.49501035604747207,-0.02092754815983999,17520,8338.737279449035,8672.58143795171,-366.65064376039663
jena,A_FULL,v11_jena_a_p_lora_qfixed_lr0.0001_92602__A_FULL,92602,test_a,wd (deg),1.0443636156064116,0.7123045542995664,-0.0258673090178399,17520,18297.25054542433,12479.575791328403,-453.1952539925551
jena,A_FULL,v11_jena_a_p_lora_qfixed_lr0.0001_92602__A_FULL,92602,test_a,rain (mm),1.1258050913784914,0.23164839770540713,-0.018506667643974718,17520,19724.10520095117,4058.479927798733,-324.23681712243706
jena,A_FULL,v11_jena_a_p_lora_qfixed_lr0.0001_92602__A_FULL,92602,test_a,raining (s),0.7225232452072644,0.3747203117132173,-0.0025662343857781197,17520,12658.607256031273,6565.099861215567,-44.960426438832656
jena,A_FULL,v11_jena_a_p_lora_qfixed_lr0.0001_92602__A_FULL,92602,test_a,SWDR (W/m²),0.18756400033271767,0.28549360401681273,-0.011755066564821648,17520,3286.121285829214,5001.847942374559,-205.94876621567528
jena,A_FULL,v11_jena_a_p_lora_qfixed_lr0.0001_92602__A_FULL,92602,test_a,PAR (µmol/m²/s),0.1738487669471055,0.27647574970606376,-0.011667927501682272,17520,3045.830396913288,4843.855134850237,-204.4220898294734
jena,A_FULL,v11_jena_a_p_lora_qfixed_lr0.0001_92602__A_FULL,92602,test_a,max. PAR (µmol/m²/s),0.1617995584110757,0.2639927255721542,-0.012230572866254279,17520,2834.7282633620466,4625.152552024141,-214.27963661677495
jena,A_FULL,v11_jena_a_p_lora_qfixed_lr0.0001_92602__A_FULL,92602,test_a,Tlog (degC),0.06529929455472923,0.18254145308646955,0.018989102491126453,17520,1144.0436405988562,3198.1262580749462,332.6890756445355
jena,A_FULL,v11_jena_a_p_lora_qfixed_lr0.0001_92602__A_FULL,92602,test_a,CO2 (ppm),0.4253042458082129,0.461579726219215,0.0061454320927262175,17520,7451.33038655989,8086.876803360647,107.66797026456334
jena,A_FULL,v11_jena_a_p_lora_qfixed_lr0.0001_92602__A_FULL,92602,test_b,p (mbar),0.1793708241451381,0.2998587784079653,0.04091049078303417,17520,3142.5768390228195,5253.525797707553,716.7517985187587
jena,A_FULL,v11_jena_a_p_lora_qfixed_lr0.0001_92602__A_FULL,92602,test_b,T (degC),0.052912183528609304,0.1630142248570802,0.029353081771453255,17520,927.021455421235,2856.0092194960453,514.265992635861
jena,A_FULL,v11_jena_a_p_lora_qfixed_lr0.0001_92602__A_FULL,92602,test_b,Tpot (K),0.05458272397526371,0.16658376139353698,0.024402835638794973,17520,956.2893240466202,2918.5474996147677,427.5376803916879
jena,A_FULL,v11_jena_a_p_lora_qfixed_lr0.0001_92602__A_FULL,92602,test_b,Tdew (degC),0.0640449821209119,0.18280199085458007,0.023124333520513053,17520,1122.0680867583767,3202.6908797722426,405.1383232793887
jena,A_FULL,v11_jena_a_p_lora_qfixed_lr0.0001_92602__A_FULL,92602,test_b,rh (%),0.15330235151946134,0.26921393794476917,-0.02131283279171399,17520,2685.8571986209627,4716.628192792356,-373.4008305108291
jena,A_FULL,v11_jena_a_p_lora_qfixed_lr0.0001_92602__A_FULL,92602,test_b,VPmax (mbar),0.030372339301764754,0.11574461761610604,0.026351535303962573,17520,532.1233845669185,2027.8457006341778,461.6788985254243
jena,A_FULL,v11_jena_a_p_lora_qfixed_lr0.0001_92602__A_FULL,92602,test_b,VPact (mbar),0.04647016032312257,0.15015968844650887,0.0215654784766703,17520,814.1572088611074,2630.7977415828354,377.82718291126366
jena,A_FULL,v11_jena_a_p_lora_qfixed_lr0.0001_92602__A_FULL,92602,test_b,VPdef (mbar),0.043346157679033735,0.13445697011688956,0.02081320461796886,17520,759.4246825366711,2355.686116447905,364.6473449068144
jena,A_FULL,v11_jena_a_p_lora_qfixed_lr0.0001_92602__A_FULL,92602,test_b,sh (g/kg),0.046406028129004864,0.14947830770440085,0.02027407761250695,17520,813.0336128201652,2618.859950981103,355.20183977112174
jena,A_FULL,v11_jena_a_p_lora_qfixed_lr0.0001_92602__A_FULL,92602,test_b,H2OC (mmol/mol),0.04661017863414833,0.1498300143558751,0.020335258634736522,17520,816.6103296702788,2625.0218515149318,356.2737312805839
jena,A_FULL,v11_jena_a_p_lora_qfixed_lr0.0001_92602__A_FULL,92602,test_b,rho (g/m**3),0.06943578670221527,0.19166570747535042,-0.013080679125407817,17520,1216.5149830228115,3357.9831949681393,-229.17349827714497
jena,A_FULL,v11_jena_a_p_lora_qfixed_lr0.0001_92602__A_FULL,92602,test_b,wv (m/s),0.5809249090952592,0.5110425873618752,-0.03377164858797369,17520,10177.80440734894,8953.466130580055,-591.6792832612991
jena,A_FULL,v11_jena_a_p_lora_qfixed_lr0.0001_92602__A_FULL,92602,test_b,max. wv (m/s),0.5088222129299822,0.4947567738716615,-0.03593251660331174,17520,8914.565170533288,8668.13867823151,-629.5376908900216
jena,A_FULL,v11_jena_a_p_lora_qfixed_lr0.0001_92602__A_FULL,92602,test_b,wd (deg),1.1001908654264776,0.7362665449768677,0.029545761698002906,17520,19275.343962271887,12899.389867994723,517.6417449490109
jena,A_FULL,v11_jena_a_p_lora_qfixed_lr0.0001_92602__A_FULL,92602,test_b,rain (mm),0.15552751642330986,0.12046114867299952,-0.06013648957649983,17520,2724.8420877363887,2110.4793247509515,-1053.591297380277
jena,A_FULL,v11_jena_a_p_lora_qfixed_lr0.0001_92602__A_FULL,92602,test_b,raining (s),0.7552074878264841,0.36093294955285044,-0.055702553491467466,17520,13231.235186720001,6323.54527616594,-975.90873717051
jena,A_FULL,v11_jena_a_p_lora_qfixed_lr0.0001_92602__A_FULL,92602,test_b,SWDR (W/m²),0.059587864221697595,0.15356188604808052,0.0019141309734251293,17520,1043.9793811641418,2690.4042435623705,33.535574654408265
jena,A_FULL,v11_jena_a_p_lora_qfixed_lr0.0001_92602__A_FULL,92602,test_b,PAR (µmol/m²/s),0.04934306889358375,0.14349568454606126,0.002523645374377716,17520,864.4905670155873,2514.0443932469934,44.214266959097586
jena,A_FULL,v11_jena_a_p_lora_qfixed_lr0.0001_92602__A_FULL,92602,test_b,max. PAR (µmol/m²/s),0.041158635342884484,0.13380293363651988,0.0028735050973035907,17520,721.0992912073361,2344.227397311828,50.343809304758906
jena,A_FULL,v11_jena_a_p_lora_qfixed_lr0.0001_92602__A_FULL,92602,test_b,Tlog (degC),0.05186829063182718,0.1633673073226157,0.034201982488437636,17520,908.7324518696122,2862.195224292227,599.2187331974274
jena,A_FULL,v11_jena_a_p_lora_qfixed_lr0.0001_92602__A_FULL,92602,test_b,CO2 (ppm),0.1525888473070616,0.27160827373125224,0.013083837814623762,17520,2673.356604819719,4758.576955771539,229.2288385122083
jena,A_FULL,v11_jena_a_p_lora_qfixed_lr0.0001_92602__A_FULL,92602,combined,p (mbar),0.14674411020023112,0.275694957634097,0.02093373223478962,35040,5141.913621416098,9660.35131549876,733.5179775070283
jena,A_FULL,v11_jena_a_p_lora_qfixed_lr0.0001_92602__A_FULL,92602,combined,T (degC),0.05655291229572714,0.1700731844573625,0.0228830950091206,35040,1981.614046842279,5959.364383385982,801.8236491195858
jena,A_FULL,v11_jena_a_p_lora_qfixed_lr0.0001_92602__A_FULL,92602,combined,Tpot (K),0.05933794841379571,0.1741919019131934,0.020174648292236707,35040,2079.2017124194017,6103.684243038297,706.9196761599742
jena,A_FULL,v11_jena_a_p_lora_qfixed_lr0.0001_92602__A_FULL,92602,combined,Tdew (degC),0.070288760497157,0.19017979763192583,0.021540299556433377,35040,2462.9181678203813,6663.900109022681,754.7720964574255
jena,A_FULL,v11_jena_a_p_lora_qfixed_lr0.0001_92602__A_FULL,92602,combined,rh (%),0.20430459235124132,0.31125574802791817,-0.010967353447118163,35040,7158.832915987496,10906.401410898252,-384.29606478702044
jena,A_FULL,v11_jena_a_p_lora_qfixed_lr0.0001_92602__A_FULL,92602,combined,VPmax (mbar),0.0745109422368325,0.17266710534502835,0.024180124696703883,35040,2610.8634159786106,6050.255371289793,847.271569372504
jena,A_FULL,v11_jena_a_p_lora_qfixed_lr0.0001_92602__A_FULL,92602,combined,VPact (mbar),0.09010271195266292,0.20355479769308757,0.023604522736579515,35040,3157.199026821309,7132.560111165789,827.1024766897463
jena,A_FULL,v11_jena_a_p_lora_qfixed_lr0.0001_92602__A_FULL,92602,combined,VPdef (mbar),0.18486349235244778,0.2341017661783221,0.015776343180994145,35040,6477.61677202977,8202.925886888406,552.8030650620349
jena,A_FULL,v11_jena_a_p_lora_qfixed_lr0.0001_92602__A_FULL,92602,combined,sh (g/kg),0.09105293164394378,0.20382082964513332,0.022938827507257127,35040,3190.49472480379,7141.881870765472,803.7765158542898
jena,A_FULL,v11_jena_a_p_lora_qfixed_lr0.0001_92602__A_FULL,92602,combined,H2OC (mmol/mol),0.09084592531410328,0.2037466086798611,0.022923019179146333,35040,3183.241223006179,7139.281168142334,803.2225920372875
jena,A_FULL,v11_jena_a_p_lora_qfixed_lr0.0001_92602__A_FULL,92602,combined,rho (g/m**3),0.06920446948582422,0.18972990505855838,-0.013701704662033696,35040,2424.9246107832805,6648.135873251886,-480.10773135766067
jena,A_FULL,v11_jena_a_p_lora_qfixed_lr0.0001_92602__A_FULL,92602,combined,wv (m/s),0.5449131247502307,0.5160404412090894,-0.02590973032665674,35040,19093.75589124808,18082.057059966493,-907.8769506460521
jena,A_FULL,v11_jena_a_p_lora_qfixed_lr0.0001_92602__A_FULL,92602,combined,max. wv (m/s),0.49238876854972913,0.49488356495956676,-0.028430032381575862,35040,17253.302449982508,17340.72011618322,-996.1883346504183
jena,A_FULL,v11_jena_a_p_lora_qfixed_lr0.0001_92602__A_FULL,92602,combined,wd (deg),1.0722772405164578,0.7242855496382171,0.0018392263400815016,35040,37572.59450769668,25378.965659323127,64.44649095645582
jena,A_FULL,v11_jena_a_p_lora_qfixed_lr0.0001_92602__A_FULL,92602,combined,rain (mm),0.6406663039009021,0.17605477318920332,-0.03932157861023727,35040,22448.94728868761,6168.959252549685,-1377.828114502714
jena,A_FULL,v11_jena_a_p_lora_qfixed_lr0.0001_92602__A_FULL,92602,combined,raining (s),0.7388653665168865,0.3678266306330339,-0.029134393938622792,35040,25889.842442751702,12888.645137381507,-1020.8691636093426
jena,A_FULL,v11_jena_a_p_lora_qfixed_lr0.0001_92602__A_FULL,92602,combined,SWDR (W/m²),0.12357593227721293,0.21952774503244663,-0.0049204677956982594,35040,4330.100666993541,7692.25218593693,-172.413191561267
jena,A_FULL,v11_jena_a_p_lora_qfixed_lr0.0001_92602__A_FULL,92602,combined,PAR (µmol/m²/s),0.11159591792034765,0.2099857171260625,-0.004572141063652278,35040,3910.3209639289817,7357.89952809723,-160.20782287037582
jena,A_FULL,v11_jena_a_p_lora_qfixed_lr0.0001_92602__A_FULL,92602,combined,max. PAR (µmol/m²/s),0.10147909687698263,0.19889782960433702,-0.004678533884475344,35040,3555.8275545694714,6969.379949335969,-163.93582731201604
jena,A_FULL,v11_jena_a_p_lora_qfixed_lr0.0001_92602__A_FULL,92602,combined,Tlog (degC),0.05858379259328378,0.17295438020454262,0.026595542489782045,35040,2052.7760924686636,6060.321482367173,931.9078088419628
jena,A_FULL,v11_jena_a_p_lora_qfixed_lr0.0001_92602__A_FULL,92602,combined,CO2 (ppm),0.28894654655764324,0.3665939999752336,0.00961463495367499,35040,10124.686991379818,12845.453759132186,336.89680877677165
jena,A_MAIN,v11_jena_a_p_lora_qfixed_lr0.0001_92602__A_MAIN,92602,test_a,p (mbar),0.42790803242305575,0.5157106852300002,-0.3566523362881453,17520,7496.948728051937,9035.251205229604,-6248.548931768306
jena,A_MAIN,v11_jena_a_p_lora_qfixed_lr0.0001_92602__A_MAIN,92602,test_a,T (degC),0.08324815825340766,0.2185255966776215,-0.04041015440419216,17520,1458.5077325997022,3828.5684537919287,-707.9859051614467
jena,A_MAIN,v11_jena_a_p_lora_qfixed_lr0.0001_92602__A_MAIN,92602,test_a,Tpot (K),0.07671863312796814,0.20464620884361312,-0.0020299910970835427,17520,1344.110452402002,3585.401578940102,-35.56544402090367
jena,A_MAIN,v11_jena_a_p_lora_qfixed_lr0.0001_92602__A_MAIN,92602,test_a,Tdew (degC),0.10648292239751929,0.2515049177012928,-0.048611058703447695,17520,1865.580800404538,4406.36615812665,-851.6657484844036
jena,A_MAIN,v11_jena_a_p_lora_qfixed_lr0.0001_92602__A_MAIN,92602,test_a,rh (%),0.30555293501659914,0.39787545317544026,-0.028378142970045515,17520,5353.287421490817,6970.777939633714,-497.1850648351974
jena,A_MAIN,v11_jena_a_p_lora_qfixed_lr0.0001_92602__A_MAIN,92602,test_a,VPmax (mbar),0.17310861494827337,0.27862807031695236,-0.05085286726393508,17520,3032.8629338937494,4881.563791953005,-890.9422344641425
jena,A_MAIN,v11_jena_a_p_lora_qfixed_lr0.0001_92602__A_MAIN,92602,test_a,VPact (mbar),0.15032746529044377,0.28181772957931245,-0.037884975961897806,17520,2633.737191888575,4937.446622229554,-663.7447788524496
jena,A_MAIN,v11_jena_a_p_lora_qfixed_lr0.0001_92602__A_MAIN,92602,test_a,VPdef (mbar),0.4091936755133628,0.3845983423856541,-0.04335787022982633,17520,7169.0731949941155,6738.16295859666,-759.6298864265573
jena,A_MAIN,v11_jena_a_p_lora_qfixed_lr0.0001_92602__A_MAIN,92602,test_a,sh (g/kg),0.14837564597668643,0.27832485021778947,-0.027081961868857,17520,2599.5413175115464,4876.251375815671,-474.4759719423746
jena,A_MAIN,v11_jena_a_p_lora_qfixed_lr0.0001_92602__A_MAIN,92602,test_a,H2OC (mmol/mol),0.1475621453107853,0.2776873494160347,-0.02752083768965706,17520,2585.2887858449585,4865.0823617689275,-482.1650763227917
jena,A_MAIN,v11_jena_a_p_lora_qfixed_lr0.0001_92602__A_MAIN,92602,test_a,rho (g/m**3),0.08867912085421847,0.2255535618332461,-0.0802852797907545,17520,1553.6581973659077,3951.6984033184717,-1406.5981019340188
jena,A_MAIN,v11_jena_a_p_lora_qfixed_lr0.0001_92602__A_MAIN,92602,test_a,wv (m/s),0.578624616730133,0.5631812996237053,-0.1790819198754343,17520,10137.50328511193,9866.936369407318,-3137.5152362176086
jena,A_MAIN,v11_jena_a_p_lora_qfixed_lr0.0001_92602__A_MAIN,92602,test_a,max. wv (m/s),0.5301555648921142,0.530992197730555,-0.16774560804750635,17520,9288.325496909842,9302.983304239322,-2938.903052992311
jena,A_MAIN,v11_jena_a_p_lora_qfixed_lr0.0001_92602__A_MAIN,92602,test_a,wd (deg),1.2876247164034458,0.8497520689420974,0.3515490885457264,17520,22559.18503138837,14887.656247865547,6159.140031321127
jena,A_MAIN,v11_jena_a_p_lora_qfixed_lr0.0001_92602__A_MAIN,92602,test_a,rain (mm),1.1523561675613758,0.29147657364628277,-0.05904006453962272,17520,20189.280055675303,5106.669570282874,-1034.38193073419
jena,A_MAIN,v11_jena_a_p_lora_qfixed_lr0.0001_92602__A_MAIN,92602,test_a,raining (s),0.6827892920110753,0.4199904942415186,0.05916347834740695,17520,11962.468396034039,7358.233459111406,1036.5441406465698
jena,A_MAIN,v11_jena_a_p_lora_qfixed_lr0.0001_92602__A_MAIN,92602,test_a,SWDR (W/m²),0.19607672050218433,0.3077999951247478,0.04469006871795682,17520,3435.2641431982693,5392.655914585582,782.9700039386034
jena,A_MAIN,v11_jena_a_p_lora_qfixed_lr0.0001_92602__A_MAIN,92602,test_a,PAR (µmol/m²/s),0.18521850929437036,0.30165545383914516,0.05695020288626274,17520,3245.028282837369,5285.003551261823,997.7675545673233
jena,A_MAIN,v11_jena_a_p_lora_qfixed_lr0.0001_92602__A_MAIN,92602,test_a,max. PAR (µmol/m²/s),0.1838531446318637,0.2988372102897255,0.08263544552226765,17520,3221.107093950252,5235.62792427599,1447.7730055501293
jena,A_MAIN,v11_jena_a_p_lora_qfixed_lr0.0001_92602__A_MAIN,92602,test_a,Tlog (degC),0.09413559131400222,0.2357036212055908,0.15585361001729006,17520,1649.255559821319,4129.527443521951,2730.5552475029217
jena,A_MAIN,v11_jena_a_p_lora_qfixed_lr0.0001_92602__A_MAIN,92602,test_a,CO2 (ppm),0.7185228236653137,0.642643112163499,-0.0398864771048341,17520,12588.519870616297,11259.107325104502,-698.8110788766935
jena,A_MAIN,v11_jena_a_p_lora_qfixed_lr0.0001_92602__A_MAIN,92602,test_b,p (mbar),0.5314795010830182,0.5772431210322214,-0.246384277702176,17520,9311.52085897448,10113.299480484518,-4316.652545342124
jena,A_MAIN,v11_jena_a_p_lora_qfixed_lr0.0001_92602__A_MAIN,92602,test_b,T (degC),0.06236511536003921,0.19293459808132912,-0.05085329184786469,17520,1092.636821107887,3380.214158384886,-890.9496731745894
jena,A_MAIN,v11_jena_a_p_lora_qfixed_lr0.0001_92602__A_MAIN,92602,test_b,Tpot (K),0.05579703154367933,0.1771361344245513,-0.0246761920673622,17520,977.5639926452618,3103.425075118139,-432.3268850201857
jena,A_MAIN,v11_jena_a_p_lora_qfixed_lr0.0001_92602__A_MAIN,92602,test_b,Tdew (degC),0.08112246829161494,0.22003602825667698,-0.08749719297034914,17520,1421.2656444690938,3855.0312150569807,-1532.9508208405168
jena,A_MAIN,v11_jena_a_p_lora_qfixed_lr0.0001_92602__A_MAIN,92602,test_b,rh (%),0.17240483610550075,0.3169520415811714,-0.11483298081862339,17520,3020.5327285683734,5552.999768502123,-2011.873823942282
jena,A_MAIN,v11_jena_a_p_lora_qfixed_lr0.0001_92602__A_MAIN,92602,test_b,VPmax (mbar),0.04872560149762504,0.1743642154988288,-0.06387102960041097,17520,853.6725382383906,3054.8610555394807,-1119.0204385992001
jena,A_MAIN,v11_jena_a_p_lora_qfixed_lr0.0001_92602__A_MAIN,92602,test_b,VPact (mbar),0.052535748503918366,0.16582547482588297,0.007412921030836888,17520,920.4263137886497,2905.26231894947,129.87437646026228
jena,A_MAIN,v11_jena_a_p_lora_qfixed_lr0.0001_92602__A_MAIN,92602,test_b,VPdef (mbar),0.07726424224715317,0.21440968448179076,-0.10214451624651535,17520,1353.6695241701236,3756.457672120974,-1789.571924638949
jena,A_MAIN,v11_jena_a_p_lora_qfixed_lr0.0001_92602__A_MAIN,92602,test_b,sh (g/kg),0.05226437652402699,0.1640573424723378,0.013013870211837137,17520,915.6718767009529,2874.2846401153583,228.00300611138664
jena,A_MAIN,v11_jena_a_p_lora_qfixed_lr0.0001_92602__A_MAIN,92602,test_b,H2OC (mmol/mol),0.05235176280244205,0.1641427914462265,0.012741475463478215,17520,917.2028842987847,2875.7817061378882,223.2306501201383
jena,A_MAIN,v11_jena_a_p_lora_qfixed_lr0.0001_92602__A_MAIN,92602,test_b,rho (g/m**3),0.08176683700146588,0.21912780408684535,-0.03461799062342959,17520,1432.5549842656822,3839.1191276015306,-606.5071957224864
jena,A_MAIN,v11_jena_a_p_lora_qfixed_lr0.0001_92602__A_MAIN,92602,test_b,wv (m/s),0.6474533279618773,0.5648063982159898,-0.1287256544556686,17520,11343.38230589209,9895.40809674414,-2255.273466063314
jena,A_MAIN,v11_jena_a_p_lora_qfixed_lr0.0001_92602__A_MAIN,92602,test_b,max. wv (m/s),0.563889828117619,0.5312926165185973,-0.14502901885754388,17520,9879.349788620684,9308.246641405824,-2540.9084103841687
jena,A_MAIN,v11_jena_a_p_lora_qfixed_lr0.0001_92602__A_MAIN,92602,test_b,wd (deg),1.29174433196451,0.8673756772618297,0.28641675131984357,17520,22631.36069601822,15196.421865627257,5018.021483123659
jena,A_MAIN,v11_jena_a_p_lora_qfixed_lr0.0001_92602__A_MAIN,92602,test_b,rain (mm),0.17718435490929876,0.1769750110096677,-0.03688000414917375,17520,3104.2698980109144,3100.602192889378,-646.1376726935241
jena,A_MAIN,v11_jena_a_p_lora_qfixed_lr0.0001_92602__A_MAIN,92602,test_b,raining (s),0.7286850853585435,0.36397164312798763,-0.06943472917026969,17520,12766.562695481682,6376.783187602343,-1216.4964550631248
jena,A_MAIN,v11_jena_a_p_lora_qfixed_lr0.0001_92602__A_MAIN,92602,test_b,SWDR (W/m²),0.07102787314380805,0.19037987186552838,0.04816950740151659,17520,1244.408337479517,3335.4553550840574,843.9297696745707
jena,A_MAIN,v11_jena_a_p_lora_qfixed_lr0.0001_92602__A_MAIN,92602,test_b,PAR (µmol/m²/s),0.06267467961052778,0.18054218121412127,0.044078387123397275,17520,1098.0603867764466,3163.0990148714045,772.2533424019202
jena,A_MAIN,v11_jena_a_p_lora_qfixed_lr0.0001_92602__A_MAIN,92602,test_b,max. PAR (µmol/m²/s),0.058930989089377134,0.1792462153311193,0.06514268204341969,17520,1032.4709288458873,3140.39369260121,1141.299789400713
jena,A_MAIN,v11_jena_a_p_lora_qfixed_lr0.0001_92602__A_MAIN,92602,test_b,Tlog (degC),0.12643169769846982,0.2998802661058942,0.267037980239892,17520,2215.0833436771914,5253.9022621752665,4678.505413802908
jena,A_MAIN,v11_jena_a_p_lora_qfixed_lr0.0001_92602__A_MAIN,92602,test_b,CO2 (ppm),0.28044537775174944,0.39391927740605287,-0.007322611551520424,17520,4913.40301821065,6901.465740154046,-128.29215438263782
jena,A_MAIN,v11_jena_a_p_lora_qfixed_lr0.0001_92602__A_MAIN,92602,combined,p (mbar),0.4796937667530462,0.5464769031311109,-0.30151830699516063,35040,16808.46958702674,19148.550685714123,-10565.20147711043
jena,A_MAIN,v11_jena_a_p_lora_qfixed_lr0.0001_92602__A_MAIN,92602,combined,T (degC),0.07280663680672683,0.2057300973794753,-0.04563172312602843,35040,2551.1445537077084,7208.782612176815,-1598.935578336036
jena,A_MAIN,v11_jena_a_p_lora_qfixed_lr0.0001_92602__A_MAIN,92602,combined,Tpot (K),0.0662578323358285,0.1908911716340822,-0.013353091582222872,35040,2321.6744450474307,6688.826654058241,-467.8923290410894
jena,A_MAIN,v11_jena_a_p_lora_qfixed_lr0.0001_92602__A_MAIN,92602,combined,Tdew (degC),0.0938026953445679,0.23577047297898487,-0.06805412583689842,35040,3286.846444873659,8261.39737318363,-2384.6165693249204
jena,A_MAIN,v11_jena_a_p_lora_qfixed_lr0.0001_92602__A_MAIN,92602,combined,rh (%),0.23897888556105876,0.35741374737830583,-0.07160556189433445,35040,8373.820150059499,12523.777708135836,-2509.0588887774793
jena,A_MAIN,v11_jena_a_p_lora_qfixed_lr0.0001_92602__A_MAIN,92602,combined,VPmax (mbar),0.11091710822295336,0.22649614290789058,-0.05736194843217302,35040,3886.535472132286,7936.424847492486,-2009.9626730633427
jena,A_MAIN,v11_jena_a_p_lora_qfixed_lr0.0001_92602__A_MAIN,92602,combined,VPact (mbar),0.10143160689718396,0.22382160220259772,-0.01523602746553046,35040,3554.1635056773257,7842.708941179024,-533.8704023921873
jena,A_MAIN,v11_jena_a_p_lora_qfixed_lr0.0001_92602__A_MAIN,92602,combined,VPdef (mbar),0.24322895888026702,0.29950401343372246,-0.07275119323817084,35040,8522.742719164557,10494.620630717634,-2549.2018110655063
jena,A_MAIN,v11_jena_a_p_lora_qfixed_lr0.0001_92602__A_MAIN,92602,combined,sh (g/kg),0.1003200112503598,0.22119109634506362,-0.00703404582850993,35040,3515.2131942126075,7750.536015931029,-246.47296583098796
jena,A_MAIN,v11_jena_a_p_lora_qfixed_lr0.0001_92602__A_MAIN,92602,combined,H2OC (mmol/mol),0.09995695405661685,0.2209150704311306,-0.007389681113089424,35040,3502.4916701438547,7740.864067906816,-258.9344262026534
jena,A_MAIN,v11_jena_a_p_lora_qfixed_lr0.0001_92602__A_MAIN,92602,combined,rho (g/m**3),0.08522297892784479,0.22234068296004572,-0.057451635207092046,35040,2986.2131816316814,7790.817530920002,-2013.1052976565052
jena,A_MAIN,v11_jena_a_p_lora_qfixed_lr0.0001_92602__A_MAIN,92602,combined,wv (m/s),0.6130389723460136,0.5639938489198476,-0.15390378716555145,35040,21480.885591004317,19762.34446615146,-5392.788702280923
jena,A_MAIN,v11_jena_a_p_lora_qfixed_lr0.0001_92602__A_MAIN,92602,combined,max. wv (m/s),0.5470226965048706,0.531142407124576,-0.1563873134525251,35040,19167.675285530666,18611.229945645144,-5479.81146337648
jena,A_MAIN,v11_jena_a_p_lora_qfixed_lr0.0001_92602__A_MAIN,92602,combined,wd (deg),1.2896845241839914,0.8585638731019636,0.318982919932785,35040,45190.54572740706,30084.078113492804,11177.161514444786
jena,A_MAIN,v11_jena_a_p_lora_qfixed_lr0.0001_92602__A_MAIN,92602,combined,rain (mm),0.6647702612353455,0.23422579232797522,-0.04796003434439824,35040,23293.549953686506,8207.271763172252,-1680.5196034277142
jena,A_MAIN,v11_jena_a_p_lora_qfixed_lr0.0001_92602__A_MAIN,92602,combined,raining (s),0.7057371886848146,0.3919810686847531,-0.005135625411431366,35040,24729.031091515903,13735.016646713748,-179.95231441655505
jena,A_MAIN,v11_jena_a_p_lora_qfixed_lr0.0001_92602__A_MAIN,92602,combined,SWDR (W/m²),0.13355229682300074,0.24908993349513814,0.04642978805973671,35040,4679.672480677946,8728.11126966964,1626.8997736131741
jena,A_MAIN,v11_jena_a_p_lora_qfixed_lr0.0001_92602__A_MAIN,92602,combined,PAR (µmol/m²/s),0.12394659445245199,0.2410988175266332,0.050514295004830005,35040,4343.088669613918,8448.102566133228,1770.0208969692435
jena,A_MAIN,v11_jena_a_p_lora_qfixed_lr0.0001_92602__A_MAIN,92602,combined,max. PAR (µmol/m²/s),0.12139206686062366,0.23904171281042239,0.07388906378284367,35040,4253.578022796253,8376.0216168772,2589.0727949508423
jena,A_MAIN,v11_jena_a_p_lora_qfixed_lr0.0001_92602__A_MAIN,92602,combined,Tlog (degC),0.11028364450623751,0.2677919436557425,0.21144579512859105,35040,3864.3389034985626,9383.429705697217,7409.06066130583
jena,A_MAIN,v11_jena_a_p_lora_qfixed_lr0.0001_92602__A_MAIN,92602,combined,CO2 (ppm),0.49948410070853616,0.518281194784776,-0.023604544328177265,35040,17501.922888827106,18160.573065258548,-827.1032332593313
jena,A_MAIN_LAST,v11_jena_a_p_lora_qfixed_lr0.0001_92602__A_MAIN_LAST,92602,test_a,p (mbar),0.18643536679595865,0.3224049365486164,0.004430043454978085,17520,3266.3476262651957,5648.534488331759,77.61436133121606
jena,A_MAIN_LAST,v11_jena_a_p_lora_qfixed_lr0.0001_92602__A_MAIN_LAST,92602,test_a,T (degC),0.06474474374589756,0.1831548787127916,0.021019248787060404,17520,1134.3279104281253,3208.873475048109,368.25723874929827
jena,A_MAIN_LAST,v11_jena_a_p_lora_qfixed_lr0.0001_92602__A_MAIN_LAST,92602,test_a,Tpot (K),0.06890255529782417,0.18882257347532067,0.020087109045332858,17520,1207.1727688178796,3308.171487287618,351.9261504742317
jena,A_MAIN_LAST,v11_jena_a_p_lora_qfixed_lr0.0001_92602__A_MAIN_LAST,92602,test_a,Tdew (degC),0.09336160724398575,0.21771424953889826,0.02156214261446858,17520,1635.6953589146303,3814.3536519214977,377.7687386054895
jena,A_MAIN_LAST,v11_jena_a_p_lora_qfixed_lr0.0001_92602__A_MAIN_LAST,92602,test_a,rh (%),0.2827945216036892,0.3681150414311693,-0.008000764163676384,17520,4954.560018496634,6449.375525874086,-140.17338814761024
jena,A_MAIN_LAST,v11_jena_a_p_lora_qfixed_lr0.0001_92602__A_MAIN_LAST,92602,test_a,VPmax (mbar),0.1314891059452627,0.2362463421661332,0.019534649483886914,17520,2303.6891361610024,4139.035914750653,342.24705895769875
jena,A_MAIN_LAST,v11_jena_a_p_lora_qfixed_lr0.0001_92602__A_MAIN_LAST,92602,test_a,VPact (mbar),0.12997469149789795,0.25537893625864877,0.022969439397067335,17520,2277.1565950431723,4474.238963251526,402.4245782366197
jena,A_MAIN_LAST,v11_jena_a_p_lora_qfixed_lr0.0001_92602__A_MAIN_LAST,92602,test_a,VPdef (mbar),0.365484778478202,0.35263456684857775,0.00931062785954827,17520,6403.293318938099,6178.157611187082,163.1222000992857
jena,A_MAIN_LAST,v11_jena_a_p_lora_qfixed_lr0.0001_92602__A_MAIN_LAST,92602,test_a,sh (g/kg),0.1301843395078343,0.2548485413585608,0.022903296090627925,17520,2280.8296281772573,4464.946444601985,401.2657475078013
jena,A_MAIN_LAST,v11_jena_a_p_lora_qfixed_lr0.0001_92602__A_MAIN_LAST,92602,test_a,H2OC (mmol/mol),0.12969342483262308,0.2543888041972593,0.022746013768529465,17520,2272.2288030675563,4456.891849535983,398.51016122463625
jena,A_MAIN_LAST,v11_jena_a_p_lora_qfixed_lr0.0001_92602__A_MAIN_LAST,92602,test_a,rho (g/m**3),0.08290266313400117,0.21036679234794564,-0.017685562405174125,17520,1452.4546581077004,3685.6262019360074,-309.8510533386507
jena,A_MAIN_LAST,v11_jena_a_p_lora_qfixed_lr0.0001_92602__A_MAIN_LAST,92602,test_a,wv (m/s),0.5388139360419198,0.539867262860556,-0.017798171942714987,17520,9440.020159454436,9458.47444531694,-311.8239724363666
jena,A_MAIN_LAST,v11_jena_a_p_lora_qfixed_lr0.0001_92602__A_MAIN_LAST,92602,test_a,max. wv (m/s),0.4960459931669877,0.5091543638369214,-0.023392296579177917,17520,8690.725800285625,8920.384454422863,-409.8330360671971
jena,A_MAIN_LAST,v11_jena_a_p_lora_qfixed_lr0.0001_92602__A_MAIN_LAST,92602,test_a,wd (deg),1.2130321558910946,0.7514498929871878,-0.017429294309225303,17520,21252.323371211976,13165.40212513553,-305.36123629762733
jena,A_MAIN_LAST,v11_jena_a_p_lora_qfixed_lr0.0001_92602__A_MAIN_LAST,92602,test_a,rain (mm),1.2153889094608576,0.2918695525251977,-0.036408550296655615,17520,21293.613693754225,5113.554560241464,-637.8778011974064
jena,A_MAIN_LAST,v11_jena_a_p_lora_qfixed_lr0.0001_92602__A_MAIN_LAST,92602,test_a,raining (s),0.8663719666222621,0.428371637274012,0.02059871838200831,17520,15178.836855222033,7505.07108504069,360.8895460527856
jena,A_MAIN_LAST,v11_jena_a_p_lora_qfixed_lr0.0001_92602__A_MAIN_LAST,92602,test_a,SWDR (W/m²),0.19801189128948157,0.2979978673339782,-0.013335572158252715,17520,3469.1683353917174,5220.922635691299,-233.63922421258758
jena,A_MAIN_LAST,v11_jena_a_p_lora_qfixed_lr0.0001_92602__A_MAIN_LAST,92602,test_a,PAR (µmol/m²/s),0.18292411624117874,0.2869797633308532,-0.012333880329804984,17520,3204.8305165454517,5027.885453556548,-216.0895833781833
jena,A_MAIN_LAST,v11_jena_a_p_lora_qfixed_lr0.0001_92602__A_MAIN_LAST,92602,test_a,max. PAR (µmol/m²/s),0.17057652997637002,0.26584852719482294,-0.009577022047328703,17520,2988.5008051860027,4657.666196453298,-167.78942626919888
jena,A_MAIN_LAST,v11_jena_a_p_lora_qfixed_lr0.0001_92602__A_MAIN_LAST,92602,test_a,Tlog (degC),0.0768477765100722,0.1998403241849215,0.01780905835242444,17520,1346.3730444564649,3501.2024797198246,312.01470233447617
jena,A_MAIN_LAST,v11_jena_a_p_lora_qfixed_lr0.0001_92602__A_MAIN_LAST,92602,test_a,CO2 (ppm),0.5842128690744675,0.5157641165684876,0.012281439257889335,17520,10235.40946618467,9036.187322279904,215.17081579822116
jena,A_MAIN_LAST,v11_jena_a_p_lora_qfixed_lr0.0001_92602__A_MAIN_LAST,92602,test_b,p (mbar),0.21790495485838748,0.3381403700662499,0.03236500573737962,17520,3817.694809118949,5924.219283560698,567.0349005188909
jena,A_MAIN_LAST,v11_jena_a_p_lora_qfixed_lr0.0001_92602__A_MAIN_LAST,92602,test_b,T (degC),0.050124979967641224,0.15951226922209252,0.02859563942654186,17520,878.1896490330743,2794.654956771061,500.9956027530134
jena,A_MAIN_LAST,v11_jena_a_p_lora_qfixed_lr0.0001_92602__A_MAIN_LAST,92602,test_b,Tpot (K),0.0533407509796737,0.16498053428240134,0.0246504153186651,17520,934.5299571638833,2890.4589606276713,431.87527638301253
jena,A_MAIN_LAST,v11_jena_a_p_lora_qfixed_lr0.0001_92602__A_MAIN_LAST,92602,test_b,Tdew (degC),0.06250298194415171,0.1792404949234891,0.01950540010873231,17520,1095.0522436615381,3140.293471059529,341.73460990499007
jena,A_MAIN_LAST,v11_jena_a_p_lora_qfixed_lr0.0001_92602__A_MAIN_LAST,92602,test_b,rh (%),0.16106874979553235,0.27239895827664456,-0.02479504208857171,17520,2821.924496417727,4772.429749006813,-434.4091373917763
jena,A_MAIN_LAST,v11_jena_a_p_lora_qfixed_lr0.0001_92602__A_MAIN_LAST,92602,test_b,VPmax (mbar),0.033932367982881365,0.12496314839556039,0.029320717921170095,17520,594.4950870600815,2189.354359890218,513.6989779789001
jena,A_MAIN_LAST,v11_jena_a_p_lora_qfixed_lr0.0001_92602__A_MAIN_LAST,92602,test_b,VPact (mbar),0.051223644044377355,0.1601784579378101,0.019685444229392043,17520,897.4382436574913,2806.326583070433,344.8889828989486
jena,A_MAIN_LAST,v11_jena_a_p_lora_qfixed_lr0.0001_92602__A_MAIN_LAST,92602,test_b,VPdef (mbar),0.05396159780292078,0.15649296867979592,0.026955630829157497,17520,945.407193507172,2741.7568112700246,472.2626521268394
jena,A_MAIN_LAST,v11_jena_a_p_lora_qfixed_lr0.0001_92602__A_MAIN_LAST,92602,test_b,sh (g/kg),0.050968043044270425,0.1593288954146303,0.01877754327926687,17520,892.9601141356178,2791.442247664323,328.98255825275555
jena,A_MAIN_LAST,v11_jena_a_p_lora_qfixed_lr0.0001_92602__A_MAIN_LAST,92602,test_b,H2OC (mmol/mol),0.051113731592048815,0.15952462259911668,0.018877883671201367,17520,895.5125774926953,2794.871387936524,330.74052191944793
jena,A_MAIN_LAST,v11_jena_a_p_lora_qfixed_lr0.0001_92602__A_MAIN_LAST,92602,test_b,rho (g/m**3),0.07382198370784267,0.1972945792654833,-0.014565869641175188,17520,1293.3611545614035,3456.6010287312674,-255.1940361133893
jena,A_MAIN_LAST,v11_jena_a_p_lora_qfixed_lr0.0001_92602__A_MAIN_LAST,92602,test_b,wv (m/s),0.5973408085666129,0.5152151290681739,-0.03559580982478546,17520,10465.410966087058,9026.569061274407,-623.6385881302413
jena,A_MAIN_LAST,v11_jena_a_p_lora_qfixed_lr0.0001_92602__A_MAIN_LAST,92602,test_b,max. wv (m/s),0.5172734259697351,0.5006442823561577,-0.04235711438345061,17520,9062.63042298976,8771.287826879881,-742.0966439980548
jena,A_MAIN_LAST,v11_jena_a_p_lora_qfixed_lr0.0001_92602__A_MAIN_LAST,92602,test_b,wd (deg),1.2516309830438497,0.7389144630225446,0.04809432373816948,17520,21928.574822928247,12945.781392154982,842.6125518927292
jena,A_MAIN_LAST,v11_jena_a_p_lora_qfixed_lr0.0001_92602__A_MAIN_LAST,92602,test_b,rain (mm),0.23210947129680612,0.18791347994976362,-0.0752994312572739,17520,4066.5579371200433,3292.244168719859,-1319.2460356274387
jena,A_MAIN_LAST,v11_jena_a_p_lora_qfixed_lr0.0001_92602__A_MAIN_LAST,92602,test_b,raining (s),0.8668811191794188,0.39003118486281857,-0.03524426307367612,17520,15187.757208023417,6833.346358796582,-617.4794890508056
jena,A_MAIN_LAST,v11_jena_a_p_lora_qfixed_lr0.0001_92602__A_MAIN_LAST,92602,test_b,SWDR (W/m²),0.06678967194515496,0.1673228100134904,0.0027925880427200392,17520,1170.155052479115,2931.4956314363517,48.92614250845509
jena,A_MAIN_LAST,v11_jena_a_p_lora_qfixed_lr0.0001_92602__A_MAIN_LAST,92602,test_b,PAR (µmol/m²/s),0.05356180767632355,0.1546711764760054,0.00425232996553797,17520,938.4028704891886,2709.8390118596144,74.50082099622523
jena,A_MAIN_LAST,v11_jena_a_p_lora_qfixed_lr0.0001_92602__A_MAIN_LAST,92602,test_b,max. PAR (µmol/m²/s),0.04370960318739801,0.14265294668416054,0.006137250487737307,17520,765.7922478432132,2499.2796259064926,107.52462854515761
jena,A_MAIN_LAST,v11_jena_a_p_lora_qfixed_lr0.0001_92602__A_MAIN_LAST,92602,test_b,Tlog (degC),0.0595672023463254,0.1711156498816495,0.032551121436500415,17520,1043.617385107621,2997.9461859264993,570.2956475674873
jena,A_MAIN_LAST,v11_jena_a_p_lora_qfixed_lr0.0001_92602__A_MAIN_LAST,92602,test_b,CO2 (ppm),0.1764282118870709,0.30469725387330115,0.020545078174662394,17520,3091.022272261482,5338.295887860237,359.94976962008514
jena,A_MAIN_LAST,v11_jena_a_p_lora_qfixed_lr0.0001_92602__A_MAIN_LAST,92602,combined,p (mbar),0.2021701608271842,0.33027265330743316,0.01839752459617885,35040,7084.042435384535,11572.753771892458,644.649261850107
jena,A_MAIN_LAST,v11_jena_a_p_lora_qfixed_lr0.0001_92602__A_MAIN_LAST,92602,combined,T (degC),0.05743486185677537,0.17133357396744206,0.024807444106801132,35040,2012.5175594614088,6003.52843181917,869.2528415023116
jena,A_MAIN_LAST,v11_jena_a_p_lora_qfixed_lr0.0001_92602__A_MAIN_LAST,92602,combined,Tpot (K),0.06112165313875409,0.176901553878861,0.02236876218199898,35040,2141.7027259819433,6198.63044791529,783.8014268572442
jena,A_MAIN_LAST,v11_jena_a_p_lora_qfixed_lr0.0001_92602__A_MAIN_LAST,92602,combined,Tdew (degC),0.07793229459407165,0.1984773722311937,0.020533771361600443,35040,2730.7476025762708,6954.647122981027,719.5033485104796
jena,A_MAIN_LAST,v11_jena_a_p_lora_qfixed_lr0.0001_92602__A_MAIN_LAST,92602,combined,rh (%),0.22193163569962202,0.32025699985390693,-0.016397903126124047,35040,7776.484514914756,11221.805274880899,-574.5825255393866
jena,A_MAIN_LAST,v11_jena_a_p_lora_qfixed_lr0.0001_92602__A_MAIN_LAST,92602,combined,VPmax (mbar),0.08271073696407528,0.18060474528084677,0.024427683702528506,35040,2898.184223221198,6328.390274640871,855.9460369365988
jena,A_MAIN_LAST,v11_jena_a_p_lora_qfixed_lr0.0001_92602__A_MAIN_LAST,92602,combined,VPact (mbar),0.09059916777114144,0.20777869709822944,0.021327441813229688,35040,3174.594838700796,7280.565546321959,747.3135611355683
jena,A_MAIN_LAST,v11_jena_a_p_lora_qfixed_lr0.0001_92602__A_MAIN_LAST,92602,combined,VPdef (mbar),0.2097231881405717,0.2545637677641868,0.018133129344352884,35040,7348.700512445633,8919.914422457106,635.3848522261251
jena,A_MAIN_LAST,v11_jena_a_p_lora_qfixed_lr0.0001_92602__A_MAIN_LAST,92602,combined,sh (g/kg),0.09057619127605555,0.20708871838659554,0.0208404196849474,35040,3173.7897423129866,7256.388692266308,730.2483057605568
jena,A_MAIN_LAST,v11_jena_a_p_lora_qfixed_lr0.0001_92602__A_MAIN_LAST,92602,combined,H2OC (mmol/mol),0.09040357821233966,0.206956713398188,0.020811948719865418,35040,3167.7413805603815,7251.763237472507,729.2506831440842
jena,A_MAIN_LAST,v11_jena_a_p_lora_qfixed_lr0.0001_92602__A_MAIN_LAST,92602,combined,rho (g/m**3),0.07836232342092468,0.20383068580671446,-0.01612571602317466,35040,2745.815812669201,7142.227230667275,-565.04508945204
jena,A_MAIN_LAST,v11_jena_a_p_lora_qfixed_lr0.0001_92602__A_MAIN_LAST,92602,combined,wv (m/s),0.5680773723042782,0.527541195964365,-0.026696990883750226,35040,19905.43112554191,18485.043506591348,-935.4625605666079
jena,A_MAIN_LAST,v11_jena_a_p_lora_qfixed_lr0.0001_92602__A_MAIN_LAST,92602,combined,max. wv (m/s),0.5066597095683686,0.5048993230965395,-0.03287470548131426,35040,17753.356223275634,17691.672281302745,-1151.929680065252
jena,A_MAIN_LAST,v11_jena_a_p_lora_qfixed_lr0.0001_92602__A_MAIN_LAST,92602,combined,wd (deg),1.2323315694674866,0.7451821780048662,0.015332514714472086,35040,43180.89819414073,26111.183517290512,537.2513155951019
jena,A_MAIN_LAST,v11_jena_a_p_lora_qfixed_lr0.0001_92602__A_MAIN_LAST,92602,combined,rain (mm),0.7237491903788424,0.23989151623748067,-0.055853990776964756,35040,25360.17163087464,8405.798728961323,-1957.123836824845
jena,A_MAIN_LAST,v11_jena_a_p_lora_qfixed_lr0.0001_92602__A_MAIN_LAST,92602,combined,raining (s),0.866626542900845,0.4092014110684153,-0.007322772345833903,35040,30366.594063245608,14338.417443837272,-256.58994299802
jena,A_MAIN_LAST,v11_jena_a_p_lora_qfixed_lr0.0001_92602__A_MAIN_LAST,92602,combined,SWDR (W/m²),0.13240078161732424,0.2326603386737343,-0.005271492057766339,35040,4639.323387871042,8152.41826712765,-184.7130817041325
jena,A_MAIN_LAST,v11_jena_a_p_lora_qfixed_lr0.0001_92602__A_MAIN_LAST,92602,combined,PAR (µmol/m²/s),0.11824296195875571,0.2208254699034293,-0.004040775182133507,35040,4143.2333870348,7737.724465416162,-141.58876238195808
jena,A_MAIN_LAST,v11_jena_a_p_lora_qfixed_lr0.0001_92602__A_MAIN_LAST,92602,combined,max. PAR (µmol/m²/s),0.10714306658188728,0.20425073693949172,-0.0017198857797956985,35040,3754.2930530293306,7156.94582235979,-60.26479772404127
jena,A_MAIN_LAST,v11_jena_a_p_lora_qfixed_lr0.0001_92602__A_MAIN_LAST,92602,combined,Tlog (degC),0.06820748942820314,0.1854779870332855,0.025180089894462427,35040,2389.9904295642377,6499.148665646324,882.3103499019635
jena,A_MAIN_LAST,v11_jena_a_p_lora_qfixed_lr0.0001_92602__A_MAIN_LAST,92602,combined,CO2 (ppm),0.3803205404807743,0.41023068522089445,0.016413258716275865,35040,13326.431738446332,14374.48321014014,575.1205854183063
jena,full_lora_mse,v11_jena_full_lora_mse_lr0.0001_92601,92601,test_a,p (mbar),0.01991666101493613,0.09004521474478629,0.0006105160298605756,17520,348.93990098168103,1577.5921623286558,10.696240843157284
jena,full_lora_mse,v11_jena_full_lora_mse_lr0.0001_92601,92601,test_a,T (degC),0.05825088238549405,0.16722818869009262,-0.00020770527056703284,17520,1020.5554593938558,2929.8378658504225,-3.6389963403344154
jena,full_lora_mse,v11_jena_full_lora_mse_lr0.0001_92601,92601,test_a,Tpot (K),0.060031961040057716,0.1693921721912296,-0.0006805788855518631,17520,1051.7599574218111,2967.7508567903424,-11.923742074868642
jena,full_lora_mse,v11_jena_full_lora_mse_lr0.0001_92601,92601,test_a,Tdew (degC),0.05500591385358096,0.16378645185623972,-0.005367958630541085,17520,963.7036107147384,2869.53863652132,-94.04663520707982
jena,full_lora_mse,v11_jena_full_lora_mse_lr0.0001_92601,92601,test_a,rh (%),0.25596509009800894,0.35187876715022687,-0.01830201185827083,17520,4484.508378517116,6164.916000471974,-320.6512477569049
jena,full_lora_mse,v11_jena_full_lora_mse_lr0.0001_92601,92601,test_a,VPmax (mbar),0.10079966768754883,0.20438912681668847,0.008254962788620214,17520,1766.0101778858555,3580.897501828382,144.62694805662613
jena,full_lora_mse,v11_jena_full_lora_mse_lr0.0001_92601,92601,test_a,VPact (mbar),0.09707389399570499,0.2131716064279782,-0.006096366620894011,17520,1700.7346228047513,3734.766544618178,-106.80834319806308
jena,full_lora_mse,v11_jena_full_lora_mse_lr0.0001_92601,92601,test_a,VPdef (mbar),0.2896115753706167,0.2995870220617162,-0.007646153465452387,17520,5073.994800493205,5248.764626521268,-133.96060871472582
jena,full_lora_mse,v11_jena_full_lora_mse_lr0.0001_92601,92601,test_a,sh (g/kg),0.09794423114355087,0.2133526239990545,-0.006187296404673922,17520,1715.9829296350113,3737.9379724634346,-108.40143300988711
jena,full_lora_mse,v11_jena_full_lora_mse_lr0.0001_92601,92601,test_a,H2OC (mmol/mol),0.0973776013904295,0.21283303909578502,-0.0063047684950301676,17520,1706.055576360325,3728.8348449581536,-110.45954403292853
jena,full_lora_mse,v11_jena_full_lora_mse_lr0.0001_92601,92601,test_a,rho (g/m**3),0.06152512234970393,0.1740534766655791,-0.0001766005581407522,17520,1077.9201435668128,3049.416911180946,-3.0940417786259786
jena,full_lora_mse,v11_jena_full_lora_mse_lr0.0001_92601,92601,test_a,wv (m/s),0.5321658273551155,0.5236302623648721,-0.024488343194392338,17520,9323.545295261623,9174.002196632558,-429.0357727657538
jena,full_lora_mse,v11_jena_full_lora_mse_lr0.0001_92601,92601,test_a,max. wv (m/s),0.4863566201473646,0.49278072359132874,-0.054656102392489206,17520,8520.967984981828,8633.51827732008,-957.5749139164109
jena,full_lora_mse,v11_jena_full_lora_mse_lr0.0001_92601,92601,test_a,wd (deg),1.0488427369698785,0.7215040057724527,-0.017338601495562402,17520,18375.72475171227,12640.750181133371,-303.7722982022533
jena,full_lora_mse,v11_jena_full_lora_mse_lr0.0001_92601,92601,test_a,rain (mm),1.1057055773780349,0.17747690197836277,-0.023772680539835552,17520,19371.961715663172,3109.3953226609156,-416.49736305791885
jena,full_lora_mse,v11_jena_full_lora_mse_lr0.0001_92601,92601,test_a,raining (s),0.7024117687113024,0.305233137168896,-0.0386649677494847,17520,12306.254187822018,5347.684563199058,-677.4102349709719
jena,full_lora_mse,v11_jena_full_lora_mse_lr0.0001_92601,92601,test_a,SWDR (W/m²),0.1301930025402366,0.188464357221686,-0.00035511330389209064,17520,2280.981404504945,3301.8955385239387,-6.221585084189428
jena,full_lora_mse,v11_jena_full_lora_mse_lr0.0001_92601,92601,test_a,PAR (µmol/m²/s),0.11800384854457978,0.17875400040086387,-0.00039690050215370127,17520,2067.4274265010376,3131.7700870231347,-6.953696797732846
jena,full_lora_mse,v11_jena_full_lora_mse_lr0.0001_92601,92601,test_a,max. PAR (µmol/m²/s),0.11179776561478245,0.1708683928622778,-0.005038723635636798,17520,1958.6968535709887,2993.6142429471074,-88.2784380963567
jena,full_lora_mse,v11_jena_full_lora_mse_lr0.0001_92601,92601,test_a,Tlog (degC),0.05937601134004358,0.16931313435762607,0.011395546864859997,17520,1040.2677186775636,2966.366113945609,199.64998107234715
jena,full_lora_mse,v11_jena_full_lora_mse_lr0.0001_92601,92601,test_a,CO2 (ppm),0.3340243707947871,0.38113266427889064,0.029952443623197687,17520,5852.10697632467,6677.444278166164,524.7668122784235
jena,full_lora_mse,v11_jena_full_lora_mse_lr0.0001_92601,92601,test_b,p (mbar),0.029718703276218675,0.10508792189517308,0.004911399170210544,17520,520.6716813993512,1841.1403916034324,86.04771346208872
jena,full_lora_mse,v11_jena_full_lora_mse_lr0.0001_92601,92601,test_b,T (degC),0.04921842120124627,0.15075201250458048,0.012968857547950815,17520,862.3067394458346,2641.17525908025,227.2143842400983
jena,full_lora_mse,v11_jena_full_lora_mse_lr0.0001_92601,92601,test_b,Tpot (K),0.0508326873975133,0.15262103690784404,0.007468592598460206,17520,890.588683204433,2673.9205666254275,130.84974232502282
jena,full_lora_mse,v11_jena_full_lora_mse_lr0.0001_92601,92601,test_b,Tdew (degC),0.05650759765807463,0.16075321124265524,0.0046162810088003735,17520,990.0131109694676,2816.39626097132,80.87724327418255
jena,full_lora_mse,v11_jena_full_lora_mse_lr0.0001_92601,92601,test_b,rh (%),0.14741539859895506,0.255756023038068,-0.027083740567993272,17520,2582.7177834536924,4480.845523626951,-474.5071347512421
jena,full_lora_mse,v11_jena_full_lora_mse_lr0.0001_92601,92601,test_b,VPmax (mbar),0.02559884966201126,0.10229740585540698,0.01112083712370522,17520,448.4918460784373,1792.2505505867302,194.83706640731543
jena,full_lora_mse,v11_jena_full_lora_mse_lr0.0001_92601,92601,test_b,VPact (mbar),0.0407749345149177,0.13057629655503739,0.004637790581507104,17520,714.3768527013581,2287.696715644255,81.25409098800446
jena,full_lora_mse,v11_jena_full_lora_mse_lr0.0001_92601,92601,test_b,VPdef (mbar),0.03234546364313868,0.10764696848122658,4.3289622089391805e-05,17520,566.6925230277897,1885.9748877910897,0.7584341790061444
jena,full_lora_mse,v11_jena_full_lora_mse_lr0.0001_92601,92601,test_b,sh (g/kg),0.04059009167984379,0.12990613715141347,0.003923939290689305,17520,711.1384062308631,2275.955522892764,68.74741637287661
jena,full_lora_mse,v11_jena_full_lora_mse_lr0.0001_92601,92601,test_b,H2OC (mmol/mol),0.04077484793582803,0.13020279775103197,0.004084048117962815,17520,714.3753358357071,2281.1530165980803,71.55252302670851
jena,full_lora_mse,v11_jena_full_lora_mse_lr0.0001_92601,92601,test_b,rho (g/m**3),0.05356050296438991,0.15601649900360814,0.001058188680615611,17520,938.3800119361113,2733.4090625432145,18.539465684385505
jena,full_lora_mse,v11_jena_full_lora_mse_lr0.0001_92601,92601,test_b,wv (m/s),0.5866302551095364,0.5161653547538322,-0.023549472669750285,17520,10277.762069519076,9043.21701528714,-412.586761174025
jena,full_lora_mse,v11_jena_full_lora_mse_lr0.0001_92601,92601,test_b,max. wv (m/s),0.5188613439955492,0.4937743874921646,-0.044069311516141504,17520,9090.450746802022,8650.927268862724,-772.0943377627991
jena,full_lora_mse,v11_jena_full_lora_mse_lr0.0001_92601,92601,test_b,wd (deg),1.0578117073841578,0.7238583376107405,0.001601844096745215,17520,18532.861113370443,12681.998074940173,28.064308574976167
jena,full_lora_mse,v11_jena_full_lora_mse_lr0.0001_92601,92601,test_b,rain (mm),0.14338996733965115,0.07864846602006935,-0.014123800337115197,17520,2512.1922277906883,1377.921124671615,-247.44898190625827
jena,full_lora_mse,v11_jena_full_lora_mse_lr0.0001_92601,92601,test_b,raining (s),0.7415412915243482,0.3339540411322697,-0.029858314331204176,17520,12991.80342750658,5850.874800637364,-523.1176670826972
jena,full_lora_mse,v11_jena_full_lora_mse_lr0.0001_92601,92601,test_b,SWDR (W/m²),0.03917159774831407,0.09474105416171436,0.01936616754484191,17520,686.2863925504626,1659.8632689132355,339.2952553856303
jena,full_lora_mse,v11_jena_full_lora_mse_lr0.0001_92601,92601,test_b,PAR (µmol/m²/s),0.02920113097555562,0.08166047022606278,0.017020410785825994,17520,511.6038146917345,1430.69143836062,298.1975969676714
jena,full_lora_mse,v11_jena_full_lora_mse_lr0.0001_92601,92601,test_b,max. PAR (µmol/m²/s),0.022712118526173542,0.0733765360885515,0.016272819883000854,17520,397.91631657856044,1285.5569122714223,285.09980435017496
jena,full_lora_mse,v11_jena_full_lora_mse_lr0.0001_92601,92601,test_b,Tlog (degC),0.04854789163505818,0.148941404200359,0.015629018153871684,17520,850.5590614462194,2609.45340159029,273.8203980558319
jena,full_lora_mse,v11_jena_full_lora_mse_lr0.0001_92601,92601,test_b,CO2 (ppm),0.1479674587514111,0.25550594303689705,-0.028207801405598778,17520,2592.3898773247224,4476.464122006437,-494.2006806260906
jena,full_lora_mse,v11_jena_full_lora_mse_lr0.0001_92601,92601,combined,p (mbar),0.024817682145575278,0.09756656831997969,0.0027609576000355595,35040,869.6115823809578,3418.732553932088,96.743954305246
jena,full_lora_mse,v11_jena_full_lora_mse_lr0.0001_92601,92601,combined,T (degC),0.0537346517933758,0.15899010059733654,0.006380576138691892,35040,1882.862198839888,5571.013124930672,223.57538789976388
jena,full_lora_mse,v11_jena_full_lora_mse_lr0.0001_92601,92601,combined,Tpot (K),0.055432324218791,0.1610066045495368,0.0033940068564541717,35040,1942.3486406264365,5641.67142341577,118.92600025015417
jena,full_lora_mse,v11_jena_full_lora_mse_lr0.0001_92601,92601,combined,Tdew (degC),0.055756755755831784,0.1622698315494475,-0.00037583881087035586,35040,1953.7167216843457,5685.93489749264,-13.16939193289727
jena,full_lora_mse,v11_jena_full_lora_mse_lr0.0001_92601,92601,combined,rh (%),0.20169024434849173,0.3038173950941474,-0.02269287621313205,35040,7067.22616197115,10645.761524098925,-795.158382508147
jena,full_lora_mse,v11_jena_full_lora_mse_lr0.0001_92601,92601,combined,VPmax (mbar),0.06319925867478432,0.15334326633604772,0.009687899956162717,35040,2214.5020239644427,5373.148052415112,339.46401446394157
jena,full_lora_mse,v11_jena_full_lora_mse_lr0.0001_92601,92601,combined,VPact (mbar),0.06892441425531536,0.1718739514915078,-0.0007292880196934538,35040,2415.11147550625,6022.463260262433,-25.55425221005862
jena,full_lora_mse,v11_jena_full_lora_mse_lr0.0001_92601,92601,combined,VPdef (mbar),0.1609785195068882,0.2036169952714714,-0.0038014319216814977,35040,5640.6873235213625,7134.739514312358,-133.20217453571968
jena,full_lora_mse,v11_jena_full_lora_mse_lr0.0001_92601,92601,combined,sh (g/kg),0.06926716141170157,0.17162938057523397,-0.0011316785569923087,35040,2427.121335866023,6013.893495356198,-39.6540166370105
jena,full_lora_mse,v11_jena_full_lora_mse_lr0.0001_92601,92601,combined,H2OC (mmol/mol),0.06907622466313275,0.1715179184234085,-0.0011103601885336764,35040,2420.4309121961714,6009.987861556234,-38.90702100622002
jena,full_lora_mse,v11_jena_full_lora_mse_lr0.0001_92601,92601,combined,rho (g/m**3),0.05754281265705158,0.1650349878345936,0.0004407940612374294,35040,2016.3001555030874,5782.825973724161,15.445423905759526
jena,full_lora_mse,v11_jena_full_lora_mse_lr0.0001_92601,92601,combined,wv (m/s),0.559398041232329,0.5198978085593521,-0.02401890793207131,35040,19601.307364780805,18217.2192119197,-841.6225339397788
jena,full_lora_mse,v11_jena_full_lora_mse_lr0.0001_92601,92601,combined,max. wv (m/s),0.5026089820714615,0.4932775555417467,-0.049362706954315355,35040,17611.41873178401,17284.445546182804,-1729.66925167921
jena,full_lora_mse,v11_jena_full_lora_mse_lr0.0001_92601,92601,combined,wd (deg),1.0533272221770333,0.7226811716915966,-0.007868378699408594,35040,36908.585865083245,25322.748256073544,-275.70798962727713
jena,full_lora_mse,v11_jena_full_lora_mse_lr0.0001_92601,92601,combined,rain (mm),0.6245477723588342,0.12806268399921605,-0.018948240438475376,35040,21884.15394345355,4487.3164473325305,-663.9463449641771
jena,full_lora_mse,v11_jena_full_lora_mse_lr0.0001_92601,92601,combined,raining (s),0.7219765301178289,0.31959358915058284,-0.03426164104034444,35040,25298.057615328726,11198.559363836423,-1200.527902053669
jena,full_lora_mse,v11_jena_full_lora_mse_lr0.0001_92601,92601,combined,SWDR (W/m²),0.08468230014427762,0.14160270569170016,0.009505527120474911,35040,2967.267797055488,4961.758807437174,333.07367030144087
jena,full_lora_mse,v11_jena_full_lora_mse_lr0.0001_92601,92601,combined,PAR (µmol/m²/s),0.07360248976007087,0.13020723531346332,0.008311755141836146,35040,2579.0312411928835,4562.461525383755,291.24390016993857
jena,full_lora_mse,v11_jena_full_lora_mse_lr0.0001_92601,92601,combined,max. PAR (µmol/m²/s),0.06725494207048217,0.12212246447541467,0.0056170481236820285,35040,2356.613170149695,4279.17115521853,196.82136625381827
jena,full_lora_mse,v11_jena_full_lora_mse_lr0.0001_92601,92601,combined,Tlog (degC),0.05396195148755657,0.15912726927899254,0.01351228250936584,35040,1890.8267801239822,5575.819515535899,473.47037912817905
jena,full_lora_mse,v11_jena_full_lora_mse_lr0.0001_92601,92601,combined,CO2 (ppm),0.240995914773106,0.31831930365789385,0.0008723211087994533,35040,8444.496853649634,11153.9084001726,30.566131652332842
jena,full_lora_mse,v11_jena_full_lora_mse_lr0.0001_92602,92602,test_a,p (mbar),0.021235908238444335,0.09530869435300901,0.00972236105613384,17520,372.05311233754475,1669.8083250647178,170.33576570346486
jena,full_lora_mse,v11_jena_full_lora_mse_lr0.0001_92602,92602,test_a,T (degC),0.06014069805875538,0.17259484158885202,0.006204037697476517,17520,1053.6650299893943,3023.8616246366873,108.69474045978859
jena,full_lora_mse,v11_jena_full_lora_mse_lr0.0001_92602,92602,test_a,Tpot (K),0.06188068431853693,0.17537176524250148,0.007374993419209835,17520,1084.149589260767,3072.513327048626,129.20988470455632
jena,full_lora_mse,v11_jena_full_lora_mse_lr0.0001_92602,92602,test_a,Tdew (degC),0.05821034921995111,0.1692176744562737,0.0036051143534275142,17520,1019.8453183335434,2964.6936564739153,63.16160347205005
jena,full_lora_mse,v11_jena_full_lora_mse_lr0.0001_92602,92602,test_a,rh (%),0.24924702920375588,0.34434335551358675,-0.02610391470133598,17520,4366.807951649803,6032.8955885980395,-457.3405855674064
jena,full_lora_mse,v11_jena_full_lora_mse_lr0.0001_92602,92602,test_a,VPmax (mbar),0.10529928298891368,0.21031800265284814,0.014934577537905457,17520,1844.8434379657676,3684.7714064778993,261.6537984641036
jena,full_lora_mse,v11_jena_full_lora_mse_lr0.0001_92602,92602,test_a,VPact (mbar),0.10208270954582865,0.22087568417999504,0.005151205162999003,17520,1788.489071242918,3869.741986833513,90.24911445574253
jena,full_lora_mse,v11_jena_full_lora_mse_lr0.0001_92602,92602,test_a,VPdef (mbar),0.2919622157377757,0.2987039658414401,-0.0010942334728900208,17520,5115.17801972583,5233.29348154203,-19.170970445033163
jena,full_lora_mse,v11_jena_full_lora_mse_lr0.0001_92602,92602,test_a,sh (g/kg),0.10297743739740738,0.22105795992937016,0.005075821282858237,17520,1804.1647032025771,3872.935457962565,88.92838887567632
jena,full_lora_mse,v11_jena_full_lora_mse_lr0.0001_92602,92602,test_a,H2OC (mmol/mol),0.10239681424639945,0.2205076683986561,0.0048407981476199504,17520,1793.9921855969183,3863.294350344455,84.81078354630154
jena,full_lora_mse,v11_jena_full_lora_mse_lr0.0001_92602,92602,test_a,rho (g/m**3),0.059925241994393516,0.173553222712624,0.0034935228366633317,17520,1049.8902397417744,3040.6524619251722,61.20652009834157
jena,full_lora_mse,v11_jena_full_lora_mse_lr0.0001_92602,92602,test_a,wv (m/s),0.5366501096627286,0.5264021838266459,-0.010034990688234666,17520,9402.109921291005,9222.566260642838,-175.81303685787134
jena,full_lora_mse,v11_jena_full_lora_mse_lr0.0001_92602,92602,test_a,max. wv (m/s),0.49196618775985546,0.4977919222010522,-0.036993773250397266,17520,8619.247609552667,8721.314476962434,-648.1309073469602
jena,full_lora_mse,v11_jena_full_lora_mse_lr0.0001_92602,92602,test_a,wd (deg),1.0538169459389246,0.7141487542510441,-0.013637708679679854,17520,18462.87289284996,12511.886174478292,-238.93265606799105
jena,full_lora_mse,v11_jena_full_lora_mse_lr0.0001_92602,92602,test_a,rain (mm),1.1138921221410478,0.19250571584428947,-0.00804820431983226,17520,19515.389979911157,3372.7001415919513,-141.0045396834612
jena,full_lora_mse,v11_jena_full_lora_mse_lr0.0001_92602,92602,test_a,raining (s),0.7107408489901662,0.3199513323143253,-0.018974393141627646,17520,12452.179674307712,5605.54734214698,-332.4313678413164
jena,full_lora_mse,v11_jena_full_lora_mse_lr0.0001_92602,92602,test_a,SWDR (W/m²),0.13270723418762403,0.19386030117337164,0.0123367302521089,17520,2325.030742967173,3396.432476557471,216.13951401694794
jena,full_lora_mse,v11_jena_full_lora_mse_lr0.0001_92602,92602,test_a,PAR (µmol/m²/s),0.12056781733428744,0.18370031647728413,0.009822899393624056,17520,2112.348159696716,3218.429544682018,172.09719737629348
jena,full_lora_mse,v11_jena_full_lora_mse_lr0.0001_92602,92602,test_a,max. PAR (µmol/m²/s),0.11561925564428456,0.1760690925205842,0.008025656000061802,17520,2025.6493588878654,3084.7305009606353,140.60949312108278
jena,full_lora_mse,v11_jena_full_lora_mse_lr0.0001_92602,92602,test_a,Tlog (degC),0.06099763213525485,0.17313482803623811,0.016458201276418966,17520,1068.678515009665,3033.3221871948917,288.34768636286026
jena,full_lora_mse,v11_jena_full_lora_mse_lr0.0001_92602,92602,test_a,CO2 (ppm),0.3322897717060068,0.38887208347396446,0.019113526151533618,17520,5821.7168002892395,6813.038902463857,334.86897817486897
jena,full_lora_mse,v11_jena_full_lora_mse_lr0.0001_92602,92602,test_b,p (mbar),0.03073705707693264,0.11092688347784647,0.016341397930277522,17520,538.5132399878598,1943.4389985318703,286.30129173846217
jena,full_lora_mse,v11_jena_full_lora_mse_lr0.0001_92602,92602,test_b,T (degC),0.04924060361774495,0.15414926876881707,0.019863164962107768,17520,862.6953753828916,2700.6951888296753,348.00265013612807
jena,full_lora_mse,v11_jena_full_lora_mse_lr0.0001_92602,92602,test_b,Tpot (K),0.05089151090540521,0.1563018462092554,0.01617432012415138,17520,891.6192710626992,2738.4083455861546,283.3740885751322
jena,full_lora_mse,v11_jena_full_lora_mse_lr0.0001_92602,92602,test_b,Tdew (degC),0.05783476884752347,0.16394250212194977,0.016789899252373838,17520,1013.2651502086112,2872.2726371765602,294.1590349015896
jena,full_lora_mse,v11_jena_full_lora_mse_lr0.0001_92602,92602,test_b,rh (%),0.14641871426892422,0.2568673070159056,-0.021355956424598196,17520,2565.2558739915526,4500.315218918666,-374.1563565589604
jena,full_lora_mse,v11_jena_full_lora_mse_lr0.0001_92602,92602,test_b,VPmax (mbar),0.025347333479165776,0.10412870251707047,0.01367419495470035,17520,444.0852825549844,1824.3348680990748,239.57189560635015
jena,full_lora_mse,v11_jena_full_lora_mse_lr0.0001_92602,92602,test_b,VPact (mbar),0.04176553410000047,0.13375238519464258,0.01410602438098391,17520,731.7321574320083,2343.341788610138,247.1375471548381
jena,full_lora_mse,v11_jena_full_lora_mse_lr0.0001_92602,92602,test_b,VPdef (mbar),0.031516265968610915,0.10819745273972525,0.0024216491687956763,17520,552.1649797700633,1895.6193719999865,42.42729343730025
jena,full_lora_mse,v11_jena_full_lora_mse_lr0.0001_92602,92602,test_b,sh (g/kg),0.041575988697682614,0.13307122546261427,0.01344738694236903,17520,728.4113219833994,2331.407870105002,235.5982192303054
jena,full_lora_mse,v11_jena_full_lora_mse_lr0.0001_92602,92602,test_b,H2OC (mmol/mol),0.04176423163332929,0.13337526171676575,0.013560373852902293,17520,731.7093382159292,2336.734585277736,237.57774990284815
jena,full_lora_mse,v11_jena_full_lora_mse_lr0.0001_92602,92602,test_b,rho (g/m**3),0.05230435873552961,0.15590591663634576,0.011547746738738813,17520,916.3723650464788,2731.471659468778,202.316522862704
jena,full_lora_mse,v11_jena_full_lora_mse_lr0.0001_92602,92602,test_b,wv (m/s),0.590643882520361,0.5200481867353106,-0.01669960809765505,17520,10348.080821756725,9111.244231602643,-292.57713387091644
jena,full_lora_mse,v11_jena_full_lora_mse_lr0.0001_92602,92602,test_b,max. wv (m/s),0.5267823050806969,0.49774626954711154,-0.04516336015312928,17520,9229.225985013809,8720.514642465394,-791.262069882825
jena,full_lora_mse,v11_jena_full_lora_mse_lr0.0001_92602,92602,test_b,wd (deg),1.0777957451135736,0.7265759947513322,0.010825327397185603,17520,18882.98145438981,12729.61142804334,189.65973599869176
jena,full_lora_mse,v11_jena_full_lora_mse_lr0.0001_92602,92602,test_b,rain (mm),0.14345085524503065,0.08213714494653786,-0.010659766066596167,17520,2513.258983892937,1439.0427794633433,-186.75910148676485
jena,full_lora_mse,v11_jena_full_lora_mse_lr0.0001_92602,92602,test_b,raining (s),0.7524135893831074,0.34371117798262807,-0.01755678931657293,17520,13182.286085992042,6021.819838255644,-307.5949488263577
jena,full_lora_mse,v11_jena_full_lora_mse_lr0.0001_92602,92602,test_b,SWDR (W/m²),0.03891000691090402,0.09764796566633366,0.03149036467204588,17520,681.7033210790385,1710.7923584741657,551.7111890542437
jena,full_lora_mse,v11_jena_full_lora_mse_lr0.0001_92602,92602,test_b,PAR (µmol/m²/s),0.029115030108530605,0.0844795407976147,0.027582799081958757,17520,510.0953275014562,1480.0815547742095,483.2506399159174
jena,full_lora_mse,v11_jena_full_lora_mse_lr0.0001_92602,92602,test_b,max. PAR (µmol/m²/s),0.02313873094714117,0.07657047801964824,0.025755509851153803,17520,405.3905661939133,1341.5147749042371,451.23653259221464
jena,full_lora_mse,v11_jena_full_lora_mse_lr0.0001_92602,92602,test_b,Tlog (degC),0.049540019401041,0.15317966903458666,0.025075517475574977,17520,867.9411399062383,2683.707801485958,439.3230661720736
jena,full_lora_mse,v11_jena_full_lora_mse_lr0.0001_92602,92602,test_b,CO2 (ppm),0.151550822297076,0.2591247578453327,-0.013641518564747549,17520,2655.1704066447714,4539.865757450229,-238.99940525437705
jena,full_lora_mse,v11_jena_full_lora_mse_lr0.0001_92602,92602,combined,p (mbar),0.02598648265768713,0.10311778891542775,0.01303187949320568,35040,910.566352325357,3613.247323596588,456.637057441927
jena,full_lora_mse,v11_jena_full_lora_mse_lr0.0001_92602,92602,combined,T (degC),0.054690650838255674,0.16337205517883455,0.013033601329792142,35040,1916.360405372479,5724.556813466363,456.69739059591666
jena,full_lora_mse,v11_jena_full_lora_mse_lr0.0001_92602,92602,combined,Tpot (K),0.05638609761197653,0.16583680572587844,0.011774656771680608,35040,1975.7688603236575,5810.92167263478,412.5839732796885
jena,full_lora_mse,v11_jena_full_lora_mse_lr0.0001_92602,92602,combined,Tdew (degC),0.05802255903374136,0.16658008828911175,0.010197506802900675,35040,2033.1104685422972,5836.966293650476,357.32063837363967
jena,full_lora_mse,v11_jena_full_lora_mse_lr0.0001_92602,92602,combined,rh (%),0.19783287173635072,0.30060533126474615,-0.023729935562967087,35040,6932.06382564173,10533.210807516705,-831.4969421263668
jena,full_lora_mse,v11_jena_full_lora_mse_lr0.0001_92602,92602,combined,VPmax (mbar),0.06532330823404388,0.1572233525849593,0.014304386246302904,35040,2288.9287205208975,5509.106274576974,501.22569407045376
jena,full_lora_mse,v11_jena_full_lora_mse_lr0.0001_92602,92602,combined,VPact (mbar),0.07192412182291896,0.1773140346873188,0.009628614771991456,35040,2520.2212286750805,6213.083775443651,337.38666161058063
jena,full_lora_mse,v11_jena_full_lora_mse_lr0.0001_92602,92602,combined,VPdef (mbar),0.16173924085320313,0.20345070929058268,0.0006637078479528278,35040,5667.342999496237,7128.912853542017,23.256322992267087
jena,full_lora_mse,v11_jena_full_lora_mse_lr0.0001_92602,92602,combined,sh (g/kg),0.07227671304754853,0.1770645926959922,0.009261604112613633,35040,2532.5760251861,6204.343328067567,324.5266081059817
jena,full_lora_mse,v11_jena_full_lora_mse_lr0.0001_92602,92602,combined,H2OC (mmol/mol),0.07208052293986832,0.17694146505771094,0.009200586000261121,35040,2525.7015238129857,6200.028935622191,322.3885334491497
jena,full_lora_mse,v11_jena_full_lora_mse_lr0.0001_92602,92602,combined,rho (g/m**3),0.05611480036496719,0.16472956967448488,0.007520634787701073,35040,1966.2626047884503,5772.12412139395,263.5230429610456
jena,full_lora_mse,v11_jena_full_lora_mse_lr0.0001_92602,92602,combined,wv (m/s),0.5636469960915435,0.5232251852809783,-0.013367299392944856,35040,19750.190743047682,18333.81049224548,-468.3901707287878
jena,full_lora_mse,v11_jena_full_lora_mse_lr0.0001_92602,92602,combined,max. wv (m/s),0.5093742464202816,0.49776909587408186,-0.041078566701763276,35040,17848.47359456667,17441.829119427828,-1439.3929772297852
jena,full_lora_mse,v11_jena_full_lora_mse_lr0.0001_92602,92602,combined,wd (deg),1.0658063455262548,0.7203623745011881,-0.0014061906412471258,35040,37345.85434723997,25241.49760252163,-49.27292006929929
jena,full_lora_mse,v11_jena_full_lora_mse_lr0.0001_92602,92602,combined,rain (mm),0.6286714886929984,0.13732143039541367,-0.009353985193214214,35040,22028.64896380266,4811.742921055295,-327.76364117022604
jena,full_lora_mse,v11_jena_full_lora_mse_lr0.0001_92602,92602,combined,raining (s),0.7315772191866416,0.3318312551484767,-0.01826559122910029,35040,25634.46576029992,11627.367180402623,-640.0263166676741
jena,full_lora_mse,v11_jena_full_lora_mse_lr0.0001_92602,92602,combined,SWDR (W/m²),0.08580862054926769,0.14575413341985266,0.02191354746207739,35040,3006.73406404634,5107.224835031637,767.8507030711917
jena,full_lora_mse,v11_jena_full_lora_mse_lr0.0001_92602,92602,combined,PAR (µmol/m²/s),0.0748414237214125,0.13408992863744942,0.018702849237791405,35040,2622.443487198294,4698.511099456227,655.3478372922109
jena,full_lora_mse,v11_jena_full_lora_mse_lr0.0001_92602,92602,combined,max. PAR (µmol/m²/s),0.06937899329571609,0.12631978527011622,0.016890582925607803,35040,2431.039925081892,4426.245275864872,591.8460257132974
jena,full_lora_mse,v11_jena_full_lora_mse_lr0.0001_92602,92602,combined,Tlog (degC),0.05526882576815365,0.16315724853541239,0.020766859375996972,35040,1936.619654916104,5717.02998868085,727.6707525349339
jena,full_lora_mse,v11_jena_full_lora_mse_lr0.0001_92602,92602,combined,CO2 (ppm),0.24192029700154613,0.32399842065964857,0.0027360037933930343,35040,8476.887206934176,11352.904659914086,95.86957292049192
jena,direct_nlinear,v7_jena_direct_nlinear_lr0.001_92601,92601,test_a,p (mbar),0.10588765842864828,0.23389499144310097,-5.513807984210389e-05,17520,1855.151775669918,4097.840250083129,-0.9660191588336602
jena,direct_nlinear,v7_jena_direct_nlinear_lr0.001_92601,92601,test_a,T (degC),0.07643744246633394,0.2035326329562239,0.017782479613199703,17520,1339.1839920101706,3565.8917293930426,311.5490428232588
jena,direct_nlinear,v7_jena_direct_nlinear_lr0.001_92601,92601,test_a,Tpot (K),0.08171821888227838,0.20909875761959426,0.018089738483120767,17520,1431.7031948175172,3663.4102334952913,316.93221822427586
jena,direct_nlinear,v7_jena_direct_nlinear_lr0.001_92601,92601,test_a,Tdew (degC),0.08131042852284834,0.20652130586352638,0.014593585117793292,17520,1424.558707720303,3618.253278728982,255.67961126373848
jena,direct_nlinear,v7_jena_direct_nlinear_lr0.001_92601,92601,test_a,rh (%),0.2611422964486165,0.3593298048239708,-0.003778522664761611,17520,4575.213033779761,6295.458180515969,-66.19971708662342
jena,direct_nlinear,v7_jena_direct_nlinear_lr0.001_92601,92601,test_a,VPmax (mbar),0.1357753167831185,0.24947413701439686,0.02379584876140957,17520,2378.783550040236,4370.786880492233,416.90327029989567
jena,direct_nlinear,v7_jena_direct_nlinear_lr0.001_92601,92601,test_a,VPact (mbar),0.1407471927663375,0.2692046443000801,0.019252424474036335,17520,2465.8908172662327,4716.465368137404,337.3024767851166
jena,direct_nlinear,v7_jena_direct_nlinear_lr0.001_92601,92601,test_a,VPdef (mbar),0.33433112251491626,0.33761791284682474,0.020981456278440582,17520,5857.481266461333,5915.065833076369,367.595113998279
jena,direct_nlinear,v7_jena_direct_nlinear_lr0.001_92601,92601,test_a,sh (g/kg),0.14315168362878872,0.2710326739380638,0.019373201311299614,17520,2508.017497176378,4748.492447394878,339.41848697396927
jena,direct_nlinear,v7_jena_direct_nlinear_lr0.001_92601,92601,test_a,H2OC (mmol/mol),0.14254789414977032,0.2705800644086847,0.0192989153069267,17520,2497.439105503976,4740.562728440156,338.11699617735576
jena,direct_nlinear,v7_jena_direct_nlinear_lr0.001_92601,92601,test_a,rho (g/m**3),0.08620340535435941,0.21184300426929975,-0.0068640978197648,17520,1510.283661808377,3711.4894347981317,-120.25899380227929
jena,direct_nlinear,v7_jena_direct_nlinear_lr0.001_92601,92601,test_a,wv (m/s),0.5315858806866193,0.534883465040935,0.016782823424774634,17520,9313.384629629569,9371.15830751718,294.0350664020516
jena,direct_nlinear,v7_jena_direct_nlinear_lr0.001_92601,92601,test_a,max. wv (m/s),0.5023729272588461,0.5114848519431971,0.015499604840804908,17520,8801.573685574984,8961.214606044814,271.553076810902
jena,direct_nlinear,v7_jena_direct_nlinear_lr0.001_92601,92601,test_a,wd (deg),1.1303240214030592,0.7500276428380862,-0.023919199725893105,17520,19803.2768549816,13140.48430252327,-419.0643791976472
jena,direct_nlinear,v7_jena_direct_nlinear_lr0.001_92601,92601,test_a,rain (mm),1.34467854644975,0.3134998128111538,0.027673731790642895,17520,23558.76813379962,5492.516720451415,484.84378097206354
jena,direct_nlinear,v7_jena_direct_nlinear_lr0.001_92601,92601,test_a,raining (s),0.8415904171595174,0.42201910911863627,0.031188498042124115,17520,14744.664108634746,7393.7747917585075,546.4224856980145
jena,direct_nlinear,v7_jena_direct_nlinear_lr0.001_92601,92601,test_a,SWDR (W/m²),0.16819209466677745,0.26248497826963346,0.0107970270353756,17520,2946.725498561941,4598.736819283979,189.16391365978052
jena,direct_nlinear,v7_jena_direct_nlinear_lr0.001_92601,92601,test_a,PAR (µmol/m²/s),0.15350799360280412,0.2520091057865812,0.01068228221165181,17520,2689.460047921128,4415.199533380903,187.1535843481397
jena,direct_nlinear,v7_jena_direct_nlinear_lr0.001_92601,92601,test_a,max. PAR (µmol/m²/s),0.14209367966018424,0.23976525718268296,0.011278782365022201,17520,2489.481267646428,4200.687305840605,197.60426703518897
jena,direct_nlinear,v7_jena_direct_nlinear_lr0.001_92601,92601,test_a,Tlog (degC),0.08442574083030467,0.211879208212655,0.020133831256202005,17520,1479.138979346938,3712.123727885715,352.7447236086591
jena,direct_nlinear,v7_jena_direct_nlinear_lr0.001_92601,92601,test_a,CO2 (ppm),0.4525637768817162,0.47807286449793895,-0.0011011611487127448,17520,7928.917370967667,8375.83658600389,-19.29234332544729
jena,direct_nlinear,v7_jena_direct_nlinear_lr0.001_92601,92601,test_b,p (mbar),0.17563227899189815,0.29328201358962175,0.005539928552669767,17520,3077.0775279380555,5138.300878090173,97.05954824277433
jena,direct_nlinear,v7_jena_direct_nlinear_lr0.001_92601,92601,test_b,T (degC),0.06856658888093506,0.1935152956119528,0.025286167290712362,17520,1201.2866371939822,3390.387979121413,443.0136509332806
jena,direct_nlinear,v7_jena_direct_nlinear_lr0.001_92601,92601,test_b,Tpot (K),0.0725500700152526,0.19976457912213336,0.024822396697310654,17520,1271.0772266672254,3499.8754262197763,434.88839013688266
jena,direct_nlinear,v7_jena_direct_nlinear_lr0.001_92601,92601,test_b,Tdew (degC),0.08073641481609481,0.20828483575059925,0.02856278739272966,17520,1414.501987577981,3649.1503223504988,500.42003512062365
jena,direct_nlinear,v7_jena_direct_nlinear_lr0.001_92601,92601,test_b,rh (%),0.15220776199179084,0.27149003338737915,0.002551682419488478,17520,2666.6799900961755,4756.505384946882,44.70547598943813
jena,direct_nlinear,v7_jena_direct_nlinear_lr0.001_92601,92601,test_b,VPmax (mbar),0.036105567067158416,0.132776547690559,0.019745320385613278,17520,632.5695350166154,2326.2451155385934,345.93801315594465
jena,direct_nlinear,v7_jena_direct_nlinear_lr0.001_92601,92601,test_b,VPact (mbar),0.05744084321911117,0.1699231843154026,0.025838302843083544,17520,1006.3635731988277,2977.0541892058536,452.6870658108237
jena,direct_nlinear,v7_jena_direct_nlinear_lr0.001_92601,92601,test_b,VPdef (mbar),0.03760339304427943,0.11968373954580505,0.009231747923082392,17520,658.8114461357757,2096.8591168425046,161.7402236124035
jena,direct_nlinear,v7_jena_direct_nlinear_lr0.001_92601,92601,test_b,sh (g/kg),0.057484267151171956,0.169759217816321,0.02544354642951355,17520,1007.1243604885326,2974.181496141944,445.7709334450774
jena,direct_nlinear,v7_jena_direct_nlinear_lr0.001_92601,92601,test_b,H2OC (mmol/mol),0.05776021002193257,0.17020683864024722,0.02551051057031544,17520,1011.9588795842587,2982.0238129771315,446.9441451919265
jena,direct_nlinear,v7_jena_direct_nlinear_lr0.001_92601,92601,test_b,rho (g/m**3),0.0908030132194165,0.22426438702179158,-0.013113673601555877,17520,1590.868791604177,3929.1120606217883,-229.75156149925897
jena,direct_nlinear,v7_jena_direct_nlinear_lr0.001_92601,92601,test_b,wv (m/s),0.619236686281457,0.5434132098948283,0.012841190223701162,17520,10849.026743651128,9520.599437357392,224.97765271924436
jena,direct_nlinear,v7_jena_direct_nlinear_lr0.001_92601,92601,test_b,max. wv (m/s),0.5388230504771366,0.5206049885649976,0.008711491533279733,17520,9440.179844359434,9120.999399658758,152.62533166306093
jena,direct_nlinear,v7_jena_direct_nlinear_lr0.001_92601,92601,test_b,wd (deg),1.1661344305530255,0.7609989752377434,0.01904127733946158,17520,20430.675223289007,13332.702046165265,333.60317898736685
jena,direct_nlinear,v7_jena_direct_nlinear_lr0.001_92601,92601,test_b,rain (mm),0.15538603025074402,0.11767691145140728,-0.005475074608840014,17520,2722.3632499930354,2061.6994886286557,-95.92330714687705
jena,direct_nlinear,v7_jena_direct_nlinear_lr0.001_92601,92601,test_b,raining (s),0.8341981610033815,0.42179625704650636,0.010673399386315108,17520,14615.151780779244,7389.870423454791,186.9979572482407
jena,direct_nlinear,v7_jena_direct_nlinear_lr0.001_92601,92601,test_b,SWDR (W/m²),0.044554317140717954,0.11749576433968664,0.004368458462780853,17520,780.5916363053785,2058.52579123131,76.53539226792054
jena,direct_nlinear,v7_jena_direct_nlinear_lr0.001_92601,92601,test_b,PAR (µmol/m²/s),0.03454329098006979,0.10561479689544426,0.005194651221320878,17520,605.1984579708227,1850.3712416081835,91.01028939754178
jena,direct_nlinear,v7_jena_direct_nlinear_lr0.001_92601,92601,test_b,max. PAR (µmol/m²/s),0.02777405252475083,0.09619130479918339,0.006763545492478991,17520,486.60140023363454,1685.271660081693,118.49731702823192
jena,direct_nlinear,v7_jena_direct_nlinear_lr0.001_92601,92601,test_b,Tlog (degC),0.0666318333279583,0.19229661220252808,0.025822303177262328,17520,1167.3897199058295,3369.036645788292,452.40675166563597
jena,direct_nlinear,v7_jena_direct_nlinear_lr0.001_92601,92601,test_b,CO2 (ppm),0.15761421272747,0.27305475578031535,0.009493444079161648,17520,2761.4010069852743,4783.919321271125,166.32514026691206
jena,direct_nlinear,v7_jena_direct_nlinear_lr0.001_92601,92601,combined,p (mbar),0.14075996871027666,0.26358850251636134,0.002742395236413832,35040,4932.229303608094,9236.141128173302,96.09352908394067
jena,direct_nlinear,v7_jena_direct_nlinear_lr0.001_92601,92601,combined,T (degC),0.07250201567363775,0.19852396428408836,0.021534323451956033,35040,2540.4706292042665,6956.279708514456,754.5626937565394
jena,direct_nlinear,v7_jena_direct_nlinear_lr0.001_92601,92601,combined,Tpot (K),0.07713414444876913,0.2044316683708638,0.021456067590215712,35040,2702.7804214848707,7163.285659715068,751.8206083611585
jena,direct_nlinear,v7_jena_direct_nlinear_lr0.001_92601,92601,combined,Tdew (degC),0.08102342166947277,0.2074030708070628,0.021578186255261478,35040,2839.0606952983258,7267.403601079481,756.0996463843621
jena,direct_nlinear,v7_jena_direct_nlinear_lr0.001_92601,92601,combined,rh (%),0.20667502922021305,0.31540991910567495,-0.0006134201226365666,35040,7241.893023876265,11051.963565462851,-21.494241097185295
jena,direct_nlinear,v7_jena_direct_nlinear_lr0.001_92601,92601,combined,VPmax (mbar),0.08594044192514226,0.1911253423524779,0.021770584573511425,35040,3011.3530850569846,6697.031996030826,762.8412834558403
jena,direct_nlinear,v7_jena_direct_nlinear_lr0.001_92601,92601,combined,VPact (mbar),0.09909401799272723,0.21956391430774136,0.02254536365855994,35040,3472.254390465162,7693.5195573432575,789.9895425959403
jena,direct_nlinear,v7_jena_direct_nlinear_lr0.001_92601,92601,combined,VPdef (mbar),0.18596725777960696,0.22865082619631488,0.015106602100761486,35040,6516.292712597427,8011.924949918874,529.3353376106825
jena,direct_nlinear,v7_jena_direct_nlinear_lr0.001_92601,92601,combined,sh (g/kg),0.10031797538998301,0.2203959458771924,0.022408373870406582,35040,3515.1418576650044,7722.673943536822,785.1894204190467
jena,direct_nlinear,v7_jena_direct_nlinear_lr0.001_92601,92601,combined,H2OC (mmol/mol),0.10015405208585429,0.22039345152446596,0.02240471293862107,35040,3509.3979850883343,7722.586541417288,785.0611413692823
jena,direct_nlinear,v7_jena_direct_nlinear_lr0.001_92601,92601,combined,rho (g/m**3),0.08850320928688984,0.21805369564554566,-0.009988885710660339,35040,3101.15245341262,7640.60149541992,-350.01055530153826
jena,direct_nlinear,v7_jena_direct_nlinear_lr0.001_92601,92601,combined,wv (m/s),0.5754112834840424,0.5391483374678816,0.014812006824237898,35040,20162.411373280844,18891.757744874572,519.012719121296
jena,direct_nlinear,v7_jena_direct_nlinear_lr0.001_92601,92601,combined,max. wv (m/s),0.5205979888679958,0.5160449202540974,0.012105548187042322,35040,18241.753529934573,18082.214005703572,424.1784084739629
jena,direct_nlinear,v7_jena_direct_nlinear_lr0.001_92601,92601,combined,wd (deg),1.1482292259780604,0.7555133090379148,-0.002438961193215764,35040,40233.952078271235,26473.186348688534,-85.46120021028037
jena,direct_nlinear,v7_jena_direct_nlinear_lr0.001_92601,92601,combined,rain (mm),0.7500322883502696,0.21558836213128055,0.011099328590901441,35040,26281.131383793447,7554.21620908007,388.9204738251865
jena,direct_nlinear,v7_jena_direct_nlinear_lr0.001_92601,92601,combined,raining (s),0.837894289081465,0.4219076830825713,0.020930948714219612,35040,29359.815889414534,14783.645215213299,733.4204429462552
jena,direct_nlinear,v7_jena_direct_nlinear_lr0.001_92601,92601,combined,SWDR (W/m²),0.10637320590375121,0.18999037130466007,0.0075827427490782265,35040,3727.3171348674423,6657.2626105152885,265.69930592770106
jena,direct_nlinear,v7_jena_direct_nlinear_lr0.001_92601,92601,combined,PAR (µmol/m²/s),0.09402564229144027,0.17881195134101274,0.007938466716486344,35040,3294.658505892067,6265.570774989086,278.1638737456815
jena,direct_nlinear,v7_jena_direct_nlinear_lr0.001_92601,92601,combined,max. PAR (µmol/m²/s),0.08493386609247054,0.16797828099093318,0.009021163928750596,35040,2976.0826678801677,5885.958965922298,316.1015840634209
jena,direct_nlinear,v7_jena_direct_nlinear_lr0.001_92601,92601,combined,Tlog (degC),0.0755287870791356,0.20208791020759154,0.022978067216732165,35040,2646.5286992529113,7081.160373674007,805.1514752742951
jena,direct_nlinear,v7_jena_direct_nlinear_lr0.001_92601,92601,combined,CO2 (ppm),0.3050889948045994,0.37556381013912715,0.004196141465224451,35040,10690.318377953163,13159.755907275015,147.03279694146477
jena,direct_nlinear,v7_jena_direct_nlinear_lr0.001_92602,92602,test_a,p (mbar),0.08878061464753903,0.21110540547497336,-0.0010089251286199755,17520,1555.436368624884,3698.566703921533,-17.67636825342197
jena,direct_nlinear,v7_jena_direct_nlinear_lr0.001_92602,92602,test_a,T (degC),0.07385257211694543,0.1993185935703055,0.014135904831027179,17520,1293.897063488884,3492.0617593517527,247.66105263959616
jena,direct_nlinear,v7_jena_direct_nlinear_lr0.001_92602,92602,test_a,Tpot (K),0.07804359205039832,0.20441862419146628,0.014384735481665772,17520,1367.3237327229785,3581.414295834489,252.02056563878432
jena,direct_nlinear,v7_jena_direct_nlinear_lr0.001_92602,92602,test_a,Tdew (degC),0.07421885021582762,0.19620692734163694,0.011905927338475147,17520,1300.3142557813,3437.545367025479,208.5918469700846
jena,direct_nlinear,v7_jena_direct_nlinear_lr0.001_92602,92602,test_a,rh (%),0.2615370911065262,0.3582107532033274,-0.003711520924481944,17520,4582.129836186338,6275.852396122296,-65.02584659692366
jena,direct_nlinear,v7_jena_direct_nlinear_lr0.001_92602,92602,test_a,VPmax (mbar),0.13447382322348672,0.2465497125577717,0.019159293679123664,17520,2355.9813828754873,4319.55096401216,335.6708252582466
jena,direct_nlinear,v7_jena_direct_nlinear_lr0.001_92602,92602,test_a,VPact (mbar),0.12890484120778004,0.25604981699784835,0.016130856165440507,17520,2258.4128179603063,4485.992793802303,282.6126000185177
jena,direct_nlinear,v7_jena_direct_nlinear_lr0.001_92602,92602,test_a,VPdef (mbar),0.33863108277122733,0.3401811153197886,0.01604272373048291,17520,5932.816570151903,5959.973140402697,281.0685197580606
jena,direct_nlinear,v7_jena_direct_nlinear_lr0.001_92602,92602,test_a,sh (g/kg),0.13089578160796442,0.25748543209601227,0.0162548930228068,17520,2293.2940937715366,4511.144770322135,284.78572575957514
jena,direct_nlinear,v7_jena_direct_nlinear_lr0.001_92602,92602,test_a,H2OC (mmol/mol),0.1303210968427083,0.2570368726584238,0.016158012902255426,17520,2283.2256166842494,4503.286008975585,283.0883860475151
jena,direct_nlinear,v7_jena_direct_nlinear_lr0.001_92602,92602,test_a,rho (g/m**3),0.07947495354227645,0.2034843354055551,-0.006965163478210729,17520,1392.4011860606834,3565.0455563053256,-122.02966413825197
jena,direct_nlinear,v7_jena_direct_nlinear_lr0.001_92602,92602,test_a,wv (m/s),0.5320362073179346,0.5360147534159624,0.01008627185379139,17520,9321.274352210214,9390.978479847661,176.71148287842516
jena,direct_nlinear,v7_jena_direct_nlinear_lr0.001_92602,92602,test_a,max. wv (m/s),0.5041239226472266,0.5131377574062765,0.008395071514681742,17520,8832.25112477941,8990.173509757966,147.08165293722413
jena,direct_nlinear,v7_jena_direct_nlinear_lr0.001_92602,92602,test_a,wd (deg),1.1636183957499424,0.7551487863717145,-0.029589292758573388,17520,20386.59429353899,13230.206737232438,-518.4044091302057
jena,direct_nlinear,v7_jena_direct_nlinear_lr0.001_92602,92602,test_a,rain (mm),1.3702804647656848,0.3264101490733473,0.022137204992487076,17520,24007.313742694798,5718.705811765045,387.84383146837354
jena,direct_nlinear,v7_jena_direct_nlinear_lr0.001_92602,92602,test_a,raining (s),0.8908249303596952,0.43600941194076787,0.03209994550981478,17520,15607.25277990186,7638.884897202253,562.391045331955
jena,direct_nlinear,v7_jena_direct_nlinear_lr0.001_92602,92602,test_a,SWDR (W/m²),0.17479176661358845,0.2710754114511436,0.004610391563023124,17520,3062.3517510700694,4749.2412086240365,80.77406018416514
jena,direct_nlinear,v7_jena_direct_nlinear_lr0.001_92602,92602,test_a,PAR (µmol/m²/s),0.1596386430379552,0.2602550106300562,0.004759326476591487,17520,2796.869026024975,4559.667786238584,83.38339986988285
jena,direct_nlinear,v7_jena_direct_nlinear_lr0.001_92602,92602,test_a,max. PAR (µmol/m²/s),0.14811683893213598,0.2468004701756312,0.0050272951537574636,17520,2595.0070180910225,4323.944237477059,88.07821109383076
jena,direct_nlinear,v7_jena_direct_nlinear_lr0.001_92602,92602,test_a,Tlog (degC),0.08303173371461935,0.20931256059391745,0.015701592571068727,17520,1454.715974680131,3667.156061605434,275.0919018451241
jena,direct_nlinear,v7_jena_direct_nlinear_lr0.001_92602,92602,test_a,CO2 (ppm),0.4607454665837788,0.48215789848648344,0.0005865727716867629,17520,8072.260574547804,8447.40638148319,10.276754959952086
jena,direct_nlinear,v7_jena_direct_nlinear_lr0.001_92602,92602,test_b,p (mbar),0.14804034327909907,0.2663585411727336,0.0037737141156439684,17520,2593.6668142498156,4666.601641346293,66.11547130608233
jena,direct_nlinear,v7_jena_direct_nlinear_lr0.001_92602,92602,test_b,T (degC),0.06374349147511067,0.18628356931114476,0.02097144193737874,17520,1116.785970643939,3263.688134331256,367.4196627428755
jena,direct_nlinear,v7_jena_direct_nlinear_lr0.001_92602,92602,test_b,Tpot (K),0.06722594745073251,0.19135188065013703,0.02056112623163265,17520,1177.7985993368336,3352.484948990401,360.23093157820404
jena,direct_nlinear,v7_jena_direct_nlinear_lr0.001_92602,92602,test_b,Tdew (degC),0.07523003643737695,0.19914896923218206,0.023836608015995003,17520,1318.0302383828441,3489.0899409478297,417.61737244023243
jena,direct_nlinear,v7_jena_direct_nlinear_lr0.001_92602,92602,test_b,rh (%),0.15338453133401744,0.2693291256763699,0.0009738802674993794,17520,2687.2969889719857,4718.64628185,17.062382286589127
jena,direct_nlinear,v7_jena_direct_nlinear_lr0.001_92602,92602,test_b,VPmax (mbar),0.03344667360026222,0.1274051462931635,0.016082707375312463,17520,585.9857214765941,2232.1381630562246,281.76903321547434
jena,direct_nlinear,v7_jena_direct_nlinear_lr0.001_92602,92602,test_b,VPact (mbar),0.05385819306767839,0.16269719444504127,0.021368027202936082,17520,943.5955425457254,2850.454846677123,374.36783659544017
jena,direct_nlinear,v7_jena_direct_nlinear_lr0.001_92602,92602,test_b,VPdef (mbar),0.037051112921220875,0.11806766019892756,0.006926756967473073,17520,649.1354983797897,2068.5454066852108,121.35678207012825
jena,direct_nlinear,v7_jena_direct_nlinear_lr0.001_92602,92602,test_b,sh (g/kg),0.053903295003265336,0.16249961249706268,0.021031000191206538,17520,944.3857284572086,2846.993210948538,368.46312334993854
jena,direct_nlinear,v7_jena_direct_nlinear_lr0.001_92602,92602,test_b,H2OC (mmol/mol),0.054161164075550224,0.16291548541056516,0.021086841534911423,17520,948.9035946036399,2854.2793043931015,369.4414636916481
jena,direct_nlinear,v7_jena_direct_nlinear_lr0.001_92602,92602,test_b,rho (g/m**3),0.08267200042732038,0.21181674155785868,-0.012655307952590105,17520,1448.413447486653,3711.029312093684,-221.72099532937864
jena,direct_nlinear,v7_jena_direct_nlinear_lr0.001_92602,92602,test_b,wv (m/s),0.6301092234024603,0.5455294919522908,0.011597835355888538,17520,11039.513594011105,9557.676699004136,203.19407543516718
jena,direct_nlinear,v7_jena_direct_nlinear_lr0.001_92602,92602,test_b,max. wv (m/s),0.5439208242602567,0.5206410503664642,0.00610445411304399,17520,9529.492841039697,9121.631202420453,106.95003606053069
jena,direct_nlinear,v7_jena_direct_nlinear_lr0.001_92602,92602,test_b,wd (deg),1.1918723591980778,0.7576179528168652,0.017955834775733256,17520,20881.60373315032,13273.466533351479,314.5862252708466
jena,direct_nlinear,v7_jena_direct_nlinear_lr0.001_92602,92602,test_b,rain (mm),0.15773376533831757,0.11922399161689698,-0.008411528694030902,17520,2763.4955687273236,2088.804333128035,-147.3699827194214
jena,direct_nlinear,v7_jena_direct_nlinear_lr0.001_92602,92602,test_b,raining (s),0.8612721937463409,0.42865341989138506,0.012269145269988777,17520,15089.488834435893,7510.007916497067,214.95542513020337
jena,direct_nlinear,v7_jena_direct_nlinear_lr0.001_92602,92602,test_b,SWDR (W/m²),0.04712481555662328,0.12234574287275829,0.0025738376241819733,17520,825.62676855204,2143.497415130725,45.09363517566817
jena,direct_nlinear,v7_jena_direct_nlinear_lr0.001_92602,92602,test_b,PAR (µmol/m²/s),0.03666298934567416,0.11020683789196249,0.0034771722757629825,17520,642.3355733362114,1930.823799867183,60.92005827136745
jena,direct_nlinear,v7_jena_direct_nlinear_lr0.001_92602,92602,test_b,max. PAR (µmol/m²/s),0.02964835942845518,0.10033202283568791,0.005012235699325681,17520,519.4392571865347,1757.8170400812523,87.81436945218593
jena,direct_nlinear,v7_jena_direct_nlinear_lr0.001_92602,92602,test_b,Tlog (degC),0.06341871347458586,0.18659545563878802,0.021260375327654724,17520,1111.0958600747442,3269.152382791566,372.4817757405108
jena,direct_nlinear,v7_jena_direct_nlinear_lr0.001_92602,92602,test_b,CO2 (ppm),0.15147322158159246,0.2682360614939063,0.006148185894592532,17520,2653.8108421095,4699.495797373238,107.71621687326115
jena,direct_nlinear,v7_jena_direct_nlinear_lr0.001_92602,92602,combined,p (mbar),0.11841047896332252,0.23873197332385349,0.0013823944935119966,35040,4149.103182874821,8365.168345267826,48.43910305266036
jena,direct_nlinear,v7_jena_direct_nlinear_lr0.001_92602,92602,combined,T (degC),0.06879803179603211,0.19280108144072514,0.01755367338420296,35040,2410.683034132965,6755.749893683009,615.0807153824717
jena,direct_nlinear,v7_jena_direct_nlinear_lr0.001_92602,92602,combined,Tpot (K),0.0726347697505698,0.19788525242080166,0.01747293085664921,35040,2545.122332059966,6933.89924482489,612.2514972169884
jena,direct_nlinear,v7_jena_direct_nlinear_lr0.001_92602,92602,combined,Tdew (degC),0.07472444332660438,0.1976779482869095,0.017871267677235073,35040,2618.344494164218,6926.635307973309,626.209219410317
jena,direct_nlinear,v7_jena_direct_nlinear_lr0.001_92602,92602,combined,rh (%),0.20746081122027973,0.31376993943984866,-0.0013688203284912823,35040,7269.426825158602,10994.498677972297,-47.96346431033453
jena,direct_nlinear,v7_jena_direct_nlinear_lr0.001_92602,92602,combined,VPmax (mbar),0.08396024841187828,0.1869774294254676,0.017621000527218066,35040,2941.967104352215,6551.689127068385,617.439858473721
jena,direct_nlinear,v7_jena_direct_nlinear_lr0.001_92602,92602,combined,VPact (mbar),0.09138151713773282,0.2093735057214448,0.018749441684188295,35040,3202.008360506158,7336.447640479426,656.9804366139579
jena,direct_nlinear,v7_jena_direct_nlinear_lr0.001_92602,92602,combined,VPdef (mbar),0.1878410978462343,0.2291243877593581,0.01148474034897799,35040,6581.952068532049,8028.518547087908,402.4253018281888
jena,direct_nlinear,v7_jena_direct_nlinear_lr0.001_92602,92602,combined,sh (g/kg),0.09239953830561867,0.20999252229653748,0.018642946607006668,35040,3237.6798222288785,7358.137981270673,653.2488491095137
jena,direct_nlinear,v7_jena_direct_nlinear_lr0.001_92602,92602,combined,H2OC (mmol/mol),0.09224113045913254,0.20997617903449448,0.018622427218583423,35040,3232.129211288004,7357.5653133686865,652.5298497391632
jena,direct_nlinear,v7_jena_direct_nlinear_lr0.001_92602,92602,combined,rho (g/m**3),0.08107347698480014,0.2076505384817069,-0.009810235715400416,35040,2840.8146335473966,7276.07486839901,-343.7506594676306
jena,direct_nlinear,v7_jena_direct_nlinear_lr0.001_92602,92602,combined,wv (m/s),0.5810727153602052,0.5407721226841267,0.010842053604839964,35040,20360.78794622159,18948.655178851797,379.90555831359234
jena,direct_nlinear,v7_jena_direct_nlinear_lr0.001_92602,92602,combined,max. wv (m/s),0.5240223734537474,0.5168894038863704,0.007249762813862866,35040,18361.743965819307,18111.80471217842,254.03168899775483
jena,direct_nlinear,v7_jena_direct_nlinear_lr0.001_92602,92602,combined,wd (deg),1.1777453774740139,0.7563833695942899,-0.005816728991420066,35040,41268.198026689446,26503.673270583917,-203.81818385935912
jena,direct_nlinear,v7_jena_direct_nlinear_lr0.001_92602,92602,combined,rain (mm),0.7640071150520147,0.22281707034512216,0.006862838149228086,35040,26770.809311422596,7807.51014489308,240.47384874895215
jena,direct_nlinear,v7_jena_direct_nlinear_lr0.001_92602,92602,combined,raining (s),0.8760485620530352,0.4323314159160765,0.022184545389901777,35040,30696.741614338353,15148.89281369932,777.3464704621583
jena,direct_nlinear,v7_jena_direct_nlinear_lr0.001_92602,92602,combined,SWDR (W/m²),0.11095829108510838,0.19671057716195095,0.0035921145936025486,35040,3887.9785196221974,6892.738623754762,125.8676953598333
jena,direct_nlinear,v7_jena_direct_nlinear_lr0.001_92602,92602,combined,PAR (µmol/m²/s),0.09815081619181823,0.18523092426100934,0.004118249376177234,35040,3439.204599361311,6490.491586105767,144.3034581412503
jena,direct_nlinear,v7_jena_direct_nlinear_lr0.001_92602,92602,combined,max. PAR (µmol/m²/s),0.08888259918029884,0.17356624650565958,0.005019765426541572,35040,3114.4462752776712,6081.761277558311,175.8925805460167
jena,direct_nlinear,v7_jena_direct_nlinear_lr0.001_92602,92602,combined,Tlog (degC),0.07322522359460688,0.19795400811635275,0.018480983949361724,35040,2565.8118347550253,6936.308444397,647.5736775856349
jena,direct_nlinear,v7_jena_direct_nlinear_lr0.001_92602,92602,combined,CO2 (ppm),0.3061093440826896,0.37519697999019486,0.003367379333139647,35040,10726.071416657443,13146.902178856428,117.99297183321323
jena,base_level,v7_jena_level_res_92601,92601,test_a,p (mbar),0.12687192867977826,0.2627769877490857,0.007974182572565307,17520,2222.796190469715,4603.8528253639815,139.70767867134418
jena,base_level,v7_jena_level_res_92601,92601,test_a,T (degC),0.11611538004334035,0.22660666719088585,-0.03096758621913853,17520,2034.341458359323,3970.1488091843203,-542.552110559307
jena,base_level,v7_jena_level_res_92601,92601,test_a,Tpot (K),0.11645433572723154,0.22859789640254652,-0.03118278675212431,17520,2040.2799619410966,4005.035144972615,-546.322423897218
jena,base_level,v7_jena_level_res_92601,92601,test_a,Tdew (degC),0.0986111075960455,0.2219547407729021,-0.022650464990359786,17520,1727.666605082717,3888.6470583412447,-396.8361466311035
jena,base_level,v7_jena_level_res_92601,92601,test_a,rh (%),0.4545137762792254,0.4653253942890539,0.022113106013896298,17520,7963.081360412029,8152.500907944224,387.42161736346316
jena,base_level,v7_jena_level_res_92601,92601,test_a,VPmax (mbar),0.17732805323917192,0.27292696669872585,-0.024146706765477324,17520,3106.787492750292,4781.680456561677,-423.05030253116274
jena,base_level,v7_jena_level_res_92601,92601,test_a,VPact (mbar),0.1496284321135158,0.2696269445752652,-0.016173365217242903,17520,2621.490130628797,4723.864068958646,-283.35735860609566
jena,base_level,v7_jena_level_res_92601,92601,test_a,VPdef (mbar),0.4726178626468648,0.426943931689597,-0.022168016062156917,17520,8280.26495357307,7480.05768320174,-388.3836414089892
jena,base_level,v7_jena_level_res_92601,92601,test_a,sh (g/kg),0.15106913253202855,0.270468303268252,-0.01621780387235813,17520,2646.7312019611404,4738.604673259775,-284.1359238437144
jena,base_level,v7_jena_level_res_92601,92601,test_a,H2OC (mmol/mol),0.1505270035214533,0.2700787910362057,-0.016303207377628606,17520,2637.2331016958615,4731.780418954324,-285.63219325605314
jena,base_level,v7_jena_level_res_92601,92601,test_a,rho (g/m**3),0.10764363098756957,0.22332982849046853,0.030542210246319666,17520,1885.916414902219,3912.7385951530086,535.0995235155206
jena,base_level,v7_jena_level_res_92601,92601,test_a,wv (m/s),0.6199280477811534,0.5798150800125722,-0.032562568866353815,17520,10861.139397125808,10158.360201820266,-570.4962065385189
jena,base_level,v7_jena_level_res_92601,92601,test_a,max. wv (m/s),0.6065384406374477,0.5704895184098527,-0.03771766081922018,17520,10626.553479968083,9994.97636254062,-660.8134175527375
jena,base_level,v7_jena_level_res_92601,92601,test_a,wd (deg),1.0805117577213414,0.7137393838984318,-0.05727660608806455,17520,18930.565995277902,12504.714005900525,-1003.4861386628909
jena,base_level,v7_jena_level_res_92601,92601,test_a,rain (mm),1.2603207104664755,0.327422945468913,-0.09438492765745306,17520,22080.81884737265,5736.450004615355,-1653.6239325585775
jena,base_level,v7_jena_level_res_92601,92601,test_a,raining (s),0.8112012959382122,0.41281417631109607,-0.05989838254723866,17520,14212.246704837478,7232.504368970403,-1049.4196622276213
jena,base_level,v7_jena_level_res_92601,92601,test_a,SWDR (W/m²),0.5951964746683528,0.5131616038406595,0.008185375785429126,17520,10427.842236189541,8990.591299288353,143.4077837607183
jena,base_level,v7_jena_level_res_92601,92601,test_a,PAR (µmol/m²/s),0.5796945848402764,0.5096110038330518,0.007047269470190445,17520,10156.249126401643,8928.384787155068,123.4681611177366
jena,base_level,v7_jena_level_res_92601,92601,test_a,max. PAR (µmol/m²/s),0.5475964603187712,0.4930897351554798,0.00522118043595936,17520,9593.889984784872,8638.932159924007,91.47508123800799
jena,base_level,v7_jena_level_res_92601,92601,test_a,Tlog (degC),0.1267600846591183,0.23549889499344437,-0.02460908834452299,17520,2220.836683227753,4125.9406402851455,-431.1512277960428
jena,base_level,v7_jena_level_res_92601,92601,test_a,CO2 (ppm),0.5170766239684005,0.507995552614546,0.05791637417179911,17520,9059.182451926377,8900.082081806846,1014.6948754899204
jena,base_level,v7_jena_level_res_92601,92601,test_b,p (mbar),0.14220068446347464,0.2711313503951187,0.03215425089362131,17520,2491.3559918000756,4750.22125892248,563.3424756562454
jena,base_level,v7_jena_level_res_92601,92601,test_b,T (degC),0.06307074134168214,0.16134996769182197,0.007668156611582171,17520,1104.9993883062712,2826.851433960721,134.34610383491963
jena,base_level,v7_jena_level_res_92601,92601,test_b,Tpot (K),0.06406414585363909,0.16262632178338818,0.0041061232362971664,17520,1122.4038353557569,2849.213157644961,71.93927909992635
jena,base_level,v7_jena_level_res_92601,92601,test_b,Tdew (degC),0.05865634086765664,0.16558964248288746,-0.0055454857720610455,17520,1027.6590920013443,2901.1305363001884,-97.15691072650952
jena,base_level,v7_jena_level_res_92601,92601,test_b,rh (%),0.1717049667695848,0.2796757282635591,-0.02466505209197512,17520,3008.2710178031257,4899.918759177555,-432.1317126514041
jena,base_level,v7_jena_level_res_92601,92601,test_b,VPmax (mbar),0.04348734314346779,0.13311577578419825,0.006575609721561264,17520,761.8982518735556,2332.1883917391533,115.20468232175335
jena,base_level,v7_jena_level_res_92601,92601,test_b,VPact (mbar),0.045138593866457834,0.14220672019848246,-0.007966641701212411,17520,790.8281645403413,2491.461737877413,-139.57556260524143
jena,base_level,v7_jena_level_res_92601,92601,test_b,VPdef (mbar),0.06455065174067752,0.16607868079267246,0.016780270966496553,17520,1130.92741849667,2909.6984874876216,293.9903473330196
jena,base_level,v7_jena_level_res_92601,92601,test_b,sh (g/kg),0.045083723567295085,0.14140579141260468,-0.008918643540508203,17520,789.8668368990099,2477.429465548834,-156.25463482970372
jena,base_level,v7_jena_level_res_92601,92601,test_b,H2OC (mmol/mol),0.045238436550511865,0.1416524689915945,-0.008861021018391963,17520,792.5774083649679,2481.751256732736,-155.2450882422272
jena,base_level,v7_jena_level_res_92601,92601,test_b,rho (g/m**3),0.0728602752128266,0.17889563169076997,0.004195040106540413,17520,1276.5120217287222,3134.2514672222896,73.49710266658803
jena,base_level,v7_jena_level_res_92601,92601,test_b,wv (m/s),0.6266031090751254,0.5294954806965585,-0.029619176818504952,17520,10978.086470996197,9276.760821803706,-518.9279778602067
jena,base_level,v7_jena_level_res_92601,92601,test_b,max. wv (m/s),0.5499182758968085,0.5149255959099275,-0.03352317180222466,17520,9634.568193712086,9021.496440341929,-587.325969974976
jena,base_level,v7_jena_level_res_92601,92601,test_b,wd (deg),1.1300783449371734,0.7381389772290493,0.011932362424726074,17520,19798.972603299277,12932.194881052943,209.05498968120082
jena,base_level,v7_jena_level_res_92601,92601,test_b,rain (mm),0.17213910080698439,0.16162949704930102,-0.08968957415374927,17520,3015.8770461383665,2831.748788303754,-1571.3613391736872
jena,base_level,v7_jena_level_res_92601,92601,test_b,raining (s),0.767523134501327,0.371265484415235,-0.07793401061651854,17520,13447.00531646325,6504.571286954917,-1365.4038660014048
jena,base_level,v7_jena_level_res_92601,92601,test_b,SWDR (W/m²),0.1633795496647219,0.25145383359114565,0.0005055481790344084,17520,2862.4097101259276,4405.471164516872,8.857204096682835
jena,base_level,v7_jena_level_res_92601,92601,test_b,PAR (µmol/m²/s),0.15012317884758175,0.24506594691692413,0.0004939029246536985,17520,2630.1580934096323,4293.555389984511,8.653179239932797
jena,base_level,v7_jena_level_res_92601,92601,test_b,max. PAR (µmol/m²/s),0.13480755319205912,0.2353705934863168,0.0004042162827841223,17520,2361.828331924876,4123.6927978802705,7.081869274377823
jena,base_level,v7_jena_level_res_92601,92601,test_b,Tlog (degC),0.06479207739090903,0.1671051091392066,0.012452740658234887,17520,1135.1571958887262,2927.6815121188993,218.17201633227523
jena,base_level,v7_jena_level_res_92601,92601,test_b,CO2 (ppm),0.17556790628875782,0.29985941107148045,0.02581832448963329,17520,3075.949718179037,5253.536881972337,452.3370450583752
jena,base_level,v7_jena_level_res_92601,92601,combined,p (mbar),0.13453630657163226,0.26695416907210223,0.020064216733093308,35040,4714.152182269994,9354.074084286462,703.0501543275896
jena,base_level,v7_jena_level_res_92601,92601,combined,T (degC),0.08959306069251523,0.1939783174413539,-0.01164971480377818,35040,3139.340846665734,6797.000243145041,-408.2060067243874
jena,base_level,v7_jena_level_res_92601,92601,combined,Tpot (K),0.0902592407904396,0.19561210909296736,-0.013538331757913573,35040,3162.6837972970034,6854.248302617576,-474.3831447972916
jena,base_level,v7_jena_level_res_92601,92601,combined,Tdew (degC),0.07863372423185404,0.19377219162789477,-0.014097975381210416,35040,2755.3256970841653,6789.777594641433,-493.993057357613
jena,base_level,v7_jena_level_res_92601,92601,combined,rh (%),0.31310937152441315,0.3725005612763065,-0.00127597303903941,35040,10971.352378215437,13052.41966712178,-44.71009528794093
jena,base_level,v7_jena_level_res_92601,92601,combined,VPmax (mbar),0.11040769819132408,0.20302137124146205,-0.008785548521958031,35040,3868.6857446239956,7113.86884830083,-307.8456202094094
jena,base_level,v7_jena_level_res_92601,92601,combined,VPact (mbar),0.09738351298999086,0.20591683238687383,-0.012070003459227657,35040,3412.3182951692797,7215.325806836059,-422.9329212113371
jena,base_level,v7_jena_level_res_92601,92601,combined,VPdef (mbar),0.2685842571937762,0.29651130624113475,-0.0026938725478301826,35040,9411.192372069918,10389.756170689361,-94.3932940759696
jena,base_level,v7_jena_level_res_92601,92601,combined,sh (g/kg),0.09807642804966524,0.20593704734042834,-0.012568223706433165,35040,3436.5980388602698,7216.034138808609,-440.3905586734181
jena,base_level,v7_jena_level_res_92601,92601,combined,H2OC (mmol/mol),0.0978827200359866,0.2058656300139001,-0.012582114198010284,35040,3429.8105100609705,7213.53167568706,-440.87728149828035
jena,base_level,v7_jena_level_res_92601,92601,combined,rho (g/m**3),0.09025195310020151,0.20111273009061925,0.01736862517643004,35040,3162.428436631061,7046.990062375298,608.5966261821086
jena,base_level,v7_jena_level_res_92601,92601,combined,wv (m/s),0.6232655784281466,0.5546552803545653,-0.031090872842429385,35040,21839.225868122256,19435.12102362397,-1089.4241843987256
jena,base_level,v7_jena_level_res_92601,92601,combined,max. wv (m/s),0.578228358267137,0.54270755715989,-0.03562041631072242,35040,20261.12167368048,19016.47280288255,-1248.1393875277136
jena,base_level,v7_jena_level_res_92601,92601,combined,wd (deg),1.105295051329271,0.7259391805637405,-0.022672121831669237,35040,38729.53859857765,25436.908886953468,-794.4311489816901
jena,base_level,v7_jena_level_res_92601,92601,combined,rain (mm),0.7162299056367321,0.244526221259107,-0.09203725090560116,35040,25096.695893511092,8568.19879291911,-3224.9852717322647
jena,base_level,v7_jena_level_res_92601,92601,combined,raining (s),0.7893622152197847,0.39203983036316553,-0.0689161965818786,35040,27659.252021301254,13737.07565592532,-2414.823528229026
jena,base_level,v7_jena_level_res_92601,92601,combined,SWDR (W/m²),0.3792880121665422,0.3823077187159025,0.004345461982231767,35040,13290.251946315639,13396.062463805225,152.26498785740114
jena,base_level,v7_jena_level_res_92601,92601,combined,PAR (µmol/m²/s),0.36490888184393633,0.377338475374988,0.003770586197422072,35040,12786.407219811528,13221.940177139579,132.1213403576694
jena,base_level,v7_jena_level_res_92601,92601,combined,max. PAR (µmol/m²/s),0.34120200675542045,0.36423016432089833,0.0028126983593717413,35040,11955.718316709932,12762.624957804277,98.55695051238581
jena,base_level,v7_jena_level_res_92601,92601,combined,Tlog (degC),0.09577608102501764,0.20130200206632548,-0.006078173843144052,35040,3355.9938791166182,7053.622152404045,-212.97921146376757
jena,base_level,v7_jena_level_res_92601,92601,combined,CO2 (ppm),0.3463222651285847,0.4039274818430132,0.041867349330716196,35040,12135.132170105608,14153.618963779183,1467.0319205482956
jena,base_level,v7_jena_level_res_92602,92602,test_a,p (mbar),0.12761373716376392,0.2651337385854509,0.009474675874027783,17520,2235.792675109144,4645.1431000171,165.99632131296676
jena,base_level,v7_jena_level_res_92602,92602,test_a,T (degC),0.11503432101669592,0.2255205539785821,-0.03148032996594081,17520,2015.4013042125125,3951.1201057047583,-551.535381003283
jena,base_level,v7_jena_level_res_92602,92602,test_a,Tpot (K),0.11531635863911464,0.22732821782834542,-0.03184543996273229,17520,2020.3426033572887,3982.790376352612,-557.9321081470698
jena,base_level,v7_jena_level_res_92602,92602,test_a,Tdew (degC),0.09890393358298918,0.22227867800026685,-0.023107681752249122,17520,1732.7969163739706,3894.3224385646754,-404.84658429940464
jena,base_level,v7_jena_level_res_92602,92602,test_a,rh (%),0.4492711111169115,0.4632619477947184,0.022206447858340268,17520,7871.229866768289,8116.349325363466,389.05696647812147
jena,base_level,v7_jena_level_res_92602,92602,test_a,VPmax (mbar),0.1794770904905168,0.27364728571247726,-0.02335965847360639,17520,3144.438625393854,4794.300445682602,-409.26121645758394
jena,base_level,v7_jena_level_res_92602,92602,test_a,VPact (mbar),0.1489984006611792,0.26908913939175394,-0.015622806099818429,17520,2610.4519795838596,4714.441722143529,-273.7115628688189
jena,base_level,v7_jena_level_res_92602,92602,test_a,VPdef (mbar),0.4784198941163158,0.42650183816172954,-0.021469639287161835,17520,8381.916544917853,7472.3122045935015,-376.1480803110753
jena,base_level,v7_jena_level_res_92602,92602,test_a,sh (g/kg),0.1504150146237279,0.26989258671783817,-0.015666395993254756,17520,2635.2710562077127,4728.518119296525,-274.4752578018233
jena,base_level,v7_jena_level_res_92602,92602,test_a,H2OC (mmol/mol),0.14987563296745365,0.2694976569267458,-0.015780319797639792,17520,2625.821089589788,4721.598949356587,-276.47120285464916
jena,base_level,v7_jena_level_res_92602,92602,test_a,rho (g/m**3),0.10668416902418683,0.22220544329124736,0.031572501867050386,17520,1869.1066413037533,3893.0393664626536,553.1502327107228
jena,base_level,v7_jena_level_res_92602,92602,test_a,wv (m/s),0.6200720378820485,0.5790679176889927,-0.03249302833274881,17520,10863.662103693488,10145.269917911151,-569.2778563897591
jena,base_level,v7_jena_level_res_92602,92602,test_a,max. wv (m/s),0.6047966302627238,0.569306764703193,-0.037521690149064875,17520,10596.036962202921,9974.25451759994,-657.3800114116166
jena,base_level,v7_jena_level_res_92602,92602,test_a,wd (deg),1.0881103531213365,0.7188984820438078,-0.05829037686956131,17520,19063.693386685816,12595.101405407513,-1021.2474027547141
jena,base_level,v7_jena_level_res_92602,92602,test_a,rain (mm),1.2536446447726484,0.32075809168343095,-0.09765671657518746,17520,21963.8541764168,5619.68176629371,-1710.9456743972842
jena,base_level,v7_jena_level_res_92602,92602,test_a,raining (s),0.8199055282482506,0.41686393012522327,-0.056662838212235674,17520,14364.74485490935,7303.456055793911,-992.732925478369
jena,base_level,v7_jena_level_res_92602,92602,test_a,SWDR (W/m²),0.5954799819794814,0.5134192391109819,0.007838422132986685,17520,10432.809284280514,8995.105069224403,137.32915576992673
jena,base_level,v7_jena_level_res_92602,92602,test_a,PAR (µmol/m²/s),0.5801542700748494,0.5099256550780551,0.006706966126112757,17520,10164.302811711363,8933.897476967526,117.5060465294955
jena,base_level,v7_jena_level_res_92602,92602,test_a,max. PAR (µmol/m²/s),0.5456119913801086,0.492281067744326,0.004734560893691557,17520,9559.122088979502,8624.764306880592,82.94950685747608
jena,base_level,v7_jena_level_res_92602,92602,test_a,Tlog (degC),0.12707883152514624,0.23581792466328097,-0.02436642040967738,17520,2226.421128320562,4131.5300401006825,-426.89968557754764
jena,base_level,v7_jena_level_res_92602,92602,test_a,CO2 (ppm),0.5228751708858689,0.5107328875730565,0.05604125267845157,17520,9160.772993920422,8948.04019027995,981.8427469264716
jena,base_level,v7_jena_level_res_92602,92602,test_b,p (mbar),0.14534594722534985,0.27514117967929447,0.03306957107189403,17520,2546.4609953881295,4820.473467981239,579.3788851795834
jena,base_level,v7_jena_level_res_92602,92602,test_b,T (degC),0.06332425677512936,0.16178799131552934,0.007945391941617868,17520,1109.4409787002664,2834.5256078480743,139.20326681714505
jena,base_level,v7_jena_level_res_92602,92602,test_b,Tpot (K),0.06414263912589126,0.16273994138009834,0.00427338589975806,17520,1123.7790374856147,2851.203772979323,74.86972096376121
jena,base_level,v7_jena_level_res_92602,92602,test_b,Tdew (degC),0.05883035446476495,0.16571159736632335,-0.005308099352253242,17520,1030.707810222682,2903.267185857985,-92.99790065147681
jena,base_level,v7_jena_level_res_92602,92602,test_b,rh (%),0.17296509151590686,0.2807404185905157,-0.024889875545005498,17520,3030.3484033586883,4918.572133705835,-436.0706195484963
jena,base_level,v7_jena_level_res_92602,92602,test_b,VPmax (mbar),0.042681666406883464,0.13199931872680626,0.0062125904164245125,17520,747.7827954485983,2312.6280640936457,108.84458409575745
jena,base_level,v7_jena_level_res_92602,92602,test_b,VPact (mbar),0.04510953584585334,0.1421575335680868,-0.008027208662573702,17520,790.3190680193504,2490.599988112881,-140.63669576829125
jena,base_level,v7_jena_level_res_92602,92602,test_b,VPdef (mbar),0.06296418806900907,0.16384388505511482,0.01628830198613984,17520,1103.1325749690388,2870.544866165612,285.37105079717
jena,base_level,v7_jena_level_res_92602,92602,test_b,sh (g/kg),0.04506498329630588,0.14139338717701552,-0.009055956943677185,17520,789.538507351279,2477.212143341312,-158.6603656532243
jena,base_level,v7_jena_level_res_92602,92602,test_b,H2OC (mmol/mol),0.04521804172203188,0.14163635677901748,-0.008993548661769159,17520,792.2200909699985,2481.4689707683865,-157.56697255419567
jena,base_level,v7_jena_level_res_92602,92602,test_b,rho (g/m**3),0.07301304144789651,0.1796873353274275,0.004160238985504746,17520,1279.188486167147,3148.12211493653,72.88738702604314
jena,base_level,v7_jena_level_res_92602,92602,test_b,wv (m/s),0.625170970668902,0.529533967585077,-0.02958160333385102,17520,10952.995406119164,9277.435112090549,-518.2696904090699
jena,base_level,v7_jena_level_res_92602,92602,test_b,max. wv (m/s),0.5491169914811131,0.5150725287132122,-0.033163656171338984,17520,9620.529690749103,9024.070703055477,-581.027256121859
jena,base_level,v7_jena_level_res_92602,92602,test_b,wd (deg),1.1330454479382277,0.7408608496327727,0.011361022165808154,17520,19850.956247877748,12979.882085566176,199.04510834495886
jena,base_level,v7_jena_level_res_92602,92602,test_b,rain (mm),0.17173905778839021,0.1591539526933413,-0.09055565522343652,17520,3008.8682924525965,2788.3772511873394,-1586.5350795146078
jena,base_level,v7_jena_level_res_92602,92602,test_b,raining (s),0.7668968926474077,0.37041959178846084,-0.07700365974467363,17520,13436.033559182582,6489.751248133834,-1349.104118726682
jena,base_level,v7_jena_level_res_92602,92602,test_b,SWDR (W/m²),0.16360225946028648,0.25145270526492874,0.00031057520437367434,17520,2866.311585744219,4405.451396241551,5.441277580626775
jena,base_level,v7_jena_level_res_92602,92602,test_b,PAR (µmol/m²/s),0.15009033256285284,0.2449771492829712,0.00034589272188513775,17520,2629.582626501182,4291.999655437656,6.060040487427614
jena,base_level,v7_jena_level_res_92602,92602,test_b,max. PAR (µmol/m²/s),0.1340595426266569,0.23461902573863264,0.00024529103557557956,17520,2348.723186819029,4110.525330940844,4.297498943284154
jena,base_level,v7_jena_level_res_92602,92602,test_b,Tlog (degC),0.06522023110050873,0.16742480614818084,0.01305415710110986,17520,1142.658448880913,2933.2826037161285,228.70883241144475
jena,base_level,v7_jena_level_res_92602,92602,test_b,CO2 (ppm),0.17363540371007813,0.2956981668161328,0.02560882156609279,17520,3042.0922730005686,5180.631882618647,448.6665538379457
jena,base_level,v7_jena_level_res_92602,92602,combined,p (mbar),0.1364798421945617,0.2701374591323727,0.021272123472960907,35040,4782.253670497442,9465.616567998339,745.3752064925502
jena,base_level,v7_jena_level_res_92602,92602,combined,T (degC),0.0891792888959164,0.19365427264705573,-0.01176746901216147,35040,3124.842282912911,6785.645713552833,-412.3321141861379
jena,base_level,v7_jena_level_res_92602,92602,combined,Tpot (K),0.08972949888250546,0.1950340796042219,-0.013786027031487118,35040,3144.1216408429914,6833.994149331935,-483.0623871833086
jena,base_level,v7_jena_level_res_92602,92602,combined,Tdew (degC),0.07886714402388047,0.1939951376832951,-0.014207890552251183,35040,2763.5047265967714,6797.589624422661,-497.84448495088145
jena,base_level,v7_jena_level_res_92602,92602,combined,rh (%),0.3111181013164215,0.37200118319261705,-0.0013417138433326158,35040,10901.57827012741,13034.9214590693,-47.01365307037486
jena,base_level,v7_jena_level_res_92602,92602,combined,VPmax (mbar),0.11107937844870402,0.20282330221964176,-0.00857353402859094,35040,3892.221420842589,7106.928509776248,-300.4166323618265
jena,base_level,v7_jena_level_res_92602,92602,combined,VPact (mbar),0.0970539682535194,0.20562333647992037,-0.011825007381196065,35040,3400.77104760332,7205.04171025641,-414.3482586371101
jena,base_level,v7_jena_level_res_92602,92602,combined,VPdef (mbar),0.27069204109267064,0.2951728616084222,-0.0025906686505109957,35040,9485.049119887179,10342.857070759113,-90.77702951390529
jena,base_level,v7_jena_level_res_92602,92602,combined,sh (g/kg),0.09773999896002154,0.20564298694742686,-0.01236117646846597,35040,3424.809563559155,7205.730262637837,-433.1356234550476
jena,base_level,v7_jena_level_res_92602,92602,combined,H2OC (mmol/mol),0.09754683734474665,0.20556700685288165,-0.012386934229704476,35040,3418.0411805599224,7203.067920124973,-434.03817540884484
jena,base_level,v7_jena_level_res_92602,92602,combined,rho (g/m**3),0.0898486052360445,0.20094638930933745,0.017866370426277565,35040,3148.2951274709994,7041.161481399184,626.0376197367659
jena,base_level,v7_jena_level_res_92602,92602,combined,wv (m/s),0.6226215042754838,0.5543009426370348,-0.031037315833299915,35040,21816.65750981295,19422.7050300017,-1087.547546798829
jena,base_level,v7_jena_level_res_92602,92602,combined,max. wv (m/s),0.5769568108719215,0.5421896467082026,-0.035342673160201926,35040,20216.56665295213,18998.325220655417,-1238.4072675334755
jena,base_level,v7_jena_level_res_92602,92602,combined,wd (deg),1.110577900529796,0.7298796658382902,-0.023464677351876576,35040,38914.649634564055,25574.98349097369,-822.2022944097553
jena,base_level,v7_jena_level_res_92602,92602,combined,rain (mm),0.7126918512805209,0.2399560221883861,-0.09410618589931198,35040,24972.722468869455,8408.05901748105,-3297.480753911892
jena,base_level,v7_jena_level_res_92602,92602,combined,raining (s),0.7934012104478328,0.39364176095684206,-0.06683324897845465,35040,27800.778414092063,13793.207303927746,-2341.837044205051
jena,base_level,v7_jena_level_res_92602,92602,combined,SWDR (W/m²),0.37954112071989166,0.3824359721879553,0.00407449866868018,35040,13299.120870025003,13400.556465465954,142.7704333505535
jena,base_level,v7_jena_level_res_92602,92602,combined,PAR (µmol/m²/s),0.36512230131885903,0.37745140218051315,0.0035264294239989477,35040,12793.885438212821,13225.897132405182,123.56608701692312
jena,base_level,v7_jena_level_res_92602,92602,combined,max. PAR (µmol/m²/s),0.3398357670033882,0.36345004674147935,0.0024899259646335684,35040,11907.845275798722,12735.289637821435,87.24700580076023
jena,base_level,v7_jena_level_res_92602,92602,combined,Tlog (degC),0.09614953131283165,0.20162136540573092,-0.005656131654283758,35040,3369.079577201621,7064.812643816811,-198.1908531661029
jena,base_level,v7_jena_level_res_92602,92602,combined,CO2 (ppm),0.34825528729797933,0.40321552719459464,0.04082503712227218,35040,12202.865266921195,14128.672072898597,1430.5093007644173
jena,f0,v7_jena_f0,,test_a,p (mbar),0.023251080736873073,0.09569214585053279,-0.00898047922584829,17520,407.35893451001624,1676.5263953013346,-157.33799603686202
jena,f0,v7_jena_f0,,test_a,T (degC),0.11505114980108651,0.22817582992257945,-0.008308622959499423,17520,2015.6961445150357,3997.640540243592,-145.56707425042987
jena,f0,v7_jena_f0,,test_a,Tpot (K),0.11596925744384994,0.2283268327419311,-0.008674116720422596,17520,2031.7813904162508,4000.286109638633,-151.9705249418039
jena,f0,v7_jena_f0,,test_a,Tdew (degC),0.06171348924142202,0.17133566590319252,0.00568794124924456,17520,1081.2203315097138,3001.800866623933,99.6527306867647
jena,f0,v7_jena_f0,,test_a,rh (%),0.37275564446241904,0.4276231473050371,0.0016500834444234827,17520,6530.678890981581,7491.957540784249,28.909461946299416
jena,f0,v7_jena_f0,,test_a,VPmax (mbar),0.20108355337154596,0.2840313648971871,-0.00667069351238004,17520,3522.9838550694853,4976.229512998718,-116.8705503368983
jena,f0,v7_jena_f0,,test_a,VPact (mbar),0.10635580177720767,0.22377605003240458,0.007143993138714859,17520,1863.3536471366785,3920.5563965677284,125.16275979028433
jena,f0,v7_jena_f0,,test_a,VPdef (mbar),0.5216850790902055,0.4185948190112988,0.005644024549648548,17520,9139.922585660399,7333.781229077955,98.88331010984257
jena,f0,v7_jena_f0,,test_a,sh (g/kg),0.107287636845601,0.22379649488150927,0.007159134863435129,17520,1879.6793975349294,3920.9145903240424,125.42804280738346
jena,f0,v7_jena_f0,,test_a,H2OC (mmol/mol),0.10674641436666477,0.2232319829108597,0.0068958365427982385,17520,1870.1971797039666,3911.024340598262,120.81505622982513
jena,f0,v7_jena_f0,,test_a,rho (g/m**3),0.09561961244348613,0.20646221870612497,0.014566526636666589,17520,1675.255610009877,3617.2180717313095,255.20554667439865
jena,f0,v7_jena_f0,,test_a,wv (m/s),0.7290431101538373,0.607478507645359,-0.09124745454384837,17520,12772.835289895229,10643.023453946691,-1598.6554036082234
jena,f0,v7_jena_f0,,test_a,max. wv (m/s),0.7411328289421282,0.6074061552295129,-0.09734312844817919,17520,12984.647163066085,10641.755839621066,-1705.4516104120994
jena,f0,v7_jena_f0,,test_a,wd (deg),1.161737221797259,0.7161877883279661,-0.07656678578009736,17520,20353.636125887977,12547.610051505966,-1341.4500868673058
jena,f0,v7_jena_f0,,test_a,rain (mm),1.1250597252046328,0.12269417763624944,-0.08695946457433264,17520,19711.046385585167,2149.60199218709,-1523.5298193423077
jena,f0,v7_jena_f0,,test_a,raining (s),0.7224250622742029,0.2176423478523401,-0.14605533542216767,17520,12656.887091044035,3813.093934372999,-2558.889476596378
jena,f0,v7_jena_f0,,test_a,SWDR (W/m²),0.2876447770817822,0.29376651665321607,-0.04215773836380878,17520,5039.536494472824,5146.789371764346,-738.6035761339299
jena,f0,v7_jena_f0,,test_a,PAR (µmol/m²/s),0.2650074494259083,0.28378544977152254,-0.03492399266249021,17520,4642.930513941914,4971.921079997075,-611.8683514468285
jena,f0,v7_jena_f0,,test_a,max. PAR (µmol/m²/s),0.25963079665382105,0.26456146551478826,-0.051278416144278506,17520,4548.731557374945,4635.116875819091,-898.3978508477594
jena,f0,v7_jena_f0,,test_a,Tlog (degC),0.15008288432353703,0.2612841510493521,-0.011815748338951845,17520,2629.452133348369,4577.698326384649,-207.01191089843633
jena,f0,v7_jena_f0,,test_a,CO2 (ppm),0.5165966677286449,0.46986794464661447,-0.009947269115932966,17520,9050.77361860586,8232.086390208686,-174.27615491114557
jena,f0,v7_jena_f0,,test_b,p (mbar),0.03441575906621308,0.11341003546703797,-0.0026125557478893385,17520,602.9640988400532,1986.9438213825051,-45.77197670302121
jena,f0,v7_jena_f0,,test_b,T (degC),0.06508423902774492,0.16526582625138544,0.007351256900501,17520,1140.275867766091,2895.457275924273,128.7940208967775
jena,f0,v7_jena_f0,,test_b,Tpot (K),0.06596360374408267,0.1665198508542686,0.0033695710444457184,17520,1155.6823375963284,2917.427786966786,59.034884698688984
jena,f0,v7_jena_f0,,test_b,Tdew (degC),0.05606899973258764,0.159483053023371,0.008606260796423739,17520,982.3288753149354,2794.14308896946,150.7816891533439
jena,f0,v7_jena_f0,,test_b,rh (%),0.18114013150818478,0.27065785218098454,0.02623771233564882,17520,3173.575104023397,4741.925570210849,459.68472012056736
jena,f0,v7_jena_f0,,test_b,VPmax (mbar),0.03189033472751492,0.11062713214432816,0.005205927994798605,17520,558.7186644260614,1938.1873551686294,91.20785846887156
jena,f0,v7_jena_f0,,test_b,VPact (mbar),0.03987903024750219,0.12933193494791256,0.007942379845225576,17520,698.6806099362383,2265.895500287428,139.1504948883521
jena,f0,v7_jena_f0,,test_b,VPdef (mbar),0.04145199056630578,0.12070774752630738,0.0064715275183063825,17520,726.2388747216772,2114.799736660905,113.38116212072782
jena,f0,v7_jena_f0,,test_b,sh (g/kg),0.03959979324432743,0.12874114336548256,0.007399633289692226,17520,693.7883776406165,2255.5448317632545,129.6415752354078
jena,f0,v7_jena_f0,,test_b,H2OC (mmol/mol),0.03978396574651627,0.1290632127181783,0.007446645290434539,17520,697.015079878965,2261.187486822484,130.46522548841313
jena,f0,v7_jena_f0,,test_b,rho (g/m**3),0.06564413631965077,0.16647949669018483,0.01363035762261216,17520,1150.0852683202816,2916.7207820120384,238.80386554816505
jena,f0,v7_jena_f0,,test_b,wv (m/s),0.6788094828815653,0.5396111063551946,-0.12045247676506156,17520,11892.742140085023,9453.986583343009,-2110.3273929238785
jena,f0,v7_jena_f0,,test_b,max. wv (m/s),0.6116314255305788,0.5263797330665407,-0.12344027648809616,17520,10715.782575295741,9222.172923325794,-2162.673644071445
jena,f0,v7_jena_f0,,test_b,wd (deg),1.1724421903595073,0.7190285806253751,0.016540455647040098,17520,20541.187175098567,12597.380732556572,289.7887829361425
jena,f0,v7_jena_f0,,test_b,rain (mm),0.14574542228569617,0.052220727654799105,-0.04602789986042995,17520,2553.459798445397,914.9071485120803,-806.4088055547327
jena,f0,v7_jena_f0,,test_b,raining (s),0.7769435752170945,0.24832426842789007,-0.15559476760745508,17520,13612.051437803495,4350.641182856634,-2726.020328482613
jena,f0,v7_jena_f0,,test_b,SWDR (W/m²),0.08188680686943002,0.1303428921001601,-0.05888982913476459,17520,1434.656856352414,2283.6074695948046,-1031.7498064410756
jena,f0,v7_jena_f0,,test_b,PAR (µmol/m²/s),0.06469137895582353,0.1179745809305842,-0.053310236509132164,17520,1133.3929593060282,2066.914657903835,-933.9953436399956
jena,f0,v7_jena_f0,,test_b,max. PAR (µmol/m²/s),0.05362575379641103,0.1056090498478197,-0.05164654318909862,17520,939.5232065131213,1850.2705533338012,-904.8474366730079
jena,f0,v7_jena_f0,,test_b,Tlog (degC),0.07307444603711305,0.1747772368337231,0.001547464148743986,17520,1280.2642945702207,3062.097189326829,27.111571885994636
jena,f0,v7_jena_f0,,test_b,CO2 (ppm),0.1709493665737854,0.2695437603522747,-0.003293484946663415,17520,2995.0329023727204,4722.406681371853,-57.70185626554303
jena,f0,v7_jena_f0,,combined,p (mbar),0.028833419901541677,0.10455109065878537,-0.005796517486868814,35040,1010.3230333500204,3663.4702166838397,-203.10997273988323
jena,f0,v7_jena_f0,,combined,T (degC),0.09006769441441932,0.19672082808698244,-0.0004786830294992111,35040,3155.9720122812532,6893.097816167865,-16.773053353652358
jena,f0,v7_jena_f0,,combined,Tpot (K),0.09096643059397026,0.19742334179809987,-0.002652272837988439,35040,3187.463728012718,6917.713896605419,-92.9356402431149
jena,f0,v7_jena_f0,,combined,Tdew (degC),0.05889124448700825,0.16540935946328178,0.00714710102283415,35040,2063.549206824769,5795.943955593393,250.4344198401086
jena,f0,v7_jena_f0,,combined,rh (%),0.27694788798531017,0.3491404997430108,0.013943897890036153,35040,9704.253995005269,12233.883110995099,488.5941820668668
jena,f0,v7_jena_f0,,combined,VPmax (mbar),0.11648694404953408,0.19732924852075762,-0.0007323827587907175,35040,4081.702519495674,6914.416868167347,-25.66269186802674
jena,f0,v7_jena_f0,,combined,VPact (mbar),0.07311741601235866,0.17655399249015857,0.007543186491970218,35040,2562.0342570730477,6186.4518968551565,264.31325467863644
jena,f0,v7_jena_f0,,combined,VPdef (mbar),0.28156853482825983,0.26965128326880305,0.006057776033977466,35040,9866.161460382225,9448.58096573886,212.2644722305704
jena,f0,v7_jena_f0,,combined,sh (g/kg),0.07344371504496729,0.1762688191234959,0.007279384076563678,35040,2573.4677751756535,6176.459422087297,255.06961804279126
jena,f0,v7_jena_f0,,combined,H2OC (mmol/mol),0.07326519005659417,0.176147597814519,0.007171240916616388,35040,2567.2122595830597,6172.211827420746,251.28028171823826
jena,f0,v7_jena_f0,,combined,rho (g/m**3),0.08063187438157163,0.1864708576981549,0.014098442129639375,35040,2825.34087833027,6533.938853743348,494.0094122225637
jena,f0,v7_jena_f0,,combined,wv (m/s),0.7039262965177129,0.5735448070002768,-0.10584996565445497,35040,24665.577429980658,20097.0100372897,-3708.982796532102
jena,f0,v7_jena_f0,,combined,max. wv (m/s),0.6763821272363616,0.5668929441480268,-0.11039170246813768,35040,23700.42973836211,19863.92876294686,-3868.1252544835443
jena,f0,v7_jena_f0,,combined,wd (deg),1.1670897060784027,0.7176081844766706,-0.03001316506652863,35040,40894.82330098723,25144.99078406254,-1051.6613039311633
jena,f0,v7_jena_f0,,combined,rain (mm),0.6354025737451621,0.08745745264552428,-0.06649368221738129,35040,22264.50618403048,3064.5091406991705,-2329.9386248970404
jena,f0,v7_jena_f0,,combined,raining (s),0.7496843187456611,0.2329833081401151,-0.15082505151481138,35040,26268.938528847964,8163.735117229633,-5284.909805078991
jena,f0,v7_jena_f0,,combined,SWDR (W/m²),0.1847657919756145,0.21205470437668808,-0.050523783749286684,35040,6474.1933508255315,7430.39684135915,-1770.3533825750055
jena,f0,v7_jena_f0,,combined,PAR (µmol/m²/s),0.16484941419087537,0.20088001535105338,-0.04411711458581119,35040,5776.323473248273,7038.83573790091,-1545.863695086824
jena,f0,v7_jena_f0,,combined,max. PAR (µmol/m²/s),0.1566282752251243,0.185085257681304,-0.051462479666688564,35040,5488.254763888355,6485.387429152892,-1803.2452875207673
jena,f0,v7_jena_f0,,combined,Tlog (degC),0.11157866518032797,0.2180306939415376,-0.0051341420951039295,35040,3909.716427918692,7639.7955157114775,-179.9003390124417
jena,f0,v7_jena_f0,,combined,CO2 (ppm),0.34377301715122194,0.3697058524994446,-0.006620377031298191,35040,12045.806520978816,12954.493071580539,-231.9780111766886
jena,lora_native,v7_jena_lora_92601,92601,test_a,p (mbar),0.018047504168858183,0.084728786390527,-9.927418286679313e-05,17520,316.19227303839534,1484.448337562033,-1.7392836838262156
jena,lora_native,v7_jena_lora_92601,92601,test_a,T (degC),0.053648073545517955,0.16095274244063026,0.007518939511078627,17520,939.9142485174746,2819.8920475598425,131.73182023409754
jena,lora_native,v7_jena_lora_92601,92601,test_a,Tpot (K),0.055313319568365736,0.16280167838276818,0.005225819549082085,17520,969.0893588377677,2852.2854052660987,91.55635849991813
jena,lora_native,v7_jena_lora_92601,92601,test_a,Tdew (degC),0.055042890781761236,0.16160696267017646,0.005599863012384418,17520,964.3514464964569,2831.353985981492,98.109599976975
jena,lora_native,v7_jena_lora_92601,92601,test_a,rh (%),0.2593021225616727,0.3432260370790419,-0.026408148037005783,17520,4542.973187280505,6013.320169624814,-462.67075360834133
jena,lora_native,v7_jena_lora_92601,92601,test_a,VPmax (mbar),0.09698482431242034,0.1987397884901336,0.013659169976874606,17520,1699.1741219536043,3481.9210943471408,239.3086579948431
jena,lora_native,v7_jena_lora_92601,92601,test_a,VPact (mbar),0.09621390590851926,0.21066717555797998,0.007351696343042824,17520,1685.6676315172574,3690.8889157758094,128.80171993011027
jena,lora_native,v7_jena_lora_92601,92601,test_a,VPdef (mbar),0.29312024880638954,0.3019628773456624,0.0022721340733614314,17520,5135.466759087944,5290.389611096005,39.807788965292275
jena,lora_native,v7_jena_lora_92601,92601,test_a,sh (g/kg),0.09704603945191428,0.21069657211754095,0.007085272483408056,17520,1700.2466111975382,3691.4039434993174,124.13397390930913
jena,lora_native,v7_jena_lora_92601,92601,test_a,H2OC (mmol/mol),0.09651465792552437,0.2101771212849005,0.006932094322296112,17520,1690.936806855187,3682.3031649114564,121.45029252662789
jena,lora_native,v7_jena_lora_92601,92601,test_a,rho (g/m**3),0.05578830403375448,0.1637624756039902,-0.008736684574362545,17520,977.4110866713785,2869.1185725819087,-153.06671374283178
jena,lora_native,v7_jena_lora_92601,92601,test_a,wv (m/s),0.5654778463290884,0.5330720311311418,-0.064151888913366,17520,9907.171867685629,9339.421985417604,-1123.9410937621724
jena,lora_native,v7_jena_lora_92601,92601,test_a,max. wv (m/s),0.5209248451042571,0.5053111254124234,-0.07934253324215518,17520,9126.603286226584,8853.050917225657,-1390.0811824025586
jena,lora_native,v7_jena_lora_92601,92601,test_a,wd (deg),1.136923580357715,0.7034502649258373,-0.06169907346758595,17520,19918.901127867164,12324.448641500669,-1080.9677671521058
jena,lora_native,v7_jena_lora_92601,92601,test_a,rain (mm),1.123979186640353,0.11428451205542116,-0.10281975398873527,17520,19692.115349938984,2002.2646512109786,-1801.402089882642
jena,lora_native,v7_jena_lora_92601,92601,test_a,raining (s),0.7098687052122502,0.21043920171708633,-0.16458330808800634,17520,12436.899715318623,3686.8948140833527,-2883.499557701871
jena,lora_native,v7_jena_lora_92601,92601,test_a,SWDR (W/m²),0.13291156205229465,0.1766330715454138,-0.017693257441617094,17520,2328.6105671562023,3094.61141347565,-309.9858703771315
jena,lora_native,v7_jena_lora_92601,92601,test_a,PAR (µmol/m²/s),0.12036631956096418,0.16821846363517284,-0.01560830911687317,17520,2108.8179187080923,2947.1874828882283,-273.45757572761795
jena,lora_native,v7_jena_lora_92601,92601,test_a,max. PAR (µmol/m²/s),0.11621813007228135,0.15975553155621042,-0.01606162807217669,17520,2036.1416388663692,2798.9169128648064,-281.3997238245356
jena,lora_native,v7_jena_lora_92601,92601,test_a,Tlog (degC),0.05317066592123427,0.1584968009246169,0.005082761511611556,17520,931.5500669400244,2776.863952199288,89.04998168343445
jena,lora_native,v7_jena_lora_92601,92601,test_a,CO2 (ppm),0.3279683962112936,0.3778957707638912,-0.020854483987337625,17520,5746.006301621864,6620.7339037833735,-365.3705594581552
jena,lora_native,v7_jena_lora_92601,92601,test_b,p (mbar),0.028972968153437636,0.10230544215386105,0.0004676353297900402,17520,507.6064020482274,1792.3913465356454,8.192970977921505
jena,lora_native,v7_jena_lora_92601,92601,test_b,T (degC),0.04579617860602208,0.14479385117827978,0.010219201263408155,17520,802.3490491775068,2536.788272643462,179.04040613491088
jena,lora_native,v7_jena_lora_92601,92601,test_b,Tpot (K),0.046738478470245995,0.14559747332329095,0.0063043737597444595,17520,818.8581427987099,2550.8677326240577,110.45262827072293
jena,lora_native,v7_jena_lora_92601,92601,test_b,Tdew (degC),0.05677791276025165,0.15776250325943691,0.0053282475988461675,17520,994.749031559609,2763.999057105335,93.35089793178486
jena,lora_native,v7_jena_lora_92601,92601,test_b,rh (%),0.15544648480439147,0.2563825998044078,-0.009760159014695092,17520,2723.4224137729384,4491.823148573225,-170.997985937458
jena,lora_native,v7_jena_lora_92601,92601,test_b,VPmax (mbar),0.02303266697758246,0.09694612034844749,0.0070052015901060525,17520,403.5323254472447,1698.4960285048,122.73113185865805
jena,lora_native,v7_jena_lora_92601,92601,test_b,VPact (mbar),0.041118377766997075,0.12829030570240124,0.0040090846308129535,17520,720.3939784777888,2247.64615590607,70.23916273184295
jena,lora_native,v7_jena_lora_92601,92601,test_b,VPdef (mbar),0.030448867762864266,0.10298354113259199,-0.002694398139087275,17520,533.464163205382,1804.2716406430118,-47.205855396809056
jena,lora_native,v7_jena_lora_92601,92601,test_b,sh (g/kg),0.04067189654078446,0.12717610595324694,0.003403648435745227,17520,712.5716273945437,2228.1253763008863,59.63192059425637
jena,lora_native,v7_jena_lora_92601,92601,test_b,H2OC (mmol/mol),0.040849075889062114,0.12748546484702578,0.0034157551590355377,17520,715.6758095763682,2233.5453441198915,59.84403038630262
jena,lora_native,v7_jena_lora_92601,92601,test_b,rho (g/m**3),0.05389567372804857,0.1529330074345898,-0.002993435947414935,17520,944.2522037154109,2679.386290254013,-52.444997798709664
jena,lora_native,v7_jena_lora_92601,92601,test_b,wv (m/s),0.6237667263987436,0.5086634395030363,-0.10676783595549647,17520,10928.39304650599,8911.783460093196,-1870.572485940298
jena,lora_native,v7_jena_lora_92601,92601,test_b,max. wv (m/s),0.5518775492075035,0.49722427348474724,-0.08480785469764836,17520,9668.894662115463,8711.369271452771,-1485.833614302799
jena,lora_native,v7_jena_lora_92601,92601,test_b,wd (deg),1.1511231317676403,0.715046254650531,0.024048647708843924,17520,20167.677268569056,12527.610381477301,421.33230785894557
jena,lora_native,v7_jena_lora_92601,92601,test_b,rain (mm),0.1454152640325907,0.050346504604193,-0.04855707028049329,17520,2547.675425850989,882.0707606654614,-850.7198713142425
jena,lora_native,v7_jena_lora_92601,92601,test_b,raining (s),0.7815980049287196,0.24534036985494315,-0.166561802233076,17520,13693.597046351166,4298.363279858604,-2918.162775123492
jena,lora_native,v7_jena_lora_92601,92601,test_b,SWDR (W/m²),0.0378802371637795,0.08081618291844155,-0.0030767738865734957,17520,663.6617551094168,1415.8995247310959,-53.90507849276764
jena,lora_native,v7_jena_lora_92601,92601,test_b,PAR (µmol/m²/s),0.028647269144320864,0.0701314080067489,-0.0006165889087279625,17520,501.9001554085015,1228.7022682782408,-10.802637680913904
jena,lora_native,v7_jena_lora_92601,92601,test_b,max. PAR (µmol/m²/s),0.022438444188353654,0.06309916299587588,-0.0009414220283543649,17520,393.121542179956,1105.4973356877454,-16.493713936768472
jena,lora_native,v7_jena_lora_92601,92601,test_b,Tlog (degC),0.048280186903382094,0.14784893609368954,0.008458853083455108,17520,845.8688745472543,2590.3133603614406,148.1991060221335
jena,lora_native,v7_jena_lora_92601,92601,test_b,CO2 (ppm),0.14811200417122647,0.25509000871243853,-0.02091086988325909,17520,2594.9223130798878,4469.176952641923,-366.35844035469927
jena,lora_native,v7_jena_lora_92601,92601,combined,p (mbar),0.02351023616114587,0.09351711427219402,0.00018418057346162355,35040,823.7986750865513,3276.8396840976784,6.453687294095289
jena,lora_native,v7_jena_lora_92601,92601,combined,T (degC),0.049722126075775155,0.15287329680945502,0.008869070387243392,35040,1742.2632976951616,5356.680320203304,310.7722263690084
jena,lora_native,v7_jena_lora_92601,92601,combined,Tpot (K),0.05102589901931157,0.15419957585302957,0.005765096654413273,35040,1787.9475016366775,5403.153137890156,202.00898677064106
jena,lora_native,v7_jena_lora_92601,92601,combined,Tdew (degC),0.05591040177101008,0.1596847329648067,0.005464055305615293,35040,1959.1004780561932,5595.353043086827,191.46049790875986
jena,lora_native,v7_jena_lora_92601,92601,combined,rh (%),0.20737430368304155,0.29980431844172484,-0.018084153525850438,35040,7266.395601053776,10505.14331819804,-633.6687395457993
jena,lora_native,v7_jena_lora_92601,92601,combined,VPmax (mbar),0.060008745645005704,0.14784295441929055,0.010332185783490329,35040,2102.706447401,5180.417122851941,362.03978985350113
jena,lora_native,v7_jena_lora_92601,92601,combined,VPact (mbar),0.06866614183776176,0.1694787406301906,0.005680390486927889,35040,2406.061609995172,5938.535071681879,199.04088266195322
jena,lora_native,v7_jena_lora_92601,92601,combined,VPdef (mbar),0.1617845582846359,0.20247320923912718,-0.00021113203286292185,35040,5668.930922293642,7094.661251739017,-7.3980664315167814
jena,lora_native,v7_jena_lora_92601,92601,combined,sh (g/kg),0.06885896799635281,0.16893633903539393,0.005244460459576641,35040,2412.8182385922028,5919.529319800204,183.7658945035655
jena,lora_native,v7_jena_lora_92601,92601,combined,H2OC (mmol/mol),0.06868186690729701,0.16883129306596312,0.005173924740665825,35040,2406.612616431687,5915.848509031348,181.2943229129305
jena,lora_native,v7_jena_lora_92601,92601,combined,rho (g/m**3),0.0548419888809063,0.15834774151929001,-0.0058650602608887395,35040,1921.6632903869568,5548.504862835922,-205.51171154154144
jena,lora_native,v7_jena_lora_92601,92601,combined,wv (m/s),0.594622286363921,0.5208677353170891,-0.08545986243443124,35040,20835.564914191793,18251.2054455108,-2994.5135797024705
jena,lora_native,v7_jena_lora_92601,92601,combined,max. wv (m/s),0.5364011971558884,0.5012676994485853,-0.08207519396990176,35040,18795.49794834233,17564.42018867843,-2875.9147967053577
jena,lora_native,v7_jena_lora_92601,92601,combined,wd (deg),1.1440233560626827,0.7092482597881841,-0.01882521287937101,35040,40086.5783964364,24852.05902297797,-659.6354592931602
jena,lora_native,v7_jena_lora_92601,92601,combined,rain (mm),0.6346972253364723,0.08231550832980708,-0.07568841213461429,35040,22239.79077578999,2884.33541187644,-2652.1219611968845
jena,lora_native,v7_jena_lora_92601,92601,combined,raining (s),0.7457333550704938,0.22788978578601474,-0.16557255516054117,35040,26130.496761670103,7985.258093941957,-5801.662332825363
jena,lora_native,v7_jena_lora_92601,92601,combined,SWDR (W/m²),0.08539589960804052,0.12872462723192768,-0.010385015664095295,35040,2992.2723222657396,4510.510938206746,-363.89094886989915
jena,lora_native,v7_jena_lora_92601,92601,combined,PAR (µmol/m²/s),0.07450679435264619,0.11917493582096088,-0.008112449012800567,35040,2610.7180741167226,4175.889751166469,-284.26021340853185
jena,lora_native,v7_jena_lora_92601,92601,combined,max. PAR (µmol/m²/s),0.06932828713032012,0.11142734727604314,-0.008501525050265527,35040,2429.263181046417,3904.4142485525517,-297.8934377613041
jena,lora_native,v7_jena_lora_92601,92601,combined,Tlog (degC),0.05072542641231381,0.1531728685091532,0.0067708072975333315,35040,1777.4189414874759,5367.177312560729,237.24908770556794
jena,lora_native,v7_jena_lora_92601,92601,combined,CO2 (ppm),0.23804020019126446,0.31649288973816486,-0.02088267693529836,35040,8340.928614701907,11089.910856425297,-731.7289998128545
jena,lora_native,v7_jena_lora_92602,92602,test_a,p (mbar),0.018220561783241777,0.08667199830104014,0.007051443627265497,17520,319.2242424423959,1518.4934102342231,123.5412923496915
jena,lora_native,v7_jena_lora_92602,92602,test_a,T (degC),0.0552137623052041,0.1638777145216604,0.0003569609861790105,17520,967.3451155871758,2871.1375584194902,6.2539564778562635
jena,lora_native,v7_jena_lora_92602,92602,test_a,Tpot (K),0.05704600230408369,0.16600788210555337,-0.001292757733037151,17520,999.4459603675461,2908.458094489295,-22.649115482810885
jena,lora_native,v7_jena_lora_92602,92602,test_a,Tdew (degC),0.05662627675429672,0.16431107907669953,0.008924296310396209,17520,992.0923687352785,2878.730105423776,156.35367135814158
jena,lora_native,v7_jena_lora_92602,92602,test_a,rh (%),0.25552603651320116,0.3408386936517012,-0.03085886507026493,17520,4476.816159711284,5971.493912777805,-540.6473160310416
jena,lora_native,v7_jena_lora_92602,92602,test_a,VPmax (mbar),0.09722351212668756,0.20096291647867176,0.0019457572956368026,17520,1703.355932459566,3520.870296706329,34.08966781955678
jena,lora_native,v7_jena_lora_92602,92602,test_a,VPact (mbar),0.09842580670182968,0.21420648526142513,0.010102423627708482,17520,1724.420133416056,3752.8976217801683,176.9944619574526
jena,lora_native,v7_jena_lora_92602,92602,test_a,VPdef (mbar),0.2740042385992287,0.29535054252205867,-0.008268361288966977,17520,4800.5542602584865,5174.541504986468,-144.86168978270143
jena,lora_native,v7_jena_lora_92602,92602,test_a,sh (g/kg),0.09926573668729703,0.2142381654967252,0.00997124448221668,17520,1739.135706761444,3753.4526595026255,174.69620332843624
jena,lora_native,v7_jena_lora_92602,92602,test_a,H2OC (mmol/mol),0.09870664314907986,0.21368704843417913,0.009802863382213147,17520,1729.3403879718792,3743.7970885668183,171.74616645637434
jena,lora_native,v7_jena_lora_92602,92602,test_a,rho (g/m**3),0.05646594268703294,0.16575928604647971,-0.00826370473570567,17520,989.2833158768171,2904.1026915343245,-144.78010696956335
jena,lora_native,v7_jena_lora_92602,92602,test_a,wv (m/s),0.5646285901605937,0.5309428000337201,-0.07286080690088828,17520,9892.292899613603,9302.117856590776,-1276.5213369035628
jena,lora_native,v7_jena_lora_92602,92602,test_a,max. wv (m/s),0.5190066025469788,0.5025722039969915,-0.085950490689627,17520,9092.99567662307,8805.065014027292,-1505.852596882265
jena,lora_native,v7_jena_lora_92602,92602,test_a,wd (deg),1.1484708878782557,0.7074678526233766,-0.09103522859098383,17520,20121.20995562704,12394.836777961558,-1594.9372049140366
jena,lora_native,v7_jena_lora_92602,92602,test_a,rain (mm),1.1291034803338649,0.11753039072511173,-0.09848069413421573,17520,19781.89297544931,2059.1324455039576,-1725.3817612314597
jena,lora_native,v7_jena_lora_92602,92602,test_a,raining (s),0.7164065381927539,0.212876987445687,-0.1580381966048222,17520,12551.44254913705,3729.6048200484365,-2768.8292045164853
jena,lora_native,v7_jena_lora_92602,92602,test_a,SWDR (W/m²),0.13512534507260893,0.17819949188963716,-0.011836002664383729,17520,2367.3960456721084,3122.055097906443,-207.3667666800029
jena,lora_native,v7_jena_lora_92602,92602,test_a,PAR (µmol/m²/s),0.12258334502205759,0.16982303682220118,-0.0102029926723213,17520,2147.660204786449,2975.2996051249647,-178.7564316190692
jena,lora_native,v7_jena_lora_92602,92602,test_a,max. PAR (µmol/m²/s),0.1187153414973493,0.16185084048083642,-0.010260128963456579,17520,2079.8927830335597,2835.626725224254,-179.75745943975926
jena,lora_native,v7_jena_lora_92602,92602,test_a,Tlog (degC),0.0565651471481631,0.16374977754807266,-0.0053351302945660265,17520,991.0213780358175,2868.896102642233,-93.47148276079679
jena,lora_native,v7_jena_lora_92602,92602,test_a,CO2 (ppm),0.3265400325609162,0.37939267888336686,-0.038909293810882685,17520,5720.9813704672515,6646.959734036587,-681.6908275666647
jena,lora_native,v7_jena_lora_92602,92602,test_b,p (mbar),0.03016894025655203,0.10570473497612275,0.013994809976326685,17520,528.5598332947916,1851.9469567816705,245.18907078524353
jena,lora_native,v7_jena_lora_92602,92602,test_b,T (degC),0.04660549725945649,0.1456276495394921,0.012379503706254843,17520,816.5283119856776,2551.3964199319016,216.88890493358485
jena,lora_native,v7_jena_lora_92602,92602,test_b,Tpot (K),0.0476233414036044,0.14716480792243328,0.00911535452238016,17520,834.360941391149,2578.327434801031,159.70101123210043
jena,lora_native,v7_jena_lora_92602,92602,test_b,Tdew (degC),0.05690846031816258,0.1577924470374476,0.011227670578583336,17520,997.0362247742084,2764.523672096082,196.70878853678005
jena,lora_native,v7_jena_lora_92602,92602,test_b,rh (%),0.15554020879348746,0.2559358006468532,-0.0048834629036220625,17520,2725.0644580619,4483.995227332867,-85.55827007145854
jena,lora_native,v7_jena_lora_92602,92602,test_b,VPmax (mbar),0.023609071145595246,0.09773560287593014,0.007578446252987036,17520,413.63092647082874,1712.327762386296,132.77437835233286
jena,lora_native,v7_jena_lora_92602,92602,test_b,VPact (mbar),0.041247444598851116,0.12820584670669916,0.008685284016116039,17520,722.6552293718715,2246.166434301369,152.166175962353
jena,lora_native,v7_jena_lora_92602,92602,test_b,VPdef (mbar),0.03098555719338774,0.1045913142068673,-0.001283859410793648,17520,542.8669620281532,1832.4398249043152,-22.493216877104715
jena,lora_native,v7_jena_lora_92602,92602,test_b,sh (g/kg),0.04086392568293379,0.12728880222173955,0.008083804486798905,17520,715.935977965,2230.099814924877,141.62825460871682
jena,lora_native,v7_jena_lora_92602,92602,test_b,H2OC (mmol/mol),0.04108859291841507,0.12767132199857092,0.00814995693022143,17520,719.8721479306321,2236.8015614149626,142.78724541747943
jena,lora_native,v7_jena_lora_92602,92602,test_b,rho (g/m**3),0.05244513350191312,0.1516099330136473,0.005920349168651668,17520,918.8387389535178,2656.2060263991007,103.72451743477723
jena,lora_native,v7_jena_lora_92602,92602,test_b,wv (m/s),0.624951709821086,0.5120684685562839,-0.1139883152283776,17520,10949.153956065427,8971.439569106093,-1997.0752828011755
jena,lora_native,v7_jena_lora_92602,92602,test_b,max. wv (m/s),0.55080677078392,0.49910557121672344,-0.09321717914697804,17520,9650.13462413428,8744.329607716994,-1633.1649786550552
jena,lora_native,v7_jena_lora_92602,92602,test_b,wd (deg),1.1612373879049536,0.7195581718385057,-0.0020702235762896488,17520,20344.879036094786,12606.65917061062,-36.27031705659465
jena,lora_native,v7_jena_lora_92602,92602,test_b,rain (mm),0.14536799435047396,0.050535435865731,-0.048396126380334845,17520,2546.847261020304,885.3808363676071,-847.9001341834664
jena,lora_native,v7_jena_lora_92602,92602,test_b,raining (s),0.7885722147210731,0.24714498252259168,-0.16537014268164324,17520,13815.7852019132,4329.980093795806,-2897.2848997823894
jena,lora_native,v7_jena_lora_92602,92602,test_b,SWDR (W/m²),0.035808295899055306,0.07935706594020403,0.0005288715984787394,17520,627.361344151449,1390.3357952723745,9.265830405347515
jena,lora_native,v7_jena_lora_92602,92602,test_b,PAR (µmol/m²/s),0.02692969533916145,0.06885726901856291,0.0025627563133685024,17520,471.8082623421086,1206.3793532052223,44.89949061021616
jena,lora_native,v7_jena_lora_92602,92602,test_b,max. PAR (µmol/m²/s),0.02134868767481313,0.06213687256574083,0.0019019439583112694,17520,374.02900806272606,1088.6380073517794,33.32205814961344
jena,lora_native,v7_jena_lora_92602,92602,test_b,Tlog (degC),0.04808930416267263,0.14653378811757706,0.010593894391008876,17520,842.5246089300246,2567.27196781995,185.6050297304755
jena,lora_native,v7_jena_lora_92602,92602,test_b,CO2 (ppm),0.14776460400957878,0.2549898382241611,-0.01605074812399519,17520,2588.8358622478204,4467.421965687303,-281.20910713239573
jena,lora_native,v7_jena_lora_92602,92602,combined,p (mbar),0.02419475101989565,0.09618836663858144,0.01052312680179609,35040,847.7840757371437,3370.4403670158936,368.73036313493503
jena,lora_native,v7_jena_lora_92602,92602,combined,T (degC),0.05090962978233551,0.15475268203057624,0.006368232346216927,35040,1783.8734275730362,5422.533978351392,223.14286141144112
jena,lora_native,v7_jena_lora_92602,92602,combined,Tpot (K),0.052334671853849546,0.15658634501399332,0.003911298394671505,35040,1833.806901758888,5486.785529290326,137.05189574928954
jena,lora_native,v7_jena_lora_92602,92602,combined,Tdew (degC),0.05676736853623331,0.16105176305707358,0.010075983444489773,35040,1989.1285935096153,5643.253777519858,353.06245989492163
jena,lora_native,v7_jena_lora_92602,92602,combined,rh (%),0.2055331226533529,0.29838724714927717,-0.017871163986943495,35040,7201.880617773486,10455.489140110672,-626.2055861025001
jena,lora_native,v7_jena_lora_92602,92602,combined,VPmax (mbar),0.06041629163614586,0.14934925967730095,0.004762101774311919,35040,2116.986858930551,5233.198059092625,166.86404617188964
jena,lora_native,v7_jena_lora_92602,92602,combined,VPact (mbar),0.06983662565034433,0.17120616598406213,0.00939385382191226,35040,2447.0753627880654,5999.064056081537,329.1606379198056
jena,lora_native,v7_jena_lora_92602,92602,combined,VPdef (mbar),0.15249489789631662,0.19997092836446298,-0.004776110349880312,35040,5343.421222286935,7006.981329890783,-167.35490665980615
jena,lora_native,v7_jena_lora_92602,92602,combined,sh (g/kg),0.07006483118511891,0.17076348385923237,0.009027524484507792,35040,2455.0716847265667,5983.552474427503,316.32445793715306
jena,lora_native,v7_jena_lora_92602,92602,combined,H2OC (mmol/mol),0.0698976180337517,0.170679185216375,0.008976410156217288,35040,2449.21253590266,5980.598649981781,314.53341187385377
jena,lora_native,v7_jena_lora_92602,92602,combined,rho (g/m**3),0.05445553809447833,0.1586846095300635,-0.0011716777835270012,35040,1908.1220548305207,5560.308717933425,-41.05558953478612
jena,lora_native,v7_jena_lora_92602,92602,combined,wv (m/s),0.5947901499908468,0.521505634295002,-0.09342456106463294,35040,20841.44685567927,18273.55742569687,-3273.5966197047383
jena,lora_native,v7_jena_lora_92602,92602,combined,max. wv (m/s),0.5349066866654553,0.5008388876068575,-0.08958383491830252,35040,18743.13030075755,17549.394621744286,-3139.01757553732
jena,lora_native,v7_jena_lora_92602,92602,combined,wd (deg),1.1548541378916122,0.7135130122309411,-0.04655272608363673,35040,40466.08899172209,25001.495948572177,-1631.2075219706312
jena,lora_native,v7_jena_lora_92602,92602,combined,rain (mm),0.6372357373421744,0.08403291329542137,-0.0734384102572753,35040,22328.740236469792,2944.5132818715647,-2573.281895414926
jena,lora_native,v7_jena_lora_92602,92602,combined,raining (s),0.7524893764569145,0.23001098498413936,-0.16170416964323273,35040,26367.227751050283,8059.584913844243,-5666.114104298875
jena,lora_native,v7_jena_lora_92602,92602,combined,SWDR (W/m²),0.08546682048583615,0.12877827891492058,-0.005653565532952494,35040,2994.7573898236988,4512.390893178817,-198.1009362746554
jena,lora_native,v7_jena_lora_92602,92602,combined,PAR (µmol/m²/s),0.0747565201806127,0.11934015292038205,-0.0038201181794763994,35040,2619.468467128669,4181.678958330187,-133.85694100885303
jena,lora_native,v7_jena_lora_92602,92602,combined,max. PAR (µmol/m²/s),0.07003201458608485,0.11199385652328862,-0.004179092502572655,35040,2453.921791096413,3924.2647325760336,-146.43540129014582
jena,lora_native,v7_jena_lora_92602,92602,combined,Tlog (degC),0.05232722565542362,0.15514178283282487,0.0026293820482214247,35040,1833.5459869660438,5436.168070462183,92.13354696967872
jena,lora_native,v7_jena_lora_92602,92602,combined,CO2 (ppm),0.2371523182852521,0.317191258553764,-0.02748002096743894,35040,8309.817232715233,11114.38169972389,-962.8999346990604
hog,A_FULL,v11_hog_a_p_lora_qfixed_lr0.0001_92601__A_FULL,92601,test_a,Hog_office_Alexis,1.0892712650509573,0.7414277506895208,-0.25998384986499634,1920,2091.400828897838,1423.54128132388,-499.168991740793
hog,A_FULL,v11_hog_a_p_lora_qfixed_lr0.0001_92601__A_FULL,92601,test_a,Hog_office_Almeda,0.46514759086421903,0.5137531140129189,0.0372708833100963,1920,893.0833744593006,986.4059789048042,71.5600959553849
hog,A_FULL,v11_hog_a_p_lora_qfixed_lr0.0001_92601__A_FULL,92601,test_a,Hog_office_Bessie,0.15630518765556992,0.28812280263922124,-0.03610364060947783,1920,300.10596029869424,553.1957810673048,-69.31898997019744
hog,A_FULL,v11_hog_a_p_lora_qfixed_lr0.0001_92601__A_FULL,92601,test_a,Hog_office_Betsy,17.49531684779698,3.102839752348761,-1.0696071065962314,1920,33591.0083477702,5957.452324509621,-2053.6456446647644
hog,A_FULL,v11_hog_a_p_lora_qfixed_lr0.0001_92601__A_FULL,92601,test_a,Hog_office_Bill,0.32566519056125404,0.3926883151444296,-0.09536536127949755,1920,625.2771658776078,753.9615650773048,-183.10149365663528
hog,A_FULL,v11_hog_a_p_lora_qfixed_lr0.0001_92601__A_FULL,92601,test_a,Hog_office_Buford,0.9861091027803316,0.7409629470707538,-0.5841835347159455,1920,1893.3294773382368,1422.6488583758473,-1121.6323866546154
hog,A_FULL,v11_hog_a_p_lora_qfixed_lr0.0001_92601__A_FULL,92601,test_a,Hog_office_Byron,0.12776662028389651,0.23734882856127418,-0.02196066923449204,1920,245.3119109450813,455.7097508376464,-42.16448493022472
hog,A_FULL,v11_hog_a_p_lora_qfixed_lr0.0001_92601__A_FULL,92601,test_a,Hog_office_Candi,0.1221896457175756,0.23690646583903194,0.09111933201541736,1920,234.60411977774515,454.8604144109413,174.94911746960133
hog,A_FULL,v11_hog_a_p_lora_qfixed_lr0.0001_92601__A_FULL,92601,test_a,Hog_office_Carri,0.5254279327871589,0.5184327772295849,-0.10542832232370832,1920,1008.8216309513451,995.3909322808031,-202.42237886151997
hog,A_FULL,v11_hog_a_p_lora_qfixed_lr0.0001_92601__A_FULL,92601,test_a,Hog_office_Catalina,1.0382474413434168,0.6426919601377449,0.2505303184952936,1920,1993.4350873793603,1233.9685634644702,481.01821151096374
hog,A_FULL,v11_hog_a_p_lora_qfixed_lr0.0001_92601__A_FULL,92601,test_a,Hog_office_Catharine,5.824264237300055,1.6969119981595417,-0.3783901042845948,1823,10617.633704598,3093.4705726448447,-689.8051601108164
hog,A_FULL,v11_hog_a_p_lora_qfixed_lr0.0001_92601__A_FULL,92601,test_a,Hog_office_Charla,0.2715886877444042,0.40238595931160337,0.028907357333666065,1920,521.4502804692561,772.5810418782785,55.502126080638845
hog,A_FULL,v11_hog_a_p_lora_qfixed_lr0.0001_92601__A_FULL,92601,test_a,Hog_office_Clemencia,2.4758695015556826,0.9244320372633713,0.04450446703607061,1920,4753.66944298691,1774.909511545673,85.44857670925558
hog,A_FULL,v11_hog_a_p_lora_qfixed_lr0.0001_92601__A_FULL,92601,test_a,Hog_office_Cordelia,0.3642798411316686,0.46679172624644705,-0.09266415932725067,1920,699.4172949728037,896.2401143931784,-177.9151859083213
hog,A_FULL,v11_hog_a_p_lora_qfixed_lr0.0001_92601__A_FULL,92601,test_a,Hog_office_Corey,0.7178799804663414,0.5925351783738734,0.10978909398363612,1920,1378.3295624953755,1137.6675424778368,210.79506044858135
hog,A_FULL,v11_hog_a_p_lora_qfixed_lr0.0001_92601__A_FULL,92601,test_a,Hog_office_Corie,0.305982650718283,0.4300425713537096,-0.005714282285173475,1918,586.8747240776668,824.821651856415,-10.959993422962725
hog,A_FULL,v11_hog_a_p_lora_qfixed_lr0.0001_92601__A_FULL,92601,test_a,Hog_office_Cornell,0.9479384025511223,0.7073057440561754,-0.21842781763599184,1903,1803.9267800547857,1346.0028309389018,-415.6681369612925
hog,A_FULL,v11_hog_a_p_lora_qfixed_lr0.0001_92601__A_FULL,92601,test_a,Hog_office_Cortney,0.10923701653656842,0.2057763094380486,0.04320311902432271,1920,209.73507175021138,395.0905141210533,82.9499885266996
hog,A_FULL,v11_hog_a_p_lora_qfixed_lr0.0001_92601__A_FULL,92601,test_a,Hog_office_Darline,2.335830046255238,0.5489253815656412,0.06690304342725237,1920,4484.793688810057,1053.936732606031,128.45384338032454
hog,A_FULL,v11_hog_a_p_lora_qfixed_lr0.0001_92601__A_FULL,92601,test_a,Hog_office_Denita,0.1400135149335828,0.2847154422275859,0.029272887715175482,1920,268.825948672479,546.6536490769649,56.203944413136924
hog,A_FULL,v11_hog_a_p_lora_qfixed_lr0.0001_92601__A_FULL,92601,test_a,Hog_office_Elizbeth,0.15827314104398485,0.270274146576412,0.005896087304184523,1920,303.8844308044509,518.9263614267111,11.320487624034286
hog,A_FULL,v11_hog_a_p_lora_qfixed_lr0.0001_92601__A_FULL,92601,test_a,Hog_office_Elke,0.12960366633562886,0.23343615661927802,0.005279563163913111,1918,248.57983203173615,447.73054839577526,10.126202148385346
hog,A_FULL,v11_hog_a_p_lora_qfixed_lr0.0001_92601__A_FULL,92601,test_a,Hog_office_Elnora,0.8522061311734951,0.7128243440024865,-0.19726264394121246,1920,1636.2357718531105,1368.622740484774,-378.7442763671279
hog,A_FULL,v11_hog_a_p_lora_qfixed_lr0.0001_92601__A_FULL,92601,test_a,Hog_office_Eloise,0.12814615985568534,0.2709146047937641,-0.018803568009252557,1920,246.04062692291586,520.1560412040271,-36.10285057776491
hog,A_FULL,v11_hog_a_p_lora_qfixed_lr0.0001_92601__A_FULL,92601,test_a,Hog_office_Elsy,0.5522098085756236,0.5160790222756381,-0.1406967140587464,1920,1060.2428324651974,990.871722769225,-270.13769099279307
hog,A_FULL,v11_hog_a_p_lora_qfixed_lr0.0001_92601__A_FULL,92601,test_a,Hog_office_Emmanuel,1.7403479503665624,0.7718437541438713,-0.0360092474562407,1920,3341.4680647038,1481.9400079562329,-69.13775511598215
hog,A_FULL,v11_hog_a_p_lora_qfixed_lr0.0001_92601__A_FULL,92601,test_a,Hog_office_Garrett,2.57345328983243,1.2480573316503676,0.04098806681104179,1920,4941.030316478265,2396.2700767687056,78.69708827720024
hog,A_FULL,v11_hog_a_p_lora_qfixed_lr0.0001_92601__A_FULL,92601,test_a,Hog_office_Guadalupe,0.2829708866339723,0.40875938843528276,-0.009605732984103573,1920,543.3041023372268,784.8180257957429,-18.44300732947886
hog,A_FULL,v11_hog_a_p_lora_qfixed_lr0.0001_92601__A_FULL,92601,test_a,Hog_office_Gustavo,0.10271975579714324,0.22780669901136813,-0.011055348603440507,1920,197.221931130515,437.3888621018268,-21.226269318605773
hog,A_FULL,v11_hog_a_p_lora_qfixed_lr0.0001_92601__A_FULL,92601,test_a,Hog_office_Joey,27.96795272088961,3.981214716547869,-0.305167826449425,1918,53642.53331866627,7635.969826338813,-585.3118911299971
hog,A_FULL,v11_hog_a_p_lora_qfixed_lr0.0001_92601__A_FULL,92601,test_a,Hog_office_Josefina,0.17252619084139637,0.30601981607666556,-0.010980093776773477,1920,331.250286415481,587.5580468671978,-21.081780051405076
hog,A_FULL,v11_hog_a_p_lora_qfixed_lr0.0001_92601__A_FULL,92601,test_a,Hog_office_Lanell,0.7798526347021386,0.6393231100775059,-0.24092804822418354,1920,1497.3170586281062,1227.5003713488113,-462.5818525904324
hog,A_FULL,v11_hog_a_p_lora_qfixed_lr0.0001_92601__A_FULL,92601,test_b,Hog_office_Alexis,1.3808753271828829,0.8990940573673772,-0.11985641854019681,1920,2651.2806281911353,1726.2605901453644,-230.12432359717786
hog,A_FULL,v11_hog_a_p_lora_qfixed_lr0.0001_92601__A_FULL,92601,test_b,Hog_office_Almeda,0.6117679385001725,0.6008675400779794,-0.010456593233266176,1920,1174.5944419203313,1153.6656769497204,-20.076659007871058
hog,A_FULL,v11_hog_a_p_lora_qfixed_lr0.0001_92601__A_FULL,92601,test_b,Hog_office_Bessie,0.20787530475474003,0.35704773493583464,-0.04639823941879513,1920,399.12058512910085,685.5316510768025,-89.08461968408665
hog,A_FULL,v11_hog_a_p_lora_qfixed_lr0.0001_92601__A_FULL,92601,test_b,Hog_office_Betsy,27.835734378989468,3.9779947210724154,-0.392271807603538,1920,53444.61000765978,7637.749864459038,-753.161870598793
hog,A_FULL,v11_hog_a_p_lora_qfixed_lr0.0001_92601__A_FULL,92601,test_b,Hog_office_Bill,0.377782679137392,0.46987391729683925,-0.034014085113691785,1920,725.3427439437926,902.1579212099314,-65.30704341828823
hog,A_FULL,v11_hog_a_p_lora_qfixed_lr0.0001_92601__A_FULL,92601,test_b,Hog_office_Buford,0.9139499194842957,0.6375049148996671,-0.034395914152264596,1920,1754.7838454098478,1224.0094366073608,-66.04015517234802
hog,A_FULL,v11_hog_a_p_lora_qfixed_lr0.0001_92601__A_FULL,92601,test_b,Hog_office_Byron,0.13698475875411756,0.2384757799033347,0.03445111293015846,1920,263.0107368079057,457.87349741440266,66.14613682590425
hog,A_FULL,v11_hog_a_p_lora_qfixed_lr0.0001_92601__A_FULL,92601,test_b,Hog_office_Candi,0.43459079992625377,0.5029621667657921,0.10555579686582253,1920,834.4143358584072,965.6873601903208,202.66712998237927
hog,A_FULL,v11_hog_a_p_lora_qfixed_lr0.0001_92601__A_FULL,92601,test_b,Hog_office_Carri,1.0210820957514997,0.7017237107440455,-0.292364465991769,1826,1864.4959068422386,1281.347495818627,-533.8575149009703
hog,A_FULL,v11_hog_a_p_lora_qfixed_lr0.0001_92601__A_FULL,92601,test_b,Hog_office_Catalina,0.4862596211735609,0.5457491779632012,0.05524893986003008,1920,933.618472653237,1047.8384216893464,106.07796453125775
hog,A_FULL,v11_hog_a_p_lora_qfixed_lr0.0001_92601__A_FULL,92601,test_b,Hog_office_Catharine,9.607339163168426,2.2170759822874406,0.20142447828798205,1745,16764.806839728903,3868.797589091584,351.4857146125287
hog,A_FULL,v11_hog_a_p_lora_qfixed_lr0.0001_92601__A_FULL,92601,test_b,Hog_office_Charla,0.25211212430469393,0.3982371409185968,0.061838606107145706,1920,484.0552786650124,764.6153105637059,118.73012372571975
hog,A_FULL,v11_hog_a_p_lora_qfixed_lr0.0001_92601__A_FULL,92601,test_b,Hog_office_Clemencia,1.3449171368354198,0.5213261666849099,0.03415172110891935,1910,2568.791731355652,995.732978368178,65.22978731803596
hog,A_FULL,v11_hog_a_p_lora_qfixed_lr0.0001_92601__A_FULL,92601,test_b,Hog_office_Cordelia,0.4227042265935202,0.5046775047124963,-0.0824667347235239,1920,811.5921150595588,968.9808090479928,-158.33613066916587
hog,A_FULL,v11_hog_a_p_lora_qfixed_lr0.0001_92601__A_FULL,92601,test_b,Hog_office_Corey,0.5064687000334409,0.5157329371707117,0.0843730074375344,1920,972.4199040642065,990.2072393677663,161.99617428006604
hog,A_FULL,v11_hog_a_p_lora_qfixed_lr0.0001_92601__A_FULL,92601,test_b,Hog_office_Corie,0.3535671826571917,0.47956211676355454,0.01622004962215821,1920,678.8489907018081,920.7592641860247,31.142495274543762
hog,A_FULL,v11_hog_a_p_lora_qfixed_lr0.0001_92601__A_FULL,92601,test_b,Hog_office_Cornell,3.2810776775021178,1.329605722229158,-0.4034431796529797,1684,5525.334808913566,2239.056036233902,-679.3983145356178
hog,A_FULL,v11_hog_a_p_lora_qfixed_lr0.0001_92601__A_FULL,92601,test_b,Hog_office_Cortney,0.12671597443889054,0.2520017330709379,0.03609369397163391,1920,243.29467092266987,483.8433274962008,69.29989242553711
hog,A_FULL,v11_hog_a_p_lora_qfixed_lr0.0001_92601__A_FULL,92601,test_b,Hog_office_Darline,14.002104554024662,1.5318578654126074,-0.05300304672152253,1918,26856.036534619303,2938.103385861381,-101.6598436118802
hog,A_FULL,v11_hog_a_p_lora_qfixed_lr0.0001_92601__A_FULL,92601,test_b,Hog_office_Denita,0.1624595738658079,0.3130903937805973,0.03554539565957384,1920,311.92238182235116,601.1335560587468,68.24715966638178
hog,A_FULL,v11_hog_a_p_lora_qfixed_lr0.0001_92601__A_FULL,92601,test_b,Hog_office_Elizbeth,0.34625915160781723,0.33323591412762027,0.028156940259125924,1916,663.4325344805778,638.4800114685204,53.94869753648527
hog,A_FULL,v11_hog_a_p_lora_qfixed_lr0.0001_92601__A_FULL,92601,test_b,Hog_office_Elke,0.1288294583985132,0.24726190569926984,0.0356723117515988,1920,247.35256012514537,474.7428589425981,68.4908385630697
hog,A_FULL,v11_hog_a_p_lora_qfixed_lr0.0001_92601__A_FULL,92601,test_b,Hog_office_Elnora,1.6140554143467438,0.9563473787469169,0.2302570011311521,1920,3098.986395545748,1836.1869671940804,442.09344217181206
hog,A_FULL,v11_hog_a_p_lora_qfixed_lr0.0001_92601__A_FULL,92601,test_b,Hog_office_Eloise,0.2580364252850797,0.40323190520090674,0.037854601943399756,1920,495.42993654735307,774.2052579857409,72.68083573132753
hog,A_FULL,v11_hog_a_p_lora_qfixed_lr0.0001_92601__A_FULL,92601,test_b,Hog_office_Elsy,0.8158216230587081,0.6855152416364801,-0.09015400973465586,1910,1558.2193000421325,1309.3341115256771,-172.1941585931927
hog,A_FULL,v11_hog_a_p_lora_qfixed_lr0.0001_92601__A_FULL,92601,test_b,Hog_office_Emmanuel,0.42815099059137746,0.4836837855212868,0.04612619133310778,1917,820.7654489636706,927.2218168443069,88.42390878556762
hog,A_FULL,v11_hog_a_p_lora_qfixed_lr0.0001_92601__A_FULL,92601,test_b,Hog_office_Garrett,3.038909740971853,1.3504333060661642,-0.09925031483871863,1920,5834.706702665958,2592.831947647035,-190.56060449033976
hog,A_FULL,v11_hog_a_p_lora_qfixed_lr0.0001_92601__A_FULL,92601,test_b,Hog_office_Guadalupe,0.35564799765978783,0.4835773452796275,0.02023451772693079,1920,682.8441555067926,928.4685029368848,38.850274035707116
hog,A_FULL,v11_hog_a_p_lora_qfixed_lr0.0001_92601__A_FULL,92601,test_b,Hog_office_Gustavo,0.18731170952342815,0.32468292182696434,-0.016886964510225273,1920,359.63848228498205,623.3912099077716,-32.422971859632526
hog,A_FULL,v11_hog_a_p_lora_qfixed_lr0.0001_92601__A_FULL,92601,test_b,Hog_office_Joey,27.61261956161991,4.210450822090873,-0.14352159767956132,1920,53016.229558310224,8084.0655784144765,-275.56146754475776
hog,A_FULL,v11_hog_a_p_lora_qfixed_lr0.0001_92601__A_FULL,92601,test_b,Hog_office_Josefina,0.5072754971354426,0.5306140442225379,0.04081172727794232,1918,972.9544035057789,1017.7177368188277,78.27689291909337
hog,A_FULL,v11_hog_a_p_lora_qfixed_lr0.0001_92601__A_FULL,92601,test_b,Hog_office_Lanell,1.278704272721653,0.8448910345468297,0.16578740254244623,1920,2455.112203625574,1622.190786329913,318.31181288149673
hog,A_FULL,v11_hog_a_p_lora_qfixed_lr0.0001_92601__A_FULL,92601,combined,Hog_office_Alexis,1.2350732961169244,0.8202609040284491,-0.18992013420259657,3840,4742.68145708899,3149.8018714692444,-729.2933153379709
hog,A_FULL,v11_hog_a_p_lora_qfixed_lr0.0001_92601__A_FULL,92601,combined,Hog_office_Almeda,0.5384577646821994,0.5573103270454491,0.013407145038415062,3840,2067.6778163796457,2140.0716558545246,51.48343694751384
hog,A_FULL,v11_hog_a_p_lora_qfixed_lr0.0001_92601__A_FULL,92601,combined,Hog_office_Bessie,0.18209024620515393,0.32258526878752797,-0.04125094001413648,3840,699.226545427791,1238.7274321441073,-158.40360965428408
hog,A_FULL,v11_hog_a_p_lora_qfixed_lr0.0001_92601__A_FULL,92601,combined,Hog_office_Betsy,22.665525613393235,3.540417236710588,-0.7309394570998847,3840,87035.61835543002,13595.202188968658,-2806.8075152635574
hog,A_FULL,v11_hog_a_p_lora_qfixed_lr0.0001_92601__A_FULL,92601,combined,Hog_office_Bill,0.3517239348493165,0.4312811162206344,-0.06468972319659466,3840,1350.6199098213754,1656.1194862872362,-248.40853707492352
hog,A_FULL,v11_hog_a_p_lora_qfixed_lr0.0001_92601__A_FULL,92601,combined,Hog_office_Buford,0.9500295111322977,0.6892339309852105,-0.3092897244341051,3840,3648.113322748023,2646.658294983208,-1187.6725418269634
hog,A_FULL,v11_hog_a_p_lora_qfixed_lr0.0001_92601__A_FULL,92601,combined,Hog_office_Byron,0.13237568951900744,0.23791230423230444,0.006245221847833212,3840,508.3226477529886,913.5832482520491,23.981651895679533
hog,A_FULL,v11_hog_a_p_lora_qfixed_lr0.0001_92601__A_FULL,92601,combined,Hog_office_Candi,0.27839022282191467,0.36993431630241197,0.09833756444061995,3840,1069.0184556361523,1420.547774601262,377.6162474519806
hog,A_FULL,v11_hog_a_p_lora_qfixed_lr0.0001_92601__A_FULL,92601,combined,Hog_office_Carri,0.767036182005759,0.6077785446074293,-0.19655095935998138,3746,2873.317537793573,2276.73842809943,-736.2798937624902
hog,A_FULL,v11_hog_a_p_lora_qfixed_lr0.0001_92601__A_FULL,92601,combined,Hog_office_Catalina,0.7622535312584946,0.594220569050473,0.15288962917766186,3840,2927.0535600326193,2281.8069851538166,587.0961760422215
hog,A_FULL,v11_hog_a_p_lora_qfixed_lr0.0001_92601__A_FULL,92601,combined,Hog_office_Catharine,7.674450825203753,1.9513083412938421,-0.09482047239301784,3568,27382.44054432699,6962.268161736429,-338.3194454982877
hog,A_FULL,v11_hog_a_p_lora_qfixed_lr0.0001_92601__A_FULL,92601,combined,Hog_office_Charla,0.2618504060245472,0.4003115501151001,0.04537298172040589,3840,1005.5055591342611,1537.1963524419843,174.2322498063586
hog,A_FULL,v11_hog_a_p_lora_qfixed_lr0.0001_92601__A_FULL,92601,combined,Hog_office_Clemencia,1.9118697583140007,0.7234053498469585,0.039341609406603535,3830,7322.461174342623,2770.642489913851,150.67836402729154
hog,A_FULL,v11_hog_a_p_lora_qfixed_lr0.0001_92601__A_FULL,92601,combined,Hog_office_Cordelia,0.3934920338625938,0.48573461547947167,-0.08756544702538728,3840,1511.0094100323602,1865.2209234411712,-336.25131657748716
hog,A_FULL,v11_hog_a_p_lora_qfixed_lr0.0001_92601__A_FULL,92601,combined,Hog_office_Corey,0.6121743402498949,0.5541340577722925,0.09708105071058526,3840,2350.7494665595964,2127.874781845603,372.7912347286474
hog,A_FULL,v11_hog_a_p_lora_qfixed_lr0.0001_92601__A_FULL,92601,combined,Hog_office_Corie,0.32978731495036007,0.4548152464936007,0.0052585987106777065,3838,1265.723714779482,1745.5809160424396,20.182501851581037
hog,A_FULL,v11_hog_a_p_lora_qfixed_lr0.0001_92601__A_FULL,92601,combined,Hog_office_Cornell,2.043284524384821,0.9994588422561482,-0.30528755268940905,3587,7329.261588968354,3585.0588671728037,-1095.0664514969103
hog,A_FULL,v11_hog_a_p_lora_qfixed_lr0.0001_92601__A_FULL,92601,combined,Hog_office_Cortney,0.11797649548773083,0.22888902125449326,0.03964840649797831,3840,453.02974267288636,878.9338416172541,152.2498809522367
hog,A_FULL,v11_hog_a_p_lora_qfixed_lr0.0001_92601__A_FULL,92601,combined,Hog_office_Darline,8.165927624655904,1.0401355180998988,0.006981240168953709,3838,31340.83022342936,3992.040118467412,26.793999768444337
hog,A_FULL,v11_hog_a_p_lora_qfixed_lr0.0001_92601__A_FULL,92601,combined,Hog_office_Denita,0.1512365443996956,0.2989029180040916,0.03240914168737466,3840,580.7483304948312,1147.7872051357117,124.4511040795187
hog,A_FULL,v11_hog_a_p_lora_qfixed_lr0.0001_92601__A_FULL,92601,combined,Hog_office_Elizbeth,0.2521681348501113,0.3017222035701855,0.01701490749752856,3836,967.3169652850269,1157.4063728952315,65.26918516051956
hog,A_FULL,v11_hog_a_p_lora_qfixed_lr0.0001_92601__A_FULL,92601,combined,Hog_office_Elke,0.12921636064535863,0.24035263349097793,0.02048385636046249,3838,495.9323921568864,922.4734073383734,78.61704071145505
hog,A_FULL,v11_hog_a_p_lora_qfixed_lr0.0001_92601__A_FULL,92601,combined,Hog_office_Elnora,1.2331307727601282,0.8345858613747017,0.016497178594969835,3840,4735.222167398892,3204.8097076788545,63.34916580468416
hog,A_FULL,v11_hog_a_p_lora_qfixed_lr0.0001_92601__A_FULL,92601,combined,Hog_office_Eloise,0.19309129257038163,0.3370732549973354,0.0095255169670736,3840,741.4705634702655,1294.361299189768,36.57798515356262
hog,A_FULL,v11_hog_a_p_lora_qfixed_lr0.0001_92601__A_FULL,92601,combined,Hog_office_Elsy,0.683671575067189,0.6005759358472329,-0.11549134453942186,3830,2618.462132507334,2300.205834294902,-442.33184958598576
hog,A_FULL,v11_hog_a_p_lora_qfixed_lr0.0001_92601__A_FULL,92601,combined,Hog_office_Emmanuel,1.0847624481802156,0.6278764203285222,0.005026362697311825,3837,4162.233513667487,2409.1618248005398,19.286153669585474
hog,A_FULL,v11_hog_a_p_lora_qfixed_lr0.0001_92601__A_FULL,92601,combined,Hog_office_Garrett,2.8061815154021468,1.2992453188582658,-0.029131124013838418,3840,10775.737019144244,4989.102024415741,-111.86351621313952
hog,A_FULL,v11_hog_a_p_lora_qfixed_lr0.0001_92601__A_FULL,92601,combined,Hog_office_Guadalupe,0.319309442146882,0.4461683668574551,0.0053143923714136084,3840,1226.1482578440268,1713.2865287326276,20.407266706228256
hog,A_FULL,v11_hog_a_p_lora_qfixed_lr0.0001_92601__A_FULL,92601,combined,Hog_office_Gustavo,0.14501573266028567,0.27624481041916626,-0.01397115655683289,3840,556.860413415497,1060.7800720095984,-53.6492411782383
hog,A_FULL,v11_hog_a_p_lora_qfixed_lr0.0001_92601__A_FULL,92601,combined,Hog_office_Joey,27.790193558357803,4.095892497330195,-0.22430259475631967,3838,106658.76287697724,15720.03540475329,-860.8733586747549
hog,A_FULL,v11_hog_a_p_lora_qfixed_lr0.0001_92601__A_FULL,92601,combined,Hog_office_Josefina,0.3398136242629685,0.4182584115909394,0.014902322268808832,3838,1304.2046899212733,1605.2757836860255,57.195112867688295
hog,A_FULL,v11_hog_a_p_lora_qfixed_lr0.0001_92601__A_FULL,92601,combined,Hog_office_Lanell,1.0292784537118955,0.7421070723121678,-0.03757032284086866,3840,3952.4292622536786,2849.6911576787243,-144.27003970893566
hog,A_MAIN,v11_hog_a_p_lora_qfixed_lr0.0001_92601__A_MAIN,92601,test_a,Hog_office_Alexis,1.9361124520024566,1.0429431462339076,-0.6414315407810742,1920,3717.3359078447165,2002.4508407691028,-1231.5485582996625
hog,A_MAIN,v11_hog_a_p_lora_qfixed_lr0.0001_92601__A_MAIN,92601,test_a,Hog_office_Almeda,1.1038439779062217,0.810815309726786,-0.5798079347595073,1920,2119.3804375799455,1556.765394675429,-1113.231234738254
hog,A_MAIN,v11_hog_a_p_lora_qfixed_lr0.0001_92601__A_MAIN,92601,test_a,Hog_office_Bessie,0.2644606678116909,0.3751094356395091,0.22796265524248155,1920,507.7644821984466,720.2101164278574,437.6882980655646
hog,A_MAIN,v11_hog_a_p_lora_qfixed_lr0.0001_92601__A_MAIN,92601,test_a,Hog_office_Betsy,23.942226354893684,3.911332013007874,-3.0365901441158107,1920,45969.07460139587,7509.757464975119,-5830.253076702356
hog,A_MAIN,v11_hog_a_p_lora_qfixed_lr0.0001_92601__A_MAIN,92601,test_a,Hog_office_Bill,3.740323238356512,1.8195550083781806,-1.8025271761209296,1920,7181.420617644503,3493.5456160861067,-3460.852178152185
hog,A_MAIN,v11_hog_a_p_lora_qfixed_lr0.0001_92601__A_MAIN,92601,test_a,Hog_office_Buford,0.8100739189865976,0.6614981598414034,-0.4296911624026658,1920,1555.3419244542674,1270.0764668954944,-825.0070318131184
hog,A_MAIN,v11_hog_a_p_lora_qfixed_lr0.0001_92601__A_MAIN,92601,test_a,Hog_office_Byron,0.5630572646958266,0.6338307751226239,-0.5894883426410767,1920,1081.069948215987,1216.9550882354379,-1131.8176178708673
hog,A_MAIN,v11_hog_a_p_lora_qfixed_lr0.0001_92601__A_MAIN,92601,test_a,Hog_office_Candi,0.5183285222323799,0.6261833175153394,-0.5817889022572975,1920,995.1907626861694,1202.2719696294516,-1117.0346923340112
hog,A_MAIN,v11_hog_a_p_lora_qfixed_lr0.0001_92601__A_MAIN,92601,test_a,Hog_office_Carri,1.9261811101944581,1.1274553569117416,-1.0807268039751459,1920,3698.2677315733595,2164.7142852705438,-2074.99546363228
hog,A_MAIN,v11_hog_a_p_lora_qfixed_lr0.0001_92601__A_MAIN,92601,test_a,Hog_office_Catalina,1.1164974831828023,0.7739832400061004,0.24728158455235036,1920,2143.6751677109805,1486.0478208117129,474.7806423405127
hog,A_MAIN,v11_hog_a_p_lora_qfixed_lr0.0001_92601__A_MAIN,92601,test_a,Hog_office_Catharine,14.008983986289056,3.3305104684096913,2.6446291395481953,1823,25538.37780700495,6071.520583910868,4821.15892139636
hog,A_MAIN,v11_hog_a_p_lora_qfixed_lr0.0001_92601__A_MAIN,92601,test_a,Hog_office_Charla,2.260820655056686,1.3430654878672537,1.3208187268351064,1920,4340.775657708838,2578.685736705127,2535.971955523404
hog,A_MAIN,v11_hog_a_p_lora_qfixed_lr0.0001_92601__A_MAIN,92601,test_a,Hog_office_Clemencia,4.312350573331566,1.163156255042486,1.109009342790887,1920,8279.713100796605,2233.260009681573,2129.297938158503
hog,A_MAIN,v11_hog_a_p_lora_qfixed_lr0.0001_92601__A_MAIN,92601,test_a,Hog_office_Cordelia,0.9665519075408479,0.740040517737422,-0.5680357902633962,1920,1855.7796624784278,1420.8777940558502,-1090.6287173057208
hog,A_MAIN,v11_hog_a_p_lora_qfixed_lr0.0001_92601__A_MAIN,92601,test_a,Hog_office_Corey,0.9765834999581594,0.7716351186833587,-0.36930147184236073,1920,1875.040319919666,1481.5394278720487,-709.0588259373326
hog,A_MAIN,v11_hog_a_p_lora_qfixed_lr0.0001_92601__A_MAIN,92601,test_a,Hog_office_Corie,1.6862720087131982,0.9963751251104495,0.9141120533375128,1918,3234.269712711914,1911.047489961842,1753.2669183013495
hog,A_MAIN,v11_hog_a_p_lora_qfixed_lr0.0001_92601__A_MAIN,92601,test_a,Hog_office_Cornell,3.562346306552032,1.5724762851947311,-1.548202693214385,1903,6779.145021368517,2992.4223707255733,-2946.229725186975
hog,A_MAIN,v11_hog_a_p_lora_qfixed_lr0.0001_92601__A_MAIN,92601,test_a,Hog_office_Cortney,0.24223518869408017,0.3746855185817367,-0.25039352295986345,1920,465.0915622926339,719.3961956769344,-480.7555640829378
hog,A_MAIN,v11_hog_a_p_lora_qfixed_lr0.0001_92601__A_MAIN,92601,test_a,Hog_office_Darline,2.326838890866497,0.583899298109524,-0.0244179984967559,1920,4467.530670463674,1121.0866523702862,-46.88255711377133
hog,A_MAIN,v11_hog_a_p_lora_qfixed_lr0.0001_92601__A_MAIN,92601,test_a,Hog_office_Denita,0.4959364060932435,0.5460849423313296,0.34831105473011426,1920,952.1978996990275,1048.483089276153,668.7572250818193
hog,A_MAIN,v11_hog_a_p_lora_qfixed_lr0.0001_92601__A_MAIN,92601,test_a,Hog_office_Elizbeth,0.24000740865655518,0.34990733015447406,0.16222083008260596,1920,460.81422462058595,671.8220738965902,311.46399375860346
hog,A_MAIN,v11_hog_a_p_lora_qfixed_lr0.0001_92601__A_MAIN,92601,test_a,Hog_office_Elke,0.19253463637628387,0.3091792844797519,-0.04160537645125464,1918,369.2814325697125,593.0058676321642,-79.79911203350639
hog,A_MAIN,v11_hog_a_p_lora_qfixed_lr0.0001_92601__A_MAIN,92601,test_a,Hog_office_Elnora,1.3580765411167666,0.9223492106461587,0.36265401607767367,1920,2607.506958944192,1770.9104844406247,696.2957108691335
hog,A_MAIN,v11_hog_a_p_lora_qfixed_lr0.0001_92601__A_MAIN,92601,test_a,Hog_office_Eloise,0.2803602164486999,0.4092986333306726,0.22145723161188471,1920,538.2916155815038,785.8533759948914,425.19788469481864
hog,A_MAIN,v11_hog_a_p_lora_qfixed_lr0.0001_92601__A_MAIN,92601,test_a,Hog_office_Elsy,1.335691669883903,0.8989945574146229,-0.5741630211559065,1920,2564.5280061770936,1726.0695502360759,-1102.3930006193405
hog,A_MAIN,v11_hog_a_p_lora_qfixed_lr0.0001_92601__A_MAIN,92601,test_a,Hog_office_Emmanuel,1.7866592831603423,0.8168362430491546,0.20455146346011285,1920,3430.385823667857,1568.3255866543768,392.7388098434167
hog,A_MAIN,v11_hog_a_p_lora_qfixed_lr0.0001_92601__A_MAIN,92601,test_a,Hog_office_Garrett,3.586929240316798,1.5583546277673122,-0.1633957443065507,1920,6886.904141408252,2992.0408853132394,-313.7198290685774
hog,A_MAIN,v11_hog_a_p_lora_qfixed_lr0.0001_92601__A_MAIN,92601,test_a,Hog_office_Guadalupe,4.610548696754234,1.9292564492282205,1.9268230366440549,1920,8852.25349776813,3704.1723825181834,3699.5002303565852
hog,A_MAIN,v11_hog_a_p_lora_qfixed_lr0.0001_92601__A_MAIN,92601,test_a,Hog_office_Gustavo,0.2412327942935038,0.3764257141615417,0.21925287948606637,1920,463.1669650435273,722.73737119016,420.96552861324744
hog,A_MAIN,v11_hog_a_p_lora_qfixed_lr0.0001_92601__A_MAIN,92601,test_a,Hog_office_Joey,29.05882914874705,3.8481622390419368,-1.6439906226849386,1918,55734.83430729684,7380.7751744824345,-3153.174014309712
hog,A_MAIN,v11_hog_a_p_lora_qfixed_lr0.0001_92601__A_MAIN,92601,test_a,Hog_office_Josefina,0.6154726685584688,0.6251881555970006,0.1993093030878299,1920,1181.70752363226,1200.3612587462412,382.6738619286334
hog,A_MAIN,v11_hog_a_p_lora_qfixed_lr0.0001_92601__A_MAIN,92601,test_a,Hog_office_Lanell,1.072877374100637,0.8212480424287908,0.1244423914607978,1920,2059.924558273223,1576.7962414632784,238.9293916047318
hog,A_MAIN,v11_hog_a_p_lora_qfixed_lr0.0001_92601__A_MAIN,92601,test_b,Hog_office_Alexis,2.8130092408042926,1.2526587723051004,-0.7309036232031455,1920,5400.977742344242,2405.1048428257927,-1403.3349565500394
hog,A_MAIN,v11_hog_a_p_lora_qfixed_lr0.0001_92601__A_MAIN,92601,test_b,Hog_office_Almeda,2.930578265000482,1.4788459965750311,-1.187287142598719,1920,5626.710268800925,2839.3843134240597,-2279.5913137895404
hog,A_MAIN,v11_hog_a_p_lora_qfixed_lr0.0001_92601__A_MAIN,92601,test_b,Hog_office_Bessie,0.34351221228312495,0.47061544155579516,0.2815904792526756,1920,659.5434475835999,903.5816477871267,540.6537201651372
hog,A_MAIN,v11_hog_a_p_lora_qfixed_lr0.0001_92601__A_MAIN,92601,test_b,Hog_office_Betsy,37.59599700355765,4.659626272755364,-3.10549232121557,1920,72184.31424683069,8946.4824436903,-5962.545256733894
hog,A_MAIN,v11_hog_a_p_lora_qfixed_lr0.0001_92601__A_MAIN,92601,test_b,Hog_office_Bill,3.707457776936198,1.78863302234325,-1.7443862557977505,1920,7118.3189317175,3434.17540289904,-3349.221611131681
hog,A_MAIN,v11_hog_a_p_lora_qfixed_lr0.0001_92601__A_MAIN,92601,test_b,Hog_office_Buford,0.9257865248069088,0.659052421276768,0.12256363121171793,1920,1777.5101276292648,1265.3806488513947,235.3221719264984
hog,A_MAIN,v11_hog_a_p_lora_qfixed_lr0.0001_92601__A_MAIN,92601,test_b,Hog_office_Byron,0.43240246832167184,0.5651318832315155,-0.5025430217850954,1920,830.2127391776099,1085.0532158045098,-964.882601827383
hog,A_MAIN,v11_hog_a_p_lora_qfixed_lr0.0001_92601__A_MAIN,92601,test_b,Hog_office_Candi,1.2486227141515,0.9408033771318742,-0.8534635252066665,1920,2397.35561117088,1806.3424840931984,-1638.6499683967995
hog,A_MAIN,v11_hog_a_p_lora_qfixed_lr0.0001_92601__A_MAIN,92601,test_b,Hog_office_Carri,3.435585862352934,1.569376326069394,-1.4954833167312374,1826,6273.379784656458,2865.6811714027135,-2730.7525363512395
hog,A_MAIN,v11_hog_a_p_lora_qfixed_lr0.0001_92601__A_MAIN,92601,test_b,Hog_office_Catalina,1.1958028551957716,0.8862718979313892,-0.40483520992274863,1920,2295.9414819758813,1701.6420440282673,-777.2836030516773
hog,A_MAIN,v11_hog_a_p_lora_qfixed_lr0.0001_92601__A_MAIN,92601,test_b,Hog_office_Catharine,27.013351773565454,4.882865044550388,4.109803969913662,1745,47138.298844871715,8520.599502740428,7171.607927499339
hog,A_MAIN,v11_hog_a_p_lora_qfixed_lr0.0001_92601__A_MAIN,92601,test_b,Hog_office_Charla,3.114391197076032,1.5922947894901882,1.5677035231411234,1920,5979.631098385981,3057.205995821161,3009.990764430957
hog,A_MAIN,v11_hog_a_p_lora_qfixed_lr0.0001_92601__A_MAIN,92601,test_b,Hog_office_Clemencia,2.437393866057151,1.1233968554704612,0.92843852218555,1910,4655.422284169158,2145.6879939485807,1773.3175773744006
hog,A_MAIN,v11_hog_a_p_lora_qfixed_lr0.0001_92601__A_MAIN,92601,test_b,Hog_office_Cordelia,1.1451389248136725,0.8142104322658421,-0.4911872571950122,1920,2198.6667356422513,1563.2840299504169,-943.0795338144235
hog,A_MAIN,v11_hog_a_p_lora_qfixed_lr0.0001_92601__A_MAIN,92601,test_b,Hog_office_Corey,1.9474543373938418,1.1854664327232836,-1.0768986661011866,1920,3739.112327796176,2276.0955508287043,-2067.645438914278
hog,A_MAIN,v11_hog_a_p_lora_qfixed_lr0.0001_92601__A_MAIN,92601,test_b,Hog_office_Corie,2.9876458330610896,1.4683270231134278,1.4373164791829671,1920,5736.279999477292,2819.1878843777813,2759.6476400312968
hog,A_MAIN,v11_hog_a_p_lora_qfixed_lr0.0001_92601__A_MAIN,92601,test_b,Hog_office_Cornell,14.207663740592867,3.3560597360211646,-3.3558572101982014,1684,23925.705739158388,5651.604595459641,-5651.263541973771
hog,A_MAIN,v11_hog_a_p_lora_qfixed_lr0.0001_92601__A_MAIN,92601,test_b,Hog_office_Cortney,0.20941759444925978,0.3377093422817173,0.01571136866247495,1920,402.0817813425788,648.4019371808972,30.1658278319519
hog,A_MAIN,v11_hog_a_p_lora_qfixed_lr0.0001_92601__A_MAIN,92601,test_b,Hog_office_Darline,13.233734461071066,1.6426836079638039,-0.07024956063353588,1918,25382.302696334304,3150.667160074576,-134.7386572951218
hog,A_MAIN,v11_hog_a_p_lora_qfixed_lr0.0001_92601__A_MAIN,92601,test_b,Hog_office_Denita,0.8976876235029108,0.7969926584702535,0.7179153897708753,1920,1723.5602371255886,1530.2259042628866,1378.3975483600807
hog,A_MAIN,v11_hog_a_p_lora_qfixed_lr0.0001_92601__A_MAIN,92601,test_b,Hog_office_Elizbeth,0.5354411984705315,0.48151538708227504,0.3906279596215034,1916,1025.9053362695383,922.583481649639,748.4431706348005
hog,A_MAIN,v11_hog_a_p_lora_qfixed_lr0.0001_92601__A_MAIN,92601,test_b,Hog_office_Elke,0.31480154698888557,0.43290220875805974,0.3712921656335311,1920,604.4189702186603,831.1722408154747,712.8809580163797
hog,A_MAIN,v11_hog_a_p_lora_qfixed_lr0.0001_92601__A_MAIN,92601,test_b,Hog_office_Elnora,4.223563491058299,1.7503796477934277,0.9896937623643074,1920,8109.2419028319355,3360.7289237633813,1900.2120237394702
hog,A_MAIN,v11_hog_a_p_lora_qfixed_lr0.0001_92601__A_MAIN,92601,test_b,Hog_office_Eloise,0.888562426924712,0.7863864338917969,0.3453576118222069,1920,1706.039859695447,1509.86195307225,663.0866146986373
hog,A_MAIN,v11_hog_a_p_lora_qfixed_lr0.0001_92601__A_MAIN,92601,test_b,Hog_office_Elsy,2.8394082582230484,1.4102583098306969,-1.1994410502874286,1910,5423.269773206022,2693.593371776631,-2290.932406048989
hog,A_MAIN,v11_hog_a_p_lora_qfixed_lr0.0001_92601__A_MAIN,92601,test_b,Hog_office_Emmanuel,1.00271233020078,0.8068492473892568,0.20735476649695223,1917,1922.1995369948954,1546.7300072452053,397.4990873746574
hog,A_MAIN,v11_hog_a_p_lora_qfixed_lr0.0001_92601__A_MAIN,92601,test_b,Hog_office_Garrett,4.361061835968377,1.7027849299628846,0.9385281943266819,1920,8373.238725059284,3269.3470655287383,1801.9741331072291
hog,A_MAIN,v11_hog_a_p_lora_qfixed_lr0.0001_92601__A_MAIN,92601,test_b,Hog_office_Guadalupe,8.850583825029046,2.803426024248377,2.803426024248377,1920,16993.12094405577,5382.577966556884,5382.577966556884
hog,A_MAIN,v11_hog_a_p_lora_qfixed_lr0.0001_92601__A_MAIN,92601,test_b,Hog_office_Gustavo,0.5839464125225645,0.64278199279359,0.5897864985312045,1920,1121.1771120433239,1234.1414261636928,1132.3900771799126
hog,A_MAIN,v11_hog_a_p_lora_qfixed_lr0.0001_92601__A_MAIN,92601,test_b,Hog_office_Joey,35.30043766767073,4.844351378323032,-3.0560828338423867,1920,67776.8403219278,9301.154646380222,-5867.679040977382
hog,A_MAIN,v11_hog_a_p_lora_qfixed_lr0.0001_92601__A_MAIN,92601,test_b,Hog_office_Josefina,1.74341683774611,1.0709039392522441,0.4818575619637072,1918,3343.873494797039,2053.9937554858043,924.2028038463905
hog,A_MAIN,v11_hog_a_p_lora_qfixed_lr0.0001_92601__A_MAIN,92601,test_b,Hog_office_Lanell,1.9675217280043416,1.2107788878882426,0.717326809658592,1920,3777.6417177683356,2324.695464745426,1377.2674745444965
hog,A_MAIN,v11_hog_a_p_lora_qfixed_lr0.0001_92601__A_MAIN,92601,combined,Hog_office_Alexis,2.374560846403381,1.147800959269504,-0.6861675819921099,3840,9118.313650188982,4407.5556835948955,-2634.883514849702
hog,A_MAIN,v11_hog_a_p_lora_qfixed_lr0.0001_92601__A_MAIN,92601,combined,Hog_office_Almeda,2.0172111214533563,1.1448306531509085,-0.8835475386791132,3840,7746.090706380889,4396.149708099489,-3392.8225485277944
hog,A_MAIN,v11_hog_a_p_lora_qfixed_lr0.0001_92601__A_MAIN,92601,combined,Hog_office_Bessie,0.30398644004740816,0.4228624385976521,0.2547765672475786,3840,1167.3079297820473,1623.7917642149841,978.3420182307018
hog,A_MAIN,v11_hog_a_p_lora_qfixed_lr0.0001_92601__A_MAIN,92601,combined,Hog_office_Betsy,30.769111679225905,4.285479142881619,-3.0710412326656904,3840,118153.38884822748,16456.23990866542,-11792.79833343625
hog,A_MAIN,v11_hog_a_p_lora_qfixed_lr0.0001_92601__A_MAIN,92601,combined,Hog_office_Bill,3.723890507646368,1.8040940153607152,-1.7734567159593402,3840,14299.739549362053,6927.721018985147,-6810.073789283866
hog,A_MAIN,v11_hog_a_p_lora_qfixed_lr0.0001_92601__A_MAIN,92601,combined,Hog_office_Buford,0.8679302218967434,0.6602752905590857,-0.15356376559547394,3840,3332.8520520834945,2535.457115746889,-589.68485988662
hog,A_MAIN,v11_hog_a_p_lora_qfixed_lr0.0001_92601__A_MAIN,92601,combined,Hog_office_Byron,0.4977298665087552,0.5994813291770698,-0.546015682213086,3840,1911.28268739362,2302.0083040399477,-2096.7002196982503
hog,A_MAIN,v11_hog_a_p_lora_qfixed_lr0.0001_92601__A_MAIN,92601,combined,Hog_office_Candi,0.8834756181919421,0.7834933473236068,-0.717626213731982,3840,3392.5463738570575,3008.61445372265,-2755.6846607308107
hog,A_MAIN,v11_hog_a_p_lora_qfixed_lr0.0001_92601__A_MAIN,92601,combined,Hog_office_Carri,2.661945412768232,1.3428711843762031,-1.2829012279721088,3746,9971.647516229796,5030.395456673257,-4805.74799998352
hog,A_MAIN,v11_hog_a_p_lora_qfixed_lr0.0001_92601__A_MAIN,92601,combined,Hog_office_Catalina,1.1561501691892917,0.8301275689687448,-0.07877681268519912,3840,4439.61664968688,3187.68986483998,-302.50296071116463
hog,A_MAIN,v11_hog_a_p_lora_qfixed_lr0.0001_92601__A_MAIN,92601,combined,Hog_office_Catharine,20.36902372530174,4.089719755227381,3.3612014711030547,3568,72676.67665187661,14592.120086651295,11992.766848895699
hog,A_MAIN,v11_hog_a_p_lora_qfixed_lr0.0001_92601__A_MAIN,92601,combined,Hog_office_Charla,2.6876059260663654,1.4676801386787208,1.4442611249881148,3840,10320.406756094842,5635.891732526288,5545.962719954361
hog,A_MAIN,v11_hog_a_p_lora_qfixed_lr0.0001_92601__A_MAIN,92601,combined,Hog_office_Clemencia,3.3773199438553068,1.1433284604778469,1.018959664630001,3830,12935.135384965824,4378.948003630154,3902.6155155329034
hog,A_MAIN,v11_hog_a_p_lora_qfixed_lr0.0001_92601__A_MAIN,92601,combined,Hog_office_Cordelia,1.0558454161772588,0.7771254750016321,-0.5296115237292043,3840,4054.4463981206736,2984.161824006267,-2033.7082511201443
hog,A_MAIN,v11_hog_a_p_lora_qfixed_lr0.0001_92601__A_MAIN,92601,combined,Hog_office_Corey,1.4620189186760022,0.978550775703321,-0.7231000689717736,3840,5614.152647715849,3757.634978700753,-2776.704264851611
hog,A_MAIN,v11_hog_a_p_lora_qfixed_lr0.0001_92601__A_MAIN,92601,combined,Hog_office_Corie,2.337297996922676,1.2324740422979739,1.1758505884139256,3838,8970.54971218923,4730.235374339623,4512.914558332646
hog,A_MAIN,v11_hog_a_p_lora_qfixed_lr0.0001_92601__A_MAIN,92601,combined,Hog_office_Cornell,8.560036454008083,2.409820732139731,-2.396847858143503,3587,30704.85076052699,8644.026966185214,-8597.493267160746
hog,A_MAIN,v11_hog_a_p_lora_qfixed_lr0.0001_92601__A_MAIN,92601,combined,Hog_office_Cortney,0.22582639157166975,0.35619743043172697,-0.11734107714869424,3840,867.1733436352118,1367.7981328578317,-450.5897362509859
hog,A_MAIN,v11_hog_a_p_lora_qfixed_lr0.0001_92601__A_MAIN,92601,combined,Hog_office_Darline,7.777444858467424,1.1130155842743257,-0.0473218380429633,3838,29849.833366797975,4271.753812444862,-181.62121440889314
hog,A_MAIN,v11_hog_a_p_lora_qfixed_lr0.0001_92601__A_MAIN,92601,combined,Hog_office_Denita,0.6968120147980801,0.6715388004007915,0.5331132222504948,3840,2675.7581368246274,2578.7089935390395,2047.1547734419
hog,A_MAIN,v11_hog_a_p_lora_qfixed_lr0.0001_92601__A_MAIN,92601,combined,Hog_office_Elizbeth,0.3875702713477897,0.41564274127899614,0.27630530875740456,3836,1486.7195608901213,1594.4055555462292,1059.907164393404
hog,A_MAIN,v11_hog_a_p_lora_qfixed_lr0.0001_92601__A_MAIN,92601,combined,Hog_office_Elke,0.2536999486160431,0.3710729829201769,0.16495097602471948,3838,973.7004027883735,1424.1781084476388,633.0818459828733
hog,A_MAIN,v11_hog_a_p_lora_qfixed_lr0.0001_92601__A_MAIN,92601,combined,Hog_office_Elnora,2.7908200160875363,1.3363644292197931,0.6761738892209905,3840,10716.74886177614,5131.639408204006,2596.5077346086036
hog,A_MAIN,v11_hog_a_p_lora_qfixed_lr0.0001_92601__A_MAIN,92601,combined,Hog_office_Eloise,0.5844613216867074,0.5978425336112347,0.2834074217170458,3840,2244.3314752769566,2295.7153290671413,1088.284499393456
hog,A_MAIN,v11_hog_a_p_lora_qfixed_lr0.0001_92601__A_MAIN,92601,combined,Hog_office_Elsy,2.085586887567395,1.1539589874706806,-0.8859857458664046,3830,7987.797779383121,4419.662922012707,-3393.3254066683294
hog,A_MAIN,v11_hog_a_p_lora_qfixed_lr0.0001_92601__A_MAIN,92601,combined,Hog_office_Emmanuel,1.3949922753877453,0.8118466494395575,0.2059520190821147,3837,5352.585360662779,3115.055593899582,790.2378972180741
hog,A_MAIN,v11_hog_a_p_lora_qfixed_lr0.0001_92601__A_MAIN,92601,combined,Hog_office_Garrett,3.973995538142582,1.6305697788650984,0.38756622501006555,3840,15260.142866467515,6261.387950841978,1488.2543040386518
hog,A_MAIN,v11_hog_a_p_lora_qfixed_lr0.0001_92601__A_MAIN,92601,combined,Hog_office_Guadalupe,6.7305662608916546,2.366341236738299,2.365124530446216,3840,25845.374441823955,9086.750349075068,9082.07819691347
hog,A_MAIN,v11_hog_a_p_lora_qfixed_lr0.0001_92601__A_MAIN,92601,combined,Hog_office_Gustavo,0.41258960340803513,0.5096038534775659,0.40451968900863544,3840,1584.344077086855,1956.8787973538529,1553.35560579316
hog,A_MAIN,v11_hog_a_p_lora_qfixed_lr0.0001_92601__A_MAIN,92601,combined,Hog_office_Joey,32.18125967410764,4.346516368124715,-2.350404652237388,3838,123511.67462922513,16681.929820862657,-9020.853055287094
hog,A_MAIN,v11_hog_a_p_lora_qfixed_lr0.0001_92601__A_MAIN,92601,combined,Hog_office_Josefina,1.1791508646246252,0.8479299151203871,0.34050981390698903,3838,4525.581018429311,3254.3550142320455,1306.8766657750239
hog,A_MAIN,v11_hog_a_p_lora_qfixed_lr0.0001_92601__A_MAIN,92601,combined,Hog_office_Lanell,1.52019955105249,1.0160134651585166,0.42088460055969484,3840,5837.566276041562,3901.4917062087043,1616.1968661492283
hog,A_MAIN_LAST,v11_hog_a_p_lora_qfixed_lr0.0001_92601__A_MAIN_LAST,92601,test_a,Hog_office_Alexis,2.129342465679355,1.04891404217924,-0.8101446485476723,1920,4088.337534104361,2013.9149609841406,-1555.477725211531
hog,A_MAIN_LAST,v11_hog_a_p_lora_qfixed_lr0.0001_92601__A_MAIN_LAST,92601,test_a,Hog_office_Almeda,0.7276668383673961,0.6551103782087011,0.16619862182694004,1920,1397.1203296654005,1257.8119261607062,319.10135390772484
hog,A_MAIN_LAST,v11_hog_a_p_lora_qfixed_lr0.0001_92601__A_MAIN_LAST,92601,test_a,Hog_office_Bessie,0.28794095938105485,0.4103855639125262,-0.11248005021598147,1920,552.8466420116254,787.9402827120502,-215.9616964146844
hog,A_MAIN_LAST,v11_hog_a_p_lora_qfixed_lr0.0001_92601__A_MAIN_LAST,92601,test_a,Hog_office_Betsy,18.015246394907482,3.1723173877689987,-0.7958382920827717,1920,34589.273078222366,6090.849384516478,-1528.0095207989216
hog,A_MAIN_LAST,v11_hog_a_p_lora_qfixed_lr0.0001_92601__A_MAIN_LAST,92601,test_a,Hog_office_Bill,0.4818518688195777,0.4925031488450865,0.05878556851918499,1920,925.1555881335892,945.6060457825661,112.86829155683517
hog,A_MAIN_LAST,v11_hog_a_p_lora_qfixed_lr0.0001_92601__A_MAIN_LAST,92601,test_a,Hog_office_Buford,1.1786844852635296,0.8215815284580458,-0.7015491142306322,1920,2263.0742117059767,1577.436534639448,-1346.9742993228137
hog,A_MAIN_LAST,v11_hog_a_p_lora_qfixed_lr0.0001_92601__A_MAIN_LAST,92601,test_a,Hog_office_Byron,0.14354546378186703,0.2595629690675802,0.026384604948786243,1920,275.6072904611847,498.360900609754,50.658441501669586
hog,A_MAIN_LAST,v11_hog_a_p_lora_qfixed_lr0.0001_92601__A_MAIN_LAST,92601,test_a,Hog_office_Candi,0.20470282621497224,0.32128880002273946,-0.0014508526486073,1920,393.0294263327467,616.8744960436597,-2.785637085326016
hog,A_MAIN_LAST,v11_hog_a_p_lora_qfixed_lr0.0001_92601__A_MAIN_LAST,92601,test_a,Hog_office_Carri,0.6017856405282326,0.5727314980495672,-0.09715919294185368,1920,1155.4284298142065,1099.6444762551691,-186.54565044835908
hog,A_MAIN_LAST,v11_hog_a_p_lora_qfixed_lr0.0001_92601__A_MAIN_LAST,92601,test_a,Hog_office_Catalina,1.0500452620708993,0.6360889614249269,0.11414434130614003,1920,2016.0869031761267,1221.2908059358597,219.15713530778885
hog,A_MAIN_LAST,v11_hog_a_p_lora_qfixed_lr0.0001_92601__A_MAIN_LAST,92601,test_a,Hog_office_Catharine,8.91513731922887,2.0267773859858824,-0.853146785674019,1823,16252.29533295423,3694.8151746522635,-1555.2865902837366
hog,A_MAIN_LAST,v11_hog_a_p_lora_qfixed_lr0.0001_92601__A_MAIN_LAST,92601,test_a,Hog_office_Charla,0.4939862126879032,0.5591282617299309,0.16228444233114867,1920,948.4535283607742,1073.5262625214673,311.58612927580543
hog,A_MAIN_LAST,v11_hog_a_p_lora_qfixed_lr0.0001_92601__A_MAIN_LAST,92601,test_a,Hog_office_Clemencia,1.934550048764513,0.7345574585206729,0.15938775281829293,1920,3714.336093627865,1410.350320359692,306.02448541112244
hog,A_MAIN_LAST,v11_hog_a_p_lora_qfixed_lr0.0001_92601__A_MAIN_LAST,92601,test_a,Hog_office_Cordelia,0.9985541405413927,0.7514791458605032,-0.561052493928825,1920,1917.223949839474,1442.8399600521661,-1077.2207883433439
hog,A_MAIN_LAST,v11_hog_a_p_lora_qfixed_lr0.0001_92601__A_MAIN_LAST,92601,test_a,Hog_office_Corey,1.2726090179047163,0.8963953199015425,0.4227063119868641,1920,2443.409314377055,1721.0790142109618,811.5961190147791
hog,A_MAIN_LAST,v11_hog_a_p_lora_qfixed_lr0.0001_92601__A_MAIN_LAST,92601,test_a,Hog_office_Corie,0.778357281722663,0.6999423182511176,0.06717506405577933,1918,1492.8892663440677,1342.4893664056435,128.84177285898477
hog,A_MAIN_LAST,v11_hog_a_p_lora_qfixed_lr0.0001_92601__A_MAIN_LAST,92601,test_a,Hog_office_Cornell,1.2165450917305132,0.8136702537547877,-0.26046895655459334,1903,2315.0853095631664,1548.414492895361,-495.67242432339117
hog,A_MAIN_LAST,v11_hog_a_p_lora_qfixed_lr0.0001_92601__A_MAIN_LAST,92601,test_a,Hog_office_Cortney,0.13891625713870892,0.23946958332844587,0.08332322661563012,1920,266.7192137063211,459.7815999906161,159.98059510200983
hog,A_MAIN_LAST,v11_hog_a_p_lora_qfixed_lr0.0001_92601__A_MAIN_LAST,92601,test_a,Hog_office_Darline,2.391276696591151,0.5610936490251334,-0.006265819933711707,1920,4591.25125745501,1077.299806128256,-12.030374272726476
hog,A_MAIN_LAST,v11_hog_a_p_lora_qfixed_lr0.0001_92601__A_MAIN_LAST,92601,test_a,Hog_office_Denita,0.37442361783233863,0.4643697294840725,0.11197106234377922,1920,718.8933462380902,891.5898806094192,214.9844397000561
hog,A_MAIN_LAST,v11_hog_a_p_lora_qfixed_lr0.0001_92601__A_MAIN_LAST,92601,test_a,Hog_office_Elizbeth,0.2069221401717586,0.3260204300978027,0.0514583341491137,1920,397.2905091297765,625.9592257877812,98.8000015662983
hog,A_MAIN_LAST,v11_hog_a_p_lora_qfixed_lr0.0001_92601__A_MAIN_LAST,92601,test_a,Hog_office_Elke,0.1926891602620131,0.3028666729848478,0.11839985535883105,1918,369.57780938254115,580.8982787849382,227.09092257823795
hog,A_MAIN_LAST,v11_hog_a_p_lora_qfixed_lr0.0001_92601__A_MAIN_LAST,92601,test_a,Hog_office_Elnora,0.8223270590014519,0.7066650527878664,-0.1987582248907226,1920,1578.8679532827875,1356.7969013527036,-381.61579179018736
hog,A_MAIN_LAST,v11_hog_a_p_lora_qfixed_lr0.0001_92601__A_MAIN_LAST,92601,test_a,Hog_office_Eloise,0.17855518304836554,0.32978528775179256,-0.009588976362996013,1920,342.82595145286183,633.1877524834417,-18.410834616952343
hog,A_MAIN_LAST,v11_hog_a_p_lora_qfixed_lr0.0001_92601__A_MAIN_LAST,92601,test_a,Hog_office_Elsy,0.5445340337582159,0.5537867929243172,0.11601998036700631,1920,1045.5053448157744,1063.270642414689,222.7583623046521
hog,A_MAIN_LAST,v11_hog_a_p_lora_qfixed_lr0.0001_92601__A_MAIN_LAST,92601,test_a,Hog_office_Emmanuel,2.5752364472117675,0.80314952007393,0.13080304137280716,1920,4944.453978646594,1542.0470785419457,251.14183943578973
hog,A_MAIN_LAST,v11_hog_a_p_lora_qfixed_lr0.0001_92601__A_MAIN_LAST,92601,test_a,Hog_office_Garrett,3.2293922081278192,1.4115288579865592,-0.17956128261854853,1920,6200.433039605413,2710.1354073341936,-344.7576626276132
hog,A_MAIN_LAST,v11_hog_a_p_lora_qfixed_lr0.0001_92601__A_MAIN_LAST,92601,test_a,Hog_office_Guadalupe,0.7540775083764052,0.6832358103565639,0.1058234820093882,1920,1447.828816082698,1311.8127558846027,203.18108545802534
hog,A_MAIN_LAST,v11_hog_a_p_lora_qfixed_lr0.0001_92601__A_MAIN_LAST,92601,test_a,Hog_office_Gustavo,0.1685728103595108,0.3072600071990261,-0.12113917874758044,1920,323.65979589026074,589.9392138221301,-232.58722319535445
hog,A_MAIN_LAST,v11_hog_a_p_lora_qfixed_lr0.0001_92601__A_MAIN_LAST,92601,test_a,Hog_office_Joey,31.70256838086978,3.9964341968142576,-0.1105942389124733,1918,60805.52615450824,7665.160789489746,-212.11975023412379
hog,A_MAIN_LAST,v11_hog_a_p_lora_qfixed_lr0.0001_92601__A_MAIN_LAST,92601,test_a,Hog_office_Josefina,0.3162400729121896,0.424260041075983,0.019440618122674398,1920,607.180939991404,814.5792788658873,37.325986795534845
hog,A_MAIN_LAST,v11_hog_a_p_lora_qfixed_lr0.0001_92601__A_MAIN_LAST,92601,test_a,Hog_office_Lanell,1.2298060664285875,0.789678999635483,-0.3396106373323467,1920,2361.227647542888,1516.1836793001276,-652.0524236781057
hog,A_MAIN_LAST,v11_hog_a_p_lora_qfixed_lr0.0001_92601__A_MAIN_LAST,92601,test_b,Hog_office_Alexis,3.5756987345968216,1.3159818342838359,-1.0554426541522843,1920,6865.341570425898,2526.685121824965,-2026.449895972386
hog,A_MAIN_LAST,v11_hog_a_p_lora_qfixed_lr0.0001_92601__A_MAIN_LAST,92601,test_b,Hog_office_Almeda,0.5707054987830333,0.5792607146005745,-0.045883987377813656,1920,1095.754557663424,1112.180572033103,-88.09725576540222
hog,A_MAIN_LAST,v11_hog_a_p_lora_qfixed_lr0.0001_92601__A_MAIN_LAST,92601,test_b,Hog_office_Bessie,0.38872249657251806,0.49014184118074505,-0.25750200676263074,1920,746.3471934192347,941.0723350670305,-494.403852984251
hog,A_MAIN_LAST,v11_hog_a_p_lora_qfixed_lr0.0001_92601__A_MAIN_LAST,92601,test_b,Hog_office_Betsy,27.040510608675014,3.8333847488587103,-0.9272813115889827,1920,51917.78036865603,7360.098717808723,-1780.3801182508469
hog,A_MAIN_LAST,v11_hog_a_p_lora_qfixed_lr0.0001_92601__A_MAIN_LAST,92601,test_b,Hog_office_Bill,0.48670426225730135,0.5280444123859828,0.05463522751039515,1920,934.4721835340185,1013.8452717810869,104.89963681995869
hog,A_MAIN_LAST,v11_hog_a_p_lora_qfixed_lr0.0001_92601__A_MAIN_LAST,92601,test_b,Hog_office_Buford,0.9445815717439102,0.6627872419854005,-0.10312117760380109,1920,1813.5966177483076,1272.551504611969,-197.9926609992981
hog,A_MAIN_LAST,v11_hog_a_p_lora_qfixed_lr0.0001_92601__A_MAIN_LAST,92601,test_b,Hog_office_Byron,0.11293590016483947,0.22692226839790236,0.026682089751314683,1920,216.83692831649176,435.69075532397255,51.22961232252419
hog,A_MAIN_LAST,v11_hog_a_p_lora_qfixed_lr0.0001_92601__A_MAIN_LAST,92601,test_b,Hog_office_Candi,0.34856605655626466,0.4250678935514467,-0.0795514983347554,1920,669.2468285880282,816.1303556187777,-152.73887680273037
hog,A_MAIN_LAST,v11_hog_a_p_lora_qfixed_lr0.0001_92601__A_MAIN_LAST,92601,test_b,Hog_office_Carri,0.9916396853220569,0.6703138321407699,-0.20082924688490708,1826,1810.734065398076,1223.993057489046,-366.7142048118403
hog,A_MAIN_LAST,v11_hog_a_p_lora_qfixed_lr0.0001_92601__A_MAIN_LAST,92601,test_b,Hog_office_Catalina,0.4309874302787254,0.5115862793056294,-0.16241357698260497,1920,827.4958661351527,982.2456562668085,-311.8340678066015
hog,A_MAIN_LAST,v11_hog_a_p_lora_qfixed_lr0.0001_92601__A_MAIN_LAST,92601,test_b,Hog_office_Catharine,16.5504877496805,2.673106947930311,0.8076215197148073,1745,28880.60112319247,4664.5716241383925,1409.2995519023389
hog,A_MAIN_LAST,v11_hog_a_p_lora_qfixed_lr0.0001_92601__A_MAIN_LAST,92601,test_b,Hog_office_Charla,0.41547962638837244,0.5301370608489379,0.27730363438846933,1920,797.720882665675,1017.8631568299606,532.4229780258611
hog,A_MAIN_LAST,v11_hog_a_p_lora_qfixed_lr0.0001_92601__A_MAIN_LAST,92601,test_b,Hog_office_Clemencia,1.3628327095555273,0.491167130423661,0.18916814294375517,1910,2603.010475251057,938.1292191091925,361.3111530225724
hog,A_MAIN_LAST,v11_hog_a_p_lora_qfixed_lr0.0001_92601__A_MAIN_LAST,92601,test_b,Hog_office_Cordelia,1.6347098613587987,0.9586942705438862,-0.8111013396302648,1920,3138.6429338088933,1840.6929994442617,-1557.3145720901084
hog,A_MAIN_LAST,v11_hog_a_p_lora_qfixed_lr0.0001_92601__A_MAIN_LAST,92601,test_b,Hog_office_Corey,1.13029150765631,0.8584933779059308,0.4728658765576256,1920,2170.1596947001153,1648.307285579387,907.9024829906411
hog,A_MAIN_LAST,v11_hog_a_p_lora_qfixed_lr0.0001_92601__A_MAIN_LAST,92601,test_b,Hog_office_Corie,0.6506323279916407,0.6500358055588246,0.060921733161861384,1920,1249.2140697439502,1248.0687466729432,116.96972767077386
hog,A_MAIN_LAST,v11_hog_a_p_lora_qfixed_lr0.0001_92601__A_MAIN_LAST,92601,test_b,Hog_office_Cornell,3.689288467730998,1.4500084102259962,-0.15634966825716853,1684,6212.761779659,2441.8141628205776,-263.2928413450718
hog,A_MAIN_LAST,v11_hog_a_p_lora_qfixed_lr0.0001_92601__A_MAIN_LAST,92601,test_b,Hog_office_Cortney,0.18122230950281878,0.31230102419892014,0.048000914960478744,1920,347.94683424541205,599.6179664619267,92.16175672411919
hog,A_MAIN_LAST,v11_hog_a_p_lora_qfixed_lr0.0001_92601__A_MAIN_LAST,92601,test_b,Hog_office_Darline,14.03994953877508,1.496462146282219,-0.0715677457702214,1918,26928.623215370604,2870.214396569296,-137.26693638728466
hog,A_MAIN_LAST,v11_hog_a_p_lora_qfixed_lr0.0001_92601__A_MAIN_LAST,92601,test_b,Hog_office_Denita,0.3883027164865473,0.4863956188895827,0.13523484489948412,1920,745.5412156541709,933.8795882679988,259.6509022070095
hog,A_MAIN_LAST,v11_hog_a_p_lora_qfixed_lr0.0001_92601__A_MAIN_LAST,92601,test_b,Hog_office_Elizbeth,0.3783346706103583,0.36633634627619294,0.13425644474176474,1916,724.8892288894465,701.9004394651856,257.2353481252212
hog,A_MAIN_LAST,v11_hog_a_p_lora_qfixed_lr0.0001_92601__A_MAIN_LAST,92601,test_b,Hog_office_Elke,0.18837877808480383,0.3220024161574353,0.09301983448191702,1920,361.68725392282334,618.2446390222758,178.59808220528066
hog,A_MAIN_LAST,v11_hog_a_p_lora_qfixed_lr0.0001_92601__A_MAIN_LAST,92601,test_b,Hog_office_Elnora,1.2827551603884426,0.8779083809116855,0.17813504765120644,1920,2462.8899079458097,1685.5840913504362,342.0192914903164
hog,A_MAIN_LAST,v11_hog_a_p_lora_qfixed_lr0.0001_92601__A_MAIN_LAST,92601,test_b,Hog_office_Eloise,0.3153797223906888,0.44441876115549045,0.07664663904967407,1920,605.5290669901225,853.2840214185417,147.16154697537422
hog,A_MAIN_LAST,v11_hog_a_p_lora_qfixed_lr0.0001_92601__A_MAIN_LAST,92601,test_b,Hog_office_Elsy,0.8596949748205034,0.6558802594932976,-0.1208396212319741,1910,1642.0174019071615,1252.7312956321985,-230.80367655307055
hog,A_MAIN_LAST,v11_hog_a_p_lora_qfixed_lr0.0001_92601__A_MAIN_LAST,92601,test_b,Hog_office_Emmanuel,0.502579624734182,0.5461666749578492,-0.10513074652698225,1917,963.4451406154269,1047.001515894197,-201.53564109222498
hog,A_MAIN_LAST,v11_hog_a_p_lora_qfixed_lr0.0001_92601__A_MAIN_LAST,92601,test_b,Hog_office_Garrett,3.6450956487780872,1.4899612170100833,-0.24857623202260584,1920,6998.583645653927,2860.72553665936,-477.2663654834032
hog,A_MAIN_LAST,v11_hog_a_p_lora_qfixed_lr0.0001_92601__A_MAIN_LAST,92601,test_b,Hog_office_Guadalupe,0.739248189543111,0.6817370202285625,0.23064701386902015,1920,1419.356523922773,1308.9350788388401,442.8422666285187
hog,A_MAIN_LAST,v11_hog_a_p_lora_qfixed_lr0.0001_92601__A_MAIN_LAST,92601,test_b,Hog_office_Gustavo,0.3407762301773915,0.46740298920476564,-0.11009715293963988,1920,654.2903619405917,897.41373927315,-211.38653364410857
hog,A_MAIN_LAST,v11_hog_a_p_lora_qfixed_lr0.0001_92601__A_MAIN_LAST,92601,test_b,Hog_office_Joey,30.74192859150448,3.9886058312260504,0.17182684032419882,1920,59024.5028956886,7658.123195954016,329.9075334224617
hog,A_MAIN_LAST,v11_hog_a_p_lora_qfixed_lr0.0001_92601__A_MAIN_LAST,92601,test_b,Hog_office_Josefina,0.7741174250456472,0.6341310983229471,0.3160607083210172,1918,1484.7572212375512,1216.2634465834126,606.204438559711
hog,A_MAIN_LAST,v11_hog_a_p_lora_qfixed_lr0.0001_92601__A_MAIN_LAST,92601,test_b,Hog_office_Lanell,1.5888746017595075,0.8644932172193875,-0.025595373638922562,1920,3050.6392353782544,1659.8269770612242,-49.14311738673132
hog,A_MAIN_LAST,v11_hog_a_p_lora_qfixed_lr0.0001_92601__A_MAIN_LAST,92601,combined,Hog_office_Alexis,2.852520600138081,1.1824479382315378,-0.9327936513499784,3840,10953.679104530233,4540.6000828091055,-3581.927621183917
hog,A_MAIN_LAST,v11_hog_a_p_lora_qfixed_lr0.0001_92601__A_MAIN_LAST,92601,combined,Hog_office_Almeda,0.6491861685752208,0.6171855464046379,0.06015731722456318,3840,2492.8748873288478,2369.9924981938093,231.00409814232262
hog,A_MAIN_LAST,v11_hog_a_p_lora_qfixed_lr0.0001_92601__A_MAIN_LAST,92601,combined,Hog_office_Bessie,0.33833172797678696,0.4502637025466356,-0.1849910284893061,3840,1299.193835430862,1729.0126177790808,-710.3655493989354
hog,A_MAIN_LAST,v11_hog_a_p_lora_qfixed_lr0.0001_92601__A_MAIN_LAST,92601,combined,Hog_office_Betsy,22.527878501791218,3.5028510683138543,-0.8615598018358772,3840,86507.05344687827,13450.948102325201,-3308.3896390497684
hog,A_MAIN_LAST,v11_hog_a_p_lora_qfixed_lr0.0001_92601__A_MAIN_LAST,92601,combined,Hog_office_Bill,0.4842780655384358,0.5102737806155346,0.05671039801479007,3840,1859.6277716675934,1959.451317563653,217.76792837679386
hog,A_MAIN_LAST,v11_hog_a_p_lora_qfixed_lr0.0001_92601__A_MAIN_LAST,92601,combined,Hog_office_Buford,1.0616330285037046,0.7421843852217231,-0.40233514591721664,3840,4076.670829454226,2849.988039251417,-1544.9669603221118
hog,A_MAIN_LAST,v11_hog_a_p_lora_qfixed_lr0.0001_92601__A_MAIN_LAST,92601,combined,Hog_office_Byron,0.12824068197335373,0.2432426187327413,0.026533347350050463,3840,492.4442187776783,934.0516559337266,101.88805382419378
hog,A_MAIN_LAST,v11_hog_a_p_lora_qfixed_lr0.0001_92601__A_MAIN_LAST,92601,combined,Hog_office_Candi,0.27663444138561855,0.3731783467870931,-0.04050117549168135,3840,1062.2762549207753,1433.0048516624374,-155.5245138880564
hog,A_MAIN_LAST,v11_hog_a_p_lora_qfixed_lr0.0001_92601__A_MAIN_LAST,92601,combined,Hog_office_Carri,0.7918212747496723,0.6202983272141525,-0.14769350113726626,3746,2966.1624952122725,2323.637533744215,-553.2598552601994
hog,A_MAIN_LAST,v11_hog_a_p_lora_qfixed_lr0.0001_92601__A_MAIN_LAST,92601,combined,Hog_office_Catalina,0.7405163461748165,0.5738376203652782,-0.024134617838232467,3840,2843.5827693112956,2203.536462202668,-92.67693249881268
hog,A_MAIN_LAST,v11_hog_a_p_lora_qfixed_lr0.0001_92601__A_MAIN_LAST,92601,combined,Hog_office_Catharine,12.649354387933498,2.3428774660287712,-0.04091564977057111,3568,45132.89645614672,8359.386798790656,-145.98703838139772
hog,A_MAIN_LAST,v11_hog_a_p_lora_qfixed_lr0.0001_92601__A_MAIN_LAST,92601,combined,Hog_office_Charla,0.45473291953814243,0.5446326612894343,0.21979403835980899,3840,1746.174411026467,2091.389419351428,844.0091073016665
hog,A_MAIN_LAST,v11_hog_a_p_lora_qfixed_lr0.0001_92601__A_MAIN_LAST,92601,combined,Hog_office_Clemencia,1.6494377464435883,0.6131800364148523,0.17423907008712658,3830,6317.346568878943,2348.4795394688845,667.3356384336948
hog,A_MAIN_LAST,v11_hog_a_p_lora_qfixed_lr0.0001_92601__A_MAIN_LAST,92601,combined,Hog_office_Cordelia,1.3166320009501,0.8550867082021948,-0.6860769167795449,3840,5055.866883648384,3283.532959496428,-2634.5353604334523
hog,A_MAIN_LAST,v11_hog_a_p_lora_qfixed_lr0.0001_92601__A_MAIN_LAST,92601,combined,Hog_office_Corey,1.201450262780513,0.8774443489037367,0.44778609427224486,3840,4613.56900907717,3369.386299790349,1719.4986020054203
hog,A_MAIN_LAST,v11_hog_a_p_lora_qfixed_lr0.0001_92601__A_MAIN_LAST,92601,combined,Hog_office_Corie,0.71446152581762,0.6749760586447594,0.06404676928862914,3838,2742.1033360880256,2590.5581130785868,245.81150052975863
hog,A_MAIN_LAST,v11_hog_a_p_lora_qfixed_lr0.0001_92601__A_MAIN_LAST,92601,combined,Hog_office_Cornell,2.377431583279108,1.1124138990008192,-0.21158775178936798,3587,8527.847089222161,3990.2286557159387,-758.965265668463
hog,A_MAIN_LAST,v11_hog_a_p_lora_qfixed_lr0.0001_92601__A_MAIN_LAST,92601,combined,Hog_office_Cortney,0.16006928332076445,0.27588530376368303,0.06566207078805443,3840,614.6660479517354,1059.3995664525428,252.14235182612902
hog,A_MAIN_LAST,v11_hog_a_p_lora_qfixed_lr0.0001_92601__A_MAIN_LAST,92601,combined,Hog_office_Darline,8.212578028354773,1.0285341851739322,-0.03889976828035725,3838,31519.874472825617,3947.514202697552,-149.29731066001114
hog,A_MAIN_LAST,v11_hog_a_p_lora_qfixed_lr0.0001_92601__A_MAIN_LAST,92601,combined,Hog_office_Denita,0.3813631671594459,0.4753826741868276,0.12360295362163166,3840,1464.4345618922723,1825.469468877418,474.6353419070656
hog,A_MAIN_LAST,v11_hog_a_p_lora_qfixed_lr0.0001_92601__A_MAIN_LAST,92601,combined,Hog_office_Elizbeth,0.29253903493723177,0.34615736841839595,0.09281422046181426,3836,1122.179738019221,1327.8596652529668,356.0353496915195
hog,A_MAIN_LAST,v11_hog_a_p_lora_qfixed_lr0.0001_92601__A_MAIN_LAST,92601,combined,Hog_office_Elke,0.1905328460931125,0.31243953043439654,0.10570323209575784,3838,731.2650633053657,1199.142917807214,405.6890047835186
hog,A_MAIN_LAST,v11_hog_a_p_lora_qfixed_lr0.0001_92601__A_MAIN_LAST,92601,combined,Hog_office_Elnora,1.0525411096949404,0.792286716849776,-0.010311588619758064,3840,4041.7578612285715,3042.38099270314,-39.59650029987097
hog,A_MAIN_LAST,v11_hog_a_p_lora_qfixed_lr0.0001_92601__A_MAIN_LAST,92601,combined,Hog_office_Eloise,0.24696745271952655,0.3871020244536415,0.03352883134333903,3840,948.355018442982,1486.4717739019834,128.75071235842188
hog,A_MAIN_LAST,v11_hog_a_p_lora_qfixed_lr0.0001_92601__A_MAIN_LAST,92601,combined,Hog_office_Elsy,0.7017030670294867,0.6047002449208584,-0.002100604242406902,3830,2687.5227467229342,2316.0019380468875,-8.045314248418435
hog,A_MAIN_LAST,v11_hog_a_p_lora_qfixed_lr0.0001_92601__A_MAIN_LAST,92601,combined,Hog_office_Emmanuel,1.539718300563481,0.674758559926021,0.01292838111638383,3837,5907.899119262076,2589.0485944361426,49.606198343564756
hog,A_MAIN_LAST,v11_hog_a_p_lora_qfixed_lr0.0001_92601__A_MAIN_LAST,92601,combined,Hog_office_Garrett,3.437243928452967,1.4507450374983213,-0.21406875732057717,3840,13199.016685259394,5570.8609439935535,-822.0240281110164
hog,A_MAIN_LAST,v11_hog_a_p_lora_qfixed_lr0.0001_92601__A_MAIN_LAST,92601,combined,Hog_office_Guadalupe,0.7466628489597658,0.6824864152925633,0.16823524793920416,3840,2867.1853400055006,2620.747834723443,646.023352086544
hog,A_MAIN_LAST,v11_hog_a_p_lora_qfixed_lr0.0001_92601__A_MAIN_LAST,92601,combined,Hog_office_Gustavo,0.2546745202684511,0.3873314982018959,-0.11561816584361016,3840,977.9501578308522,1487.35295309528,-443.973756839463
hog,A_MAIN_LAST,v11_hog_a_p_lora_qfixed_lr0.0001_92601__A_MAIN_LAST,92601,combined,Hog_office_Joey,31.221998189212485,3.9925179743209385,0.030689886187685755,3838,119830.02905019751,15323.283985443763,117.78778318833793
hog,A_MAIN_LAST,v11_hog_a_p_lora_qfixed_lr0.0001_92601__A_MAIN_LAST,92601,combined,Hog_office_Josefina,0.5450594479491809,0.5291408872978896,0.1676733781540505,3838,2091.9381612289562,2030.8427254493,643.5304253552458
hog,A_MAIN_LAST,v11_hog_a_p_lora_qfixed_lr0.0001_92601__A_MAIN_LAST,92601,combined,Hog_office_Lanell,1.4093403340940518,0.8270861084274354,-0.18260300548563463,3840,5411.866882921159,3176.0106563613517,-701.195541064837
hog,A_FULL,v11_hog_a_p_lora_qfixed_lr0.0001_92602__A_FULL,92602,test_a,Hog_office_Alexis,1.0594754845988714,0.7490893191929596,-0.16213387430567916,1920,2034.192930429833,1438.2514928504825,-311.297038666904
hog,A_FULL,v11_hog_a_p_lora_qfixed_lr0.0001_92602__A_FULL,92602,test_a,Hog_office_Almeda,0.4908344360928425,0.5206492985359849,0.08165499304195692,1920,942.4021172982576,999.646653189091,156.77758664055727
hog,A_FULL,v11_hog_a_p_lora_qfixed_lr0.0001_92602__A_FULL,92602,test_a,Hog_office_Bessie,0.15967726339375668,0.2907200688245515,-0.04912568109790906,1920,306.5803457160128,558.1825321431388,-94.3213077079854
hog,A_FULL,v11_hog_a_p_lora_qfixed_lr0.0001_92602__A_FULL,92602,test_a,Hog_office_Betsy,17.516945077799104,3.1125729193290073,-1.0050494267605246,1920,33632.53454937428,5976.140005111694,-1929.694899380207
hog,A_FULL,v11_hog_a_p_lora_qfixed_lr0.0001_92602__A_FULL,92602,test_a,Hog_office_Bill,0.3253853979453095,0.39860775048534075,-0.04600432602067788,1920,624.7399640549943,765.3268809318542,-88.32830595970154
hog,A_FULL,v11_hog_a_p_lora_qfixed_lr0.0001_92602__A_FULL,92602,test_a,Hog_office_Buford,0.7555001609019569,0.6532631857883341,-0.457899995908762,1920,1450.5603089317574,1254.2653167136014,-879.1679921448231
hog,A_FULL,v11_hog_a_p_lora_qfixed_lr0.0001_92602__A_FULL,92602,test_a,Hog_office_Byron,0.13169654875034473,0.23553710436293235,0.006394279276234253,1920,252.85737360066187,452.2312403768301,12.277016210369766
hog,A_FULL,v11_hog_a_p_lora_qfixed_lr0.0001_92602__A_FULL,92602,test_a,Hog_office_Candi,0.12328605328345897,0.23214609129305852,0.07236961111921118,1920,236.70922230424122,445.72049528267235,138.94965334888548
hog,A_FULL,v11_hog_a_p_lora_qfixed_lr0.0001_92602__A_FULL,92602,test_a,Hog_office_Carri,0.5291027090087473,0.5166042880738738,-0.07209338434219413,1920,1015.8772012967949,991.8802331018378,-138.41929793701274
hog,A_FULL,v11_hog_a_p_lora_qfixed_lr0.0001_92602__A_FULL,92602,test_a,Hog_office_Catalina,0.9651356174676108,0.6280093973327894,0.18140902500405598,1920,1853.0603855378126,1205.7780428789556,348.30532800778747
hog,A_FULL,v11_hog_a_p_lora_qfixed_lr0.0001_92602__A_FULL,92602,test_a,Hog_office_Catharine,5.935413089092404,1.6987434107773476,-0.40343692276199733,1823,10820.258061415452,3096.8092378471047,-735.4655101951212
hog,A_FULL,v11_hog_a_p_lora_qfixed_lr0.0001_92602__A_FULL,92602,test_a,Hog_office_Charla,0.259079084880261,0.38959661251390115,-0.006439565123241664,1920,497.4318429701011,748.0254960266902,-12.363965036623995
hog,A_FULL,v11_hog_a_p_lora_qfixed_lr0.0001_92602__A_FULL,92602,test_a,Hog_office_Clemencia,2.5359667223560316,0.9363249829203899,0.03456122798670549,1920,4869.056106923581,1797.7439672071487,66.35755773447454
hog,A_FULL,v11_hog_a_p_lora_qfixed_lr0.0001_92602__A_FULL,92602,test_a,Hog_office_Cordelia,0.3523832303659715,0.4613983519343795,-0.060972400009389575,1920,676.5758023026654,885.8848357140087,-117.06700801802799
hog,A_FULL,v11_hog_a_p_lora_qfixed_lr0.0001_92602__A_FULL,92602,test_a,Hog_office_Corey,0.6890189391207572,0.5843202291695585,0.12311718692956977,1920,1322.9163631118538,1121.8948400055524,236.38499890477397
hog,A_FULL,v11_hog_a_p_lora_qfixed_lr0.0001_92602__A_FULL,92602,test_a,Hog_office_Corie,0.29250525629332846,0.4304903668295145,-0.05958544174345196,1918,561.025081570604,825.6805235790089,-114.28487726394087
hog,A_FULL,v11_hog_a_p_lora_qfixed_lr0.0001_92602__A_FULL,92602,test_a,Hog_office_Cornell,0.9238301978098424,0.6966949486943511,-0.14022025287017242,1903,1758.0488664321301,1325.8104873653501,-266.8391412119381
hog,A_FULL,v11_hog_a_p_lora_qfixed_lr0.0001_92602__A_FULL,92602,test_a,Hog_office_Cortney,0.10543719104582946,0.1989681758187544,0.04904700798867149,1920,202.43940680799258,382.0188975720084,94.17025533824926
hog,A_FULL,v11_hog_a_p_lora_qfixed_lr0.0001_92602__A_FULL,92602,test_a,Hog_office_Darline,2.3336477539147022,0.5454682184334767,0.054445570005918854,1920,4480.603687516228,1047.2989793922752,104.5354944113642
hog,A_FULL,v11_hog_a_p_lora_qfixed_lr0.0001_92602__A_FULL,92602,test_a,Hog_office_Denita,0.13442664481240693,0.2782795986762873,-0.009199533999026243,1920,258.0991580398213,534.2968294584716,-17.663105278130388
hog,A_FULL,v11_hog_a_p_lora_qfixed_lr0.0001_92602__A_FULL,92602,test_a,Hog_office_Elizbeth,0.15590237780516827,0.2686122049917079,0.015315254897965739,1920,299.3325653859231,515.7354335840791,29.40528940409422
hog,A_FULL,v11_hog_a_p_lora_qfixed_lr0.0001_92602__A_FULL,92602,test_a,Hog_office_Elke,0.12890031971205024,0.2333710159008062,0.015511543870193649,1918,247.23081320771234,447.6056084977463,29.75114114303142
hog,A_FULL,v11_hog_a_p_lora_qfixed_lr0.0001_92602__A_FULL,92602,test_a,Hog_office_Elnora,0.8512765661747925,0.7085432170308195,-0.1902696427850363,1920,1634.4510070556016,1360.4029766991735,-365.3177141472697
hog,A_FULL,v11_hog_a_p_lora_qfixed_lr0.0001_92602__A_FULL,92602,test_a,Hog_office_Eloise,0.11424554892929267,0.25879736734024544,-0.03445891016731366,1920,219.35145394424194,496.8909452932712,-66.16110752124223
hog,A_FULL,v11_hog_a_p_lora_qfixed_lr0.0001_92602__A_FULL,92602,test_a,Hog_office_Elsy,0.544928872272844,0.5110611268183372,-0.08416404766115496,1920,1046.2634347638605,981.2373634912074,-161.59497150941752
hog,A_FULL,v11_hog_a_p_lora_qfixed_lr0.0001_92602__A_FULL,92602,test_a,Hog_office_Emmanuel,1.7917281314050668,0.7853032532747117,-0.011059574627385398,1920,3440.1180122977285,1507.7822462874465,-21.234383284579962
hog,A_FULL,v11_hog_a_p_lora_qfixed_lr0.0001_92602__A_FULL,92602,test_a,Hog_office_Garrett,2.5613270396685417,1.2405783288977545,0.03005752443386882,1920,4917.7479161636,2381.9103914836887,57.710446913028136
hog,A_FULL,v11_hog_a_p_lora_qfixed_lr0.0001_92602__A_FULL,92602,test_a,Hog_office_Guadalupe,0.28745402235586376,0.41393534060431797,-0.04822119166007421,1920,551.9117229232584,794.7558539602906,-92.58468798734248
hog,A_FULL,v11_hog_a_p_lora_qfixed_lr0.0001_92602__A_FULL,92602,test_a,Hog_office_Gustavo,0.10550123610570473,0.2259090907262968,0.0005926864925640985,1920,202.56237332295308,433.74545419448987,1.137958065723069
hog,A_FULL,v11_hog_a_p_lora_qfixed_lr0.0001_92602__A_FULL,92602,test_a,Hog_office_Joey,27.948407446462888,3.9750358330744304,-0.28842574897979345,1918,53605.04548231582,7624.118727836758,-553.2005865432438
hog,A_FULL,v11_hog_a_p_lora_qfixed_lr0.0001_92602__A_FULL,92602,test_a,Hog_office_Josefina,0.1679129001459348,0.2987083284074288,-0.04184523893130366,1920,322.3927682801948,573.5199905422633,-80.34285874810303
hog,A_FULL,v11_hog_a_p_lora_qfixed_lr0.0001_92602__A_FULL,92602,test_a,Hog_office_Lanell,0.7604300268218225,0.6259496529580549,-0.22638870440120323,1920,1460.0256514978992,1201.8233336794656,-434.6663124503102
hog,A_FULL,v11_hog_a_p_lora_qfixed_lr0.0001_92602__A_FULL,92602,test_b,Hog_office_Alexis,1.3527378172479776,0.8981677063333336,-0.01570415825311405,1920,2597.256609116117,1724.4819961600006,-30.151983845978975
hog,A_FULL,v11_hog_a_p_lora_qfixed_lr0.0001_92602__A_FULL,92602,test_b,Hog_office_Almeda,0.6351481894904605,0.6065376178585514,0.027296191087740833,1920,1219.4845238216842,1164.5522262884188,52.4086868884624
hog,A_FULL,v11_hog_a_p_lora_qfixed_lr0.0001_92602__A_FULL,92602,test_b,Hog_office_Bessie,0.20413136655721106,0.3536485812590702,-0.019634591884065838,1920,391.93222378984524,679.0052760174149,-37.698416417406406
hog,A_FULL,v11_hog_a_p_lora_qfixed_lr0.0001_92602__A_FULL,92602,test_b,Hog_office_Betsy,26.517172520126003,3.9031098073969286,-0.3153166218350331,1920,50912.97123864193,7493.970830202103,-605.4079139232635
hog,A_FULL,v11_hog_a_p_lora_qfixed_lr0.0001_92602__A_FULL,92602,test_b,Hog_office_Bill,0.40686804896278467,0.4823563919169828,-0.025367421462821463,1920,781.1866540085466,926.124272480607,-48.70544920861721
hog,A_FULL,v11_hog_a_p_lora_qfixed_lr0.0001_92602__A_FULL,92602,test_b,Hog_office_Buford,0.8542655025252103,0.6216686767836411,0.0574922151863575,1920,1640.1897648484037,1193.603859424591,110.3850531578064
hog,A_FULL,v11_hog_a_p_lora_qfixed_lr0.0001_92602__A_FULL,92602,test_b,Hog_office_Byron,0.151217662433376,0.25137322193574313,0.04503722546990806,1920,290.3379118720819,482.63658611662686,86.47147290222347
hog,A_FULL,v11_hog_a_p_lora_qfixed_lr0.0001_92602__A_FULL,92602,test_b,Hog_office_Candi,0.42717407286242576,0.5070339167182586,0.09486046408813611,1920,820.1742198958575,973.5051200990565,182.13209104922134
hog,A_FULL,v11_hog_a_p_lora_qfixed_lr0.0001_92602__A_FULL,92602,test_b,Hog_office_Carri,1.0432014842365922,0.7107224040976491,-0.2830104339461205,1826,1904.8859102160172,1297.7791098823072,-516.7770523856161
hog,A_FULL,v11_hog_a_p_lora_qfixed_lr0.0001_92602__A_FULL,92602,test_b,Hog_office_Catalina,0.609330952608913,0.5961799303457762,0.000744705437682569,1920,1169.915429009113,1144.6654662638903,1.4298344403505325
hog,A_FULL,v11_hog_a_p_lora_qfixed_lr0.0001_92602__A_FULL,92602,test_b,Hog_office_Catharine,9.66728732658234,2.2051922041116905,0.14710338515226853,1745,16869.416384886183,3848.0603961749002,256.6954070907086
hog,A_FULL,v11_hog_a_p_lora_qfixed_lr0.0001_92602__A_FULL,92602,test_b,Hog_office_Charla,0.26078812739626867,0.40635997162850496,0.03638209965865826,1920,500.7132046008358,780.2111455267295,69.85363134462386
hog,A_FULL,v11_hog_a_p_lora_qfixed_lr0.0001_92602__A_FULL,92602,test_b,Hog_office_Clemencia,1.3027655361600046,0.48505857809305347,0.05750044322041161,1910,2488.2821740656086,926.4618841577321,109.82584655098617
hog,A_FULL,v11_hog_a_p_lora_qfixed_lr0.0001_92602__A_FULL,92602,test_b,Hog_office_Cordelia,0.3921767841115657,0.4908050060025744,-0.023572417387822498,1920,752.9794254942061,942.3456115249428,-45.259041384619195
hog,A_FULL,v11_hog_a_p_lora_qfixed_lr0.0001_92602__A_FULL,92602,test_b,Hog_office_Corey,0.5152071655363077,0.5177897862524939,0.07227442782435295,1920,989.1977578297108,994.1563896047883,138.76690142275766
hog,A_FULL,v11_hog_a_p_lora_qfixed_lr0.0001_92602__A_FULL,92602,test_b,Hog_office_Corie,0.3775871016436285,0.4962002001081904,0.01797385523483778,1920,724.9672351557667,952.7043842077255,34.50980205088854
hog,A_FULL,v11_hog_a_p_lora_qfixed_lr0.0001_92602__A_FULL,92602,test_b,Hog_office_Cornell,3.3201035588261143,1.3501673346106626,-0.3125653332740847,1684,5591.054393063177,2273.681791484356,-526.3600212335587
hog,A_FULL,v11_hog_a_p_lora_qfixed_lr0.0001_92602__A_FULL,92602,test_b,Hog_office_Cortney,0.1358978351816971,0.25671161505160855,0.03068557951870995,1920,260.92384354885843,492.8863008990884,58.91631267592311
hog,A_FULL,v11_hog_a_p_lora_qfixed_lr0.0001_92602__A_FULL,92602,test_b,Hog_office_Darline,13.629558731464714,1.4928715010350244,-0.10961437172675699,1918,26141.493646949322,2863.327538985177,-210.24036497191992
hog,A_FULL,v11_hog_a_p_lora_qfixed_lr0.0001_92602__A_FULL,92602,test_b,Hog_office_Denita,0.1684062969887872,0.31708255909094685,0.028245143717989172,1920,323.3400902184714,608.7985134546179,54.23067593853921
hog,A_FULL,v11_hog_a_p_lora_qfixed_lr0.0001_92602__A_FULL,92602,test_b,Hog_office_Elizbeth,0.3455738533513629,0.3324866985401774,0.03157963480429514,1916,662.1195030212114,637.04451440298,60.506580285029486
hog,A_FULL,v11_hog_a_p_lora_qfixed_lr0.0001_92602__A_FULL,92602,test_b,Hog_office_Elke,0.1338098996850376,0.24888884905861536,0.04317097139622395,1920,256.9150073952722,477.8665901925415,82.88826508074999
hog,A_FULL,v11_hog_a_p_lora_qfixed_lr0.0001_92602__A_FULL,92602,test_b,Hog_office_Elnora,1.5944803999807058,0.9372911367565393,0.14084108634851872,1920,3061.402367962955,1799.5989825725555,270.41488578915596
hog,A_FULL,v11_hog_a_p_lora_qfixed_lr0.0001_92602__A_FULL,92602,test_b,Hog_office_Eloise,0.2693981117329591,0.420197546784766,0.051099220777784164,1920,517.2443745272815,806.7792898267508,98.1105038933456
hog,A_FULL,v11_hog_a_p_lora_qfixed_lr0.0001_92602__A_FULL,92602,test_b,Hog_office_Elsy,0.833864139377711,0.6920843924600534,-0.04097781447176846,1910,1592.6805062114279,1321.881189598702,-78.26762564107776
hog,A_FULL,v11_hog_a_p_lora_qfixed_lr0.0001_92602__A_FULL,92602,test_b,Hog_office_Emmanuel,0.437725013631913,0.4915434000935905,0.08003234809288103,1917,839.1188511323772,942.288697979413,153.42201129405294
hog,A_FULL,v11_hog_a_p_lora_qfixed_lr0.0001_92602__A_FULL,92602,test_b,Hog_office_Garrett,2.8543025128020827,1.3011245748319198,-0.050102574698394166,1920,5480.260824579998,2498.159183677286,-96.1969434209168
hog,A_FULL,v11_hog_a_p_lora_qfixed_lr0.0001_92602__A_FULL,92602,test_b,Hog_office_Guadalupe,0.3916213672625752,0.507981835520089,0.019010053517801377,1920,751.9130251441444,975.3251241985708,36.49930275417864
hog,A_FULL,v11_hog_a_p_lora_qfixed_lr0.0001_92602__A_FULL,92602,test_b,Hog_office_Gustavo,0.20134799713749976,0.3340856674354958,0.009667091312167031,1920,386.58815450399953,641.4444814761519,18.5608153193607
hog,A_FULL,v11_hog_a_p_lora_qfixed_lr0.0001_92602__A_FULL,92602,test_b,Hog_office_Joey,27.604822239129074,4.206536252831756,-0.16078570464530154,1920,53001.25869912782,8076.549605436972,-308.70855291897897
hog,A_FULL,v11_hog_a_p_lora_qfixed_lr0.0001_92602__A_FULL,92602,test_b,Hog_office_Josefina,0.49451470801997205,0.5213939494917575,0.027753670118181997,1918,948.4792099823064,1000.0335951251909,53.23153928667307
hog,A_FULL,v11_hog_a_p_lora_qfixed_lr0.0001_92602__A_FULL,92602,test_b,Hog_office_Lanell,1.3074238008628953,0.8602418726576919,0.1846260561278541,1920,2510.253697656759,1651.6643955027685,354.48202776547987
hog,A_FULL,v11_hog_a_p_lora_qfixed_lr0.0001_92602__A_FULL,92602,combined,Hog_office_Alexis,1.2061066509234288,0.8236285127631466,-0.0889190162793966,3840,4631.449539545967,3162.733489010483,-341.44902251288295
hog,A_FULL,v11_hog_a_p_lora_qfixed_lr0.0001_92602__A_FULL,92602,combined,Hog_office_Almeda,0.5629913127916555,0.5635934581972681,0.05447559206484887,3840,2161.886641119957,2164.1988794775098,209.18627352901967
hog,A_FULL,v11_hog_a_p_lora_qfixed_lr0.0001_92602__A_FULL,92602,combined,Hog_office_Bessie,0.18190431497548257,0.3221843250418109,-0.03438013649098745,3840,698.5125695058531,1237.1878081605537,-132.0197241253918
hog,A_FULL,v11_hog_a_p_lora_qfixed_lr0.0001_92602__A_FULL,92602,combined,Hog_office_Betsy,22.017058798962548,3.507841363362968,-0.6601830242977788,3840,84545.50578801619,13470.110835313797,-2535.1028133034706
hog,A_FULL,v11_hog_a_p_lora_qfixed_lr0.0001_92602__A_FULL,92602,combined,Hog_office_Bill,0.36612672345404074,0.4404820712011618,-0.035685873741749675,3840,1405.9266180635163,1691.4511534124613,-137.03375516831875
hog,A_FULL,v11_hog_a_p_lora_qfixed_lr0.0001_92602__A_FULL,92602,combined,Hog_office_Buford,0.8048828317135733,0.6374659312859876,-0.20020389036120226,3840,3090.7500737801215,2447.8691761381924,-768.7829389870167
hog,A_FULL,v11_hog_a_p_lora_qfixed_lr0.0001_92602__A_FULL,92602,combined,Hog_office_Byron,0.1414571055918608,0.24345516314933774,0.025715752373071155,3840,543.1952854727455,934.867826493457,98.74848911259323
hog,A_FULL,v11_hog_a_p_lora_qfixed_lr0.0001_92602__A_FULL,92602,combined,Hog_office_Candi,0.27523006307294284,0.36959000400565856,0.08361503760367366,3840,1056.8834422001005,1419.2256153817289,321.0817443981068
hog,A_FULL,v11_hog_a_p_lora_qfixed_lr0.0001_92602__A_FULL,92602,combined,Hog_office_Carri,0.779701845038122,0.6112278011169634,-0.1749055927182672,3746,2920.763111512805,2289.659342984145,-655.1963503226289
hog,A_FULL,v11_hog_a_p_lora_qfixed_lr0.0001_92602__A_FULL,92602,combined,Hog_office_Catalina,0.7872332850382643,0.6120946638392828,0.09107686522086927,3840,3022.975814546935,2350.443509142846,349.735162448138
hog,A_FULL,v11_hog_a_p_lora_qfixed_lr0.0001_92602__A_FULL,92602,combined,Hog_office_Catharine,7.760558981586805,1.9464320723155843,-0.13418444593733536,3568,27689.67444630172,6944.869634022005,-478.77010310441256
hog,A_FULL,v11_hog_a_p_lora_qfixed_lr0.0001_92602__A_FULL,92602,combined,Hog_office_Charla,0.2599336061382639,0.39797829207120305,0.0149712672677083,3840,998.1450475709332,1528.2366415534198,57.48966630799987
hog,A_FULL,v11_hog_a_p_lora_qfixed_lr0.0001_92602__A_FULL,92602,combined,Hog_office_Clemencia,1.9209760524776058,0.7112809011396556,0.046000888847378775,3830,7357.33828098923,2724.205851364881,176.1834042854607
hog,A_FULL,v11_hog_a_p_lora_qfixed_lr0.0001_92602__A_FULL,92602,combined,Hog_office_Cordelia,0.37228000723876775,0.47610167896847694,-0.04227240869860604,3840,1429.5552277968682,1828.2304472389515,-162.3260494026472
hog,A_FULL,v11_hog_a_p_lora_qfixed_lr0.0001_92602__A_FULL,92602,combined,Hog_office_Corey,0.602113052328537,0.5510550077110262,0.09769580737696136,3840,2312.114120941582,2116.0512296103407,375.1519003275316
hog,A_FULL,v11_hog_a_p_lora_qfixed_lr0.0001_92602__A_FULL,92602,combined,Hog_office_Corie,0.33506834724501827,0.463362404321713,-0.020785584995584246,3838,1285.99231672638,1778.3849077867344,-79.77507521305233
hog,A_FULL,v11_hog_a_p_lora_qfixed_lr0.0001_92602__A_FULL,92602,combined,Hog_office_Cornell,2.0488160745735438,1.003482653707752,-0.22113163157108914,3587,7349.103259495302,3599.492278849706,-793.1991624454968
hog,A_FULL,v11_hog_a_p_lora_qfixed_lr0.0001_92602__A_FULL,92602,combined,Hog_office_Cortney,0.12066751311376457,0.22783989543518146,0.039866293753690725,3840,463.36325035685593,874.9051984710968,153.08656801417237
hog,A_FULL,v11_hog_a_p_lora_qfixed_lr0.0001_92602__A_FULL,92602,combined,Hog_office_Darline,7.978660066301602,1.0189230115626504,-0.02754165465361014,3838,30622.09733446555,3910.626518377452,-105.70487056055572
hog,A_FULL,v11_hog_a_p_lora_qfixed_lr0.0001_92602__A_FULL,92602,combined,Hog_office_Denita,0.15141647090059737,0.29768107888361706,0.009522804859481463,3840,581.4392482582939,1143.0953429130896,36.56757066040882
hog,A_FULL,v11_hog_a_p_lora_qfixed_lr0.0001_92602__A_FULL,92602,combined,Hog_office_Elizbeth,0.2506392253407543,0.3005161491102865,0.02343896498673715,3836,961.4520684071333,1152.7799479870591,89.9118696891237
hog,A_FULL,v11_hog_a_p_lora_qfixed_lr0.0001_92602__A_FULL,92602,combined,Hog_office_Elke,0.13135638890124762,0.24113397568793324,0.029348464362631946,3838,504.14582060298835,925.4721986902878,112.6394062237814
hog,A_FULL,v11_hog_a_p_lora_qfixed_lr0.0001_92602__A_FULL,92602,combined,Hog_office_Elnora,1.222878483077757,0.8229171768936794,-0.024714278218258792,3840,4695.853375018587,3160.001959271729,-94.90282835811377
hog,A_FULL,v11_hog_a_p_lora_qfixed_lr0.0001_92602__A_FULL,92602,combined,Hog_office_Eloise,0.19182183033112565,0.3394974570625057,0.008320155305235251,3840,736.5958284715225,1303.670235120022,31.949396372103365
hog,A_FULL,v11_hog_a_p_lora_qfixed_lr0.0001_92602__A_FULL,92602,combined,Hog_office_Elsy,0.689019305737674,0.6013364368380965,-0.06262730996096483,3830,2638.9439409752913,2303.1185530899093,-239.86259715049528
hog,A_FULL,v11_hog_a_p_lora_qfixed_lr0.0001_92602__A_FULL,92602,combined,Hog_office_Emmanuel,1.1152558935184076,0.6385381663452853,0.03445077612965154,3837,4279.23686343013,2450.0709442668594,132.18762800947297
hog,A_FULL,v11_hog_a_p_lora_qfixed_lr0.0001_92602__A_FULL,92602,combined,Hog_office_Garrett,2.7078147762353266,1.270851451864837,-0.010022525132262672,3840,10398.008740743655,4880.069575160975,-38.48649650788866
hog,A_FULL,v11_hog_a_p_lora_qfixed_lr0.0001_92602__A_FULL,92602,combined,Hog_office_Guadalupe,0.33953769480922186,0.46095858806220347,-0.014605569071136415,3840,1303.824748067412,1770.0809781588614,-56.085385233163834
hog,A_FULL,v11_hog_a_p_lora_qfixed_lr0.0001_92602__A_FULL,92602,combined,Hog_office_Gustavo,0.15342461662160206,0.2799973790808963,0.005129888902365565,3840,589.1505278269519,1075.1899356706417,19.69877338508377
hog,A_FULL,v11_hog_a_p_lora_qfixed_lr0.0001_92602__A_FULL,92602,combined,Hog_office_Joey,27.776525320855733,4.090846360936355,-0.2245724698963582,3838,106606.3041814443,15700.66833327373,-861.9091394622228
hog,A_FULL,v11_hog_a_p_lora_qfixed_lr0.0001_92602__A_FULL,92602,combined,Hog_office_Josefina,0.3311287072075328,0.4099931176830261,-0.0070639185673345385,3838,1270.8719782625108,1573.5535856674542,-27.111319461429957
hog,A_FULL,v11_hog_a_p_lora_qfixed_lr0.0001_92602__A_FULL,92602,combined,Hog_office_Lanell,1.033926913842358,0.7430957628078735,-0.02088132413667457,3840,3970.2793491546545,2853.487729182234,-80.18428468483035
hog,A_MAIN,v11_hog_a_p_lora_qfixed_lr0.0001_92602__A_MAIN,92602,test_a,Hog_office_Alexis,1.8817410350826407,1.0289025537018461,-0.6021909606632108,1920,3612.94278735867,1975.4929031075444,-1156.2066444733646
hog,A_MAIN,v11_hog_a_p_lora_qfixed_lr0.0001_92602__A_MAIN,92602,test_a,Hog_office_Almeda,1.0964731516773818,0.8034114586721747,-0.55655606691289,1920,2105.228451220573,1542.5500006505754,-1068.5876484727487
hog,A_MAIN,v11_hog_a_p_lora_qfixed_lr0.0001_92602__A_MAIN,92602,test_a,Hog_office_Bessie,0.26811945642299345,0.3744650710168874,0.23183434348517645,1920,514.7893563321475,718.9729363524239,445.1219394915388
hog,A_MAIN,v11_hog_a_p_lora_qfixed_lr0.0001_92602__A_MAIN,92602,test_a,Hog_office_Betsy,23.85260192892743,3.938487565300117,-3.0196660437000293,1920,45796.99570354067,7561.8961253762245,-5797.758803904057
hog,A_MAIN,v11_hog_a_p_lora_qfixed_lr0.0001_92602__A_MAIN,92602,test_a,Hog_office_Bill,3.566824243519473,1.776586987684065,-1.7591955069302458,1920,6848.302547557389,3411.0470163534046,-3377.655373306072
hog,A_MAIN,v11_hog_a_p_lora_qfixed_lr0.0001_92602__A_MAIN,92602,test_a,Hog_office_Buford,0.6382524258888083,0.5948530163466785,-0.3091990870500619,1920,1225.4446577065119,1142.1177913856227,-593.6622471361188
hog,A_MAIN,v11_hog_a_p_lora_qfixed_lr0.0001_92602__A_MAIN,92602,test_a,Hog_office_Byron,0.5334221398352397,0.6180972857053348,-0.570631719166037,1920,1024.1705084836601,1186.7467885542428,-1095.612900798791
hog,A_MAIN,v11_hog_a_p_lora_qfixed_lr0.0001_92602__A_MAIN,92602,test_a,Hog_office_Candi,0.5656736376696574,0.6569864677567087,-0.6133915776567391,1920,1086.0933843257421,1261.4140180928807,-1177.7118291009392
hog,A_MAIN,v11_hog_a_p_lora_qfixed_lr0.0001_92602__A_MAIN,92602,test_a,Hog_office_Carri,1.91971420732867,1.1231018727318163,-1.0775612725059243,1920,3685.851278071046,2156.3555956450873,-2068.9176432113745
hog,A_MAIN,v11_hog_a_p_lora_qfixed_lr0.0001_92602__A_MAIN,92602,test_a,Hog_office_Catalina,1.0347744241151402,0.7530559590013581,0.15070839627120827,1920,1986.7668943010692,1445.8674412826076,289.3601208407199
hog,A_MAIN,v11_hog_a_p_lora_qfixed_lr0.0001_92602__A_MAIN,92602,test_a,Hog_office_Catharine,14.146975476154939,3.347771980199091,2.670557279709493,1823,25789.936293030452,6102.988319902943,4868.425920910406
hog,A_MAIN,v11_hog_a_p_lora_qfixed_lr0.0001_92602__A_MAIN,92602,test_a,Hog_office_Charla,2.237108297777268,1.3374348005932537,1.313745136698003,1920,4295.247931732354,2567.874817139047,2522.390662460166
hog,A_MAIN,v11_hog_a_p_lora_qfixed_lr0.0001_92602__A_MAIN,92602,test_a,Hog_office_Clemencia,4.408121598012864,1.183392508312924,1.1315602416325419,1920,8463.593468184697,2272.113615960814,2172.5956639344804
hog,A_MAIN,v11_hog_a_p_lora_qfixed_lr0.0001_92602__A_MAIN,92602,test_a,Hog_office_Cordelia,0.9647774956799828,0.7371752444609229,-0.5686031996030578,1920,1852.3727917055671,1415.3764693649719,-1091.7181432378711
hog,A_MAIN,v11_hog_a_p_lora_qfixed_lr0.0001_92602__A_MAIN,92602,test_a,Hog_office_Corey,0.9643894798666961,0.7751190152806091,-0.3596962606759426,1920,1851.6278013440565,1488.2285093387695,-690.6168204978098
hog,A_MAIN,v11_hog_a_p_lora_qfixed_lr0.0001_92602__A_MAIN,92602,test_a,Hog_office_Corie,1.640687937710838,0.9815998440278195,0.9021343746163316,1918,3146.8394645293874,1882.7085008453578,1730.293730514124
hog,A_MAIN,v11_hog_a_p_lora_qfixed_lr0.0001_92602__A_MAIN,92602,test_a,Hog_office_Cornell,3.4713626655130025,1.5476654688681486,-1.519071807332214,1903,6606.003152471244,2945.207387256087,-2890.7936493532034
hog,A_MAIN,v11_hog_a_p_lora_qfixed_lr0.0001_92602__A_MAIN,92602,test_a,Hog_office_Cortney,0.22490746570903944,0.36047052128903184,-0.23793532083318497,1920,431.82233416135574,692.1034008749411,-456.8358159997151
hog,A_MAIN,v11_hog_a_p_lora_qfixed_lr0.0001_92602__A_MAIN,92602,test_a,Hog_office_Darline,2.351154287022123,0.598783178190691,-0.045324995612463684,1920,4514.216231082476,1149.6637021261267,-87.02399157593027
hog,A_MAIN,v11_hog_a_p_lora_qfixed_lr0.0001_92602__A_MAIN,92602,test_a,Hog_office_Denita,0.47674328437753394,0.5285128161074226,0.332867769092339,1920,915.3471060048652,1014.7446069262514,639.1061166572908
hog,A_MAIN,v11_hog_a_p_lora_qfixed_lr0.0001_92602__A_MAIN,92602,test_a,Hog_office_Elizbeth,0.24534093580777927,0.3514119470662384,0.18027849643603985,1920,471.0545967509362,674.7109383671777,346.13471315719653
hog,A_MAIN,v11_hog_a_p_lora_qfixed_lr0.0001_92602__A_MAIN,92602,test_a,Hog_office_Elke,0.1855746860053738,0.3023194710282673,-0.02881529222910678,1918,355.93224775830697,579.8487454322167,-55.267730495426804
hog,A_MAIN,v11_hog_a_p_lora_qfixed_lr0.0001_92602__A_MAIN,92602,test_a,Hog_office_Elnora,1.3940172612542245,0.94079376620939,0.3917690976872109,1920,2676.5131416081113,1806.3240311220288,752.1966675594449
hog,A_MAIN,v11_hog_a_p_lora_qfixed_lr0.0001_92602__A_MAIN,92602,test_a,Hog_office_Eloise,0.25882175044773054,0.3929665183766929,0.21199520038349723,1920,496.9377608596426,754.4957152832503,407.0307847363147
hog,A_MAIN,v11_hog_a_p_lora_qfixed_lr0.0001_92602__A_MAIN,92602,test_a,Hog_office_Elsy,1.2525003386354412,0.8724983107582754,-0.5432199985531422,1920,2404.800650180047,1675.1967566558887,-1042.982397222033
hog,A_MAIN,v11_hog_a_p_lora_qfixed_lr0.0001_92602__A_MAIN,92602,test_a,Hog_office_Emmanuel,1.7995759840825656,0.8098131703076736,0.23893491110020476,1920,3455.185889438526,1554.8412869907334,458.75502931239316
hog,A_MAIN,v11_hog_a_p_lora_qfixed_lr0.0001_92602__A_MAIN,92602,test_a,Hog_office_Garrett,3.52986347219809,1.5425565617881907,-0.17823639393401816,1920,6777.337866620333,2961.708598633326,-342.21387635331484
hog,A_MAIN,v11_hog_a_p_lora_qfixed_lr0.0001_92602__A_MAIN,92602,test_a,Hog_office_Guadalupe,4.675817566780769,1.9438883541874625,1.9412174165971616,1920,8977.569728219078,3732.2656400399283,3727.1374398665503
hog,A_MAIN,v11_hog_a_p_lora_qfixed_lr0.0001_92602__A_MAIN,92602,test_a,Hog_office_Gustavo,0.2619668131113377,0.3949181817749983,0.2457550914146547,1920,502.97628117376837,758.2429090079968,471.849775516137
hog,A_MAIN,v11_hog_a_p_lora_qfixed_lr0.0001_92602__A_MAIN,92602,test_a,Hog_office_Joey,28.949265033062805,3.8428441360451115,-1.6591463011017396,1918,55524.69033341446,7370.575052934524,-3182.2426055131364
hog,A_MAIN,v11_hog_a_p_lora_qfixed_lr0.0001_92602__A_MAIN,92602,test_a,Hog_office_Josefina,0.5896861773059704,0.6049679528654148,0.19006302365569355,1920,1132.197460427463,1161.5384695015964,364.9210054189316
hog,A_MAIN,v11_hog_a_p_lora_qfixed_lr0.0001_92602__A_MAIN,92602,test_a,Hog_office_Lanell,1.0798287491659053,0.8220094913851426,0.1272506716278561,1920,2073.271198398538,1578.2582234594738,244.32128952548373
hog,A_MAIN,v11_hog_a_p_lora_qfixed_lr0.0001_92602__A_MAIN,92602,test_b,Hog_office_Alexis,2.7519603047266017,1.242848523434418,-0.6983093196692531,1920,5283.763785075075,2386.2691649940825,-1340.753893764966
hog,A_MAIN,v11_hog_a_p_lora_qfixed_lr0.0001_92602__A_MAIN,92602,test_b,Hog_office_Almeda,2.927589823534859,1.475410912235293,-1.1739362028291906,1920,5620.97246118693,2832.7889514917624,-2253.957509432046
hog,A_MAIN,v11_hog_a_p_lora_qfixed_lr0.0001_92602__A_MAIN,92602,test_b,Hog_office_Bessie,0.34593514459960256,0.4730405827603742,0.29909602622237796,1920,664.1954776312369,908.2379188999184,574.2643703469657
hog,A_MAIN,v11_hog_a_p_lora_qfixed_lr0.0001_92602__A_MAIN,92602,test_b,Hog_office_Betsy,36.28877355449098,4.597417924987773,-3.106287013553083,1920,69674.44522462269,8827.042415976524,-5964.071066021919
hog,A_MAIN,v11_hog_a_p_lora_qfixed_lr0.0001_92602__A_MAIN,92602,test_b,Hog_office_Bill,3.709150569296956,1.7847934415815567,-1.7313949868179406,1920,7121.569093050155,3426.803407836589,-3324.278374690446
hog,A_MAIN,v11_hog_a_p_lora_qfixed_lr0.0001_92602__A_MAIN,92602,test_b,Hog_office_Buford,0.8872723558060697,0.6620649406996866,0.2100072992655138,1920,1703.5629231476537,1271.1646861433983,403.21401458978653
hog,A_MAIN,v11_hog_a_p_lora_qfixed_lr0.0001_92602__A_MAIN,92602,test_b,Hog_office_Byron,0.43135273793439866,0.559997874349483,-0.48572102309702436,1920,828.1972568340454,1075.1959187510074,-932.5843643462867
hog,A_MAIN,v11_hog_a_p_lora_qfixed_lr0.0001_92602__A_MAIN,92602,test_b,Hog_office_Candi,1.2987935010775016,0.960905359287608,-0.8796423240656319,1920,2493.683522068803,1844.9382898322074,-1688.9132622060133
hog,A_MAIN,v11_hog_a_p_lora_qfixed_lr0.0001_92602__A_MAIN,92602,test_b,Hog_office_Carri,3.448792170036549,1.5757473913488194,-1.48825487393925,1826,6297.494502486738,2877.3147366029443,-2717.5533998130704
hog,A_MAIN,v11_hog_a_p_lora_qfixed_lr0.0001_92602__A_MAIN,92602,test_b,Hog_office_Catalina,1.4001729029927623,0.9403945514187095,-0.487647873889667,1920,2688.331973746104,1805.5575387239223,-936.2839178681606
hog,A_MAIN,v11_hog_a_p_lora_qfixed_lr0.0001_92602__A_MAIN,92602,test_b,Hog_office_Catharine,27.24302940950813,4.900520277193035,4.120495790361632,1745,47539.08631959168,8551.407883701846,7190.265154181048
hog,A_MAIN,v11_hog_a_p_lora_qfixed_lr0.0001_92602__A_MAIN,92602,test_b,Hog_office_Charla,3.1502100367780064,1.604461546777217,1.5770467507375998,1920,6048.403270613772,3080.5661698122567,3027.9297614161915
hog,A_MAIN,v11_hog_a_p_lora_qfixed_lr0.0001_92602__A_MAIN,92602,test_b,Hog_office_Clemencia,2.4611208933397246,1.130933250210212,0.950034499255997,1910,4700.740906278874,2160.082507901505,1814.5658935789543
hog,A_MAIN,v11_hog_a_p_lora_qfixed_lr0.0001_92602__A_MAIN,92602,test_b,Hog_office_Cordelia,1.1153252738298132,0.8034468716185681,-0.47821288413318447,1920,2141.424525753241,1542.6179935076507,-918.1687375357142
hog,A_MAIN,v11_hog_a_p_lora_qfixed_lr0.0001_92602__A_MAIN,92602,test_b,Hog_office_Corey,2.012273503095924,1.203050660546675,-1.0886057697488771,1920,3863.565125944174,2309.857268249616,-2090.123077917844
hog,A_MAIN,v11_hog_a_p_lora_qfixed_lr0.0001_92602__A_MAIN,92602,test_b,Hog_office_Corie,3.0696163599390145,1.4951778234530897,1.45788086745841,1920,5893.663411082908,2870.741421029932,2799.1312655201473
hog,A_MAIN,v11_hog_a_p_lora_qfixed_lr0.0001_92602__A_MAIN,92602,test_b,Hog_office_Cornell,13.912969759621461,3.304900573499465,-3.3040757443208837,1684,23429.44107520254,5565.452565773099,-5564.063553436368
hog,A_MAIN,v11_hog_a_p_lora_qfixed_lr0.0001_92602__A_MAIN,92602,test_b,Hog_office_Cortney,0.22587157376432615,0.3467046619219218,0.027717474634694858,1920,433.67342162750623,665.6729508900899,53.217551298614126
hog,A_MAIN,v11_hog_a_p_lora_qfixed_lr0.0001_92602__A_MAIN,92602,test_b,Hog_office_Darline,12.788812437504223,1.5820611461042766,-0.13430630245819694,1918,24528.9422551331,3034.3932782280026,-257.5994881148217
hog,A_MAIN,v11_hog_a_p_lora_qfixed_lr0.0001_92602__A_MAIN,92602,test_b,Hog_office_Denita,0.9067179090365092,0.8046443320751829,0.7251696498685457,1920,1740.8983853500977,1544.9171175843512,1392.3257277476077
hog,A_MAIN,v11_hog_a_p_lora_qfixed_lr0.0001_92602__A_MAIN,92602,test_b,Hog_office_Elizbeth,0.5508240121956853,0.4893896935939234,0.4051219542024302,1916,1055.3788073669332,937.6706529259573,776.2136642518562
hog,A_MAIN,v11_hog_a_p_lora_qfixed_lr0.0001_92602__A_MAIN,92602,test_b,Hog_office_Elke,0.3327404882920654,0.44331850489912766,0.38751325178969864,1920,638.8617375207655,851.1715294063251,744.0254434362214
hog,A_MAIN,v11_hog_a_p_lora_qfixed_lr0.0001_92602__A_MAIN,92602,test_b,Hog_office_Elnora,3.9461245741279325,1.6754947709534767,0.9243102619740663,1920,7576.55918232563,3216.949960230675,1774.6757029902074
hog,A_MAIN,v11_hog_a_p_lora_qfixed_lr0.0001_92602__A_MAIN,92602,test_b,Hog_office_Eloise,0.9202066106115416,0.804846847547742,0.3648504235012903,1920,1766.7966923741599,1545.3059472916648,700.5128131224774
hog,A_MAIN,v11_hog_a_p_lora_qfixed_lr0.0001_92602__A_MAIN,92602,test_b,Hog_office_Elsy,2.820927039904191,1.4136473419409579,-1.1762249926627182,1910,5387.970646217004,2700.0664231072296,-2246.589735985792
hog,A_MAIN,v11_hog_a_p_lora_qfixed_lr0.0001_92602__A_MAIN,92602,test_b,Hog_office_Emmanuel,1.0611118107659352,0.8379057283415415,0.25340783614503126,1917,2034.1513412382976,1606.2652812307351,485.78282189002493
hog,A_MAIN,v11_hog_a_p_lora_qfixed_lr0.0001_92602__A_MAIN,92602,test_b,Hog_office_Garrett,4.194602255649476,1.6508973746987219,0.9536715299873777,1920,8053.636330846995,3169.722959421546,1831.049337575765
hog,A_MAIN,v11_hog_a_p_lora_qfixed_lr0.0001_92602__A_MAIN,92602,test_b,Hog_office_Guadalupe,9.007021927090157,2.8278688225792092,2.8278688225792092,1920,17293.4821000131,5429.508139352081,5429.508139352081
hog,A_MAIN,v11_hog_a_p_lora_qfixed_lr0.0001_92602__A_MAIN,92602,test_b,Hog_office_Gustavo,0.6341409998716212,0.672195298163921,0.620855541324381,1920,1217.5507197535128,1290.6149724747283,1192.0426393428115
hog,A_MAIN,v11_hog_a_p_lora_qfixed_lr0.0001_92602__A_MAIN,92602,test_b,Hog_office_Joey,34.97411047901633,4.8049081424708975,-3.0363224043751567,1920,67150.29211971136,9225.423633544124,-5829.739016400301
hog,A_MAIN,v11_hog_a_p_lora_qfixed_lr0.0001_92602__A_MAIN,92602,test_b,Hog_office_Josefina,1.7351405400447515,1.0680196861095768,0.4949127349535652,1918,3327.9995558058336,2048.461757958168,949.2426256409381
hog,A_MAIN,v11_hog_a_p_lora_qfixed_lr0.0001_92602__A_MAIN,92602,test_b,Hog_office_Lanell,1.9736601176113096,1.2133202426978036,0.7351602182406775,1920,3789.4274258137143,2329.5748659797828,1411.5076190221007
hog,A_MAIN,v11_hog_a_p_lora_qfixed_lr0.0001_92602__A_MAIN,92602,combined,Hog_office_Alexis,2.3168506699046296,1.135875538568132,-0.650250140166232,3840,8896.706572433777,4361.762068101627,-2496.9605382383306
hog,A_MAIN,v11_hog_a_p_lora_qfixed_lr0.0001_92602__A_MAIN,92602,combined,Hog_office_Almeda,2.0120314876061234,1.1394111854537339,-0.8652461348710403,3840,7726.200912407514,4375.338952142338,-3322.545157904795
hog,A_MAIN,v11_hog_a_p_lora_qfixed_lr0.0001_92602__A_MAIN,92602,combined,Hog_office_Bessie,0.3070273005112976,0.4237528268886308,0.26546518485377724,3840,1178.984833963383,1627.2108552523423,1019.3863098385045
hog,A_MAIN,v11_hog_a_p_lora_qfixed_lr0.0001_92602__A_MAIN,92602,combined,Hog_office_Betsy,30.070687741709534,4.267952745143945,-3.0629765286265562,3840,115471.44092816461,16388.93854135275,-11761.829869925976
hog,A_MAIN,v11_hog_a_p_lora_qfixed_lr0.0001_92602__A_MAIN,92602,combined,Hog_office_Bill,3.6379874064082167,1.7806902146328107,-1.7452952468740932,3840,13969.871640607553,6837.850424189994,-6701.933747996518
hog,A_MAIN,v11_hog_a_p_lora_qfixed_lr0.0001_92602__A_MAIN,92602,combined,Hog_office_Buford,0.7627623908474287,0.6284589785231826,-0.049595893892274034,3840,2929.007580854126,2413.282477529021,-190.4482325463323
hog,A_MAIN,v11_hog_a_p_lora_qfixed_lr0.0001_92602__A_MAIN,92602,combined,Hog_office_Byron,0.4823874388848233,0.5890475800274089,-0.5281763711315307,3840,1852.3677653177215,2261.94270730525,-2028.1972651450778
hog,A_MAIN,v11_hog_a_p_lora_qfixed_lr0.0001_92602__A_MAIN,92602,combined,Hog_office_Candi,0.9322335693735796,0.8089459135221584,-0.7465169508611855,3840,3579.7769063945457,3106.352307925088,-2866.6250913069525
hog,A_MAIN,v11_hog_a_p_lora_qfixed_lr0.0001_92602__A_MAIN,92602,combined,Hog_office_Carri,2.6650682809817976,1.3437454170443224,-1.277755217038026,3746,9983.345780557815,5033.670332248032,-4786.471043024445
hog,A_MAIN,v11_hog_a_p_lora_qfixed_lr0.0001_92602__A_MAIN,92602,combined,Hog_office_Catalina,1.217473663553957,0.8467252552100338,-0.16846973880922936,3840,4675.098868047195,3251.42498000653,-646.9237970274407
hog,A_MAIN,v11_hog_a_p_lora_qfixed_lr0.0001_92602__A_MAIN,92602,combined,Hog_office_Catharine,20.551856113403044,4.107173823880266,3.3796779918978292,3568,73329.02261262207,14654.396203604789,12058.691075091454
hog,A_MAIN,v11_hog_a_p_lora_qfixed_lr0.0001_92602__A_MAIN,92602,combined,Hog_office_Charla,2.693659167277639,1.4709481736852354,1.4453959437178014,3840,10343.651202346135,5648.440986951304,5550.320423876357
hog,A_MAIN,v11_hog_a_p_lora_qfixed_lr0.0001_92602__A_MAIN,92602,combined,Hog_office_Clemencia,3.437163022053166,1.1572313639327203,1.0410343492202179,3830,13164.334374463626,4432.196123862319,3987.1615575134347
hog,A_MAIN,v11_hog_a_p_lora_qfixed_lr0.0001_92602__A_MAIN,92602,combined,Hog_office_Cordelia,1.040051384754899,0.7703110580397454,-0.5234080418681212,3840,3993.7973174588124,2957.9944628726225,-2009.8868807735853
hog,A_MAIN,v11_hog_a_p_lora_qfixed_lr0.0001_92602__A_MAIN,92602,combined,Hog_office_Corey,1.4883314914813108,0.9890848379136421,-0.7241510152124099,3840,5715.1929272882335,3798.0857775883856,-2780.739898415654
hog,A_MAIN,v11_hog_a_p_lora_qfixed_lr0.0001_92602__A_MAIN,92602,combined,Hog_office_Corie,2.355524459513364,1.2385226477007008,1.1801524221037705,3838,9040.502875612292,4753.44992187529,4529.424996034271
hog,A_MAIN,v11_hog_a_p_lora_qfixed_lr0.0001_92602__A_MAIN,92602,combined,Hog_office_Cornell,8.373416288729809,2.372640076116305,-2.357083134315465,3587,30035.444227673826,8510.659953029186,-8454.857202789572
hog,A_MAIN,v11_hog_a_p_lora_qfixed_lr0.0001_92602__A_MAIN,92602,combined,Hog_office_Cortney,0.22538951973668292,0.3535875916054768,-0.10510892309924505,3840,865.4957557888624,1357.776351765031,-403.618264701101
hog,A_MAIN,v11_hog_a_p_lora_qfixed_lr0.0001_92602__A_MAIN,92602,combined,Hog_office_Darline,7.567263805684102,1.0901659667415657,-0.08979246474485461,3838,29043.158486215583,4184.056980354129,-344.623479690752
hog,A_MAIN,v11_hog_a_p_lora_qfixed_lr0.0001_92602__A_MAIN,92602,combined,Hog_office_Denita,0.6917305967070211,0.6665785740913027,0.5290187094804424,3840,2656.245491354961,2559.6617245106027,2031.4318444048986
hog,A_MAIN,v11_hog_a_p_lora_qfixed_lr0.0001_92602__A_MAIN,92602,combined,Hog_office_Elizbeth,0.39792320232478295,0.42032888198465457,0.29258299723906483,3836,1526.4334041178674,1612.381591293135,1122.3483774090528
hog,A_MAIN,v11_hog_a_p_lora_qfixed_lr0.0001_92602__A_MAIN,92602,combined,Hog_office_Elke,0.25919593154743925,0.372855725596285,0.17945745516956607,3838,994.7939852790719,1431.0202748385418,688.7577129407946
hog,A_MAIN,v11_hog_a_p_lora_qfixed_lr0.0001_92602__A_MAIN,92602,combined,Hog_office_Elnora,2.670070917691083,1.3081442685814333,0.6580396798306386,3840,10253.072323933759,5023.273991352704,2526.8723705496523
hog,A_MAIN,v11_hog_a_p_lora_qfixed_lr0.0001_92602__A_MAIN,92602,combined,Hog_office_Eloise,0.5895141805296374,0.5989066829622175,0.2884228119423938,3840,2263.734453233808,2299.801662574915,1107.543597858792
hog,A_MAIN,v11_hog_a_p_lora_qfixed_lr0.0001_92602__A_MAIN,92602,combined,Hog_office_Elsy,2.0346661348295165,1.142366365473399,-0.8588961183310247,3830,7792.771296397048,4375.263179763118,-3289.5721332078247
hog,A_MAIN,v11_hog_a_p_lora_qfixed_lr0.0001_92602__A_MAIN,92602,combined,Hog_office_Emmanuel,1.4306325855295452,0.8238484670892542,0.24616571571603285,3837,5489.337230676865,3161.1065682214685,944.5378512024181
hog,A_MAIN,v11_hog_a_p_lora_qfixed_lr0.0001_92602__A_MAIN,92602,combined,Hog_office_Garrett,3.8622328639237766,1.5967269682434562,0.3877175680266797,3840,14830.974197467302,6131.431558054872,1488.8354612224502
hog,A_MAIN,v11_hog_a_p_lora_qfixed_lr0.0001_92602__A_MAIN,92602,combined,Hog_office_Guadalupe,6.841419746935467,2.3858785883833358,2.3845431195881854,3840,26271.051828232194,9161.77377939201,9156.645579218632
hog,A_MAIN,v11_hog_a_p_lora_qfixed_lr0.0001_92602__A_MAIN,92602,combined,Hog_office_Gustavo,0.4480539064914801,0.5335567399694596,0.43330531636951786,3840,1720.5270009272836,2048.857881482725,1663.8924148589485
hog,A_MAIN,v11_hog_a_p_lora_qfixed_lr0.0001_92602__A_MAIN,92602,combined,Hog_office_Joey,31.963257543805867,4.324126807315959,-2.3480931792374773,3838,122674.98245312691,16595.998686478648,-9011.981621913437
hog,A_MAIN,v11_hog_a_p_lora_qfixed_lr0.0001_92602__A_MAIN,92602,combined,Hog_office_Josefina,1.1621149078252488,0.8363731702604911,0.34240844998954395,3838,4460.1970162333055,3210.0002274597646,1314.1636310598697
hog,A_MAIN,v11_hog_a_p_lora_qfixed_lr0.0001_92602__A_MAIN,92602,combined,Hog_office_Lanell,1.5267444333886084,1.017664867041473,0.43120544493426677,3840,5862.698624212257,3907.8330894392566,1655.8289085475844
hog,A_MAIN_LAST,v11_hog_a_p_lora_qfixed_lr0.0001_92602__A_MAIN_LAST,92602,test_a,Hog_office_Alexis,2.0787072316005766,1.0409077008856304,-0.7709040674516776,1920,3991.1178846731073,1998.5427857004106,-1480.135809507221
hog,A_MAIN_LAST,v11_hog_a_p_lora_qfixed_lr0.0001_92602__A_MAIN_LAST,92602,test_a,Hog_office_Almeda,0.7213476660748124,0.6535969283668237,0.1894504902058543,1920,1384.9875188636397,1254.9061024643015,363.74494119524024
hog,A_MAIN_LAST,v11_hog_a_p_lora_qfixed_lr0.0001_92602__A_MAIN_LAST,92602,test_a,Hog_office_Bessie,0.2895164045513247,0.4072888057961791,-0.10860836227193431,1920,555.8714967385434,781.9945071286638,-208.52805556211388
hog,A_MAIN_LAST,v11_hog_a_p_lora_qfixed_lr0.0001_92602__A_MAIN_LAST,92602,test_a,Hog_office_Betsy,17.928040100437403,3.160492309803764,-0.7789141941194733,1920,34421.83699283982,6068.145234823227,-1495.5152527093887
hog,A_MAIN_LAST,v11_hog_a_p_lora_qfixed_lr0.0001_92602__A_MAIN_LAST,92602,test_a,Hog_office_Bill,0.5107604463617593,0.505545623631527,0.10211724126711488,1920,980.6600570145779,970.6475973725319,196.06510323286057
hog,A_MAIN_LAST,v11_hog_a_p_lora_qfixed_lr0.0001_92602__A_MAIN_LAST,92602,test_a,Hog_office_Buford,0.9464397723669997,0.7366167450401311,-0.5810570385384684,1920,1817.1643629446394,1414.3041504770517,-1115.6295139938593
hog,A_MAIN_LAST,v11_hog_a_p_lora_qfixed_lr0.0001_92602__A_MAIN_LAST,92602,test_a,Hog_office_Byron,0.1535762942415638,0.27030227782039823,0.04524122988950694,1920,294.8664849438025,518.9803734151646,86.86316138785332
hog,A_MAIN_LAST,v11_hog_a_p_lora_qfixed_lr0.0001_92602__A_MAIN_LAST,92602,test_a,Hog_office_Candi,0.21161881383431738,0.32545269585437686,-0.03305352776903116,1920,406.3081225618894,624.8691760404035,-63.462773316539824
hog,A_MAIN_LAST,v11_hog_a_p_lora_qfixed_lr0.0001_92602__A_MAIN_LAST,92602,test_a,Hog_office_Carri,0.6134743129181268,0.5783243902514187,-0.09399366153893425,1920,1177.8706808028035,1110.3828292827238,-180.46783015475376
hog,A_MAIN_LAST,v11_hog_a_p_lora_qfixed_lr0.0001_92602__A_MAIN_LAST,92602,test_a,Hog_office_Catalina,0.9800482752408187,0.5935068165417761,0.017571154283359647,1920,1881.692688462372,1139.53308776021,33.73661622405052
hog,A_MAIN_LAST,v11_hog_a_p_lora_qfixed_lr0.0001_92602__A_MAIN_LAST,92602,test_a,Hog_office_Catharine,8.912232614470554,2.025213268705558,-0.8272186466413527,1823,16247.000056179819,3691.963788850233,-1508.019592827186
hog,A_MAIN_LAST,v11_hog_a_p_lora_qfixed_lr0.0001_92602__A_MAIN_LAST,92602,test_a,Hog_office_Charla,0.4898055938541246,0.555868512170711,0.15521085313409913,1920,940.4267401999192,1067.267543367765,298.0048380174703
hog,A_MAIN_LAST,v11_hog_a_p_lora_qfixed_lr0.0001_92602__A_MAIN_LAST,92602,test_a,Hog_office_Clemencia,1.9185285064400248,0.7359888839389896,0.1819386507452388,1920,3683.5747323648475,1413.09865716286,349.3222094308585
hog,A_MAIN_LAST,v11_hog_a_p_lora_qfixed_lr0.0001_92602__A_MAIN_LAST,92602,test_a,Hog_office_Cordelia,0.9956427096715635,0.7479257946312524,-0.5616199029903025,1920,1911.634002569402,1436.0175256920047,-1078.3102137413807
hog,A_MAIN_LAST,v11_hog_a_p_lora_qfixed_lr0.0001_92602__A_MAIN_LAST,92602,test_a,Hog_office_Corey,1.220330380929465,0.8848051712474747,0.43231152348756346,1920,2343.034331384573,1698.8259287951514,830.0381250961218
hog,A_MAIN_LAST,v11_hog_a_p_lora_qfixed_lr0.0001_92602__A_MAIN_LAST,92602,test_a,Hog_office_Corie,0.7779169490334695,0.7003194934006769,0.055197386404672276,1918,1492.0447082461947,1343.2127883424982,105.86858712416142
hog,A_MAIN_LAST,v11_hog_a_p_lora_qfixed_lr0.0001_92602__A_MAIN_LAST,92602,test_a,Hog_office_Cornell,1.191294434305537,0.8043019950761314,-0.2313380725503152,1903,2267.033308483437,1530.5866966298781,-440.2363520632498
hog,A_MAIN_LAST,v11_hog_a_p_lora_qfixed_lr0.0001_92602__A_MAIN_LAST,92602,test_a,Hog_office_Cortney,0.14456012877544472,0.24385617494096248,0.0957814278922342,1920,277.55544724885385,468.20385588664794,183.90034155308967
hog,A_MAIN_LAST,v11_hog_a_p_lora_qfixed_lr0.0001_92602__A_MAIN_LAST,92602,test_a,Hog_office_Darline,2.37508580092655,0.5459747734649378,-0.02717281617563761,1920,4560.164737778976,1048.2715650526807,-52.171807057224214
hog,A_MAIN_LAST,v11_hog_a_p_lora_qfixed_lr0.0001_92602__A_MAIN_LAST,92602,test_a,Hog_office_Denita,0.3769848190587564,0.46430540545237214,0.09652777691039774,1920,723.8108525928124,891.4663784685545,185.33333166796365
hog,A_MAIN_LAST,v11_hog_a_p_lora_qfixed_lr0.0001_92602__A_MAIN_LAST,92602,test_a,Hog_office_Elizbeth,0.2154399048286007,0.33381472893136865,0.06951600027290018,1920,413.64461727091333,640.9242795482278,133.47072052396834
hog,A_MAIN_LAST,v11_hog_a_p_lora_qfixed_lr0.0001_92602__A_MAIN_LAST,92602,test_a,Hog_office_Elke,0.1974284088288195,0.30453354569794894,0.13118993998257536,1918,378.6676881336758,584.095340648666,251.6223048865795
hog,A_MAIN_LAST,v11_hog_a_p_lora_qfixed_lr0.0001_92602__A_MAIN_LAST,92602,test_a,Hog_office_Elnora,0.8254333224004464,0.7041569670390648,-0.16964314346744988,1920,1584.8319790088572,1351.9813767150044,-325.7148354575038
hog,A_MAIN_LAST,v11_hog_a_p_lora_qfixed_lr0.0001_92602__A_MAIN_LAST,92602,test_a,Hog_office_Eloise,0.16610456772693022,0.3162223425863734,-0.019051007834771858,1920,318.920770035706,607.1468977658369,-36.577935042761965
hog,A_MAIN_LAST,v11_hog_a_p_lora_qfixed_lr0.0001_92602__A_MAIN_LAST,92602,test_a,Hog_office_Elsy,0.5666071035027935,0.5644405633772597,0.1469630024998575,1920,1087.8856387253636,1083.7258816843387,282.1689647997264
hog,A_MAIN_LAST,v11_hog_a_p_lora_qfixed_lr0.0001_92602__A_MAIN_LAST,92602,test_a,Hog_office_Emmanuel,2.641992863873077,0.8127674916785812,0.1651864909142508,1920,5072.626298636308,1560.5135840228759,317.15806255536154
hog,A_MAIN_LAST,v11_hog_a_p_lora_qfixed_lr0.0001_92602__A_MAIN_LAST,92602,test_a,Hog_office_Garrett,3.19039939178052,1.401603119726254,-0.19440193335164319,1920,6125.566832218598,2691.0779898744076,-373.2517120351549
hog,A_MAIN_LAST,v11_hog_a_p_lora_qfixed_lr0.0001_92602__A_MAIN_LAST,92602,test_a,Hog_office_Guadalupe,0.7618053199522742,0.6853476410275713,0.12021786362068572,1920,1462.6662143083665,1315.867470772937,230.8182981517166
hog,A_MAIN_LAST,v11_hog_a_p_lora_qfixed_lr0.0001_92602__A_MAIN_LAST,92602,test_a,Hog_office_Gustavo,0.1645335411500594,0.30175647213594253,-0.09463696880114487,1920,315.904399008114,579.3724265010096,-181.70298009819817
hog,A_MAIN_LAST,v11_hog_a_p_lora_qfixed_lr0.0001_92602__A_MAIN_LAST,92602,test_a,Hog_office_Joey,31.472177053791246,3.9791972100573503,-0.1257499169758402,1918,60363.63558917161,7632.100248889998,-241.18834075966151
hog,A_MAIN_LAST,v11_hog_a_p_lora_qfixed_lr0.0001_92602__A_MAIN_LAST,92602,test_a,Hog_office_Josefina,0.3325155463824331,0.43074972875510864,0.010194338631329932,1920,638.4298490542715,827.0394792098086,19.57313017215347
hog,A_MAIN_LAST,v11_hog_a_p_lora_qfixed_lr0.0001_92602__A_MAIN_LAST,92602,test_a,Hog_office_Lanell,1.2359361337678385,0.7902640854244964,-0.33680235760681776,1920,2372.9973768342497,1517.3070440150332,-646.6605266050901
hog,A_MAIN_LAST,v11_hog_a_p_lora_qfixed_lr0.0001_92602__A_MAIN_LAST,92602,test_b,Hog_office_Alexis,3.4955955069819535,1.3058039822460463,-1.0228483518119902,1920,6711.54337340535,2507.143645912409,-1963.868835479021
hog,A_MAIN_LAST,v11_hog_a_p_lora_qfixed_lr0.0001_92602__A_MAIN_LAST,92602,test_b,Hog_office_Almeda,0.6057825704166236,0.6011667615919275,-0.032533048550703825,1920,1163.1025351999174,1154.2401822565007,-62.46345321735134
hog,A_MAIN_LAST,v11_hog_a_p_lora_qfixed_lr0.0001_92602__A_MAIN_LAST,92602,test_b,Hog_office_Bessie,0.37473712327721115,0.483237156153488,-0.23999645958680654,1920,719.4952766922454,927.8153398146969,-460.79320240666857
hog,A_MAIN_LAST,v11_hog_a_p_lora_qfixed_lr0.0001_92602__A_MAIN_LAST,92602,test_b,Hog_office_Betsy,25.913177749566884,3.763709972985089,-0.9280760131155451,1920,49753.301279168416,7226.3231481313705,-1781.9059451818466
hog,A_MAIN_LAST,v11_hog_a_p_lora_qfixed_lr0.0001_92602__A_MAIN_LAST,92602,test_b,Hog_office_Bill,0.46376763661850745,0.5155830015195534,0.06762649883360912,1920,890.4338623075344,989.9193629175425,129.84287776052952
hog,A_MAIN_LAST,v11_hog_a_p_lora_qfixed_lr0.0001_92602__A_MAIN_LAST,92602,test_b,Hog_office_Buford,0.8733113202141247,0.6202672405168415,-0.01567750790466865,1920,1676.7577348111195,1190.9131017923355,-30.100815176963806
hog,A_MAIN_LAST,v11_hog_a_p_lora_qfixed_lr0.0001_92602__A_MAIN_LAST,92602,test_b,Hog_office_Byron,0.12142554009859018,0.23228151354730167,0.04350408850732492,1920,233.13703698929314,445.9805060108192,83.52784993406385
hog,A_MAIN_LAST,v11_hog_a_p_lora_qfixed_lr0.0001_92602__A_MAIN_LAST,92602,test_b,Hog_office_Candi,0.34173587952868234,0.4295581561037276,-0.10573029725146625,1920,656.13288869507,824.751659719157,-203.0021707228152
hog,A_MAIN_LAST,v11_hog_a_p_lora_qfixed_lr0.0001_92602__A_MAIN_LAST,92602,test_b,Hog_office_Carri,1.0012376773152303,0.6773894230162787,-0.19360080207877833,1826,1828.2599987776107,1236.913086427725,-353.51506459584925
hog,A_MAIN_LAST,v11_hog_a_p_lora_qfixed_lr0.0001_92602__A_MAIN_LAST,92602,test_b,Hog_office_Catalina,0.5678683071325413,0.5947291697550099,-0.24522624212744024,1920,1090.3071496944794,1141.880005929619,-470.8343848846853
hog,A_MAIN_LAST,v11_hog_a_p_lora_qfixed_lr0.0001_92602__A_MAIN_LAST,92602,test_b,Hog_office_Catharine,16.51931772392655,2.682514774774263,0.8183133424854808,1745,28826.209428251834,4680.988281981088,1427.956782637164
hog,A_MAIN_LAST,v11_hog_a_p_lora_qfixed_lr0.0001_92602__A_MAIN_LAST,92602,test_b,Hog_office_Charla,0.4247242415161242,0.5326383922118112,0.28664686207824464,1920,815.4705437109585,1022.6657130466774,550.3619751902297
hog,A_MAIN_LAST,v11_hog_a_p_lora_qfixed_lr0.0001_92602__A_MAIN_LAST,92602,test_b,Hog_office_Clemencia,1.366254514009461,0.48722824477029875,0.21076412054939264,1910,2609.5461217580705,930.6059475112706,402.55947024933994
hog,A_MAIN_LAST,v11_hog_a_p_lora_qfixed_lr0.0001_92602__A_MAIN_LAST,92602,test_b,Hog_office_Cordelia,1.5939615865098051,0.9430155915913019,-0.798126965846465,1920,3060.4062460988257,1810.5899358552997,-1532.4037744252128
hog,A_MAIN_LAST,v11_hog_a_p_lora_qfixed_lr0.0001_92602__A_MAIN_LAST,92602,test_b,Hog_office_Corey,1.1137015048007683,0.8496615293728004,0.4611587733362588,1920,2138.306889217475,1631.3501363957766,885.4248448056169
hog,A_MAIN_LAST,v11_hog_a_p_lora_qfixed_lr0.0001_92602__A_MAIN_LAST,92602,test_b,Hog_office_Corie,0.6584561239161728,0.6505373479264865,0.08148612068325747,1920,1264.2357579190518,1249.0317080188543,156.45335171185434
hog,A_MAIN_LAST,v11_hog_a_p_lora_qfixed_lr0.0001_92602__A_MAIN_LAST,92602,test_b,Hog_office_Cornell,3.709387859658026,1.4572353442144224,-0.10456819488996565,1684,6246.609155664116,2453.9843196570873,-176.09284019470215
hog,A_MAIN_LAST,v11_hog_a_p_lora_qfixed_lr0.0001_92602__A_MAIN_LAST,92602,test_b,Hog_office_Cortney,0.18207053202913145,0.30564334718462,0.06000702127009087,1920,349.5754214959324,586.8352265944704,115.21348083857447
hog,A_MAIN_LAST,v11_hog_a_p_lora_qfixed_lr0.0001_92602__A_MAIN_LAST,92602,test_b,Hog_office_Darline,13.649624600024048,1.4523518159127904,-0.13562448663806748,1918,26179.979982846122,2785.610782920732,-260.12776537181344
hog,A_MAIN_LAST,v11_hog_a_p_lora_qfixed_lr0.0001_92602__A_MAIN_LAST,92602,test_b,Hog_office_Denita,0.3934022550047793,0.4835971773307392,0.14248910504344772,1920,755.3323296091763,928.5065804750193,273.57908168341964
hog,A_MAIN_LAST,v11_hog_a_p_lora_qfixed_lr0.0001_92602__A_MAIN_LAST,92602,test_b,Hog_office_Elizbeth,0.3844087177087372,0.3653776707303407,0.14875044151306996,1916,736.5271031299404,700.0636171193328,285.00584593904205
hog,A_MAIN_LAST,v11_hog_a_p_lora_qfixed_lr0.0001_92602__A_MAIN_LAST,92602,test_b,Hog_office_Elke,0.1923818969642854,0.3185246088086084,0.10924092095519881,1920,369.373242171428,611.5672489125282,209.74256823398173
hog,A_MAIN_LAST,v11_hog_a_p_lora_qfixed_lr0.0001_92602__A_MAIN_LAST,92602,test_b,Hog_office_Elnora,1.295004733035412,0.8758552509903287,0.11275154841132462,1920,2486.409087427991,1681.642081901431,216.48297294974327
hog,A_MAIN_LAST,v11_hog_a_p_lora_qfixed_lr0.0001_92602__A_MAIN_LAST,92602,test_b,Hog_office_Eloise,0.29614825544195206,0.43193193651483547,0.09613945085826951,1920,568.604650448548,829.3093181084841,184.58774564787745
hog,A_MAIN_LAST,v11_hog_a_p_lora_qfixed_lr0.0001_92602__A_MAIN_LAST,92602,test_b,Hog_office_Elsy,0.85037130441295,0.6531328369322091,-0.09762356235640836,1910,1624.2091914287344,1247.4837185405195,-186.46100410073996
hog,A_MAIN_LAST,v11_hog_a_p_lora_qfixed_lr0.0001_92602__A_MAIN_LAST,92602,test_b,Hog_office_Emmanuel,0.47368765725074374,0.5270151485512631,-0.059077675388428785,1917,908.0592389496758,1010.2880397727713,-113.25190371961799
hog,A_MAIN_LAST,v11_hog_a_p_lora_qfixed_lr0.0001_92602__A_MAIN_LAST,92602,test_b,Hog_office_Garrett,3.4294281652502274,1.4442055770584072,-0.23343289658272018,1920,6584.502077280436,2772.8747079521418,-448.19116143882275
hog,A_MAIN_LAST,v11_hog_a_p_lora_qfixed_lr0.0001_92602__A_MAIN_LAST,92602,test_b,Hog_office_Guadalupe,0.7739700061075544,0.6945169728142597,0.25508981055754704,1920,1486.0224117265045,1333.4725878033787,489.7724362704903
hog,A_MAIN_LAST,v11_hog_a_p_lora_qfixed_lr0.0001_92602__A_MAIN_LAST,92602,test_b,Hog_office_Gustavo,0.32316433340145817,0.452827877412498,-0.07902810857440272,1920,620.4755201307997,869.4295246319962,-151.73396846285323
hog,A_MAIN_LAST,v11_hog_a_p_lora_qfixed_lr0.0001_92602__A_MAIN_LAST,92602,test_b,Hog_office_Joey,30.636917358780448,3.9855699687771144,0.19158727783572735,1920,58822.88132885846,7652.29434005206,367.8475734445965
hog,A_MAIN_LAST,v11_hog_a_p_lora_qfixed_lr0.0001_92602__A_MAIN_LAST,92602,test_b,Hog_office_Josefina,0.7582535944801583,0.6198121632762036,0.3291158820167417,1918,1454.3303942129435,1188.7997291637585,631.2442617081106
hog,A_MAIN_LAST,v11_hog_a_p_lora_qfixed_lr0.0001_92602__A_MAIN_LAST,92602,test_b,Hog_office_Lanell,1.5898933688220802,0.8679924062773959,-0.007761963563522537,1920,3052.595268138394,1666.5454200526,-14.902970041963272
hog,A_MAIN_LAST,v11_hog_a_p_lora_qfixed_lr0.0001_92602__A_MAIN_LAST,92602,combined,Hog_office_Alexis,2.78715136929127,1.1733558415658385,-0.8968762096318339,3840,10702.661258078477,4505.686431612819,-3444.004644986242
hog,A_MAIN_LAST,v11_hog_a_p_lora_qfixed_lr0.0001_92602__A_MAIN_LAST,92602,combined,Hog_office_Almeda,0.6635651182457225,0.6273818449793755,0.07845872082757524,3840,2548.0900540635744,2409.146284720802,301.2814879778889
hog,A_MAIN_LAST,v11_hog_a_p_lora_qfixed_lr0.0001_92602__A_MAIN_LAST,92602,combined,Hog_office_Bessie,0.3321267639142686,0.4452629809748335,-0.17430241092937043,3840,1275.3667734307915,1709.8098469433608,-669.3212579687824
hog,A_MAIN_LAST,v11_hog_a_p_lora_qfixed_lr0.0001_92602__A_MAIN_LAST,92602,combined,Hog_office_Betsy,21.920608925002174,3.4621011413944265,-0.8534951036175092,3840,84175.13827200835,13294.468382954597,-3277.4211978912354
hog,A_MAIN_LAST,v11_hog_a_p_lora_qfixed_lr0.0001_92602__A_MAIN_LAST,92602,combined,Hog_office_Bill,0.4872640414901286,0.5105643125755402,0.084871870050362,3840,1871.0939193220938,1960.5669602900743,325.9079809933901
hog,A_MAIN_LAST,v11_hog_a_p_lora_qfixed_lr0.0001_92602__A_MAIN_LAST,92602,combined,Hog_office_Buford,0.9098755462905505,0.6784419927784863,-0.29836727322156853,3840,3493.922097755714,2605.2172522693872,-1145.730329170823
hog,A_MAIN_LAST,v11_hog_a_p_lora_qfixed_lr0.0001_92602__A_MAIN_LAST,92602,combined,Hog_office_Byron,0.13750091717007734,0.25129189568384996,0.04437265919841593,3840,528.003521933097,964.9608794259839,170.39101132191718
hog,A_MAIN_LAST,v11_hog_a_p_lora_qfixed_lr0.0001_92602__A_MAIN_LAST,92602,combined,Hog_office_Candi,0.27667734668149996,0.37750542597905223,-0.0693919125102487,3840,1062.4410112569599,1449.6208357595606,-266.46494403935503
hog,A_MAIN_LAST,v11_hog_a_p_lora_qfixed_lr0.0001_92602__A_MAIN_LAST,92602,combined,Hog_office_Carri,0.8024908381154312,0.6266139657529228,-0.14254748925536653,3746,3006.1306795804053,2347.2959157104488,-533.982894750603
hog,A_MAIN_LAST,v11_hog_a_p_lora_qfixed_lr0.0001_92602__A_MAIN_LAST,92602,combined,Hog_office_Catalina,0.7739582911866859,0.594117993148393,-0.1138275439220403,3840,2971.999838156874,2281.413093689829,-437.09776866063476
hog,A_MAIN_LAST,v11_hog_a_p_lora_qfixed_lr0.0001_92602__A_MAIN_LAST,92602,combined,Hog_office_Catharine,12.63262597657841,2.346679392049137,-0.022439128416485984,3568,45073.20948443177,8372.952070831321,-80.06281019002199
hog,A_MAIN_LAST,v11_hog_a_p_lora_qfixed_lr0.0001_92602__A_MAIN_LAST,92602,combined,Hog_office_Charla,0.4572649176851279,0.5442534521912611,0.2209288576061719,3840,1755.897283910891,2089.9332564144424,848.3668132077
hog,A_MAIN_LAST,v11_hog_a_p_lora_qfixed_lr0.0001_92602__A_MAIN_LAST,92602,combined,Hog_office_Clemencia,1.6431124945490685,0.6119333171472926,0.1963137544856915,3830,6293.1208541229325,2343.7046046741307,751.8816796801984
hog,A_MAIN_LAST,v11_hog_a_p_lora_qfixed_lr0.0001_92602__A_MAIN_LAST,92602,combined,Hog_office_Cordelia,1.2948021480906868,0.8454706931112772,-0.6798734344183838,3840,4972.040248668238,3246.6074615473044,-2610.7139881665935
hog,A_MAIN_LAST,v11_hog_a_p_lora_qfixed_lr0.0001_92602__A_MAIN_LAST,92602,combined,Hog_office_Corey,1.1670159428651194,0.8672333503101375,0.44673514841191114,3840,4481.3412206020585,3330.176065190928,1715.4629699017387
hog,A_MAIN_LAST,v11_hog_a_p_lora_qfixed_lr0.0001_92602__A_MAIN_LAST,92602,combined,Hog_office_Corie,0.7181554106735943,0.6754154498075436,0.06834860313601245,3838,2756.280466165255,2592.2444963613525,262.32193883601576
hog,A_MAIN_LAST,v11_hog_a_p_lora_qfixed_lr0.0001_92602__A_MAIN_LAST,92602,combined,Hog_office_Cornell,2.3734715539859343,1.1108366368237985,-0.17182302544130246,3587,8513.642464147546,3984.5710162869655,-616.329192257952
hog,A_MAIN_LAST,v11_hog_a_p_lora_qfixed_lr0.0001_92602__A_MAIN_LAST,92602,combined,Hog_office_Cortney,0.16331533040228863,0.27474976106279125,0.07789422458116253,3840,627.1308687447884,1055.0390824811184,299.11382239166414
hog,A_MAIN_LAST,v11_hog_a_p_lora_qfixed_lr0.0001_92602__A_MAIN_LAST,92602,combined,Hog_office_Darline,8.009417592658963,0.9989271360014104,-0.08137039406697177,3838,30740.144720625096,3833.882347973413,-312.29957242903765
hog,A_MAIN_LAST,v11_hog_a_p_lora_qfixed_lr0.0001_92602__A_MAIN_LAST,92602,combined,Hog_office_Denita,0.3851935370317721,0.4739512913915557,0.11950844097692273,3840,1479.143182202005,1819.9729589435738,458.9124133513833
hog,A_MAIN_LAST,v11_hog_a_p_lora_qfixed_lr0.0001_92602__A_MAIN_LAST,92602,combined,Hog_office_Elizbeth,0.2998362149115872,0.34957974365681976,0.1090919099225783,3836,1150.1717204008485,1340.9878966675606,418.4765664630104
hog,A_MAIN_LAST,v11_hog_a_p_lora_qfixed_lr0.0001_92602__A_MAIN_LAST,92602,combined,Hog_office_Elke,0.1949038380159209,0.31153272265794535,0.12020971159993779,3838,748.0409303051044,1195.6625895611942,461.36487312056124
hog,A_MAIN_LAST,v11_hog_a_p_lora_qfixed_lr0.0001_92602__A_MAIN_LAST,92602,combined,Hog_office_Elnora,1.0602190277179226,0.7900061090146967,-0.028445797528062637,3840,4071.2410664368226,3033.6234586164355,-109.23186250776052
hog,A_MAIN_LAST,v11_hog_a_p_lora_qfixed_lr0.0001_92602__A_MAIN_LAST,92602,combined,Hog_office_Eloise,0.2311264115844406,0.37407713955060445,0.03854422151174883,3840,887.525420484252,1436.456215874321,148.0098106051155
hog,A_MAIN_LAST,v11_hog_a_p_lora_qfixed_lr0.0001_92602__A_MAIN_LAST,92602,combined,Hog_office_Elsy,0.7081187546094264,0.6086709138968298,0.0249890236811975,3830,2712.094830154103,2331.209600224858,95.70796069898643
hog,A_MAIN_LAST,v11_hog_a_p_lora_qfixed_lr0.0001_92602__A_MAIN_LAST,92602,combined,Hog_office_Emmanuel,1.5586879170148646,0.6700030293968328,0.053142079446375695,3837,5980.685537586036,2570.801623795647,203.90615883574355
hog,A_MAIN_LAST,v11_hog_a_p_lora_qfixed_lr0.0001_92602__A_MAIN_LAST,92602,combined,Hog_office_Garrett,3.3099137785153716,1.4229043483923305,-0.2139174149671817,3840,12710.068909499027,5463.952697826549,-821.4428734739777
hog,A_MAIN_LAST,v11_hog_a_p_lora_qfixed_lr0.0001_92602__A_MAIN_LAST,92602,combined,Hog_office_Guadalupe,0.7678876630299233,0.6899323069209156,0.18765383708911637,3840,2948.6886260349056,2649.3400585763156,720.5907344222069
hog,A_MAIN_LAST,v11_hog_a_p_lora_qfixed_lr0.0001_92602__A_MAIN_LAST,92602,combined,Hog_office_Gustavo,0.24384893727575846,0.3772921747742203,-0.0868325386877738,3840,936.3799191389124,1448.8019511330058,-333.4369485610514
hog,A_MAIN_LAST,v11_hog_a_p_lora_qfixed_lr0.0001_92602__A_MAIN_LAST,92602,combined,Hog_office_Joey,31.05432957739214,3.9823852498546266,0.03300136338846665,3838,119186.51691803103,15284.394588942057,126.65923268493498
hog,A_MAIN_LAST,v11_hog_a_p_lora_qfixed_lr0.0001_92602__A_MAIN_LAST,92602,combined,Hog_office_Josefina,0.5452736433734282,0.5252316853500696,0.16957201455973528,3838,2092.7602432672174,2015.839208373567,650.817391880264
hog,A_MAIN_LAST,v11_hog_a_p_lora_qfixed_lr0.0001_92602__A_MAIN_LAST,92602,combined,Hog_office_Lanell,1.4129147512949631,0.8291282458509461,-0.17228216058517015,3840,5425.5926449726585,3183.8524640676333,-661.5634966470534
hog,full_lora_mse,v11_hog_full_lora_mse_lr0.0001_92601,92601,test_a,Hog_office_Alexis,0.5723617427097173,0.42047906677859526,-0.08045925654005259,1920,1098.9345460026573,807.3198082149029,-154.48177255690098
hog,full_lora_mse,v11_hog_full_lora_mse_lr0.0001_92601,92601,test_a,Hog_office_Almeda,0.24837789664341964,0.31051989450485656,0.07859802690109063,1920,476.8855615553657,596.1981974493247,150.90821165009402
hog,full_lora_mse,v11_hog_full_lora_mse_lr0.0001_92601,92601,test_a,Hog_office_Bessie,0.1244063795156963,0.23613849336121953,-0.04534949590182199,1920,238.8602486701369,453.3859072535415,-87.07103213149821
hog,full_lora_mse,v11_hog_full_lora_mse_lr0.0001_92601,92601,test_a,Hog_office_Betsy,18.326358683312336,3.242908923040765,-0.9851237338967621,1920,35186.608671959686,6226.385132238269,-1891.4375690817833
hog,full_lora_mse,v11_hog_full_lora_mse_lr0.0001_92601,92601,test_a,Hog_office_Bill,0.25376558478296835,0.34629184373964866,-0.0906315853819251,1920,487.22992278329923,664.8803399801254,-174.0126439332962
hog,full_lora_mse,v11_hog_full_lora_mse_lr0.0001_92601,92601,test_a,Hog_office_Buford,0.49504607791285016,0.444098381504106,-0.2616858820818985,1920,950.4884695926723,852.6688924878836,-502.4368935972452
hog,full_lora_mse,v11_hog_full_lora_mse_lr0.0001_92601,92601,test_a,Hog_office_Byron,0.09497655720651595,0.17970243763520558,-0.0059303985014897385,1920,182.3549898365106,345.0286802595947,-11.386365122860298
hog,full_lora_mse,v11_hog_full_lora_mse_lr0.0001_92601,92601,test_a,Hog_office_Candi,0.04711990580072856,0.11047820423506588,0.0012376114624203182,1920,90.47021913739884,212.1181521313265,2.376214007847011
hog,full_lora_mse,v11_hog_full_lora_mse_lr0.0001_92601,92601,test_a,Hog_office_Carri,0.4468385607606436,0.4602211314087375,-0.1570927476489487,1920,857.9300366604357,883.6245723047759,-301.61807548598154
hog,full_lora_mse,v11_hog_full_lora_mse_lr0.0001_92601,92601,test_a,Hog_office_Catalina,0.7889499456011524,0.32826807708479466,-0.0053800734536101425,1920,1514.7838955542127,630.2747080028057,-10.329741030931473
hog,full_lora_mse,v11_hog_full_lora_mse_lr0.0001_92601,92601,test_a,Hog_office_Catharine,6.656763063662317,1.5000078016651965,-0.8815444577546627,1823,12135.279065056404,2734.514222435653,-1607.0555464867502
hog,full_lora_mse,v11_hog_full_lora_mse_lr0.0001_92601,92601,test_a,Hog_office_Charla,0.14688922594777307,0.24840969712628672,-0.054948260698339864,1920,282.02731381972427,476.9466184824705,-105.50066054081253
hog,full_lora_mse,v11_hog_full_lora_mse_lr0.0001_92601,92601,test_a,Hog_office_Clemencia,2.2764904534073924,0.6711687552344908,-0.02268901084413907,1920,4370.861670542194,1288.6440100502223,-43.56290082074702
hog,full_lora_mse,v11_hog_full_lora_mse_lr0.0001_92601,92601,test_a,Hog_office_Cordelia,0.24736895645697696,0.3419734400883802,-0.059153332704105804,1920,474.94839639739575,656.58900496969,-113.57439879188314
hog,full_lora_mse,v11_hog_full_lora_mse_lr0.0001_92601,92601,test_a,Hog_office_Corey,0.5242688570104065,0.41777938259522973,0.014696241770798224,1920,1006.5962054599805,802.1364145828411,28.21678419993259
hog,full_lora_mse,v11_hog_full_lora_mse_lr0.0001_92601,92601,test_a,Hog_office_Corie,0.07440196140258191,0.15110547317685297,-0.0029200121291308072,1918,142.7029619701521,289.820297553204,-5.600583263672888
hog,full_lora_mse,v11_hog_full_lora_mse_lr0.0001_92601,92601,test_a,Hog_office_Cornell,0.8467320965987108,0.6593470458145372,-0.1769904008135689,1903,1611.3311798273467,1254.7374281850643,-336.8127327482216
hog,full_lora_mse,v11_hog_full_lora_mse_lr0.0001_92601,92601,test_a,Hog_office_Cortney,0.0526032944042316,0.09191201308224967,0.028110338451339582,1920,100.99832525612467,176.47106511791935,53.971849826572
hog,full_lora_mse,v11_hog_full_lora_mse_lr0.0001_92601,92601,test_a,Hog_office_Darline,2.3930570288343276,0.5425984683208905,-0.046240782878885514,1920,4594.669495361909,1041.7890591761097,-88.78230312746018
hog,full_lora_mse,v11_hog_full_lora_mse_lr0.0001_92601,92601,test_a,Hog_office_Denita,0.048098707540702605,0.13433974308240976,0.0025302240436606855,1920,92.34951847814901,257.93230671822676,4.858030163828516
hog,full_lora_mse,v11_hog_full_lora_mse_lr0.0001_92601,92601,test_a,Hog_office_Elizbeth,0.10271985186916875,0.2051407503851806,-0.030695617157713666,1920,197.222115588804,393.8702407395467,-58.93558494281024
hog,full_lora_mse,v11_hog_full_lora_mse_lr0.0001_92601,92601,test_a,Hog_office_Elke,0.09868254904911741,0.1796987540374109,-0.015403944882928424,1918,189.2731290762072,344.6622102437541,-29.544766285456717
hog,full_lora_mse,v11_hog_full_lora_mse_lr0.0001_92601,92601,test_a,Hog_office_Elnora,0.8320259327065526,0.6649351910882009,-0.38537117034429685,1920,1597.489790796581,1276.6755668893456,-739.9126470610499
hog,full_lora_mse,v11_hog_full_lora_mse_lr0.0001_92601,92601,test_a,Hog_office_Eloise,0.041781226901971724,0.14230145016531423,-0.038251711928251095,1920,80.21995565178571,273.21878431740333,-73.44328690224211
hog,full_lora_mse,v11_hog_full_lora_mse_lr0.0001_92601,92601,test_a,Hog_office_Elsy,0.3800172094192143,0.4212243921308982,-0.09341522747405785,1920,729.6330420848915,808.7508328913245,-179.35723675019108
hog,full_lora_mse,v11_hog_full_lora_mse_lr0.0001_92601,92601,test_a,Hog_office_Emmanuel,2.554994655072778,0.6215281705204688,-0.013229481220817737,1920,4905.589737739734,1193.3340873993002,-25.400603943970054
hog,full_lora_mse,v11_hog_full_lora_mse_lr0.0001_92601,92601,test_a,Hog_office_Garrett,2.363805745211544,1.1374892598853572,0.2199407779826288,1920,4538.507030806165,2183.979378979886,422.2862937266473
hog,full_lora_mse,v11_hog_full_lora_mse_lr0.0001_92601,92601,test_a,Hog_office_Guadalupe,0.08852473755318918,0.18776072569792934,0.004130127307143993,1920,169.96749610212322,360.50059334002435,7.929844429716468
hog,full_lora_mse,v11_hog_full_lora_mse_lr0.0001_92601,92601,test_a,Hog_office_Gustavo,0.0442984320499934,0.1091301900251589,-0.008019888601302228,1920,85.05298953598732,209.5299648483051,-15.398186114500277
hog,full_lora_mse,v11_hog_full_lora_mse_lr0.0001_92601,92601,test_a,Hog_office_Joey,32.946672681333055,3.94716030663429,-1.3781797772421096,1918,63191.7182027968,7570.6534681245685,-2643.348812750366
hog,full_lora_mse,v11_hog_full_lora_mse_lr0.0001_92601,92601,test_a,Hog_office_Josefina,0.05955471109428452,0.1727751383496373,-0.026743189350023993,1920,114.34504530102627,331.72826563130366,-51.346923552046064
hog,full_lora_mse,v11_hog_full_lora_mse_lr0.0001_92601,92601,test_a,Hog_office_Lanell,0.7821218239756319,0.555900283262478,-0.19937771758450254,1920,1501.6739020332132,1067.3285438639577,-382.80521776224487
hog,full_lora_mse,v11_hog_full_lora_mse_lr0.0001_92601,92601,test_b,Hog_office_Alexis,0.5647468589613972,0.40963725103065374,-0.016788786215086778,1920,1084.3139692058826,786.5035219788551,-32.234469532966614
hog,full_lora_mse,v11_hog_full_lora_mse_lr0.0001_92601,92601,test_b,Hog_office_Almeda,0.29987560086849485,0.3323386365674196,0.02442933364512404,1920,575.7611536675101,638.0901822094456,46.90432059863815
hog,full_lora_mse,v11_hog_full_lora_mse_lr0.0001_92601,92601,test_b,Hog_office_Bessie,0.18983541181443306,0.31134576647803747,-0.07077071463957813,1920,364.48399068371145,597.7838716378319,-135.87977210799
hog,full_lora_mse,v11_hog_full_lora_mse_lr0.0001_92601,92601,test_b,Hog_office_Betsy,25.461403074464023,3.838581207829217,-0.158528614602983,1920,48885.89390297092,7370.075919032097,-304.37494003772736
hog,full_lora_mse,v11_hog_full_lora_mse_lr0.0001_92601,92601,test_b,Hog_office_Bill,0.20182222919974407,0.33228908181966593,-0.057374327746219936,1920,387.49868006350863,637.9950370937586,-110.15870927274227
hog,full_lora_mse,v11_hog_full_lora_mse_lr0.0001_92601,92601,test_b,Hog_office_Buford,0.6728116062418061,0.3949129511912664,0.039085562651356064,1920,1291.7982839842678,758.2328662872314,75.04428029060364
hog,full_lora_mse,v11_hog_full_lora_mse_lr0.0001_92601,92601,test_b,Hog_office_Byron,0.08114051010219822,0.1679872485617428,0.029401384397836714,1920,155.78977939622058,322.53551723854616,56.45065804384649
hog,full_lora_mse,v11_hog_full_lora_mse_lr0.0001_92601,92601,test_b,Hog_office_Candi,0.22620776627170522,0.305963997765078,0.06506888934776119,1920,434.318911241674,587.4508757089498,124.93226754770149
hog,full_lora_mse,v11_hog_full_lora_mse_lr0.0001_92601,92601,test_b,Hog_office_Carri,0.9090753031048345,0.6377977315599261,-0.3155762619447439,1826,1659.971503469428,1164.618657828425,-576.2422543111024
hog,full_lora_mse,v11_hog_full_lora_mse_lr0.0001_92601,92601,test_b,Hog_office_Catalina,0.02289780586550531,0.07728223350519935,-0.012430431072910626,1920,43.96378726177019,148.38188832998276,-23.866427659988403
hog,full_lora_mse,v11_hog_full_lora_mse_lr0.0001_92601,92601,test_b,Hog_office_Catharine,9.211965824491706,1.6136321118325636,-0.8294543137875277,1745,16074.880363738028,2815.7880351478234,-1447.3977775592357
hog,full_lora_mse,v11_hog_full_lora_mse_lr0.0001_92601,92601,test_b,Hog_office_Charla,0.07907362590110831,0.1841361143713584,-0.033382986495174315,1920,151.82136173012796,353.54133959300816,-64.09533407073468
hog,full_lora_mse,v11_hog_full_lora_mse_lr0.0001_92601,92601,test_b,Hog_office_Clemencia,1.2698892942137372,0.3838465935701787,0.010854506472135402,1910,2425.488551948238,733.1469937190413,20.732107361778617
hog,full_lora_mse,v11_hog_full_lora_mse_lr0.0001_92601,92601,test_b,Hog_office_Cordelia,0.22032931594436997,0.31739388495228316,-0.023830159713694836,1920,423.03228661319037,609.3962591083837,-45.753906650294084
hog,full_lora_mse,v11_hog_full_lora_mse_lr0.0001_92601,92601,test_b,Hog_office_Corey,0.19830195319888666,0.2338618097943254,0.013416743637693192,1920,380.7397501418624,449.01467480510473,25.76014778437093
hog,full_lora_mse,v11_hog_full_lora_mse_lr0.0001_92601,92601,test_b,Hog_office_Corie,0.030957660195714005,0.12250170214489724,-0.029667755592769633,1920,59.43870757577089,235.2032681182027,-56.962090738117695
hog,full_lora_mse,v11_hog_full_lora_mse_lr0.0001_92601,92601,test_b,Hog_office_Cornell,3.908590279953225,1.4082284285520998,-0.5784566319080826,1684,6582.066031441231,2371.456673681736,-974.1209681332111
hog,full_lora_mse,v11_hog_full_lora_mse_lr0.0001_92601,92601,test_b,Hog_office_Cortney,0.04720043941174389,0.09002264377001362,0.019888497565019255,1920,90.62484367054827,172.84347603842616,38.18591532483697
hog,full_lora_mse,v11_hog_full_lora_mse_lr0.0001_92601,92601,test_b,Hog_office_Darline,13.226906167866062,1.1538241710101702,-0.5324348899182219,1918,25369.206029967107,2213.0347599975066,-1021.2101188631495
hog,full_lora_mse,v11_hog_full_lora_mse_lr0.0001_92601,92601,test_b,Hog_office_Denita,0.05417913592134858,0.14172096867162812,-0.0036986684450918497,1920,104.02394096898927,272.104259849526,-7.101443414576352
hog,full_lora_mse,v11_hog_full_lora_mse_lr0.0001_92601,92601,test_b,Hog_office_Elizbeth,0.31576067078573794,0.27754423393037203,0.02213738651983615,1916,604.9974452254739,531.7747522105929,42.41523257200606
hog,full_lora_mse,v11_hog_full_lora_mse_lr0.0001_92601,92601,test_b,Hog_office_Elke,0.07224967604595019,0.15160367319961854,0.02179195162122293,1920,138.71937800822437,291.0790525432676,41.84054711274803
hog,full_lora_mse,v11_hog_full_lora_mse_lr0.0001_92601,92601,test_b,Hog_office_Elnora,0.7026579602048103,0.630850536422804,0.18789740110126635,1920,1349.1032835932358,1211.2330299317837,360.7630101144314
hog,full_lora_mse,v11_hog_full_lora_mse_lr0.0001_92601,92601,test_b,Hog_office_Eloise,0.05772959600388868,0.17385156474095614,-0.044399220683650736,1920,110.84082432746627,333.7950043026358,-85.24650371260941
hog,full_lora_mse,v11_hog_full_lora_mse_lr0.0001_92601,92601,test_b,Hog_office_Elsy,0.46171078532848236,0.46194446311912535,-0.06735868049073594,1910,881.8675999774014,882.3139245575294,-128.65507973730564
hog,full_lora_mse,v11_hog_full_lora_mse_lr0.0001_92601,92601,test_b,Hog_office_Emmanuel,0.1713699329926087,0.2545423938851001,0.030140441026012463,1917,328.51616154683086,487.9577690777369,57.779225446865894
hog,full_lora_mse,v11_hog_full_lora_mse_lr0.0001_92601,92601,test_b,Hog_office_Garrett,2.710008687964117,1.1492811959217457,0.0065719895355869085,1920,5203.216680891104,2206.619896169752,12.618219908326864
hog,full_lora_mse,v11_hog_full_lora_mse_lr0.0001_92601,92601,test_b,Hog_office_Guadalupe,0.07434865809457332,0.1818978247999136,-0.007886420806365398,1920,142.74942354158077,349.2438236158341,-15.141927948221564
hog,full_lora_mse,v11_hog_full_lora_mse_lr0.0001_92601,92601,test_b,Hog_office_Gustavo,0.09193044194008947,0.1968480580202898,-0.053910939326578956,1920,176.50644852497177,377.9482713989564,-103.5090035070316
hog,full_lora_mse,v11_hog_full_lora_mse_lr0.0001_92601,92601,test_b,Hog_office_Joey,29.853723694321502,4.114345059027922,-0.7662650755139111,1920,57319.149493097284,7899.54251333361,-1471.2289449867094
hog,full_lora_mse,v11_hog_full_lora_mse_lr0.0001_92601,92601,test_b,Hog_office_Josefina,0.05555202512951253,0.1609666845814652,-0.024995112912564288,1918,106.54878419840503,308.7341010272503,-47.940626566298306
hog,full_lora_mse,v11_hog_full_lora_mse_lr0.0001_92601,92601,test_b,Hog_office_Lanell,1.186795666145046,0.7342719330369921,0.06660573048872417,1920,2278.6476789984886,1409.802111431025,127.88300253835041
hog,full_lora_mse,v11_hog_full_lora_mse_lr0.0001_92601,92601,combined,Hog_office_Alexis,0.5685543008355555,0.4150581589046245,-0.04862402137756969,3840,2183.248515208533,1593.823330193758,-186.7162420898676
hog,full_lora_mse,v11_hog_full_lora_mse_lr0.0001_92601,92601,combined,Hog_office_Almeda,0.2741267487559574,0.3214292655361381,0.051513680273107335,3840,1052.6467152228763,1234.2883796587703,197.81253224873217
hog,full_lora_mse,v11_hog_full_lora_mse_lr0.0001_92601,92601,combined,Hog_office_Bessie,0.15712089566506385,0.2737421299196285,-0.05806010527070005,3840,603.3442393538452,1051.1697788913734,-222.9508042394882
hog,full_lora_mse,v11_hog_full_lora_mse_lr0.0001_92601,92601,combined,Hog_office_Betsy,21.893880878888112,3.540745065434991,-0.5718261742498726,3840,84072.50257493035,13596.461051270366,-2195.8125091195107
hog,full_lora_mse,v11_hog_full_lora_mse_lr0.0001_92601,92601,combined,Hog_office_Bill,0.22779390699134675,0.3392904627796573,-0.07400295656407252,3840,874.7286028467715,1302.875377073884,-284.1713532060385
hog,full_lora_mse,v11_hog_full_lora_mse_lr0.0001_92601,92601,combined,Hog_office_Buford,0.5839288420773199,0.4195056663476862,-0.11130015971527124,3840,2242.2867535769083,1610.901758775115,-427.3926133066416
hog,full_lora_mse,v11_hog_full_lora_mse_lr0.0001_92601,92601,combined,Hog_office_Byron,0.0880585336543572,0.17384484309847417,0.011735492948173488,3840,338.1447692327317,667.5641974981409,45.06429292098619
hog,full_lora_mse,v11_hog_full_lora_mse_lr0.0001_92601,92601,combined,Hog_office_Candi,0.13666383603621696,0.20822110100007193,0.033153250405090755,3840,524.7891303790731,799.5690278402762,127.3084815555485
hog,full_lora_mse,v11_hog_full_lora_mse_lr0.0001_92601,92601,combined,Hog_office_Carri,0.6721573785717722,0.5467814282256276,-0.23434605707343406,3746,2517.9015401298584,2048.243230133201,-877.860329797084
hog,full_lora_mse,v11_hog_full_lora_mse_lr0.0001_92601,92601,combined,Hog_office_Catalina,0.40592387573333233,0.20277515529499698,-0.008905252263260385,3840,1558.747682815996,778.6565963327885,-34.196168690919876
hog,full_lora_mse,v11_hog_full_lora_mse_lr0.0001_92601,92601,combined,Hog_office_Catharine,7.906434817487229,1.5555779869908848,-0.8560687567393458,3568,28210.15942879443,5550.302257583477,-3054.453324045986
hog,full_lora_mse,v11_hog_full_lora_mse_lr0.0001_92601,92601,combined,Hog_office_Charla,0.11298142592444033,0.21627290574882257,-0.04416562359675709,3840,433.84867554985084,830.4879580754787,-169.5959946115472
hog,full_lora_mse,v11_hog_full_lora_mse_lr0.0001_92601,92601,combined,Hog_office_Clemencia,1.7745039745405966,0.5278827686081629,-0.005961042678581828,3830,6796.350222490485,2021.7910037692636,-22.8307934589684
hog,full_lora_mse,v11_hog_full_lora_mse_lr0.0001_92601,92601,combined,Hog_office_Cordelia,0.23384913620067013,0.3296836625203317,-0.04149174620890032,3840,897.9806830105733,1265.9852640780737,-159.32830544217722
hog,full_lora_mse,v11_hog_full_lora_mse_lr0.0001_92601,92601,combined,Hog_office_Corey,0.36128540510465007,0.32582059619477755,0.014056492704245709,3840,1387.3359556018563,1251.1510893879458,53.97693198430352
hog,full_lora_mse,v11_hog_full_lora_mse_lr0.0001_92601,92601,combined,Hog_office_Corie,0.0526684912834598,0.13679613488051243,-0.01630085304892928,3838,202.14166954591872,525.0235656714067,-62.56267400179058
hog,full_lora_mse,v11_hog_full_lora_mse_lr0.0001_92601,92601,combined,Hog_office_Cornell,2.284192141418617,1.010926708075495,-0.3654679957851778,3587,8193.397211268579,3626.1941018668003,-1310.9337008814327
hog,full_lora_mse,v11_hog_full_lora_mse_lr0.0001_92601,92601,combined,Hog_office_Cortney,0.04990186690798689,0.09096732842613164,0.023999418008179417,3840,191.62316892666965,349.3145411563455,92.15776515140897
hog,full_lora_mse,v11_hog_full_lora_mse_lr0.0001_92601,92601,combined,Hog_office_Darline,7.807158813269676,0.8480520633594623,-0.28921115737118547,3838,29963.875525329015,3254.8238191736164,-1109.9924219906097
hog,full_lora_mse,v11_hog_full_lora_mse_lr0.0001_92601,92601,combined,Hog_office_Denita,0.05113892173102467,0.13803035587701895,-0.0005842222007155821,3840,196.37345944713474,530.0365665677527,-2.2434132507478353
hog,full_lora_mse,v11_hog_full_lora_mse_lr0.0001_92601,92601,combined,Hog_office_Elizbeth,0.20912918686503623,0.2413047426877319,-0.004306661201982319,3836,802.219560814279,925.6449929501396,-16.520352370804176
hog,full_lora_mse,v11_hog_full_lora_mse_lr0.0001_92601,92601,combined,Hog_office_Elke,0.08545922539980016,0.16564389337858826,0.0032036948481738692,3838,327.99250708443304,635.7412627870217,12.29578082729131
hog,full_lora_mse,v11_hog_full_lora_mse_lr0.0001_92601,92601,combined,Hog_office_Elnora,0.767341946455672,0.6478928637555025,-0.09873688462151525,3840,2946.5930743897807,2487.9085968211293,-379.14963694661856
hog,full_lora_mse,v11_hog_full_lora_mse_lr0.0001_92601,92601,combined,Hog_office_Eloise,0.04975541145292919,0.1580765074531352,-0.041325466305950916,3840,191.06077997924808,607.0137886200391,-158.68979061485152
hog,full_lora_mse,v11_hog_full_lora_mse_lr0.0001_92601,92601,combined,Hog_office_Elsy,0.4207573477969437,0.4415312682634083,-0.08042097036227068,3830,1611.5006420622942,1691.064757448854,-308.0123164874967
hog,full_lora_mse,v11_hog_full_lora_mse_lr0.0001_92601,92601,combined,Hog_office_Emmanuel,1.364114125433051,0.4381787481045184,0.008438525280921512,3837,5234.105899286617,1681.291856477037,32.37862150289584
hog,full_lora_mse,v11_hog_full_lora_mse_lr0.0001_92601,92601,combined,Hog_office_Garrett,2.5369072165878355,1.1433852279035515,0.11325638375910785,3840,9741.723711697288,4390.599275149638,434.90451363497414
hog,full_lora_mse,v11_hog_full_lora_mse_lr0.0001_92601,92601,combined,Hog_office_Guadalupe,0.0814366978238791,0.18482927524892148,-0.001878146749610702,3840,312.71691964369575,709.7444169558585,-7.212083518505096
hog,full_lora_mse,v11_hog_full_lora_mse_lr0.0001_92601,92601,combined,Hog_office_Gustavo,0.06811443699504102,0.15298912402272435,-0.03096541396394059,3840,261.5594380609575,587.4782362472615,-118.90718962153187
hog,full_lora_mse,v11_hog_full_lora_mse_lr0.0001_92601,92601,combined,Hog_office_Joey,31.399392312635403,4.030796243214741,-1.072062990551609,3838,120510.86769589467,15470.195981458179,-4114.577757737075
hog,full_lora_mse,v11_hog_full_lora_mse_lr0.0001_92601,92601,combined,Hog_office_Josefina,0.05755441102121689,0.1668739881861787,-0.025869606596754656,3838,220.8938294994304,640.462366658554,-99.28755011834437
hog,full_lora_mse,v11_hog_full_lora_mse_lr0.0001_92601,92601,combined,Hog_office_Lanell,0.9844587450603374,0.6450861081497351,-0.06638599354788918,3840,3780.3215810316956,2477.1306552949827,-254.92221522389445
hog,full_lora_mse,v11_hog_full_lora_mse_lr0.0001_92602,92602,test_a,Hog_office_Alexis,0.5631332123874767,0.4182265607717757,-0.07984952665089319,1920,1081.2157677839552,802.9949966818094,-153.31109116971493
hog,full_lora_mse,v11_hog_full_lora_mse_lr0.0001_92602,92602,test_a,Hog_office_Almeda,0.23709152245171347,0.29953850666339954,0.08423196945113887,1920,455.2157231072899,575.1139327937271,161.72538134618662
hog,full_lora_mse,v11_hog_full_lora_mse_lr0.0001_92602,92602,test_a,Hog_office_Bessie,0.122073075240094,0.2335898913813253,-0.048267911124488215,1920,234.38030446098048,448.49259145214455,-92.67438935901737
hog,full_lora_mse,v11_hog_full_lora_mse_lr0.0001_92602,92602,test_a,Hog_office_Betsy,18.708036174216303,3.2903870871523395,-1.1350740149927636,1920,35919.4294544953,6317.543207332492,-2179.342108786106
hog,full_lora_mse,v11_hog_full_lora_mse_lr0.0001_92602,92602,test_a,Hog_office_Bill,0.2557660292631005,0.3459882470158239,-0.08883446948602795,1920,491.07077618515297,664.2974342703819,-170.56218141317368
hog,full_lora_mse,v11_hog_full_lora_mse_lr0.0001_92602,92602,test_a,Hog_office_Buford,0.5087896291138032,0.4515522770350799,-0.2696100898087025,1920,976.8760878985022,866.9803719073534,-517.6513724327087
hog,full_lora_mse,v11_hog_full_lora_mse_lr0.0001_92602,92602,test_a,Hog_office_Byron,0.09135051016406279,0.1763203295626833,-0.009775304620658669,1920,175.39297951500055,338.5350327603519,-18.768584871664643
hog,full_lora_mse,v11_hog_full_lora_mse_lr0.0001_92602,92602,test_a,Hog_office_Candi,0.04522955998983391,0.10803274558323513,-0.0008806422105408273,1920,86.84075518048111,207.42287151981145,-1.6908330442383885
hog,full_lora_mse,v11_hog_full_lora_mse_lr0.0001_92602,92602,test_a,Hog_office_Carri,0.4475796973050697,0.4637003071866881,-0.16150730298622876,1920,859.3530188257338,890.3045897984412,-310.0940217335592
hog,full_lora_mse,v11_hog_full_lora_mse_lr0.0001_92602,92602,test_a,Hog_office_Catalina,0.7960799349260556,0.32513827122747896,-0.009802880013982456,1920,1528.4734750580267,624.2654807567596,-18.821529626846313
hog,full_lora_mse,v11_hog_full_lora_mse_lr0.0001_92602,92602,test_a,Hog_office_Catharine,6.719350253767123,1.4955525123261353,-0.9132058966488006,1823,12249.375512617466,2726.3922299705446,-1664.7743495907634
hog,full_lora_mse,v11_hog_full_lora_mse_lr0.0001_92602,92602,test_a,Hog_office_Charla,0.15008787167718715,0.2488584238725404,-0.061377157458287,1920,288.16871362019936,477.80817383527756,-117.84414231991104
hog,full_lora_mse,v11_hog_full_lora_mse_lr0.0001_92602,92602,test_a,Hog_office_Clemencia,2.2213886182886147,0.6412341938732424,-0.04683078184898477,1920,4265.06614711414,1231.1696522366256,-89.91510115005076
hog,full_lora_mse,v11_hog_full_lora_mse_lr0.0001_92602,92602,test_a,Hog_office_Cordelia,0.2465922360828268,0.3414228004667772,-0.0685548401469229,1920,473.45709327902745,655.5317768962122,-131.62529308209196
hog,full_lora_mse,v11_hog_full_lora_mse_lr0.0001_92602,92602,test_a,Hog_office_Corey,0.491915685562399,0.39289579192457796,0.010872412177195655,1920,944.478116279806,754.3599204951897,20.87503138021566
hog,full_lora_mse,v11_hog_full_lora_mse_lr0.0001_92602,92602,test_a,Hog_office_Corie,0.07591844433892525,0.15288759889158812,-0.00594392824069256,1918,145.61157624205862,293.238414674066,-11.40045436564833
hog,full_lora_mse,v11_hog_full_lora_mse_lr0.0001_92602,92602,test_a,Hog_office_Cornell,0.8484114435263872,0.6600052560229369,-0.1937432656012264,1903,1614.5269770307148,1255.990002211649,-368.69343443913385
hog,full_lora_mse,v11_hog_full_lora_mse_lr0.0001_92602,92602,test_a,Hog_office_Cortney,0.05085908866877318,0.08981913531069949,0.024033673370255807,1920,97.6494502440445,172.45273979654303,46.14465287089115
hog,full_lora_mse,v11_hog_full_lora_mse_lr0.0001_92602,92602,test_a,Hog_office_Darline,2.405085311560372,0.5451582818597671,-0.034285077500680924,1920,4617.763798195914,1046.703901170753,-65.82734880130738
hog,full_lora_mse,v11_hog_full_lora_mse_lr0.0001_92602,92602,test_a,Hog_office_Denita,0.0473216066245935,0.13315006099299656,-0.00396717158090117,1920,90.85748471921951,255.6481171065534,-7.6169694353302475
hog,full_lora_mse,v11_hog_full_lora_mse_lr0.0001_92602,92602,test_a,Hog_office_Elizbeth,0.10213872388599336,0.20488028382436216,-0.03585533057048451,1920,196.10634986110725,393.37014494277537,-68.84223469533026
hog,full_lora_mse,v11_hog_full_lora_mse_lr0.0001_92602,92602,test_a,Hog_office_Elke,0.0981147426327799,0.18010561018881152,-0.016815373747356088,1918,188.18407636967186,345.4425603421405,-32.25188684742898
hog,full_lora_mse,v11_hog_full_lora_mse_lr0.0001_92602,92602,test_a,Hog_office_Elnora,0.8574176529411747,0.6684043837245554,-0.38065339020686223,1920,1646.2418936470553,1283.3364167511463,-730.8545091971755
hog,full_lora_mse,v11_hog_full_lora_mse_lr0.0001_92602,92602,test_a,Hog_office_Eloise,0.04106841598436654,0.14208652661765578,-0.045544174175286875,1920,78.85135868998375,272.8061311058991,-87.4448144165508
hog,full_lora_mse,v11_hog_full_lora_mse_lr0.0001_92602,92602,test_a,Hog_office_Elsy,0.3773397542793439,0.4195455919554661,-0.08689046864928969,1920,724.4923282163403,805.5275365544949,-166.8296998066362
hog,full_lora_mse,v11_hog_full_lora_mse_lr0.0001_92602,92602,test_a,Hog_office_Emmanuel,2.539572886542415,0.6167829151874078,-0.005173546196844351,1920,4875.979942161437,1184.223197159823,-9.933208697941154
hog,full_lora_mse,v11_hog_full_lora_mse_lr0.0001_92602,92602,test_a,Hog_office_Garrett,2.380141269225718,1.1531356986671502,0.1591355916637743,1920,4569.871236913378,2214.0205414409284,305.54033599444665
hog,full_lora_mse,v11_hog_full_lora_mse_lr0.0001_92602,92602,test_a,Hog_office_Guadalupe,0.0872704228879253,0.18606732050830033,0.002417791024587738,1920,167.55921194481658,357.2492553759366,4.642158767208457
hog,full_lora_mse,v11_hog_full_lora_mse_lr0.0001_92602,92602,test_a,Hog_office_Gustavo,0.04314751951631393,0.1096828287789928,-0.012809951861891022,1920,82.84323747132275,210.59103125566617,-24.595107574830763
hog,full_lora_mse,v11_hog_full_lora_mse_lr0.0001_92602,92602,test_a,Hog_office_Joey,33.59648509455127,3.9092373712264132,-1.7046180638722646,1918,64438.05841134933,7497.917278012261,-3269.4574465070036
hog,full_lora_mse,v11_hog_full_lora_mse_lr0.0001_92602,92602,test_a,Hog_office_Josefina,0.05944984145326845,0.17066994028540042,-0.03085455612432876,1920,114.14369559027541,327.6862853479688,-59.24074775871122
hog,full_lora_mse,v11_hog_full_lora_mse_lr0.0001_92602,92602,test_a,Hog_office_Lanell,0.7684339406002766,0.549767570315574,-0.2047814392985553,1920,1475.393165952531,1055.5537350059021,-393.18036345322616
hog,full_lora_mse,v11_hog_full_lora_mse_lr0.0001_92602,92602,test_b,Hog_office_Alexis,0.5026530612115409,0.3934745502813409,0.004042070622866352,1920,965.0938775261585,755.4711365401745,7.760775595903397
hog,full_lora_mse,v11_hog_full_lora_mse_lr0.0001_92602,92602,test_b,Hog_office_Almeda,0.2862595867171097,0.3219848745109933,0.017428531769868034,1920,549.6184064968506,618.2109590611071,33.46278099814663
hog,full_lora_mse,v11_hog_full_lora_mse_lr0.0001_92602,92602,test_b,Hog_office_Bessie,0.1842858720795362,0.30665178574960616,-0.07791284350093217,1920,353.8288743927095,588.7714286392438,-149.59265952178976
hog,full_lora_mse,v11_hog_full_lora_mse_lr0.0001_92602,92602,test_b,Hog_office_Betsy,25.827436519924518,3.8317958359296123,-0.4270885867998004,1920,49588.67811825508,7357.048004984856,-820.0100866556168
hog,full_lora_mse,v11_hog_full_lora_mse_lr0.0001_92602,92602,test_b,Hog_office_Bill,0.2013927123138076,0.32969194372029353,-0.05682205612926434,1920,386.67400764251056,633.0085319429636,-109.09834776818752
hog,full_lora_mse,v11_hog_full_lora_mse_lr0.0001_92602,92602,test_b,Hog_office_Buford,0.65674714183454,0.3831879500299692,0.030244536759952704,1920,1260.9545123223168,735.7208640575409,58.06951057910919
hog,full_lora_mse,v11_hog_full_lora_mse_lr0.0001_92602,92602,test_b,Hog_office_Byron,0.07806741627162979,0.16445085230928574,0.026940727314407317,1920,149.8894392415292,315.7456364338286,51.72619644366205
hog,full_lora_mse,v11_hog_full_lora_mse_lr0.0001_92602,92602,test_b,Hog_office_Candi,0.2174839302126415,0.2919648495663447,0.06162614715291662,1920,417.5691460082717,560.5725111673819,118.32220253359992
hog,full_lora_mse,v11_hog_full_lora_mse_lr0.0001_92602,92602,test_b,Hog_office_Carri,0.9030216041922251,0.6346159532982045,-0.31801990176945555,1826,1648.917449255003,1158.8087307225214,-580.7043406310258
hog,full_lora_mse,v11_hog_full_lora_mse_lr0.0001_92602,92602,test_b,Hog_office_Catalina,0.02293860456299334,0.07800346057241161,-0.013744756175825993,1920,44.04212076094721,149.7666442990303,-26.389931857585907
hog,full_lora_mse,v11_hog_full_lora_mse_lr0.0001_92602,92602,test_b,Hog_office_Catharine,9.228428009806084,1.5981622853265665,-0.8757668897392159,1745,16103.606877111615,2788.7931878948584,-1528.2132225949317
hog,full_lora_mse,v11_hog_full_lora_mse_lr0.0001_92602,92602,test_b,Hog_office_Charla,0.0774705471944775,0.18225688523089048,-0.038868357064105415,1920,148.74345061339682,349.9332196433097,-74.6272455630824
hog,full_lora_mse,v11_hog_full_lora_mse_lr0.0001_92602,92602,test_b,Hog_office_Clemencia,1.2627728844080537,0.3771732926563755,0.019027289212803253,1910,2411.8962092193824,720.4009889736772,36.342122396454215
hog,full_lora_mse,v11_hog_full_lora_mse_lr0.0001_92602,92602,test_b,Hog_office_Cordelia,0.22046526622782814,0.32048240706490105,-0.031116851581130808,1920,423.29331115743,615.32622156461,-59.74435503577115
hog,full_lora_mse,v11_hog_full_lora_mse_lr0.0001_92602,92602,test_b,Hog_office_Corey,0.1939178539027682,0.22673913327113648,0.021817073678297067,1920,372.3222794933149,435.33913588058203,41.88878146233037
hog,full_lora_mse,v11_hog_full_lora_mse_lr0.0001_92602,92602,test_b,Hog_office_Corie,0.030603947010053704,0.12144272966543213,-0.029411133436951786,1920,58.75957825930311,233.17004095762968,-56.46937619894743
hog,full_lora_mse,v11_hog_full_lora_mse_lr0.0001_92602,92602,test_b,Hog_office_Cornell,3.9241854138176833,1.4118735166952332,-0.5700297796138675,1684,6608.328236868979,2377.595002114773,-959.9301488697529
hog,full_lora_mse,v11_hog_full_lora_mse_lr0.0001_92602,92602,test_b,Hog_office_Cortney,0.04577387566506326,0.08793779798434116,0.018696917836011077,1920,87.88584127692145,168.84057212993503,35.89808224514127
hog,full_lora_mse,v11_hog_full_lora_mse_lr0.0001_92602,92602,test_b,Hog_office_Darline,12.873263004217907,1.0662496280741716,-0.5022951400737673,1918,24690.918442089947,2045.0667866462609,-963.4020786614856
hog,full_lora_mse,v11_hog_full_lora_mse_lr0.0001_92602,92602,test_b,Hog_office_Denita,0.053653071248354244,0.14099303115751052,-0.007609104124033668,1920,103.01389679684014,270.7066198224202,-14.609479918144643
hog,full_lora_mse,v11_hog_full_lora_mse_lr0.0001_92602,92602,test_b,Hog_office_Elizbeth,0.31378736643416577,0.27675239602577756,0.021956064154676866,1916,601.2165940878616,530.2575907853898,42.06781892036088
hog,full_lora_mse,v11_hog_full_lora_mse_lr0.0001_92602,92602,test_b,Hog_office_Elke,0.07158223489493892,0.15158829901386828,0.021226752806493703,1920,137.43789099828274,291.0495341066271,40.75536538846791
hog,full_lora_mse,v11_hog_full_lora_mse_lr0.0001_92602,92602,test_b,Hog_office_Elnora,0.6941592060253543,0.6234701730000476,0.1530472830403596,1920,1332.7856755686803,1197.0627321600914,293.85078343749046
hog,full_lora_mse,v11_hog_full_lora_mse_lr0.0001_92602,92602,test_b,Hog_office_Eloise,0.05623270690463375,0.17267176460445627,-0.04696651491540251,1920,107.9667972568968,331.529788040556,-90.17570863757282
hog,full_lora_mse,v11_hog_full_lora_mse_lr0.0001_92602,92602,test_b,Hog_office_Elsy,0.4518826133773119,0.45614385274068225,-0.05160974006300197,1910,863.0957915506657,871.2347587347031,-98.57460352033377
hog,full_lora_mse,v11_hog_full_lora_mse_lr0.0001_92602,92602,test_b,Hog_office_Emmanuel,0.16994563146050234,0.25203474553352456,0.029713894435676784,1917,325.785775509783,483.1506071877666,56.9615356331924
hog,full_lora_mse,v11_hog_full_lora_mse_lr0.0001_92602,92602,test_b,Hog_office_Garrett,2.7552736299378564,1.1452762442155897,-0.05016778637849105,1920,5290.125369480685,2198.930388893932,-96.32214984670281
hog,full_lora_mse,v11_hog_full_lora_mse_lr0.0001_92602,92602,test_b,Hog_office_Guadalupe,0.07442914089658129,0.18213947221035293,-0.0055496381702444825,1920,142.90395052143606,349.7077866438776,-10.655305286869407
hog,full_lora_mse,v11_hog_full_lora_mse_lr0.0001_92602,92602,test_b,Hog_office_Gustavo,0.08982605551031714,0.19470468484193285,-0.05590473730023102,1920,172.4660265798089,373.8329948965111,-107.33709561644355
hog,full_lora_mse,v11_hog_full_lora_mse_lr0.0001_92602,92602,test_b,Hog_office_Joey,30.19878898453366,4.089442955244825,-0.8851179698945998,1920,57981.674850304626,7851.730474070064,-1699.4265021976316
hog,full_lora_mse,v11_hog_full_lora_mse_lr0.0001_92602,92602,test_b,Hog_office_Josefina,0.05481473666159809,0.15823007619631893,-0.026935236422176063,1918,105.13466491694514,303.4852861445397,-51.66178345773369
hog,full_lora_mse,v11_hog_full_lora_mse_lr0.0001_92602,92602,test_b,Hog_office_Lanell,1.2586294442773382,0.7420814430064638,0.050618088713054024,1920,2416.5685330124893,1424.7963705724105,97.18673032906372
hog,full_lora_mse,v11_hog_full_lora_mse_lr0.0001_92602,92602,combined,Hog_office_Alexis,0.5328931367995109,0.4058505555265583,-0.03790372801401342,3840,2046.3096453101218,1558.466133221984,-145.55031557381153
hog,full_lora_mse,v11_hog_full_lora_mse_lr0.0001_92602,92602,combined,Hog_office_Almeda,0.261675554584411,0.31076169058719644,0.050830250610503454,3840,1004.8341296041383,1193.3248918548343,195.18816234433325
hog,full_lora_mse,v11_hog_full_lora_mse_lr0.0001_92602,92602,combined,Hog_office_Bessie,0.15317947365981432,0.2701208385654657,-0.0630903773127102,3840,588.209178853687,1037.2640200913884,-242.26704888080712
hog,full_lora_mse,v11_hog_full_lora_mse_lr0.0001_92602,92602,combined,Hog_office_Betsy,22.26773634707038,3.561091461540976,-0.781081300896282,3840,85508.10757275026,13674.591212317348,-2999.352195441723
hog,full_lora_mse,v11_hog_full_lora_mse_lr0.0001_92602,92602,combined,Hog_office_Bill,0.2285793707884452,0.33784009536805876,-0.07282826280764615,3840,877.7447838276296,1297.3059662133455,-279.6605291813612
hog,full_lora_mse,v11_hog_full_lora_mse_lr0.0001_92602,92602,combined,Hog_office_Buford,0.5827683854741631,0.41737011353252457,-0.11968277652437488,3840,2237.8306002207864,1602.7012359648943,-459.58186185359955
hog,full_lora_mse,v11_hog_full_lora_mse_lr0.0001_92602,92602,combined,Hog_office_Byron,0.08470896321784631,0.17038559093598452,0.008582711346874324,3840,325.2824187565298,654.2806691941805,32.957611571997404
hog,full_lora_mse,v11_hog_full_lora_mse_lr0.0001_92602,92602,combined,Hog_office_Candi,0.13135674510123807,0.19999879757478994,0.0303727524711879,3840,504.4099011887542,767.9953826871933,116.63136948936153
hog,full_lora_mse,v11_hog_full_lora_mse_lr0.0001_92602,92602,combined,Hog_office_Carri,0.6695863502618105,0.5470137000856814,-0.23779988317260678,3746,2508.270468080742,2049.1133205209626,-890.798362364585
hog,full_lora_mse,v11_hog_full_lora_mse_lr0.0001_92602,92602,combined,Hog_office_Catalina,0.4095092697445271,0.2015708658999453,-0.011773818094904223,3840,1572.5155958189841,774.03212505579,-45.21146148443222
hog,full_lora_mse,v11_hog_full_lora_mse_lr0.0001_92602,92602,combined,Hog_office_Catharine,7.94646367425146,1.5457358233927698,-0.8948956200072016,3568,28352.982389729208,5515.185417865403,-3192.987572185695
hog,full_lora_mse,v11_hog_full_lora_mse_lr0.0001_92602,92602,combined,Hog_office_Charla,0.11377920943583195,0.21555765455171544,-0.05012275726119621,3840,436.9121642335947,827.7413934785873,-192.47138788299344
hog,full_lora_mse,v11_hog_full_lora_mse_lr0.0001_92602,92602,combined,Hog_office_Clemencia,1.743332207919997,0.5095484702898962,-0.0139877229121662,3830,6676.962356333589,1951.5706412103027,-53.572978753596544
hog,full_lora_mse,v11_hog_full_lora_mse_lr0.0001_92602,92602,combined,Hog_office_Cordelia,0.23352875115532423,0.3309526037658391,-0.049835845864026854,3840,896.750404436445,1270.8579984608223,-191.3696481178631
hog,full_lora_mse,v11_hog_full_lora_mse_lr0.0001_92602,92602,combined,Hog_office_Corey,0.3429167697325871,0.30981746259785725,0.01634474292774636,3840,1316.8003957731346,1189.6990563757718,62.76381284254603
hog,full_lora_mse,v11_hog_full_lora_mse_lr0.0001_92602,92602,combined,Hog_office_Corie,0.053249388874767226,0.13715697124327664,-0.017683645274777424,3838,204.3711545013566,526.4084556316957,-67.86983056459576
hog,full_lora_mse,v11_hog_full_lora_mse_lr0.0001_92602,92602,combined,Hog_office_Cornell,2.29240457594081,1.0129871771191585,-0.37039966080537684,3587,8222.855213899686,3633.5850043264218,-1328.6235833088867
hog,full_lora_mse,v11_hog_full_lora_mse_lr0.0001_92602,92602,combined,Hog_office_Cortney,0.04831648216691724,0.08887846664752033,0.021365295603133442,3840,185.5352915209622,341.29331192647805,82.04273511603242
hog,full_lora_mse,v11_hog_full_lora_mse_lr0.0001_92602,92602,combined,Hog_office_Darline,7.636446649370993,0.8055681833811917,-0.26816816765575635,3838,29308.68224028587,3091.770687817014,-1029.229427462793
hog,full_lora_mse,v11_hog_full_lora_mse_lr0.0001_92602,92602,combined,Hog_office_Denita,0.050487338936472954,0.13707154607525354,-0.005788137852467419,3840,193.87138151605615,526.3547369289736,-22.22644935347489
hog,full_lora_mse,v11_hog_full_lora_mse_lr0.0001_92602,92602,combined,Hog_office_Elizbeth,0.2078526965456121,0.24077886749952168,-0.006979774706717775,3836,797.3229439489679,923.6277357281651,-26.774415774969384
hog,full_lora_mse,v11_hog_full_lora_mse_lr0.0001_92602,92602,combined,Hog_office_Elke,0.08484157565605936,0.16583952434829796,0.0022156014958413053,3838,325.62196736795585,636.4920944487676,8.50347854103893
hog,full_lora_mse,v11_hog_full_lora_mse_lr0.0001_92602,92602,combined,Hog_office_Elnora,0.775788429483255,0.6459372783623015,-0.11380305358325131,3840,2979.0275692156993,2480.3991489112377,-437.00372575968504
hog,full_lora_mse,v11_hog_full_lora_mse_lr0.0001_92602,92602,combined,Hog_office_Eloise,0.04865056144449955,0.157379145611056,-0.0462553445453447,3840,186.81815594687828,604.3359191464551,-177.62052305412362
hog,full_lora_mse,v11_hog_full_lora_mse_lr0.0001_92602,92602,combined,Hog_office_Elsy,0.4145138693908638,0.4377969439397384,-0.06929616274855613,3830,1587.5881197670085,1676.762295289198,-265.40430332696997
hog,full_lora_mse,v11_hog_full_lora_mse_lr0.0001_92602,92602,combined,Hog_office_Emmanuel,1.355685618366242,0.4345514215135756,0.01225653555779287,3837,5201.765717671271,1667.3738043475896,47.02832693525124
hog,full_lora_mse,v11_hog_full_lora_mse_lr0.0001_92602,92602,combined,Hog_office_Garrett,2.5677074495817878,1.1492059714413698,0.05448390264264162,3840,9859.996606394065,4412.9509303348605,209.21818614774384
hog,full_lora_mse,v11_hog_full_lora_mse_lr0.0001_92602,92602,combined,Hog_office_Guadalupe,0.08084978189225141,0.18410339635932663,-0.0015659235728283723,3840,310.4631624662454,706.9570420198143,-6.01314651966095
hog,full_lora_mse,v11_hog_full_lora_mse_lr0.0001_92602,92602,combined,Hog_office_Gustavo,0.06648678751331502,0.15219375681046282,-0.03435734458106102,3840,255.30926405112967,584.4240261521772,-131.9322031912743
hog,full_lora_mse,v11_hog_full_lora_mse_lr0.0001_92602,92602,combined,Hog_office_Joey,31.896751761765156,3.9993871162278074,-1.29465449419089,3838,122419.73326165466,15349.647752082325,-4968.883948704635
hog,full_lora_mse,v11_hog_full_lora_mse_lr0.0001_92602,92602,combined,Hog_office_Josefina,0.0571334967449763,0.16445324947694334,-0.02889591746129362,3838,219.27836050721905,631.1715714925085,-110.90253121644491
hog,full_lora_mse,v11_hog_full_lora_mse_lr0.0001_92602,92602,combined,Hog_office_Lanell,1.0135316924388074,0.645924506661019,-0.07708167529275063,3840,3891.96169896502,2480.3501055783127,-295.99363312416244
hog,direct_nlinear,v11_hog_direct_nlinear_lr0.001_92601,92601,test_a,Hog_office_Alexis,0.9240176813183921,0.6529120322472105,-0.2237394073434795,1920,1774.1139481313128,1253.5911019146442,-429.57966209948063
hog,direct_nlinear,v11_hog_direct_nlinear_lr0.001_92601,92601,test_a,Hog_office_Almeda,0.29255392301355904,0.38553485583094393,0.011178309180225672,1920,561.7035321860334,740.2269231954124,21.46235362603329
hog,direct_nlinear,v11_hog_direct_nlinear_lr0.001_92601,92601,test_a,Hog_office_Bessie,0.17251264729239904,0.28842436414473316,-0.08163850225704057,1920,331.22428280140616,553.7747791578877,-156.7459243335179
hog,direct_nlinear,v11_hog_direct_nlinear_lr0.001_92601,92601,test_a,Hog_office_Betsy,19.761436828684015,3.3735012420763573,-1.4243029386736452,1920,37941.95871107331,6477.122384786606,-2734.661642253399
hog,direct_nlinear,v11_hog_direct_nlinear_lr0.001_92601,92601,test_a,Hog_office_Bill,0.31172002527709625,0.3921595262363553,-0.18503253565480313,1920,598.5024485320248,752.9462903738022,-355.262468457222
hog,direct_nlinear,v11_hog_direct_nlinear_lr0.001_92601,92601,test_a,Hog_office_Buford,0.8393348269699145,0.6471747282601428,-0.47564185207205206,1920,1611.5228677822358,1242.575478259474,-913.2323559783399
hog,direct_nlinear,v11_hog_direct_nlinear_lr0.001_92601,92601,test_a,Hog_office_Byron,0.12167661759011225,0.23441016364037448,-0.09049727553259193,1920,233.61910577301552,450.067514189519,-173.7547690225765
hog,direct_nlinear,v11_hog_direct_nlinear_lr0.001_92601,92601,test_a,Hog_office_Candi,0.08154950537652196,0.19239340082228107,-0.02022651861043414,1920,156.57505032292215,369.39532957877964,-38.83491573203355
hog,direct_nlinear,v11_hog_direct_nlinear_lr0.001_92601,92601,test_a,Hog_office_Carri,0.5912661102087353,0.5451247480612135,-0.24590626194340076,1920,1135.2309316007718,1046.6395162775298,-472.14002293132944
hog,direct_nlinear,v11_hog_direct_nlinear_lr0.001_92601,92601,test_a,Hog_office_Catalina,0.8603124267047692,0.5460873004359503,-0.0002155768685042858,1920,1651.7998592731567,1048.4876168370247,-0.41390758752822876
hog,direct_nlinear,v11_hog_direct_nlinear_lr0.001_92601,92601,test_a,Hog_office_Catharine,6.149633979973136,1.6970628762956927,-0.39594960350387953,1823,11210.782745491028,3093.745623487048,-721.8161271875724
hog,direct_nlinear,v11_hog_direct_nlinear_lr0.001_92601,92601,test_a,Hog_office_Charla,0.1423199690186087,0.2815074201227011,-0.05437608806838246,1920,273.2543405157287,540.494246635586,-104.40208909129433
hog,direct_nlinear,v11_hog_direct_nlinear_lr0.001_92601,92601,test_a,Hog_office_Clemencia,2.621547574462256,1.0434104314200037,0.03147396900361248,1920,5033.371342967532,2003.348028326407,60.43002048693597
hog,direct_nlinear,v11_hog_direct_nlinear_lr0.001_92601,92601,test_a,Hog_office_Cordelia,0.35156139520146384,0.4576663370721993,-0.14035287423491052,1920,674.9978787868106,878.7193671786226,-269.4775185310282
hog,direct_nlinear,v11_hog_direct_nlinear_lr0.001_92601,92601,test_a,Hog_office_Corey,0.5751061566998998,0.5137008834157314,0.019098022814796424,1920,1104.2038208638078,986.3056961582042,36.66820380440913
hog,direct_nlinear,v11_hog_direct_nlinear_lr0.001_92601,92601,test_a,Hog_office_Corie,0.09853157331766589,0.21333436896865246,-0.023818644104045703,1918,188.9835576232832,409.1753196818754,-45.68415939155966
hog,direct_nlinear,v11_hog_direct_nlinear_lr0.001_92601,92601,test_a,Hog_office_Cornell,0.8784994210577329,0.6817703255994467,-0.26395655955303965,1903,1671.7843982728657,1297.4089296157472,-502.3093328294344
hog,direct_nlinear,v11_hog_direct_nlinear_lr0.001_92601,92601,test_a,Hog_office_Cortney,0.08744480447655555,0.18475063579920364,-0.015168872593282383,1920,167.89402459498666,354.721220734471,-29.124235379102174
hog,direct_nlinear,v11_hog_direct_nlinear_lr0.001_92601,92601,test_a,Hog_office_Darline,2.4344474692863534,0.6820173728682373,-0.1221232425494236,1920,4674.139141029798,1309.4733559070155,-234.4766256948933
hog,direct_nlinear,v11_hog_direct_nlinear_lr0.001_92601,92601,test_a,Hog_office_Denita,0.07537811347956097,0.18978455551048987,-0.032238631372865714,1920,144.72597788075706,364.3863465801405,-61.898172235902166
hog,direct_nlinear,v11_hog_direct_nlinear_lr0.001_92601,92601,test_a,Hog_office_Elizbeth,0.14671321729048437,0.269087467486194,-0.0677219193331742,1920,281.68937719773,516.6479375734925,-130.02608511969447
hog,direct_nlinear,v11_hog_direct_nlinear_lr0.001_92601,92601,test_a,Hog_office_Elke,0.13637820197112036,0.24197088181147036,-0.049552256279800776,1918,261.5733913806088,464.10015131440014,-95.04122754465789
hog,direct_nlinear,v11_hog_direct_nlinear_lr0.001_92601,92601,test_a,Hog_office_Elnora,0.9979682952028255,0.7752051021709728,-0.4659655289685664,1920,1916.0991267894249,1488.3937961682677,-894.6538156196475
hog,direct_nlinear,v11_hog_direct_nlinear_lr0.001_92601,92601,test_a,Hog_office_Eloise,0.061856948689287934,0.18897775571526837,-0.06175393595620638,1920,118.76534148343283,362.83729097331525,-118.56755703591625
hog,direct_nlinear,v11_hog_direct_nlinear_lr0.001_92601,92601,test_a,Hog_office_Elsy,0.5060928598566804,0.48967919344734884,-0.2039587777620909,1920,971.6982909248264,940.1840514189098,-391.60085330321454
hog,direct_nlinear,v11_hog_direct_nlinear_lr0.001_92601,92601,test_a,Hog_office_Emmanuel,2.077081912136324,0.8591089641910609,-0.0487780878599248,1920,3987.9972713017423,1649.489211246837,-93.65392869105563
hog,direct_nlinear,v11_hog_direct_nlinear_lr0.001_92601,92601,test_a,Hog_office_Garrett,2.962671665381384,1.3178642329168118,0.07635096459622824,1920,5688.329597532257,2530.2993272002786,146.59385202475823
hog,direct_nlinear,v11_hog_direct_nlinear_lr0.001_92601,92601,test_a,Hog_office_Guadalupe,0.12300912685301171,0.23825426064334654,-0.005603954433657539,1920,236.17752355778248,457.44818043522537,-10.759592512622476
hog,direct_nlinear,v11_hog_direct_nlinear_lr0.001_92601,92601,test_a,Hog_office_Gustavo,0.07608248023869033,0.18247056977458367,-0.03680370089950884,1920,146.07836205828542,350.34349396720063,-70.66310572705697
hog,direct_nlinear,v11_hog_direct_nlinear_lr0.001_92601,92601,test_a,Hog_office_Joey,33.250154292447775,4.421738512815987,-0.4605717168546054,1918,63773.795932914836,8480.894467581064,-883.3765529271332
hog,direct_nlinear,v11_hog_direct_nlinear_lr0.001_92601,92601,test_a,Hog_office_Josefina,0.08474861212483775,0.22074038140881386,-0.054575292321563516,1920,162.71733527968848,423.8215323049226,-104.78456125740195
hog,direct_nlinear,v11_hog_direct_nlinear_lr0.001_92601,92601,test_a,Hog_office_Lanell,0.9264112037595508,0.6400781893051317,-0.2837887110274702,1920,1778.7095112183374,1228.9501234658528,-544.8743251727428
hog,direct_nlinear,v11_hog_direct_nlinear_lr0.001_92601,92601,test_b,Hog_office_Alexis,0.9356326439867921,0.6496906395846357,-0.07608487146596114,1920,1796.4146764546408,1247.4060280025005,-146.08295321464539
hog,direct_nlinear,v11_hog_direct_nlinear_lr0.001_92601,92601,test_b,Hog_office_Almeda,0.3263639870199466,0.3852000455405081,-0.04033599600610008,1920,626.6188550782975,739.5840874377755,-77.44511233171215
hog,direct_nlinear,v11_hog_direct_nlinear_lr0.001_92601,92601,test_b,Hog_office_Bessie,0.2510657443976877,0.3825452354127568,-0.08396439765926213,1920,482.0462292435604,734.486851992493,-161.2116435057833
hog,direct_nlinear,v11_hog_direct_nlinear_lr0.001_92601,92601,test_b,Hog_office_Betsy,29.59139296906256,4.1241013893236715,-0.3947942099223534,1920,56815.47450060012,7918.27466750145,-758.0048830509186
hog,direct_nlinear,v11_hog_direct_nlinear_lr0.001_92601,92601,test_b,Hog_office_Bill,0.2986553948775812,0.41066217969637364,-0.09715452690143138,1920,573.4183581649559,788.4713850170374,-186.53669165074825
hog,direct_nlinear,v11_hog_direct_nlinear_lr0.001_92601,92601,test_b,Hog_office_Buford,0.8827795741879279,0.6132217864816387,0.22499068931986888,1920,1694.9367824408214,1177.3858300447464,431.98212349414825
hog,direct_nlinear,v11_hog_direct_nlinear_lr0.001_92601,92601,test_b,Hog_office_Byron,0.13996216689470978,0.25043490930911505,-0.01894446996060045,1920,268.7273604378428,480.83502587350085,-36.37338232435286
hog,direct_nlinear,v11_hog_direct_nlinear_lr0.001_92601,92601,test_b,Hog_office_Candi,0.31717482922022805,0.41111642625382955,0.04108689004600213,1920,608.9756721028378,789.3435384073528,78.88682888832409
hog,direct_nlinear,v11_hog_direct_nlinear_lr0.001_92601,92601,test_b,Hog_office_Carri,1.3118248937863377,0.8330799256200109,-0.3796903497762218,1826,2395.3922560538526,1521.2039441821398,-693.314578691381
hog,direct_nlinear,v11_hog_direct_nlinear_lr0.001_92601,92601,test_b,Hog_office_Catalina,0.025840618835359472,0.1006685122847557,-0.02844589405382673,1920,49.613988163890184,193.28354358673096,-54.61611658334732
hog,direct_nlinear,v11_hog_direct_nlinear_lr0.001_92601,92601,test_b,Hog_office_Catharine,10.54592242003541,2.3451863972486175,0.03607254898586553,1745,18402.634622961792,4092.3502631988376,62.946597980335355
hog,direct_nlinear,v11_hog_direct_nlinear_lr0.001_92601,92601,test_b,Hog_office_Charla,0.09199648027343675,0.221458748318643,-0.0440587501754635,1920,176.63324212499856,425.20079677179456,-84.59280033688992
hog,direct_nlinear,v11_hog_direct_nlinear_lr0.001_92601,92601,test_b,Hog_office_Clemencia,1.3737723195713507,0.5273924163079464,-0.06304313793329824,1910,2623.90513038128,1007.3195151481777,-120.41239345259964
hog,direct_nlinear,v11_hog_direct_nlinear_lr0.001_92601,92601,test_b,Hog_office_Cordelia,0.3495918874201976,0.45625636893567695,-0.08231059529634877,1920,671.2164238467793,876.0122283564997,-158.03634296898963
hog,direct_nlinear,v11_hog_direct_nlinear_lr0.001_92601,92601,test_b,Hog_office_Corey,0.25835331472682466,0.32897068604506785,-0.019239829151532224,1920,496.03836427550334,631.6237172065303,-36.94047197094187
hog,direct_nlinear,v11_hog_direct_nlinear_lr0.001_92601,92601,test_b,Hog_office_Corie,0.07240936614051392,0.2045788701652782,-0.03399136201866592,1920,139.02598298978674,392.79143071733415,-65.26341507583857
hog,direct_nlinear,v11_hog_direct_nlinear_lr0.001_92601,92601,test_b,Hog_office_Cornell,4.055274774703885,1.4359696376327682,-0.63581576039174,1684,6829.082720601342,2418.1728697735816,-1070.7137404996902
hog,direct_nlinear,v11_hog_direct_nlinear_lr0.001_92601,92601,test_b,Hog_office_Cortney,0.08039111629951515,0.18026130924311776,-0.015134838663895304,1920,154.35094329506907,346.1017137467861,-29.058890234678984
hog,direct_nlinear,v11_hog_direct_nlinear_lr0.001_92601,92601,test_b,Hog_office_Darline,28.78847816842204,3.4266876464238516,-0.18591310270488742,1918,55216.30112703347,6572.386905840947,-356.58133098797407
hog,direct_nlinear,v11_hog_direct_nlinear_lr0.001_92601,92601,test_b,Hog_office_Denita,0.09015720713796349,0.21231127175221143,-0.03520593208813807,1920,173.1018377048899,407.6376417642459,-67.5953896092251
hog,direct_nlinear,v11_hog_direct_nlinear_lr0.001_92601,92601,test_b,Hog_office_Elizbeth,0.38698115584323434,0.359494054233213,-0.04619580311912145,1916,741.455894595637,688.7906079108361,-88.5111587762367
hog,direct_nlinear,v11_hog_direct_nlinear_lr0.001_92601,92601,test_b,Hog_office_Elke,0.12314139717397454,0.22937714536771334,-0.01646399363235105,1920,236.43148257403112,440.4041191060096,-31.610867774114013
hog,direct_nlinear,v11_hog_direct_nlinear_lr0.001_92601,92601,test_b,Hog_office_Elnora,0.7274817128113251,0.6491276602571209,0.2127940412145108,1920,1396.7648885977442,1246.3251076936722,408.56455913186073
hog,direct_nlinear,v11_hog_direct_nlinear_lr0.001_92601,92601,test_b,Hog_office_Eloise,0.08711379719081494,0.2239377862541005,-0.05495870441469985,1920,167.2584906063647,429.96054960787296,-105.52071247622371
hog,direct_nlinear,v11_hog_direct_nlinear_lr0.001_92601,92601,test_b,Hog_office_Elsy,0.686134758472461,0.5868108453268078,-0.1388967361515729,1910,1310.5173886824005,1120.808714574203,-265.2927660495043
hog,direct_nlinear,v11_hog_direct_nlinear_lr0.001_92601,92601,test_b,Hog_office_Emmanuel,0.270701683448106,0.3443088221985455,-0.03627429730347545,1917,518.9351271700192,660.0400121546118,-69.53782793076243
hog,direct_nlinear,v11_hog_direct_nlinear_lr0.001_92601,92601,test_b,Hog_office_Garrett,3.473580860026158,1.4171803332380175,-0.144680430633404,1920,6669.275251250223,2720.9862398169935,-277.78642681613564
hog,direct_nlinear,v11_hog_direct_nlinear_lr0.001_92601,92601,test_b,Hog_office_Guadalupe,0.1154801277434087,0.24214116940565872,-0.018851751549906717,1920,221.7218452673447,464.91104525886476,-36.1953629758209
hog,direct_nlinear,v11_hog_direct_nlinear_lr0.001_92601,92601,test_b,Hog_office_Gustavo,0.14704757417225237,0.27057096768109357,-0.0575756765882943,1920,282.3313424107245,519.4962579476996,-110.54529904952506
hog,direct_nlinear,v11_hog_direct_nlinear_lr0.001_92601,92601,test_b,Hog_office_Joey,30.754539072834987,4.39262187688455,-0.2988262762022714,1920,59048.71501984318,8433.834003618336,-573.7464503083611
hog,direct_nlinear,v11_hog_direct_nlinear_lr0.001_92601,92601,test_b,Hog_office_Josefina,0.11363127092409814,0.2521858978030836,-0.00171840642272991,1918,217.94477763242023,483.69255198631436,-3.295903518795967
hog,direct_nlinear,v11_hog_direct_nlinear_lr0.001_92601,92601,test_b,Hog_office_Lanell,1.5678867975298028,0.9056594072850203,0.16336053269533296,1920,3010.3426512572214,1738.866061987239,313.65222277503926
hog,direct_nlinear,v11_hog_direct_nlinear_lr0.001_92601,92601,combined,Hog_office_Alexis,0.9298251626525872,0.6513013359159231,-0.1499121394047203,3840,3570.5286245859347,2500.997129917145,-575.662615314126
hog,direct_nlinear,v11_hog_direct_nlinear_lr0.001_92601,92601,combined,Hog_office_Almeda,0.30945895501675447,0.385367450685726,-0.014578843412937203,3840,1188.322387264337,1479.8110106331878,-55.98275870567886
hog,direct_nlinear,v11_hog_direct_nlinear_lr0.001_92601,92601,combined,Hog_office_Bessie,0.21178919584504233,0.33548479977874496,-0.08280144995815135,3840,813.2705120449625,1288.2616311503807,-317.9575678393012
hog,direct_nlinear,v11_hog_direct_nlinear_lr0.001_92601,92601,combined,Hog_office_Betsy,24.676414898873393,3.7488013157000144,-0.9095485742979993,3840,94757.43321167382,14395.397052288055,-3492.6665253043175
hog,direct_nlinear,v11_hog_direct_nlinear_lr0.001_92601,92601,combined,Hog_office_Bill,0.30518771007732937,0.4014108529663645,-0.14109353127811725,3840,1171.9208066969447,1541.4176753908396,-541.7991601079702
hog,direct_nlinear,v11_hog_direct_nlinear_lr0.001_92601,92601,combined,Hog_office_Buford,0.8610572005789112,0.6301982573708907,-0.12532558137609157,3840,3306.4596502230193,2419.9613083042204,-481.25023248419166
hog,direct_nlinear,v11_hog_direct_nlinear_lr0.001_92601,92601,combined,Hog_office_Byron,0.1308193922424115,0.24242253647474474,-0.05472087274659619,3840,502.34646621086006,930.9025400630198,-210.12815134692937
hog,direct_nlinear,v11_hog_direct_nlinear_lr0.001_92601,92601,combined,Hog_office_Candi,0.1993621672983751,0.30175491353805534,0.010430185717783995,3840,765.5507224257605,1158.7388679861324,40.05191315629054
hog,direct_nlinear,v11_hog_direct_nlinear_lr0.001_92601,92601,combined,Hog_office_Carri,0.9425048552201336,0.6854894448637666,-0.3111197548378832,3746,3530.6231876546203,2567.8434604596696,-1165.4546016227105
hog,direct_nlinear,v11_hog_direct_nlinear_lr0.001_92601,92601,combined,Hog_office_Catalina,0.4430765227700681,0.323377906360353,-0.014330735461165508,3840,1701.4138474370616,1241.7711604237556,-55.03002417087555
hog,direct_nlinear,v11_hog_direct_nlinear_lr0.001_92601,92601,combined,Hog_office_Catharine,8.299724598781648,2.0140403269859544,-0.18466074249081757,3568,29613.417368452916,7186.0958866858855,-658.8695292072371
hog,direct_nlinear,v11_hog_direct_nlinear_lr0.001_92601,92601,combined,Hog_office_Charla,0.11715822464602284,0.251483084220672,-0.049217419121922984,3840,449.8875826407277,965.6950434073806,-188.99488942818425
hog,direct_nlinear,v11_hog_direct_nlinear_lr0.001_92601,92601,combined,Hog_office_Clemencia,1.9992888964357411,0.7860750766252179,-0.01566119398581297,3830,7657.276473348888,3010.667543474585,-59.98237296566367
hog,direct_nlinear,v11_hog_direct_nlinear_lr0.001_92601,92601,combined,Hog_office_Cordelia,0.35057664131082955,0.4569613530039381,-0.11133173476562964,3840,1346.2143026335855,1754.7315955351223,-427.5138615000178
hog,direct_nlinear,v11_hog_direct_nlinear_lr0.001_92601,92601,combined,Hog_office_Corey,0.416729735713366,0.4213357847303996,-7.090316836790104e-05,3840,1600.2421851393256,1617.9294133647345,-0.27226816653274
hog,direct_nlinear,v11_hog_direct_nlinear_lr0.001_92601,92601,combined,Hog_office_Corie,0.08546366352607353,0.20895433830099258,-0.02890765358712825,3838,328.0095406130702,801.9667503992096,-110.94757446739823
hog,direct_nlinear,v11_hog_direct_nlinear_lr0.001_92601,92601,combined,Hog_office_Cornell,2.369909985746921,1.0358466125980845,-0.4385344503287217,3587,8500.867118874205,3715.581799389329,-1573.0230733291246
hog,direct_nlinear,v11_hog_direct_nlinear_lr0.001_92601,92601,combined,Hog_office_Cortney,0.0839179603880365,0.18250597252116071,-0.015151855628588843,3840,322.2449678900602,700.8229344812571,-58.18312561378116
hog,direct_nlinear,v11_hog_direct_nlinear_lr0.001_92601,92601,combined,Hog_office_Darline,15.604596213669428,2.0536373792985834,-0.15400155202784455,3838,59890.44026806326,7881.860261747963,-591.0579566828674
hog,direct_nlinear,v11_hog_direct_nlinear_lr0.001_92601,92601,combined,Hog_office_Denita,0.08276766030876238,0.20104791363135063,-0.03372228173050189,3840,317.82781558564756,772.0239883443865,-129.49356184512726
hog,direct_nlinear,v11_hog_direct_nlinear_lr0.001_92601,92601,combined,Hog_office_Elizbeth,0.26672191652590316,0.3142436249959147,-0.056970084435852754,3836,1023.1452717933645,1205.4385454843286,-218.53724389593117
hog,direct_nlinear,v11_hog_direct_nlinear_lr0.001_92601,92601,combined,Hog_office_Elke,0.12975635069167415,0.23567073226170135,-0.03299950373078997,3838,498.0048739546454,904.5042704204097,-126.6520953187719
hog,direct_nlinear,v11_hog_direct_nlinear_lr0.001_92601,92601,combined,Hog_office_Elnora,0.8627250040070628,0.7121663812140469,-0.1265857438770278,3840,3312.864015387121,2734.71890386194,-486.08925648778677
hog,direct_nlinear,v11_hog_direct_nlinear_lr0.001_92601,92601,combined,Hog_office_Eloise,0.07448537294005057,0.20645777098468443,-0.058356320185453114,3840,286.0238320897942,792.7978405811882,-224.08826951213996
hog,direct_nlinear,v11_hog_direct_nlinear_lr0.001_92601,92601,combined,Hog_office_Elsy,0.5958787675214703,0.5381182156639981,-0.17151269434796837,3830,2282.2156796072313,2060.9927659931127,-656.8936193527188
hog,direct_nlinear,v11_hog_direct_nlinear_lr0.001_92601,92601,combined,Hog_office_Emmanuel,1.174597966763573,0.6019101442276384,-0.04253108069372376,3837,4506.93239847183,2309.5292234014487,-163.19175662181806
hog,direct_nlinear,v11_hog_direct_nlinear_lr0.001_92601,92601,combined,Hog_office_Garrett,3.2181262627037754,1.3675222830774145,-0.03416473301858787,3840,12357.604848782497,5251.285567017272,-131.1925747913774
hog,direct_nlinear,v11_hog_direct_nlinear_lr0.001_92601,92601,combined,Hog_office_Guadalupe,0.1192446272982091,0.24019771502450263,-0.01222785299178213,3840,457.89936882512296,922.3592256940901,-46.954955488443375
hog,direct_nlinear,v11_hog_direct_nlinear_lr0.001_92601,92601,combined,Hog_office_Gustavo,0.11156502720547173,0.2265207687278386,-0.04718968874390157,3840,428.40970446901144,869.8397519149003,-181.20840477658203
hog,direct_nlinear,v11_hog_direct_nlinear_lr0.001_92601,92601,combined,Hog_office_Joey,32.001696444178975,4.407172608441741,-0.3796568533703737,3838,122822.51095275891,16914.7284711994,-1457.1230032354943
hog,direct_nlinear,v11_hog_direct_nlinear_lr0.001_92601,92601,combined,Hog_office_Josefina,0.09918241607923772,0.23645494640209405,-0.028160621359092735,3838,380.66211291211437,907.5140842912369,-108.08046477619791
hog,direct_nlinear,v11_hog_direct_nlinear_lr0.001_92601,92601,combined,Hog_office_Lanell,1.2471490006446748,0.7728687982950759,-0.060214089166068636,3840,4789.052162475551,2967.8161854530917,-231.22210239770357
hog,direct_nlinear,v11_hog_direct_nlinear_lr0.001_92602,92602,test_a,Hog_office_Alexis,0.8951601655144844,0.625864833414865,-0.13820224604569376,1920,1718.70751778781,1201.6604801565409,-265.348312407732
hog,direct_nlinear,v11_hog_direct_nlinear_lr0.001_92602,92602,test_a,Hog_office_Almeda,0.2788395468383288,0.3711044053647735,0.03192283704108074,1920,535.3719299295913,712.5204583003651,61.29184711887501
hog,direct_nlinear,v11_hog_direct_nlinear_lr0.001_92602,92602,test_a,Hog_office_Bessie,0.16666616497090414,0.2765758902193132,-0.056423979436143176,1920,319.99903674413594,531.0257092210813,-108.3340405173949
hog,direct_nlinear,v11_hog_direct_nlinear_lr0.001_92602,92602,test_a,Hog_office_Betsy,19.370168496596275,3.299390443600714,-1.057216240807126,1920,37190.72351346485,6334.829651713371,-2029.8551823496819
hog,direct_nlinear,v11_hog_direct_nlinear_lr0.001_92602,92602,test_a,Hog_office_Bill,0.2763466524245471,0.3629251286387444,-0.10988662329812844,1920,530.5855726551304,696.8162469863892,-210.98231673240662
hog,direct_nlinear,v11_hog_direct_nlinear_lr0.001_92602,92602,test_a,Hog_office_Buford,0.6221976833498669,0.550380279996898,-0.35893661379426095,1920,1194.6195520317444,1056.7301375940442,-689.1582984849811
hog,direct_nlinear,v11_hog_direct_nlinear_lr0.001_92602,92602,test_a,Hog_office_Byron,0.10538330536607861,0.20184629790455802,-0.04000898561838161,1920,202.33594630287092,387.5448919767514,-76.81725238729268
hog,direct_nlinear,v11_hog_direct_nlinear_lr0.001_92602,92602,test_a,Hog_office_Candi,0.07059352110468647,0.16513176972366636,0.002170436268109673,1920,135.53956052099804,317.0529978694394,4.167237634770572
hog,direct_nlinear,v11_hog_direct_nlinear_lr0.001_92602,92602,test_a,Hog_office_Carri,0.5343604325321849,0.5037761777026996,-0.1441750468524636,1920,1025.972030461795,967.2502611891832,-276.81608995673014
hog,direct_nlinear,v11_hog_direct_nlinear_lr0.001_92602,92602,test_a,Hog_office_Catalina,0.860007062778401,0.5373751145477096,0.0032961700732509294,1920,1651.21356053453,1031.7602199316025,6.328646540641785
hog,direct_nlinear,v11_hog_direct_nlinear_lr0.001_92602,92602,test_a,Hog_office_Catharine,6.192765635208948,1.7174853916620725,-0.35064757782690026,1823,11289.411752985912,3130.975868999958,-639.2305343784392
hog,direct_nlinear,v11_hog_direct_nlinear_lr0.001_92602,92602,test_a,Hog_office_Charla,0.13730637656921965,0.27285952313119044,-0.04252796549616657,1920,263.62824301290175,523.8902844118857,-81.65369375263981
hog,direct_nlinear,v11_hog_direct_nlinear_lr0.001_92602,92602,test_a,Hog_office_Clemencia,2.6465305059001363,1.037812258360403,0.03170770608800619,1920,5081.338571328261,1992.5995360519737,60.87879568897188
hog,direct_nlinear,v11_hog_direct_nlinear_lr0.001_92602,92602,test_a,Hog_office_Cordelia,0.33568029245371794,0.4381262507767436,-0.05683350848388121,1920,644.5061615111384,841.2024014913477,-109.12033628905192
hog,direct_nlinear,v11_hog_direct_nlinear_lr0.001_92602,92602,test_a,Hog_office_Corey,0.5838068212812586,0.5160014548308633,0.03684639269498196,1920,1120.9090968600165,990.7227932752576,70.74507397436537
hog,direct_nlinear,v11_hog_direct_nlinear_lr0.001_92602,92602,test_a,Hog_office_Corie,0.08782049284307246,0.19509830899251096,-0.029972057891048186,1918,168.43970527301298,374.198556647636,-57.486407035030425
hog,direct_nlinear,v11_hog_direct_nlinear_lr0.001_92602,92602,test_a,Hog_office_Cornell,0.8197183987658206,0.651961929115153,-0.14886289141818693,1903,1559.9241128513568,1240.6835511061363,-283.28608236880973
hog,direct_nlinear,v11_hog_direct_nlinear_lr0.001_92602,92602,test_a,Hog_office_Cortney,0.074386802022419,0.15282136054808385,0.017262392916715424,1920,142.82265988304448,293.417012252321,33.14379440009361
hog,direct_nlinear,v11_hog_direct_nlinear_lr0.001_92602,92602,test_a,Hog_office_Darline,2.4546561950344934,0.6547136724300799,-0.06891602032264928,1920,4712.939894466227,1257.0502510657534,-132.3187590194866
hog,direct_nlinear,v11_hog_direct_nlinear_lr0.001_92602,92602,test_a,Hog_office_Denita,0.06487492668982989,0.17180747621467465,-0.02225284110310592,1920,124.55985924447339,329.87035433217534,-42.72545491796336
hog,direct_nlinear,v11_hog_direct_nlinear_lr0.001_92602,92602,test_a,Hog_office_Elizbeth,0.13278110540137006,0.24882968860911206,-0.02399066146075105,1920,254.9397223706305,477.75300212949514,-46.06207000464201
hog,direct_nlinear,v11_hog_direct_nlinear_lr0.001_92602,92602,test_a,Hog_office_Elke,0.1267765381260077,0.22784614501078151,-0.01124342209081689,1918,243.15740012568276,437.00890613067895,-21.564883570186794
hog,direct_nlinear,v11_hog_direct_nlinear_lr0.001_92602,92602,test_a,Hog_office_Elnora,0.8426525483976489,0.7019087507622317,-0.3353662855263489,1920,1617.892892923486,1347.6648014634848,-643.9032682105899
hog,direct_nlinear,v11_hog_direct_nlinear_lr0.001_92602,92602,test_a,Hog_office_Eloise,0.05077170888528411,0.16485646626626174,-0.056691300177756906,1920,97.48168105974548,316.5244152312225,-108.84729634129326
hog,direct_nlinear,v11_hog_direct_nlinear_lr0.001_92602,92602,test_a,Hog_office_Elsy,0.4746229475429138,0.4608597180259191,-0.12485642454739718,1920,911.2760592823945,884.8506586097647,-239.7243351310026
hog,direct_nlinear,v11_hog_direct_nlinear_lr0.001_92602,92602,test_a,Hog_office_Emmanuel,2.1354764286771473,0.859306154189835,-0.02915387896816052,1920,4100.114743060123,1649.8678160444833,-55.9754476188682
hog,direct_nlinear,v11_hog_direct_nlinear_lr0.001_92602,92602,test_a,Hog_office_Garrett,2.8370393124971676,1.292910648605054,0.06243604657756805,1920,5447.115479994562,2482.3884453217033,119.87720942893066
hog,direct_nlinear,v11_hog_direct_nlinear_lr0.001_92602,92602,test_a,Hog_office_Guadalupe,0.10654056646770291,0.2159636584527713,-0.004934064753858062,1920,204.5578876179896,414.6502242293209,-9.47340432740748
hog,direct_nlinear,v11_hog_direct_nlinear_lr0.001_92602,92602,test_a,Hog_office_Gustavo,0.06509561622864884,0.15570355671461583,-0.012897229032084094,1920,124.98358315900579,298.9508288920624,-24.76267974160146
hog,direct_nlinear,v11_hog_direct_nlinear_lr0.001_92602,92602,test_a,Hog_office_Joey,33.164139067138855,4.41527876013752,-0.280303434132215,1918,63608.81873077233,8468.504661943763,-537.6219866655883
hog,direct_nlinear,v11_hog_direct_nlinear_lr0.001_92602,92602,test_a,Hog_office_Josefina,0.07614511572047264,0.20599411701820525,-0.042356436212412515,1920,146.19862218330746,395.50870467495406,-81.32435752783203
hog,direct_nlinear,v11_hog_direct_nlinear_lr0.001_92602,92602,test_a,Hog_office_Lanell,0.8394615390318123,0.5994596347439559,-0.21270381196021237,1920,1611.7661549410795,1150.9624987083953,-408.3913189636078
hog,direct_nlinear,v11_hog_direct_nlinear_lr0.001_92602,92602,test_b,Hog_office_Alexis,0.8999571826793478,0.6125098498576942,-0.007186858569427083,1920,1727.9177907443477,1176.0189117267728,-13.7987684533
hog,direct_nlinear,v11_hog_direct_nlinear_lr0.001_92602,92602,test_b,Hog_office_Almeda,0.31594644504767533,0.37257226508218083,-0.016070059065502088,1920,606.6171744915366,715.3387489577872,-30.85451340576401
hog,direct_nlinear,v11_hog_direct_nlinear_lr0.001_92602,92602,test_b,Hog_office_Bessie,0.2206865949829983,0.34822157019428535,-0.040161823847029154,1920,423.7182623673568,668.5854147730279,-77.11070178629598
hog,direct_nlinear,v11_hog_direct_nlinear_lr0.001_92602,92602,test_b,Hog_office_Betsy,30.139635677358637,4.163492383311192,-0.3896632297585408,1920,57868.100500528584,7993.905375957489,-748.1534011363983
hog,direct_nlinear,v11_hog_direct_nlinear_lr0.001_92602,92602,test_b,Hog_office_Bill,0.28818189432212193,0.40421770048172523,-0.0575168104764695,1920,553.3092370984741,776.0979849249125,-110.43227611482143
hog,direct_nlinear,v11_hog_direct_nlinear_lr0.001_92602,92602,test_b,Hog_office_Buford,0.7922393235167607,0.5544643395890793,0.17944663794090351,1920,1521.0995011521807,1064.571532011032,344.53754484653473
hog,direct_nlinear,v11_hog_direct_nlinear_lr0.001_92602,92602,test_b,Hog_office_Byron,0.12930115486130955,0.23683552415580683,0.009880429975843678,1920,248.25821733371433,454.7242063791491,18.97042555361986
hog,direct_nlinear,v11_hog_direct_nlinear_lr0.001_92602,92602,test_b,Hog_office_Candi,0.3164668106469425,0.39718268673368584,0.06474584952817773,1920,607.6162764421296,762.5907585286768,124.31203109410126
hog,direct_nlinear,v11_hog_direct_nlinear_lr0.001_92602,92602,test_b,Hog_office_Carri,1.2611500725601241,0.8061399099893021,-0.3222996269169504,1826,2302.8600324947865,1472.0114756404655,-588.5191187503515
hog,direct_nlinear,v11_hog_direct_nlinear_lr0.001_92602,92602,test_b,Hog_office_Catalina,0.024262798687826673,0.09222372158740957,-0.015584915255506834,1920,46.58457348062721,177.06954544782639,-29.92303729057312
hog,direct_nlinear,v11_hog_direct_nlinear_lr0.001_92602,92602,test_b,Hog_office_Catharine,10.414484157473455,2.381314090464296,0.07463174812431664,1745,18173.27485479118,4155.393087860197,130.23240047693253
hog,direct_nlinear,v11_hog_direct_nlinear_lr0.001_92602,92602,test_b,Hog_office_Charla,0.0897697565922282,0.21545702647514797,-0.034995214091516874,1920,172.35793265707815,413.6774908322841,-67.1908110557124
hog,direct_nlinear,v11_hog_direct_nlinear_lr0.001_92602,92602,test_b,Hog_office_Clemencia,1.330286762208426,0.4913000759354144,-0.007387834155190912,1910,2540.8477158180935,938.3831450366415,-14.110763236414641
hog,direct_nlinear,v11_hog_direct_nlinear_lr0.001_92602,92602,test_b,Hog_office_Cordelia,0.30527792486632843,0.4063588769998811,0.0022557484966758542,1920,586.1336157433506,780.2090438397718,4.33103711361764
hog,direct_nlinear,v11_hog_direct_nlinear_lr0.001_92602,92602,test_b,Hog_office_Corey,0.24195921127016315,0.31286902185371823,0.02424741828920863,1920,464.56168563871324,600.708521959139,46.55504311528057
hog,direct_nlinear,v11_hog_direct_nlinear_lr0.001_92602,92602,test_b,Hog_office_Corie,0.0628462139037665,0.18928877122622603,-0.024597852355024468,1920,120.6647306952317,363.434440754354,-47.22787652164698
hog,direct_nlinear,v11_hog_direct_nlinear_lr0.001_92602,92602,test_b,Hog_office_Cornell,3.8458329219033853,1.4071299351304947,-0.47164035976738306,1684,6476.382640485301,2369.606810759753,-794.242365848273
hog,direct_nlinear,v11_hog_direct_nlinear_lr0.001_92602,92602,test_b,Hog_office_Cortney,0.07123043793318583,0.15704872872835646,0.014856542439277594,1920,136.7624408317168,301.5335591584444,28.52456148341298
hog,direct_nlinear,v11_hog_direct_nlinear_lr0.001_92602,92602,test_b,Hog_office_Darline,27.729249842811186,3.2340957651122246,-0.2207465501085416,1918,53184.70119851185,6202.995677485247,-423.3918831081828
hog,direct_nlinear,v11_hog_direct_nlinear_lr0.001_92602,92602,test_b,Hog_office_Denita,0.08422562280054915,0.19986853015774006,-0.013422305884402401,1920,161.71319577705438,383.74757790286094,-25.77082729805261
hog,direct_nlinear,v11_hog_direct_nlinear_lr0.001_92602,92602,test_b,Hog_office_Elizbeth,0.3703075979004075,0.3366149817176585,-0.004385762352526522,1916,709.5093575771808,644.9543049710337,-8.403120667440817
hog,direct_nlinear,v11_hog_direct_nlinear_lr0.001_92602,92602,test_b,Hog_office_Elke,0.11465257060900334,0.21060136717763575,0.01895465429891677,1920,220.13293556928642,404.3546249810606,36.3929362539202
hog,direct_nlinear,v11_hog_direct_nlinear_lr0.001_92602,92602,test_b,Hog_office_Elnora,0.7003340671688683,0.6326785029688229,0.16090758539115388,1920,1344.6414089642271,1214.74272570014,308.9425639510155
hog,direct_nlinear,v11_hog_direct_nlinear_lr0.001_92602,92602,test_b,Hog_office_Eloise,0.06651719303258656,0.19463267096240694,-0.044111071530884755,1920,127.71301062256619,373.69472824782133,-84.69325733929873
hog,direct_nlinear,v11_hog_direct_nlinear_lr0.001_92602,92602,test_b,Hog_office_Elsy,0.6625183421480028,0.559911441069623,-0.058152786945602344,1910,1265.4100335026853,1069.4308524429798,-111.07182306610048
hog,direct_nlinear,v11_hog_direct_nlinear_lr0.001_92602,92602,test_b,Hog_office_Emmanuel,0.23189874962641882,0.30440973563860163,-0.012264667895703197,1917,444.5499030338449,583.5534632191993,-23.51136835606303
hog,direct_nlinear,v11_hog_direct_nlinear_lr0.001_92602,92602,test_b,Hog_office_Garrett,3.3668026282035575,1.3945923327914593,-0.10606469892469855,1920,6464.26104615083,2677.617278959602,-203.64422193542123
hog,direct_nlinear,v11_hog_direct_nlinear_lr0.001_92602,92602,test_b,Hog_office_Guadalupe,0.10554706372048957,0.22290072647835282,0.0037920179204472032,1920,202.65036234333996,427.96939483843744,7.28067440725863
hog,direct_nlinear,v11_hog_direct_nlinear_lr0.001_92602,92602,test_b,Hog_office_Gustavo,0.1365911910862552,0.260565843186032,-0.02310775567799889,1920,262.25508688560996,500.28641891718144,-44.36689090175787
hog,direct_nlinear,v11_hog_direct_nlinear_lr0.001_92602,92602,test_b,Hog_office_Joey,31.892373476203236,4.4752048912295015,-0.37926779865501886,1920,61233.35707431021,8592.393391160644,-728.1941734176362
hog,direct_nlinear,v11_hog_direct_nlinear_lr0.001_92602,92602,test_b,Hog_office_Josefina,0.1190024612669294,0.2612136639047674,-0.0023640445331587407,1918,228.2467207099706,501.00780736934394,-4.534237414598465
hog,direct_nlinear,v11_hog_direct_nlinear_lr0.001_92602,92602,test_b,Hog_office_Lanell,1.5021389592111016,0.8873315905161993,0.14984331155240702,1920,2884.106801685315,1703.6766537911026,287.69915818062145
hog,direct_nlinear,v11_hog_direct_nlinear_lr0.001_92602,92602,combined,Hog_office_Alexis,0.89755867409691,0.6191873416362796,-0.07269455230756042,3840,3446.6253085321346,2377.6793918833137,-279.147080861032
hog,direct_nlinear,v11_hog_direct_nlinear_lr0.001_92602,92602,combined,Hog_office_Almeda,0.2973929959430034,0.37183833522347715,0.007926388987789324,3840,1141.989104421133,1427.8592072581523,30.437333713111002
hog,direct_nlinear,v11_hog_direct_nlinear_lr0.001_92602,92602,combined,Hog_office_Bessie,0.19367637997694956,0.31239873020679926,-0.048292901641586165,3840,743.7172991114863,1199.6111239941092,-185.44474230369087
hog,direct_nlinear,v11_hog_direct_nlinear_lr0.001_92602,92602,combined,Hog_office_Betsy,24.754902086977577,3.7314414134559533,-0.7234397352828333,3840,95058.8240139939,14328.73502767086,-2778.00858348608
hog,direct_nlinear,v11_hog_direct_nlinear_lr0.001_92602,92602,combined,Hog_office_Bill,0.282264273373325,0.3835714145602348,-0.08370171688729897,3840,1083.8948097535679,1472.9142319113016,-321.41459284722805
hog,direct_nlinear,v11_hog_direct_nlinear_lr0.001_92602,92602,combined,Hog_office_Buford,0.7072185034333034,0.5524223097929887,-0.08974498792667873,3840,2715.719053183885,2121.3016696050763,-344.62075363844633
hog,direct_nlinear,v11_hog_direct_nlinear_lr0.001_92602,92602,combined,Hog_office_Byron,0.11734223011369481,0.2193409110301824,-0.015064277821268963,3840,450.59416363658806,842.2690983559005,-57.84682683367282
hog,direct_nlinear,v11_hog_direct_nlinear_lr0.001_92602,92602,combined,Hog_office_Candi,0.19353016587581412,0.2811572282286761,0.03345814289814371,3840,743.1558369631263,1079.6437563981162,128.47926872887183
hog,direct_nlinear,v11_hog_direct_nlinear_lr0.001_92602,92602,combined,Hog_office_Carri,0.8886364289793294,0.6511643718178454,-0.2310024582773843,3746,3328.832062956568,2439.2617368296487,-865.3352087070816
hog,direct_nlinear,v11_hog_direct_nlinear_lr0.001_92602,92602,combined,Hog_office_Catalina,0.44213493073311666,0.3147994180675596,-0.006144372591127952,3840,1697.798134015168,1208.8297653794289,-23.594390749931335
hog,direct_nlinear,v11_hog_direct_nlinear_lr0.001_92602,92602,combined,Hog_office_Catharine,8.257479430430815,2.042143765936142,-0.1426564276629783,3568,29462.68660777715,7286.368956860155,-508.99813390150666
hog,direct_nlinear,v11_hog_direct_nlinear_lr0.001_92602,92602,combined,Hog_office_Charla,0.11353806658072392,0.2441582748031692,-0.03876158979384172,3840,435.98617566997984,937.5677752441698,-148.8445048083522
hog,direct_nlinear,v11_hog_direct_nlinear_lr0.001_92602,92602,combined,Hog_office_Clemencia,1.9901269679233424,0.7652696295270536,0.012210974530693796,3830,7622.186287146402,2930.982681088615,46.768032452557236
hog,direct_nlinear,v11_hog_direct_nlinear_lr0.001_92602,92602,combined,Hog_office_Cordelia,0.32047910866002044,0.4222425638883124,-0.027288879993602678,3840,1230.6397772544785,1621.4114453311195,-104.78929917543428
hog,direct_nlinear,v11_hog_direct_nlinear_lr0.001_92602,92602,combined,Hog_office_Corey,0.4128830162757125,0.4144352383422908,0.030546905492095298,3840,1585.470782498736,1591.4313152343966,117.30011708964594
hog,direct_nlinear,v11_hog_direct_nlinear_lr0.001_92602,92602,combined,Hog_office_Corie,0.07532684626582696,0.19219202642052893,-0.02728355486104153,3838,289.1044359682439,737.63299740199,-104.7142835566774
hog,direct_nlinear,v11_hog_direct_nlinear_lr0.001_92602,92602,combined,Hog_office_Cornell,2.2403977567149855,1.0064929918778616,-0.300398229221378,3587,8036.306753336654,3610.2903618658893,-1077.5284482170828
hog,direct_nlinear,v11_hog_direct_nlinear_lr0.001_92602,92602,combined,Hog_office_Cortney,0.07280861997780276,0.15493504463822017,0.016059467677996507,3840,279.5851007147626,594.9505714107654,61.66835588350659
hog,direct_nlinear,v11_hog_direct_nlinear_lr0.001_92602,92602,combined,Hog_office_Darline,15.085367663621177,1.9437326546511204,-0.1447917254110655,3838,57897.641092978076,7460.0459285510005,-555.7106421276694
hog,direct_nlinear,v11_hog_direct_nlinear_lr0.001_92602,92602,combined,Hog_office_Denita,0.07455027474518965,0.18583800318620736,-0.017837573493754158,3840,286.27305502152825,713.6179322350363,-68.49628221601597
hog,direct_nlinear,v11_hog_direct_nlinear_lr0.001_92602,92602,combined,Hog_office_Elizbeth,0.25142051093529977,0.29267656598032554,-0.014198433439020549,3836,964.44907994781,1122.7073071005289,-54.46519067208283
hog,direct_nlinear,v11_hog_direct_nlinear_lr0.001_92602,92602,combined,Hog_office_Elke,0.12071139543902419,0.21921926292645638,0.003863484284453727,3838,463.29033569497483,841.3635311117396,14.828052683733404
hog,direct_nlinear,v11_hog_direct_nlinear_lr0.001_92602,92602,combined,Hog_office_Elnora,0.7714933077832489,0.6672936268655273,-0.08722935006759751,3840,2962.5343018876756,2562.4075271636248,-334.9607042595744
hog,direct_nlinear,v11_hog_direct_nlinear_lr0.001_92602,92602,combined,Hog_office_Eloise,0.058644450958933995,0.17974456861433433,-0.05040118585432083,3840,225.19469168230654,690.2191434790439,-193.54055368059198
hog,direct_nlinear,v11_hog_direct_nlinear_lr0.001_92602,92602,combined,Hog_office_Elsy,0.5683253505966277,0.510256269204372,-0.09159168621334283,3830,2176.686092785084,1954.2815110527445,-350.79615819710307
hog,direct_nlinear,v11_hog_direct_nlinear_lr0.001_92602,92602,combined,Hog_office_Emmanuel,1.1844317555626815,0.582074870801064,-0.020715875938215073,3837,4544.664646094009,2233.4212792636827,-79.48681597493123
hog,direct_nlinear,v11_hog_direct_nlinear_lr0.001_92602,92602,combined,Hog_office_Garrett,3.1019209703503616,1.3437514906982566,-0.021814326173565254,3840,11911.376526145388,5160.005724281305,-83.76701250649057
hog,direct_nlinear,v11_hog_direct_nlinear_lr0.001_92602,92602,combined,Hog_office_Guadalupe,0.10604381509409495,0.21943219246556206,-0.0005710234167054295,3840,407.2082499613246,842.6196190677583,-2.1927299201488495
hog,direct_nlinear,v11_hog_direct_nlinear_lr0.001_92602,92602,combined,Hog_office_Gustavo,0.10084340365745269,0.2081346999503239,-0.01800249235504149,3840,387.23867004461835,799.2372478092439,-69.12957064335933
hog,direct_nlinear,v11_hog_direct_nlinear_lr0.001_92602,92602,combined,Hog_office_Joey,32.5279249101312,4.445257439579054,-0.3298114017934405,3838,124842.17580508355,17060.898053104407,-1265.8161600832245
hog,direct_nlinear,v11_hog_direct_nlinear_lr0.001_92602,92602,combined,Hog_office_Josefina,0.09756262191070404,0.23358950287761804,-0.022370660485260683,3838,374.4453428932821,896.516512044298,-85.8585949424305
hog,direct_nlinear,v11_hog_direct_nlinear_lr0.001_92602,92602,combined,Hog_office_Lanell,1.1708002491214586,0.7433956126300776,-0.031430250203902686,3840,4495.872956626401,2854.639152499498,-120.69216078298632
hog,base_level,v5_hog_level_res_92601,92601,test_a,Hog_office_Alexis,1.192183327267393,0.7867778854706557,-0.23532771804893854,1920,2288.9919883533944,1510.613540103659,-451.829218653962
hog,base_level,v5_hog_level_res_92601,92601,test_a,Hog_office_Almeda,0.4955959407921842,0.5167806344454827,0.00685290982061512,1920,951.5442063209937,992.2188181353267,13.15758685558103
hog,base_level,v5_hog_level_res_92601,92601,test_a,Hog_office_Bessie,0.1512004568975896,0.27573311944449114,-0.05309244272766591,1920,290.304877243372,529.407589333423,-101.93749003711855
hog,base_level,v5_hog_level_res_92601,92601,test_a,Hog_office_Betsy,17.631410345316468,3.1394242034759374,-0.9592823261860758,1920,33852.30786300762,6027.6944706737995,-1841.8220662772655
hog,base_level,v5_hog_level_res_92601,92601,test_a,Hog_office_Bill,0.32237193574995676,0.39628772614523766,-0.06750134729469816,1920,618.954116639917,760.8724341988564,-129.60258680582047
hog,base_level,v5_hog_level_res_92601,92601,test_a,Hog_office_Buford,0.6510841398506741,0.6040471775690094,-0.3125290799944196,1920,1250.0815485132944,1159.770580932498,-600.0558335892856
hog,base_level,v5_hog_level_res_92601,92601,test_a,Hog_office_Byron,0.13245452943159744,0.24068969765115375,-0.03360874402036037,1920,254.3126965086671,462.1242194902152,-64.5287885190919
hog,base_level,v5_hog_level_res_92601,92601,test_a,Hog_office_Candi,0.12799648952390658,0.24044102693393749,-0.01676975186613466,1920,245.7532598859006,461.64677171316,-32.19792358297855
hog,base_level,v5_hog_level_res_92601,92601,test_a,Hog_office_Carri,0.5507906652286436,0.52952774442662,-0.1216482234205311,1920,1057.5180772389958,1016.6932692991104,-233.5645889674197
hog,base_level,v5_hog_level_res_92601,92601,test_a,Hog_office_Catalina,0.9483576449942579,0.6082516922741585,0.06685924605020167,1920,1820.846678388975,1167.8432491663843,128.3697524163872
hog,base_level,v5_hog_level_res_92601,92601,test_a,Hog_office_Catharine,5.731196206790024,1.6788669478279006,-0.3351170104017427,1823,10447.970684978214,3060.5744458902627,-610.918309962377
hog,base_level,v5_hog_level_res_92601,92601,test_a,Hog_office_Charla,0.25718190117094814,0.3829855590273913,-0.0041804523373609,1920,493.78925024822047,735.3322733325913,-8.026468487732927
hog,base_level,v5_hog_level_res_92601,92601,test_a,Hog_office_Clemencia,2.5370089861885394,0.933742483019402,0.05327443275503659,1920,4871.057253481996,1792.7855673972517,102.28691088967025
hog,base_level,v5_hog_level_res_92601,92601,test_a,Hog_office_Cordelia,0.3860961851742654,0.47454983562080694,-0.12098132326427731,1920,741.3046755345896,911.1356843919493,-232.28414066741243
hog,base_level,v5_hog_level_res_92601,92601,test_a,Hog_office_Corey,0.7062585714671624,0.6094895926409662,0.06058628680681674,1920,1356.016457216952,1170.2200178706553,116.32567066908814
hog,base_level,v5_hog_level_res_92601,92601,test_a,Hog_office_Corie,0.2749951001409762,0.4025331185271185,-0.03310198337470916,1918,527.4406020703924,772.0585213350132,-63.48960411269218
hog,base_level,v5_hog_level_res_92601,92601,test_a,Hog_office_Cornell,0.9487884706758296,0.7038886727103538,-0.18741485606061703,1903,1805.5444596961038,1339.5001441678032,-356.6504710833542
hog,base_level,v5_hog_level_res_92601,92601,test_a,Hog_office_Cortney,0.10345723041768257,0.2018847271603287,0.020035660537268997,1920,198.63788240195052,387.61867614783114,38.46846823155647
hog,base_level,v5_hog_level_res_92601,92601,test_a,Hog_office_Darline,2.352472112114084,0.5578698980370973,0.0013957487224009431,1920,4516.746455259041,1071.1102042312268,2.679837547009811
hog,base_level,v5_hog_level_res_92601,92601,test_a,Hog_office_Denita,0.12800372073606578,0.26851374290231433,-0.018370179154271683,1920,245.76714381324632,515.5463863724435,-35.27074397620163
hog,base_level,v5_hog_level_res_92601,92601,test_a,Hog_office_Elizbeth,0.15587724079991377,0.26945144275183947,0.007605228251001487,1920,299.28430233583447,517.3467700835317,14.602038241922855
hog,base_level,v5_hog_level_res_92601,92601,test_a,Hog_office_Elke,0.13199458228037705,0.24201743192417202,-0.008333654246342536,1918,253.16560881376319,464.18943443056196,-15.983948844484985
hog,base_level,v5_hog_level_res_92601,92601,test_a,Hog_office_Elnora,0.889946279347413,0.7263172145195615,-0.17581398317512745,1920,1708.696856347033,1394.5290518775582,-337.5628476962447
hog,base_level,v5_hog_level_res_92601,92601,test_a,Hog_office_Eloise,0.12652593795603176,0.2706481993319509,-0.04471484390522467,1920,242.92980087558095,519.6445427173458,-85.85250029803137
hog,base_level,v5_hog_level_res_92601,92601,test_a,Hog_office_Elsy,0.558562455250779,0.5233644382832912,-0.1400412121796156,1920,1072.4399140814955,1004.859721503919,-268.87912738486193
hog,base_level,v5_hog_level_res_92601,92601,test_a,Hog_office_Emmanuel,1.7438858586535282,0.7679457868058913,0.0002120890851074364,1920,3348.260848614774,1474.4559106673114,0.4072110434062779
hog,base_level,v5_hog_level_res_92601,92601,test_a,Hog_office_Garrett,2.563486455652792,1.248460170659746,0.017126916731285746,1920,4921.893994853361,2397.043527666712,32.88368012406863
hog,base_level,v5_hog_level_res_92601,92601,test_a,Hog_office_Guadalupe,0.2607641687096106,0.38659486538478327,0.005870326277605879,1920,500.6672039224524,742.2621415387839,11.271026453003287
hog,base_level,v5_hog_level_res_92601,92601,test_a,Hog_office_Gustavo,0.11144378703720718,0.23212733207838027,0.01899061063844177,1920,213.9720711114378,445.68447759049013,36.4619724258082
hog,base_level,v5_hog_level_res_92601,92601,test_a,Hog_office_Joey,27.744087523574567,3.960081102282811,-0.2964816924773132,1918,53213.15987021602,7595.435554178432,-568.6518861714867
hog,base_level,v5_hog_level_res_92601,92601,test_a,Hog_office_Josefina,0.1802961367191485,0.30134806193821834,-0.029703366483621114,1920,346.16858250076507,578.5882789213792,-57.03046364855254
hog,base_level,v5_hog_level_res_92601,92601,test_a,Hog_office_Lanell,0.7859433756004933,0.6342732815434525,-0.25726226105167976,1920,1509.0112811529473,1217.804700563429,-493.94354121922515
hog,base_level,v5_hog_level_res_92601,92601,test_b,Hog_office_Alexis,1.5388475390434815,0.9527344479831906,-0.09855534297870085,1920,2954.5872749634846,1829.250140127726,-189.2262585191056
hog,base_level,v5_hog_level_res_92601,92601,test_b,Hog_office_Almeda,0.6394967370456591,0.6082328107050368,-0.06672246016238811,1920,1227.8337351276655,1167.8069965536706,-128.10712351178518
hog,base_level,v5_hog_level_res_92601,92601,test_b,Hog_office_Bessie,0.19731760515934083,0.34970180216608543,-0.038948746357315635,1920,378.8498019059344,671.4274601588841,-74.78159300604602
hog,base_level,v5_hog_level_res_92601,92601,test_b,Hog_office_Betsy,26.107749881402224,3.8703314278895657,-0.3537522254511714,1920,50126.87977229227,7431.036341547966,-679.2042728662491
hog,base_level,v5_hog_level_res_92601,92601,test_b,Hog_office_Bill,0.46564954897557115,0.5255998515291139,-0.07099225265750041,1920,894.0471340330967,1009.1517149358988,-136.30512510240078
hog,base_level,v5_hog_level_res_92601,92601,test_b,Hog_office_Buford,0.8384431923389588,0.6255343870259822,0.12958167030786474,1920,1609.810929290801,1201.0260230898857,248.7968069911003
hog,base_level,v5_hog_level_res_92601,92601,test_b,Hog_office_Byron,0.1717656600446057,0.2739633204308726,0.010851390340637106,1920,329.7900672856429,526.0095752272755,20.834669454023242
hog,base_level,v5_hog_level_res_92601,92601,test_b,Hog_office_Candi,0.42900737389978144,0.5228774477924162,0.013736169888155321,1920,823.6941578875803,1003.9246997614391,26.373446185258217
hog,base_level,v5_hog_level_res_92601,92601,test_b,Hog_office_Carri,1.1451084854976816,0.7510687285251452,-0.3031261259146613,1826,2090.9680945187665,1371.451498286915,-553.5083059201716
hog,base_level,v5_hog_level_res_92601,92601,test_b,Hog_office_Catalina,0.7362188580088754,0.6531814439377437,-0.09875055385443071,1920,1413.5402073770408,1254.108372360468,-189.60106340050697
hog,base_level,v5_hog_level_res_92601,92601,test_b,Hog_office_Catharine,9.672257857942945,2.2183619518564175,0.20085057088395414,1745,16878.08996211044,3871.0416059894487,350.4842461925
hog,base_level,v5_hog_level_res_92601,92601,test_b,Hog_office_Charla,0.2855344870560682,0.4176665880746441,0.04948878738456794,1920,548.2262151476509,801.9198491033167,95.01847177837044
hog,base_level,v5_hog_level_res_92601,92601,test_b,Hog_office_Clemencia,1.3124478418995018,0.4907761684857816,0.03273167198923714,1910,2506.7753780280486,937.3824818078429,62.517493499442935
hog,base_level,v5_hog_level_res_92601,92601,test_b,Hog_office_Cordelia,0.45402772920778633,0.5191463288235961,-0.08582248371133877,1920,871.7332400789497,996.7609513413045,-164.77916872577043
hog,base_level,v5_hog_level_res_92601,92601,test_b,Hog_office_Corey,0.583212468521722,0.5510823958618858,-0.0015888829538501644,1920,1119.7679395617063,1058.0782000548206,-3.0506552713923156
hog,base_level,v5_hog_level_res_92601,92601,test_b,Hog_office_Corie,0.38347100803444517,0.48806056411510024,0.05053266200120561,1920,736.2643354261347,937.0762831009924,97.02271104231477
hog,base_level,v5_hog_level_res_92601,92601,test_b,Hog_office_Cornell,3.363625377803869,1.3518167922091882,-0.3397473820314838,1684,5664.345136221716,2276.4594780802727,-572.1345913410187
hog,base_level,v5_hog_level_res_92601,92601,test_b,Hog_office_Cortney,0.14972926892867247,0.2695535285466273,0.011000478542215811,1920,287.48019634305115,517.5427748095244,21.12091880105436
hog,base_level,v5_hog_level_res_92601,92601,test_b,Hog_office_Darline,14.226701939078783,1.4947068027904227,-0.29342561632139136,1918,27286.814319153105,2866.8476477520308,-562.7903321044287
hog,base_level,v5_hog_level_res_92601,92601,test_b,Hog_office_Denita,0.1640155093821674,0.3149407073079298,0.03251107224932639,1920,314.9097780137614,604.6861580312252,62.42125871870667
hog,base_level,v5_hog_level_res_92601,92601,test_b,Hog_office_Elizbeth,0.36777036029278676,0.34831710250079456,0.011644469112928739,1916,704.6480103209794,667.3755683915224,22.310802820371464
hog,base_level,v5_hog_level_res_92601,92601,test_b,Hog_office_Elke,0.15300330724704056,0.2749059227712375,0.02418095899823432,1920,293.76634991431786,527.819371720776,46.4274412766099
hog,base_level,v5_hog_level_res_92601,92601,test_b,Hog_office_Elnora,1.5248669170021836,0.9279542119707912,0.02995983137128254,1920,2927.7444806441927,1781.6720869839191,57.52287623286247
hog,base_level,v5_hog_level_res_92601,92601,test_b,Hog_office_Eloise,0.3142529628598974,0.4541484906512778,0.04914290721838673,1920,603.365688691003,871.9651020504534,94.35438185930252
hog,base_level,v5_hog_level_res_92601,92601,test_b,Hog_office_Elsy,0.9724436038150579,0.7511146387270607,-0.09493840124594603,1910,1857.3672832867605,1434.628959968686,-181.33234637975693
hog,base_level,v5_hog_level_res_92601,92601,test_b,Hog_office_Emmanuel,0.5065904429079566,0.5378088627072405,0.08080677222150796,1917,971.133879054553,1030.97958980978,154.90658234863076
hog,base_level,v5_hog_level_res_92601,92601,test_b,Hog_office_Garrett,2.774419772149345,1.2898265107360203,-0.06323271458386444,1920,5326.885962526742,2476.466900613159,-121.40681200101972
hog,base_level,v5_hog_level_res_92601,92601,test_b,Hog_office_Guadalupe,0.37357072150889387,0.4943675790767884,0.055693344590448154,1920,717.2557852970763,949.1857518274337,106.93122161366045
hog,base_level,v5_hog_level_res_92601,92601,test_b,Hog_office_Gustavo,0.22137044773785586,0.36002688096144386,-0.0007653551137688434,1920,425.03125965668323,691.2516114459722,-1.4694818184361793
hog,base_level,v5_hog_level_res_92601,92601,test_b,Hog_office_Joey,27.804205731307054,4.206958505047745,-0.06679027751263979,1920,53384.075004109545,8077.36032969167,-128.23733282426838
hog,base_level,v5_hog_level_res_92601,92601,test_b,Hog_office_Josefina,0.5233230967579321,0.5293161659307265,0.05366543560396643,1918,1003.7336995817137,1015.2284062551335,102.93030548840761
hog,base_level,v5_hog_level_res_92601,92601,test_b,Hog_office_Lanell,1.2694265765698776,0.851715498750309,0.17228729177350033,1920,2437.299027014165,1635.2937576005934,330.79160020512063
hog,base_level,v5_hog_level_res_92601,92601,combined,Hog_office_Alexis,1.365515433155442,0.8697561667269231,-0.16694153051381969,3840,5243.579263316898,3339.863680231385,-641.0554771730676
hog,base_level,v5_hog_level_res_92601,92601,combined,Hog_office_Almeda,0.5675463389189255,0.5625067225752597,-0.029934775170886496,3840,2179.377941448674,2160.0258146889973,-114.94953665620415
hog,base_level,v5_hog_level_res_92601,92601,combined,Hog_office_Bessie,0.17425903102846405,0.3127174608052883,-0.04602059454249077,3840,669.154679149302,1200.835049492307,-176.71908304316457
hog,base_level,v5_hog_level_res_92601,92601,combined,Hog_office_Betsy,21.869580113359323,3.5048778156827516,-0.6565172758186236,3840,83979.1876352998,13458.730812221766,-2521.0263391435146
hog,base_level,v5_hog_level_res_92601,92601,combined,Hog_office_Bill,0.39401074236275935,0.4609437888371758,-0.06924679997609928,3840,1513.0012506729959,1770.0241491347551,-265.90771190822124
hog,base_level,v5_hog_level_res_92601,92601,combined,Hog_office_Buford,0.7447636660948073,0.6147907822974957,-0.09147370484327742,3840,2859.89247780406,2360.7966040223837,-351.2590265981853
hog,base_level,v5_hog_level_res_92601,92601,combined,Hog_office_Byron,0.15211009473810172,0.2573265090410132,-0.01137867683986163,3840,584.1027637943106,988.1337947174907,-43.69411906506866
hog,base_level,v5_hog_level_res_92601,92601,combined,Hog_office_Candi,0.27850193171184456,0.38165923736317686,-0.001516790988989669,3840,1069.447417773483,1465.571471474599,-5.8244773977203295
hog,base_level,v5_hog_level_res_92601,92601,combined,Hog_office_Carri,0.8404928381627735,0.6375186245557997,-0.2101102228744237,3746,3148.4861717577496,2388.1447675860254,-787.0728948875912
hog,base_level,v5_hog_level_res_92601,92601,combined,Hog_office_Catalina,0.842288251501568,0.6307165681059511,-0.015945653902114523,3840,3234.3868857660214,2421.9516215268523,-61.23131098411977
hog,base_level,v5_hog_level_res_92601,92601,combined,Hog_office_Catharine,7.658649284497952,1.9427175033295156,-0.07299160980097448,3568,27326.060647088692,6931.616051879711,-260.43406376987696
hog,base_level,v5_hog_level_res_92601,92601,combined,Hog_office_Charla,0.27135819411350703,0.4003260735510177,0.022654167523603518,3840,1042.015465395867,1537.252122435908,86.99200329063751
hog,base_level,v5_hog_level_res_92601,92601,combined,Hog_office_Clemencia,1.9263270578355396,0.7128376107585104,0.04302987059767968,3830,7377.832631510117,2730.1680492050946,164.8044043891132
hog,base_level,v5_hog_level_res_92601,92601,combined,Hog_office_Cordelia,0.42006195719102457,0.4968480822222015,-0.10340190348780803,3840,1613.0379156135343,1907.8966357332538,-397.06330939318286
hog,base_level,v5_hog_level_res_92601,92601,combined,Hog_office_Corey,0.6447355199944435,0.580285994251426,0.029498701926483288,3840,2475.784396778663,2228.298217925476,113.27501539769582
hog,base_level,v5_hog_level_res_92601,92601,combined,Hog_office_Corie,0.3292613177427136,0.44531912569984516,0.008737130518400884,3838,1263.7049374965347,1709.1348044360057,33.53310692962259
hog,base_level,v5_hog_level_res_92601,92601,combined,Hog_office_Cornell,2.0824894329294175,1.0080734937965086,-0.25893087884705124,3587,7469.88959591782,3615.959622248076,-928.7850624243729
hog,base_level,v5_hog_level_res_92601,92601,combined,Hog_office_Cortney,0.1265932496731791,0.235719127853478,0.015518069539742404,3840,486.1180787450077,905.1614509573556,59.58938703261083
hog,base_level,v5_hog_level_res_92601,92601,combined,Hog_office_Darline,8.286493166860902,1.0260442553369613,-0.14593811739380377,3838,31803.56077441214,3937.9578519832576,-560.1104945574189
hog,base_level,v5_hog_level_res_92601,92601,combined,Hog_office_Denita,0.14600961505911736,0.29172722510512206,0.0070704465475273535,3840,560.6769218270107,1120.2325444036687,27.150514742505038
hog,base_level,v5_hog_level_res_92601,92601,combined,Hog_office_Elizbeth,0.26171332446736534,0.308843153929889,0.009622742716969323,3836,1003.9323126568133,1184.7223384750541,36.91284106229432
hog,base_level,v5_hog_level_res_92601,92601,combined,Hog_office_Elke,0.142504418636812,0.2584702465219744,0.00793212413551978,3838,546.9319587280845,992.0088061513379,30.443492432124913
hog,base_level,v5_hog_level_res_92601,92601,combined,Hog_office_Elnora,1.2074065981748023,0.8271357132451764,-0.07292707590192246,3840,4636.441336991241,3176.2011388614774,-280.03997146338224
hog,base_level,v5_hog_level_res_92601,92601,combined,Hog_office_Eloise,0.22038945040796404,0.3623983449916144,0.0022140316565810282,3840,846.2954895665819,1391.6096447677992,8.501881561271148
hog,base_level,v5_hog_level_res_92601,92601,combined,Hog_office_Elsy,0.7649627147175602,0.6369422144837089,-0.11754868766700231,3830,2929.8071973682554,2439.488681472605,-450.21147376461886
hog,base_level,v5_hog_level_res_92601,92601,combined,Hog_office_Emmanuel,1.1257218471903452,0.6529672922796694,0.04047792374043186,3837,4319.394727669354,2505.4355004770914,155.31379339203704
hog,base_level,v5_hog_level_res_92601,92601,combined,Hog_office_Garrett,2.668953113901069,1.2691433406978831,-0.023052898926289346,3840,10248.779957380106,4873.510428279871,-88.52313187695108
hog,base_level,v5_hog_level_res_92601,92601,combined,Hog_office_Guadalupe,0.31716744510925327,0.44048122223078584,0.030781835434027016,3840,1217.9229892195326,1691.4478933662176,118.20224806666374
hog,base_level,v5_hog_level_res_92601,92601,combined,Hog_office_Gustavo,0.16640711738753117,0.2960771065199121,0.009112627762336463,3840,639.0033307681197,1136.9360890364624,34.99249060737202
hog,base_level,v5_hog_level_res_92601,92601,combined,Hog_office_Joey,27.774162291382595,4.083584128157921,-0.181576138352203,3838,106597.2348743264,15672.795883870102,-696.8892189957551
hog,base_level,v5_hog_level_res_92601,92601,combined,Hog_office_Josefina,0.3517202402507778,0.4152727163044588,0.011959312621119092,3838,1349.9022820824853,1593.8166851765127,45.89984183985507
hog,base_level,v5_hog_level_res_92601,92601,combined,Hog_office_Lanell,1.027684976085183,0.7429943901468808,-0.04248748463908972,3840,3946.310308167103,2853.0984581640223,-163.15194101410452
hog,base_level,v5_hog_level_res_92602,92602,test_a,Hog_office_Alexis,1.1622121457278098,0.7857782400135572,-0.17671831775223837,1920,2231.447319797395,1508.6942208260298,-339.29917008429766
hog,base_level,v5_hog_level_res_92602,92602,test_a,Hog_office_Almeda,0.5070056922746664,0.5236241225768026,0.02798514921341848,1920,973.4509291673595,1005.358315347461,53.73148648976348
hog,base_level,v5_hog_level_res_92602,92602,test_a,Hog_office_Bessie,0.1532850590578778,0.2818236109365595,-0.06998617191296337,1920,294.3073133911254,541.1013329981943,-134.37345007288968
hog,base_level,v5_hog_level_res_92602,92602,test_a,Hog_office_Betsy,17.643384433212375,3.1381140447376916,-0.9116487463160108,1920,33875.29811176776,6025.178965896368,-1750.3655929267406
hog,base_level,v5_hog_level_res_92602,92602,test_a,Hog_office_Bill,0.3294978800568843,0.3992503619752824,-0.06147198022032777,1920,632.6359297092179,766.5606949925423,-118.02620202302933
hog,base_level,v5_hog_level_res_92602,92602,test_a,Hog_office_Buford,0.6428819225832219,0.599650204681772,-0.30673761843791,1920,1234.333291359786,1151.3283929890022,-588.9362274007872
hog,base_level,v5_hog_level_res_92602,92602,test_a,Hog_office_Byron,0.13570905013331813,0.24198331840258713,-0.0241104190145658,1920,260.5613762559708,464.6079713329673,-46.29200450796634
hog,base_level,v5_hog_level_res_92602,92602,test_a,Hog_office_Candi,0.12629274149882505,0.23772300243484398,-0.003916797560426251,1920,242.48206367774412,456.4281646749005,-7.520251316018403
hog,base_level,v5_hog_level_res_92602,92602,test_a,Hog_office_Carri,0.542141001324881,0.5241206227046556,-0.09147881730638498,1920,1040.9107225437715,1006.3115955929388,-175.63932922825916
hog,base_level,v5_hog_level_res_92602,92602,test_a,Hog_office_Catalina,0.9665440395283939,0.620977891049309,0.09431114292916996,1920,1855.7645558945162,1192.2775508146733,181.07739442400634
hog,base_level,v5_hog_level_res_92602,92602,test_a,Hog_office_Catharine,5.883709291318918,1.689502190192625,-0.3860919683368583,1823,10726.002038074388,3079.9624927211553,-703.8456582780927
hog,base_level,v5_hog_level_res_92602,92602,test_a,Hog_office_Charla,0.25383412650737414,0.3796199141405926,-0.032453784813355924,1920,487.3615228941584,728.8702351499378,-62.31126684164337
hog,base_level,v5_hog_level_res_92602,92602,test_a,Hog_office_Clemencia,2.5873898797008628,0.9472937885293504,0.020780296529604433,1920,4967.788569025656,1818.8040739763528,39.89816933684051
hog,base_level,v5_hog_level_res_92602,92602,test_a,Hog_office_Cordelia,0.3725930318490152,0.46993665365953347,-0.08872215678590388,1920,715.3786211501092,902.2783750263043,-170.34654102893546
hog,base_level,v5_hog_level_res_92602,92602,test_a,Hog_office_Corey,0.7054099676283568,0.6049362401214845,0.06430916926001373,1920,1354.387137846445,1161.4775810332503,123.47360497922637
hog,base_level,v5_hog_level_res_92602,92602,test_a,Hog_office_Corie,0.27715931474650984,0.4125586968790293,-0.07499546288513619,1918,531.5915656838059,791.2875806139782,-143.8412978136912
hog,base_level,v5_hog_level_res_92602,92602,test_a,Hog_office_Cornell,0.9355095725473032,0.6997621726906352,-0.13833817489189745,1903,1780.2747165575179,1331.647414630279,-263.25754681928083
hog,base_level,v5_hog_level_res_92602,92602,test_a,Hog_office_Cortney,0.10308235398713209,0.20161819384250823,0.013421346959967195,1920,197.9181196552936,387.1069321776158,25.768986163137015
hog,base_level,v5_hog_level_res_92602,92602,test_a,Hog_office_Darline,2.347415427538339,0.5563523651624565,0.009845271778370563,1920,4507.037620873612,1068.1965411119163,18.902921814471483
hog,base_level,v5_hog_level_res_92602,92602,test_a,Hog_office_Denita,0.12703080099100075,0.2702067281969145,-0.04139931588183572,1920,243.89913790272146,518.7969181380759,-79.48668649312458
hog,base_level,v5_hog_level_res_92602,92602,test_a,Hog_office_Elizbeth,0.15414489963160244,0.26814794330178604,-0.0010332694607010733,1920,295.95820729267666,514.8440511394292,-1.9838773645460606
hog,base_level,v5_hog_level_res_92602,92602,test_a,Hog_office_Elke,0.1331857079801699,0.24362662780983324,-0.010891758027846796,1918,255.4501879059659,467.2758721392602,-20.890391897410154
hog,base_level,v5_hog_level_res_92602,92602,test_a,Hog_office_Elnora,0.8861026495677381,0.7253147877791586,-0.1979360644045907,1920,1701.3170871700572,1392.6043925359845,-380.0372436568141
hog,base_level,v5_hog_level_res_92602,92602,test_a,Hog_office_Eloise,0.1289896523482131,0.27358364999768126,-0.05090815525762385,1920,247.66013250856918,525.280607995548,-97.7436580946378
hog,base_level,v5_hog_level_res_92602,92602,test_a,Hog_office_Elsy,0.5589892230138148,0.5253468061776706,-0.11445156906544678,1920,1073.2593081865245,1008.6658678611275,-219.7470126056578
hog,base_level,v5_hog_level_res_92602,92602,test_a,Hog_office_Emmanuel,1.7673286567974806,0.7838092922046296,-0.009221685870579676,1920,3393.2710210511627,1504.9138410328887,-17.70563687151298
hog,base_level,v5_hog_level_res_92602,92602,test_a,Hog_office_Garrett,2.5813681872327665,1.248981062099847,0.021037028374970155,1920,4956.226919486911,2398.043639231706,40.391094479942694
hog,base_level,v5_hog_level_res_92602,92602,test_a,Hog_office_Guadalupe,0.2666207013707584,0.39407554452094096,-0.04713951196075262,1920,511.91174663185615,756.6250454802066,-90.50786296464503
hog,base_level,v5_hog_level_res_92602,92602,test_a,Hog_office_Gustavo,0.11252673292996977,0.23384061424221728,0.0041364332860515185,1920,216.05132722554197,448.97397934505716,7.941951909218915
hog,base_level,v5_hog_level_res_92602,92602,test_a,Hog_office_Joey,27.969883647551992,3.9733484092375364,-0.26458393135929276,1918,53646.23683600472,7620.882248917595,-507.47198034712346
hog,base_level,v5_hog_level_res_92602,92602,test_a,Hog_office_Josefina,0.17908746969975498,0.3032161469684373,-0.051322231992556526,1920,343.84794182352954,582.1750021793996,-98.53868542570854
hog,base_level,v5_hog_level_res_92602,92602,test_a,Hog_office_Lanell,0.7641601584289658,0.6240683576221878,-0.24553119789234187,1920,1467.1875041836142,1198.2112466346007,-471.4198999532964
hog,base_level,v5_hog_level_res_92602,92602,test_b,Hog_office_Alexis,1.5168433266193178,0.9499240519032658,-0.026997389149619265,1920,2912.3391871090903,1823.8541796542704,-51.83498716726899
hog,base_level,v5_hog_level_res_92602,92602,test_b,Hog_office_Almeda,0.643334627433557,0.6110145654080649,-0.04232061656121004,1920,1235.2024846724294,1173.1479655834846,-81.25558379752329
hog,base_level,v5_hog_level_res_92602,92602,test_b,Hog_office_Bessie,0.1991679902918712,0.3502361735283254,-0.029690646149265375,1920,382.4025413603927,672.4534531743848,-57.00604060658952
hog,base_level,v5_hog_level_res_92602,92602,test_b,Hog_office_Betsy,26.203235007295095,3.890922289341688,-0.276002312079072,1920,50310.21121400658,7470.570795536041,-529.9244391918182
hog,base_level,v5_hog_level_res_92602,92602,test_b,Hog_office_Bill,0.4779645035531883,0.5287916636172061,-0.0753368595537419,1920,917.6918468221215,1015.2799941450357,-144.64677034318447
hog,base_level,v5_hog_level_res_92602,92602,test_b,Hog_office_Buford,0.8387224001090773,0.6263708806907137,0.13402613544215758,1920,1610.3470082094284,1202.6320909261703,257.33018004894257
hog,base_level,v5_hog_level_res_92602,92602,test_b,Hog_office_Byron,0.17441541987832865,0.2771843646192186,0.004615503862927047,1920,334.877606166391,532.1939800688997,8.86176741681993
hog,base_level,v5_hog_level_res_92602,92602,test_b,Hog_office_Candi,0.436137471374827,0.5231546355974691,0.029219635702186983,1920,837.3839450396679,1004.4569003471406,56.101700548199005
hog,base_level,v5_hog_level_res_92602,92602,test_b,Hog_office_Carri,1.1413382016727074,0.7472180907399932,-0.3010005395142754,1826,2084.083556254364,1364.4202336912276,-549.6269851530669
hog,base_level,v5_hog_level_res_92602,92602,test_b,Hog_office_Catalina,0.7468692299416623,0.6540264788083732,-0.07044212336962422,1920,1433.9889214879915,1255.7308393120766,-135.2488768696785
hog,base_level,v5_hog_level_res_92602,92602,test_b,Hog_office_Catharine,9.66401743994809,2.193444507073259,0.13583765586565935,1745,16863.710432709417,3827.5606648428366,237.03670948557556
hog,base_level,v5_hog_level_res_92602,92602,test_b,Hog_office_Charla,0.28372699935205115,0.41471658646769355,0.014689055401928879,1920,544.7558387559382,796.2558460179716,28.202986371703446
hog,base_level,v5_hog_level_res_92602,92602,test_b,Hog_office_Clemencia,1.2904246706007758,0.4756709685276082,0.034484418055422954,1910,2464.7111208474817,908.5315498877317,65.86523848585784
hog,base_level,v5_hog_level_res_92602,92602,test_b,Hog_office_Cordelia,0.433509239024019,0.5111035990927424,-0.039902538035827696,1920,832.3377389261165,981.3189102580654,-76.61287302878918
hog,base_level,v5_hog_level_res_92602,92602,test_b,Hog_office_Corey,0.5691449414573985,0.5419375210774888,-0.0019803584143422387,1920,1092.758287598205,1040.5200404687785,-3.8022881555370986
hog,base_level,v5_hog_level_res_92602,92602,test_b,Hog_office_Corie,0.38685095031022804,0.49274295901414006,0.03172207848013689,1920,742.7538245956379,946.0664813071489,60.90639068186283
hog,base_level,v5_hog_level_res_92602,92602,test_b,Hog_office_Cornell,3.4033415536695157,1.3681737531746367,-0.3006510116566955,1684,5731.227176379464,2304.0046003460884,-506.2963036298752
hog,base_level,v5_hog_level_res_92602,92602,test_b,Hog_office_Cortney,0.14885756986479398,0.2693210675798279,-0.006413740106897118,1920,285.80653414040444,517.0964497532696,-12.314381005242467
hog,base_level,v5_hog_level_res_92602,92602,test_b,Hog_office_Darline,14.270342548234403,1.495067431836846,-0.28598019931089314,1918,27370.517007513587,2867.5393342630705,-548.510022278293
hog,base_level,v5_hog_level_res_92602,92602,test_b,Hog_office_Denita,0.16269129626554119,0.3141742856701967,0.017956559475957572,1920,312.3672888298391,603.2146284867777,34.47659419383854
hog,base_level,v5_hog_level_res_92602,92602,test_b,Hog_office_Elizbeth,0.3649717237965078,0.34987403930464783,0.000573169025529316,1916,699.2858227941089,670.3586593077052,1.0981918529141694
hog,base_level,v5_hog_level_res_92602,92602,test_b,Hog_office_Elke,0.1509057865884374,0.27242526469150713,0.015458533269702457,1920,289.7391102497998,523.0565082076937,29.680383877828717
hog,base_level,v5_hog_level_res_92602,92602,test_b,Hog_office_Elnora,1.5544870136367457,0.9319248754065483,0.005927412134284774,1920,2984.615066182552,1789.295760780573,11.380631297826767
hog,base_level,v5_hog_level_res_92602,92602,test_b,Hog_office_Eloise,0.31663181661890555,0.45930237019395764,0.04289471586428893,1920,607.9330879082986,881.8605507723987,82.35785445943475
hog,base_level,v5_hog_level_res_92602,92602,test_b,Hog_office_Elsy,0.9624574728883313,0.7448447250756216,-0.06897826364839264,1910,1838.2937732167127,1422.6534248944372,-131.74848356842995
hog,base_level,v5_hog_level_res_92602,92602,test_b,Hog_office_Emmanuel,0.4918460146395854,0.5305728038441245,0.06865985550883434,1917,942.8688100640852,1017.1080649691867,131.62094301043544
hog,base_level,v5_hog_level_res_92602,92602,test_b,Hog_office_Garrett,2.793227709876097,1.2907971648557577,-0.02922830732422881,1920,5362.997202962106,2478.330556523055,-56.11835006251931
hog,base_level,v5_hog_level_res_92602,92602,test_b,Hog_office_Guadalupe,0.38304601878594075,0.5025928207973872,0.030026080991956406,1920,735.4483560690062,964.9782159309834,57.6500755045563
hog,base_level,v5_hog_level_res_92602,92602,test_b,Hog_office_Gustavo,0.22472442163994846,0.36046346074190294,-0.0052803440175011925,1920,431.47088954870105,692.0898446244537,-10.13826051360229
hog,base_level,v5_hog_level_res_92602,92602,test_b,Hog_office_Joey,27.939412894842192,4.210883481924914,-0.10381482148059148,1920,53643.67275809701,8084.896285295836,-199.32445724273566
hog,base_level,v5_hog_level_res_92602,92602,test_b,Hog_office_Josefina,0.5367335994845814,0.5332404657624413,0.027552204868902877,1918,1029.4550438114272,1022.7552133323625,52.84512893855572
hog,base_level,v5_hog_level_res_92602,92602,test_b,Hog_office_Lanell,1.2896475677139245,0.8578030360115008,0.17329253576469153,1920,2476.123330010735,1646.9818291420816,332.7216686682077
hog,base_level,v5_hog_level_res_92602,92602,combined,Hog_office_Alexis,1.3395277361735693,0.8678511459584115,-0.10185785345092882,3840,5143.7865069065065,3332.5484004803,-391.13415725156665
hog,base_level,v5_hog_level_res_92602,92602,combined,Hog_office_Almeda,0.5751701598541149,0.5673193439924338,-0.007167733673895782,3840,2208.653413839801,2178.5062809309456,-27.524097307759803
hog,base_level,v5_hog_level_res_92602,92602,combined,Hog_office_Bessie,0.1762265246748739,0.31602989223244243,-0.049838409031114375,3840,676.7098547515158,1213.554786172579,-191.3794906794792
hog,base_level,v5_hog_level_res_92602,92602,combined,Hog_office_Betsy,21.923309720253695,3.51451816703969,-0.5938255291975414,3840,84185.50932577418,13495.74976143241,-2280.290032118559
hog,base_level,v5_hog_level_res_92602,92602,combined,Hog_office_Bill,0.40373119180503253,0.46402101279624425,-0.06840441988703484,3840,1550.3277765313248,1781.840689137578,-262.6729723662138
hog,base_level,v5_hog_level_res_92602,92602,combined,Hog_office_Buford,0.7408021613461415,0.6130105426862429,-0.0863557414978762,3840,2844.6802995691833,2353.9604839151725,-331.6060473518446
hog,base_level,v5_hog_level_res_92602,92602,combined,Hog_office_Byron,0.15506223500582353,0.25958384151090286,-0.009747457575819378,3840,595.4389824223623,996.801951401867,-37.43023709114641
hog,base_level,v5_hog_level_res_92602,92602,combined,Hog_office_Candi,0.28121510643682657,0.38043881901615656,0.012651419070880365,3840,1079.866008717414,1460.885065022041,48.5814492321806
hog,base_level,v5_hog_level_res_92602,92602,combined,Hog_office_Carri,0.8342216440998727,0.6328702160395533,-0.19361086876169945,3746,3124.994278798123,2370.7318292841665,-725.2663143813261
hog,base_level,v5_hog_level_res_92602,92602,combined,Hog_office_Catalina,0.8567066347350326,0.6375021849288411,0.011934509779772876,3840,3289.753477382525,2448.00839012675,45.828517554327846
hog,base_level,v5_hog_level_res_92602,92602,combined,Hog_office_Catharine,7.732542732843023,1.9359650105280246,-0.13083210448220772,3568,27589.712470783907,6907.523157563992,-466.8089487925172
hog,base_level,v5_hog_level_res_92602,92602,combined,Hog_office_Charla,0.2687805629297112,0.3971682503041431,-0.008882364705713523,3840,1032.117361650091,1525.1260811679094,-34.10828046993993
hog,base_level,v5_hog_level_res_92602,92602,combined,Hog_office_Clemencia,1.9406004412201496,0.7120980741159489,0.027614466794438214,3830,7432.499689873173,2727.3356238640845,105.76340782269835
hog,base_level,v5_hog_level_res_92602,92602,combined,Hog_office_Cordelia,0.40305113543651605,0.49052012637613795,-0.06431234741086579,3840,1547.7163600762217,1883.5972852843697,-246.95941405772464
hog,base_level,v5_hog_level_res_92602,92602,combined,Hog_office_Corey,0.6372774545428824,0.5734368805994866,0.031164405422835748,3840,2447.1454254446685,2201.997621502029,119.67131682368927
hog,base_level,v5_hog_level_res_92602,92602,combined,Hog_office_Corie,0.3320337129440989,0.452671720146203,-0.021608886694066798,3838,1274.3453902794515,1737.3540619211271,-82.93490713182837
hog,base_level,v5_hog_level_res_92602,92602,combined,Hog_office_Cornell,2.094090296330353,1.013563427648834,-0.2145396850987332,3587,7511.501892936976,3635.6520149763674,-769.553850449156
hog,base_level,v5_hog_level_res_92602,92602,combined,Hog_office_Cortney,0.12596996192596446,0.23546963071116805,0.0035038034265350384,3840,483.72465379570355,904.2033819308854,13.454605157894548
hog,base_level,v5_hog_level_res_92602,92602,combined,Hog_office_Darline,8.305772440955497,1.0254653140633108,-0.13799038573835892,3838,31877.5546283872,3935.735875374987,-529.6071004638216
hog,base_level,v5_hog_level_res_92602,92602,combined,Hog_office_Denita,0.14486104862827137,0.2921905069335556,-0.011721378202939075,3840,556.2664267325621,1122.0115466248535,-45.01009229928604
hog,base_level,v5_hog_level_res_92602,92602,combined,Hog_office_Elizbeth,0.2594483915763254,0.3089683812427358,-0.0002308877767549247,3836,995.2440300867842,1185.2027104471345,-0.8856855116318911
hog,base_level,v5_hog_level_res_92602,92602,combined,Hog_office_Elke,0.14205036429280102,0.25803344980379206,0.002290253251802648,3838,545.1892981557703,990.3323803469539,8.789991980418563
hog,base_level,v5_hog_level_res_92602,92602,combined,Hog_office_Elnora,1.2202948316022428,0.8286198315928535,-0.09600432613515295,3840,4685.932153352613,3181.9001533165574,-368.65661235898733
hog,base_level,v5_hog_level_res_92602,92602,combined,Hog_office_Eloise,0.22281073448355862,0.3664430100958195,-0.00400671969666746,3840,855.593220416865,1407.1411587679468,-15.385803635203047
hog,base_level,v5_hog_level_res_92602,92602,combined,Hog_office_Elsy,0.7601966269982339,0.6348092148186852,-0.0917742809854015,3830,2911.553081403236,2431.3192927555647,-351.49549617408775
hog,base_level,v5_hog_level_res_92602,92602,combined,Hog_office_Emmanuel,1.130085960676381,0.6572900458697095,0.02968863855588284,3837,4336.139831115273,2522.0219060020754,113.91530613892246
hog,base_level,v5_hog_level_res_92602,92602,combined,Hog_office_Garrett,2.687297948554433,1.2698891134778023,-0.004095639474629328,3840,10319.224122449023,4876.374195754761,-15.727255582576618
hog,base_level,v5_hog_level_res_92602,92602,combined,Hog_office_Guadalupe,0.32483336007835156,0.4483341826591641,-0.008556715484398106,3840,1247.36010270087,1721.60326141119,-32.85778746008873
hog,base_level,v5_hog_level_res_92602,92602,combined,Hog_office_Gustavo,0.16862557728495803,0.2971520374920601,-0.0005719553657248373,3840,647.5222167742388,1141.0638239695108,-2.1963086043833755
hog,base_level,v5_hog_level_res_92602,92602,combined,Hog_office_Joey,27.954640331970346,4.092177835907616,-0.18415748764717538,3838,107289.90959410218,15705.77853421343,-706.7964375898591
hog,base_level,v5_hog_level_res_92602,92602,combined,Hog_office_Josefina,0.3578173490450657,0.4181683729837838,-0.011905564483364465,3838,1373.3029856349622,1604.930215511762,-45.69355648715282
hog,base_level,v5_hog_level_res_92602,92602,combined,Hog_office_Lanell,1.0269038630714455,0.7409356968168443,-0.03611933106382518,3840,3943.3108341943507,2845.1930757766822,-138.6982312850887
hog,f0,v4_hog_f0,,test_a,Hog_office_Alexis,0.6315366770801277,0.44938410056444505,-0.1007059653600057,1920,1212.5504199938453,862.8174730837345,-193.35545349121094
hog,f0,v4_hog_f0,,test_a,Hog_office_Almeda,0.2351282350682577,0.29624695308969723,0.04396338596015994,1920,451.44621133105477,568.7941499322187,84.40970104350708
hog,f0,v4_hog_f0,,test_a,Hog_office_Bessie,0.1290775626413928,0.2428335719918626,-0.05612315533238264,1920,247.8289202714742,466.2404582243762,-107.75645823817467
hog,f0,v4_hog_f0,,test_a,Hog_office_Betsy,19.01908136693099,3.3038801167470715,-0.847902545860658,1920,36516.6362245075,6343.449824154377,-1627.9728880524635
hog,f0,v4_hog_f0,,test_a,Hog_office_Bill,0.26894379569973265,0.34742344447101153,-0.05887796285872658,1920,516.3720877434866,667.0530133843422,-113.04568868875504
hog,f0,v4_hog_f0,,test_a,Hog_office_Buford,0.5068276077058077,0.4581548070923115,-0.21302895494736732,1920,973.1090067951509,879.657229617238,-409.01559349894524
hog,f0,v4_hog_f0,,test_a,Hog_office_Byron,0.09431470281524452,0.17969894277630374,-0.015085762120240058,1920,181.0842294052695,345.0219701305032,-28.96466327086091
hog,f0,v4_hog_f0,,test_a,Hog_office_Candi,0.04491281159771429,0.11206138390067887,-0.01553763582148046,1920,86.23259826761144,215.15785708930343,-29.83226077724248
hog,f0,v4_hog_f0,,test_a,Hog_office_Carri,0.4718420081544865,0.48435312691035504,-0.15116614597097092,1920,905.9366556566141,929.9580036678817,-290.2390002642642
hog,f0,v4_hog_f0,,test_a,Hog_office_Catalina,0.8764741792540937,0.33367747453351815,-0.008313446088383596,1920,1682.8304241678597,640.6607511043549,-15.961816489696503
hog,f0,v4_hog_f0,,test_a,Hog_office_Catharine,6.95296385029103,1.5469435477405542,-0.8955864108663647,1823,12675.253099080548,2820.07808753103,-1632.6540270093828
hog,f0,v4_hog_f0,,test_a,Hog_office_Charla,0.15724029808150009,0.2536580301529208,-0.0782413353223319,1920,301.90137231648015,487.023417893608,-150.22336381887726
hog,f0,v4_hog_f0,,test_a,Hog_office_Clemencia,2.2164058381762786,0.6220532906542454,-0.021227403036512747,1920,4255.499209298455,1194.3423180561513,-40.75661383010447
hog,f0,v4_hog_f0,,test_a,Hog_office_Cordelia,0.24686918403919164,0.34302806631822025,-0.06805191576640937,1920,473.98883335524795,658.6138873309828,-130.65967827150598
hog,f0,v4_hog_f0,,test_a,Hog_office_Corey,0.5332226809847423,0.4103898723465439,0.023950947370152183,1920,1023.7875474907053,787.9485549053643,45.98581895069219
hog,f0,v4_hog_f0,,test_a,Hog_office_Corie,0.07699701353746938,0.14911250670210335,-0.022915201034878572,1918,147.68027196486628,285.9977878546342,-43.9513555848971
hog,f0,v4_hog_f0,,test_a,Hog_office_Cornell,0.9693135529169359,0.7052869234516477,-0.18221039983507048,1903,1844.603691200929,1342.1610153284855,-346.7463908861391
hog,f0,v4_hog_f0,,test_a,Hog_office_Cortney,0.04715251592996314,0.09092101757363101,0.01031664193017908,1920,90.53283058552923,174.56835374137154,19.80795250594383
hog,f0,v4_hog_f0,,test_a,Hog_office_Darline,2.4222930443133794,0.5253959595414927,0.011726556592717922,1920,4650.802645081689,1008.7602423196658,22.51498865801841
hog,f0,v4_hog_f0,,test_a,Hog_office_Denita,0.04312987678786402,0.13190463889065238,-0.022388136066168348,1920,82.80936343269892,253.25690667005256,-42.98522124704323
hog,f0,v4_hog_f0,,test_a,Hog_office_Elizbeth,0.10166696391788656,0.20922850162387477,-0.04926323022834064,1920,195.20057072234218,401.71872311783955,-94.58540203841403
hog,f0,v4_hog_f0,,test_a,Hog_office_Elke,0.10209511468957246,0.1856802122340158,-0.02547916678257279,1918,195.81842997459998,356.1346470648423,-48.86904188897461
hog,f0,v4_hog_f0,,test_a,Hog_office_Elnora,0.8038462462673602,0.6433886936089644,-0.27857366335811096,1920,1543.3847928333316,1235.3062917292118,-534.861433647573
hog,f0,v4_hog_f0,,test_a,Hog_office_Eloise,0.0438198686195695,0.1449365330423613,-0.051360750324950764,1920,84.13414774957343,278.27814344133367,-98.61264062390546
hog,f0,v4_hog_f0,,test_a,Hog_office_Elsy,0.38289703997418617,0.4231426957886773,-0.07986217703619332,1920,735.1623167504374,812.4339759142604,-153.33537990949117
hog,f0,v4_hog_f0,,test_a,Hog_office_Emmanuel,2.7896073296083452,0.6307798837076309,0.03687905003631992,1920,5356.046072848023,1211.0973767186515,70.80777606973425
hog,f0,v4_hog_f0,,test_a,Hog_office_Garrett,2.514719391042959,1.1713036454963004,0.18702372705847664,1920,4828.261230802481,2248.9029993528966,359.0855559522752
hog,f0,v4_hog_f0,,test_a,Hog_office_Guadalupe,0.0924892258839578,0.1901826151132506,-0.024118768614910854,1920,177.57931369719898,365.15062101744115,-46.30803574062884
hog,f0,v4_hog_f0,,test_a,Hog_office_Gustavo,0.04650972418264594,0.12337076429145478,-0.030118996103252964,1920,89.2986704306802,236.8718674395932,-57.82847251824569
hog,f0,v4_hog_f0,,test_a,Hog_office_Joey,32.60695189322504,3.809706698529174,-1.5170302770451176,1918,62540.13373120563,7307.017447778955,-2909.6640713725355
hog,f0,v4_hog_f0,,test_a,Hog_office_Josefina,0.06645031057420339,0.17819197940119313,-0.041959516064556134,1920,127.58459630247052,342.12860045029083,-80.56227084394777
hog,f0,v4_hog_f0,,test_a,Hog_office_Lanell,0.7884835010186462,0.5467153720783244,-0.1852472181545939,1920,1513.8883219558006,1049.693514390383,-355.6746588568203
hog,f0,v4_hog_f0,,test_b,Hog_office_Alexis,0.6739475599457878,0.43490459887931743,-0.034269802877679466,1920,1293.9793150959126,835.0168298482895,-65.79802152514458
hog,f0,v4_hog_f0,,test_b,Hog_office_Almeda,0.2990458426537659,0.32257347280104415,-0.01888757845102494,1920,574.1680178952305,619.3410677780048,-36.264150625967886
hog,f0,v4_hog_f0,,test_b,Hog_office_Bessie,0.2012986353704708,0.32068341930392613,-0.10086234076682861,1920,386.4933799113039,615.7121650635381,-193.65569427231094
hog,f0,v4_hog_f0,,test_b,Hog_office_Betsy,27.932422325030316,3.9803887428715825,-0.3163655842964848,1920,53630.25086405821,7642.346386313438,-607.4219218492508
hog,f0,v4_hog_f0,,test_b,Hog_office_Bill,0.2235132283302814,0.3504537558260684,-0.057343922361421086,1920,429.1453983941403,672.8712111860514,-110.10033093392849
hog,f0,v4_hog_f0,,test_b,Hog_office_Buford,0.660898083827962,0.38170160409063103,0.014915653690695762,1920,1268.924320949687,732.8670798540115,28.638055086135864
hog,f0,v4_hog_f0,,test_b,Hog_office_Byron,0.09686925154136151,0.17950040699530898,0.004631878260018614,1920,185.9889629594141,344.64078143099323,8.89320625923574
hog,f0,v4_hog_f0,,test_b,Hog_office_Candi,0.2104083493752,0.2861551344962815,0.05059393141424759,1920,403.984030800384,549.4178582328605,97.14034831535537
hog,f0,v4_hog_f0,,test_b,Hog_office_Carri,1.0408755107551353,0.6664342864525304,-0.30109140694416553,1826,1900.6386826388768,1216.9090070623206,-549.7929090800462
hog,f0,v4_hog_f0,,test_b,Hog_office_Catalina,0.02286709950685736,0.0806347344070673,-0.01752401515841484,1920,43.904831053166134,154.8186900615692,-33.646109104156494
hog,f0,v4_hog_f0,,test_b,Hog_office_Catharine,9.450579449906618,1.678603985485618,-0.8463936064861992,1745,16491.26114008705,2929.1639546724036,-1476.9568433184177
hog,f0,v4_hog_f0,,test_b,Hog_office_Charla,0.08164534623852833,0.18941766657420278,-0.05101107411076858,1920,156.7590647779744,363.68191982246935,-97.94126229267567
hog,f0,v4_hog_f0,,test_b,Hog_office_Clemencia,1.2505808753616772,0.367035889746475,0.027473363049172295,1910,2388.6094719408034,701.0385494157672,52.47412342391908
hog,f0,v4_hog_f0,,test_b,Hog_office_Cordelia,0.2477940000556491,0.33569675870424664,-0.044711143778507295,1920,475.7644801068463,644.5377767121536,-85.84539605473401
hog,f0,v4_hog_f0,,test_b,Hog_office_Corey,0.1976845141665509,0.22446735210881646,0.006993197519962754,1920,379.5542671997777,430.9773160489276,13.426939238328487
hog,f0,v4_hog_f0,,test_b,Hog_office_Corie,0.032782204005791675,0.12659462122634674,-0.03403431390567372,1920,62.94183169112002,243.06167275458574,-65.34588269889355
hog,f0,v4_hog_f0,,test_b,Hog_office_Cornell,4.033958426992966,1.445357315897092,-0.4458708192737255,1684,6793.185991056153,2433.981719970703,-750.8464596569538
hog,f0,v4_hog_f0,,test_b,Hog_office_Cortney,0.04255307579948657,0.08472250591536673,0.010668758072036629,1920,81.70190553501422,162.66721135750413,20.484015498310328
hog,f0,v4_hog_f0,,test_b,Hog_office_Darline,12.941039194967493,1.0603940556438498,-0.32782548207786505,1918,24820.91317594765,2033.8357987249037,-628.7692746253451
hog,f0,v4_hog_f0,,test_b,Hog_office_Denita,0.05759909386361686,0.15410891878564142,-0.016400637161859778,1920,110.59026021814438,295.88912406843156,-31.48922335077077
hog,f0,v4_hog_f0,,test_b,Hog_office_Elizbeth,0.3274699276175293,0.29277837230172105,0.013143388382990364,1916,627.4323813151861,560.9633613300975,25.182732141809538
hog,f0,v4_hog_f0,,test_b,Hog_office_Elke,0.0791268568966032,0.16638973119843287,0.006130664963469219,1920,151.92356524147814,319.4682839009911,11.770876729860902
hog,f0,v4_hog_f0,,test_b,Hog_office_Elnora,0.7344225214036864,0.6494494075033193,0.0998145901132375,1920,1410.0912410950777,1246.942862406373,191.644013017416
hog,f0,v4_hog_f0,,test_b,Hog_office_Eloise,0.06194124344993083,0.18116392805653353,-0.055549201742057144,1920,118.9271874238672,347.83474186854437,-106.65446734474972
hog,f0,v4_hog_f0,,test_b,Hog_office_Elsy,0.5037276995900652,0.47460360076785557,-0.036902786459754276,1910,962.1199062170247,906.4928774666041,-70.48432213813066
hog,f0,v4_hog_f0,,test_b,Hog_office_Emmanuel,0.18929069004734372,0.2738031277056039,0.026055176489564784,1917,362.8702528207579,524.8805958116427,49.94777333049569
hog,f0,v4_hog_f0,,test_b,Hog_office_Garrett,3.227740515004898,1.2314974463370163,-0.026817011509168272,1920,6197.261788809405,2364.4750969670713,-51.48866209760308
hog,f0,v4_hog_f0,,test_b,Hog_office_Guadalupe,0.0895846421463362,0.20125172681582626,-0.02851478553202469,1920,172.0025129209655,386.4033154863864,-54.7483882214874
hog,f0,v4_hog_f0,,test_b,Hog_office_Gustavo,0.09437602975824391,0.20232758438241943,-0.05821149722860355,1920,181.20197713582832,388.46896201424534,-111.76607467891881
hog,f0,v4_hog_f0,,test_b,Hog_office_Joey,32.56289600058707,4.2020376867577705,-0.553967092667214,1920,62520.76032112717,8067.9123585749185,-1063.6168179210508
hog,f0,v4_hog_f0,,test_b,Hog_office_Josefina,0.05008125678932191,0.15161903356507855,-0.02489161038843136,1918,96.05585052191942,290.80530637782067,-47.74210872501135
hog,f0,v4_hog_f0,,test_b,Hog_office_Lanell,1.5900614233818966,0.8227381585446589,0.013048487934732596,1920,3052.9179328932414,1579.657264405745,25.053096834686585
hog,f0,v4_hog_f0,,combined,Hog_office_Alexis,0.6527421185129507,0.44214434972188127,-0.06748788411884259,3840,2506.529735089731,1697.834302932024,-259.1534750163555
hog,f0,v4_hog_f0,,combined,Hog_office_Almeda,0.2670870388610113,0.3094102129453707,0.0125379037545675,3840,1025.6142292262834,1188.1352177102235,48.1455504175392
hog,f0,v4_hog_f0,,combined,Hog_office_Bessie,0.16518809900593118,0.28175849564789435,-0.07849274804960563,3840,634.3223001827757,1081.9526232879143,-301.4121525104856
hog,f0,v4_hog_f0,,combined,Hog_office_Betsy,23.475751845980664,3.642134429809327,-0.5821340650785715,3840,90146.88708856575,13985.796210467815,-2235.3948099017143
hog,f0,v4_hog_f0,,combined,Hog_office_Bill,0.24622851201499654,0.34893860014854,-0.05811094261007384,3840,945.5174861375867,1339.9242245703936,-223.14601962268353
hog,f0,v4_hog_f0,,combined,Hog_office_Buford,0.5838628457668765,0.41992820559147126,-0.09905665062833577,3840,2242.033327744806,1612.5243094712496,-380.3775384128094
hog,f0,v4_hog_f0,,combined,Hog_office_Byron,0.0955919771783035,0.17959967488580636,-0.005226941930110722,3840,367.07319236468544,689.6627515614964,-20.07145701162517
hog,f0,v4_hog_f0,,combined,Hog_office_Candi,0.1276605804864573,0.1991082591984802,0.017528147796383564,3840,490.21662906799594,764.5757153221639,67.30808753811289
hog,f0,v4_hog_f0,,combined,Hog_office_Carri,0.7492192574200439,0.5731091859931132,-0.22424770671230923,3746,2806.5753382954845,2146.8670107302023,-840.0319093443104
hog,f0,v4_hog_f0,,combined,Hog_office_Catalina,0.44967063938047896,0.20715610447029273,-0.012918730623399217,3840,1726.7352552210393,795.4794411659241,-49.607925593853
hog,f0,v4_hog_f0,,combined,Hog_office_Catharine,8.174471479587327,1.611334653083922,-0.871527710293666,3568,29166.51423916758,5749.242042203434,-3109.6108703278005
hog,f0,v4_hog_f0,,combined,Hog_office_Charla,0.11944282216001394,0.2215378483635618,-0.06462620471655024,3840,458.6604370944535,850.7053377160773,-248.16462611155293
hog,f0,v4_hog_f0,,combined,Hog_office_Clemencia,1.7347542248666619,0.49487751108927375,0.0030594019827192196,3830,6644.108681239315,1895.3808674719185,11.717509593814611
hog,f0,v4_hog_f0,,combined,Hog_office_Cordelia,0.24733159204741756,0.33936241251123345,-0.05638152977245833,3840,949.7533134620834,1303.1516640431364,-216.50507432624
hog,f0,v4_hog_f0,,combined,Hog_office_Corey,0.36545359757564977,0.3174286122276802,0.015472072445057468,3840,1403.341814690495,1218.925870954292,59.41275818902068
hog,f0,v4_hog_f0,,combined,Hog_office_Corie,0.05487808849817137,0.13784769687577383,-0.028477654581498344,3838,210.62210365598173,529.05946060922,-109.29723828379065
hog,f0,v4_hog_f0,,combined,Hog_office_Cornell,2.4080818740610788,1.0527300628099217,-0.3059918735832431,3587,8637.78968225709,3776.1427352991886,-1097.592850543093
hog,f0,v4_hog_f0,,combined,Hog_office_Cortney,0.04485279586472408,0.08782176174449888,0.010492700001107854,3840,172.23473612054045,337.23556509887567,40.29196800425416
hog,f0,v4_hog_f0,,combined,Hog_office_Darline,7.678925435390657,0.792755612570237,-0.15796099165381103,3838,29471.715821029342,3042.5960410445696,-606.2542859673267
hog,f0,v4_hog_f0,,combined,Hog_office_Denita,0.05036448532573948,0.14300677883814691,-0.01939438661401406,3840,193.3996236508396,549.1460307384841,-74.474444597814
hog,f0,v4_hog_f0,,combined,Hog_office_Elizbeth,0.2144507174237564,0.2509598760291807,-0.018092458262931307,3836,822.6329520375295,962.6820844479371,-69.4026698966045
hog,f0,v4_hog_f0,,combined,Hog_office_Elke,0.09060500135906226,0.17602994553565227,-0.009666014892942602,3838,347.74199521608097,675.6029309658334,-37.098165159113705
hog,f0,v4_hog_f0,,combined,Hog_office_Elnora,0.7691343838355132,0.6464190505561419,-0.08937953662243672,3840,2953.4760339283707,2482.249154135585,-343.217420630157
hog,f0,v4_hog_f0,,combined,Hog_office_Eloise,0.052880556034749164,0.1630502305494474,-0.05345497603350395,3840,203.0613351734368,626.112885309878,-205.26710796865518
hog,f0,v4_hog_f0,,combined,Hog_office_Elsy,0.44315462740664924,0.4488059669401735,-0.058438564503295515,3830,1697.2822229674666,1718.9268533808645,-223.81970204762183
hog,f0,v4_hog_f0,,combined,Hog_office_Emmanuel,1.4904655526892965,0.45243105877776757,0.03147134464431325,3837,5718.916325668831,1735.9779725302942,120.75554940022994
hog,f0,v4_hog_f0,,combined,Hog_office_Garrett,2.8712299530239234,1.2014005459166583,0.08010335777465419,3840,11025.523019611866,4613.378096319968,307.5968938546721
hog,f0,v4_hog_f0,,combined,Hog_office_Guadalupe,0.09103693401514554,0.19571717096453842,-0.02631677707346777,3840,349.58182661815886,751.5539365038276,-101.05642396211624
hog,f0,v4_hog_f0,,combined,Hog_office_Gustavo,0.07044287697044452,0.1628491743369371,-0.044165246665928255,3840,270.5006475665069,625.3408294538385,-169.5945471971645
hog,f0,v4_hog_f0,,combined,Hog_office_Joey,32.58491246803901,4.005974415412682,-1.0352477564600278,3838,125060.89405233372,15374.929806353874,-3973.2808892935864
hog,f0,v4_hog_f0,,combined,Hog_office_Josefina,0.05827004867753741,0.1649124301271786,-0.033430010309786116,3838,223.6404468243886,632.9339068281115,-128.30437956895912
hog,f0,v4_hog_f0,,combined,Hog_office_Lanell,1.1892724622002757,0.6847267653114917,-0.08609936510993066,3840,4566.806254849059,2629.350778796128,-330.62156202213373
hog,lora_native,v4_hog_lora_92601,92601,test_a,Hog_office_Alexis,0.5832509670025982,0.4249286349591178,-0.06800535018167769,1920,1119.8418566449884,815.8629791215062,-130.57027234882116
hog,lora_native,v4_hog_lora_92601,92601,test_a,Hog_office_Almeda,0.25282358523799725,0.30520980821978205,0.08615784955994361,1920,485.42128365695476,586.0028317819815,165.42307115509175
hog,lora_native,v4_hog_lora_92601,92601,test_a,Hog_office_Bessie,0.12030920645635022,0.23123965698878238,-0.04197981014073472,1920,230.99367639619243,443.98014141846215,-80.60123547021067
hog,lora_native,v4_hog_lora_92601,92601,test_a,Hog_office_Betsy,18.06530170340368,3.188820429945675,-0.9208319479910035,1920,34685.379270535064,6122.535225495696,-1767.997340142727
hog,lora_native,v4_hog_lora_92601,92601,test_a,Hog_office_Bill,0.24427976116250819,0.33037639229247967,-0.06425609458237887,1920,469.0171414320157,634.322673201561,-123.37170159816742
hog,lora_native,v4_hog_lora_92601,92601,test_a,Hog_office_Buford,0.46820329684835127,0.4351429364682796,-0.2214323952444829,1920,898.9503299488345,835.4744380190969,-425.1501988694072
hog,lora_native,v4_hog_lora_92601,92601,test_a,Hog_office_Byron,0.08856765605816919,0.1697890680086857,-0.0007314427117914116,1920,170.04989963168484,325.9950105766766,-1.4043700066395104
hog,lora_native,v4_hog_lora_92601,92601,test_a,Hog_office_Candi,0.04366837712331681,0.10355485717930908,0.0063786570773421165,1920,83.84328407676827,198.82532578427345,12.247021588496864
hog,lora_native,v4_hog_lora_92601,92601,test_a,Hog_office_Carri,0.4579024415593175,0.46433971310701355,-0.1483469842213708,1920,879.1726877938895,891.532249165466,-284.82620970503194
hog,lora_native,v4_hog_lora_92601,92601,test_a,Hog_office_Catalina,0.8319065215875344,0.3239946320963403,-0.007486978856225808,1920,1597.2605214480661,622.0696936249733,-14.374999403953552
hog,lora_native,v4_hog_lora_92601,92601,test_a,Hog_office_Catharine,6.896251114428052,1.492432612808267,-0.983017060816803,1823,12571.865781602339,2720.7046531494707,-1792.0401018690318
hog,lora_native,v4_hog_lora_92601,92601,test_a,Hog_office_Charla,0.15485142598065774,0.2525106144913783,-0.057678034871689,1920,297.31473788286286,484.8203798234463,-110.74182695364289
hog,lora_native,v4_hog_lora_92601,92601,test_a,Hog_office_Clemencia,2.248248340717193,0.6292944465288505,-0.009158465503909004,1920,4316.636814177011,1208.2453373353928,-17.584253767505288
hog,lora_native,v4_hog_lora_92601,92601,test_a,Hog_office_Cordelia,0.24651392825661336,0.33856003493929165,-0.05631200898521153,1920,473.30674225269763,650.03526708344,-108.11905725160614
hog,lora_native,v4_hog_lora_92601,92601,test_a,Hog_office_Corey,0.5455587140011257,0.41030084525809796,0.009743358407407261,1920,1047.4727308821612,787.7776228955481,18.707248142221943
hog,lora_native,v4_hog_lora_92601,92601,test_a,Hog_office_Corie,0.07485644211485444,0.15026709299322852,-0.0028548045234407012,1918,143.5746559762908,288.2122843610123,-5.475515075959265
hog,lora_native,v4_hog_lora_92601,92601,test_a,Hog_office_Cornell,0.820077587552275,0.6483498438236001,-0.18477045258368144,1903,1560.6076491119793,1233.809752796311,-351.6181712667458
hog,lora_native,v4_hog_lora_92601,92601,test_a,Hog_office_Cortney,0.05196291167873344,0.09114376169306221,0.02861092669648618,1920,99.7687904231682,174.99602245067945,54.932979257253464
hog,lora_native,v4_hog_lora_92601,92601,test_a,Hog_office_Darline,2.4210594606996763,0.5354293763361057,-0.021461469619437897,1920,4648.434164543379,1028.0244025653228,-41.20602166932076
hog,lora_native,v4_hog_lora_92601,92601,test_a,Hog_office_Denita,0.04619908382714793,0.13075356010917857,0.0003638941373386236,1920,88.70224094812403,251.04683540962287,0.6986767436901573
hog,lora_native,v4_hog_lora_92601,92601,test_a,Hog_office_Elizbeth,0.10225718245203907,0.20355214739004926,-0.03166342143570849,1920,196.33379030791502,390.8201229888946,-60.7937691565603
hog,lora_native,v4_hog_lora_92601,92601,test_a,Hog_office_Elke,0.09920168575854053,0.17821516913174418,-0.01355429174285285,1918,190.26883328488074,341.8166943946853,-25.997131562791765
hog,lora_native,v4_hog_lora_92601,92601,test_a,Hog_office_Elnora,0.8151031335635035,0.649249295766155,-0.3289827217309115,1920,1564.9980164419267,1246.5586478710175,-631.64682572335
hog,lora_native,v4_hog_lora_92601,92601,test_a,Hog_office_Eloise,0.039798230946386196,0.13605272533703403,-0.03223894298472866,1920,76.41260341706149,261.22123264710535,-61.89877053067903
hog,lora_native,v4_hog_lora_92601,92601,test_a,Hog_office_Elsy,0.3779004222816866,0.4174165601658994,-0.07997049056951558,1920,725.5688107808382,801.4397955185268,-153.54334189346991
hog,lora_native,v4_hog_lora_92601,92601,test_a,Hog_office_Emmanuel,2.69606304223296,0.618820628538136,0.018750697703459687,1920,5176.441041087283,1188.135606793221,36.0013395906426
hog,lora_native,v4_hog_lora_92601,92601,test_a,Hog_office_Garrett,2.3563196961396233,1.1388551819322552,0.1894057777304018,1920,4524.133816588077,2186.60194930993,363.65909324237145
hog,lora_native,v4_hog_lora_92601,92601,test_a,Hog_office_Guadalupe,0.08695789316134891,0.18474199190289559,-0.006014531265827827,1920,166.95915486978993,354.7046244535595,-11.547900030389428
hog,lora_native,v4_hog_lora_92601,92601,test_a,Hog_office_Gustavo,0.04241005099690486,0.10600375894518947,-0.008480438313017657,1920,81.42729791405733,203.5272171747638,-16.282441560993902
hog,lora_native,v4_hog_lora_92601,92601,test_a,Hog_office_Joey,33.93781198489475,3.8767897153051805,-1.7409499013155558,1918,65092.723387028134,7435.682673955336,-3339.141910723236
hog,lora_native,v4_hog_lora_92601,92601,test_a,Hog_office_Josefina,0.05811555431373462,0.1694139222658426,-0.029656886241264148,1920,111.58186428237047,325.2747307504178,-56.94122158322716
hog,lora_native,v4_hog_lora_92601,92601,test_a,Hog_office_Lanell,0.7708646328165074,0.5427724830113827,-0.19464399361083148,1920,1480.0600950076941,1042.1231673818547,-373.71646773279645
hog,lora_native,v4_hog_lora_92601,92601,test_b,Hog_office_Alexis,0.540252977106882,0.39855671070205667,0.007888419243196646,1920,1037.2857160452136,765.2288845479488,15.145764946937561
hog,lora_native,v4_hog_lora_92601,92601,test_b,Hog_office_Almeda,0.30496221581340904,0.3258787242957927,0.02961053274778654,1920,585.5274543617454,625.687150647922,56.85222287575016
hog,lora_native,v4_hog_lora_92601,92601,test_b,Hog_office_Bessie,0.19488922995872673,0.31445090703694706,-0.07141672782014817,1920,374.18732152075535,603.7457415109384,-137.1201174146845
hog,lora_native,v4_hog_lora_92601,92601,test_b,Hog_office_Betsy,26.40221472661229,3.8886713232224186,-0.40095443880806364,1920,50692.2522750956,7466.248940587044,-769.8325225114822
hog,lora_native,v4_hog_lora_92601,92601,test_b,Hog_office_Bill,0.20299799441802788,0.3338746101362631,-0.05546805429427574,1920,389.75614928261353,641.0392514616251,-106.49866424500942
hog,lora_native,v4_hog_lora_92601,92601,test_b,Hog_office_Buford,0.6713411637000166,0.37801470949004096,0.01317828210691611,1920,1288.9750343040319,725.7882422208786,25.30230164527893
hog,lora_native,v4_hog_lora_92601,92601,test_b,Hog_office_Byron,0.0783408139277488,0.16243914261794998,0.03033886275855669,1920,150.4143627412777,311.88315382646397,58.25061649642885
hog,lora_native,v4_hog_lora_92601,92601,test_b,Hog_office_Candi,0.22366690701796668,0.2853901596953923,0.07676670301255702,1920,429.44046147449603,547.9491066151531,147.39206978410948
hog,lora_native,v4_hog_lora_92601,92601,test_b,Hog_office_Carri,0.9141894522394354,0.6400154699492503,-0.31590157332400426,1826,1669.309939789209,1168.668248127331,-576.8362728896318
hog,lora_native,v4_hog_lora_92601,92601,test_b,Hog_office_Catalina,0.02265138987010754,0.07619326841086149,-0.010144101579984029,1920,43.49066855060647,146.29107534885406,-19.476675033569336
hog,lora_native,v4_hog_lora_92601,92601,test_b,Hog_office_Catharine,9.386466723943057,1.6104208987158186,-0.9383182987965707,1745,16379.384433280635,2810.1844682591036,-1637.365431400016
hog,lora_native,v4_hog_lora_92601,92601,test_b,Hog_office_Charla,0.08214456676513998,0.18526285172847565,-0.032495526031804424,1920,157.71756818906877,355.70467531867325,-62.3914099810645
hog,lora_native,v4_hog_lora_92601,92601,test_b,Hog_office_Clemencia,1.2547970395875245,0.365516759403518,0.03789042733239098,1910,2396.662345612172,698.1370104607195,72.37071620486677
hog,lora_native,v4_hog_lora_92601,92601,test_b,Hog_office_Cordelia,0.22462999691588076,0.31664530230327725,-0.022288978370397672,1920,431.28959407849106,607.9589804222924,-42.79483847116353
hog,lora_native,v4_hog_lora_92601,92601,test_b,Hog_office_Corey,0.19260531919811827,0.2219727678510632,0.026756276960804827,1920,369.8022128603871,426.18771427404135,51.372051764745265
hog,lora_native,v4_hog_lora_92601,92601,test_b,Hog_office_Corie,0.030214444812967985,0.11939031191868707,-0.02093663060804829,1920,58.01173404089853,229.22939888387918,-40.19833076745272
hog,lora_native,v4_hog_lora_92601,92601,test_b,Hog_office_Cornell,4.070358485081826,1.4332146435409714,-0.5968601645419547,1684,6854.4836888777945,2413.5334597229958,-1005.1125170886517
hog,lora_native,v4_hog_lora_92601,92601,test_b,Hog_office_Cortney,0.04670020704990484,0.08691403254827795,0.022638999292394147,1920,89.66439753581729,166.87494249269366,43.46687864139676
hog,lora_native,v4_hog_lora_92601,92601,test_b,Hog_office_Darline,13.266350777014045,1.0721848719516973,-0.35427441144364763,1918,25444.860790312938,2056.4505844033556,-679.4983211489161
hog,lora_native,v4_hog_lora_92601,92601,test_b,Hog_office_Denita,0.05424915766311481,0.14011361326896196,0.001228356105760516,1920,104.15838271318044,269.018137476407,2.3584437230601907
hog,lora_native,v4_hog_lora_92601,92601,test_b,Hog_office_Elizbeth,0.31395114213775993,0.27660488145946505,0.023704024744954054,1916,601.530388335948,529.974952876335,45.41691141133197
hog,lora_native,v4_hog_lora_92601,92601,test_b,Hog_office_Elke,0.07146332765839875,0.148732366625336,0.02346034491880952,1920,137.2095891041256,285.5661439206451,45.04386224411428
hog,lora_native,v4_hog_lora_92601,92601,test_b,Hog_office_Elnora,0.7109410178364846,0.6317528815629582,0.12394598633982241,1920,1365.0067542460504,1212.9655326008797,237.97629377245903
hog,lora_native,v4_hog_lora_92601,92601,test_b,Hog_office_Eloise,0.055855547737822184,0.16971659999884045,-0.029542558159058294,1920,107.24265165661859,325.85587199777365,-56.72171166539192
hog,lora_native,v4_hog_lora_92601,92601,test_b,Hog_office_Elsy,0.4641044253557241,0.4578887916974606,-0.04700141388786401,1910,886.439452429433,874.5675921421498,-89.77270052582026
hog,lora_native,v4_hog_lora_92601,92601,test_b,Hog_office_Emmanuel,0.17161669539604382,0.25281598977671704,0.037114479763462,1917,328.989205074216,484.6482524019666,71.14845770655666
hog,lora_native,v4_hog_lora_92601,92601,test_b,Hog_office_Garrett,2.8428748444938408,1.1487317798484582,0.03796781181784657,1920,5458.319701428174,2205.56501730904,72.89819869026542
hog,lora_native,v4_hog_lora_92601,92601,test_b,Hog_office_Guadalupe,0.07676547116579492,0.18469798487591713,-0.007450060510503439,1920,147.38970463832624,354.6201309617609,-14.304116180166602
hog,lora_native,v4_hog_lora_92601,92601,test_b,Hog_office_Gustavo,0.08959726779041476,0.19327041444075804,-0.044585052959185606,1920,172.02675415759634,371.0791957262554,-85.60330168163637
hog,lora_native,v4_hog_lora_92601,92601,test_b,Hog_office_Joey,31.34617345222315,4.086685452144775,-1.0172924099953888,1920,60184.653028268454,7846.436068117968,-1953.2014271911466
hog,lora_native,v4_hog_lora_92601,92601,test_b,Hog_office_Josefina,0.05449411528787666,0.15745834731258943,-0.02647382616452927,1918,104.51971312214744,302.0051101455465,-50.77679858356714
hog,lora_native,v4_hog_lora_92601,92601,test_b,Hog_office_Lanell,1.2965185199176763,0.7416875390868881,0.003347729854734401,1920,2489.3155582419386,1424.0400750468252,6.42764132109005
hog,lora_native,v4_hog_lora_92601,92601,combined,Hog_office_Alexis,0.5617519720547383,0.41174267283058724,-0.03005846546924052,3840,2157.127572690195,1581.091863669455,-115.4245074018836
hog,lora_native,v4_hog_lora_92601,92601,combined,Hog_office_Almeda,0.2788929005257038,0.31554426625778736,0.05788419115386508,3840,1070.9487380187027,1211.6899824299035,222.2752940308419
hog,lora_native,v4_hog_lora_92601,92601,combined,Hog_office_Bessie,0.1575992182075373,0.27284528201286473,-0.05669826898044145,3840,605.1809979169433,1047.7258829294005,-217.72135288489517
hog,lora_native,v4_hog_lora_92601,92601,combined,Hog_office_Betsy,22.233758215007946,3.5387458765840467,-0.6608931933995337,3840,85377.63154563052,13588.78416608274,-2537.829862654209
hog,lora_native,v4_hog_lora_92601,92601,combined,Hog_office_Bill,0.22363887779025943,0.3321255012143714,-0.0598620744383273,3840,858.7732907145962,1275.361924663186,-229.87036584317684
hog,lora_native,v4_hog_lora_92601,92601,combined,Hog_office_Buford,0.5697722302741757,0.40657882297916026,-0.10412705656878339,3840,2187.9253642528347,1561.2626802399755,-399.84789722412825
hog,lora_native,v4_hog_lora_92601,92601,combined,Hog_office_Byron,0.0834542349929591,0.16611410531331786,0.014803710023382639,3840,320.464262372963,637.8781644031405,56.84624648978934
hog,lora_native,v4_hog_lora_92601,92601,combined,Hog_office_Candi,0.13366764207064188,0.19447250843735067,0.041572680044949566,3840,513.2837455512648,746.7744323994266,159.63909137260634
hog,lora_native,v4_hog_lora_92601,92601,combined,Hog_office_Carri,0.6803210431348371,0.5499734376115315,-0.23002201884534537,3746,2548.4826275830997,2060.200497292797,-861.6624825946637
hog,lora_native,v4_hog_lora_92601,92601,combined,Hog_office_Catalina,0.42727895572882535,0.20009395025360088,-0.008815540218104918,3840,1640.7511899986894,768.3607689738274,-33.85167443752289
hog,lora_native,v4_hog_lora_92601,92601,combined,Hog_office_Catharine,8.114139634216105,1.5501370855965735,-0.9611562593242847,3568,28951.25021488306,5530.889121408574,-3429.4055332690477
hog,lora_native,v4_hog_lora_92601,92601,combined,Hog_office_Charla,0.11849799637289876,0.21888673310992696,-0.045086780451746716,3840,455.03230607193126,840.5250551421195,-173.13323693470738
hog,lora_native,v4_hog_lora_92601,92601,combined,Hog_office_Clemencia,1.7528196239658642,0.49774996026008156,0.014304559383123102,3830,6713.29915978926,1906.3823477961123,54.78646243736148
hog,lora_native,v4_hog_lora_92601,92601,combined,Hog_office_Cordelia,0.23557196258624405,0.32760266862128445,-0.0393004936778046,3840,904.5963363311771,1257.9942475057323,-150.91389572276967
hog,lora_native,v4_hog_lora_92601,92601,combined,Hog_office_Corey,0.36908201659962553,0.3161368065545806,0.018249817684106044,3840,1417.274943742562,1213.9653371695895,70.07929990696721
hog,lora_native,v4_hog_lora_92601,92601,combined,Hog_office_Corie,0.05252381188566582,0.13482065743743915,-0.01190042882840333,3838,201.58639001718544,517.4416832448915,-45.67384584341198
hog,lora_native,v4_hog_lora_92601,92601,combined,Hog_office_Cornell,2.34599702759681,1.0168227523053546,-0.3782354860204621,3587,8415.091337989757,3647.3432125193067,-1356.7306883553974
hog,lora_native,v4_hog_lora_92601,92601,combined,Hog_office_Cortney,0.04933155936431825,0.08902889712067008,0.025624962994440163,3840,189.4331879589821,341.8709649433731,98.39985789865023
hog,lora_native,v4_hog_lora_92601,92601,combined,Hog_office_Darline,7.840879352489923,0.8036672712268573,-0.18778122533044214,3838,30093.294954856323,3084.4749869686784,-720.7043428182369
hog,lora_native,v4_hog_lora_92601,92601,combined,Hog_office_Denita,0.0502241207451305,0.13543358668907027,0.0007961251215495697,3840,192.86062366130113,520.0649728860299,3.057120466750348
hog,lora_native,v4_hog_lora_92601,92601,combined,Hog_office_Elizbeth,0.20799379005314464,0.24004042645078977,-0.004008565627014686,3836,797.8641786438628,920.7950758652296,-15.376857745228335
hog,lora_native,v4_hog_lora_92601,92601,combined,Hog_office_Elke,0.08532527941349892,0.16346608606444255,0.004962670839323219,3838,327.47842238900887,627.3828383153304,19.046730681322515
hog,lora_native,v4_hog_lora_92601,92601,combined,Hog_office_Elnora,0.7630220756999856,0.6405010886645566,-0.10251836769554454,3840,2930.0047706879445,2459.524180471897,-393.670531950891
hog,lora_native,v4_hog_lora_92601,92601,combined,Hog_office_Eloise,0.04782688934210358,0.15288466266793724,-0.03089075057189348,3840,183.65525507367775,587.077104644879,-118.62048219607095
hog,lora_native,v4_hog_lora_92601,92601,combined,Hog_office_Elsy,0.42088988595568555,0.4375998401202811,-0.06352899279877028,3830,1612.0082632102756,1676.0073876606766,-243.31604241929017
hog,lora_native,v4_hog_lora_92601,92601,combined,Hog_office_Emmanuel,1.4348267516709847,0.43596139150252483,0.02792540977253043,3837,5505.430246161568,1672.7838591951877,107.14979729719926
hog,lora_native,v4_hog_lora_92601,92601,combined,Hog_office_Garrett,2.599597270316731,1.1437934808903567,0.11368679477412419,3840,9982.453518016247,4392.16696661897,436.5572919326369
hog,lora_native,v4_hog_lora_92601,92601,combined,Hog_office_Guadalupe,0.08186168216357004,0.18471998838940634,-0.006732295888165633,3840,314.34885950810894,709.3247554153204,-25.85201621055603
hog,lora_native,v4_hog_lora_92601,92601,combined,Hog_office_Gustavo,0.06600365939365928,0.14963708669297376,-0.026532745636101633,3840,253.4540520716516,574.6064129010192,-101.88574324263027
hog,lora_native,v4_hog_lora_92601,92601,combined,Hog_office_Joey,32.641317460994706,3.9817922725568797,-1.3789326049802977,3838,125277.3764152977,15282.118742073304,-5292.343337914383
hog,lora_native,v4_hog_lora_92601,92601,combined,Hog_office_Josefina,0.056305778375329935,0.16343924984261707,-0.028066185556746823,3838,216.1015774045163,627.2798408959643,-107.7180201667943
hog,lora_native,v4_hog_lora_92601,92601,combined,Hog_office_Lanell,1.0336915763670906,0.6422300110491354,-0.09564813187804853,3840,3969.375653249628,2466.16324242868,-367.2888264117064
hog,lora_native,v4_hog_lora_92602,92602,test_a,Hog_office_Alexis,0.5738386047729535,0.42137466580218946,-0.058437148904583104,1920,1101.7701211640706,809.0393583402038,-112.19932589679956
hog,lora_native,v4_hog_lora_92602,92602,test_a,Hog_office_Almeda,0.24606475341665643,0.2999304452303477,0.09343440243671162,1920,472.44432655998037,575.8664548422676,179.39405267848633
hog,lora_native,v4_hog_lora_92602,92602,test_a,Hog_office_Bessie,0.12165886134747433,0.23341540662631816,-0.04027465490141064,1920,233.58501378715073,448.15758072253084,-77.32733741070842
hog,lora_native,v4_hog_lora_92602,92602,test_a,Hog_office_Betsy,18.37412271706195,3.216411681403406,-0.9933888783988853,1920,35278.31561675895,6175.510428294539,-1907.3066465258598
hog,lora_native,v4_hog_lora_92602,92602,test_a,Hog_office_Bill,0.25014498012815894,0.33456995406498513,-0.0645308315133055,1920,480.27836184606514,642.3743118047714,-123.89919650554657
hog,lora_native,v4_hog_lora_92602,92602,test_a,Hog_office_Buford,0.47982700287140195,0.43820487870058666,-0.23014297004168233,1920,921.2678455130917,841.3533671051264,-441.87450248003006
hog,lora_native,v4_hog_lora_92602,92602,test_a,Hog_office_Byron,0.08872647281852282,0.1706624485067247,-0.0009200339695477548,1920,170.3548278115638,327.67190113291144,-1.7664652215316892
hog,lora_native,v4_hog_lora_92602,92602,test_a,Hog_office_Candi,0.043444487405724666,0.10330160532369821,0.006074919703435929,1920,83.41341581899135,198.33908222150058,11.663845830596983
hog,lora_native,v4_hog_lora_92602,92602,test_a,Hog_office_Carri,0.45485721850450855,0.4666521901390903,-0.14584636889033695,1920,873.3258595286565,895.9722050670534,-280.0250282694469
hog,lora_native,v4_hog_lora_92602,92602,test_a,Hog_office_Catalina,0.8317841013893204,0.3245527868624777,-0.009769173913324873,1920,1597.025474667495,623.1413507759571,-18.756813913583755
hog,lora_native,v4_hog_lora_92602,92602,test_a,Hog_office_Catharine,6.852837742760925,1.495507960180684,-0.9561774682690907,1823,12492.723205053166,2726.311011409387,-1743.1115246545523
hog,lora_native,v4_hog_lora_92602,92602,test_a,Hog_office_Charla,0.1550688352786212,0.250973246320306,-0.0604065849612122,1920,297.7321637349527,481.86863293498755,-115.98064312552742
hog,lora_native,v4_hog_lora_92602,92602,test_a,Hog_office_Clemencia,2.2544758194661534,0.628707903958275,-0.020705591535079292,1920,4328.593573375015,1207.119175599888,-39.75473574735224
hog,lora_native,v4_hog_lora_92602,92602,test_a,Hog_office_Cordelia,0.24438366321669475,0.33756082520437,-0.05551686130856979,1920,469.2166333760539,648.1167843923904,-106.59237371245399
hog,lora_native,v4_hog_lora_92602,92602,test_a,Hog_office_Corey,0.5119701466903042,0.3943030748100379,0.018445851226109273,1920,982.982681645384,757.0619036352728,35.416034354129806
hog,lora_native,v4_hog_lora_92602,92602,test_a,Hog_office_Corie,0.07582761701350138,0.15071411288903716,-0.002439375609893651,1918,145.43736943189566,289.0696685211733,-4.678722419776022
hog,lora_native,v4_hog_lora_92602,92602,test_a,Hog_office_Cornell,0.8322562469227557,0.6535531835896279,-0.18549947359555616,1903,1583.783637894004,1243.7117083710618,-353.0054982523434
hog,lora_native,v4_hog_lora_92602,92602,test_a,Hog_office_Cortney,0.05148211659882199,0.09103062726641535,0.027738575043349555,1920,98.84566386973823,174.77880435151746,53.25806408323115
hog,lora_native,v4_hog_lora_92602,92602,test_a,Hog_office_Darline,2.422806898417167,0.5386451934032569,-0.00986203382247671,1920,4651.789244960961,1034.1987713342533,-18.93510493915528
hog,lora_native,v4_hog_lora_92602,92602,test_a,Hog_office_Denita,0.046287845986435566,0.13105283538081192,-0.0020533050618269043,1920,88.87266429395629,251.62144393115886,-3.9423457187076565
hog,lora_native,v4_hog_lora_92602,92602,test_a,Hog_office_Elizbeth,0.1026496791147937,0.2042512526876332,-0.030837351077449664,1920,197.0873839004039,392.16240516025573,-59.20771406870335
hog,lora_native,v4_hog_lora_92602,92602,test_a,Hog_office_Elke,0.09933256604388187,0.17902422109638205,-0.010375464664785748,1918,190.51986167216543,343.3684560628608,-19.900141227059066
hog,lora_native,v4_hog_lora_92602,92602,test_a,Hog_office_Elnora,0.8395636325933035,0.6548491055921962,-0.33416171177523213,1920,1611.9621745791426,1257.3102827370167,-641.5904866084456
hog,lora_native,v4_hog_lora_92602,92602,test_a,Hog_office_Eloise,0.039158044614585115,0.13580589692284473,-0.03496813814513189,1920,75.18344566000341,260.74732209186186,-67.13882523865323
hog,lora_native,v4_hog_lora_92602,92602,test_a,Hog_office_Elsy,0.3782669750870752,0.41890243179332176,-0.06541977786776745,1920,726.2725921671844,804.2926690431777,-125.60597350611351
hog,lora_native,v4_hog_lora_92602,92602,test_a,Hog_office_Emmanuel,2.6721220475393777,0.6195817445703142,0.020430512387974886,1920,5130.474331275605,1189.5969495750032,39.22658378491178
hog,lora_native,v4_hog_lora_92602,92602,test_a,Hog_office_Garrett,2.386167871746233,1.1514123216610945,0.15676503652369622,1920,4581.442313752767,2210.7116575893015,300.98887012549676
hog,lora_native,v4_hog_lora_92602,92602,test_a,Hog_office_Guadalupe,0.08544888635500593,0.18339845493610482,-0.0030614108827042704,1920,164.06186180161137,352.12503347732127,-5.877908894792199
hog,lora_native,v4_hog_lora_92602,92602,test_a,Hog_office_Gustavo,0.042561548979274125,0.1068357724205877,-0.009258594271220015,1920,81.71817404020632,205.12468304752838,-17.776501000742428
hog,lora_native,v4_hog_lora_92602,92602,test_a,Hog_office_Joey,34.312576559550806,3.892813237525748,-1.7995749446863565,1918,65811.52184121845,7466.415789574385,-3451.584743908432
hog,lora_native,v4_hog_lora_92602,92602,test_a,Hog_office_Josefina,0.058261942785633375,0.1684676121256113,-0.028596336531124204,1920,111.86293014841608,323.4578152811737,-54.90496613975847
hog,lora_native,v4_hog_lora_92602,92602,test_a,Hog_office_Lanell,0.7567202883769633,0.5379753264808339,-0.18421830674597003,1920,1452.9029536837695,1032.912626843201,-353.6991489522625
hog,lora_native,v4_hog_lora_92602,92602,test_b,Hog_office_Alexis,0.5040923002122888,0.38920075505351026,0.026580135943368076,1920,967.8572164075945,747.2654497027397,51.03386101126671
hog,lora_native,v4_hog_lora_92602,92602,test_b,Hog_office_Almeda,0.3015168128149171,0.3242851222899541,0.028774777198880958,1920,578.9122806046408,622.6274347967119,55.24757222185144
hog,lora_native,v4_hog_lora_92602,92602,test_b,Hog_office_Bessie,0.18697522737563957,0.30899595059372587,-0.06829681166561083,1920,358.992436561228,593.2722251399537,-131.1298783979728
hog,lora_native,v4_hog_lora_92602,92602,test_b,Hog_office_Betsy,26.822871111938277,3.890403538631896,-0.5110511467481653,1920,51499.91253492149,7469.574794173241,-981.2182017564774
hog,lora_native,v4_hog_lora_92602,92602,test_b,Hog_office_Bill,0.2036247657506774,0.331933778966777,-0.04930665535697092,1920,390.9595502413006,637.3128556162119,-94.66877828538418
hog,lora_native,v4_hog_lora_92602,92602,test_b,Hog_office_Buford,0.6602977020457445,0.3739914424096545,0.017480579080681007,1920,1267.7715879278294,718.0635694265366,33.56271183490753
hog,lora_native,v4_hog_lora_92602,92602,test_b,Hog_office_Byron,0.07681078241704663,0.16004908325485304,0.03145160839873521,1920,147.47670224072954,307.2942398493178,60.38708812557161
hog,lora_native,v4_hog_lora_92602,92602,test_b,Hog_office_Candi,0.22125944633857883,0.2828467261982951,0.0771423849782271,1920,424.81813697007135,543.0657143007265,148.11337915819604
hog,lora_native,v4_hog_lora_92602,92602,test_b,Hog_office_Carri,0.8932164542994742,0.6305214440239556,-0.30447757328667413,1826,1631.0132455508399,1151.3321567877429,-555.976048821467
hog,lora_native,v4_hog_lora_92602,92602,test_b,Hog_office_Catalina,0.02283968516766117,0.0772228037007153,-0.010568057652562857,1920,43.85219552190945,148.26778310537338,-20.290670692920685
hog,lora_native,v4_hog_lora_92602,92602,test_b,Hog_office_Catharine,9.403637700560896,1.6156774940075924,-0.9301292065573712,1745,16409.347787478764,2819.3572270432487,-1623.0754654426128
hog,lora_native,v4_hog_lora_92602,92602,test_b,Hog_office_Charla,0.08028203265690627,0.18483892953275546,-0.034377769809119246,1920,154.14150270126004,354.8907447028905,-66.00531803350896
hog,lora_native,v4_hog_lora_92602,92602,test_b,Hog_office_Clemencia,1.2539393202318447,0.3646704211275225,0.044864872654812184,1910,2395.0241016428236,696.520504353568,85.69190677069128
hog,lora_native,v4_hog_lora_92602,92602,test_b,Hog_office_Cordelia,0.22078345569980776,0.31693061128210803,-0.021156444376204793,1920,423.9042349436309,608.5067736616475,-40.6203732023132
hog,lora_native,v4_hog_lora_92602,92602,test_b,Hog_office_Corey,0.19175179845889886,0.22159919390833238,0.032724102844804294,1920,368.1634530410858,425.4704523039982,62.83027746202424
hog,lora_native,v4_hog_lora_92602,92602,test_b,Hog_office_Corie,0.030161799598540855,0.11917983431679507,-0.019672386487945913,1920,57.91065522919844,228.82528188824654,-37.770982056856155
hog,lora_native,v4_hog_lora_92602,92602,test_b,Hog_office_Cornell,4.03441463161991,1.425807675174183,-0.5642674113148182,1684,6793.954239647928,2401.0601249933243,-950.2263206541538
hog,lora_native,v4_hog_lora_92602,92602,test_b,Hog_office_Cortney,0.045844253381298786,0.08592362269409932,0.02275204181399507,1920,88.02096649209366,164.9733555726707,43.68392028287053
hog,lora_native,v4_hog_lora_92602,92602,test_b,Hog_office_Darline,13.241917346361856,1.0660831706945704,-0.35475944181654373,1918,25397.99747032204,2044.7475213921862,-680.4286094041308
hog,lora_native,v4_hog_lora_92602,92602,test_b,Hog_office_Denita,0.05402150230234645,0.13979420920804841,-0.000940516400441993,1920,103.72128442050519,268.40488167945296,-1.8057914888486266
hog,lora_native,v4_hog_lora_92602,92602,test_b,Hog_office_Elizbeth,0.3137895160252584,0.27633005477347566,0.028528262292971108,1916,601.220712704395,529.4483849459793,54.66015055333264
hog,lora_native,v4_hog_lora_92602,92602,test_b,Hog_office_Elke,0.07202839272944901,0.1504028397098106,0.025273828288967102,1920,138.2945140405421,288.77345224283636,48.52575031481683
hog,lora_native,v4_hog_lora_92602,92602,test_b,Hog_office_Elnora,0.7024518127566644,0.6271126005255306,0.12081974861212075,1920,1348.7074804927956,1204.056193009019,231.97391733527184
hog,lora_native,v4_hog_lora_92602,92602,test_b,Hog_office_Eloise,0.05520990948021564,0.16998115481013276,-0.03206534154499726,1920,106.00302620201403,326.3638172354549,-61.565455766394734
hog,lora_native,v4_hog_lora_92602,92602,test_b,Hog_office_Elsy,0.45866325549259723,0.4554482464898007,-0.027805013193978066,1910,876.0468179908607,869.9061507955194,-53.107575200498104
hog,lora_native,v4_hog_lora_92602,92602,test_b,Hog_office_Emmanuel,0.17010225467534296,0.2512647001153897,0.033211751618319574,1917,326.08602221263243,481.674430121202,63.66692785231862
hog,lora_native,v4_hog_lora_92602,92602,test_b,Hog_office_Garrett,2.8047334468417633,1.1283145669828325,0.0029886059443621584,1920,5385.088217936185,2166.3639686070383,5.7381234131753445
hog,lora_native,v4_hog_lora_92602,92602,test_b,Hog_office_Guadalupe,0.07622184145315858,0.18388361154453983,-0.002083064160736588,1920,146.34593559006447,353.0565341655165,-3.9994831886142492
hog,lora_native,v4_hog_lora_92602,92602,test_b,Hog_office_Gustavo,0.08862608518573503,0.19139099336828924,-0.042471175922188804,1920,170.16208355661126,367.47070726711536,-81.5446577706025
hog,lora_native,v4_hog_lora_92602,92602,test_b,Hog_office_Joey,31.039805866362535,4.058069507669218,-0.9233875957471052,1920,59596.427263416066,7791.4934547248995,-1772.904183834442
hog,lora_native,v4_hog_lora_92602,92602,test_b,Hog_office_Josefina,0.05403486951747718,0.15627887276607266,-0.02578110017617572,1918,103.63887973452123,299.74287796532735,-49.44815013790503
hog,lora_native,v4_hog_lora_92602,92602,test_b,Hog_office_Lanell,1.354796122386627,0.7507525303429551,0.018551786575759857,1920,2601.2085549823237,1441.4448582584737,35.61943022545893
hog,lora_native,v4_hog_lora_92602,92602,combined,Hog_office_Alexis,0.5389654524926221,0.4052877104278499,-0.015928506480607514,3840,2069.6273375716687,1556.3048080429435,-61.165464885532856
hog,lora_native,v4_hog_lora_92602,92602,combined,Hog_office_Almeda,0.2737907831157875,0.3121077837601509,0.0611045898177963,3840,1051.356607164624,1198.4938896389795,234.64162490033777
hog,lora_native,v4_hog_lora_92602,92602,combined,Hog_office_Bessie,0.15431704436155597,0.271205678610022,-0.05428573328351073,3840,592.5774503483749,1041.4298058624845,-208.4572158086812
hog,lora_native,v4_hog_lora_92602,92602,combined,Hog_office_Betsy,22.598496914500085,3.553407610017651,-0.7522200125735253,3840,86778.22815168033,13645.08522246778,-2888.524848282337
hog,lora_native,v4_hog_lora_92602,92602,combined,Hog_office_Bill,0.22688487293940926,0.33325186651588107,-0.05691874343513822,3840,871.2379120873316,1279.6871674209833,-218.56797479093075
hog,lora_native,v4_hog_lora_92602,92602,combined,Hog_office_Buford,0.570062352458564,0.40609816055512055,-0.10633119548050066,3840,2189.0394334408857,1559.416936531663,-408.3117906451225
hog,lora_native,v4_hog_lora_92602,92602,combined,Hog_office_Byron,0.08276862761778477,0.16535576588078887,0.01526578721459373,3840,317.8315300522935,634.9661409822293,58.62062290403992
hog,lora_native,v4_hog_lora_92602,92602,combined,Hog_office_Candi,0.1323519668721519,0.19307416576099665,0.04160865234083152,3840,508.2315527890633,741.4047965222271,159.77722498879302
hog,lora_native,v4_hog_lora_92602,92602,combined,Hog_office_Carri,0.6685368673463675,0.5465307960103567,-0.22317167033927227,3746,2504.3391050794926,2047.3043618547963,-836.0010770909139
hog,lora_native,v4_hog_lora_92602,92602,combined,Hog_office_Catalina,0.42731189327849417,0.20088779528159648,-0.010168615782943865,3840,1640.8776701894176,771.4091338813305,-39.04748460650444
hog,lora_native,v4_hog_lora_92602,92602,combined,Hog_office_Catharine,8.100356219880032,1.5542792148129585,-0.9434380577626584,3568,28902.070992531957,5545.668238452636,-3366.186990097165
hog,lora_native,v4_hog_lora_92602,92602,combined,Hog_office_Charla,0.11767543396776331,0.21790608792653074,-0.047392177385165726,3840,451.8736664362111,836.7593776378781,-181.98596115903638
hog,lora_native,v4_hog_lora_92602,92602,combined,Hog_office_Clemencia,1.7555137532683853,0.4970338589956804,0.01199403943168121,3830,6723.617675017916,1903.639679953456,45.93717102333903
hog,lora_native,v4_hog_lora_92602,92602,combined,Hog_office_Cordelia,0.23258355945824813,0.327245718243239,-0.03833665284238729,3840,893.1208683196728,1256.6235580540379,-147.2127469147672
hog,lora_native,v4_hog_lora_92602,92602,combined,Hog_office_Corey,0.3518609725746055,0.30795113435918514,0.02558497703545678,3840,1351.1461346864853,1182.532355939271,98.24631181615405
hog,lora_native,v4_hog_lora_92602,92602,combined,Hog_office_Corie,0.052982809969017615,0.13493875727186552,-0.011060371150763986,3838,203.3480246610896,517.8949504094198,-42.44970447663218
hog,lora_native,v4_hog_lora_92602,92602,combined,Hog_office_Cornell,2.335583461818211,1.0161058916544148,-0.3633208304729571,3587,8377.737877541922,3644.771833364386,-1303.2318189064972
hog,lora_native,v4_hog_lora_92602,92602,combined,Hog_office_Cortney,0.048663184990059415,0.08847712498025734,0.02524530842867231,3840,186.86663036182816,339.75215992418816,96.94198436610168
hog,lora_native,v4_hog_lora_92602,92602,combined,Hog_office_Darline,7.829543177509902,0.802226756833361,-0.18222087398209644,3838,30049.786715283004,3078.9462927264394,-699.3637143432861
hog,lora_native,v4_hog_lora_92602,92602,combined,Hog_office_Denita,0.05015467414439002,0.13542352229443017,-0.0014969107311344487,3840,192.59394871445767,520.0263256106118,-5.748137207556283
hog,lora_native,v4_hog_lora_92602,92602,combined,Hog_office_Elizbeth,0.20810951423482796,0.2402530735417714,-0.0011854962240278185,3836,798.3080966048001,921.6107901062351,-4.547563515370712
hog,lora_native,v4_hog_lora_92602,92602,combined,Hog_office_Elke,0.08567336521957002,0.164706073034314,0.007458470319895197,3838,328.8143757127097,632.1419083056971,28.625609087757766
hog,lora_native,v4_hog_lora_92602,92602,combined,Hog_office_Elnora,0.7710077226749728,0.6409808530588634,-0.10667098158155568,3840,2960.6696550718952,2461.3664757460356,-409.6165692731738
hog,lora_native,v4_hog_lora_92602,92602,combined,Hog_office_Eloise,0.04718397704739966,0.15289352586648874,-0.03351673984506457,3840,181.1864718620147,587.1111393273168,-128.70428100504796
hog,lora_native,v4_hog_lora_92602,92602,combined,Hog_office_Elsy,0.4183601593101956,0.4371276292007042,-0.04666150096778371,3830,1602.319410158049,1674.198819838697,-178.71354870661162
hog,lora_native,v4_hog_lora_92602,92602,combined,Hog_office_Emmanuel,1.4220902667417978,0.43556720867766624,0.02681613542799854,3837,5456.560353488278,1671.2713796962053,102.8935116372304
hog,lora_native,v4_hog_lora_92602,92602,combined,Hog_office_Garrett,2.5954506592939954,1.1398634443219635,0.0798768212340292,3840,9966.530531688943,4377.07562619634,306.7269935386721
hog,lora_native,v4_hog_lora_92602,92602,combined,Hog_office_Guadalupe,0.08083536390408023,0.18364103324032233,-0.0025722375217204292,3840,310.4077973916681,705.1815676428378,-9.877392083406448
hog,lora_native,v4_hog_lora_92602,92602,combined,Hog_office_Gustavo,0.06559381708250395,0.14911338289443848,-0.02586488509670441,3840,251.88025759681517,572.5953903146437,-99.32115877134493
hog,lora_native,v4_hog_lora_92602,92602,combined,Hog_office_Joey,32.67533848479301,3.975484430510496,-1.3612529775255013,3838,125407.94910463557,15257.909244299284,-5224.488927742874
hog,lora_native,v4_hog_lora_92602,92602,combined,Hog_office_Josefina,0.05614950752551723,0.16237641825078192,-0.027189451870157245,3838,215.50180988293513,623.200693246501,-104.3531162776635
hog,lora_native,v4_hog_lora_92602,92602,combined,Hog_office_Lanell,1.0557582053817949,0.6443639284118945,-0.0828332600851051,3840,4054.1115086660925,2474.3574851016747,-318.07971872680355
