delta_mae,delta_mean_signed_error,delta_mse,left_role,mae,mean_signed_error,member_count,member_id,mse,negative_excess_mse,origin,origin_position,pair,period,positive_excess_mse,right_role,role,scope,seed
,,,,0.5771327447276627,0.1006413947204558,,v6_robin_compress,0.5866841250282464,,3360,0,,test_a,,,compress,member,
,,,,0.5200077594067004,0.06996102017215247,,v6_robin_compress,0.4713729038589305,,3384,1,,test_a,,,compress,member,
,,,,0.4984116596846006,0.08957370327569901,,v6_robin_compress,0.42321728308688034,,3408,2,,test_a,,,compress,member,
,,,,0.5016473985744918,0.03564207057499123,,v6_robin_compress,0.4154066494386379,,3432,3,,test_a,,,compress,member,
,,,,0.4797039349786264,0.057330571406768574,,v6_robin_compress,0.38046696852549755,,3456,4,,test_a,,,compress,member,
,,,,0.4675212687318123,0.05805137778588687,,v6_robin_compress,0.3806839613582447,,3480,5,,test_a,,,compress,member,
,,,,0.49558562544880974,0.02812331841885359,,v6_robin_compress,0.42542804938526263,,3504,6,,test_a,,,compress,member,
,,,,0.4881067031096167,0.03460424908342818,,v6_robin_compress,0.40918591284792555,,3528,7,,test_a,,,compress,member,
,,,,0.47822738541507015,0.013613374806214672,,v6_robin_compress,0.3843048864365836,,3552,8,,test_a,,,compress,member,
,,,,0.6998170982744127,0.37826740548517396,,v6_robin_compress,0.9156248858658287,,3576,9,,test_a,,,compress,member,
,,,,0.7022824634714554,0.3440666006719374,,v6_robin_compress,0.8883610723156973,,3600,10,,test_a,,,compress,member,
,,,,0.5818930002335715,-0.3207170180559807,,v6_robin_compress,0.5739228815959289,,3624,11,,test_a,,,compress,member,
,,,,0.48950259627942133,0.03968336481593011,,v6_robin_compress,0.3948073885076995,,3648,12,,test_a,,,compress,member,
,,,,0.49134653812293166,0.10788326490115187,,v6_robin_compress,0.422449998226162,,3672,13,,test_a,,,compress,member,
,,,,0.5529296882598953,0.031192660486946504,,v6_robin_compress,0.5252800453789301,,3696,14,,test_a,,,compress,member,
,,,,0.6127930812063449,0.04223342114168119,,v6_robin_compress,0.6923226607519902,,3720,15,,test_a,,,compress,member,
,,,,0.7894230913673121,0.16992559030313714,,v6_robin_compress,1.4736944424961993,,3744,16,,test_a,,,compress,member,
,,,,0.8809090926487104,0.10909094899012844,,v6_robin_compress,2.0041978618486334,,3768,17,,test_a,,,compress,member,
,,,,0.9032696798691605,-0.13161393104261757,,v6_robin_compress,1.9989124864741192,,3792,18,,test_a,,,compress,member,
,,,,0.8879294142422498,-0.15162728309330895,,v6_robin_compress,1.9240395373822994,,3816,19,,test_a,,,compress,member,
,,,,0.82202307428543,0.015965958876752968,,v6_robin_compress,1.848807767602863,,3840,20,,test_a,,,compress,member,
,,,,0.7965832828231928,-0.030826808192097245,,v6_robin_compress,1.5945832818123058,,3864,21,,test_a,,,compress,member,
,,,,0.7430326934194026,0.04922434738335712,,v6_robin_compress,1.3640735788293317,,3888,22,,test_a,,,compress,member,
,,,,0.7768981841495677,-0.0139854886408869,,v6_robin_compress,1.4377313364836868,,3912,23,,test_a,,,compress,member,
,,,,0.8281465664168518,-0.00200738813518732,,v6_robin_compress,1.633612818643854,,3936,24,,test_a,,,compress,member,
,,,,0.8179404993493603,0.03586258177472023,,v6_robin_compress,1.6587563737942357,,3960,25,,test_a,,,compress,member,
,,,,0.7985462260965541,0.027868749791249522,,v6_robin_compress,1.6378723647051066,,3984,26,,test_a,,,compress,member,
,,,,0.7827635159988217,0.12610085627238732,,v6_robin_compress,1.5673652703732877,,4008,27,,test_a,,,compress,member,
,,,,0.7488955283574885,0.058288706116025636,,v6_robin_compress,1.3163604620732583,,4032,28,,test_a,,,compress,member,
,,,,0.7278864670036401,-0.05408599228836715,,v6_robin_compress,1.1214479457673996,,4056,29,,test_a,,,compress,member,
,,,,0.8323266324891044,-0.10569393331987907,,v6_robin_compress,1.4271183441840607,,4080,30,,test_a,,,compress,member,
,,,,0.8686484619457926,-0.033438362390976785,,v6_robin_compress,1.6988528872238333,,4104,31,,test_a,,,compress,member,
,,,,0.7662070016365261,0.027339191020206165,,v6_robin_compress,1.582895310368425,,4128,32,,test_a,,,compress,member,
,,,,0.7910786619085782,-0.04370441776700318,,v6_robin_compress,1.5425719323864906,,4152,33,,test_a,,,compress,member,
,,,,0.7754111423652349,0.04512873128438585,,v6_robin_compress,1.4805267919162561,,4176,34,,test_a,,,compress,member,
,,,,0.746025997442784,0.14862072947439361,,v6_robin_compress,1.268621084421349,,4200,35,,test_a,,,compress,member,
,,,,0.7635332188296803,0.15942856714365702,,v6_robin_compress,1.102956341383703,,4224,36,,test_a,,,compress,member,
,,,,0.7383291597838181,0.04311504753251724,,v6_robin_compress,1.1942781907779219,,4248,37,,test_a,,,compress,member,
,,,,0.7478649130531337,-0.05814653231608841,,v6_robin_compress,1.407280911138561,,4272,38,,test_a,,,compress,member,
,,,,0.745656733516893,-0.0067762989333548865,,v6_robin_compress,1.365405958353089,,4296,39,,test_a,,,compress,member,
,,,,0.7484560822861871,0.006013214236565332,,v6_robin_compress,1.470852031708414,,4344,40,,test_b,,,compress,member,
,,,,0.714845696101239,-0.043617350489868985,,v6_robin_compress,1.1865333345492566,,4368,41,,test_b,,,compress,member,
,,,,0.7295121541863088,0.012388199720732575,,v6_robin_compress,1.0155207795117005,,4392,42,,test_b,,,compress,member,
,,,,0.7667669160548352,0.00530571527676383,,v6_robin_compress,1.2364760420166743,,4416,43,,test_b,,,compress,member,
,,,,0.8159934468615878,-0.09061803454367727,,v6_robin_compress,1.4939491808050878,,4440,44,,test_b,,,compress,member,
,,,,0.7556922696719138,-0.032338723262393045,,v6_robin_compress,1.4041751454537001,,4464,45,,test_b,,,compress,member,
,,,,0.7302419822603149,0.007912564480862142,,v6_robin_compress,1.3451190793159054,,4488,46,,test_b,,,compress,member,
,,,,0.7319485016150614,-0.0037843626053597522,,v6_robin_compress,1.2743487969343597,,4512,47,,test_b,,,compress,member,
,,,,0.7491042688172955,0.04766878618950917,,v6_robin_compress,1.186982278035937,,4536,48,,test_b,,,compress,member,
,,,,0.8235847133332487,0.04182647637564657,,v6_robin_compress,1.249713410253982,,4560,49,,test_b,,,compress,member,
,,,,0.7387642939763336,0.0026881909688395975,,v6_robin_compress,1.1606548273882118,,4584,50,,test_b,,,compress,member,
,,,,0.7283636442987378,0.0349313389729907,,v6_robin_compress,1.3502717313094852,,4608,51,,test_b,,,compress,member,
,,,,0.7024648647179585,0.11892449736236206,,v6_robin_compress,1.2507953180310216,,4632,52,,test_b,,,compress,member,
,,,,0.6956189242302893,0.1761857378731685,,v6_robin_compress,1.2450147269801004,,4656,53,,test_b,,,compress,member,
,,,,0.6854188812004199,0.0783857833769741,,v6_robin_compress,1.1552314212900185,,4680,54,,test_b,,,compress,member,
,,,,0.7307614266798077,-0.022166313547381387,,v6_robin_compress,1.0867270221976568,,4704,55,,test_b,,,compress,member,
,,,,0.7791948733357975,-0.08703750313111859,,v6_robin_compress,1.0376491700929842,,4728,56,,test_b,,,compress,member,
,,,,0.7538755464329905,-0.1620826630174883,,v6_robin_compress,1.0392963995658548,,4752,57,,test_b,,,compress,member,
,,,,0.815720822430079,-0.5052717745592021,,v6_robin_compress,1.2224598424963402,,4776,58,,test_b,,,compress,member,
,,,,0.6901356544952066,-0.3549240078187945,,v6_robin_compress,0.7813911104199008,,4800,59,,test_b,,,compress,member,
,,,,0.5753025329709892,-0.0011263390542630006,,v6_robin_compress,0.512992570364078,,4824,60,,test_b,,,compress,member,
,,,,0.5704356216120491,0.08172531304843883,,v6_robin_compress,0.4956998416053032,,4848,61,,test_b,,,compress,member,
,,,,0.52890533605615,-0.13276820797053754,,v6_robin_compress,0.429380144507598,,4872,62,,test_b,,,compress,member,
,,,,0.4723726207864506,-0.16420712659165992,,v6_robin_compress,0.3364635766506409,,4896,63,,test_b,,,compress,member,
,,,,0.4635454868540703,0.06528372924774029,,v6_robin_compress,0.34200471534406346,,4920,64,,test_b,,,compress,member,
,,,,0.6749913953258952,0.30514068316979853,,v6_robin_compress,0.8368663107498484,,4944,65,,test_b,,,compress,member,
,,,,0.7856962698318896,0.2446874436453286,,v6_robin_compress,1.0438374104054764,,4968,66,,test_b,,,compress,member,
,,,,0.6243092726709066,0.2581671766364546,,v6_robin_compress,0.6722117138555735,,4992,67,,test_b,,,compress,member,
,,,,0.45343292908690463,0.09271345819450526,,v6_robin_compress,0.31896346970679756,,5016,68,,test_b,,,compress,member,
,,,,0.49004279081381197,0.11328932696056547,,v6_robin_compress,0.39004352089475314,,5040,69,,test_b,,,compress,member,
,,,,0.557638751288965,0.05772569765680351,,v6_robin_compress,0.4660051517831403,,5064,70,,test_b,,,compress,member,
,,,,0.4496579500499173,-0.030200198190512166,,v6_robin_compress,0.2998047617870404,,5088,71,,test_b,,,compress,member,
,,,,0.5546712752057633,-0.156058754749585,,v6_robin_compress,0.5202631196156444,,5112,72,,test_b,,,compress,member,
,,,,0.4055107286104056,-0.055051760420182665,,v6_robin_compress,0.27995543601054007,,5136,73,,test_b,,,compress,member,
,,,,0.3918426576581659,0.0458251957529237,,v6_robin_compress,0.2583578751451025,,5160,74,,test_b,,,compress,member,
,,,,0.40506071919248915,0.025235965223092696,,v6_robin_compress,0.25390137842885735,,5184,75,,test_b,,,compress,member,
,,,,0.4492449290092005,0.07027584983006818,,v6_robin_compress,0.3422050498944129,,5208,76,,test_b,,,compress,member,
,,,,0.5393667828957048,-0.002349647426836229,,v6_robin_compress,0.45955454170688964,,5232,77,,test_b,,,compress,member,
,,,,0.47134368814181027,0.02721881946347946,,v6_robin_compress,0.38427027055957247,,5256,78,,test_b,,,compress,member,
,,,,0.48416769428306494,0.013920482530974207,,v6_robin_compress,0.3857286541691236,,5280,79,,test_b,,,compress,member,
,,,,0.5771327447276627,0.1006413947204558,1,mean_of_member_losses,0.5866841250282464,,3360,0,,test_a,,,compress,role_mean_loss,
,,,,0.5200077594067004,0.06996102017215247,1,mean_of_member_losses,0.4713729038589305,,3384,1,,test_a,,,compress,role_mean_loss,
,,,,0.4984116596846006,0.08957370327569901,1,mean_of_member_losses,0.42321728308688034,,3408,2,,test_a,,,compress,role_mean_loss,
,,,,0.5016473985744918,0.03564207057499123,1,mean_of_member_losses,0.4154066494386379,,3432,3,,test_a,,,compress,role_mean_loss,
,,,,0.4797039349786264,0.057330571406768574,1,mean_of_member_losses,0.38046696852549755,,3456,4,,test_a,,,compress,role_mean_loss,
,,,,0.4675212687318123,0.05805137778588687,1,mean_of_member_losses,0.3806839613582447,,3480,5,,test_a,,,compress,role_mean_loss,
,,,,0.49558562544880974,0.02812331841885359,1,mean_of_member_losses,0.42542804938526263,,3504,6,,test_a,,,compress,role_mean_loss,
,,,,0.4881067031096167,0.03460424908342818,1,mean_of_member_losses,0.40918591284792555,,3528,7,,test_a,,,compress,role_mean_loss,
,,,,0.47822738541507015,0.013613374806214672,1,mean_of_member_losses,0.3843048864365836,,3552,8,,test_a,,,compress,role_mean_loss,
,,,,0.6998170982744127,0.37826740548517396,1,mean_of_member_losses,0.9156248858658287,,3576,9,,test_a,,,compress,role_mean_loss,
,,,,0.7022824634714554,0.3440666006719374,1,mean_of_member_losses,0.8883610723156973,,3600,10,,test_a,,,compress,role_mean_loss,
,,,,0.5818930002335715,-0.3207170180559807,1,mean_of_member_losses,0.5739228815959289,,3624,11,,test_a,,,compress,role_mean_loss,
,,,,0.48950259627942133,0.03968336481593011,1,mean_of_member_losses,0.3948073885076995,,3648,12,,test_a,,,compress,role_mean_loss,
,,,,0.49134653812293166,0.10788326490115187,1,mean_of_member_losses,0.422449998226162,,3672,13,,test_a,,,compress,role_mean_loss,
,,,,0.5529296882598953,0.031192660486946504,1,mean_of_member_losses,0.5252800453789301,,3696,14,,test_a,,,compress,role_mean_loss,
,,,,0.6127930812063449,0.04223342114168119,1,mean_of_member_losses,0.6923226607519902,,3720,15,,test_a,,,compress,role_mean_loss,
,,,,0.7894230913673121,0.16992559030313714,1,mean_of_member_losses,1.4736944424961993,,3744,16,,test_a,,,compress,role_mean_loss,
,,,,0.8809090926487104,0.10909094899012844,1,mean_of_member_losses,2.0041978618486334,,3768,17,,test_a,,,compress,role_mean_loss,
,,,,0.9032696798691605,-0.13161393104261757,1,mean_of_member_losses,1.9989124864741192,,3792,18,,test_a,,,compress,role_mean_loss,
,,,,0.8879294142422498,-0.15162728309330895,1,mean_of_member_losses,1.9240395373822994,,3816,19,,test_a,,,compress,role_mean_loss,
,,,,0.82202307428543,0.015965958876752968,1,mean_of_member_losses,1.848807767602863,,3840,20,,test_a,,,compress,role_mean_loss,
,,,,0.7965832828231928,-0.030826808192097245,1,mean_of_member_losses,1.5945832818123058,,3864,21,,test_a,,,compress,role_mean_loss,
,,,,0.7430326934194026,0.04922434738335712,1,mean_of_member_losses,1.3640735788293317,,3888,22,,test_a,,,compress,role_mean_loss,
,,,,0.7768981841495677,-0.0139854886408869,1,mean_of_member_losses,1.4377313364836868,,3912,23,,test_a,,,compress,role_mean_loss,
,,,,0.8281465664168518,-0.00200738813518732,1,mean_of_member_losses,1.633612818643854,,3936,24,,test_a,,,compress,role_mean_loss,
,,,,0.8179404993493603,0.03586258177472023,1,mean_of_member_losses,1.6587563737942357,,3960,25,,test_a,,,compress,role_mean_loss,
,,,,0.7985462260965541,0.027868749791249522,1,mean_of_member_losses,1.6378723647051066,,3984,26,,test_a,,,compress,role_mean_loss,
,,,,0.7827635159988217,0.12610085627238732,1,mean_of_member_losses,1.5673652703732877,,4008,27,,test_a,,,compress,role_mean_loss,
,,,,0.7488955283574885,0.058288706116025636,1,mean_of_member_losses,1.3163604620732583,,4032,28,,test_a,,,compress,role_mean_loss,
,,,,0.7278864670036401,-0.05408599228836715,1,mean_of_member_losses,1.1214479457673996,,4056,29,,test_a,,,compress,role_mean_loss,
,,,,0.8323266324891044,-0.10569393331987907,1,mean_of_member_losses,1.4271183441840607,,4080,30,,test_a,,,compress,role_mean_loss,
,,,,0.8686484619457926,-0.033438362390976785,1,mean_of_member_losses,1.6988528872238333,,4104,31,,test_a,,,compress,role_mean_loss,
,,,,0.7662070016365261,0.027339191020206165,1,mean_of_member_losses,1.582895310368425,,4128,32,,test_a,,,compress,role_mean_loss,
,,,,0.7910786619085782,-0.04370441776700318,1,mean_of_member_losses,1.5425719323864906,,4152,33,,test_a,,,compress,role_mean_loss,
,,,,0.7754111423652349,0.04512873128438585,1,mean_of_member_losses,1.4805267919162561,,4176,34,,test_a,,,compress,role_mean_loss,
,,,,0.746025997442784,0.14862072947439361,1,mean_of_member_losses,1.268621084421349,,4200,35,,test_a,,,compress,role_mean_loss,
,,,,0.7635332188296803,0.15942856714365702,1,mean_of_member_losses,1.102956341383703,,4224,36,,test_a,,,compress,role_mean_loss,
,,,,0.7383291597838181,0.04311504753251724,1,mean_of_member_losses,1.1942781907779219,,4248,37,,test_a,,,compress,role_mean_loss,
,,,,0.7478649130531337,-0.05814653231608841,1,mean_of_member_losses,1.407280911138561,,4272,38,,test_a,,,compress,role_mean_loss,
,,,,0.745656733516893,-0.0067762989333548865,1,mean_of_member_losses,1.365405958353089,,4296,39,,test_a,,,compress,role_mean_loss,
,,,,0.7484560822861871,0.006013214236565332,1,mean_of_member_losses,1.470852031708414,,4344,40,,test_b,,,compress,role_mean_loss,
,,,,0.714845696101239,-0.043617350489868985,1,mean_of_member_losses,1.1865333345492566,,4368,41,,test_b,,,compress,role_mean_loss,
,,,,0.7295121541863088,0.012388199720732575,1,mean_of_member_losses,1.0155207795117005,,4392,42,,test_b,,,compress,role_mean_loss,
,,,,0.7667669160548352,0.00530571527676383,1,mean_of_member_losses,1.2364760420166743,,4416,43,,test_b,,,compress,role_mean_loss,
,,,,0.8159934468615878,-0.09061803454367727,1,mean_of_member_losses,1.4939491808050878,,4440,44,,test_b,,,compress,role_mean_loss,
,,,,0.7556922696719138,-0.032338723262393045,1,mean_of_member_losses,1.4041751454537001,,4464,45,,test_b,,,compress,role_mean_loss,
,,,,0.7302419822603149,0.007912564480862142,1,mean_of_member_losses,1.3451190793159054,,4488,46,,test_b,,,compress,role_mean_loss,
,,,,0.7319485016150614,-0.0037843626053597522,1,mean_of_member_losses,1.2743487969343597,,4512,47,,test_b,,,compress,role_mean_loss,
,,,,0.7491042688172955,0.04766878618950917,1,mean_of_member_losses,1.186982278035937,,4536,48,,test_b,,,compress,role_mean_loss,
,,,,0.8235847133332487,0.04182647637564657,1,mean_of_member_losses,1.249713410253982,,4560,49,,test_b,,,compress,role_mean_loss,
,,,,0.7387642939763336,0.0026881909688395975,1,mean_of_member_losses,1.1606548273882118,,4584,50,,test_b,,,compress,role_mean_loss,
,,,,0.7283636442987378,0.0349313389729907,1,mean_of_member_losses,1.3502717313094852,,4608,51,,test_b,,,compress,role_mean_loss,
,,,,0.7024648647179585,0.11892449736236206,1,mean_of_member_losses,1.2507953180310216,,4632,52,,test_b,,,compress,role_mean_loss,
,,,,0.6956189242302893,0.1761857378731685,1,mean_of_member_losses,1.2450147269801004,,4656,53,,test_b,,,compress,role_mean_loss,
,,,,0.6854188812004199,0.0783857833769741,1,mean_of_member_losses,1.1552314212900185,,4680,54,,test_b,,,compress,role_mean_loss,
,,,,0.7307614266798077,-0.022166313547381387,1,mean_of_member_losses,1.0867270221976568,,4704,55,,test_b,,,compress,role_mean_loss,
,,,,0.7791948733357975,-0.08703750313111859,1,mean_of_member_losses,1.0376491700929842,,4728,56,,test_b,,,compress,role_mean_loss,
,,,,0.7538755464329905,-0.1620826630174883,1,mean_of_member_losses,1.0392963995658548,,4752,57,,test_b,,,compress,role_mean_loss,
,,,,0.815720822430079,-0.5052717745592021,1,mean_of_member_losses,1.2224598424963402,,4776,58,,test_b,,,compress,role_mean_loss,
,,,,0.6901356544952066,-0.3549240078187945,1,mean_of_member_losses,0.7813911104199008,,4800,59,,test_b,,,compress,role_mean_loss,
,,,,0.5753025329709892,-0.0011263390542630006,1,mean_of_member_losses,0.512992570364078,,4824,60,,test_b,,,compress,role_mean_loss,
,,,,0.5704356216120491,0.08172531304843883,1,mean_of_member_losses,0.4956998416053032,,4848,61,,test_b,,,compress,role_mean_loss,
,,,,0.52890533605615,-0.13276820797053754,1,mean_of_member_losses,0.429380144507598,,4872,62,,test_b,,,compress,role_mean_loss,
,,,,0.4723726207864506,-0.16420712659165992,1,mean_of_member_losses,0.3364635766506409,,4896,63,,test_b,,,compress,role_mean_loss,
,,,,0.4635454868540703,0.06528372924774029,1,mean_of_member_losses,0.34200471534406346,,4920,64,,test_b,,,compress,role_mean_loss,
,,,,0.6749913953258952,0.30514068316979853,1,mean_of_member_losses,0.8368663107498484,,4944,65,,test_b,,,compress,role_mean_loss,
,,,,0.7856962698318896,0.2446874436453286,1,mean_of_member_losses,1.0438374104054764,,4968,66,,test_b,,,compress,role_mean_loss,
,,,,0.6243092726709066,0.2581671766364546,1,mean_of_member_losses,0.6722117138555735,,4992,67,,test_b,,,compress,role_mean_loss,
,,,,0.45343292908690463,0.09271345819450526,1,mean_of_member_losses,0.31896346970679756,,5016,68,,test_b,,,compress,role_mean_loss,
,,,,0.49004279081381197,0.11328932696056547,1,mean_of_member_losses,0.39004352089475314,,5040,69,,test_b,,,compress,role_mean_loss,
,,,,0.557638751288965,0.05772569765680351,1,mean_of_member_losses,0.4660051517831403,,5064,70,,test_b,,,compress,role_mean_loss,
,,,,0.4496579500499173,-0.030200198190512166,1,mean_of_member_losses,0.2998047617870404,,5088,71,,test_b,,,compress,role_mean_loss,
,,,,0.5546712752057633,-0.156058754749585,1,mean_of_member_losses,0.5202631196156444,,5112,72,,test_b,,,compress,role_mean_loss,
,,,,0.4055107286104056,-0.055051760420182665,1,mean_of_member_losses,0.27995543601054007,,5136,73,,test_b,,,compress,role_mean_loss,
,,,,0.3918426576581659,0.0458251957529237,1,mean_of_member_losses,0.2583578751451025,,5160,74,,test_b,,,compress,role_mean_loss,
,,,,0.40506071919248915,0.025235965223092696,1,mean_of_member_losses,0.25390137842885735,,5184,75,,test_b,,,compress,role_mean_loss,
,,,,0.4492449290092005,0.07027584983006818,1,mean_of_member_losses,0.3422050498944129,,5208,76,,test_b,,,compress,role_mean_loss,
,,,,0.5393667828957048,-0.002349647426836229,1,mean_of_member_losses,0.45955454170688964,,5232,77,,test_b,,,compress,role_mean_loss,
,,,,0.47134368814181027,0.02721881946347946,1,mean_of_member_losses,0.38427027055957247,,5256,78,,test_b,,,compress,role_mean_loss,
,,,,0.48416769428306494,0.013920482530974207,1,mean_of_member_losses,0.3857286541691236,,5280,79,,test_b,,,compress,role_mean_loss,
,,,,0.4317770426130254,0.05221888979183538,,v7_robin_direct_nlinear_lr0.001_92601,0.6407277379620634,,3360,0,,test_a,,,direct_nlinear,member,92601
,,,,0.4066164572617637,0.2075243763247272,,v7_robin_direct_nlinear_lr0.001_92601,0.5114151017942694,,3384,1,,test_a,,,direct_nlinear,member,92601
,,,,0.3112398830282972,0.029842327806845252,,v7_robin_direct_nlinear_lr0.001_92601,0.2049617469889747,,3408,2,,test_a,,,direct_nlinear,member,92601
,,,,0.42203496315600136,-0.11177780030744079,,v7_robin_direct_nlinear_lr0.001_92601,0.33941108091292177,,3432,3,,test_a,,,direct_nlinear,member,92601
,,,,0.3328459975379576,0.08088103381619564,,v7_robin_direct_nlinear_lr0.001_92601,0.21700347913830928,,3456,4,,test_a,,,direct_nlinear,member,92601
,,,,0.3024775287703247,0.06576134621240735,,v7_robin_direct_nlinear_lr0.001_92601,0.18778294013491614,,3480,5,,test_a,,,direct_nlinear,member,92601
,,,,0.30694116450881576,0.013911051478513115,,v7_robin_direct_nlinear_lr0.001_92601,0.18740356200058836,,3504,6,,test_a,,,direct_nlinear,member,92601
,,,,0.3168014106626038,0.031068931058660952,,v7_robin_direct_nlinear_lr0.001_92601,0.19995773482391627,,3528,7,,test_a,,,direct_nlinear,member,92601
,,,,0.29514077752394896,0.10958875857827746,,v7_robin_direct_nlinear_lr0.001_92601,0.1591779264781706,,3552,8,,test_a,,,direct_nlinear,member,92601
,,,,0.5536837093007075,0.38857294100692824,,v7_robin_direct_nlinear_lr0.001_92601,0.7246015237878677,,3576,9,,test_a,,,direct_nlinear,member,92601
,,,,0.524861908453293,0.36712585249059726,,v7_robin_direct_nlinear_lr0.001_92601,0.5809822241054297,,3600,10,,test_a,,,direct_nlinear,member,92601
,,,,0.5278461925441732,-0.3688884582339133,,v7_robin_direct_nlinear_lr0.001_92601,0.5063491285784776,,3624,11,,test_a,,,direct_nlinear,member,92601
,,,,0.3517225017162227,0.0034843738497275967,,v7_robin_direct_nlinear_lr0.001_92601,0.21830561950844554,,3648,12,,test_a,,,direct_nlinear,member,92601
,,,,0.30332131811084373,0.03476110894481797,,v7_robin_direct_nlinear_lr0.001_92601,0.18566710410739626,,3672,13,,test_a,,,direct_nlinear,member,92601
,,,,0.369122142924336,0.005269075098719138,,v7_robin_direct_nlinear_lr0.001_92601,0.2653010287371119,,3696,14,,test_a,,,direct_nlinear,member,92601
,,,,0.3754582982518888,0.1211646592267903,,v7_robin_direct_nlinear_lr0.001_92601,0.3021247087841263,,3720,15,,test_a,,,direct_nlinear,member,92601
,,,,0.5161497908548507,-0.05445504617448166,,v7_robin_direct_nlinear_lr0.001_92601,0.8028120758512234,,3744,16,,test_a,,,direct_nlinear,member,92601
,,,,0.693011347454112,-0.1158870980836903,,v7_robin_direct_nlinear_lr0.001_92601,1.1831137986674267,,3768,17,,test_a,,,direct_nlinear,member,92601
,,,,0.5203575515271737,0.18439946293352372,,v7_robin_direct_nlinear_lr0.001_92601,0.7140379424924138,,3792,18,,test_a,,,direct_nlinear,member,92601
,,,,0.4690309460015937,-0.029186401424108315,,v7_robin_direct_nlinear_lr0.001_92601,0.5141865731800026,,3816,19,,test_a,,,direct_nlinear,member,92601
,,,,0.3764349472265737,-0.03660676970813417,,v7_robin_direct_nlinear_lr0.001_92601,0.356421112933312,,3840,20,,test_a,,,direct_nlinear,member,92601
,,,,0.3383743699793972,0.030541212877841305,,v7_robin_direct_nlinear_lr0.001_92601,0.22353669844450402,,3864,21,,test_a,,,direct_nlinear,member,92601
,,,,0.29704406037832515,0.10188389335135249,,v7_robin_direct_nlinear_lr0.001_92601,0.1591548049634425,,3888,22,,test_a,,,direct_nlinear,member,92601
,,,,0.3046308034225184,-0.1475423366201165,,v7_robin_direct_nlinear_lr0.001_92601,0.17393097162547885,,3912,23,,test_a,,,direct_nlinear,member,92601
,,,,0.3740154810080889,-0.10730579486185246,,v7_robin_direct_nlinear_lr0.001_92601,0.265329126925865,,3936,24,,test_a,,,direct_nlinear,member,92601
,,,,0.3300722439233533,0.1680218272382512,,v7_robin_direct_nlinear_lr0.001_92601,0.20603977790931166,,3960,25,,test_a,,,direct_nlinear,member,92601
,,,,0.34232339405057516,0.08747545811781368,,v7_robin_direct_nlinear_lr0.001_92601,0.21376802202555806,,3984,26,,test_a,,,direct_nlinear,member,92601
,,,,0.3132271315139495,0.10817271051329204,,v7_robin_direct_nlinear_lr0.001_92601,0.20300008492957705,,4008,27,,test_a,,,direct_nlinear,member,92601
,,,,0.2869971275746745,0.03753650598382057,,v7_robin_direct_nlinear_lr0.001_92601,0.1591493064066628,,4032,28,,test_a,,,direct_nlinear,member,92601
,,,,0.3093146902874829,-0.008503936910511031,,v7_robin_direct_nlinear_lr0.001_92601,0.17593122988411614,,4056,29,,test_a,,,direct_nlinear,member,92601
,,,,0.3166847886307497,-0.12354975012646059,,v7_robin_direct_nlinear_lr0.001_92601,0.22695983685779084,,4080,30,,test_a,,,direct_nlinear,member,92601
,,,,0.41106033857203345,-0.14968239978578127,,v7_robin_direct_nlinear_lr0.001_92601,0.3707391648466352,,4104,31,,test_a,,,direct_nlinear,member,92601
,,,,0.3462509680234065,0.06424880760302995,,v7_robin_direct_nlinear_lr0.001_92601,0.2275133955309816,,4128,32,,test_a,,,direct_nlinear,member,92601
,,,,0.358990103957088,-0.05740203045185327,,v7_robin_direct_nlinear_lr0.001_92601,0.2530030061176123,,4152,33,,test_a,,,direct_nlinear,member,92601
,,,,0.375643289091671,-0.0688963610475327,,v7_robin_direct_nlinear_lr0.001_92601,0.27400379647835177,,4176,34,,test_a,,,direct_nlinear,member,92601
,,,,0.3346777154406214,0.10307742629533202,,v7_robin_direct_nlinear_lr0.001_92601,0.22282613680837995,,4200,35,,test_a,,,direct_nlinear,member,92601
,,,,0.3506835590917891,0.2653910520831214,,v7_robin_direct_nlinear_lr0.001_92601,0.28547214472400584,,4224,36,,test_a,,,direct_nlinear,member,92601
,,,,0.2605170393686493,0.017930408934725896,,v7_robin_direct_nlinear_lr0.001_92601,0.1431478245069325,,4248,37,,test_a,,,direct_nlinear,member,92601
,,,,0.35656297083772315,-0.15751820160506874,,v7_robin_direct_nlinear_lr0.001_92601,0.3144691504901089,,4272,38,,test_a,,,direct_nlinear,member,92601
,,,,0.2992141040877494,0.05136009014677256,,v7_robin_direct_nlinear_lr0.001_92601,0.202413029987052,,4296,39,,test_a,,,direct_nlinear,member,92601
,,,,0.27817537029284933,-0.05335811495687642,,v7_robin_direct_nlinear_lr0.001_92601,0.15961884571977872,,4344,40,,test_b,,,direct_nlinear,member,92601
,,,,0.28593683269504894,-0.03350698245534053,,v7_robin_direct_nlinear_lr0.001_92601,0.16137710104588998,,4368,41,,test_b,,,direct_nlinear,member,92601
,,,,0.2618817250168992,0.09865996769433111,,v7_robin_direct_nlinear_lr0.001_92601,0.14612455110320718,,4392,42,,test_b,,,direct_nlinear,member,92601
,,,,0.22737094908199437,-0.017556479879810166,,v7_robin_direct_nlinear_lr0.001_92601,0.10943855504326354,,4416,43,,test_b,,,direct_nlinear,member,92601
,,,,0.29336062015100456,-0.1356022246758335,,v7_robin_direct_nlinear_lr0.001_92601,0.19124573196752137,,4440,44,,test_b,,,direct_nlinear,member,92601
,,,,0.3043666591436383,-0.009278937050040957,,v7_robin_direct_nlinear_lr0.001_92601,0.22599668589593258,,4464,45,,test_b,,,direct_nlinear,member,92601
,,,,0.3149141701721294,-0.029314836205266342,,v7_robin_direct_nlinear_lr0.001_92601,0.2998572281797576,,4488,46,,test_b,,,direct_nlinear,member,92601
,,,,0.24004878377936797,-0.030656717652021267,,v7_robin_direct_nlinear_lr0.001_92601,0.12428251649306896,,4512,47,,test_b,,,direct_nlinear,member,92601
,,,,0.3126568051486495,0.0469135701982761,,v7_robin_direct_nlinear_lr0.001_92601,0.2441340335216883,,4536,48,,test_b,,,direct_nlinear,member,92601
,,,,0.3430488642006108,0.16653601880363353,,v7_robin_direct_nlinear_lr0.001_92601,0.4198796005878774,,4560,49,,test_b,,,direct_nlinear,member,92601
,,,,0.2799046831873163,-0.011954238827171388,,v7_robin_direct_nlinear_lr0.001_92601,0.19686343581047755,,4584,50,,test_b,,,direct_nlinear,member,92601
,,,,0.33795065642106253,-0.007386144408134415,,v7_robin_direct_nlinear_lr0.001_92601,0.2537597083436057,,4608,51,,test_b,,,direct_nlinear,member,92601
,,,,0.3108960394623436,0.13296790582592388,,v7_robin_direct_nlinear_lr0.001_92601,0.22297303919817063,,4632,52,,test_b,,,direct_nlinear,member,92601
,,,,0.30536111700534024,0.12297375073831063,,v7_robin_direct_nlinear_lr0.001_92601,0.22865197329323128,,4656,53,,test_b,,,direct_nlinear,member,92601
,,,,0.27164402757126466,0.053302432025506566,,v7_robin_direct_nlinear_lr0.001_92601,0.16380850607872197,,4680,54,,test_b,,,direct_nlinear,member,92601
,,,,0.2703511841510572,-0.030997483272978,,v7_robin_direct_nlinear_lr0.001_92601,0.14294691935940593,,4704,55,,test_b,,,direct_nlinear,member,92601
,,,,0.28992817291659506,-0.03126651825290287,,v7_robin_direct_nlinear_lr0.001_92601,0.1561879854898394,,4728,56,,test_b,,,direct_nlinear,member,92601
,,,,0.367154679319213,-0.18631413133056518,,v7_robin_direct_nlinear_lr0.001_92601,0.5356323489130744,,4752,57,,test_b,,,direct_nlinear,member,92601
,,,,0.6898290251662467,-0.5434985100972396,,v7_robin_direct_nlinear_lr0.001_92601,1.7082663323204392,,4776,58,,test_b,,,direct_nlinear,member,92601
,,,,0.6991899911017944,-0.4802999672479303,,v7_robin_direct_nlinear_lr0.001_92601,1.3119111745420902,,4800,59,,test_b,,,direct_nlinear,member,92601
,,,,0.48011670748261775,-0.24594601451819614,,v7_robin_direct_nlinear_lr0.001_92601,0.549403473730508,,4824,60,,test_b,,,direct_nlinear,member,92601
,,,,0.34852506572810943,-0.11032571858588341,,v7_robin_direct_nlinear_lr0.001_92601,0.34072229557952377,,4848,61,,test_b,,,direct_nlinear,member,92601
,,,,0.33551084020205857,-0.12110700953937839,,v7_robin_direct_nlinear_lr0.001_92601,0.24362402466777588,,4872,62,,test_b,,,direct_nlinear,member,92601
,,,,0.34832957675661974,0.06315349360082502,,v7_robin_direct_nlinear_lr0.001_92601,0.21728404636278623,,4896,63,,test_b,,,direct_nlinear,member,92601
,,,,0.3177431218947972,0.03455787482958198,,v7_robin_direct_nlinear_lr0.001_92601,0.21798178514894212,,4920,64,,test_b,,,direct_nlinear,member,92601
,,,,0.6059440018976673,0.25800846397132593,,v7_robin_direct_nlinear_lr0.001_92601,0.8470953055769499,,4944,65,,test_b,,,direct_nlinear,member,92601
,,,,0.7780154661501429,0.44437297403369574,,v7_robin_direct_nlinear_lr0.001_92601,1.3125479453787228,,4968,66,,test_b,,,direct_nlinear,member,92601
,,,,0.4574885051604046,0.13677182694300427,,v7_robin_direct_nlinear_lr0.001_92601,0.4222539776835884,,4992,67,,test_b,,,direct_nlinear,member,92601
,,,,0.3879636628183767,0.08627649153041762,,v7_robin_direct_nlinear_lr0.001_92601,0.27752981709002106,,5016,68,,test_b,,,direct_nlinear,member,92601
,,,,0.38190575057773923,-0.09334159080390236,,v7_robin_direct_nlinear_lr0.001_92601,0.2695633413728773,,5040,69,,test_b,,,direct_nlinear,member,92601
,,,,0.47974753583862456,-0.3159678177380199,,v7_robin_direct_nlinear_lr0.001_92601,0.4358765622012318,,5064,70,,test_b,,,direct_nlinear,member,92601
,,,,0.3000135316103172,-0.034488857546010894,,v7_robin_direct_nlinear_lr0.001_92601,0.16648220874412223,,5088,71,,test_b,,,direct_nlinear,member,92601
,,,,0.3832977380160289,0.18145926578896857,,v7_robin_direct_nlinear_lr0.001_92601,0.30659651418076295,,5112,72,,test_b,,,direct_nlinear,member,92601
,,,,0.2505838763522037,-0.014934177596182516,,v7_robin_direct_nlinear_lr0.001_92601,0.11886147183741845,,5136,73,,test_b,,,direct_nlinear,member,92601
,,,,0.2040272540397578,-0.025294859075360113,,v7_robin_direct_nlinear_lr0.001_92601,0.08025524371421415,,5160,74,,test_b,,,direct_nlinear,member,92601
,,,,0.22945423465788217,-0.06242691560684904,,v7_robin_direct_nlinear_lr0.001_92601,0.11855496318655946,,5184,75,,test_b,,,direct_nlinear,member,92601
,,,,0.23980511625025733,-0.08686155984783088,,v7_robin_direct_nlinear_lr0.001_92601,0.11008341233417339,,5208,76,,test_b,,,direct_nlinear,member,92601
,,,,0.24383157009644635,-0.09092287702871688,,v7_robin_direct_nlinear_lr0.001_92601,0.1200222995694033,,5232,77,,test_b,,,direct_nlinear,member,92601
,,,,0.23700001855682143,-0.023971139396285163,,v7_robin_direct_nlinear_lr0.001_92601,0.1104076435793575,,5256,78,,test_b,,,direct_nlinear,member,92601
,,,,0.27848616560838896,0.054054376817600544,,v7_robin_direct_nlinear_lr0.001_92601,0.1631086746685742,,5280,79,,test_b,,,direct_nlinear,member,92601
,,,,0.38222503407599767,0.09544918615095893,,v7_robin_direct_nlinear_lr0.001_92602,0.575006359914978,,3360,0,,test_a,,,direct_nlinear,member,92602
,,,,0.3956814679741179,0.2632378018429781,,v7_robin_direct_nlinear_lr0.001_92602,0.5256460632202613,,3384,1,,test_a,,,direct_nlinear,member,92602
,,,,0.34678048213719,0.11509009465425704,,v7_robin_direct_nlinear_lr0.001_92602,0.2576945175292716,,3408,2,,test_a,,,direct_nlinear,member,92602
,,,,0.37982748061461047,-0.03836360001143618,,v7_robin_direct_nlinear_lr0.001_92602,0.2841231865247187,,3432,3,,test_a,,,direct_nlinear,member,92602
,,,,0.3251292471348493,0.11716739047423129,,v7_robin_direct_nlinear_lr0.001_92602,0.22920873187149327,,3456,4,,test_a,,,direct_nlinear,member,92602
,,,,0.30473524847476774,0.11515339882808963,,v7_robin_direct_nlinear_lr0.001_92602,0.19398356570038217,,3480,5,,test_a,,,direct_nlinear,member,92602
,,,,0.2915463938914792,0.0519927784657293,,v7_robin_direct_nlinear_lr0.001_92602,0.17736193235675046,,3504,6,,test_a,,,direct_nlinear,member,92602
,,,,0.29356109206770165,0.09247781212017049,,v7_robin_direct_nlinear_lr0.001_92602,0.16933178589981202,,3528,7,,test_a,,,direct_nlinear,member,92602
,,,,0.29144143967035535,0.15658226915676257,,v7_robin_direct_nlinear_lr0.001_92602,0.1541037799605927,,3552,8,,test_a,,,direct_nlinear,member,92602
,,,,0.5331688966697958,0.4436520257914512,,v7_robin_direct_nlinear_lr0.001_92602,0.6936920984858955,,3576,9,,test_a,,,direct_nlinear,member,92602
,,,,0.5620794831609637,0.38780856895883675,,v7_robin_direct_nlinear_lr0.001_92602,0.6938059823671126,,3600,10,,test_a,,,direct_nlinear,member,92602
,,,,0.5263139527640877,-0.39166358920121247,,v7_robin_direct_nlinear_lr0.001_92602,0.53963942851334,,3624,11,,test_a,,,direct_nlinear,member,92602
,,,,0.308047739428516,0.051153616433308055,,v7_robin_direct_nlinear_lr0.001_92602,0.17704126746081555,,3648,12,,test_a,,,direct_nlinear,member,92602
,,,,0.28816566745837346,0.05019241475840282,,v7_robin_direct_nlinear_lr0.001_92602,0.1682973566113008,,3672,13,,test_a,,,direct_nlinear,member,92602
,,,,0.3319451290341984,0.0368881132291041,,v7_robin_direct_nlinear_lr0.001_92602,0.232241620278101,,3696,14,,test_a,,,direct_nlinear,member,92602
,,,,0.3928475018208915,0.1384888168429504,,v7_robin_direct_nlinear_lr0.001_92602,0.3224460085578293,,3720,15,,test_a,,,direct_nlinear,member,92602
,,,,0.5156126632788858,-0.04368262820849743,,v7_robin_direct_nlinear_lr0.001_92602,0.8359054679001267,,3744,16,,test_a,,,direct_nlinear,member,92602
,,,,0.6646369169223666,-0.06750193828638122,,v7_robin_direct_nlinear_lr0.001_92602,1.2170792680286948,,3768,17,,test_a,,,direct_nlinear,member,92602
,,,,0.5284739947395186,0.18394991703291239,,v7_robin_direct_nlinear_lr0.001_92602,0.712301397175912,,3792,18,,test_a,,,direct_nlinear,member,92602
,,,,0.4545090674784625,-0.045207463277120934,,v7_robin_direct_nlinear_lr0.001_92602,0.5197229470165972,,3816,19,,test_a,,,direct_nlinear,member,92602
,,,,0.3745425153705868,-0.022606611782048633,,v7_robin_direct_nlinear_lr0.001_92602,0.3600105176495369,,3840,20,,test_a,,,direct_nlinear,member,92602
,,,,0.31802705041791696,0.010499268373107542,,v7_robin_direct_nlinear_lr0.001_92602,0.223751431363013,,3864,21,,test_a,,,direct_nlinear,member,92602
,,,,0.3101994591591339,0.15145311143301204,,v7_robin_direct_nlinear_lr0.001_92602,0.17176531962557562,,3888,22,,test_a,,,direct_nlinear,member,92602
,,,,0.29055974631474407,-0.09158351000937104,,v7_robin_direct_nlinear_lr0.001_92602,0.16325764684530517,,3912,23,,test_a,,,direct_nlinear,member,92602
,,,,0.34458702913480904,-0.10708376454696168,,v7_robin_direct_nlinear_lr0.001_92602,0.21717818163973557,,3936,24,,test_a,,,direct_nlinear,member,92602
,,,,0.3159081717666613,0.1869984579269144,,v7_robin_direct_nlinear_lr0.001_92602,0.17951660256574017,,3960,25,,test_a,,,direct_nlinear,member,92602
,,,,0.2985947910392675,0.09840273533094053,,v7_robin_direct_nlinear_lr0.001_92602,0.1650776132041921,,3984,26,,test_a,,,direct_nlinear,member,92602
,,,,0.3003671307915105,0.16238682322956247,,v7_robin_direct_nlinear_lr0.001_92602,0.1964026918242719,,4008,27,,test_a,,,direct_nlinear,member,92602
,,,,0.27488256327998506,0.0930762213729573,,v7_robin_direct_nlinear_lr0.001_92602,0.14477035428926488,,4032,28,,test_a,,,direct_nlinear,member,92602
,,,,0.27351521690491376,0.04216655871606039,,v7_robin_direct_nlinear_lr0.001_92602,0.13633766230887737,,4056,29,,test_a,,,direct_nlinear,member,92602
,,,,0.29080044509257774,-0.07019253492427535,,v7_robin_direct_nlinear_lr0.001_92602,0.2171843873569764,,4080,30,,test_a,,,direct_nlinear,member,92602
,,,,0.3617992146051513,-0.11403934124666872,,v7_robin_direct_nlinear_lr0.001_92602,0.32341854015257376,,4104,31,,test_a,,,direct_nlinear,member,92602
,,,,0.31477900091404615,0.06263419356814577,,v7_robin_direct_nlinear_lr0.001_92602,0.1979469571679494,,4128,32,,test_a,,,direct_nlinear,member,92602
,,,,0.32480552056051026,-0.028320562721038348,,v7_robin_direct_nlinear_lr0.001_92602,0.2251882293156279,,4152,33,,test_a,,,direct_nlinear,member,92602
,,,,0.33909700127318787,-0.037812692107014725,,v7_robin_direct_nlinear_lr0.001_92602,0.2382918035476359,,4176,34,,test_a,,,direct_nlinear,member,92602
,,,,0.29821190097908246,0.13991264543573398,,v7_robin_direct_nlinear_lr0.001_92602,0.18848117268164244,,4200,35,,test_a,,,direct_nlinear,member,92602
,,,,0.36057285168641884,0.31928943792773484,,v7_robin_direct_nlinear_lr0.001_92602,0.3018091438005902,,4224,36,,test_a,,,direct_nlinear,member,92602
,,,,0.27231297422900647,0.09526963609994923,,v7_robin_direct_nlinear_lr0.001_92602,0.15917470672498502,,4248,37,,test_a,,,direct_nlinear,member,92602
,,,,0.30744588098590897,-0.11225209223245175,,v7_robin_direct_nlinear_lr0.001_92602,0.23401151035898937,,4272,38,,test_a,,,direct_nlinear,member,92602
,,,,0.2758866876418538,0.04955121805644868,,v7_robin_direct_nlinear_lr0.001_92602,0.17434980348007384,,4296,39,,test_a,,,direct_nlinear,member,92602
,,,,0.2585763340523009,-0.000711369284901736,,v7_robin_direct_nlinear_lr0.001_92602,0.14990650001889413,,4344,40,,test_b,,,direct_nlinear,member,92602
,,,,0.24581227425312369,-0.004552522557787597,,v7_robin_direct_nlinear_lr0.001_92602,0.1207603701749623,,4368,41,,test_b,,,direct_nlinear,member,92602
,,,,0.25325063809720505,0.14131563736751274,,v7_robin_direct_nlinear_lr0.001_92602,0.14987755456401633,,4392,42,,test_b,,,direct_nlinear,member,92602
,,,,0.21770086243415399,0.023360691189665495,,v7_robin_direct_nlinear_lr0.001_92602,0.10951107956462333,,4416,43,,test_b,,,direct_nlinear,member,92602
,,,,0.2584432345368744,-0.09620286652409728,,v7_robin_direct_nlinear_lr0.001_92602,0.15737091967750974,,4440,44,,test_b,,,direct_nlinear,member,92602
,,,,0.27821485021530523,-0.010195467556032407,,v7_robin_direct_nlinear_lr0.001_92602,0.2150861412103624,,4464,45,,test_b,,,direct_nlinear,member,92602
,,,,0.3036354193053044,0.010712586214318507,,v7_robin_direct_nlinear_lr0.001_92602,0.2714395855610161,,4488,46,,test_b,,,direct_nlinear,member,92602
,,,,0.23224191533974556,-0.01376575528125863,,v7_robin_direct_nlinear_lr0.001_92602,0.11670123267398588,,4512,47,,test_b,,,direct_nlinear,member,92602
,,,,0.26925754770020244,0.08464330711114385,,v7_robin_direct_nlinear_lr0.001_92602,0.21683163061340213,,4536,48,,test_b,,,direct_nlinear,member,92602
,,,,0.34709117094662006,0.2176204644561307,,v7_robin_direct_nlinear_lr0.001_92602,0.43880014083125823,,4560,49,,test_b,,,direct_nlinear,member,92602
,,,,0.2785083352817524,0.057722393417041565,,v7_robin_direct_nlinear_lr0.001_92602,0.20679523401262317,,4584,50,,test_b,,,direct_nlinear,member,92602
,,,,0.30483025342326464,0.035123986673687456,,v7_robin_direct_nlinear_lr0.001_92602,0.2355948714599351,,4608,51,,test_b,,,direct_nlinear,member,92602
,,,,0.287118630626555,0.13076843223597298,,v7_robin_direct_nlinear_lr0.001_92602,0.19309291571681347,,4632,52,,test_b,,,direct_nlinear,member,92602
,,,,0.2875538990604885,0.16763326946181456,,v7_robin_direct_nlinear_lr0.001_92602,0.20932347128976325,,4656,53,,test_b,,,direct_nlinear,member,92602
,,,,0.28564384582711555,0.11776804707701291,,v7_robin_direct_nlinear_lr0.001_92602,0.17722280076872218,,4680,54,,test_b,,,direct_nlinear,member,92602
,,,,0.2423698531830251,0.02000074945959461,,v7_robin_direct_nlinear_lr0.001_92602,0.12625683052969855,,4704,55,,test_b,,,direct_nlinear,member,92602
,,,,0.27429220237493557,0.02124868362942852,,v7_robin_direct_nlinear_lr0.001_92602,0.13896516897933342,,4728,56,,test_b,,,direct_nlinear,member,92602
,,,,0.34280102870609114,-0.1305227419554071,,v7_robin_direct_nlinear_lr0.001_92602,0.5081634662334659,,4752,57,,test_b,,,direct_nlinear,member,92602
,,,,0.6644068755393086,-0.5058700081601719,,v7_robin_direct_nlinear_lr0.001_92602,1.6883699718829732,,4776,58,,test_b,,,direct_nlinear,member,92602
,,,,0.7229453812211275,-0.526063194216675,,v7_robin_direct_nlinear_lr0.001_92602,1.4748884224924959,,4800,59,,test_b,,,direct_nlinear,member,92602
,,,,0.46346474588169845,-0.2234480338636643,,v7_robin_direct_nlinear_lr0.001_92602,0.5613960661516191,,4824,60,,test_b,,,direct_nlinear,member,92602
,,,,0.3593726881557742,-0.0920846911107861,,v7_robin_direct_nlinear_lr0.001_92602,0.35499102496642715,,4848,61,,test_b,,,direct_nlinear,member,92602
,,,,0.30695173410640564,-0.10559356813267667,,v7_robin_direct_nlinear_lr0.001_92602,0.23737001953842884,,4872,62,,test_b,,,direct_nlinear,member,92602
,,,,0.34099502009321087,0.09918682260689035,,v7_robin_direct_nlinear_lr0.001_92602,0.20038559190310382,,4896,63,,test_b,,,direct_nlinear,member,92602
,,,,0.32490233912775535,0.08326954502013441,,v7_robin_direct_nlinear_lr0.001_92602,0.21455382176070387,,4920,64,,test_b,,,direct_nlinear,member,92602
,,,,0.5652855777800284,0.30056010051653265,,v7_robin_direct_nlinear_lr0.001_92602,0.775393474951375,,4944,65,,test_b,,,direct_nlinear,member,92602
,,,,0.7682824904662923,0.47045834592027663,,v7_robin_direct_nlinear_lr0.001_92602,1.2680661384434677,,4968,66,,test_b,,,direct_nlinear,member,92602
,,,,0.4031149366430113,0.14842076665545215,,v7_robin_direct_nlinear_lr0.001_92602,0.337969184640107,,4992,67,,test_b,,,direct_nlinear,member,92602
,,,,0.3642602445416189,0.11038184360607856,,v7_robin_direct_nlinear_lr0.001_92602,0.2504268282794564,,5016,68,,test_b,,,direct_nlinear,member,92602
,,,,0.34836599206192104,-0.05099786677794113,,v7_robin_direct_nlinear_lr0.001_92602,0.23530380187393,,5040,69,,test_b,,,direct_nlinear,member,92602
,,,,0.4585243579506413,-0.24600632301749725,,v7_robin_direct_nlinear_lr0.001_92602,0.387721931697061,,5064,70,,test_b,,,direct_nlinear,member,92602
,,,,0.28170279097057394,0.03156061594085722,,v7_robin_direct_nlinear_lr0.001_92602,0.15915786653659858,,5088,71,,test_b,,,direct_nlinear,member,92602
,,,,0.3400524792428483,0.17339677374412513,,v7_robin_direct_nlinear_lr0.001_92602,0.24210879776053645,,5112,72,,test_b,,,direct_nlinear,member,92602
,,,,0.22696790060667005,-0.02662904759969987,,v7_robin_direct_nlinear_lr0.001_92602,0.0902415049301425,,5136,73,,test_b,,,direct_nlinear,member,92602
,,,,0.1784512147685603,0.010917465827886047,,v7_robin_direct_nlinear_lr0.001_92602,0.06453481542577501,,5160,74,,test_b,,,direct_nlinear,member,92602
,,,,0.19677078678254403,-0.03142070614130182,,v7_robin_direct_nlinear_lr0.001_92602,0.09028371071005235,,5184,75,,test_b,,,direct_nlinear,member,92602
,,,,0.2047320913675232,-0.06726461935242839,,v7_robin_direct_nlinear_lr0.001_92602,0.08514861095156466,,5208,76,,test_b,,,direct_nlinear,member,92602
,,,,0.2517426485183201,-0.08062429754485778,,v7_robin_direct_nlinear_lr0.001_92602,0.1259855173762486,,5232,77,,test_b,,,direct_nlinear,member,92602
,,,,0.20640760309784217,-0.007447047216142071,,v7_robin_direct_nlinear_lr0.001_92602,0.09969451181790864,,5256,78,,test_b,,,direct_nlinear,member,92602
,,,,0.25364009833976847,0.07608619122537692,,v7_robin_direct_nlinear_lr0.001_92602,0.1264754641834727,,5280,79,,test_b,,,direct_nlinear,member,92602
,,,,0.4070010383445115,0.07383403797139715,2,mean_of_member_losses,0.6078670489385207,,3360,0,,test_a,,,direct_nlinear,role_mean_loss,
,,,,0.4011489626179408,0.23538108908385266,2,mean_of_member_losses,0.5185305825072654,,3384,1,,test_a,,,direct_nlinear,role_mean_loss,
,,,,0.3290101825827436,0.07246621123055115,2,mean_of_member_losses,0.23132813225912313,,3408,2,,test_a,,,direct_nlinear,role_mean_loss,
,,,,0.40093122188530594,-0.07507070015943848,2,mean_of_member_losses,0.31176713371882026,,3432,3,,test_a,,,direct_nlinear,role_mean_loss,
,,,,0.32898762233640344,0.09902421214521347,2,mean_of_member_losses,0.2231061055049013,,3456,4,,test_a,,,direct_nlinear,role_mean_loss,
,,,,0.3036063886225462,0.09045737252024849,2,mean_of_member_losses,0.19088325291764915,,3480,5,,test_a,,,direct_nlinear,role_mean_loss,
,,,,0.29924377920014744,0.03295191497212121,2,mean_of_member_losses,0.18238274717866942,,3504,6,,test_a,,,direct_nlinear,role_mean_loss,
,,,,0.30518125136515273,0.06177337158941572,2,mean_of_member_losses,0.18464476036186414,,3528,7,,test_a,,,direct_nlinear,role_mean_loss,
,,,,0.29329110859715213,0.13308551386752002,2,mean_of_member_losses,0.15664085321938165,,3552,8,,test_a,,,direct_nlinear,role_mean_loss,
,,,,0.5434263029852517,0.4161124833991897,2,mean_of_member_losses,0.7091468111368816,,3576,9,,test_a,,,direct_nlinear,role_mean_loss,
,,,,0.5434706958071283,0.377467210724717,2,mean_of_member_losses,0.6373941032362711,,3600,10,,test_a,,,direct_nlinear,role_mean_loss,
,,,,0.5270800726541305,-0.38027602371756286,2,mean_of_member_losses,0.5229942785459087,,3624,11,,test_a,,,direct_nlinear,role_mean_loss,
,,,,0.32988512057236935,0.027318995141517827,2,mean_of_member_losses,0.19767344348463056,,3648,12,,test_a,,,direct_nlinear,role_mean_loss,
,,,,0.2957434927846086,0.042476761851610395,2,mean_of_member_losses,0.1769822303593485,,3672,13,,test_a,,,direct_nlinear,role_mean_loss,
,,,,0.35053363597926723,0.021078594163911616,2,mean_of_member_losses,0.24877132450760647,,3696,14,,test_a,,,direct_nlinear,role_mean_loss,
,,,,0.38415290003639013,0.12982673803487035,2,mean_of_member_losses,0.3122853586709778,,3720,15,,test_a,,,direct_nlinear,role_mean_loss,
,,,,0.5158812270668682,-0.049068837191489544,2,mean_of_member_losses,0.819358771875675,,3744,16,,test_a,,,direct_nlinear,role_mean_loss,
,,,,0.6788241321882393,-0.09169451818503577,2,mean_of_member_losses,1.2000965333480607,,3768,17,,test_a,,,direct_nlinear,role_mean_loss,
,,,,0.5244157731333461,0.18417468998321807,2,mean_of_member_losses,0.713169669834163,,3792,18,,test_a,,,direct_nlinear,role_mean_loss,
,,,,0.4617700067400281,-0.03719693235061462,2,mean_of_member_losses,0.5169547600982999,,3816,19,,test_a,,,direct_nlinear,role_mean_loss,
,,,,0.3754887312985803,-0.0296066907450914,2,mean_of_member_losses,0.35821581529142443,,3840,20,,test_a,,,direct_nlinear,role_mean_loss,
,,,,0.32820071019865704,0.020520240625474424,2,mean_of_member_losses,0.22364406490375852,,3864,21,,test_a,,,direct_nlinear,role_mean_loss,
,,,,0.3036217597687295,0.12666850239218228,2,mean_of_member_losses,0.16546006229450905,,3888,22,,test_a,,,direct_nlinear,role_mean_loss,
,,,,0.29759527486863124,-0.11956292331474377,2,mean_of_member_losses,0.168594309235392,,3912,23,,test_a,,,direct_nlinear,role_mean_loss,
,,,,0.35930125507144894,-0.10719477970440708,2,mean_of_member_losses,0.2412536542828003,,3936,24,,test_a,,,direct_nlinear,role_mean_loss,
,,,,0.3229902078450073,0.1775101425825828,2,mean_of_member_losses,0.1927781902375259,,3960,25,,test_a,,,direct_nlinear,role_mean_loss,
,,,,0.32045909254492133,0.09293909672437711,2,mean_of_member_losses,0.18942281761487506,,3984,26,,test_a,,,direct_nlinear,role_mean_loss,
,,,,0.30679713115273,0.13527976687142726,2,mean_of_member_losses,0.19970138837692447,,4008,27,,test_a,,,direct_nlinear,role_mean_loss,
,,,,0.28093984542732975,0.06530636367838893,2,mean_of_member_losses,0.15195983034796384,,4032,28,,test_a,,,direct_nlinear,role_mean_loss,
,,,,0.2914149535961983,0.01683131090277468,2,mean_of_member_losses,0.15613444609649674,,4056,29,,test_a,,,direct_nlinear,role_mean_loss,
,,,,0.3037426168616637,-0.09687114252536796,2,mean_of_member_losses,0.22207211210738362,,4080,30,,test_a,,,direct_nlinear,role_mean_loss,
,,,,0.38642977658859234,-0.131860870516225,2,mean_of_member_losses,0.34707885249960446,,4104,31,,test_a,,,direct_nlinear,role_mean_loss,
,,,,0.3305149844687263,0.06344150058558787,2,mean_of_member_losses,0.2127301763494655,,4128,32,,test_a,,,direct_nlinear,role_mean_loss,
,,,,0.3418978122587991,-0.04286129658644581,2,mean_of_member_losses,0.23909561771662008,,4152,33,,test_a,,,direct_nlinear,role_mean_loss,
,,,,0.35737014518242943,-0.053354526577273714,2,mean_of_member_losses,0.25614780001299386,,4176,34,,test_a,,,direct_nlinear,role_mean_loss,
,,,,0.31644480820985194,0.12149503586553301,2,mean_of_member_losses,0.20565365474501118,,4200,35,,test_a,,,direct_nlinear,role_mean_loss,
,,,,0.355628205389104,0.2923402450054281,2,mean_of_member_losses,0.293640644262298,,4224,36,,test_a,,,direct_nlinear,role_mean_loss,
,,,,0.2664150067988279,0.05660002251733756,2,mean_of_member_losses,0.15116126561595877,,4248,37,,test_a,,,direct_nlinear,role_mean_loss,
,,,,0.33200442591181606,-0.13488514691876025,2,mean_of_member_losses,0.2742403304245491,,4272,38,,test_a,,,direct_nlinear,role_mean_loss,
,,,,0.2875503958648016,0.050455654101610625,2,mean_of_member_losses,0.1883814167335629,,4296,39,,test_a,,,direct_nlinear,role_mean_loss,
,,,,0.2683758521725751,-0.027034742120889077,2,mean_of_member_losses,0.15476267286933643,,4344,40,,test_b,,,direct_nlinear,role_mean_loss,
,,,,0.2658745534740863,-0.019029752506564062,2,mean_of_member_losses,0.14106873561042615,,4368,41,,test_b,,,direct_nlinear,role_mean_loss,
,,,,0.25756618155705213,0.11998780253092192,2,mean_of_member_losses,0.14800105283361176,,4392,42,,test_b,,,direct_nlinear,role_mean_loss,
,,,,0.2225359057580742,0.0029021056549276645,2,mean_of_member_losses,0.10947481730394343,,4416,43,,test_b,,,direct_nlinear,role_mean_loss,
,,,,0.2759019273439395,-0.11590254559996538,2,mean_of_member_losses,0.17430832582251554,,4440,44,,test_b,,,direct_nlinear,role_mean_loss,
,,,,0.29129075467947174,-0.009737202303036683,2,mean_of_member_losses,0.2205414135531475,,4464,45,,test_b,,,direct_nlinear,role_mean_loss,
,,,,0.3092747947387169,-0.009301124995473918,2,mean_of_member_losses,0.28564840687038684,,4488,46,,test_b,,,direct_nlinear,role_mean_loss,
,,,,0.23614534955955677,-0.022211236466639948,2,mean_of_member_losses,0.12049187458352742,,4512,47,,test_b,,,direct_nlinear,role_mean_loss,
,,,,0.290957176424426,0.06577843865470998,2,mean_of_member_losses,0.23048283206754522,,4536,48,,test_b,,,direct_nlinear,role_mean_loss,
,,,,0.34507001757361544,0.19207824162988213,2,mean_of_member_losses,0.4293398707095678,,4560,49,,test_b,,,direct_nlinear,role_mean_loss,
,,,,0.2792065092345344,0.02288407729493509,2,mean_of_member_losses,0.20182933491155036,,4584,50,,test_b,,,direct_nlinear,role_mean_loss,
,,,,0.32139045492216356,0.01386892113277652,2,mean_of_member_losses,0.2446772899017704,,4608,51,,test_b,,,direct_nlinear,role_mean_loss,
,,,,0.2990073350444493,0.13186816903094845,2,mean_of_member_losses,0.20803297745749205,,4632,52,,test_b,,,direct_nlinear,role_mean_loss,
,,,,0.2964575080329144,0.1453035101000626,2,mean_of_member_losses,0.21898772229149727,,4656,53,,test_b,,,direct_nlinear,role_mean_loss,
,,,,0.2786439366991901,0.08553523955125975,2,mean_of_member_losses,0.17051565342372207,,4680,54,,test_b,,,direct_nlinear,role_mean_loss,
,,,,0.2563605186670411,-0.005498366906691695,2,mean_of_member_losses,0.13460187494455222,,4704,55,,test_b,,,direct_nlinear,role_mean_loss,
,,,,0.28211018764576534,-0.005008917311737176,2,mean_of_member_losses,0.1475765772345864,,4728,56,,test_b,,,direct_nlinear,role_mean_loss,
,,,,0.354977854012652,-0.15841843664298616,2,mean_of_member_losses,0.5218979075732701,,4752,57,,test_b,,,direct_nlinear,role_mean_loss,
,,,,0.6771179503527776,-0.5246842591287058,2,mean_of_member_losses,1.6983181521017063,,4776,58,,test_b,,,direct_nlinear,role_mean_loss,
,,,,0.7110676861614609,-0.5031815807323027,2,mean_of_member_losses,1.393399798517293,,4800,59,,test_b,,,direct_nlinear,role_mean_loss,
,,,,0.4717907266821581,-0.23469702419093022,2,mean_of_member_losses,0.5553997699410635,,4824,60,,test_b,,,direct_nlinear,role_mean_loss,
,,,,0.3539488769419418,-0.10120520484833476,2,mean_of_member_losses,0.34785666027297546,,4848,61,,test_b,,,direct_nlinear,role_mean_loss,
,,,,0.3212312871542321,-0.11335028883602753,2,mean_of_member_losses,0.24049702210310236,,4872,62,,test_b,,,direct_nlinear,role_mean_loss,
,,,,0.3446622984249153,0.08117015810385769,2,mean_of_member_losses,0.20883481913294502,,4896,63,,test_b,,,direct_nlinear,role_mean_loss,
,,,,0.32132273051127624,0.0589137099248582,2,mean_of_member_losses,0.216267803454823,,4920,64,,test_b,,,direct_nlinear,role_mean_loss,
,,,,0.5856147898388478,0.2792842822439293,2,mean_of_member_losses,0.8112443902641624,,4944,65,,test_b,,,direct_nlinear,role_mean_loss,
,,,,0.7731489783082176,0.4574156599769862,2,mean_of_member_losses,1.2903070419110954,,4968,66,,test_b,,,direct_nlinear,role_mean_loss,
,,,,0.43030172090170793,0.1425962967992282,2,mean_of_member_losses,0.38011158116184773,,4992,67,,test_b,,,direct_nlinear,role_mean_loss,
,,,,0.37611195367999783,0.09832916756824808,2,mean_of_member_losses,0.26397832268473875,,5016,68,,test_b,,,direct_nlinear,role_mean_loss,
,,,,0.36513587131983016,-0.07216972879092175,2,mean_of_member_losses,0.25243357162340363,,5040,69,,test_b,,,direct_nlinear,role_mean_loss,
,,,,0.4691359468946329,-0.2809870703777586,2,mean_of_member_losses,0.4117992469491464,,5064,70,,test_b,,,direct_nlinear,role_mean_loss,
,,,,0.29085816129044556,-0.0014641208025768376,2,mean_of_member_losses,0.1628200376403604,,5088,71,,test_b,,,direct_nlinear,role_mean_loss,
,,,,0.36167510862943864,0.17742801976654685,2,mean_of_member_losses,0.27435265597064973,,5112,72,,test_b,,,direct_nlinear,role_mean_loss,
,,,,0.23877588847943687,-0.020781612597941194,2,mean_of_member_losses,0.10455148838378048,,5136,73,,test_b,,,direct_nlinear,role_mean_loss,
,,,,0.19123923440415905,-0.007188696623737033,2,mean_of_member_losses,0.07239502956999458,,5160,74,,test_b,,,direct_nlinear,role_mean_loss,
,,,,0.2131125107202131,-0.04692381087407543,2,mean_of_member_losses,0.10441933694830591,,5184,75,,test_b,,,direct_nlinear,role_mean_loss,
,,,,0.22226860380889027,-0.07706308960012964,2,mean_of_member_losses,0.09761601164286902,,5208,76,,test_b,,,direct_nlinear,role_mean_loss,
,,,,0.24778710930738324,-0.08577358728678733,2,mean_of_member_losses,0.12300390847282595,,5232,77,,test_b,,,direct_nlinear,role_mean_loss,
,,,,0.22170381082733182,-0.015709093306213617,2,mean_of_member_losses,0.10505107769863307,,5256,78,,test_b,,,direct_nlinear,role_mean_loss,
,,,,0.2660631319740787,0.06507028402148873,2,mean_of_member_losses,0.14479206942602346,,5280,79,,test_b,,,direct_nlinear,role_mean_loss,
,,,,0.32987542570730083,0.10014343138162111,,v6_robin_f0,0.47938147362333183,,3360,0,,test_a,,,f0,member,
,,,,0.2504840478396349,0.02981264594007585,,v6_robin_f0,0.19103519975175148,,3384,1,,test_a,,,f0,member,
,,,,0.22381462796685953,0.03359388575264864,,v6_robin_f0,0.11238266669843636,,3408,2,,test_a,,,f0,member,
,,,,0.29952182083106177,0.05901536019654504,,v6_robin_f0,0.18558851639935703,,3432,3,,test_a,,,f0,member,
,,,,0.2480418159075449,0.03867495754107664,,v6_robin_f0,0.11326771700174883,,3456,4,,test_a,,,f0,member,
,,,,0.2539958439296706,0.08863499113944914,,v6_robin_f0,0.13989873139302506,,3480,5,,test_a,,,f0,member,
,,,,0.2587559064716105,0.04132696030023462,,v6_robin_f0,0.1425235523611904,,3504,6,,test_a,,,f0,member,
,,,,0.21487780329748513,0.05622701090418131,,v6_robin_f0,0.10421267908997701,,3528,7,,test_a,,,f0,member,
,,,,0.2047015640658655,-0.0025355798253953897,,v6_robin_f0,0.0949196681522501,,3552,8,,test_a,,,f0,member,
,,,,0.4861873907890792,0.3689516551276742,,v6_robin_f0,0.6704647129057817,,3576,9,,test_a,,,f0,member,
,,,,0.5464594619931863,0.37692566774842584,,v6_robin_f0,0.7240160434143255,,3600,10,,test_a,,,f0,member,
,,,,0.4750819321879866,-0.3341143164414497,,v6_robin_f0,0.44619056160311066,,3624,11,,test_a,,,f0,member,
,,,,0.27082864561902276,0.028314149350455196,,v6_robin_f0,0.1429242124029932,,3648,12,,test_a,,,f0,member,
,,,,0.26228015327212106,0.11222769878633485,,v6_robin_f0,0.17664106425097262,,3672,13,,test_a,,,f0,member,
,,,,0.2911889351520336,0.044421124197576906,,v6_robin_f0,0.22082469565856067,,3696,14,,test_a,,,f0,member,
,,,,0.3243767700255643,0.06696333802520872,,v6_robin_f0,0.26848642063928624,,3720,15,,test_a,,,f0,member,
,,,,0.40251890130971063,0.10430609857818733,,v6_robin_f0,0.8067897424184195,,3744,16,,test_a,,,f0,member,
,,,,0.5038558397149352,-0.026093928689792222,,v6_robin_f0,0.7821015420531326,,3768,17,,test_a,,,f0,member,
,,,,0.3443088964711077,-0.19633690397149264,,v6_robin_f0,0.22944854057642433,,3792,18,,test_a,,,f0,member,
,,,,0.28023736927235743,-0.1641648972814865,,v6_robin_f0,0.17270362296190717,,3816,19,,test_a,,,f0,member,
,,,,0.25209773081994225,0.002482894624229041,,v6_robin_f0,0.14708478758368446,,3840,20,,test_a,,,f0,member,
,,,,0.21704802012926153,-0.032601110513853344,,v6_robin_f0,0.09925038718020025,,3864,21,,test_a,,,f0,member,
,,,,0.17653549689152986,-0.0011105728673796607,,v6_robin_f0,0.06954141870032056,,3888,22,,test_a,,,f0,member,
,,,,0.19676701014509937,-0.027826891999746507,,v6_robin_f0,0.09560487368754822,,3912,23,,test_a,,,f0,member,
,,,,0.2791795730933218,-0.06007125274981281,,v6_robin_f0,0.15637155925321639,,3936,24,,test_a,,,f0,member,
,,,,0.20329615936840556,-0.006522263333489022,,v6_robin_f0,0.08961492582853285,,3960,25,,test_a,,,f0,member,
,,,,0.22370772931711091,0.016348938771532665,,v6_robin_f0,0.1185652301713205,,3984,26,,test_a,,,f0,member,
,,,,0.22584828587038347,0.12011277849638181,,v6_robin_f0,0.1297326478238566,,4008,27,,test_a,,,f0,member,
,,,,0.23165869516721133,0.06755396525584408,,v6_robin_f0,0.14928967177353883,,4032,28,,test_a,,,f0,member,
,,,,0.26744584687991185,-0.07638061709397281,,v6_robin_f0,0.17447608456699026,,4056,29,,test_a,,,f0,member,
,,,,0.271042578816217,-0.03888415574592906,,v6_robin_f0,0.2149296918473538,,4080,30,,test_a,,,f0,member,
,,,,0.31380820199845794,-0.04778220987167978,,v6_robin_f0,0.28097088205077564,,4104,31,,test_a,,,f0,member,
,,,,0.24190424997661966,0.022839707752984183,,v6_robin_f0,0.13948968221978797,,4128,32,,test_a,,,f0,member,
,,,,0.23978047106556558,-0.07335791502070303,,v6_robin_f0,0.14572716728511823,,4152,33,,test_a,,,f0,member,
,,,,0.26201724398054593,0.028733746670731503,,v6_robin_f0,0.1567258887221392,,4176,34,,test_a,,,f0,member,
,,,,0.23942111129023638,0.11506862107339924,,v6_robin_f0,0.14505107811333445,,4200,35,,test_a,,,f0,member,
,,,,0.2256288968731978,0.10081642471121478,,v6_robin_f0,0.14550389669675398,,4224,36,,test_a,,,f0,member,
,,,,0.21021496565991388,-0.015970078977618103,,v6_robin_f0,0.11712450490070087,,4248,37,,test_a,,,f0,member,
,,,,0.3378222085501001,-0.1669351088866653,,v6_robin_f0,0.33836963244068435,,4272,38,,test_a,,,f0,member,
,,,,0.23600086931358366,-0.03507942863164798,,v6_robin_f0,0.1443252539715734,,4296,39,,test_a,,,f0,member,
,,,,0.22559188952771936,0.011140889823639323,,v6_robin_f0,0.1411105137738364,,4344,40,,test_b,,,f0,member,
,,,,0.2379717151200691,0.03080523027992789,,v6_robin_f0,0.14662826611082105,,4368,41,,test_b,,,f0,member,
,,,,0.20485884021835254,0.030993993819791676,,v6_robin_f0,0.12026598406848597,,4392,42,,test_b,,,f0,member,
,,,,0.1692427322645124,0.0021742998209197586,,v6_robin_f0,0.07133857471434751,,4416,43,,test_b,,,f0,member,
,,,,0.2036258216437144,-0.07074090310055123,,v6_robin_f0,0.10547371949911655,,4440,44,,test_b,,,f0,member,
,,,,0.22443344621056252,-0.037466233138533714,,v6_robin_f0,0.14999501818419345,,4464,45,,test_b,,,f0,member,
,,,,0.24040003483726954,0.0028961513718754493,,v6_robin_f0,0.17166994777681968,,4488,46,,test_b,,,f0,member,
,,,,0.19812137280378544,-0.000981747613895648,,v6_robin_f0,0.09301343866565043,,4512,47,,test_b,,,f0,member,
,,,,0.22856234335317732,0.03914792957948521,,v6_robin_f0,0.16946318484525114,,4536,48,,test_b,,,f0,member,
,,,,0.2951719404081814,0.0629465623939063,,v6_robin_f0,0.4039160624478687,,4560,49,,test_b,,,f0,member,
,,,,0.18836806789234592,-0.06394189697240625,,v6_robin_f0,0.08708504170678347,,4584,50,,test_b,,,f0,member,
,,,,0.239108369656035,-0.09261467669150043,,v6_robin_f0,0.1450422435558046,,4608,51,,test_b,,,f0,member,
,,,,0.21370882209927966,0.05818615066699054,,v6_robin_f0,0.09771753639517722,,4632,52,,test_b,,,f0,member,
,,,,0.24023813915960537,0.14368423977986608,,v6_robin_f0,0.15404597013930485,,4656,53,,test_b,,,f0,member,
,,,,0.1793270921782595,0.0058465452677017886,,v6_robin_f0,0.07046214704627199,,4680,54,,test_b,,,f0,member,
,,,,0.19277223931631476,-0.05040119841385818,,v6_robin_f0,0.07208614273852505,,4704,55,,test_b,,,f0,member,
,,,,0.22706240674040815,-0.1350894057262956,,v6_robin_f0,0.10868034838511743,,4728,56,,test_b,,,f0,member,
,,,,0.3062525565024664,-0.1903899013914805,,v6_robin_f0,0.4864841478099735,,4752,57,,test_b,,,f0,member,
,,,,0.6736561071539838,-0.5692158809035357,,v6_robin_f0,1.7179671853843241,,4776,58,,test_b,,,f0,member,
,,,,0.531733895189272,-0.3485382801132577,,v6_robin_f0,0.6601506082034406,,4800,59,,test_b,,,f0,member,
,,,,0.37096227579454805,-0.08579411791709159,,v6_robin_f0,0.3086994983026441,,4824,60,,test_b,,,f0,member,
,,,,0.29809304184363655,0.06642940750045419,,v6_robin_f0,0.16355114485138822,,4848,61,,test_b,,,f0,member,
,,,,0.2466604133241002,-0.037289873047163434,,v6_robin_f0,0.13892040883552534,,4872,62,,test_b,,,f0,member,
,,,,0.2624550519836239,-0.028983071766774896,,v6_robin_f0,0.17313721082701028,,4896,63,,test_b,,,f0,member,
,,,,0.21906585478748586,0.06510448941024187,,v6_robin_f0,0.10242904139445833,,4920,64,,test_b,,,f0,member,
,,,,0.4627000871125846,0.20273432454126247,,v6_robin_f0,0.6006436839634556,,4944,65,,test_b,,,f0,member,
,,,,0.657529032409109,0.25570168851431935,,v6_robin_f0,0.987427143302975,,4968,66,,test_b,,,f0,member,
,,,,0.4588804783221242,0.2967055380712041,,v6_robin_f0,0.6741438295002476,,4992,67,,test_b,,,f0,member,
,,,,0.2423556235136108,0.1415248465394446,,v6_robin_f0,0.14659386093886373,,5016,68,,test_b,,,f0,member,
,,,,0.13568905072765225,0.009149732073531007,,v6_robin_f0,0.056507615909201565,,5040,69,,test_b,,,f0,member,
,,,,0.12000957811816239,-0.004736851870856138,,v6_robin_f0,0.03488343550472574,,5064,70,,test_b,,,f0,member,
,,,,0.08157018806948554,0.018668061491802754,,v6_robin_f0,0.023440158330702024,,5088,71,,test_b,,,f0,member,
,,,,0.1268780351150353,-0.07332626810274828,,v6_robin_f0,0.07520138191038483,,5112,72,,test_b,,,f0,member,
,,,,0.1426485885131828,-0.08503951919256532,,v6_robin_f0,0.06407725514465304,,5136,73,,test_b,,,f0,member,
,,,,0.08331554850305753,-0.022102822994829872,,v6_robin_f0,0.028157738981279552,,5160,74,,test_b,,,f0,member,
,,,,0.09296394478274035,-0.025939903094195853,,v6_robin_f0,0.057574623048777834,,5184,75,,test_b,,,f0,member,
,,,,0.09355746636078145,0.029132022371164103,,v6_robin_f0,0.052151247635090874,,5208,76,,test_b,,,f0,member,
,,,,0.08675277429489035,0.0007627982658781476,,v6_robin_f0,0.04121322933360302,,5232,77,,test_b,,,f0,member,
,,,,0.10934954968180653,-0.009075738825177884,,v6_robin_f0,0.06205751988966692,,5256,78,,test_b,,,f0,member,
,,,,0.13244788994893944,-0.06410672561968585,,v6_robin_f0,0.10503045780732603,,5280,79,,test_b,,,f0,member,
,,,,0.32987542570730083,0.10014343138162111,1,mean_of_member_losses,0.47938147362333183,,3360,0,,test_a,,,f0,role_mean_loss,
,,,,0.2504840478396349,0.02981264594007585,1,mean_of_member_losses,0.19103519975175148,,3384,1,,test_a,,,f0,role_mean_loss,
,,,,0.22381462796685953,0.03359388575264864,1,mean_of_member_losses,0.11238266669843636,,3408,2,,test_a,,,f0,role_mean_loss,
,,,,0.29952182083106177,0.05901536019654504,1,mean_of_member_losses,0.18558851639935703,,3432,3,,test_a,,,f0,role_mean_loss,
,,,,0.2480418159075449,0.03867495754107664,1,mean_of_member_losses,0.11326771700174883,,3456,4,,test_a,,,f0,role_mean_loss,
,,,,0.2539958439296706,0.08863499113944914,1,mean_of_member_losses,0.13989873139302506,,3480,5,,test_a,,,f0,role_mean_loss,
,,,,0.2587559064716105,0.04132696030023462,1,mean_of_member_losses,0.1425235523611904,,3504,6,,test_a,,,f0,role_mean_loss,
,,,,0.21487780329748513,0.05622701090418131,1,mean_of_member_losses,0.10421267908997701,,3528,7,,test_a,,,f0,role_mean_loss,
,,,,0.2047015640658655,-0.0025355798253953897,1,mean_of_member_losses,0.0949196681522501,,3552,8,,test_a,,,f0,role_mean_loss,
,,,,0.4861873907890792,0.3689516551276742,1,mean_of_member_losses,0.6704647129057817,,3576,9,,test_a,,,f0,role_mean_loss,
,,,,0.5464594619931863,0.37692566774842584,1,mean_of_member_losses,0.7240160434143255,,3600,10,,test_a,,,f0,role_mean_loss,
,,,,0.4750819321879866,-0.3341143164414497,1,mean_of_member_losses,0.44619056160311066,,3624,11,,test_a,,,f0,role_mean_loss,
,,,,0.27082864561902276,0.028314149350455196,1,mean_of_member_losses,0.1429242124029932,,3648,12,,test_a,,,f0,role_mean_loss,
,,,,0.26228015327212106,0.11222769878633485,1,mean_of_member_losses,0.17664106425097262,,3672,13,,test_a,,,f0,role_mean_loss,
,,,,0.2911889351520336,0.044421124197576906,1,mean_of_member_losses,0.22082469565856067,,3696,14,,test_a,,,f0,role_mean_loss,
,,,,0.3243767700255643,0.06696333802520872,1,mean_of_member_losses,0.26848642063928624,,3720,15,,test_a,,,f0,role_mean_loss,
,,,,0.40251890130971063,0.10430609857818733,1,mean_of_member_losses,0.8067897424184195,,3744,16,,test_a,,,f0,role_mean_loss,
,,,,0.5038558397149352,-0.026093928689792222,1,mean_of_member_losses,0.7821015420531326,,3768,17,,test_a,,,f0,role_mean_loss,
,,,,0.3443088964711077,-0.19633690397149264,1,mean_of_member_losses,0.22944854057642433,,3792,18,,test_a,,,f0,role_mean_loss,
,,,,0.28023736927235743,-0.1641648972814865,1,mean_of_member_losses,0.17270362296190717,,3816,19,,test_a,,,f0,role_mean_loss,
,,,,0.25209773081994225,0.002482894624229041,1,mean_of_member_losses,0.14708478758368446,,3840,20,,test_a,,,f0,role_mean_loss,
,,,,0.21704802012926153,-0.032601110513853344,1,mean_of_member_losses,0.09925038718020025,,3864,21,,test_a,,,f0,role_mean_loss,
,,,,0.17653549689152986,-0.0011105728673796607,1,mean_of_member_losses,0.06954141870032056,,3888,22,,test_a,,,f0,role_mean_loss,
,,,,0.19676701014509937,-0.027826891999746507,1,mean_of_member_losses,0.09560487368754822,,3912,23,,test_a,,,f0,role_mean_loss,
,,,,0.2791795730933218,-0.06007125274981281,1,mean_of_member_losses,0.15637155925321639,,3936,24,,test_a,,,f0,role_mean_loss,
,,,,0.20329615936840556,-0.006522263333489022,1,mean_of_member_losses,0.08961492582853285,,3960,25,,test_a,,,f0,role_mean_loss,
,,,,0.22370772931711091,0.016348938771532665,1,mean_of_member_losses,0.1185652301713205,,3984,26,,test_a,,,f0,role_mean_loss,
,,,,0.22584828587038347,0.12011277849638181,1,mean_of_member_losses,0.1297326478238566,,4008,27,,test_a,,,f0,role_mean_loss,
,,,,0.23165869516721133,0.06755396525584408,1,mean_of_member_losses,0.14928967177353883,,4032,28,,test_a,,,f0,role_mean_loss,
,,,,0.26744584687991185,-0.07638061709397281,1,mean_of_member_losses,0.17447608456699026,,4056,29,,test_a,,,f0,role_mean_loss,
,,,,0.271042578816217,-0.03888415574592906,1,mean_of_member_losses,0.2149296918473538,,4080,30,,test_a,,,f0,role_mean_loss,
,,,,0.31380820199845794,-0.04778220987167978,1,mean_of_member_losses,0.28097088205077564,,4104,31,,test_a,,,f0,role_mean_loss,
,,,,0.24190424997661966,0.022839707752984183,1,mean_of_member_losses,0.13948968221978797,,4128,32,,test_a,,,f0,role_mean_loss,
,,,,0.23978047106556558,-0.07335791502070303,1,mean_of_member_losses,0.14572716728511823,,4152,33,,test_a,,,f0,role_mean_loss,
,,,,0.26201724398054593,0.028733746670731503,1,mean_of_member_losses,0.1567258887221392,,4176,34,,test_a,,,f0,role_mean_loss,
,,,,0.23942111129023638,0.11506862107339924,1,mean_of_member_losses,0.14505107811333445,,4200,35,,test_a,,,f0,role_mean_loss,
,,,,0.2256288968731978,0.10081642471121478,1,mean_of_member_losses,0.14550389669675398,,4224,36,,test_a,,,f0,role_mean_loss,
,,,,0.21021496565991388,-0.015970078977618103,1,mean_of_member_losses,0.11712450490070087,,4248,37,,test_a,,,f0,role_mean_loss,
,,,,0.3378222085501001,-0.1669351088866653,1,mean_of_member_losses,0.33836963244068435,,4272,38,,test_a,,,f0,role_mean_loss,
,,,,0.23600086931358366,-0.03507942863164798,1,mean_of_member_losses,0.1443252539715734,,4296,39,,test_a,,,f0,role_mean_loss,
,,,,0.22559188952771936,0.011140889823639323,1,mean_of_member_losses,0.1411105137738364,,4344,40,,test_b,,,f0,role_mean_loss,
,,,,0.2379717151200691,0.03080523027992789,1,mean_of_member_losses,0.14662826611082105,,4368,41,,test_b,,,f0,role_mean_loss,
,,,,0.20485884021835254,0.030993993819791676,1,mean_of_member_losses,0.12026598406848597,,4392,42,,test_b,,,f0,role_mean_loss,
,,,,0.1692427322645124,0.0021742998209197586,1,mean_of_member_losses,0.07133857471434751,,4416,43,,test_b,,,f0,role_mean_loss,
,,,,0.2036258216437144,-0.07074090310055123,1,mean_of_member_losses,0.10547371949911655,,4440,44,,test_b,,,f0,role_mean_loss,
,,,,0.22443344621056252,-0.037466233138533714,1,mean_of_member_losses,0.14999501818419345,,4464,45,,test_b,,,f0,role_mean_loss,
,,,,0.24040003483726954,0.0028961513718754493,1,mean_of_member_losses,0.17166994777681968,,4488,46,,test_b,,,f0,role_mean_loss,
,,,,0.19812137280378544,-0.000981747613895648,1,mean_of_member_losses,0.09301343866565043,,4512,47,,test_b,,,f0,role_mean_loss,
,,,,0.22856234335317732,0.03914792957948521,1,mean_of_member_losses,0.16946318484525114,,4536,48,,test_b,,,f0,role_mean_loss,
,,,,0.2951719404081814,0.0629465623939063,1,mean_of_member_losses,0.4039160624478687,,4560,49,,test_b,,,f0,role_mean_loss,
,,,,0.18836806789234592,-0.06394189697240625,1,mean_of_member_losses,0.08708504170678347,,4584,50,,test_b,,,f0,role_mean_loss,
,,,,0.239108369656035,-0.09261467669150043,1,mean_of_member_losses,0.1450422435558046,,4608,51,,test_b,,,f0,role_mean_loss,
,,,,0.21370882209927966,0.05818615066699054,1,mean_of_member_losses,0.09771753639517722,,4632,52,,test_b,,,f0,role_mean_loss,
,,,,0.24023813915960537,0.14368423977986608,1,mean_of_member_losses,0.15404597013930485,,4656,53,,test_b,,,f0,role_mean_loss,
,,,,0.1793270921782595,0.0058465452677017886,1,mean_of_member_losses,0.07046214704627199,,4680,54,,test_b,,,f0,role_mean_loss,
,,,,0.19277223931631476,-0.05040119841385818,1,mean_of_member_losses,0.07208614273852505,,4704,55,,test_b,,,f0,role_mean_loss,
,,,,0.22706240674040815,-0.1350894057262956,1,mean_of_member_losses,0.10868034838511743,,4728,56,,test_b,,,f0,role_mean_loss,
,,,,0.3062525565024664,-0.1903899013914805,1,mean_of_member_losses,0.4864841478099735,,4752,57,,test_b,,,f0,role_mean_loss,
,,,,0.6736561071539838,-0.5692158809035357,1,mean_of_member_losses,1.7179671853843241,,4776,58,,test_b,,,f0,role_mean_loss,
,,,,0.531733895189272,-0.3485382801132577,1,mean_of_member_losses,0.6601506082034406,,4800,59,,test_b,,,f0,role_mean_loss,
,,,,0.37096227579454805,-0.08579411791709159,1,mean_of_member_losses,0.3086994983026441,,4824,60,,test_b,,,f0,role_mean_loss,
,,,,0.29809304184363655,0.06642940750045419,1,mean_of_member_losses,0.16355114485138822,,4848,61,,test_b,,,f0,role_mean_loss,
,,,,0.2466604133241002,-0.037289873047163434,1,mean_of_member_losses,0.13892040883552534,,4872,62,,test_b,,,f0,role_mean_loss,
,,,,0.2624550519836239,-0.028983071766774896,1,mean_of_member_losses,0.17313721082701028,,4896,63,,test_b,,,f0,role_mean_loss,
,,,,0.21906585478748586,0.06510448941024187,1,mean_of_member_losses,0.10242904139445833,,4920,64,,test_b,,,f0,role_mean_loss,
,,,,0.4627000871125846,0.20273432454126247,1,mean_of_member_losses,0.6006436839634556,,4944,65,,test_b,,,f0,role_mean_loss,
,,,,0.657529032409109,0.25570168851431935,1,mean_of_member_losses,0.987427143302975,,4968,66,,test_b,,,f0,role_mean_loss,
,,,,0.4588804783221242,0.2967055380712041,1,mean_of_member_losses,0.6741438295002476,,4992,67,,test_b,,,f0,role_mean_loss,
,,,,0.2423556235136108,0.1415248465394446,1,mean_of_member_losses,0.14659386093886373,,5016,68,,test_b,,,f0,role_mean_loss,
,,,,0.13568905072765225,0.009149732073531007,1,mean_of_member_losses,0.056507615909201565,,5040,69,,test_b,,,f0,role_mean_loss,
,,,,0.12000957811816239,-0.004736851870856138,1,mean_of_member_losses,0.03488343550472574,,5064,70,,test_b,,,f0,role_mean_loss,
,,,,0.08157018806948554,0.018668061491802754,1,mean_of_member_losses,0.023440158330702024,,5088,71,,test_b,,,f0,role_mean_loss,
,,,,0.1268780351150353,-0.07332626810274828,1,mean_of_member_losses,0.07520138191038483,,5112,72,,test_b,,,f0,role_mean_loss,
,,,,0.1426485885131828,-0.08503951919256532,1,mean_of_member_losses,0.06407725514465304,,5136,73,,test_b,,,f0,role_mean_loss,
,,,,0.08331554850305753,-0.022102822994829872,1,mean_of_member_losses,0.028157738981279552,,5160,74,,test_b,,,f0,role_mean_loss,
,,,,0.09296394478274035,-0.025939903094195853,1,mean_of_member_losses,0.057574623048777834,,5184,75,,test_b,,,f0,role_mean_loss,
,,,,0.09355746636078145,0.029132022371164103,1,mean_of_member_losses,0.052151247635090874,,5208,76,,test_b,,,f0,role_mean_loss,
,,,,0.08675277429489035,0.0007627982658781476,1,mean_of_member_losses,0.04121322933360302,,5232,77,,test_b,,,f0,role_mean_loss,
,,,,0.10934954968180653,-0.009075738825177884,1,mean_of_member_losses,0.06205751988966692,,5256,78,,test_b,,,f0,role_mean_loss,
,,,,0.13244788994893944,-0.06410672561968585,1,mean_of_member_losses,0.10503045780732603,,5280,79,,test_b,,,f0,role_mean_loss,
,,,,0.40519565099390875,0.10438631407568405,,v6_robin_level_only,0.508070583919632,,3360,0,,test_a,,,level_only,member,
,,,,0.27907783137811304,0.0760571166280059,,v6_robin_level_only,0.16644456863099952,,3384,1,,test_a,,,level_only,member,
,,,,0.334463943639147,0.09552727170960804,,v6_robin_level_only,0.22606225497921922,,3408,2,,test_a,,,level_only,member,
,,,,0.3577864110107019,0.038851773500081274,,v6_robin_level_only,0.21549071744638743,,3432,3,,test_a,,,level_only,member,
,,,,0.3591234449369379,0.06154913528735051,,v6_robin_level_only,0.2349424240891656,,3456,4,,test_a,,,level_only,member,
,,,,0.33366614839813374,0.057782957718325846,,v6_robin_level_only,0.2053600499090683,,3480,5,,test_a,,,level_only,member,
,,,,0.3693773603445152,0.033280676482165435,,v6_robin_level_only,0.25761728930849137,,3504,6,,test_a,,,level_only,member,
,,,,0.33889648159303903,0.03672343244041115,,v6_robin_level_only,0.2201114079065586,,3528,7,,test_a,,,level_only,member,
,,,,0.3464947621413397,0.013123930282388613,,v6_robin_level_only,0.22940269056445964,,3552,8,,test_a,,,level_only,member,
,,,,0.5283131124657195,0.3726401049392663,,v6_robin_level_only,0.6913544461329945,,3576,9,,test_a,,,level_only,member,
,,,,0.5937250275752626,0.3420002463772464,,v6_robin_level_only,0.7573774989519085,,3600,10,,test_a,,,level_only,member,
,,,,0.5354402301774255,-0.3261242965433185,,v6_robin_level_only,0.5124123414242835,,3624,11,,test_a,,,level_only,member,
,,,,0.4325341551433952,0.03767929121757191,,v6_robin_level_only,0.36435381136091677,,3648,12,,test_a,,,level_only,member,
,,,,0.3864643942711957,0.09279366906141114,,v6_robin_level_only,0.288934236553136,,3672,13,,test_a,,,level_only,member,
,,,,0.40983209117656966,0.021401536550233597,,v6_robin_level_only,0.356449674410531,,3696,14,,test_a,,,level_only,member,
,,,,0.46425194107195794,0.050120476516039,,v6_robin_level_only,0.42956332972443956,,3720,15,,test_a,,,level_only,member,
,,,,0.478884280839588,0.15902600312085055,,v6_robin_level_only,0.8498607089382256,,3744,16,,test_a,,,level_only,member,
,,,,0.5177576929503737,0.10603039481080201,,v6_robin_level_only,0.5559750805373579,,3768,17,,test_a,,,level_only,member,
,,,,0.5021309654731857,-0.13391736241928634,,v6_robin_level_only,0.46704288298355495,,3792,18,,test_a,,,level_only,member,
,,,,0.46502141397157926,-0.14909448634352884,,v6_robin_level_only,0.39658469431442483,,3816,19,,test_a,,,level_only,member,
,,,,0.4279033535671011,0.0057635295116222765,,v6_robin_level_only,0.39270687726449843,,3840,20,,test_a,,,level_only,member,
,,,,0.35804123613450106,-0.027076838816463028,,v6_robin_level_only,0.26366538453171645,,3864,21,,test_a,,,level_only,member,
,,,,0.33041728791303127,0.056633549101403044,,v6_robin_level_only,0.2306808831631328,,3888,22,,test_a,,,level_only,member,
,,,,0.3367063819382833,-0.01137650456946051,,v6_robin_level_only,0.2427320197050488,,3912,23,,test_a,,,level_only,member,
,,,,0.4375112944535966,-0.006917251943948441,,v6_robin_level_only,0.390882725731098,,3936,24,,test_a,,,level_only,member,
,,,,0.3725505629662817,0.023153325319678213,,v6_robin_level_only,0.3249288568226455,,3960,25,,test_a,,,level_only,member,
,,,,0.3901934636352748,0.022834483391431838,,v6_robin_level_only,0.33695206911216585,,3984,26,,test_a,,,level_only,member,
,,,,0.4290239001797197,0.12552104078035792,,v6_robin_level_only,0.4314862884052385,,4008,27,,test_a,,,level_only,member,
,,,,0.33403610700356784,0.050549442509780454,,v6_robin_level_only,0.23503584878208458,,4032,28,,test_a,,,level_only,member,
,,,,0.24262317990360316,-0.055984637845255085,,v6_robin_level_only,0.11098997050643146,,4056,29,,test_a,,,level_only,member,
,,,,0.37302118842853815,-0.10580825248389909,,v6_robin_level_only,0.32465715045272003,,4080,30,,test_a,,,level_only,member,
,,,,0.4699335474758175,-0.042878782738233555,,v6_robin_level_only,0.47270487017205526,,4104,31,,test_a,,,level_only,member,
,,,,0.4032288592165523,0.01510827589521011,,v6_robin_level_only,0.32452313557947826,,4128,32,,test_a,,,level_only,member,
,,,,0.3812343784477836,-0.04757894590090705,,v6_robin_level_only,0.29606067435709493,,4152,33,,test_a,,,level_only,member,
,,,,0.4225228888823111,0.03623074473402013,,v6_robin_level_only,0.3420874012901006,,4176,34,,test_a,,,level_only,member,
,,,,0.36688006449969857,0.14471101614481977,,v6_robin_level_only,0.2872363008912797,,4200,35,,test_a,,,level_only,member,
,,,,0.3041466011702284,0.16211134686668896,,v6_robin_level_only,0.21611451444313584,,4224,36,,test_a,,,level_only,member,
,,,,0.29695218805535856,0.03526875137550615,,v6_robin_level_only,0.20543309199701623,,4248,37,,test_a,,,level_only,member,
,,,,0.4459559336233617,-0.0676120150594358,,v6_robin_level_only,0.449055302794836,,4272,38,,test_a,,,level_only,member,
,,,,0.4302082655805291,0.0009103075569203379,,v6_robin_level_only,0.42227330225894205,,4296,39,,test_a,,,level_only,member,
,,,,0.3560537904609815,-0.0008963305691020865,,v6_robin_level_only,0.3041428755895636,,4344,40,,test_b,,,level_only,member,
,,,,0.3457898254045194,-0.049553982463811395,,v6_robin_level_only,0.24406887551405,,4368,41,,test_b,,,level_only,member,
,,,,0.3018600439559212,0.01663914375011718,,v6_robin_level_only,0.19101681192091122,,4392,42,,test_b,,,level_only,member,
,,,,0.34716298782344285,0.003089156840681372,,v6_robin_level_only,0.29425474795593276,,4416,43,,test_b,,,level_only,member,
,,,,0.4366246294954965,-0.09831833203982872,,v6_robin_level_only,0.40457640048303534,,4440,44,,test_b,,,level_only,member,
,,,,0.41277645624073805,-0.043136799770781734,,v6_robin_level_only,0.37892624554838233,,4464,45,,test_b,,,level_only,member,
,,,,0.36752220722458634,-0.0106526131607026,,v6_robin_level_only,0.3123992173769462,,4488,46,,test_b,,,level_only,member,
,,,,0.3902610526140551,-0.003350282444586685,,v6_robin_level_only,0.30493402214233256,,4512,47,,test_b,,,level_only,member,
,,,,0.37379105079476266,0.03932091477669447,,v6_robin_level_only,0.3681571858891899,,4536,48,,test_b,,,level_only,member,
,,,,0.40846849468596025,0.04439283926930169,,v6_robin_level_only,0.6092775138922294,,4560,49,,test_b,,,level_only,member,
,,,,0.35562073331789623,-0.0019620702317778896,,v6_robin_level_only,0.3022128174809851,,4584,50,,test_b,,,level_only,member,
,,,,0.48489624832633554,0.029550333687688644,,v6_robin_level_only,0.47926598096512224,,4608,51,,test_b,,,level_only,member,
,,,,0.4218461371854966,0.11356095094479136,,v6_robin_level_only,0.36340173652105534,,4632,52,,test_b,,,level_only,member,
,,,,0.39565334022621507,0.16607223902218382,,v6_robin_level_only,0.3489943316334268,,4656,53,,test_b,,,level_only,member,
,,,,0.36503026662217497,0.07309865235098793,,v6_robin_level_only,0.27757359934796433,,4680,54,,test_b,,,level_only,member,
,,,,0.31527975364666666,-0.021306995285104838,,v6_robin_level_only,0.23328787841181192,,4704,55,,test_b,,,level_only,member,
,,,,0.2768200691796522,-0.1025655172069331,,v6_robin_level_only,0.15216289949229844,,4728,56,,test_b,,,level_only,member,
,,,,0.379883342131364,-0.170769556627384,,v6_robin_level_only,0.46027364775680696,,4752,57,,test_b,,,level_only,member,
,,,,0.7353977035229081,-0.5158991544776789,,v6_robin_level_only,1.4705993677654114,,4776,58,,test_b,,,level_only,member,
,,,,0.61068195254931,-0.3770310543745451,,v6_robin_level_only,0.6837550305859688,,4800,59,,test_b,,,level_only,member,
,,,,0.4429485052696334,-0.019573854063577634,,v6_robin_level_only,0.3587756324392551,,4824,60,,test_b,,,level_only,member,
,,,,0.43169339696446424,0.051512911806497086,,v6_robin_level_only,0.35659037738718613,,4848,61,,test_b,,,level_only,member,
,,,,0.3773479891251019,-0.15630987994504097,,v6_robin_level_only,0.27666560243228183,,4872,62,,test_b,,,level_only,member,
,,,,0.32087847469843905,-0.18509360180570522,,v6_robin_level_only,0.18578877139787764,,4896,63,,test_b,,,level_only,member,
,,,,0.2895109308374944,0.05595653899866852,,v6_robin_level_only,0.16002060573522695,,4920,64,,test_b,,,level_only,member,
,,,,0.5310311832399034,0.2933408603969249,,v6_robin_level_only,0.683733904052595,,4944,65,,test_b,,,level_only,member,
,,,,0.6526312967385713,0.21700827293349065,,v6_robin_level_only,0.8726390580778403,,4968,66,,test_b,,,level_only,member,
,,,,0.49590746656166645,0.24985073330361618,,v6_robin_level_only,0.49863690038674885,,4992,67,,test_b,,,level_only,member,
,,,,0.26209565535614004,0.07133196489417505,,v6_robin_level_only,0.1403677147871598,,5016,68,,test_b,,,level_only,member,
,,,,0.2912838463981804,0.09576160436821131,,v6_robin_level_only,0.1862462812579544,,5040,69,,test_b,,,level_only,member,
,,,,0.40447816387185254,0.03183784732377093,,v6_robin_level_only,0.24398105588865385,,5064,70,,test_b,,,level_only,member,
,,,,0.22427706681072082,-0.04791429598259913,,v6_robin_level_only,0.11746225540461197,,5088,71,,test_b,,,level_only,member,
,,,,0.3956593828722772,-0.17861700969853486,,v6_robin_level_only,0.35342014965883506,,5112,72,,test_b,,,level_only,member,
,,,,0.2323411071349755,-0.06315358420825386,,v6_robin_level_only,0.15048303879651592,,5136,73,,test_b,,,level_only,member,
,,,,0.17805852125835087,0.025392255661298643,,v6_robin_level_only,0.07297005590936056,,5160,74,,test_b,,,level_only,member,
,,,,0.16891365007533893,0.0004351906998849967,,v6_robin_level_only,0.08569869279082959,,5184,75,,test_b,,,level_only,member,
,,,,0.27339307608610186,0.05927907883169075,,v6_robin_level_only,0.2180058106033422,,5208,76,,test_b,,,level_only,member,
,,,,0.30484004336575904,-0.02889069107728645,,v6_robin_level_only,0.155385577861004,,5232,77,,test_b,,,level_only,member,
,,,,0.21443558358541673,0.0017684077291621589,,v6_robin_level_only,0.12409207034569501,,5256,78,,test_b,,,level_only,member,
,,,,0.34000794468767137,-0.019626337868234544,,v6_robin_level_only,0.2671909369363566,,5280,79,,test_b,,,level_only,member,
,,,,0.40519565099390875,0.10438631407568405,1,mean_of_member_losses,0.508070583919632,,3360,0,,test_a,,,level_only,role_mean_loss,
,,,,0.27907783137811304,0.0760571166280059,1,mean_of_member_losses,0.16644456863099952,,3384,1,,test_a,,,level_only,role_mean_loss,
,,,,0.334463943639147,0.09552727170960804,1,mean_of_member_losses,0.22606225497921922,,3408,2,,test_a,,,level_only,role_mean_loss,
,,,,0.3577864110107019,0.038851773500081274,1,mean_of_member_losses,0.21549071744638743,,3432,3,,test_a,,,level_only,role_mean_loss,
,,,,0.3591234449369379,0.06154913528735051,1,mean_of_member_losses,0.2349424240891656,,3456,4,,test_a,,,level_only,role_mean_loss,
,,,,0.33366614839813374,0.057782957718325846,1,mean_of_member_losses,0.2053600499090683,,3480,5,,test_a,,,level_only,role_mean_loss,
,,,,0.3693773603445152,0.033280676482165435,1,mean_of_member_losses,0.25761728930849137,,3504,6,,test_a,,,level_only,role_mean_loss,
,,,,0.33889648159303903,0.03672343244041115,1,mean_of_member_losses,0.2201114079065586,,3528,7,,test_a,,,level_only,role_mean_loss,
,,,,0.3464947621413397,0.013123930282388613,1,mean_of_member_losses,0.22940269056445964,,3552,8,,test_a,,,level_only,role_mean_loss,
,,,,0.5283131124657195,0.3726401049392663,1,mean_of_member_losses,0.6913544461329945,,3576,9,,test_a,,,level_only,role_mean_loss,
,,,,0.5937250275752626,0.3420002463772464,1,mean_of_member_losses,0.7573774989519085,,3600,10,,test_a,,,level_only,role_mean_loss,
,,,,0.5354402301774255,-0.3261242965433185,1,mean_of_member_losses,0.5124123414242835,,3624,11,,test_a,,,level_only,role_mean_loss,
,,,,0.4325341551433952,0.03767929121757191,1,mean_of_member_losses,0.36435381136091677,,3648,12,,test_a,,,level_only,role_mean_loss,
,,,,0.3864643942711957,0.09279366906141114,1,mean_of_member_losses,0.288934236553136,,3672,13,,test_a,,,level_only,role_mean_loss,
,,,,0.40983209117656966,0.021401536550233597,1,mean_of_member_losses,0.356449674410531,,3696,14,,test_a,,,level_only,role_mean_loss,
,,,,0.46425194107195794,0.050120476516039,1,mean_of_member_losses,0.42956332972443956,,3720,15,,test_a,,,level_only,role_mean_loss,
,,,,0.478884280839588,0.15902600312085055,1,mean_of_member_losses,0.8498607089382256,,3744,16,,test_a,,,level_only,role_mean_loss,
,,,,0.5177576929503737,0.10603039481080201,1,mean_of_member_losses,0.5559750805373579,,3768,17,,test_a,,,level_only,role_mean_loss,
,,,,0.5021309654731857,-0.13391736241928634,1,mean_of_member_losses,0.46704288298355495,,3792,18,,test_a,,,level_only,role_mean_loss,
,,,,0.46502141397157926,-0.14909448634352884,1,mean_of_member_losses,0.39658469431442483,,3816,19,,test_a,,,level_only,role_mean_loss,
,,,,0.4279033535671011,0.0057635295116222765,1,mean_of_member_losses,0.39270687726449843,,3840,20,,test_a,,,level_only,role_mean_loss,
,,,,0.35804123613450106,-0.027076838816463028,1,mean_of_member_losses,0.26366538453171645,,3864,21,,test_a,,,level_only,role_mean_loss,
,,,,0.33041728791303127,0.056633549101403044,1,mean_of_member_losses,0.2306808831631328,,3888,22,,test_a,,,level_only,role_mean_loss,
,,,,0.3367063819382833,-0.01137650456946051,1,mean_of_member_losses,0.2427320197050488,,3912,23,,test_a,,,level_only,role_mean_loss,
,,,,0.4375112944535966,-0.006917251943948441,1,mean_of_member_losses,0.390882725731098,,3936,24,,test_a,,,level_only,role_mean_loss,
,,,,0.3725505629662817,0.023153325319678213,1,mean_of_member_losses,0.3249288568226455,,3960,25,,test_a,,,level_only,role_mean_loss,
,,,,0.3901934636352748,0.022834483391431838,1,mean_of_member_losses,0.33695206911216585,,3984,26,,test_a,,,level_only,role_mean_loss,
,,,,0.4290239001797197,0.12552104078035792,1,mean_of_member_losses,0.4314862884052385,,4008,27,,test_a,,,level_only,role_mean_loss,
,,,,0.33403610700356784,0.050549442509780454,1,mean_of_member_losses,0.23503584878208458,,4032,28,,test_a,,,level_only,role_mean_loss,
,,,,0.24262317990360316,-0.055984637845255085,1,mean_of_member_losses,0.11098997050643146,,4056,29,,test_a,,,level_only,role_mean_loss,
,,,,0.37302118842853815,-0.10580825248389909,1,mean_of_member_losses,0.32465715045272003,,4080,30,,test_a,,,level_only,role_mean_loss,
,,,,0.4699335474758175,-0.042878782738233555,1,mean_of_member_losses,0.47270487017205526,,4104,31,,test_a,,,level_only,role_mean_loss,
,,,,0.4032288592165523,0.01510827589521011,1,mean_of_member_losses,0.32452313557947826,,4128,32,,test_a,,,level_only,role_mean_loss,
,,,,0.3812343784477836,-0.04757894590090705,1,mean_of_member_losses,0.29606067435709493,,4152,33,,test_a,,,level_only,role_mean_loss,
,,,,0.4225228888823111,0.03623074473402013,1,mean_of_member_losses,0.3420874012901006,,4176,34,,test_a,,,level_only,role_mean_loss,
,,,,0.36688006449969857,0.14471101614481977,1,mean_of_member_losses,0.2872363008912797,,4200,35,,test_a,,,level_only,role_mean_loss,
,,,,0.3041466011702284,0.16211134686668896,1,mean_of_member_losses,0.21611451444313584,,4224,36,,test_a,,,level_only,role_mean_loss,
,,,,0.29695218805535856,0.03526875137550615,1,mean_of_member_losses,0.20543309199701623,,4248,37,,test_a,,,level_only,role_mean_loss,
,,,,0.4459559336233617,-0.0676120150594358,1,mean_of_member_losses,0.449055302794836,,4272,38,,test_a,,,level_only,role_mean_loss,
,,,,0.4302082655805291,0.0009103075569203379,1,mean_of_member_losses,0.42227330225894205,,4296,39,,test_a,,,level_only,role_mean_loss,
,,,,0.3560537904609815,-0.0008963305691020865,1,mean_of_member_losses,0.3041428755895636,,4344,40,,test_b,,,level_only,role_mean_loss,
,,,,0.3457898254045194,-0.049553982463811395,1,mean_of_member_losses,0.24406887551405,,4368,41,,test_b,,,level_only,role_mean_loss,
,,,,0.3018600439559212,0.01663914375011718,1,mean_of_member_losses,0.19101681192091122,,4392,42,,test_b,,,level_only,role_mean_loss,
,,,,0.34716298782344285,0.003089156840681372,1,mean_of_member_losses,0.29425474795593276,,4416,43,,test_b,,,level_only,role_mean_loss,
,,,,0.4366246294954965,-0.09831833203982872,1,mean_of_member_losses,0.40457640048303534,,4440,44,,test_b,,,level_only,role_mean_loss,
,,,,0.41277645624073805,-0.043136799770781734,1,mean_of_member_losses,0.37892624554838233,,4464,45,,test_b,,,level_only,role_mean_loss,
,,,,0.36752220722458634,-0.0106526131607026,1,mean_of_member_losses,0.3123992173769462,,4488,46,,test_b,,,level_only,role_mean_loss,
,,,,0.3902610526140551,-0.003350282444586685,1,mean_of_member_losses,0.30493402214233256,,4512,47,,test_b,,,level_only,role_mean_loss,
,,,,0.37379105079476266,0.03932091477669447,1,mean_of_member_losses,0.3681571858891899,,4536,48,,test_b,,,level_only,role_mean_loss,
,,,,0.40846849468596025,0.04439283926930169,1,mean_of_member_losses,0.6092775138922294,,4560,49,,test_b,,,level_only,role_mean_loss,
,,,,0.35562073331789623,-0.0019620702317778896,1,mean_of_member_losses,0.3022128174809851,,4584,50,,test_b,,,level_only,role_mean_loss,
,,,,0.48489624832633554,0.029550333687688644,1,mean_of_member_losses,0.47926598096512224,,4608,51,,test_b,,,level_only,role_mean_loss,
,,,,0.4218461371854966,0.11356095094479136,1,mean_of_member_losses,0.36340173652105534,,4632,52,,test_b,,,level_only,role_mean_loss,
,,,,0.39565334022621507,0.16607223902218382,1,mean_of_member_losses,0.3489943316334268,,4656,53,,test_b,,,level_only,role_mean_loss,
,,,,0.36503026662217497,0.07309865235098793,1,mean_of_member_losses,0.27757359934796433,,4680,54,,test_b,,,level_only,role_mean_loss,
,,,,0.31527975364666666,-0.021306995285104838,1,mean_of_member_losses,0.23328787841181192,,4704,55,,test_b,,,level_only,role_mean_loss,
,,,,0.2768200691796522,-0.1025655172069331,1,mean_of_member_losses,0.15216289949229844,,4728,56,,test_b,,,level_only,role_mean_loss,
,,,,0.379883342131364,-0.170769556627384,1,mean_of_member_losses,0.46027364775680696,,4752,57,,test_b,,,level_only,role_mean_loss,
,,,,0.7353977035229081,-0.5158991544776789,1,mean_of_member_losses,1.4705993677654114,,4776,58,,test_b,,,level_only,role_mean_loss,
,,,,0.61068195254931,-0.3770310543745451,1,mean_of_member_losses,0.6837550305859688,,4800,59,,test_b,,,level_only,role_mean_loss,
,,,,0.4429485052696334,-0.019573854063577634,1,mean_of_member_losses,0.3587756324392551,,4824,60,,test_b,,,level_only,role_mean_loss,
,,,,0.43169339696446424,0.051512911806497086,1,mean_of_member_losses,0.35659037738718613,,4848,61,,test_b,,,level_only,role_mean_loss,
,,,,0.3773479891251019,-0.15630987994504097,1,mean_of_member_losses,0.27666560243228183,,4872,62,,test_b,,,level_only,role_mean_loss,
,,,,0.32087847469843905,-0.18509360180570522,1,mean_of_member_losses,0.18578877139787764,,4896,63,,test_b,,,level_only,role_mean_loss,
,,,,0.2895109308374944,0.05595653899866852,1,mean_of_member_losses,0.16002060573522695,,4920,64,,test_b,,,level_only,role_mean_loss,
,,,,0.5310311832399034,0.2933408603969249,1,mean_of_member_losses,0.683733904052595,,4944,65,,test_b,,,level_only,role_mean_loss,
,,,,0.6526312967385713,0.21700827293349065,1,mean_of_member_losses,0.8726390580778403,,4968,66,,test_b,,,level_only,role_mean_loss,
,,,,0.49590746656166645,0.24985073330361618,1,mean_of_member_losses,0.49863690038674885,,4992,67,,test_b,,,level_only,role_mean_loss,
,,,,0.26209565535614004,0.07133196489417505,1,mean_of_member_losses,0.1403677147871598,,5016,68,,test_b,,,level_only,role_mean_loss,
,,,,0.2912838463981804,0.09576160436821131,1,mean_of_member_losses,0.1862462812579544,,5040,69,,test_b,,,level_only,role_mean_loss,
,,,,0.40447816387185254,0.03183784732377093,1,mean_of_member_losses,0.24398105588865385,,5064,70,,test_b,,,level_only,role_mean_loss,
,,,,0.22427706681072082,-0.04791429598259913,1,mean_of_member_losses,0.11746225540461197,,5088,71,,test_b,,,level_only,role_mean_loss,
,,,,0.3956593828722772,-0.17861700969853486,1,mean_of_member_losses,0.35342014965883506,,5112,72,,test_b,,,level_only,role_mean_loss,
,,,,0.2323411071349755,-0.06315358420825386,1,mean_of_member_losses,0.15048303879651592,,5136,73,,test_b,,,level_only,role_mean_loss,
,,,,0.17805852125835087,0.025392255661298643,1,mean_of_member_losses,0.07297005590936056,,5160,74,,test_b,,,level_only,role_mean_loss,
,,,,0.16891365007533893,0.0004351906998849967,1,mean_of_member_losses,0.08569869279082959,,5184,75,,test_b,,,level_only,role_mean_loss,
,,,,0.27339307608610186,0.05927907883169075,1,mean_of_member_losses,0.2180058106033422,,5208,76,,test_b,,,level_only,role_mean_loss,
,,,,0.30484004336575904,-0.02889069107728645,1,mean_of_member_losses,0.155385577861004,,5232,77,,test_b,,,level_only,role_mean_loss,
,,,,0.21443558358541673,0.0017684077291621589,1,mean_of_member_losses,0.12409207034569501,,5256,78,,test_b,,,level_only,role_mean_loss,
,,,,0.34000794468767137,-0.019626337868234544,1,mean_of_member_losses,0.2671909369363566,,5280,79,,test_b,,,level_only,role_mean_loss,
,,,,0.3918899381686542,0.08125180055495708,,v6_robin_level_raw_92601,0.4889904356681097,,3360,0,,test_a,,,level_raw,member,92601
,,,,0.2867408801476795,0.10168219988797016,,v6_robin_level_raw_92601,0.1652052957487788,,3384,1,,test_a,,,level_raw,member,92601
,,,,0.31926432814347494,0.12917488211036576,,v6_robin_level_raw_92601,0.1956401050049134,,3408,2,,test_a,,,level_raw,member,92601
,,,,0.37715337443938446,0.13513248428089178,,v6_robin_level_raw_92601,0.24028675121695145,,3432,3,,test_a,,,level_raw,member,92601
,,,,0.3659618192607156,0.11329568081119386,,v6_robin_level_raw_92601,0.22750655323252858,,3456,4,,test_a,,,level_raw,member,92601
,,,,0.32820415883400655,0.07140603160715887,,v6_robin_level_raw_92601,0.20051219594263864,,3480,5,,test_a,,,level_raw,member,92601
,,,,0.3539280557634615,0.059002232263332656,,v6_robin_level_raw_92601,0.22983307849032297,,3504,6,,test_a,,,level_raw,member,92601
,,,,0.3201077624335976,0.07148220134994891,,v6_robin_level_raw_92601,0.20222221949955002,,3528,7,,test_a,,,level_raw,member,92601
,,,,0.34332184053560283,0.06806703984815006,,v6_robin_level_raw_92601,0.2132964790452266,,3552,8,,test_a,,,level_raw,member,92601
,,,,0.5532771683772844,0.4217716854650016,,v6_robin_level_raw_92601,0.7504184974588486,,3576,9,,test_a,,,level_raw,member,92601
,,,,0.6288048130141654,0.41779015988268997,,v6_robin_level_raw_92601,0.8438433668268503,,3600,10,,test_a,,,level_raw,member,92601
,,,,0.5154791291150853,-0.24672286574615795,,v6_robin_level_raw_92601,0.4888634977918754,,3624,11,,test_a,,,level_raw,member,92601
,,,,0.40422837051315297,0.02925910031127369,,v6_robin_level_raw_92601,0.3172314190115158,,3648,12,,test_a,,,level_raw,member,92601
,,,,0.3658055287983278,0.12425570980036248,,v6_robin_level_raw_92601,0.2641833902464505,,3672,13,,test_a,,,level_raw,member,92601
,,,,0.3747848368591661,0.07892179240069726,,v6_robin_level_raw_92601,0.30266411812896504,,3696,14,,test_a,,,level_raw,member,92601
,,,,0.4255059224450116,0.09731896715860713,,v6_robin_level_raw_92601,0.3849330819545719,,3720,15,,test_a,,,level_raw,member,92601
,,,,0.47385553715011,0.2067198614503129,,v6_robin_level_raw_92601,0.8310616499202794,,3744,16,,test_a,,,level_raw,member,92601
,,,,0.5455275845937043,0.228989747945532,,v6_robin_level_raw_92601,0.6853917992602921,,3768,17,,test_a,,,level_raw,member,92601
,,,,0.48500811983981024,-0.03395573833796673,,v6_robin_level_raw_92601,0.49894305800778416,,3792,18,,test_a,,,level_raw,member,92601
,,,,0.45566221069256085,-0.11842740819181427,,v6_robin_level_raw_92601,0.4323917347317406,,3816,19,,test_a,,,level_raw,member,92601
,,,,0.4233022773925554,-0.0035770998397578403,,v6_robin_level_raw_92601,0.3996043590717385,,3840,20,,test_a,,,level_raw,member,92601
,,,,0.35164784286112705,-0.005491738741707819,,v6_robin_level_raw_92601,0.2675128212263805,,3864,21,,test_a,,,level_raw,member,92601
,,,,0.3225170528410886,0.08967532232610906,,v6_robin_level_raw_92601,0.21831614200995242,,3888,22,,test_a,,,level_raw,member,92601
,,,,0.32535055473757285,0.03501390479162664,,v6_robin_level_raw_92601,0.23389823947460156,,3912,23,,test_a,,,level_raw,member,92601
,,,,0.4138828518369016,0.06850845873123035,,v6_robin_level_raw_92601,0.351355521000684,,3936,24,,test_a,,,level_raw,member,92601
,,,,0.3801465672549253,0.06579563875885808,,v6_robin_level_raw_92601,0.3266433308548081,,3960,25,,test_a,,,level_raw,member,92601
,,,,0.3952999678999642,0.05618510834356843,,v6_robin_level_raw_92601,0.3394447910074633,,3984,26,,test_a,,,level_raw,member,92601
,,,,0.4133898332522721,0.130760889366559,,v6_robin_level_raw_92601,0.39687938806280626,,4008,27,,test_a,,,level_raw,member,92601
,,,,0.33047629951918267,0.06547817692826,,v6_robin_level_raw_92601,0.23691459324954436,,4032,28,,test_a,,,level_raw,member,92601
,,,,0.25784523910574625,0.0036236390288275503,,v6_robin_level_raw_92601,0.12160855926221442,,4056,29,,test_a,,,level_raw,member,92601
,,,,0.37024378115401146,-0.09039354743129248,,v6_robin_level_raw_92601,0.3282954907095227,,4080,30,,test_a,,,level_raw,member,92601
,,,,0.4720774288987598,0.005770291070731736,,v6_robin_level_raw_92601,0.505227534878639,,4104,31,,test_a,,,level_raw,member,92601
,,,,0.3989451308007119,0.03038101232132427,,v6_robin_level_raw_92601,0.3565644504840776,,4128,32,,test_a,,,level_raw,member,92601
,,,,0.41214670613750487,-0.025541408497648424,,v6_robin_level_raw_92601,0.3698707771559427,,4152,33,,test_a,,,level_raw,member,92601
,,,,0.43689202234271957,0.029370518836609943,,v6_robin_level_raw_92601,0.36653653818429643,,4176,34,,test_a,,,level_raw,member,92601
,,,,0.3511655342703949,0.14333335458871385,,v6_robin_level_raw_92601,0.25029026661680165,,4200,35,,test_a,,,level_raw,member,92601
,,,,0.3176811469225761,0.21196566467223615,,v6_robin_level_raw_92601,0.2322586529497863,,4224,36,,test_a,,,level_raw,member,92601
,,,,0.31148068168170306,0.12191857515526684,,v6_robin_level_raw_92601,0.21465162235382912,,4248,37,,test_a,,,level_raw,member,92601
,,,,0.4265352608537582,0.026991471445773428,,v6_robin_level_raw_92601,0.3992645375228715,,4272,38,,test_a,,,level_raw,member,92601
,,,,0.42787497210791153,0.03466607142906344,,v6_robin_level_raw_92601,0.3726983231476494,,4296,39,,test_a,,,level_raw,member,92601
,,,,0.3679715847212327,0.054396365273800366,,v6_robin_level_raw_92601,0.33676731506598845,,4344,40,,test_b,,,level_raw,member,92601
,,,,0.3398381322097289,-0.04528123474743802,,v6_robin_level_raw_92601,0.23188619454906506,,4368,41,,test_b,,,level_raw,member,92601
,,,,0.3004554433636276,0.055276746643643244,,v6_robin_level_raw_92601,0.17946167963665086,,4392,42,,test_b,,,level_raw,member,92601
,,,,0.328681780871086,0.052887270006798576,,v6_robin_level_raw_92601,0.2655689603755043,,4416,43,,test_b,,,level_raw,member,92601
,,,,0.4116666669947068,-0.02025569214168297,,v6_robin_level_raw_92601,0.37127126684630524,,4440,44,,test_b,,,level_raw,member,92601
,,,,0.4161014104953638,0.0033963265995421974,,v6_robin_level_raw_92601,0.36349622873839627,,4464,45,,test_b,,,level_raw,member,92601
,,,,0.3866735003048591,0.003391484450320622,,v6_robin_level_raw_92601,0.31288627610864167,,4488,46,,test_b,,,level_raw,member,92601
,,,,0.364934801700977,0.000855250792536775,,v6_robin_level_raw_92601,0.264146502359787,,4512,47,,test_b,,,level_raw,member,92601
,,,,0.3613162937097014,0.0733199719300804,,v6_robin_level_raw_92601,0.34883252216122984,,4536,48,,test_b,,,level_raw,member,92601
,,,,0.370487995958184,0.0909378819621862,,v6_robin_level_raw_92601,0.552384774786905,,4560,49,,test_b,,,level_raw,member,92601
,,,,0.3663860991906475,0.09620359844320417,,v6_robin_level_raw_92601,0.34734349022345734,,4584,50,,test_b,,,level_raw,member,92601
,,,,0.48876841020811457,0.1434304167210654,,v6_robin_level_raw_92601,0.4738643430614655,,4608,51,,test_b,,,level_raw,member,92601
,,,,0.4201053779103734,0.17076928389011015,,v6_robin_level_raw_92601,0.33902598706600273,,4632,52,,test_b,,,level_raw,member,92601
,,,,0.40165782103106135,0.20987325706365106,,v6_robin_level_raw_92601,0.3373551576145514,,4656,53,,test_b,,,level_raw,member,92601
,,,,0.3669352251194605,0.13947808191918667,,v6_robin_level_raw_92601,0.26067983707739983,,4680,54,,test_b,,,level_raw,member,92601
,,,,0.2996227278783729,0.017478935017838832,,v6_robin_level_raw_92601,0.19958773180231235,,4704,55,,test_b,,,level_raw,member,92601
,,,,0.2685778091084406,-0.04606974283395924,,v6_robin_level_raw_92601,0.14826197581463765,,4728,56,,test_b,,,level_raw,member,92601
,,,,0.3612395780986773,-0.12726495960169795,,v6_robin_level_raw_92601,0.43425223485458914,,4752,57,,test_b,,,level_raw,member,92601
,,,,0.7062675201020613,-0.44474314152516825,,v6_robin_level_raw_92601,1.4110918715427703,,4776,58,,test_b,,,level_raw,member,92601
,,,,0.6515744253308201,-0.41599925076697014,,v6_robin_level_raw_92601,0.7766838223395499,,4800,59,,test_b,,,level_raw,member,92601
,,,,0.4378018926800709,-0.039951195402453794,,v6_robin_level_raw_92601,0.3325809267491883,,4824,60,,test_b,,,level_raw,member,92601
,,,,0.4047984108280313,0.02715398199592635,,v6_robin_level_raw_92601,0.31776385267406165,,4848,61,,test_b,,,level_raw,member,92601
,,,,0.35773582739028487,-0.1605567641578519,,v6_robin_level_raw_92601,0.2386172947462441,,4872,62,,test_b,,,level_raw,member,92601
,,,,0.3122527961195909,-0.14414966417162384,,v6_robin_level_raw_92601,0.17921697991797095,,4896,63,,test_b,,,level_raw,member,92601
,,,,0.29884285534489224,0.09370215016329608,,v6_robin_level_raw_92601,0.17012517203698366,,4920,64,,test_b,,,level_raw,member,92601
,,,,0.5476188485010747,0.3810831033795908,,v6_robin_level_raw_92601,0.6947476431139786,,4944,65,,test_b,,,level_raw,member,92601
,,,,0.6385686131897291,0.33286913518460615,,v6_robin_level_raw_92601,0.893804784322443,,4968,66,,test_b,,,level_raw,member,92601
,,,,0.452289284745419,0.20515662917672423,,v6_robin_level_raw_92601,0.3947677312021998,,4992,67,,test_b,,,level_raw,member,92601
,,,,0.2421572201502368,-0.0031957731339121785,,v6_robin_level_raw_92601,0.12521373600310828,,5016,68,,test_b,,,level_raw,member,92601
,,,,0.3394115556081541,0.028747483755461302,,v6_robin_level_raw_92601,0.20984434691598214,,5040,69,,test_b,,,level_raw,member,92601
,,,,0.46772343188543647,-0.010114065848242985,,v6_robin_level_raw_92601,0.3202322410716861,,5064,70,,test_b,,,level_raw,member,92601
,,,,0.25589755571569434,-0.09899786512359438,,v6_robin_level_raw_92601,0.138066479997791,,5088,71,,test_b,,,level_raw,member,92601
,,,,0.39213980072557153,-0.18928838420527194,,v6_robin_level_raw_92601,0.34579764608026864,,5112,72,,test_b,,,level_raw,member,92601
,,,,0.26195699477659007,-0.09409539207405818,,v6_robin_level_raw_92601,0.154445607424999,,5136,73,,test_b,,,level_raw,member,92601
,,,,0.21188680964113182,-0.03658636447332409,,v6_robin_level_raw_92601,0.09668369464035176,,5160,74,,test_b,,,level_raw,member,92601
,,,,0.19644030412732094,-0.04742233639619514,,v6_robin_level_raw_92601,0.09754495819027575,,5184,75,,test_b,,,level_raw,member,92601
,,,,0.2739434669692498,0.018366507317884553,,v6_robin_level_raw_92601,0.18262778497844281,,5208,76,,test_b,,,level_raw,member,92601
,,,,0.30950750338367883,0.011179186302743963,,v6_robin_level_raw_92601,0.17744721389253762,,5232,77,,test_b,,,level_raw,member,92601
,,,,0.21140400675244117,0.04391290627502124,,v6_robin_level_raw_92601,0.12435978833556903,,5256,78,,test_b,,,level_raw,member,92601
,,,,0.32427270777350037,0.04775965592467829,,v6_robin_level_raw_92601,0.20641029512806014,,5280,79,,test_b,,,level_raw,member,92601
,,,,0.39717395922934884,0.11443296187336968,,v6_robin_level_raw_92602,0.4967629816888833,,3360,0,,test_a,,,level_raw,member,92602
,,,,0.30062181588722275,0.11685464359213844,,v6_robin_level_raw_92602,0.1780453297249338,,3384,1,,test_a,,,level_raw,member,92602
,,,,0.31638292743517404,0.12087150864153598,,v6_robin_level_raw_92602,0.1920574405697537,,3408,2,,test_a,,,level_raw,member,92602
,,,,0.3700239718318877,0.09645913262968808,,v6_robin_level_raw_92602,0.2329019576120339,,3432,3,,test_a,,,level_raw,member,92602
,,,,0.3667028207006903,0.07562360623791499,,v6_robin_level_raw_92602,0.22722071042954364,,3456,4,,test_a,,,level_raw,member,92602
,,,,0.3293321619242431,0.05931263634078741,,v6_robin_level_raw_92602,0.2011828427058289,,3480,5,,test_a,,,level_raw,member,92602
,,,,0.357656324728262,0.07481679946267475,,v6_robin_level_raw_92602,0.24082957921512096,,3504,6,,test_a,,,level_raw,member,92602
,,,,0.3220547545648764,0.10112508379639693,,v6_robin_level_raw_92602,0.2062244201615491,,3528,7,,test_a,,,level_raw,member,92602
,,,,0.34392999156547127,0.0895701703197761,,v6_robin_level_raw_92602,0.2172578457854597,,3552,8,,test_a,,,level_raw,member,92602
,,,,0.5591185865490058,0.4117563765920589,,v6_robin_level_raw_92602,0.7805579462777034,,3576,9,,test_a,,,level_raw,member,92602
,,,,0.596934589560203,0.3789122897826875,,v6_robin_level_raw_92602,0.7768046853878002,,3600,10,,test_a,,,level_raw,member,92602
,,,,0.5249028176530927,-0.29049253518214935,,v6_robin_level_raw_92602,0.508593225339938,,3624,11,,test_a,,,level_raw,member,92602
,,,,0.397285981136591,0.024604956316133943,,v6_robin_level_raw_92602,0.31014684655180974,,3648,12,,test_a,,,level_raw,member,92602
,,,,0.36846445690653307,0.14049090780420503,,v6_robin_level_raw_92602,0.2743576449546654,,3672,13,,test_a,,,level_raw,member,92602
,,,,0.3870007657618878,0.1097806029694552,,v6_robin_level_raw_92602,0.31736012217079707,,3696,14,,test_a,,,level_raw,member,92602
,,,,0.4314689248199369,0.13162855779913063,,v6_robin_level_raw_92602,0.39353382537631515,,3720,15,,test_a,,,level_raw,member,92602
,,,,0.4780855486237937,0.202573132438713,,v6_robin_level_raw_92602,0.8460453811367176,,3744,16,,test_a,,,level_raw,member,92602
,,,,0.5509290994066796,0.20631179090174984,,v6_robin_level_raw_92602,0.6765032024597722,,3768,17,,test_a,,,level_raw,member,92602
,,,,0.4885103098866809,-0.06614436204101509,,v6_robin_level_raw_92602,0.49177651414890816,,3792,18,,test_a,,,level_raw,member,92602
,,,,0.46028123075045774,-0.13372911717527255,,v6_robin_level_raw_92602,0.4326174233848717,,3816,19,,test_a,,,level_raw,member,92602
,,,,0.4180908864107943,0.025891931151657926,,v6_robin_level_raw_92602,0.39763001883010424,,3840,20,,test_a,,,level_raw,member,92602
,,,,0.3570397942695469,0.025401979379025493,,v6_robin_level_raw_92602,0.2718271305819962,,3864,21,,test_a,,,level_raw,member,92602
,,,,0.3382654792551287,0.13501376813028224,,v6_robin_level_raw_92602,0.24329658491565062,,3888,22,,test_a,,,level_raw,member,92602
,,,,0.32647289461616025,0.05421659168467729,,v6_robin_level_raw_92602,0.24571654652380145,,3912,23,,test_a,,,level_raw,member,92602
,,,,0.423282487325909,0.03641001560255045,,v6_robin_level_raw_92602,0.3738143640957011,,3936,24,,test_a,,,level_raw,member,92602
,,,,0.3808753646142078,0.02363329580311627,,v6_robin_level_raw_92602,0.3366343211347969,,3960,25,,test_a,,,level_raw,member,92602
,,,,0.38580448212736634,0.040753977636888844,,v6_robin_level_raw_92602,0.33853418523469825,,3984,26,,test_a,,,level_raw,member,92602
,,,,0.4164607213252548,0.14712930509367475,,v6_robin_level_raw_92602,0.4020393545058815,,4008,27,,test_a,,,level_raw,member,92602
,,,,0.33094813283641283,0.10379424544625376,,v6_robin_level_raw_92602,0.2352865028624397,,4032,28,,test_a,,,level_raw,member,92602
,,,,0.26618566313289405,0.021204090198700537,,v6_robin_level_raw_92602,0.1285617643372949,,4056,29,,test_a,,,level_raw,member,92602
,,,,0.3849570379747556,-0.0913353423904268,,v6_robin_level_raw_92602,0.33850276038157917,,4080,30,,test_a,,,level_raw,member,92602
,,,,0.484897887947334,-0.023515529637056626,,v6_robin_level_raw_92602,0.5284499066300035,,4104,31,,test_a,,,level_raw,member,92602
,,,,0.40120801212997675,-0.0128393229539392,,v6_robin_level_raw_92602,0.35993997160578006,,4128,32,,test_a,,,level_raw,member,92602
,,,,0.4242867391965096,-0.03953650870301085,,v6_robin_level_raw_92602,0.3741662611463302,,4152,33,,test_a,,,level_raw,member,92602
,,,,0.42768218950874926,0.040438497002398044,,v6_robin_level_raw_92602,0.35479048938441476,,4176,34,,test_a,,,level_raw,member,92602
,,,,0.35641417419017174,0.17057063947162104,,v6_robin_level_raw_92602,0.2597157543245052,,4200,35,,test_a,,,level_raw,member,92602
,,,,0.32149438759512905,0.23154211359660087,,v6_robin_level_raw_92602,0.2416873746967559,,4224,36,,test_a,,,level_raw,member,92602
,,,,0.3099619917845178,0.11835596429177801,,v6_robin_level_raw_92602,0.21789022563540908,,4248,37,,test_a,,,level_raw,member,92602
,,,,0.43085166487734944,-0.0028100293830171795,,v6_robin_level_raw_92602,0.410166658215053,,4272,38,,test_a,,,level_raw,member,92602
,,,,0.4316126725262068,-0.004312120768351152,,v6_robin_level_raw_92602,0.37908701036110587,,4296,39,,test_a,,,level_raw,member,92602
,,,,0.36951995619300776,0.07755810486638688,,v6_robin_level_raw_92602,0.32924644261346636,,4344,40,,test_b,,,level_raw,member,92602
,,,,0.3369539392377049,-0.01836115065916423,,v6_robin_level_raw_92602,0.2288289871137192,,4368,41,,test_b,,,level_raw,member,92602
,,,,0.3068689221513969,0.07582956443052265,,v6_robin_level_raw_92602,0.1899413510525568,,4392,42,,test_b,,,level_raw,member,92602
,,,,0.3255706502355215,0.04620177256212771,,v6_robin_level_raw_92602,0.2623610536948708,,4416,43,,test_b,,,level_raw,member,92602
,,,,0.42013313910894223,-0.051962791922086776,,v6_robin_level_raw_92602,0.38375322531226513,,4440,44,,test_b,,,level_raw,member,92602
,,,,0.42631905102148177,-0.031290597664694504,,v6_robin_level_raw_92602,0.37607474310505473,,4464,45,,test_b,,,level_raw,member,92602
,,,,0.3790466877467492,-0.007938936385828271,,v6_robin_level_raw_92602,0.3097557166607211,,4488,46,,test_b,,,level_raw,member,92602
,,,,0.36375305319248297,0.011354533427591235,,v6_robin_level_raw_92602,0.2576495067251246,,4512,47,,test_b,,,level_raw,member,92602
,,,,0.3622848319829049,0.10058025748288606,,v6_robin_level_raw_92602,0.35258509599488164,,4536,48,,test_b,,,level_raw,member,92602
,,,,0.3739077679313007,0.11646683714421027,,v6_robin_level_raw_92602,0.5586985059697087,,4560,49,,test_b,,,level_raw,member,92602
,,,,0.3674838397048149,0.09441858929337696,,v6_robin_level_raw_92602,0.3494421782729726,,4584,50,,test_b,,,level_raw,member,92602
,,,,0.49188104983277653,0.10952750609630682,,v6_robin_level_raw_92602,0.4785588997072539,,4608,51,,test_b,,,level_raw,member,92602
,,,,0.40091870150354225,0.13225304577745015,,v6_robin_level_raw_92602,0.3303290005542577,,4632,52,,test_b,,,level_raw,member,92602
,,,,0.38713568418461364,0.20223409186291974,,v6_robin_level_raw_92602,0.3249368860951977,,4656,53,,test_b,,,level_raw,member,92602
,,,,0.37164639913295533,0.15579839467097248,,v6_robin_level_raw_92602,0.2655668016978081,,4680,54,,test_b,,,level_raw,member,92602
,,,,0.29910271335015126,0.03906647915466559,,v6_robin_level_raw_92602,0.1979885957023114,,4704,55,,test_b,,,level_raw,member,92602
,,,,0.2677318281227296,-0.025503710447154326,,v6_robin_level_raw_92602,0.145569109536178,,4728,56,,test_b,,,level_raw,member,92602
,,,,0.35994390128768167,-0.13452953421701927,,v6_robin_level_raw_92602,0.4315367748180547,,4752,57,,test_b,,,level_raw,member,92602
,,,,0.7250348659175926,-0.4812341316141123,,v6_robin_level_raw_92602,1.445118260347051,,4776,58,,test_b,,,level_raw,member,92602
,,,,0.6711641541791546,-0.45315310648276275,,v6_robin_level_raw_92602,0.8016497585787971,,4800,59,,test_b,,,level_raw,member,92602
,,,,0.4249335064119163,-0.04106106197565061,,v6_robin_level_raw_92602,0.32329072974164574,,4824,60,,test_b,,,level_raw,member,92602
,,,,0.40337605727807957,0.044646280968627966,,v6_robin_level_raw_92602,0.3168784328704522,,4848,61,,test_b,,,level_raw,member,92602
,,,,0.34419151254805197,-0.12973369601240847,,v6_robin_level_raw_92602,0.22729167521179214,,4872,62,,test_b,,,level_raw,member,92602
,,,,0.30998634241041145,-0.1119513375847686,,v6_robin_level_raw_92602,0.17599159501942474,,4896,63,,test_b,,,level_raw,member,92602
,,,,0.30191592539367595,0.08927688879845722,,v6_robin_level_raw_92602,0.17429621240015858,,4920,64,,test_b,,,level_raw,member,92602
,,,,0.5442985058453975,0.35084965010516017,,v6_robin_level_raw_92602,0.6779984698796724,,4944,65,,test_b,,,level_raw,member,92602
,,,,0.6336943168996596,0.3077006001497948,,v6_robin_level_raw_92602,0.8524630509878701,,4968,66,,test_b,,,level_raw,member,92602
,,,,0.45911399076794623,0.19911315786407166,,v6_robin_level_raw_92602,0.4040820793138012,,4992,67,,test_b,,,level_raw,member,92602
,,,,0.26133219298122534,0.015693805268942835,,v6_robin_level_raw_92602,0.13308300487321392,,5016,68,,test_b,,,level_raw,member,92602
,,,,0.332852760198804,0.042459386127744685,,v6_robin_level_raw_92602,0.20906184518655915,,5040,69,,test_b,,,level_raw,member,92602
,,,,0.4617924442718504,-0.004101014412727262,,v6_robin_level_raw_92602,0.310488141603886,,5064,70,,test_b,,,level_raw,member,92602
,,,,0.2705493828692067,-0.12681758651246233,,v6_robin_level_raw_92602,0.14465713513909428,,5088,71,,test_b,,,level_raw,member,92602
,,,,0.41331419976624745,-0.2585644632659644,,v6_robin_level_raw_92602,0.37963142034490366,,5112,72,,test_b,,,level_raw,member,92602
,,,,0.290379124103364,-0.15527807707414967,,v6_robin_level_raw_92602,0.17042620105037334,,5136,73,,test_b,,,level_raw,member,92602
,,,,0.21076488233730367,-0.05237643618152908,,v6_robin_level_raw_92602,0.09410453993874159,,5160,74,,test_b,,,level_raw,member,92602
,,,,0.1964206082070721,-0.051560426596552134,,v6_robin_level_raw_92602,0.09616898252854049,,5184,75,,test_b,,,level_raw,member,92602
,,,,0.2745565591401685,0.020047503404259936,,v6_robin_level_raw_92602,0.1824272553135058,,5208,76,,test_b,,,level_raw,member,92602
,,,,0.3158157407848265,0.006353724080790747,,v6_robin_level_raw_92602,0.1864747094036653,,5232,77,,test_b,,,level_raw,member,92602
,,,,0.22187621418076256,0.03231365918455755,,v6_robin_level_raw_92602,0.12293465941993272,,5256,78,,test_b,,,level_raw,member,92602
,,,,0.3322930756440459,0.030511758310775107,,v6_robin_level_raw_92602,0.2184743230585934,,5280,79,,test_b,,,level_raw,member,92602
,,,,0.39453194869900154,0.09784238121416339,2,mean_of_member_losses,0.4928767086784965,,3360,0,,test_a,,,level_raw,role_mean_loss,
,,,,0.29368134801745116,0.1092684217400543,2,mean_of_member_losses,0.1716253127368563,,3384,1,,test_a,,,level_raw,role_mean_loss,
,,,,0.3178236277893245,0.12502319537595086,2,mean_of_member_losses,0.19384877278733356,,3408,2,,test_a,,,level_raw,role_mean_loss,
,,,,0.37358867313563604,0.11579580845528993,2,mean_of_member_losses,0.23659435441449267,,3432,3,,test_a,,,level_raw,role_mean_loss,
,,,,0.3663323199807029,0.09445964352455442,2,mean_of_member_losses,0.2273636318310361,,3456,4,,test_a,,,level_raw,role_mean_loss,
,,,,0.3287681603791248,0.06535933397397314,2,mean_of_member_losses,0.20084751932423378,,3480,5,,test_a,,,level_raw,role_mean_loss,
,,,,0.35579219024586173,0.0669095158630037,2,mean_of_member_losses,0.23533132885272195,,3504,6,,test_a,,,level_raw,role_mean_loss,
,,,,0.321081258499237,0.08630364257317291,2,mean_of_member_losses,0.20422331983054956,,3528,7,,test_a,,,level_raw,role_mean_loss,
,,,,0.34362591605053705,0.07881860508396307,2,mean_of_member_losses,0.21527716241534317,,3552,8,,test_a,,,level_raw,role_mean_loss,
,,,,0.5561978774631451,0.4167640310285302,2,mean_of_member_losses,0.7654882218682759,,3576,9,,test_a,,,level_raw,role_mean_loss,
,,,,0.6128697012871842,0.3983512248326887,2,mean_of_member_losses,0.8103240261073252,,3600,10,,test_a,,,level_raw,role_mean_loss,
,,,,0.520190973384089,-0.26860770046415366,2,mean_of_member_losses,0.4987283615659067,,3624,11,,test_a,,,level_raw,role_mean_loss,
,,,,0.400757175824872,0.026932028313703817,2,mean_of_member_losses,0.31368913278166277,,3648,12,,test_a,,,level_raw,role_mean_loss,
,,,,0.36713499285243045,0.13237330880228376,2,mean_of_member_losses,0.269270517600558,,3672,13,,test_a,,,level_raw,role_mean_loss,
,,,,0.38089280131052694,0.09435119768507623,2,mean_of_member_losses,0.31001212014988105,,3696,14,,test_a,,,level_raw,role_mean_loss,
,,,,0.4284874236324743,0.11447376247886888,2,mean_of_member_losses,0.3892334536654435,,3720,15,,test_a,,,level_raw,role_mean_loss,
,,,,0.47597054288695184,0.20464649694451295,2,mean_of_member_losses,0.8385535155284984,,3744,16,,test_a,,,level_raw,role_mean_loss,
,,,,0.5482283420001919,0.21765076942364092,2,mean_of_member_losses,0.6809475008600322,,3768,17,,test_a,,,level_raw,role_mean_loss,
,,,,0.4867592148632456,-0.05005005018949091,2,mean_of_member_losses,0.4953597860783462,,3792,18,,test_a,,,level_raw,role_mean_loss,
,,,,0.45797172072150927,-0.1260782626835434,2,mean_of_member_losses,0.43250457905830614,,3816,19,,test_a,,,level_raw,role_mean_loss,
,,,,0.4206965819016748,0.011157415655950043,2,mean_of_member_losses,0.39861718895092135,,3840,20,,test_a,,,level_raw,role_mean_loss,
,,,,0.354343818565337,0.009955120318658837,2,mean_of_member_losses,0.26966997590418834,,3864,21,,test_a,,,level_raw,role_mean_loss,
,,,,0.33039126604810864,0.11234454522819565,2,mean_of_member_losses,0.23080636346280153,,3888,22,,test_a,,,level_raw,role_mean_loss,
,,,,0.3259117246768666,0.04461524823815197,2,mean_of_member_losses,0.2398073929992015,,3912,23,,test_a,,,level_raw,role_mean_loss,
,,,,0.41858266958140533,0.052459237166890396,2,mean_of_member_losses,0.36258494254819257,,3936,24,,test_a,,,level_raw,role_mean_loss,
,,,,0.38051096593456657,0.04471446728098717,2,mean_of_member_losses,0.33163882599480254,,3960,25,,test_a,,,level_raw,role_mean_loss,
,,,,0.39055222501366527,0.04846954299022864,2,mean_of_member_losses,0.33898948812108076,,3984,26,,test_a,,,level_raw,role_mean_loss,
,,,,0.41492527728876344,0.1389450972301169,2,mean_of_member_losses,0.3994593712843439,,4008,27,,test_a,,,level_raw,role_mean_loss,
,,,,0.3307122161777978,0.08463621118725688,2,mean_of_member_losses,0.23610054805599204,,4032,28,,test_a,,,level_raw,role_mean_loss,
,,,,0.2620154511193201,0.012413864613764043,2,mean_of_member_losses,0.12508516179975465,,4056,29,,test_a,,,level_raw,role_mean_loss,
,,,,0.37760040956438357,-0.09086444491085964,2,mean_of_member_losses,0.33339912554555096,,4080,30,,test_a,,,level_raw,role_mean_loss,
,,,,0.4784876584230469,-0.008872619283162445,2,mean_of_member_losses,0.5168387207543212,,4104,31,,test_a,,,level_raw,role_mean_loss,
,,,,0.40007657146534437,0.008770844683692536,2,mean_of_member_losses,0.3582522110449288,,4128,32,,test_a,,,level_raw,role_mean_loss,
,,,,0.41821672266700727,-0.03253895860032964,2,mean_of_member_losses,0.3720185191511365,,4152,33,,test_a,,,level_raw,role_mean_loss,
,,,,0.4322871059257344,0.034904507919503995,2,mean_of_member_losses,0.36066351378435557,,4176,34,,test_a,,,level_raw,role_mean_loss,
,,,,0.3537898542302833,0.15695199703016743,2,mean_of_member_losses,0.25500301047065344,,4200,35,,test_a,,,level_raw,role_mean_loss,
,,,,0.3195877672588526,0.2217538891344185,2,mean_of_member_losses,0.2369730138232711,,4224,36,,test_a,,,level_raw,role_mean_loss,
,,,,0.3107213367331104,0.12013726972352243,2,mean_of_member_losses,0.2162709239946191,,4248,37,,test_a,,,level_raw,role_mean_loss,
,,,,0.4286934628655538,0.012090721031378125,2,mean_of_member_losses,0.4047155978689623,,4272,38,,test_a,,,level_raw,role_mean_loss,
,,,,0.42974382231705915,0.015176975330356142,2,mean_of_member_losses,0.3758926667543776,,4296,39,,test_a,,,level_raw,role_mean_loss,
,,,,0.3687457704571202,0.06597723507009362,2,mean_of_member_losses,0.3330068788397274,,4344,40,,test_b,,,level_raw,role_mean_loss,
,,,,0.3383960357237169,-0.031821192703301124,2,mean_of_member_losses,0.23035759083139212,,4368,41,,test_b,,,level_raw,role_mean_loss,
,,,,0.3036621827575122,0.06555315553708295,2,mean_of_member_losses,0.18470151534460383,,4392,42,,test_b,,,level_raw,role_mean_loss,
,,,,0.3271262155533038,0.04954452128446314,2,mean_of_member_losses,0.26396500703518755,,4416,43,,test_b,,,level_raw,role_mean_loss,
,,,,0.4158999030518245,-0.03610924203188487,2,mean_of_member_losses,0.3775122460792852,,4440,44,,test_b,,,level_raw,role_mean_loss,
,,,,0.4212102307584228,-0.013947135532576153,2,mean_of_member_losses,0.3697854859217255,,4464,45,,test_b,,,level_raw,role_mean_loss,
,,,,0.3828600940258041,-0.0022737259677538244,2,mean_of_member_losses,0.31132099638468136,,4488,46,,test_b,,,level_raw,role_mean_loss,
,,,,0.36434392744672994,0.0061048921100640054,2,mean_of_member_losses,0.2608980045424558,,4512,47,,test_b,,,level_raw,role_mean_loss,
,,,,0.36180056284630313,0.08695011470648323,2,mean_of_member_losses,0.35070880907805574,,4536,48,,test_b,,,level_raw,role_mean_loss,
,,,,0.37219788194474235,0.10370235955319823,2,mean_of_member_losses,0.5555416403783069,,4560,49,,test_b,,,level_raw,role_mean_loss,
,,,,0.3669349694477312,0.09531109386829056,2,mean_of_member_losses,0.348392834248215,,4584,50,,test_b,,,level_raw,role_mean_loss,
,,,,0.4903247300204455,0.1264789614086861,2,mean_of_member_losses,0.4762116213843597,,4608,51,,test_b,,,level_raw,role_mean_loss,
,,,,0.4105120397069578,0.15151116483378013,2,mean_of_member_losses,0.33467749381013023,,4632,52,,test_b,,,level_raw,role_mean_loss,
,,,,0.39439675260783746,0.2060536744632854,2,mean_of_member_losses,0.3311460218548746,,4656,53,,test_b,,,level_raw,role_mean_loss,
,,,,0.3692908121262079,0.14763823829507958,2,mean_of_member_losses,0.26312331938760397,,4680,54,,test_b,,,level_raw,role_mean_loss,
,,,,0.29936272061426206,0.028272707086252208,2,mean_of_member_losses,0.19878816375231187,,4704,55,,test_b,,,level_raw,role_mean_loss,
,,,,0.2681548186155851,-0.03578672664055678,2,mean_of_member_losses,0.14691554267540782,,4728,56,,test_b,,,level_raw,role_mean_loss,
,,,,0.3605917396931795,-0.1308972469093586,2,mean_of_member_losses,0.4328945048363219,,4752,57,,test_b,,,level_raw,role_mean_loss,
,,,,0.7156511930098269,-0.4629886365696403,2,mean_of_member_losses,1.4281050659449106,,4776,58,,test_b,,,level_raw,role_mean_loss,
,,,,0.6613692897549874,-0.4345761786248664,2,mean_of_member_losses,0.7891667904591735,,4800,59,,test_b,,,level_raw,role_mean_loss,
,,,,0.43136769954599363,-0.04050612868905221,2,mean_of_member_losses,0.327935828245417,,4824,60,,test_b,,,level_raw,role_mean_loss,
,,,,0.40408723405305547,0.03590013148227716,2,mean_of_member_losses,0.3173211427722569,,4848,61,,test_b,,,level_raw,role_mean_loss,
,,,,0.3509636699691684,-0.1451452300851302,2,mean_of_member_losses,0.2329544849790181,,4872,62,,test_b,,,level_raw,role_mean_loss,
,,,,0.3111195692650012,-0.12805050087819622,2,mean_of_member_losses,0.17760428746869783,,4896,63,,test_b,,,level_raw,role_mean_loss,
,,,,0.30037939036928407,0.09148951948087665,2,mean_of_member_losses,0.1722106922185711,,4920,64,,test_b,,,level_raw,role_mean_loss,
,,,,0.5459586771732361,0.3659663767423755,2,mean_of_member_losses,0.6863730564968256,,4944,65,,test_b,,,level_raw,role_mean_loss,
,,,,0.6361314650446943,0.32028486766720043,2,mean_of_member_losses,0.8731339176551566,,4968,66,,test_b,,,level_raw,role_mean_loss,
,,,,0.4557016377566826,0.20213489352039793,2,mean_of_member_losses,0.3994249052580005,,4992,67,,test_b,,,level_raw,role_mean_loss,
,,,,0.25174470656573106,0.006249016067515328,2,mean_of_member_losses,0.1291483704381611,,5016,68,,test_b,,,level_raw,role_mean_loss,
,,,,0.33613215790347906,0.03560343494160299,2,mean_of_member_losses,0.20945309605127066,,5040,69,,test_b,,,level_raw,role_mean_loss,
,,,,0.4647579380786434,-0.0071075401304851234,2,mean_of_member_losses,0.31536019133778603,,5064,70,,test_b,,,level_raw,role_mean_loss,
,,,,0.26322346929245055,-0.11290772581802835,2,mean_of_member_losses,0.14136180756844263,,5088,71,,test_b,,,level_raw,role_mean_loss,
,,,,0.40272700024590946,-0.22392642373561816,2,mean_of_member_losses,0.3627145332125862,,5112,72,,test_b,,,level_raw,role_mean_loss,
,,,,0.276168059439977,-0.12468673457410392,2,mean_of_member_losses,0.16243590423768617,,5136,73,,test_b,,,level_raw,role_mean_loss,
,,,,0.21132584598921775,-0.04448140032742659,2,mean_of_member_losses,0.09539411728954666,,5160,74,,test_b,,,level_raw,role_mean_loss,
,,,,0.1964304561671965,-0.04949138149637364,2,mean_of_member_losses,0.09685697035940813,,5184,75,,test_b,,,level_raw,role_mean_loss,
,,,,0.2742500130547092,0.019207005361072244,2,mean_of_member_losses,0.1825275201459743,,5208,76,,test_b,,,level_raw,role_mean_loss,
,,,,0.31266162208425263,0.008766455191767355,2,mean_of_member_losses,0.18196096164810147,,5232,77,,test_b,,,level_raw,role_mean_loss,
,,,,0.21664011046660187,0.038113282729789394,2,mean_of_member_losses,0.12364722387775087,,5256,78,,test_b,,,level_raw,role_mean_loss,
,,,,0.3282828917087731,0.039135707117726695,2,mean_of_member_losses,0.2124423090933268,,5280,79,,test_b,,,level_raw,role_mean_loss,
,,,,0.3594379599984873,0.09795120468425904,,v6_robin_level_res_92601,0.5124331085491769,,3360,0,,test_a,,,level_res,member,92601
,,,,0.34026161043113784,0.06657868482123412,,v6_robin_level_res_92601,0.32189044601949085,,3384,1,,test_a,,,level_res,member,92601
,,,,0.2779864850987603,0.09143611538257021,,v6_robin_level_res_92601,0.15886932001850315,,3408,2,,test_a,,,level_res,member,92601
,,,,0.33678514643906965,0.038086957669364374,,v6_robin_level_res_92601,0.20355880226472306,,3432,3,,test_a,,,level_res,member,92601
,,,,0.3002947682628063,0.05864390876705133,,v6_robin_level_res_92601,0.16936150928972415,,3456,4,,test_a,,,level_res,member,92601
,,,,0.27695233501414324,0.056601290282831576,,v6_robin_level_res_92601,0.1568852009280984,,3480,5,,test_a,,,level_res,member,92601
,,,,0.29557499226597,0.02696017703462584,,v6_robin_level_res_92601,0.1760464754712878,,3504,6,,test_a,,,level_res,member,92601
,,,,0.24214286898039097,0.03132523749795213,,v6_robin_level_res_92601,0.11559625271113233,,3528,7,,test_a,,,level_res,member,92601
,,,,0.23898892053151868,0.01111823538268058,,v6_robin_level_res_92601,0.10560789760136717,,3552,8,,test_a,,,level_res,member,92601
,,,,0.5123702573290952,0.374483569629043,,v6_robin_level_res_92601,0.6774378458668965,,3576,9,,test_a,,,level_res,member,92601
,,,,0.5591076901222479,0.3398191848748099,,v6_robin_level_res_92601,0.7057818774042449,,3600,10,,test_a,,,level_res,member,92601
,,,,0.48778803849292635,-0.3272853980412109,,v6_robin_level_res_92601,0.44342293299991753,,3624,11,,test_a,,,level_res,member,92601
,,,,0.2900324124148385,0.031130771761287607,,v6_robin_level_res_92601,0.15578724463605287,,3648,12,,test_a,,,level_res,member,92601
,,,,0.2666686930837493,0.09309394118049656,,v6_robin_level_res_92601,0.157238980029816,,3672,13,,test_a,,,level_res,member,92601
,,,,0.31130317539317925,0.01817444002446399,,v6_robin_level_res_92601,0.2188748689322275,,3696,14,,test_a,,,level_res,member,92601
,,,,0.360266070291069,0.034741555373971895,,v6_robin_level_res_92601,0.2822265695437598,,3720,15,,test_a,,,level_res,member,92601
,,,,0.4521046554893438,0.16040605083610132,,v6_robin_level_res_92601,0.8024968747787408,,3744,16,,test_a,,,level_res,member,92601
,,,,0.5495649401024875,0.09902169700973329,,v6_robin_level_res_92601,0.9826413573177422,,3768,17,,test_a,,,level_res,member,92601
,,,,0.47917558810841715,-0.14352623236460632,,v6_robin_level_res_92601,0.5187533661000095,,3792,18,,test_a,,,level_res,member,92601
,,,,0.4095814160447809,-0.1621730834654134,,v6_robin_level_res_92601,0.35711316854039493,,3816,19,,test_a,,,level_res,member,92601
,,,,0.3515482468225373,0.003235390135266832,,v6_robin_level_res_92601,0.298295982717827,,3840,20,,test_a,,,level_res,member,92601
,,,,0.29283160518710194,-0.03451371635303219,,v6_robin_level_res_92601,0.17352636016137774,,3864,21,,test_a,,,level_res,member,92601
,,,,0.28364777610013514,0.047292621644623535,,v6_robin_level_res_92601,0.1386653037403031,,3888,22,,test_a,,,level_res,member,92601
,,,,0.27252820652667614,-0.015732791815774843,,v6_robin_level_res_92601,0.1603805092852657,,3912,23,,test_a,,,level_res,member,92601
,,,,0.3745829469887266,-0.009260741202845512,,v6_robin_level_res_92601,0.2638824361830835,,3936,24,,test_a,,,level_res,member,92601
,,,,0.2966893189695125,0.024606206486864454,,v6_robin_level_res_92601,0.1783019454559021,,3960,25,,test_a,,,level_res,member,92601
,,,,0.27128542128233607,0.01579847727222003,,v6_robin_level_res_92601,0.15311645064564186,,3984,26,,test_a,,,level_res,member,92601
,,,,0.26846788598848825,0.1186534904166668,,v6_robin_level_res_92601,0.15471166779428747,,4008,27,,test_a,,,level_res,member,92601
,,,,0.2528637528265986,0.04945267203655414,,v6_robin_level_res_92601,0.12538421165033545,,4032,28,,test_a,,,level_res,member,92601
,,,,0.2683396081171368,-0.06278846552738163,,v6_robin_level_res_92601,0.12400460416512596,,4056,29,,test_a,,,level_res,member,92601
,,,,0.3068855262133059,-0.11284541761122847,,v6_robin_level_res_92601,0.2268505953318429,,4080,30,,test_a,,,level_res,member,92601
,,,,0.3870274640260094,-0.045268099249227034,,v6_robin_level_res_92601,0.32115766622818687,,4104,31,,test_a,,,level_res,member,92601
,,,,0.299193157778206,0.010935396907049888,,v6_robin_level_res_92601,0.17270853838652842,,4128,32,,test_a,,,level_res,member,92601
,,,,0.2794761961570247,-0.05660833929569515,,v6_robin_level_res_92601,0.16327454926347454,,4152,33,,test_a,,,level_res,member,92601
,,,,0.3057900842377778,0.03236450806113734,,v6_robin_level_res_92601,0.19117999198977156,,4176,34,,test_a,,,level_res,member,92601
,,,,0.29576879461912503,0.13817357163990143,,v6_robin_level_res_92601,0.17359382223782496,,4200,35,,test_a,,,level_res,member,92601
,,,,0.28115465136829254,0.15380434384546698,,v6_robin_level_res_92601,0.16643427383510295,,4224,36,,test_a,,,level_res,member,92601
,,,,0.23878113721430588,0.03158708548075725,,v6_robin_level_res_92601,0.11868455350988849,,4248,37,,test_a,,,level_res,member,92601
,,,,0.3380638028182005,-0.07145408019763029,,v6_robin_level_res_92601,0.2622384536866788,,4272,38,,test_a,,,level_res,member,92601
,,,,0.27071176231930066,-0.01398528401749026,,v6_robin_level_res_92601,0.16145476141443957,,4296,39,,test_a,,,level_res,member,92601
,,,,0.25680654918238255,-0.002685311512965093,,v6_robin_level_res_92601,0.1439014450503017,,4344,40,,test_b,,,level_res,member,92601
,,,,0.25790572116452765,-0.05421048048290187,,v6_robin_level_res_92601,0.12457226346977084,,4368,41,,test_b,,,level_res,member,92601
,,,,0.2699815305611849,0.004675934321758356,,v6_robin_level_res_92601,0.13935982450696388,,4392,42,,test_b,,,level_res,member,92601
,,,,0.2313723583516263,-0.004300611697402143,,v6_robin_level_res_92601,0.11331166385636024,,4416,43,,test_b,,,level_res,member,92601
,,,,0.29994103856049203,-0.10211305831406065,,v6_robin_level_res_92601,0.18561805634062414,,4440,44,,test_b,,,level_res,member,92601
,,,,0.280329878908792,-0.04578644051056757,,v6_robin_level_res_92601,0.1704844595894948,,4464,45,,test_b,,,level_res,member,92601
,,,,0.25979362112154963,-0.010089382165175515,,v6_robin_level_res_92601,0.17130795720420788,,4488,46,,test_b,,,level_res,member,92601
,,,,0.2085928528109684,-0.014599898297627293,,v6_robin_level_res_92601,0.0880201201515502,,4512,47,,test_b,,,level_res,member,92601
,,,,0.2873439464099504,0.038115960772961886,,v6_robin_level_res_92601,0.24722912521647242,,4536,48,,test_b,,,level_res,member,92601
,,,,0.35081962295282887,0.032522394453111454,,v6_robin_level_res_92601,0.499570256299221,,4560,49,,test_b,,,level_res,member,92601
,,,,0.2932807955846382,-0.006303084947456441,,v6_robin_level_res_92601,0.2166269380490433,,4584,50,,test_b,,,level_res,member,92601
,,,,0.3676989974291977,0.025701127752351265,,v6_robin_level_res_92601,0.26761016217969197,,4608,51,,test_b,,,level_res,member,92601
,,,,0.2691976917201685,0.10923403880402546,,v6_robin_level_res_92601,0.13893519594587184,,4632,52,,test_b,,,level_res,member,92601
,,,,0.27082075158721314,0.16389770548380958,,v6_robin_level_res_92601,0.19492596604404028,,4656,53,,test_b,,,level_res,member,92601
,,,,0.2412100084289776,0.06814818998984765,,v6_robin_level_res_92601,0.11069812935283502,,4680,54,,test_b,,,level_res,member,92601
,,,,0.24889716497123385,-0.026641467662414594,,v6_robin_level_res_92601,0.11710222395090171,,4704,55,,test_b,,,level_res,member,92601
,,,,0.29728088066893216,-0.098874204961712,,v6_robin_level_res_92601,0.1669804881035261,,4728,56,,test_b,,,level_res,member,92601
,,,,0.3308851194518616,-0.1722375666732642,,v6_robin_level_res_92601,0.4340555972638643,,4752,57,,test_b,,,level_res,member,92601
,,,,0.6670642552292492,-0.5175539026254781,,v6_robin_level_res_92601,1.5082659001225098,,4776,58,,test_b,,,level_res,member,92601
,,,,0.6181127103949141,-0.37287422050572855,,v6_robin_level_res_92601,1.02520260392383,,4800,59,,test_b,,,level_res,member,92601
,,,,0.4120780724422765,-0.023246166466574947,,v6_robin_level_res_92601,0.3733989839887554,,4824,60,,test_b,,,level_res,member,92601
,,,,0.3658813217192016,0.052592319569050555,,v6_robin_level_res_92601,0.273782333473324,,4848,61,,test_b,,,level_res,member,92601
,,,,0.3066834897118479,-0.15934056519187173,,v6_robin_level_res_92601,0.22610258374180717,,4872,62,,test_b,,,level_res,member,92601
,,,,0.30394029344725093,-0.19047703692201906,,v6_robin_level_res_92601,0.20898000668060965,,4896,63,,test_b,,,level_res,member,92601
,,,,0.27776221581913046,0.04780277927035487,,v6_robin_level_res_92601,0.16492891863757017,,4920,64,,test_b,,,level_res,member,92601
,,,,0.4947810553313306,0.28620614645678516,,v6_robin_level_res_92601,0.6186874557787221,,4944,65,,test_b,,,level_res,member,92601
,,,,0.6236344613568565,0.21675746469169527,,v6_robin_level_res_92601,0.8357083633597756,,4968,66,,test_b,,,level_res,member,92601
,,,,0.45664538376870184,0.2344969559125471,,v6_robin_level_res_92601,0.45768028549021994,,4992,67,,test_b,,,level_res,member,92601
,,,,0.25580233903148086,0.06613562857291624,,v6_robin_level_res_92601,0.12012273202118141,,5016,68,,test_b,,,level_res,member,92601
,,,,0.2951613435456524,0.09040691241627392,,v6_robin_level_res_92601,0.19482235617210655,,5040,69,,test_b,,,level_res,member,92601
,,,,0.410007721765307,0.03295375616089943,,v6_robin_level_res_92601,0.26655910706843555,,5064,70,,test_b,,,level_res,member,92601
,,,,0.22900127486625968,-0.05353009957830449,,v6_robin_level_res_92601,0.11070411998694099,,5088,71,,test_b,,,level_res,member,92601
,,,,0.4047615513287276,-0.18291958412972983,,v6_robin_level_res_92601,0.35594741475765984,,5112,72,,test_b,,,level_res,member,92601
,,,,0.1863532436601578,-0.07475084445896381,,v6_robin_level_res_92601,0.08162834301626569,,5136,73,,test_b,,,level_res,member,92601
,,,,0.14839239945335886,0.020758102316904115,,v6_robin_level_res_92601,0.046298368781087076,,5160,74,,test_b,,,level_res,member,92601
,,,,0.1431731702029413,-0.0024819665807573233,,v6_robin_level_res_92601,0.05228497535766442,,5184,75,,test_b,,,level_res,member,92601
,,,,0.23125662043743184,0.04944865037995281,,v6_robin_level_res_92601,0.11559096857570514,,5208,76,,test_b,,,level_res,member,92601
,,,,0.3064527499778242,-0.02629499278983156,,v6_robin_level_res_92601,0.16493560949158798,,5232,77,,test_b,,,level_res,member,92601
,,,,0.1965108121786376,-0.0002738364958478247,,v6_robin_level_res_92601,0.10087812505735827,,5256,78,,test_b,,,level_res,member,92601
,,,,0.31815477828814775,-0.020767300136332566,,v6_robin_level_res_92601,0.22049575546996358,,5280,79,,test_b,,,level_res,member,92601
,,,,0.36588413784213614,0.09814670307989717,,v6_robin_level_res_92602,0.5068862693016614,,3360,0,,test_a,,,level_res,member,92602
,,,,0.33924969040655173,0.06637256778691046,,v6_robin_level_res_92602,0.3219966774032223,,3384,1,,test_a,,,level_res,member,92602
,,,,0.27897258809460646,0.09168008275417949,,v6_robin_level_res_92602,0.15972136800641373,,3408,2,,test_a,,,level_res,member,92602
,,,,0.3431210136883487,0.03819396804843278,,v6_robin_level_res_92602,0.20898072686398064,,3432,3,,test_a,,,level_res,member,92602
,,,,0.29904466030754573,0.0582748970275633,,v6_robin_level_res_92602,0.1683051802549586,,3456,4,,test_a,,,level_res,member,92602
,,,,0.2785698083942264,0.056992702553543495,,v6_robin_level_res_92602,0.15590675447411378,,3480,5,,test_a,,,level_res,member,92602
,,,,0.29396054775576225,0.026602751281233412,,v6_robin_level_res_92602,0.17336381639063195,,3504,6,,test_a,,,level_res,member,92602
,,,,0.23830754104796248,0.031054750989949077,,v6_robin_level_res_92602,0.11328870096302186,,3528,7,,test_a,,,level_res,member,92602
,,,,0.2347193954149535,0.011318570501673236,,v6_robin_level_res_92602,0.10347529933922078,,3552,8,,test_a,,,level_res,member,92602
,,,,0.5124760645135835,0.3743717576988845,,v6_robin_level_res_92602,0.6772139601965881,,3576,9,,test_a,,,level_res,member,92602
,,,,0.5577537071310193,0.3391370015617177,,v6_robin_level_res_92602,0.705525306807787,,3600,10,,test_a,,,level_res,member,92602
,,,,0.4877600152032363,-0.3275039275419355,,v6_robin_level_res_92602,0.44189346735616825,,3624,11,,test_a,,,level_res,member,92602
,,,,0.2921077157972796,0.03135964598229347,,v6_robin_level_res_92602,0.15904956804138295,,3648,12,,test_a,,,level_res,member,92602
,,,,0.26059458955241294,0.09271753301408014,,v6_robin_level_res_92602,0.15459018097999383,,3672,13,,test_a,,,level_res,member,92602
,,,,0.3081731813980892,0.018290779890901155,,v6_robin_level_res_92602,0.217531879567083,,3696,14,,test_a,,,level_res,member,92602
,,,,0.3571767364294775,0.034657487350427,,v6_robin_level_res_92602,0.27887666080362966,,3720,15,,test_a,,,level_res,member,92602
,,,,0.45116196625053373,0.16072329107955025,,v6_robin_level_res_92602,0.804063434571611,,3744,16,,test_a,,,level_res,member,92602
,,,,0.5575041776239374,0.09860495564570039,,v6_robin_level_res_92602,1.0033000907568301,,3768,17,,test_a,,,level_res,member,92602
,,,,0.4864260608838402,-0.14391165613985732,,v6_robin_level_res_92602,0.5251947269097993,,3792,18,,test_a,,,level_res,member,92602
,,,,0.41073479497379806,-0.1627655646198928,,v6_robin_level_res_92602,0.35878010100130764,,3816,19,,test_a,,,level_res,member,92602
,,,,0.3513764528051622,0.0027188786353850875,,v6_robin_level_res_92602,0.30036329338959755,,3840,20,,test_a,,,level_res,member,92602
,,,,0.29667171523725105,-0.03462233680621983,,v6_robin_level_res_92602,0.1786721447436554,,3864,21,,test_a,,,level_res,member,92602
,,,,0.2812734100784748,0.04759211597468261,,v6_robin_level_res_92602,0.1388227228250256,,3888,22,,test_a,,,level_res,member,92602
,,,,0.2792330835032843,-0.015698900467980944,,v6_robin_level_res_92602,0.16319670577172832,,3912,23,,test_a,,,level_res,member,92602
,,,,0.3668714360249521,-0.01008530405655905,,v6_robin_level_res_92602,0.25773782299956904,,3936,24,,test_a,,,level_res,member,92602
,,,,0.2905095438124822,0.02417717506600014,,v6_robin_level_res_92602,0.16984118611640386,,3960,25,,test_a,,,level_res,member,92602
,,,,0.27167473026601524,0.015243119193816228,,v6_robin_level_res_92602,0.15457775758017503,,3984,26,,test_a,,,level_res,member,92602
,,,,0.2665161456505873,0.11760439889764587,,v6_robin_level_res_92602,0.150984590694096,,4008,27,,test_a,,,level_res,member,92602
,,,,0.2538459639098637,0.04937572427996772,,v6_robin_level_res_92602,0.1260184519015002,,4032,28,,test_a,,,level_res,member,92602
,,,,0.2649009532775095,-0.06288539253171835,,v6_robin_level_res_92602,0.11874839768103347,,4056,29,,test_a,,,level_res,member,92602
,,,,0.30540120189770653,-0.11256463192644421,,v6_robin_level_res_92602,0.2234801904321116,,4080,30,,test_a,,,level_res,member,92602
,,,,0.3844485502074759,-0.045817715472866456,,v6_robin_level_res_92602,0.32040455859361167,,4104,31,,test_a,,,level_res,member,92602
,,,,0.29551862503599385,0.010714872443749496,,v6_robin_level_res_92602,0.169893367531182,,4128,32,,test_a,,,level_res,member,92602
,,,,0.28000965477401096,-0.05670431852409178,,v6_robin_level_res_92602,0.16659672962109895,,4152,33,,test_a,,,level_res,member,92602
,,,,0.30430947991272644,0.031935654974279484,,v6_robin_level_res_92602,0.1890513143983308,,4176,34,,test_a,,,level_res,member,92602
,,,,0.2947623123129911,0.1383385679805988,,v6_robin_level_res_92602,0.1717850354970333,,4200,35,,test_a,,,level_res,member,92602
,,,,0.2771053691851158,0.15404541102379524,,v6_robin_level_res_92602,0.16297470985230345,,4224,36,,test_a,,,level_res,member,92602
,,,,0.23857428993634291,0.031374981672093315,,v6_robin_level_res_92602,0.11832873451787022,,4248,37,,test_a,,,level_res,member,92602
,,,,0.3365556988218861,-0.07197654485065083,,v6_robin_level_res_92602,0.2642400021980955,,4272,38,,test_a,,,level_res,member,92602
,,,,0.27391761646368634,-0.014546180059494195,,v6_robin_level_res_92602,0.16064585398133066,,4296,39,,test_a,,,level_res,member,92602
,,,,0.26097007933996935,-0.0030479767182459553,,v6_robin_level_res_92602,0.14465461647495412,,4344,40,,test_b,,,level_res,member,92602
,,,,0.2581174886287829,-0.05380350326909227,,v6_robin_level_res_92602,0.12461146736968826,,4368,41,,test_b,,,level_res,member,92602
,,,,0.26408215391897033,0.004631136226759968,,v6_robin_level_res_92602,0.13368403458286887,,4392,42,,test_b,,,level_res,member,92602
,,,,0.23107509337498022,-0.004414304996174121,,v6_robin_level_res_92602,0.10992002663434736,,4416,43,,test_b,,,level_res,member,92602
,,,,0.30007287757482615,-0.1022120056172842,,v6_robin_level_res_92602,0.18614106963379115,,4440,44,,test_b,,,level_res,member,92602
,,,,0.2754676371217048,-0.046407823632334304,,v6_robin_level_res_92602,0.16609724931585634,,4464,45,,test_b,,,level_res,member,92602
,,,,0.26037930333690135,-0.01002435915870592,,v6_robin_level_res_92602,0.17017719606854262,,4488,46,,test_b,,,level_res,member,92602
,,,,0.21387313082916937,-0.014546413990947436,,v6_robin_level_res_92602,0.09053107396868003,,4512,47,,test_b,,,level_res,member,92602
,,,,0.2881191294450842,0.037675870257183254,,v6_robin_level_res_92602,0.24640525725401854,,4536,48,,test_b,,,level_res,member,92602
,,,,0.3466725073875768,0.03235468131777666,,v6_robin_level_res_92602,0.4936807629950706,,4560,49,,test_b,,,level_res,member,92602
,,,,0.2885029287672118,-0.006627293921637294,,v6_robin_level_res_92602,0.2111419411838664,,4584,50,,test_b,,,level_res,member,92602
,,,,0.3625602615237072,0.025015862530791293,,v6_robin_level_res_92602,0.2642358226881186,,4608,51,,test_b,,,level_res,member,92602
,,,,0.2651914955278306,0.10855332450163961,,v6_robin_level_res_92602,0.13530060629025373,,4632,52,,test_b,,,level_res,member,92602
,,,,0.2728648400454903,0.16320179889061917,,v6_robin_level_res_92602,0.19405839101279304,,4656,53,,test_b,,,level_res,member,92602
,,,,0.2498148317524693,0.06759998391698543,,v6_robin_level_res_92602,0.11635958620573238,,4680,54,,test_b,,,level_res,member,92602
,,,,0.24707333164484474,-0.0272145461478395,,v6_robin_level_res_92602,0.11466294587609364,,4704,55,,test_b,,,level_res,member,92602
,,,,0.30085025329725457,-0.09878260585295114,,v6_robin_level_res_92602,0.16900323892928262,,4728,56,,test_b,,,level_res,member,92602
,,,,0.3337458688159434,-0.17202032952870164,,v6_robin_level_res_92602,0.44096355388197356,,4752,57,,test_b,,,level_res,member,92602
,,,,0.6700388296113862,-0.517974284001095,,v6_robin_level_res_92602,1.5200089514491937,,4776,58,,test_b,,,level_res,member,92602
,,,,0.6213870963208221,-0.3732193073514293,,v6_robin_level_res_92602,1.0483014501998655,,4800,59,,test_b,,,level_res,member,92602
,,,,0.41530641372860283,-0.023700366421204915,,v6_robin_level_res_92602,0.3780820175183985,,4824,60,,test_b,,,level_res,member,92602
,,,,0.3620224609773026,0.0524201406187072,,v6_robin_level_res_92602,0.27138133423383043,,4848,61,,test_b,,,level_res,member,92602
,,,,0.3059380096945496,-0.15875946661753024,,v6_robin_level_res_92602,0.22909408154709382,,4872,62,,test_b,,,level_res,member,92602
,,,,0.30555303753591906,-0.18992646416618122,,v6_robin_level_res_92602,0.2113531188417535,,4896,63,,test_b,,,level_res,member,92602
,,,,0.28299723966348195,0.047889839067233965,,v6_robin_level_res_92602,0.16581003580225329,,4920,64,,test_b,,,level_res,member,92602
,,,,0.5035012021698468,0.2862744494164408,,v6_robin_level_res_92602,0.6246466740286674,,4944,65,,test_b,,,level_res,member,92602
,,,,0.6202375082431507,0.21642487137190378,,v6_robin_level_res_92602,0.8327164657658299,,4968,66,,test_b,,,level_res,member,92602
,,,,0.4567108244368237,0.23398695179175952,,v6_robin_level_res_92602,0.45776383227842665,,4992,67,,test_b,,,level_res,member,92602
,,,,0.25877370663154436,0.06563109808599156,,v6_robin_level_res_92602,0.12107659298140498,,5016,68,,test_b,,,level_res,member,92602
,,,,0.2962576225795869,0.09035273895485671,,v6_robin_level_res_92602,0.19536187643738692,,5040,69,,test_b,,,level_res,member,92602
,,,,0.4110362612960207,0.03376047772740005,,v6_robin_level_res_92602,0.26827758899397447,,5064,70,,test_b,,,level_res,member,92602
,,,,0.23120356528014263,-0.05369192087256998,,v6_robin_level_res_92602,0.11161685038975469,,5088,71,,test_b,,,level_res,member,92602
,,,,0.41020468832400236,-0.18328181640469005,,v6_robin_level_res_92602,0.36189633495708207,,5112,72,,test_b,,,level_res,member,92602
,,,,0.18415428471438217,-0.0756915638472385,,v6_robin_level_res_92602,0.07909977521266992,,5136,73,,test_b,,,level_res,member,92602
,,,,0.14747282189958189,0.020611082938629288,,v6_robin_level_res_92602,0.04501948189610616,,5160,74,,test_b,,,level_res,member,92602
,,,,0.14924045183750637,-0.002626008226298818,,v6_robin_level_res_92602,0.054520792234649215,,5184,75,,test_b,,,level_res,member,92602
,,,,0.23612759913279055,0.04912272966227166,,v6_robin_level_res_92602,0.11584969864057768,,5208,76,,test_b,,,level_res,member,92602
,,,,0.3050004287455094,-0.025987219832969977,,v6_robin_level_res_92602,0.161219738374248,,5232,77,,test_b,,,level_res,member,92602
,,,,0.19796496395286464,-0.0002778985049100775,,v6_robin_level_res_92602,0.10142457116121845,,5256,78,,test_b,,,level_res,member,92602
,,,,0.32290724685470407,-0.021244217792306754,,v6_robin_level_res_92602,0.22270633580352864,,5280,79,,test_b,,,level_res,member,92602
,,,,0.3626610489203117,0.0980489538820781,2,mean_of_member_losses,0.5096596889254191,,3360,0,,test_a,,,level_res,role_mean_loss,
,,,,0.3397556504188448,0.06647562630407229,2,mean_of_member_losses,0.3219435617113566,,3384,1,,test_a,,,level_res,role_mean_loss,
,,,,0.27847953659668334,0.09155809906837485,2,mean_of_member_losses,0.15929534401245843,,3408,2,,test_a,,,level_res,role_mean_loss,
,,,,0.33995308006370917,0.03814046285889858,2,mean_of_member_losses,0.20626976456435187,,3432,3,,test_a,,,level_res,role_mean_loss,
,,,,0.299669714285176,0.05845940289730731,2,mean_of_member_losses,0.16883334477234138,,3456,4,,test_a,,,level_res,role_mean_loss,
,,,,0.27776107170418485,0.056796996418187536,2,mean_of_member_losses,0.15639597770110608,,3480,5,,test_a,,,level_res,role_mean_loss,
,,,,0.2947677700108661,0.026781464157929626,2,mean_of_member_losses,0.17470514593095987,,3504,6,,test_a,,,level_res,role_mean_loss,
,,,,0.2402252050141767,0.0311899942439506,2,mean_of_member_losses,0.11444247683707709,,3528,7,,test_a,,,level_res,role_mean_loss,
,,,,0.2368541579732361,0.011218402942176908,2,mean_of_member_losses,0.10454159847029398,,3552,8,,test_a,,,level_res,role_mean_loss,
,,,,0.5124231609213394,0.37442766366396374,2,mean_of_member_losses,0.6773259030317422,,3576,9,,test_a,,,level_res,role_mean_loss,
,,,,0.5584306986266336,0.33947809321826383,2,mean_of_member_losses,0.705653592106016,,3600,10,,test_a,,,level_res,role_mean_loss,
,,,,0.48777402684808135,-0.3273946627915732,2,mean_of_member_losses,0.4426582001780429,,3624,11,,test_a,,,level_res,role_mean_loss,
,,,,0.29107006410605907,0.03124520887179054,2,mean_of_member_losses,0.1574184063387179,,3648,12,,test_a,,,level_res,role_mean_loss,
,,,,0.26363164131808114,0.09290573709728836,2,mean_of_member_losses,0.15591458050490492,,3672,13,,test_a,,,level_res,role_mean_loss,
,,,,0.3097381783956342,0.018232609957682572,2,mean_of_member_losses,0.21820337424965525,,3696,14,,test_a,,,level_res,role_mean_loss,
,,,,0.35872140336027325,0.03469952136219945,2,mean_of_member_losses,0.28055161517369476,,3720,15,,test_a,,,level_res,role_mean_loss,
,,,,0.45163331086993874,0.16056467095782578,2,mean_of_member_losses,0.8032801546751759,,3744,16,,test_a,,,level_res,role_mean_loss,
,,,,0.5535345588632125,0.09881332632771683,2,mean_of_member_losses,0.9929707240372861,,3768,17,,test_a,,,level_res,role_mean_loss,
,,,,0.4828008244961287,-0.1437189442522318,2,mean_of_member_losses,0.5219740465049044,,3792,18,,test_a,,,level_res,role_mean_loss,
,,,,0.41015810550928944,-0.1624693240426531,2,mean_of_member_losses,0.3579466347708513,,3816,19,,test_a,,,level_res,role_mean_loss,
,,,,0.3514623498138498,0.0029771343853259597,2,mean_of_member_losses,0.29932963805371227,,3840,20,,test_a,,,level_res,role_mean_loss,
,,,,0.29475166021217647,-0.03456802657962601,2,mean_of_member_losses,0.17609925245251656,,3864,21,,test_a,,,level_res,role_mean_loss,
,,,,0.28246059308930493,0.04744236880965307,2,mean_of_member_losses,0.13874401328266434,,3888,22,,test_a,,,level_res,role_mean_loss,
,,,,0.2758806450149802,-0.015715846141877893,2,mean_of_member_losses,0.161788607528497,,3912,23,,test_a,,,level_res,role_mean_loss,
,,,,0.3707271915068393,-0.009673022629702282,2,mean_of_member_losses,0.26081012959132627,,3936,24,,test_a,,,level_res,role_mean_loss,
,,,,0.2935994313909973,0.024391690776432298,2,mean_of_member_losses,0.174071565786153,,3960,25,,test_a,,,level_res,role_mean_loss,
,,,,0.27148007577417566,0.015520798233018128,2,mean_of_member_losses,0.15384710411290844,,3984,26,,test_a,,,level_res,role_mean_loss,
,,,,0.26749201581953774,0.11812894465715634,2,mean_of_member_losses,0.15284812924419172,,4008,27,,test_a,,,level_res,role_mean_loss,
,,,,0.25335485836823113,0.049414198158260925,2,mean_of_member_losses,0.12570133177591783,,4032,28,,test_a,,,level_res,role_mean_loss,
,,,,0.26662028069732313,-0.06283692902954999,2,mean_of_member_losses,0.12137650092307972,,4056,29,,test_a,,,level_res,role_mean_loss,
,,,,0.30614336405550624,-0.11270502476883634,2,mean_of_member_losses,0.22516539288197723,,4080,30,,test_a,,,level_res,role_mean_loss,
,,,,0.38573800711674266,-0.04554290736104674,2,mean_of_member_losses,0.32078111241089924,,4104,31,,test_a,,,level_res,role_mean_loss,
,,,,0.29735589140709995,0.010825134675399691,2,mean_of_member_losses,0.17130095295885522,,4128,32,,test_a,,,level_res,role_mean_loss,
,,,,0.2797429254655178,-0.056656328909893465,2,mean_of_member_losses,0.16493563944228673,,4152,33,,test_a,,,level_res,role_mean_loss,
,,,,0.30504978207525213,0.032150081517708415,2,mean_of_member_losses,0.1901156531940512,,4176,34,,test_a,,,level_res,role_mean_loss,
,,,,0.2952655534660581,0.13825606981025013,2,mean_of_member_losses,0.17268942886742913,,4200,35,,test_a,,,level_res,role_mean_loss,
,,,,0.27913001027670414,0.15392487743463112,2,mean_of_member_losses,0.1647044918437032,,4224,36,,test_a,,,level_res,role_mean_loss,
,,,,0.2386777135753244,0.03148103357642528,2,mean_of_member_losses,0.11850664401387936,,4248,37,,test_a,,,level_res,role_mean_loss,
,,,,0.3373097508200433,-0.07171531252414057,2,mean_of_member_losses,0.2632392279423872,,4272,38,,test_a,,,level_res,role_mean_loss,
,,,,0.2723146893914935,-0.014265732038492226,2,mean_of_member_losses,0.16105030769788511,,4296,39,,test_a,,,level_res,role_mean_loss,
,,,,0.258888314261176,-0.002866644115605524,2,mean_of_member_losses,0.1442780307626279,,4344,40,,test_b,,,level_res,role_mean_loss,
,,,,0.2580116048966553,-0.05400699187599707,2,mean_of_member_losses,0.12459186541972955,,4368,41,,test_b,,,level_res,role_mean_loss,
,,,,0.2670318422400776,0.004653535274259162,2,mean_of_member_losses,0.13652192954491638,,4392,42,,test_b,,,level_res,role_mean_loss,
,,,,0.23122372586330325,-0.004357458346788132,2,mean_of_member_losses,0.1116158452453538,,4416,43,,test_b,,,level_res,role_mean_loss,
,,,,0.3000069580676591,-0.10216253196567243,2,mean_of_member_losses,0.18587956298720765,,4440,44,,test_b,,,level_res,role_mean_loss,
,,,,0.27789875801524844,-0.04609713207145094,2,mean_of_member_losses,0.16829085445267555,,4464,45,,test_b,,,level_res,role_mean_loss,
,,,,0.2600864622292255,-0.010056870661940717,2,mean_of_member_losses,0.17074257663637527,,4488,46,,test_b,,,level_res,role_mean_loss,
,,,,0.21123299182006888,-0.014573156144287364,2,mean_of_member_losses,0.08927559706011512,,4512,47,,test_b,,,level_res,role_mean_loss,
,,,,0.2877315379275173,0.03789591551507257,2,mean_of_member_losses,0.24681719123524548,,4536,48,,test_b,,,level_res,role_mean_loss,
,,,,0.34874606517020285,0.032438537885444055,2,mean_of_member_losses,0.4966255096471458,,4560,49,,test_b,,,level_res,role_mean_loss,
,,,,0.290891862175925,-0.006465189434546867,2,mean_of_member_losses,0.21388443961645484,,4584,50,,test_b,,,level_res,role_mean_loss,
,,,,0.36512962947645244,0.025358495141571277,2,mean_of_member_losses,0.26592299243390527,,4608,51,,test_b,,,level_res,role_mean_loss,
,,,,0.26719459362399955,0.10889368165283253,2,mean_of_member_losses,0.13711790111806277,,4632,52,,test_b,,,level_res,role_mean_loss,
,,,,0.27184279581635173,0.16354975218721438,2,mean_of_member_losses,0.19449217852841666,,4656,53,,test_b,,,level_res,role_mean_loss,
,,,,0.24551242009072344,0.06787408695341654,2,mean_of_member_losses,0.1135288577792837,,4680,54,,test_b,,,level_res,role_mean_loss,
,,,,0.2479852483080393,-0.026928006905127047,2,mean_of_member_losses,0.11588258491349768,,4704,55,,test_b,,,level_res,role_mean_loss,
,,,,0.2990655669830934,-0.09882840540733157,2,mean_of_member_losses,0.16799186351640435,,4728,56,,test_b,,,level_res,role_mean_loss,
,,,,0.3323154941339025,-0.17212894810098292,2,mean_of_member_losses,0.4375095755729189,,4752,57,,test_b,,,level_res,role_mean_loss,
,,,,0.6685515424203177,-0.5177640933132865,2,mean_of_member_losses,1.5141374257858518,,4776,58,,test_b,,,level_res,role_mean_loss,
,,,,0.6197499033578682,-0.37304676392857894,2,mean_of_member_losses,1.0367520270618478,,4800,59,,test_b,,,level_res,role_mean_loss,
,,,,0.41369224308543967,-0.02347326644388993,2,mean_of_member_losses,0.3757405007535769,,4824,60,,test_b,,,level_res,role_mean_loss,
,,,,0.3639518913482521,0.05250623009387888,2,mean_of_member_losses,0.2725818338535772,,4848,61,,test_b,,,level_res,role_mean_loss,
,,,,0.3063107497031987,-0.15905001590470097,2,mean_of_member_losses,0.2275983326444505,,4872,62,,test_b,,,level_res,role_mean_loss,
,,,,0.304746665491585,-0.19020175054410016,2,mean_of_member_losses,0.21016656276118156,,4896,63,,test_b,,,level_res,role_mean_loss,
,,,,0.2803797277413062,0.04784630916879441,2,mean_of_member_losses,0.16536947721991174,,4920,64,,test_b,,,level_res,role_mean_loss,
,,,,0.4991411287505887,0.286240297936613,2,mean_of_member_losses,0.6216670649036947,,4944,65,,test_b,,,level_res,role_mean_loss,
,,,,0.6219359848000037,0.2165911680317995,2,mean_of_member_losses,0.8342124145628027,,4968,66,,test_b,,,level_res,role_mean_loss,
,,,,0.45667810410276277,0.2342419538521533,2,mean_of_member_losses,0.45772205888432327,,4992,67,,test_b,,,level_res,role_mean_loss,
,,,,0.25728802283151264,0.06588336332945391,2,mean_of_member_losses,0.1205996625012932,,5016,68,,test_b,,,level_res,role_mean_loss,
,,,,0.2957094830626196,0.09037982568556532,2,mean_of_member_losses,0.19509211630474674,,5040,69,,test_b,,,level_res,role_mean_loss,
,,,,0.4105219915306638,0.03335711694414974,2,mean_of_member_losses,0.267418348031205,,5064,70,,test_b,,,level_res,role_mean_loss,
,,,,0.23010242007320114,-0.05361101022543724,2,mean_of_member_losses,0.11116048518834784,,5088,71,,test_b,,,level_res,role_mean_loss,
,,,,0.407483119826365,-0.18310070026720993,2,mean_of_member_losses,0.3589218748573709,,5112,72,,test_b,,,level_res,role_mean_loss,
,,,,0.18525376418726996,-0.07522120415310116,2,mean_of_member_losses,0.08036405911446781,,5136,73,,test_b,,,level_res,role_mean_loss,
,,,,0.14793261067647037,0.0206845926277667,2,mean_of_member_losses,0.04565892533859662,,5160,74,,test_b,,,level_res,role_mean_loss,
,,,,0.14620681102022381,-0.002553987403528071,2,mean_of_member_losses,0.05340288379615682,,5184,75,,test_b,,,level_res,role_mean_loss,
,,,,0.23369210978511118,0.04928569002111223,2,mean_of_member_losses,0.1157203336081414,,5208,76,,test_b,,,level_res,role_mean_loss,
,,,,0.3057265893616668,-0.02614110631140077,2,mean_of_member_losses,0.163077673932918,,5232,77,,test_b,,,level_res,role_mean_loss,
,,,,0.19723788806575113,-0.0002758675003789511,2,mean_of_member_losses,0.10115134810928836,,5256,78,,test_b,,,level_res,role_mean_loss,
,,,,0.3205310125714259,-0.021005758964319658,2,mean_of_member_losses,0.2216010456367461,,5280,79,,test_b,,,level_res,role_mean_loss,
,,,,0.32339670806992465,0.08086632410063163,,v6_robin_lora_92601,0.4587141319867966,,3360,0,,test_a,,,lora,member,92601
,,,,0.23631170072778832,0.03369415806310808,,v6_robin_lora_92601,0.1466809882547432,,3384,1,,test_a,,,lora,member,92601
,,,,0.23805854266238918,0.07376942328119185,,v6_robin_lora_92601,0.15859443472876153,,3408,2,,test_a,,,lora,member,92601
,,,,0.3229220703750816,0.12011227054730018,,v6_robin_lora_92601,0.2716325889379252,,3432,3,,test_a,,,lora,member,92601
,,,,0.2388387978530327,0.031692073993041296,,v6_robin_lora_92601,0.10808165447540759,,3456,4,,test_a,,,lora,member,92601
,,,,0.23992519896409267,0.07228046276499049,,v6_robin_lora_92601,0.12778506012407168,,3480,5,,test_a,,,lora,member,92601
,,,,0.25160508867217385,0.029476319127271007,,v6_robin_lora_92601,0.13716534740235012,,3504,6,,test_a,,,lora,member,92601
,,,,0.2144662425476674,0.049710738510304296,,v6_robin_lora_92601,0.10157364224341588,,3528,7,,test_a,,,lora,member,92601
,,,,0.19958935697750171,0.010382798040404404,,v6_robin_lora_92601,0.0879739618973201,,3552,8,,test_a,,,lora,member,92601
,,,,0.5070330246474922,0.40102617596686985,,v6_robin_lora_92601,0.7526533130568275,,3576,9,,test_a,,,lora,member,92601
,,,,0.5732096889856335,0.4332023233491425,,v6_robin_lora_92601,0.80475528330125,,3600,10,,test_a,,,lora,member,92601
,,,,0.5151637025824041,-0.36802741743575135,,v6_robin_lora_92601,0.5449729155012449,,3624,11,,test_a,,,lora,member,92601
,,,,0.26982677267098515,0.0159054577602279,,v6_robin_lora_92601,0.14300467452939727,,3648,12,,test_a,,,lora,member,92601
,,,,0.25343506571074365,0.09340649591496342,,v6_robin_lora_92601,0.16770466887528263,,3672,13,,test_a,,,lora,member,92601
,,,,0.2842357729914868,0.02230814134207892,,v6_robin_lora_92601,0.21170022224359064,,3696,14,,test_a,,,lora,member,92601
,,,,0.3133501130947729,0.03107244695916854,,v6_robin_lora_92601,0.2512918083004087,,3720,15,,test_a,,,lora,member,92601
,,,,0.4095031954507873,0.12867426187685674,,v6_robin_lora_92601,0.828539015588409,,3744,16,,test_a,,,lora,member,92601
,,,,0.48785960618674745,0.036713649410647156,,v6_robin_lora_92601,0.7594673772531013,,3768,17,,test_a,,,lora,member,92601
,,,,0.3248743647267938,-0.204051797868648,,v6_robin_lora_92601,0.206232461922772,,3792,18,,test_a,,,lora,member,92601
,,,,0.27821183861291787,-0.16586465116822235,,v6_robin_lora_92601,0.1721750360243419,,3816,19,,test_a,,,lora,member,92601
,,,,0.2493451993873796,-0.01593568803168726,,v6_robin_lora_92601,0.14123509416566005,,3840,20,,test_a,,,lora,member,92601
,,,,0.2039892216219182,-0.045042283919696384,,v6_robin_lora_92601,0.09176311578177597,,3864,21,,test_a,,,lora,member,92601
,,,,0.16600856664131153,0.019893354022226015,,v6_robin_lora_92601,0.06463523854568062,,3888,22,,test_a,,,lora,member,92601
,,,,0.19480460871572552,-0.009991080169200752,,v6_robin_lora_92601,0.09300729461570119,,3912,23,,test_a,,,lora,member,92601
,,,,0.2664955806479638,0.004950924824376724,,v6_robin_lora_92601,0.14752685136869995,,3936,24,,test_a,,,lora,member,92601
,,,,0.19791649014023635,-0.00621646172715141,,v6_robin_lora_92601,0.0857277341722896,,3960,25,,test_a,,,lora,member,92601
,,,,0.21836989573956303,0.010918189259017726,,v6_robin_lora_92601,0.11226580990193175,,3984,26,,test_a,,,lora,member,92601
,,,,0.22177797003278815,0.10410749460938593,,v6_robin_lora_92601,0.12488694105650511,,4008,27,,test_a,,,lora,member,92601
,,,,0.21749748732163068,0.047080124020473756,,v6_robin_lora_92601,0.11588979514816666,,4032,28,,test_a,,,lora,member,92601
,,,,0.2200429297372466,-0.09522625874167573,,v6_robin_lora_92601,0.10496702813579008,,4056,29,,test_a,,,lora,member,92601
,,,,0.24375381133901172,-0.05604262703576858,,v6_robin_lora_92601,0.16831894972786146,,4080,30,,test_a,,,lora,member,92601
,,,,0.3064035762904763,-0.05335199717506732,,v6_robin_lora_92601,0.2752318254051742,,4104,31,,test_a,,,lora,member,92601
,,,,0.2372359652554402,-0.0008581321051357972,,v6_robin_lora_92601,0.13590986012225345,,4128,32,,test_a,,,lora,member,92601
,,,,0.2423285196761272,-0.08409221286716524,,v6_robin_lora_92601,0.14640948592430952,,4152,33,,test_a,,,lora,member,92601
,,,,0.26567441261167735,0.0186457083503888,,v6_robin_lora_92601,0.15582692392279784,,4176,34,,test_a,,,lora,member,92601
,,,,0.23815241874620494,0.10769604924002231,,v6_robin_lora_92601,0.13847877107486345,,4200,35,,test_a,,,lora,member,92601
,,,,0.20939268165509964,0.09980582991299931,,v6_robin_lora_92601,0.11958581927950299,,4224,36,,test_a,,,lora,member,92601
,,,,0.19511813845062587,0.014740898981079798,,v6_robin_lora_92601,0.09638031290065599,,4248,37,,test_a,,,lora,member,92601
,,,,0.29729125217244134,-0.09449666045196971,,v6_robin_lora_92601,0.25393465823450506,,4272,38,,test_a,,,lora,member,92601
,,,,0.23430156707763672,-0.021757067891075184,,v6_robin_lora_92601,0.14311280558825742,,4296,39,,test_a,,,lora,member,92601
,,,,0.2228396552084579,0.0023648185431061302,,v6_robin_lora_92601,0.14253425192419872,,4344,40,,test_b,,,lora,member,92601
,,,,0.21375217040836372,-0.00219664327325482,,v6_robin_lora_92601,0.10296299128816137,,4368,41,,test_b,,,lora,member,92601
,,,,0.17744169406953506,0.03486416619567785,,v6_robin_lora_92601,0.07949391676235106,,4392,42,,test_b,,,lora,member,92601
,,,,0.16626285233502916,0.028764236717274887,,v6_robin_lora_92601,0.07077725647856749,,4416,43,,test_b,,,lora,member,92601
,,,,0.19942844599569856,-0.025656477377553673,,v6_robin_lora_92601,0.10112188753998681,,4440,44,,test_b,,,lora,member,92601
,,,,0.2259490074231472,-0.036740710355076645,,v6_robin_lora_92601,0.14904145667846733,,4464,45,,test_b,,,lora,member,92601
,,,,0.2368817290270646,-0.002490086564291999,,v6_robin_lora_92601,0.16789075615927423,,4488,46,,test_b,,,lora,member,92601
,,,,0.19233858088366962,-0.013901121538319607,,v6_robin_lora_92601,0.08833392225738537,,4512,47,,test_b,,,lora,member,92601
,,,,0.21909069341913268,0.02643438089780473,,v6_robin_lora_92601,0.15736841793129672,,4536,48,,test_b,,,lora,member,92601
,,,,0.28034431369651075,0.08330979264300208,,v6_robin_lora_92601,0.3888464627125922,,4560,49,,test_b,,,lora,member,92601
,,,,0.17716561624718666,-0.02807246096256445,,v6_robin_lora_92601,0.08342725924503652,,4584,50,,test_b,,,lora,member,92601
,,,,0.23124450275117495,-0.047559000302891376,,v6_robin_lora_92601,0.1338673129963669,,4608,51,,test_b,,,lora,member,92601
,,,,0.2137650444726437,0.05151207058424559,,v6_robin_lora_92601,0.09953157304944826,,4632,52,,test_b,,,lora,member,92601
,,,,0.2334690051448335,0.14640756542640326,,v6_robin_lora_92601,0.1441873224201043,,4656,53,,test_b,,,lora,member,92601
,,,,0.1793809089248694,-2.9318259775583795e-05,,v6_robin_lora_92601,0.07066282238726548,,4680,54,,test_b,,,lora,member,92601
,,,,0.19978566593514793,-0.05477678082866524,,v6_robin_lora_92601,0.07882085355779438,,4704,55,,test_b,,,lora,member,92601
,,,,0.21829350084575994,-0.11949868721721406,,v6_robin_lora_92601,0.10361071780555761,,4728,56,,test_b,,,lora,member,92601
,,,,0.30584373149216776,-0.17416796632503118,,v6_robin_lora_92601,0.4815890881306535,,4752,57,,test_b,,,lora,member,92601
,,,,0.6588911401828629,-0.5231259833565043,,v6_robin_lora_92601,1.6768617766837248,,4776,58,,test_b,,,lora,member,92601
,,,,0.534135535158343,-0.3456209464620837,,v6_robin_lora_92601,0.6584601980599196,,4800,59,,test_b,,,lora,member,92601
,,,,0.3662741866471918,-0.07632910718993847,,v6_robin_lora_92601,0.2876268312535037,,4824,60,,test_b,,,lora,member,92601
,,,,0.2871026189306719,0.07357476613348506,,v6_robin_lora_92601,0.15535199405005468,,4848,61,,test_b,,,lora,member,92601
,,,,0.25217138760233543,-0.04156318526828032,,v6_robin_lora_92601,0.14195203841835138,,4872,62,,test_b,,,lora,member,92601
,,,,0.2512351359218883,-0.005843165431810228,,v6_robin_lora_92601,0.16169215465039308,,4896,63,,test_b,,,lora,member,92601
,,,,0.22835678541406534,0.1000043607866032,,v6_robin_lora_92601,0.11066687246695057,,4920,64,,test_b,,,lora,member,92601
,,,,0.47895311832761245,0.27858510754851845,,v6_robin_lora_92601,0.6318324755611143,,4944,65,,test_b,,,lora,member,92601
,,,,0.6422323695162548,0.257520203253793,,v6_robin_lora_92601,0.9461346529704222,,4968,66,,test_b,,,lora,member,92601
,,,,0.425756198362982,0.2395676578160098,,v6_robin_lora_92601,0.5485371915913501,,4992,67,,test_b,,,lora,member,92601
,,,,0.17199020872323992,0.08007255047000487,,v6_robin_lora_92601,0.07847628885471025,,5016,68,,test_b,,,lora,member,92601
,,,,0.12197197704524881,0.020152575898714085,,v6_robin_lora_92601,0.05280694038714194,,5040,69,,test_b,,,lora,member,92601
,,,,0.10426132297103394,0.01659544386847319,,v6_robin_lora_92601,0.032083220064173135,,5064,70,,test_b,,,lora,member,92601
,,,,0.07528021968142175,0.017245663425545024,,v6_robin_lora_92601,0.02333878854944774,,5088,71,,test_b,,,lora,member,92601
,,,,0.11683469772170237,-0.06180990981938164,,v6_robin_lora_92601,0.07026684688148815,,5112,72,,test_b,,,lora,member,92601
,,,,0.1310638225779757,-0.0796143485624948,,v6_robin_lora_92601,0.06121008884750226,,5136,73,,test_b,,,lora,member,92601
,,,,0.07578298732344182,-0.0245225265618287,,v6_robin_lora_92601,0.027409883195287983,,5160,74,,test_b,,,lora,member,92601
,,,,0.08516762610159669,-0.034897204488515854,,v6_robin_lora_92601,0.0551935376365588,,5184,75,,test_b,,,lora,member,92601
,,,,0.08930380083677615,0.027068282536335985,,v6_robin_lora_92601,0.05168296897593694,,5208,76,,test_b,,,lora,member,92601
,,,,0.08282405940197207,0.007287615681336462,,v6_robin_lora_92601,0.03903101191619535,,5232,77,,test_b,,,lora,member,92601
,,,,0.1016930494452918,0.004527264633033352,,v6_robin_lora_92601,0.054313445086185956,,5256,78,,test_b,,,lora,member,92601
,,,,0.13073450550391322,-0.030163539260826714,,v6_robin_lora_92601,0.08800502167549475,,5280,79,,test_b,,,lora,member,92601
,,,,0.32276775994956086,0.0865392852408292,,v6_robin_lora_92602,0.4564763929246599,,3360,0,,test_a,,,lora,member,92602
,,,,0.24317232109280987,0.03548853306297222,,v6_robin_lora_92602,0.16527586543049808,,3384,1,,test_a,,,lora,member,92602
,,,,0.24213732398136784,0.07649838393605451,,v6_robin_lora_92602,0.15736144506627986,,3408,2,,test_a,,,lora,member,92602
,,,,0.3311003449605635,0.13987437961758606,,v6_robin_lora_92602,0.2852212864829776,,3432,3,,test_a,,,lora,member,92602
,,,,0.24591767750283836,0.04982516961386222,,v6_robin_lora_92602,0.11256490657949424,,3456,4,,test_a,,,lora,member,92602
,,,,0.2507062559148015,0.08898894548838143,,v6_robin_lora_92602,0.13764221741108024,,3480,5,,test_a,,,lora,member,92602
,,,,0.25563084062527835,0.03923431402968252,,v6_robin_lora_92602,0.140580512326078,,3504,6,,test_a,,,lora,member,92602
,,,,0.2159068232445576,0.057944832507785704,,v6_robin_lora_92602,0.10353818453647597,,3528,7,,test_a,,,lora,member,92602
,,,,0.19994056985973763,0.011623560794510459,,v6_robin_lora_92602,0.08862314559334714,,3552,8,,test_a,,,lora,member,92602
,,,,0.49901100993156433,0.39389258341900274,,v6_robin_lora_92602,0.714131596632229,,3576,9,,test_a,,,lora,member,92602
,,,,0.5752046604180827,0.43801284453651285,,v6_robin_lora_92602,0.8001650807110817,,3600,10,,test_a,,,lora,member,92602
,,,,0.4838138979876199,-0.325447718497861,,v6_robin_lora_92602,0.4830994283431751,,3624,11,,test_a,,,lora,member,92602
,,,,0.26731571957512357,0.033646923225651514,,v6_robin_lora_92602,0.14083371585972188,,3648,12,,test_a,,,lora,member,92602
,,,,0.25842717274744975,0.10723358987175458,,v6_robin_lora_92602,0.17268263109111617,,3672,13,,test_a,,,lora,member,92602
,,,,0.2853324530556611,0.032740024616656475,,v6_robin_lora_92602,0.21301772139361533,,3696,14,,test_a,,,lora,member,92602
,,,,0.31105040241342136,0.04594128356941784,,v6_robin_lora_92602,0.2478645162688335,,3720,15,,test_a,,,lora,member,92602
,,,,0.4088658913673249,0.13119224602968305,,v6_robin_lora_92602,0.8411263287110405,,3744,16,,test_a,,,lora,member,92602
,,,,0.5001922124148205,0.06223528760379208,,v6_robin_lora_92602,0.8347774256909619,,3768,17,,test_a,,,lora,member,92602
,,,,0.3335501104996308,-0.17882933110997648,,v6_robin_lora_92602,0.21465203865931673,,3792,18,,test_a,,,lora,member,92602
,,,,0.27428945271658095,-0.1498636651716986,,v6_robin_lora_92602,0.1668356767945309,,3816,19,,test_a,,,lora,member,92602
,,,,0.25037766889306345,0.0022120308227278978,,v6_robin_lora_92602,0.14199575941136305,,3840,20,,test_a,,,lora,member,92602
,,,,0.20775083703776154,-0.03517603185751154,,v6_robin_lora_92602,0.0924210068166353,,3864,21,,test_a,,,lora,member,92602
,,,,0.168220482640369,0.016992720892149545,,v6_robin_lora_92602,0.0654772521712411,,3888,22,,test_a,,,lora,member,92602
,,,,0.1950119500283572,-0.0016697595311401814,,v6_robin_lora_92602,0.09461907456019146,,3912,23,,test_a,,,lora,member,92602
,,,,0.27039271217369126,0.01810533374858399,,v6_robin_lora_92602,0.15222367432430817,,3936,24,,test_a,,,lora,member,92602
,,,,0.19929435381873548,0.013015058093051445,,v6_robin_lora_92602,0.0867233691673634,,3960,25,,test_a,,,lora,member,92602
,,,,0.22226407473756218,0.02630503935278302,,v6_robin_lora_92602,0.11501483054974493,,3984,26,,test_a,,,lora,member,92602
,,,,0.22507713460357742,0.12132139241079773,,v6_robin_lora_92602,0.1291632205913268,,4008,27,,test_a,,,lora,member,92602
,,,,0.22038767338637946,0.05753619300958235,,v6_robin_lora_92602,0.12154253310412935,,4032,28,,test_a,,,lora,member,92602
,,,,0.22413980104308803,-0.08943601164369908,,v6_robin_lora_92602,0.10845743940624103,,4056,29,,test_a,,,lora,member,92602
,,,,0.2536308453454694,-0.04077989554785103,,v6_robin_lora_92602,0.18576491190256564,,4080,30,,test_a,,,lora,member,92602
,,,,0.3121277878174927,-0.017502518392218773,,v6_robin_lora_92602,0.2773361232645741,,4104,31,,test_a,,,lora,member,92602
,,,,0.24137083841424992,0.02529560654183311,,v6_robin_lora_92602,0.13865822574038847,,4128,32,,test_a,,,lora,member,92602
,,,,0.2387769949227553,-0.07027722673157376,,v6_robin_lora_92602,0.1445593138369267,,4152,33,,test_a,,,lora,member,92602
,,,,0.26249885551370944,0.031444756525803204,,v6_robin_lora_92602,0.15454346504568922,,4176,34,,test_a,,,lora,member,92602
,,,,0.24340711574133786,0.11560517894930158,,v6_robin_lora_92602,0.14272158484890834,,4200,35,,test_a,,,lora,member,92602
,,,,0.2177452842314618,0.11035026660458386,,v6_robin_lora_92602,0.13024800593238725,,4224,36,,test_a,,,lora,member,92602
,,,,0.20373904616751723,0.010053319285433128,,v6_robin_lora_92602,0.10355031343828194,,4248,37,,test_a,,,lora,member,92602
,,,,0.3144372795721603,-0.10340979351709464,,v6_robin_lora_92602,0.2810257814897019,,4272,38,,test_a,,,lora,member,92602
,,,,0.2355460395269534,-0.014543964808313724,,v6_robin_lora_92602,0.14446803170715108,,4296,39,,test_a,,,lora,member,92602
,,,,0.22289742677301047,0.014280520568932201,,v6_robin_lora_92602,0.1439138220743546,,4344,40,,test_b,,,lora,member,92602
,,,,0.21707699973565325,0.012851719084816674,,v6_robin_lora_92602,0.1075997927390603,,4368,41,,test_b,,,lora,member,92602
,,,,0.18126152089098468,0.03708634270450977,,v6_robin_lora_92602,0.08410998244661898,,4392,42,,test_b,,,lora,member,92602
,,,,0.1672835868507094,0.025233741554057262,,v6_robin_lora_92602,0.07132769916991807,,4416,43,,test_b,,,lora,member,92602
,,,,0.20135955644746348,-0.014659391088963613,,v6_robin_lora_92602,0.10265473670942532,,4440,44,,test_b,,,lora,member,92602
,,,,0.22443422009396896,-0.023360584432250073,,v6_robin_lora_92602,0.1476210581701341,,4464,45,,test_b,,,lora,member,92602
,,,,0.23909455806578456,0.010737457987167598,,v6_robin_lora_92602,0.16821540406970611,,4488,46,,test_b,,,lora,member,92602
,,,,0.19428748884135583,-0.005854113048567966,,v6_robin_lora_92602,0.08985936245486077,,4512,47,,test_b,,,lora,member,92602
,,,,0.22092228862068927,0.035534317394051995,,v6_robin_lora_92602,0.16058446728976486,,4536,48,,test_b,,,lora,member,92602
,,,,0.28605456992769246,0.0829838110058678,,v6_robin_lora_92602,0.3964366621208492,,4560,49,,test_b,,,lora,member,92602
,,,,0.18211946599744716,-0.03231488619919629,,v6_robin_lora_92602,0.08766106515320288,,4584,50,,test_b,,,lora,member,92602
,,,,0.23058380177198892,-0.043945987167877745,,v6_robin_lora_92602,0.13229379960130858,,4608,51,,test_b,,,lora,member,92602
,,,,0.21591294773679692,0.06729728374236454,,v6_robin_lora_92602,0.099587555039044,,4632,52,,test_b,,,lora,member,92602
,,,,0.24287423770903271,0.16004697390057046,,v6_robin_lora_92602,0.15804829011540644,,4656,53,,test_b,,,lora,member,92602
,,,,0.1795001684145331,0.007403605684635741,,v6_robin_lora_92602,0.07076311173852338,,4680,54,,test_b,,,lora,member,92602
,,,,0.19621346600323186,-0.04772713569578699,,v6_robin_lora_92602,0.07641290721874866,,4704,55,,test_b,,,lora,member,92602
,,,,0.22025488475956795,-0.11834399143360012,,v6_robin_lora_92602,0.10398296393567363,,4728,56,,test_b,,,lora,member,92602
,,,,0.3025278839516378,-0.17496408891105708,,v6_robin_lora_92602,0.48012649517699085,,4752,57,,test_b,,,lora,member,92602
,,,,0.6526848233300008,-0.5198899742033839,,v6_robin_lora_92602,1.6709874919208305,,4776,58,,test_b,,,lora,member,92602
,,,,0.5196659727902755,-0.32683913707212675,,v6_robin_lora_92602,0.6316713989288809,,4800,59,,test_b,,,lora,member,92602
,,,,0.3705547454527393,-0.0663631670487281,,v6_robin_lora_92602,0.3016414355273367,,4824,60,,test_b,,,lora,member,92602
,,,,0.2937129932622923,0.08394703973916716,,v6_robin_lora_92602,0.16235639735326196,,4848,61,,test_b,,,lora,member,92602
,,,,0.24778773886118513,-0.03282195640877392,,v6_robin_lora_92602,0.14008939877952073,,4872,62,,test_b,,,lora,member,92602
,,,,0.25562770281170494,-0.0033990788171792577,,v6_robin_lora_92602,0.16516956490945595,,4896,63,,test_b,,,lora,member,92602
,,,,0.22988140105200514,0.10305664437634963,,v6_robin_lora_92602,0.11080842984352152,,4920,64,,test_b,,,lora,member,92602
,,,,0.4891190203374672,0.29280542759293254,,v6_robin_lora_92602,0.6499832605292155,,4944,65,,test_b,,,lora,member,92602
,,,,0.6519477285351147,0.2738476343870656,,v6_robin_lora_92602,0.9824706147515836,,4968,66,,test_b,,,lora,member,92602
,,,,0.43134254446304826,0.27477450189661456,,v6_robin_lora_92602,0.5925302537328667,,4992,67,,test_b,,,lora,member,92602
,,,,0.19985013671833382,0.11311226217795219,,v6_robin_lora_92602,0.10147307115062866,,5016,68,,test_b,,,lora,member,92602
,,,,0.12189383108282117,0.024635929647047305,,v6_robin_lora_92602,0.05390056752936917,,5040,69,,test_b,,,lora,member,92602
,,,,0.10768653318319041,0.016306469639518994,,v6_robin_lora_92602,0.033898561852199645,,5064,70,,test_b,,,lora,member,92602
,,,,0.08083827226102014,0.0335777151240287,,v6_robin_lora_92602,0.023025355394749897,,5088,71,,test_b,,,lora,member,92602
,,,,0.11575681333695184,-0.038656370492390124,,v6_robin_lora_92602,0.06462398759601852,,5112,72,,test_b,,,lora,member,92602
,,,,0.13121788818534696,-0.07050281790368756,,v6_robin_lora_92602,0.06285620862104647,,5136,73,,test_b,,,lora,member,92602
,,,,0.0751326099271668,-0.01254728413422366,,v6_robin_lora_92602,0.027146158441494195,,5160,74,,test_b,,,lora,member,92602
,,,,0.08883210481601019,-0.023332526660798228,,v6_robin_lora_92602,0.055859376344290626,,5184,75,,test_b,,,lora,member,92602
,,,,0.08717344767087613,0.03230044311859791,,v6_robin_lora_92602,0.04837627392369554,,5208,76,,test_b,,,lora,member,92602
,,,,0.08209143424755894,0.01132534222401149,,v6_robin_lora_92602,0.039070142919721385,,5232,77,,test_b,,,lora,member,92602
,,,,0.10502425756296326,0.00677629912902108,,v6_robin_lora_92602,0.056675033775633016,,5256,78,,test_b,,,lora,member,92602
,,,,0.13103831579278716,-0.025875410802351933,,v6_robin_lora_92602,0.08661619679769578,,5280,79,,test_b,,,lora,member,92602
,,,,0.3230822340097428,0.08370280467073041,2,mean_of_member_losses,0.45759526245572824,,3360,0,,test_a,,,lora,role_mean_loss,
,,,,0.2397420109102991,0.03459134556304015,2,mean_of_member_losses,0.15597842684262064,,3384,1,,test_a,,,lora,role_mean_loss,
,,,,0.2400979333218785,0.07513390360862318,2,mean_of_member_losses,0.15797793989752068,,3408,2,,test_a,,,lora,role_mean_loss,
,,,,0.32701120766782255,0.12999332508244313,2,mean_of_member_losses,0.2784269377104514,,3432,3,,test_a,,,lora,role_mean_loss,
,,,,0.24237823767793554,0.04075862180345176,2,mean_of_member_losses,0.11032328052745091,,3456,4,,test_a,,,lora,role_mean_loss,
,,,,0.24531572743944707,0.08063470412668597,2,mean_of_member_losses,0.13271363876757597,,3480,5,,test_a,,,lora,role_mean_loss,
,,,,0.2536179646487261,0.03435531657847676,2,mean_of_member_losses,0.13887292986421407,,3504,6,,test_a,,,lora,role_mean_loss,
,,,,0.2151865328961125,0.053827785509045004,2,mean_of_member_losses,0.10255591338994592,,3528,7,,test_a,,,lora,role_mean_loss,
,,,,0.19976496341861966,0.011003179417457432,2,mean_of_member_losses,0.08829855374533362,,3552,8,,test_a,,,lora,role_mean_loss,
,,,,0.5030220172895283,0.3974593796929363,2,mean_of_member_losses,0.7333924548445283,,3576,9,,test_a,,,lora,role_mean_loss,
,,,,0.5742071747018581,0.43560758394282767,2,mean_of_member_losses,0.8024601820061659,,3600,10,,test_a,,,lora,role_mean_loss,
,,,,0.49948880028501197,-0.3467375679668062,2,mean_of_member_losses,0.51403617192221,,3624,11,,test_a,,,lora,role_mean_loss,
,,,,0.2685712461230544,0.024776190492939706,2,mean_of_member_losses,0.1419191951945596,,3648,12,,test_a,,,lora,role_mean_loss,
,,,,0.2559311192290967,0.100320042893359,2,mean_of_member_losses,0.1701936499831994,,3672,13,,test_a,,,lora,role_mean_loss,
,,,,0.2847841130235739,0.027524082979367696,2,mean_of_member_losses,0.21235897181860297,,3696,14,,test_a,,,lora,role_mean_loss,
,,,,0.3122002577540971,0.038506865264293186,2,mean_of_member_losses,0.2495781622846211,,3720,15,,test_a,,,lora,role_mean_loss,
,,,,0.4091845434090561,0.12993325395326988,2,mean_of_member_losses,0.8348326721497248,,3744,16,,test_a,,,lora,role_mean_loss,
,,,,0.49402590930078394,0.04947446850721962,2,mean_of_member_losses,0.7971224014720316,,3768,17,,test_a,,,lora,role_mean_loss,
,,,,0.3292122376132123,-0.19144056448931224,2,mean_of_member_losses,0.21044225029104435,,3792,18,,test_a,,,lora,role_mean_loss,
,,,,0.27625064566474944,-0.15786415816996047,2,mean_of_member_losses,0.1695053564094364,,3816,19,,test_a,,,lora,role_mean_loss,
,,,,0.24986143414022152,-0.006861828604479681,2,mean_of_member_losses,0.14161542678851155,,3840,20,,test_a,,,lora,role_mean_loss,
,,,,0.2058700293298399,-0.04010915788860396,2,mean_of_member_losses,0.09209206129920564,,3864,21,,test_a,,,lora,role_mean_loss,
,,,,0.16711452464084026,0.01844303745718778,2,mean_of_member_losses,0.06505624535846086,,3888,22,,test_a,,,lora,role_mean_loss,
,,,,0.19490827937204136,-0.005830419850170467,2,mean_of_member_losses,0.09381318458794632,,3912,23,,test_a,,,lora,role_mean_loss,
,,,,0.26844414641082753,0.011528129286480358,2,mean_of_member_losses,0.14987526284650404,,3936,24,,test_a,,,lora,role_mean_loss,
,,,,0.1986054219794859,0.0033992981829500174,2,mean_of_member_losses,0.0862255516698265,,3960,25,,test_a,,,lora,role_mean_loss,
,,,,0.2203169852385626,0.018611614305900373,2,mean_of_member_losses,0.11364032022583834,,3984,26,,test_a,,,lora,role_mean_loss,
,,,,0.2234275523181828,0.11271444351009183,2,mean_of_member_losses,0.12702508082391595,,4008,27,,test_a,,,lora,role_mean_loss,
,,,,0.21894258035400507,0.052308158515028055,2,mean_of_member_losses,0.11871616412614801,,4032,28,,test_a,,,lora,role_mean_loss,
,,,,0.22209136539016733,-0.0923311351926874,2,mean_of_member_losses,0.10671223377101555,,4056,29,,test_a,,,lora,role_mean_loss,
,,,,0.2486923283422406,-0.04841126129180981,2,mean_of_member_losses,0.17704193081521355,,4080,30,,test_a,,,lora,role_mean_loss,
,,,,0.3092656820539845,-0.03542725778364304,2,mean_of_member_losses,0.27628397433487417,,4104,31,,test_a,,,lora,role_mean_loss,
,,,,0.23930340183484505,0.012218737218348657,2,mean_of_member_losses,0.13728404293132096,,4128,32,,test_a,,,lora,role_mean_loss,
,,,,0.24055275729944126,-0.0771847197993695,2,mean_of_member_losses,0.14548439988061812,,4152,33,,test_a,,,lora,role_mean_loss,
,,,,0.2640866340626934,0.025045232438096005,2,mean_of_member_losses,0.15518519448424353,,4176,34,,test_a,,,lora,role_mean_loss,
,,,,0.2407797672437714,0.11165061409466195,2,mean_of_member_losses,0.1406001779618859,,4200,35,,test_a,,,lora,role_mean_loss,
,,,,0.21356898294328072,0.10507804825879158,2,mean_of_member_losses,0.12491691260594512,,4224,36,,test_a,,,lora,role_mean_loss,
,,,,0.19942859230907156,0.012397109133256463,2,mean_of_member_losses,0.09996531316946897,,4248,37,,test_a,,,lora,role_mean_loss,
,,,,0.3058642658723008,-0.09895322698453218,2,mean_of_member_losses,0.26748021986210346,,4272,38,,test_a,,,lora,role_mean_loss,
,,,,0.23492380330229506,-0.018150516349694452,2,mean_of_member_losses,0.14379041864770425,,4296,39,,test_a,,,lora,role_mean_loss,
,,,,0.22286854099073417,0.008322669556019166,2,mean_of_member_losses,0.14322403699927666,,4344,40,,test_b,,,lora,role_mean_loss,
,,,,0.2154145850720085,0.005327537905780927,2,mean_of_member_losses,0.10528139201361084,,4368,41,,test_b,,,lora,role_mean_loss,
,,,,0.17935160748025986,0.03597525445009381,2,mean_of_member_losses,0.08180194960448502,,4392,42,,test_b,,,lora,role_mean_loss,
,,,,0.16677321959286928,0.026998989135666077,2,mean_of_member_losses,0.07105247782424279,,4416,43,,test_b,,,lora,role_mean_loss,
,,,,0.20039400122158102,-0.020157934233258644,2,mean_of_member_losses,0.10188831212470606,,4440,44,,test_b,,,lora,role_mean_loss,
,,,,0.22519161375855806,-0.03005064739366336,2,mean_of_member_losses,0.1483312574243007,,4464,45,,test_b,,,lora,role_mean_loss,
,,,,0.23798814354642459,0.0041236857114377995,2,mean_of_member_losses,0.16805308011449016,,4488,46,,test_b,,,lora,role_mean_loss,
,,,,0.19331303486251272,-0.009877617293443787,2,mean_of_member_losses,0.08909664235612308,,4512,47,,test_b,,,lora,role_mean_loss,
,,,,0.220006491019911,0.03098434914592836,2,mean_of_member_losses,0.1589764426105308,,4536,48,,test_b,,,lora,role_mean_loss,
,,,,0.2831994418121016,0.08314680182443493,2,mean_of_member_losses,0.3926415624167207,,4560,49,,test_b,,,lora,role_mean_loss,
,,,,0.17964254112231692,-0.03019367358088037,2,mean_of_member_losses,0.0855441621991197,,4584,50,,test_b,,,lora,role_mean_loss,
,,,,0.23091415226158193,-0.045752493735384564,2,mean_of_member_losses,0.13308055629883775,,4608,51,,test_b,,,lora,role_mean_loss,
,,,,0.2148389961047203,0.05940467716330507,2,mean_of_member_losses,0.09955956404424612,,4632,52,,test_b,,,lora,role_mean_loss,
,,,,0.2381716214269331,0.15322726966348688,2,mean_of_member_losses,0.15111780626775537,,4656,53,,test_b,,,lora,role_mean_loss,
,,,,0.17944053866970125,0.003687143712430079,2,mean_of_member_losses,0.07071296706289443,,4680,54,,test_b,,,lora,role_mean_loss,
,,,,0.19799956596918988,-0.051251958262226116,2,mean_of_member_losses,0.07761688038827153,,4704,55,,test_b,,,lora,role_mean_loss,
,,,,0.21927419280266394,-0.11892133932540709,2,mean_of_member_losses,0.10379684087061562,,4728,56,,test_b,,,lora,role_mean_loss,
,,,,0.3041858077219028,-0.17456602761804413,2,mean_of_member_losses,0.48085779165382214,,4752,57,,test_b,,,lora,role_mean_loss,
,,,,0.6557879817564318,-0.5215079787799441,2,mean_of_member_losses,1.6739246343022778,,4776,58,,test_b,,,lora,role_mean_loss,
,,,,0.5269007539743092,-0.33623004176710525,2,mean_of_member_losses,0.6450657984944003,,4800,59,,test_b,,,lora,role_mean_loss,
,,,,0.3684144660499655,-0.0713461371193333,2,mean_of_member_losses,0.2946341333904202,,4824,60,,test_b,,,lora,role_mean_loss,
,,,,0.2904078060964821,0.07876090293632611,2,mean_of_member_losses,0.15885419570165832,,4848,61,,test_b,,,lora,role_mean_loss,
,,,,0.2499795632317603,-0.03719257083852712,2,mean_of_member_losses,0.14102071859893606,,4872,62,,test_b,,,lora,role_mean_loss,
,,,,0.2534314193667966,-0.004621122124494743,2,mean_of_member_losses,0.1634308597799245,,4896,63,,test_b,,,lora,role_mean_loss,
,,,,0.22911909323303525,0.10153050258147642,2,mean_of_member_losses,0.11073765115523604,,4920,64,,test_b,,,lora,role_mean_loss,
,,,,0.48403606933253984,0.2856952675707255,2,mean_of_member_losses,0.640907868045165,,4944,65,,test_b,,,lora,role_mean_loss,
,,,,0.6470900490256848,0.2656839188204293,2,mean_of_member_losses,0.9643026338610029,,4968,66,,test_b,,,lora,role_mean_loss,
,,,,0.42854937141301513,0.25717107985631216,2,mean_of_member_losses,0.5705337226621083,,4992,67,,test_b,,,lora,role_mean_loss,
,,,,0.18592017272078687,0.09659240632397853,2,mean_of_member_losses,0.08997468000266945,,5016,68,,test_b,,,lora,role_mean_loss,
,,,,0.121932904064035,0.022394252772880693,2,mean_of_member_losses,0.053353753958255555,,5040,69,,test_b,,,lora,role_mean_loss,
,,,,0.10597392807711217,0.01645095675399609,2,mean_of_member_losses,0.032990890958186386,,5064,70,,test_b,,,lora,role_mean_loss,
,,,,0.07805924597122094,0.02541168927478686,2,mean_of_member_losses,0.023182071972098817,,5088,71,,test_b,,,lora,role_mean_loss,
,,,,0.11629575552932711,-0.05023314015588588,2,mean_of_member_losses,0.06744541723875333,,5112,72,,test_b,,,lora,role_mean_loss,
,,,,0.13114085538166131,-0.07505858323309118,2,mean_of_member_losses,0.06203314873427437,,5136,73,,test_b,,,lora,role_mean_loss,
,,,,0.07545779862530431,-0.01853490534802618,2,mean_of_member_losses,0.02727802081839109,,5160,74,,test_b,,,lora,role_mean_loss,
,,,,0.08699986545880344,-0.02911486557465704,2,mean_of_member_losses,0.055526456990424716,,5184,75,,test_b,,,lora,role_mean_loss,
,,,,0.08823862425382614,0.029684362827466948,2,mean_of_member_losses,0.050029621449816236,,5208,76,,test_b,,,lora,role_mean_loss,
,,,,0.0824577468247655,0.009306478952673976,2,mean_of_member_losses,0.039050577417958365,,5232,77,,test_b,,,lora,role_mean_loss,
,,,,0.10335865350412753,0.005651781881027216,2,mean_of_member_losses,0.05549423943090949,,5256,78,,test_b,,,lora,role_mean_loss,
,,,,0.1308864106483502,-0.028019475031589323,2,mean_of_member_losses,0.08731060923659525,,5280,79,,test_b,,,lora,role_mean_loss,
,,,,0.44321163775854683,0.09988178895474786,,v6_robin_old_res_92601,0.3987790863638113,,3360,0,,test_a,,,old_res,member,92601
,,,,0.38824249521741305,0.06852107478777066,,v6_robin_old_res_92601,0.27387139323696297,,3384,1,,test_a,,,old_res,member,92601
,,,,0.31859679171654587,0.09240489187062599,,v6_robin_old_res_92601,0.18965011148514133,,3408,2,,test_a,,,old_res,member,92601
,,,,0.3890791425104658,0.0395813368858773,,v6_robin_old_res_92601,0.25610357745966006,,3432,3,,test_a,,,old_res,member,92601
,,,,0.3583410731381246,0.05938367977468457,,v6_robin_old_res_92601,0.22005855948821795,,3456,4,,test_a,,,old_res,member,92601
,,,,0.35923488017900074,0.05801158586245055,,v6_robin_old_res_92601,0.24221995365054327,,3480,5,,test_a,,,old_res,member,92601
,,,,0.37875292412154876,0.027484370918554143,,v6_robin_old_res_92601,0.2695191218533695,,3504,6,,test_a,,,old_res,member,92601
,,,,0.36000026207230074,0.03301356476160935,,v6_robin_old_res_92601,0.22758946954669054,,3528,7,,test_a,,,old_res,member,92601
,,,,0.34987654956400066,0.01309904590016231,,v6_robin_old_res_92601,0.213034618250156,,3552,8,,test_a,,,old_res,member,92601
,,,,0.5775175399430023,0.37677182104465934,,v6_robin_old_res_92601,0.7531721225721855,,3576,9,,test_a,,,old_res,member,92601
,,,,0.6153090235922147,0.3424784977373658,,v6_robin_old_res_92601,0.743529347465943,,3600,10,,test_a,,,old_res,member,92601
,,,,0.5316695740618218,-0.3241909980473186,,v6_robin_old_res_92601,0.504189243574439,,3624,11,,test_a,,,old_res,member,92601
,,,,0.3919578327431558,0.03421452787719603,,v6_robin_old_res_92601,0.2674266310139886,,3648,12,,test_a,,,old_res,member,92601
,,,,0.3604415009156618,0.09792667817993217,,v6_robin_old_res_92601,0.2505227664641186,,3672,13,,test_a,,,old_res,member,92601
,,,,0.43656043480144696,0.023764893243388346,,v6_robin_old_res_92601,0.37347271525919584,,3696,14,,test_a,,,old_res,member,92601
,,,,0.5138507406738034,0.03938189480258563,,v6_robin_old_res_92601,0.516991558755033,,3720,15,,test_a,,,old_res,member,92601
,,,,0.5952180085073718,0.16520949527073434,,v6_robin_old_res_92601,1.149201611493926,,3744,16,,test_a,,,old_res,member,92601
,,,,0.6942035380637332,0.10396878624148895,,v6_robin_old_res_92601,1.4555103251808272,,3768,17,,test_a,,,old_res,member,92601
,,,,0.6571113926843728,-0.13906932637866132,,v6_robin_old_res_92601,1.0219265288489527,,3792,18,,test_a,,,old_res,member,92601
,,,,0.604650730795958,-0.15795093700987362,,v6_robin_old_res_92601,0.8486283347365666,,3816,19,,test_a,,,old_res,member,92601
,,,,0.529721184783828,0.0083059879497359,,v6_robin_old_res_92601,0.7331898370905326,,3840,20,,test_a,,,old_res,member,92601
,,,,0.5233888368349261,-0.030291295742690814,,v6_robin_old_res_92601,0.6490833601949806,,3864,21,,test_a,,,old_res,member,92601
,,,,0.5102711373113504,0.05066734774414263,,v6_robin_old_res_92601,0.5737697341099239,,3888,22,,test_a,,,old_res,member,92601
,,,,0.5269510315402466,-0.012797079528408015,,v6_robin_old_res_92601,0.638557672077065,,3912,23,,test_a,,,old_res,member,92601
,,,,0.55886170928088,-0.004980260422955468,,v6_robin_old_res_92601,0.7107578816370046,,3936,24,,test_a,,,old_res,member,92601
,,,,0.4999591283581229,0.029613250415137623,,v6_robin_old_res_92601,0.608735186609529,,3960,25,,test_a,,,old_res,member,92601
,,,,0.48279742917899665,0.02171994027951002,,v6_robin_old_res_92601,0.5453292532459532,,3984,26,,test_a,,,old_res,member,92601
,,,,0.47668187370536363,0.12434881968810634,,v6_robin_old_res_92601,0.5501138401461166,,4008,27,,test_a,,,old_res,member,92601
,,,,0.4796168051095675,0.057115619013476296,,v6_robin_old_res_92601,0.49901303393352076,,4032,28,,test_a,,,old_res,member,92601
,,,,0.4904427577563968,-0.054995079183843734,,v6_robin_old_res_92601,0.4831747903762254,,4056,29,,test_a,,,old_res,member,92601
,,,,0.5783579519543398,-0.10558050601920353,,v6_robin_old_res_92601,0.675391857897658,,4080,30,,test_a,,,old_res,member,92601
,,,,0.617861495790053,-0.0371993276957273,,v6_robin_old_res_92601,0.8098985896084324,,4104,31,,test_a,,,old_res,member,92601
,,,,0.532558449233857,0.019659132310063762,,v6_robin_old_res_92601,0.7036615483881371,,4128,32,,test_a,,,old_res,member,92601
,,,,0.5753845414295153,-0.04873841915475935,,v6_robin_old_res_92601,0.7529621465620457,,4152,33,,test_a,,,old_res,member,92601
,,,,0.5656401676087447,0.0406939197272746,,v6_robin_old_res_92601,0.7781614379027747,,4176,34,,test_a,,,old_res,member,92601
,,,,0.5721466738630661,0.14658515162213293,,v6_robin_old_res_92601,0.7285623937050939,,4200,35,,test_a,,,old_res,member,92601
,,,,0.5797737000861625,0.15971826649540305,,v6_robin_old_res_92601,0.689143931356636,,4224,36,,test_a,,,old_res,member,92601
,,,,0.5301487649482499,0.03855675147397229,,v6_robin_old_res_92601,0.6276604914015076,,4248,37,,test_a,,,old_res,member,92601
,,,,0.57464967260075,-0.06406500387646363,,v6_robin_old_res_92601,0.8307258079090151,,4272,38,,test_a,,,old_res,member,92601
,,,,0.5659765909750051,-0.008666766485582818,,v6_robin_old_res_92601,0.8038500469054654,,4296,39,,test_a,,,old_res,member,92601
,,,,0.5835710615090148,0.003747587492755117,,v6_robin_old_res_92601,0.848895981938702,,4344,40,,test_b,,,old_res,member,92601
,,,,0.5355713923790437,-0.04693556356006393,,v6_robin_old_res_92601,0.6620831778273637,,4368,41,,test_b,,,old_res,member,92601
,,,,0.5670190371022852,0.01063243975958732,,v6_robin_old_res_92601,0.6628875080766917,,4392,42,,test_b,,,old_res,member,92601
,,,,0.5829668466216319,0.0021728022622090636,,v6_robin_old_res_92601,0.7705102085048713,,4416,43,,test_b,,,old_res,member,92601
,,,,0.6349994852966583,-0.09428205919810388,,v6_robin_old_res_92601,0.9364559934400796,,4440,44,,test_b,,,old_res,member,92601
,,,,0.5561721174619343,-0.037166455955765045,,v6_robin_old_res_92601,0.7874357237194217,,4464,45,,test_b,,,old_res,member,92601
,,,,0.5300599895474757,-0.00011825367155503117,,v6_robin_old_res_92601,0.7116579576989989,,4488,46,,test_b,,,old_res,member,92601
,,,,0.543340498360682,-0.00629523563411032,,v6_robin_old_res_92601,0.7002301055620521,,4512,47,,test_b,,,old_res,member,92601
,,,,0.5749410356739627,0.04702813986474283,,v6_robin_old_res_92601,0.7327902644851579,,4536,48,,test_b,,,old_res,member,92601
,,,,0.6668330493175388,0.04015485272062577,,v6_robin_old_res_92601,0.9180228847321009,,4560,49,,test_b,,,old_res,member,92601
,,,,0.5670155975357036,0.0006438660938703619,,v6_robin_old_res_92601,0.7400006437234518,,4584,50,,test_b,,,old_res,member,92601
,,,,0.5682941981906291,0.033418166426046954,,v6_robin_old_res_92601,0.8522762670351248,,4608,51,,test_b,,,old_res,member,92601
,,,,0.5283964048152591,0.11666166835308175,,v6_robin_old_res_92601,0.7177758823743672,,4632,52,,test_b,,,old_res,member,92601
,,,,0.513911723946341,0.1707253905299106,,v6_robin_old_res_92601,0.6825745357559836,,4656,53,,test_b,,,old_res,member,92601
,,,,0.5080251541920577,0.07486764253339703,,v6_robin_old_res_92601,0.6354926905896733,,4680,54,,test_b,,,old_res,member,92601
,,,,0.5688062604300891,-0.020415652281728543,,v6_robin_old_res_92601,0.6756198558776352,,4704,55,,test_b,,,old_res,member,92601
,,,,0.5752438131028469,-0.09207805915231766,,v6_robin_old_res_92601,0.6489181048158225,,4728,56,,test_b,,,old_res,member,92601
,,,,0.5673730044529257,-0.1649101219314331,,v6_robin_old_res_92601,0.6217421291915604,,4752,57,,test_b,,,old_res,member,92601
,,,,0.6854770365234788,-0.5089477747610996,,v6_robin_old_res_92601,0.9472174548259399,,4776,58,,test_b,,,old_res,member,92601
,,,,0.6045925521972518,-0.36374780081057717,,v6_robin_old_res_92601,0.6557041911048471,,4800,59,,test_b,,,old_res,member,92601
,,,,0.46743800700849036,-0.013641084243264393,,v6_robin_old_res_92601,0.34441494617433394,,4824,60,,test_b,,,old_res,member,92601
,,,,0.4651498217726304,0.06618874689008283,,v6_robin_old_res_92601,0.3380090601608045,,4848,61,,test_b,,,old_res,member,92601
,,,,0.41182128926048595,-0.1444640711629558,,v6_robin_old_res_92601,0.28316790447576856,,4872,62,,test_b,,,old_res,member,92601
,,,,0.3514312422411618,-0.17610700893997358,,v6_robin_old_res_92601,0.20062388465463352,,4896,63,,test_b,,,old_res,member,92601
,,,,0.3632876295692661,0.06021409270768202,,v6_robin_old_res_92601,0.22037258949680663,,4920,64,,test_b,,,old_res,member,92601
,,,,0.6264507709762684,0.2992324871981206,,v6_robin_old_res_92601,0.8224588802125331,,4944,65,,test_b,,,old_res,member,92601
,,,,0.7556059851856701,0.23087600205326453,,v6_robin_old_res_92601,1.0462110593085712,,4968,66,,test_b,,,old_res,member,92601
,,,,0.581682234315225,0.24710275797270678,,v6_robin_old_res_92601,0.6390986249738532,,4992,67,,test_b,,,old_res,member,92601
,,,,0.3974416238969413,0.07876304205787807,,v6_robin_old_res_92601,0.26768812015729815,,5016,68,,test_b,,,old_res,member,92601
,,,,0.45658525059993466,0.10387926878641285,,v6_robin_old_res_92601,0.3705166006557376,,5040,69,,test_b,,,old_res,member,92601
,,,,0.5309151294455731,0.04728905734972453,,v6_robin_old_res_92601,0.4252903746946308,,5064,70,,test_b,,,old_res,member,92601
,,,,0.3968731137451958,-0.03931268551598038,,v6_robin_old_res_92601,0.2577977870647514,,5088,71,,test_b,,,old_res,member,92601
,,,,0.5333318680737541,-0.16771753216066737,,v6_robin_old_res_92601,0.4971421953543055,,5112,72,,test_b,,,old_res,member,92601
,,,,0.39116324156887405,-0.0612732098500904,,v6_robin_old_res_92601,0.25575546091498746,,5136,73,,test_b,,,old_res,member,92601
,,,,0.3140108189225287,0.036061969852715835,,v6_robin_old_res_92601,0.16485186349096065,,5160,74,,test_b,,,old_res,member,92601
,,,,0.29960390016226573,0.014383560350146509,,v6_robin_old_res_92601,0.1465067824489668,,5184,75,,test_b,,,old_res,member,92601
,,,,0.3557805959631771,0.06569379997181743,,v6_robin_old_res_92601,0.24893040036975667,,5208,76,,test_b,,,old_res,member,92601
,,,,0.4377147251935265,-0.008337564420014364,,v6_robin_old_res_92601,0.32656595320491444,,5232,77,,test_b,,,old_res,member,92601
,,,,0.3505518061209324,0.017859330784310314,,v6_robin_old_res_92601,0.22779857485120053,,5256,78,,test_b,,,old_res,member,92601
,,,,0.39917492042364117,-0.0006172615525714468,,v6_robin_old_res_92601,0.27352192233700257,,5280,79,,test_b,,,old_res,member,92601
,,,,0.42987945064261984,0.09919788428361939,,v6_robin_old_res_92602,0.388066758268238,,3360,0,,test_a,,,old_res,member,92602
,,,,0.3871699069479969,0.06826940811537069,,v6_robin_old_res_92602,0.290965920670721,,3384,1,,test_a,,,old_res,member,92602
,,,,0.3101764847008014,0.09213043370098103,,v6_robin_old_res_92602,0.1868522161421513,,3408,2,,test_a,,,old_res,member,92602
,,,,0.38224805165951053,0.03933585628400062,,v6_robin_old_res_92602,0.25116147699505187,,3432,3,,test_a,,,old_res,member,92602
,,,,0.3572735918125688,0.05932700973875506,,v6_robin_old_res_92602,0.21804308335615277,,3456,4,,test_a,,,old_res,member,92602
,,,,0.3438965264484817,0.05807809826372107,,v6_robin_old_res_92602,0.2235148193438513,,3480,5,,test_a,,,old_res,member,92602
,,,,0.36282913484833174,0.0276112868567568,,v6_robin_old_res_92602,0.24684333575100964,,3504,6,,test_a,,,old_res,member,92602
,,,,0.34206418419946166,0.03208949800247472,,v6_robin_old_res_92602,0.21178258909358277,,3528,7,,test_a,,,old_res,member,92602
,,,,0.3217384779994723,0.013137065125264082,,v6_robin_old_res_92602,0.1885876006945515,,3552,8,,test_a,,,old_res,member,92602
,,,,0.5477506222623382,0.3770262680094068,,v6_robin_old_res_92602,0.7293231568698322,,3576,9,,test_a,,,old_res,member,92602
,,,,0.6013679110243068,0.3422584125353252,,v6_robin_old_res_92602,0.730018071176103,,3600,10,,test_a,,,old_res,member,92602
,,,,0.5187732601020709,-0.3245050304072256,,v6_robin_old_res_92602,0.497276366915955,,3624,11,,test_a,,,old_res,member,92602
,,,,0.3614883417370341,0.033846919470770266,,v6_robin_old_res_92602,0.2345852260196323,,3648,12,,test_a,,,old_res,member,92602
,,,,0.33099534144218756,0.09709325905800249,,v6_robin_old_res_92602,0.22828734627336844,,3672,13,,test_a,,,old_res,member,92602
,,,,0.41427108886801206,0.02214675976217989,,v6_robin_old_res_92602,0.3549483969992701,,3696,14,,test_a,,,old_res,member,92602
,,,,0.482019146215844,0.037940323411306716,,v6_robin_old_res_92602,0.4807243651226966,,3720,15,,test_a,,,old_res,member,92602
,,,,0.5741709687532491,0.16486633817126572,,v6_robin_old_res_92602,1.1213066716013462,,3744,16,,test_a,,,old_res,member,92602
,,,,0.6847869417959409,0.1028387367935947,,v6_robin_old_res_92602,1.4316363547133168,,3768,17,,test_a,,,old_res,member,92602
,,,,0.6422717474055318,-0.14058178724122164,,v6_robin_old_res_92602,0.9974240915573762,,3792,18,,test_a,,,old_res,member,92602
,,,,0.5822385124393251,-0.15856482539996197,,v6_robin_old_res_92602,0.8068497297872659,,3816,19,,test_a,,,old_res,member,92602
,,,,0.5118584809591565,0.007569250864631327,,v6_robin_old_res_92602,0.7295329256927122,,3840,20,,test_a,,,old_res,member,92602
,,,,0.47743473690099886,-0.031760463710145584,,v6_robin_old_res_92602,0.5650776905296967,,3864,21,,test_a,,,old_res,member,92602
,,,,0.46693519938907785,0.050916390964166745,,v6_robin_old_res_92602,0.4999245904683014,,3888,22,,test_a,,,old_res,member,92602
,,,,0.4807314670977968,-0.012883859957047902,,v6_robin_old_res_92602,0.5758131660197583,,3912,23,,test_a,,,old_res,member,92602
,,,,0.5221295134499943,-0.00619375864477536,,v6_robin_old_res_92602,0.6478663839841972,,3936,24,,test_a,,,old_res,member,92602
,,,,0.4518074986870702,0.028719721983447122,,v6_robin_old_res_92602,0.531819920263111,,3960,25,,test_a,,,old_res,member,92602
,,,,0.44273486857955324,0.021013536087611653,,v6_robin_old_res_92602,0.4857152322765824,,3984,26,,test_a,,,old_res,member,92602
,,,,0.41975598203277387,0.1229472888331728,,v6_robin_old_res_92602,0.4849008661438884,,4008,27,,test_a,,,old_res,member,92602
,,,,0.43933260964096166,0.05521093791335885,,v6_robin_old_res_92602,0.4278754227849436,,4032,28,,test_a,,,old_res,member,92602
,,,,0.4529497470976625,-0.055738756539558024,,v6_robin_old_res_92602,0.4282646062779142,,4056,29,,test_a,,,old_res,member,92602
,,,,0.5401094114905373,-0.10634670021646148,,v6_robin_old_res_92602,0.6416063526232257,,4080,30,,test_a,,,old_res,member,92602
,,,,0.5743735949653651,-0.03928794146964256,,v6_robin_old_res_92602,0.7451137989999747,,4104,31,,test_a,,,old_res,member,92602
,,,,0.4791926826837167,0.017066649897720245,,v6_robin_old_res_92602,0.5984871401516637,,4128,32,,test_a,,,old_res,member,92602
,,,,0.5187735376918378,-0.05022157383877236,,v6_robin_old_res_92602,0.6534370939963328,,4152,33,,test_a,,,old_res,member,92602
,,,,0.5102941525931551,0.03923991109481636,,v6_robin_old_res_92602,0.6591715271011725,,4176,34,,test_a,,,old_res,member,92602
,,,,0.5125284012179228,0.14438964790422368,,v6_robin_old_res_92602,0.6015069971588312,,4200,35,,test_a,,,old_res,member,92602
,,,,0.5088021734788758,0.15945097923566423,,v6_robin_old_res_92602,0.5553986202863022,,4224,36,,test_a,,,old_res,member,92602
,,,,0.4540453664152415,0.03748829316364387,,v6_robin_old_res_92602,0.5187055768960412,,4248,37,,test_a,,,old_res,member,92602
,,,,0.5078817034525712,-0.06570835200331845,,v6_robin_old_res_92602,0.6785809509151919,,4272,38,,test_a,,,old_res,member,92602
,,,,0.48205283354721307,-0.010436257340616602,,v6_robin_old_res_92602,0.6320224500743029,,4296,39,,test_a,,,old_res,member,92602
,,,,0.4997365332171338,0.0025500937104059665,,v6_robin_old_res_92602,0.6613572102288555,,4344,40,,test_b,,,old_res,member,92602
,,,,0.4669940290497799,-0.048837106309685054,,v6_robin_old_res_92602,0.5142458039096178,,4368,41,,test_b,,,old_res,member,92602
,,,,0.49355047704610866,0.009862434818619387,,v6_robin_old_res_92602,0.5336834585511372,,4392,42,,test_b,,,old_res,member,92602
,,,,0.5068203330133567,0.001544869216113333,,v6_robin_old_res_92602,0.6444771274576734,,4416,43,,test_b,,,old_res,member,92602
,,,,0.5551844866536604,-0.09612894561153143,,v6_robin_old_res_92602,0.7556661327313813,,4440,44,,test_b,,,old_res,member,92602
,,,,0.4764923060817334,-0.03957285377877198,,v6_robin_old_res_92602,0.5991590985574669,,4464,45,,test_b,,,old_res,member,92602
,,,,0.46385596253721995,-0.0014745278464283283,,v6_robin_old_res_92602,0.5761503411729832,,4488,46,,test_b,,,old_res,member,92602
,,,,0.46004640764280624,-0.008630011335138561,,v6_robin_old_res_92602,0.5373298483063171,,4512,47,,test_b,,,old_res,member,92602
,,,,0.5035488731102269,0.04420343279614862,,v6_robin_old_res_92602,0.590053409822043,,4536,48,,test_b,,,old_res,member,92602
,,,,0.5878534434493358,0.03879235078028275,,v6_robin_old_res_92602,0.7925285917734507,,4560,49,,test_b,,,old_res,member,92602
,,,,0.49285741245851156,-0.001361398162735699,,v6_robin_old_res_92602,0.6223433584176835,,4584,50,,test_b,,,old_res,member,92602
,,,,0.5217569656042363,0.03138180804557587,,v6_robin_old_res_92602,0.7130268061101555,,4608,51,,test_b,,,old_res,member,92602
,,,,0.45748967876530583,0.11475595418225709,,v6_robin_old_res_92602,0.5606459540905281,,4632,52,,test_b,,,old_res,member,92602
,,,,0.4433238734601022,0.1693524867070807,,v6_robin_old_res_92602,0.5499619323132222,,4656,53,,test_b,,,old_res,member,92602
,,,,0.4479402070719516,0.07310609961260685,,v6_robin_old_res_92602,0.5102883075159307,,4680,54,,test_b,,,old_res,member,92602
,,,,0.4905971783636607,-0.022031404606227,,v6_robin_old_res_92602,0.5179116002653679,,4704,55,,test_b,,,old_res,member,92602
,,,,0.5071415263507744,-0.0923630367519674,,v6_robin_old_res_92602,0.5274628765400577,,4728,56,,test_b,,,old_res,member,92602
,,,,0.4845126567978535,-0.1663523978043254,,v6_robin_old_res_92602,0.465936251473829,,4752,57,,test_b,,,old_res,member,92602
,,,,0.6595671978945636,-0.5105245178029104,,v6_robin_old_res_92602,0.9450518767429616,,4776,58,,test_b,,,old_res,member,92602
,,,,0.6060772344276564,-0.36608074295036874,,v6_robin_old_res_92602,0.7160715821678105,,4800,59,,test_b,,,old_res,member,92602
,,,,0.4440818962173259,-0.015768802176014517,,v6_robin_old_res_92602,0.3347666811468687,,4824,60,,test_b,,,old_res,member,92602
,,,,0.42213118158699714,0.06347462146197144,,v6_robin_old_res_92602,0.2988778944465491,,4848,61,,test_b,,,old_res,member,92602
,,,,0.3622610374458257,-0.14730738847848604,,v6_robin_old_res_92602,0.24315885984485477,,4872,62,,test_b,,,old_res,member,92602
,,,,0.3227423210223873,-0.17772744038430735,,v6_robin_old_res_92602,0.17210251787157013,,4896,63,,test_b,,,old_res,member,92602
,,,,0.3420297941698735,0.057633737786162265,,v6_robin_old_res_92602,0.21089504956140578,,4920,64,,test_b,,,old_res,member,92602
,,,,0.5893010337912368,0.2964387538320129,,v6_robin_old_res_92602,0.7659857928547479,,4944,65,,test_b,,,old_res,member,92602
,,,,0.7208114931789026,0.22785761611257663,,v6_robin_old_res_92602,0.9784469809275848,,4968,66,,test_b,,,old_res,member,92602
,,,,0.542167480660425,0.2439516073218507,,v6_robin_old_res_92602,0.5765740771515175,,4992,67,,test_b,,,old_res,member,92602
,,,,0.3573729041303273,0.07658387405065108,,v6_robin_old_res_92602,0.2274605562139079,,5016,68,,test_b,,,old_res,member,92602
,,,,0.39663188318702264,0.10127519507167403,,v6_robin_old_res_92602,0.31277561627488365,,5040,69,,test_b,,,old_res,member,92602
,,,,0.4821884353161794,0.04552818771124151,,v6_robin_old_res_92602,0.37559311298689907,,5064,70,,test_b,,,old_res,member,92602
,,,,0.3301626663245877,-0.04059418133607216,,v6_robin_old_res_92602,0.2041017501266437,,5088,71,,test_b,,,old_res,member,92602
,,,,0.49637737620886424,-0.16946596324658672,,v6_robin_old_res_92602,0.45329085192599033,,5112,72,,test_b,,,old_res,member,92602
,,,,0.3332355266456052,-0.06355598967595999,,v6_robin_old_res_92602,0.2036691499947861,,5136,73,,test_b,,,old_res,member,92602
,,,,0.257195390924037,0.032992907691283,,v6_robin_old_res_92602,0.12527014667624947,,5160,74,,test_b,,,old_res,member,92602
,,,,0.2503251289565335,0.010835018456347432,,v6_robin_old_res_92602,0.1171670981253161,,5184,75,,test_b,,,old_res,member,92602
,,,,0.3178985213179497,0.06200939036538258,,v6_robin_old_res_92602,0.21600059954537507,,5208,76,,test_b,,,old_res,member,92602
,,,,0.40632229506588247,-0.01117453393218217,,v6_robin_old_res_92602,0.2965092491608102,,5232,77,,test_b,,,old_res,member,92602
,,,,0.30594155067514045,0.01505549168259855,,v6_robin_old_res_92602,0.1892751952242483,,5256,78,,test_b,,,old_res,member,92602
,,,,0.3809121928723328,-0.004845631917180749,,v6_robin_old_res_92602,0.2601314044329319,,5280,79,,test_b,,,old_res,member,92602
,,,,0.43654554420058334,0.09953983661918363,2,mean_of_member_losses,0.39342292231602466,,3360,0,,test_a,,,old_res,role_mean_loss,
,,,,0.387706201082705,0.06839524145157067,2,mean_of_member_losses,0.282418656953842,,3384,1,,test_a,,,old_res,role_mean_loss,
,,,,0.31438663820867363,0.0922676627858035,2,mean_of_member_losses,0.18825116381364632,,3408,2,,test_a,,,old_res,role_mean_loss,
,,,,0.3856635970849882,0.03945859658493896,2,mean_of_member_losses,0.25363252722735596,,3432,3,,test_a,,,old_res,role_mean_loss,
,,,,0.3578073324753467,0.059355344756719816,2,mean_of_member_losses,0.21905082142218535,,3456,4,,test_a,,,old_res,role_mean_loss,
,,,,0.3515657033137412,0.058044842063085814,2,mean_of_member_losses,0.2328673864971973,,3480,5,,test_a,,,old_res,role_mean_loss,
,,,,0.37079102948494025,0.027547828887655473,2,mean_of_member_losses,0.2581812288021896,,3504,6,,test_a,,,old_res,role_mean_loss,
,,,,0.3510322231358812,0.03255153138204203,2,mean_of_member_losses,0.21968602932013664,,3528,7,,test_a,,,old_res,role_mean_loss,
,,,,0.33580751378173646,0.013118055512713195,2,mean_of_member_losses,0.20081110947235375,,3552,8,,test_a,,,old_res,role_mean_loss,
,,,,0.5626340811026702,0.37689904452703304,2,mean_of_member_losses,0.7412476397210088,,3576,9,,test_a,,,old_res,role_mean_loss,
,,,,0.6083384673082608,0.3423684551363455,2,mean_of_member_losses,0.7367737093210229,,3600,10,,test_a,,,old_res,role_mean_loss,
,,,,0.5252214170819464,-0.3243480142272721,2,mean_of_member_losses,0.5007328052451969,,3624,11,,test_a,,,old_res,role_mean_loss,
,,,,0.37672308724009496,0.034030723673983146,2,mean_of_member_losses,0.2510059285168105,,3648,12,,test_a,,,old_res,role_mean_loss,
,,,,0.3457184211789247,0.09750996861896732,2,mean_of_member_losses,0.2394050563687435,,3672,13,,test_a,,,old_res,role_mean_loss,
,,,,0.4254157618347295,0.02295582650278412,2,mean_of_member_losses,0.364210556129233,,3696,14,,test_a,,,old_res,role_mean_loss,
,,,,0.4979349434448237,0.03866110910694617,2,mean_of_member_losses,0.4988579619388648,,3720,15,,test_a,,,old_res,role_mean_loss,
,,,,0.5846944886303105,0.16503791672100004,2,mean_of_member_losses,1.135254141547636,,3744,16,,test_a,,,old_res,role_mean_loss,
,,,,0.6894952399298371,0.10340376151754183,2,mean_of_member_losses,1.443573339947072,,3768,17,,test_a,,,old_res,role_mean_loss,
,,,,0.6496915700449524,-0.13982555680994146,2,mean_of_member_losses,1.0096753102031646,,3792,18,,test_a,,,old_res,role_mean_loss,
,,,,0.5934446216176416,-0.1582578812049178,2,mean_of_member_losses,0.8277390322619163,,3816,19,,test_a,,,old_res,role_mean_loss,
,,,,0.5207898328714923,0.007937619407183613,2,mean_of_member_losses,0.7313613813916224,,3840,20,,test_a,,,old_res,role_mean_loss,
,,,,0.5004117868679625,-0.0310258797264182,2,mean_of_member_losses,0.6070805253623386,,3864,21,,test_a,,,old_res,role_mean_loss,
,,,,0.4886031683502141,0.05079186935415469,2,mean_of_member_losses,0.5368471622891127,,3888,22,,test_a,,,old_res,role_mean_loss,
,,,,0.5038412493190216,-0.01284046974272796,2,mean_of_member_losses,0.6071854190484116,,3912,23,,test_a,,,old_res,role_mean_loss,
,,,,0.5404956113654371,-0.005587009533865414,2,mean_of_member_losses,0.6793121328106009,,3936,24,,test_a,,,old_res,role_mean_loss,
,,,,0.47588331352259655,0.029166486199292373,2,mean_of_member_losses,0.57027755343632,,3960,25,,test_a,,,old_res,role_mean_loss,
,,,,0.4627661488792749,0.021366738183560836,2,mean_of_member_losses,0.5155222427612678,,3984,26,,test_a,,,old_res,role_mean_loss,
,,,,0.44821892786906875,0.12364805426063957,2,mean_of_member_losses,0.5175073531450025,,4008,27,,test_a,,,old_res,role_mean_loss,
,,,,0.4594747073752646,0.05616327846341757,2,mean_of_member_losses,0.46344422835923216,,4032,28,,test_a,,,old_res,role_mean_loss,
,,,,0.4716962524270296,-0.05536691786170088,2,mean_of_member_losses,0.4557196983270698,,4056,29,,test_a,,,old_res,role_mean_loss,
,,,,0.5592336817224386,-0.10596360311783251,2,mean_of_member_losses,0.6584991052604419,,4080,30,,test_a,,,old_res,role_mean_loss,
,,,,0.596117545377709,-0.03824363458268493,2,mean_of_member_losses,0.7775061943042035,,4104,31,,test_a,,,old_res,role_mean_loss,
,,,,0.5058755659587868,0.018362891103892005,2,mean_of_member_losses,0.6510743442699004,,4128,32,,test_a,,,old_res,role_mean_loss,
,,,,0.5470790395606766,-0.049479996496765856,2,mean_of_member_losses,0.7031996202791893,,4152,33,,test_a,,,old_res,role_mean_loss,
,,,,0.5379671601009499,0.03996691541104548,2,mean_of_member_losses,0.7186664825019736,,4176,34,,test_a,,,old_res,role_mean_loss,
,,,,0.5423375375404944,0.14548739976317832,2,mean_of_member_losses,0.6650346954319626,,4200,35,,test_a,,,old_res,role_mean_loss,
,,,,0.5442879367825191,0.15958462286553365,2,mean_of_member_losses,0.622271275821469,,4224,36,,test_a,,,old_res,role_mean_loss,
,,,,0.4920970656817457,0.03802252231880808,2,mean_of_member_losses,0.5731830341487745,,4248,37,,test_a,,,old_res,role_mean_loss,
,,,,0.5412656880266606,-0.06488667793989104,2,mean_of_member_losses,0.7546533794121035,,4272,38,,test_a,,,old_res,role_mean_loss,
,,,,0.5240147122611091,-0.009551511913099709,2,mean_of_member_losses,0.7179362484898841,,4296,39,,test_a,,,old_res,role_mean_loss,
,,,,0.5416537973630743,0.0031488406015805414,2,mean_of_member_losses,0.7551265960837787,,4344,40,,test_b,,,old_res,role_mean_loss,
,,,,0.5012827107144118,-0.04788633493487449,2,mean_of_member_losses,0.5881644908684908,,4368,41,,test_b,,,old_res,role_mean_loss,
,,,,0.5302847570741969,0.010247437289103354,2,mean_of_member_losses,0.5982854833139144,,4392,42,,test_b,,,old_res,role_mean_loss,
,,,,0.5448935898174943,0.0018588357391611985,2,mean_of_member_losses,0.7074936679812723,,4416,43,,test_b,,,old_res,role_mean_loss,
,,,,0.5950919859751593,-0.09520550240481765,2,mean_of_member_losses,0.8460610630857304,,4440,44,,test_b,,,old_res,role_mean_loss,
,,,,0.5163322117718339,-0.03836965486726851,2,mean_of_member_losses,0.6932974111384442,,4464,45,,test_b,,,old_res,role_mean_loss,
,,,,0.4969579760423478,-0.0007963907589916797,2,mean_of_member_losses,0.6439041494359911,,4488,46,,test_b,,,old_res,role_mean_loss,
,,,,0.5016934530017441,-0.007462623484624441,2,mean_of_member_losses,0.6187799769341846,,4512,47,,test_b,,,old_res,role_mean_loss,
,,,,0.5392449543920947,0.045615786330445725,2,mean_of_member_losses,0.6614218371536005,,4536,48,,test_b,,,old_res,role_mean_loss,
,,,,0.6273432463834373,0.039473601750454265,2,mean_of_member_losses,0.8552757382527758,,4560,49,,test_b,,,old_res,role_mean_loss,
,,,,0.5299365049971076,-0.0003587660344326686,2,mean_of_member_losses,0.6811720010705676,,4584,50,,test_b,,,old_res,role_mean_loss,
,,,,0.5450255818974328,0.03239998723581141,2,mean_of_member_losses,0.7826515365726401,,4608,51,,test_b,,,old_res,role_mean_loss,
,,,,0.4929430417902825,0.11570881126766942,2,mean_of_member_losses,0.6392109182324477,,4632,52,,test_b,,,old_res,role_mean_loss,
,,,,0.47861779870322163,0.17003893861849564,2,mean_of_member_losses,0.6162682340346028,,4656,53,,test_b,,,old_res,role_mean_loss,
,,,,0.47798268063200466,0.07398687107300195,2,mean_of_member_losses,0.572890499052802,,4680,54,,test_b,,,old_res,role_mean_loss,
,,,,0.5297017193968749,-0.02122352844397777,2,mean_of_member_losses,0.5967657280715015,,4704,55,,test_b,,,old_res,role_mean_loss,
,,,,0.5411926697268106,-0.09222054795214253,2,mean_of_member_losses,0.58819049067794,,4728,56,,test_b,,,old_res,role_mean_loss,
,,,,0.5259428306253896,-0.16563125986787924,2,mean_of_member_losses,0.5438391903326947,,4752,57,,test_b,,,old_res,role_mean_loss,
,,,,0.6725221172090212,-0.509736146282005,2,mean_of_member_losses,0.9461346657844507,,4776,58,,test_b,,,old_res,role_mean_loss,
,,,,0.605334893312454,-0.364914271880473,2,mean_of_member_losses,0.6858878866363288,,4800,59,,test_b,,,old_res,role_mean_loss,
,,,,0.45575995161290817,-0.014704943209639455,2,mean_of_member_losses,0.3395908136606013,,4824,60,,test_b,,,old_res,role_mean_loss,
,,,,0.4436405016798138,0.06483168417602714,2,mean_of_member_losses,0.31844347730367684,,4848,61,,test_b,,,old_res,role_mean_loss,
,,,,0.38704116335315586,-0.1458857298207209,2,mean_of_member_losses,0.26316338216031165,,4872,62,,test_b,,,old_res,role_mean_loss,
,,,,0.3370867816317745,-0.17691722466214047,2,mean_of_member_losses,0.18636320126310182,,4896,63,,test_b,,,old_res,role_mean_loss,
,,,,0.35265871186956976,0.05892391524692214,2,mean_of_member_losses,0.2156338195291062,,4920,64,,test_b,,,old_res,role_mean_loss,
,,,,0.6078759023837526,0.29783562051506673,2,mean_of_member_losses,0.7942223365336405,,4944,65,,test_b,,,old_res,role_mean_loss,
,,,,0.7382087391822864,0.22936680908292056,2,mean_of_member_losses,1.012329020118078,,4968,66,,test_b,,,old_res,role_mean_loss,
,,,,0.5619248574878251,0.24552718264727874,2,mean_of_member_losses,0.6078363510626854,,4992,67,,test_b,,,old_res,role_mean_loss,
,,,,0.37740726401363434,0.07767345805426457,2,mean_of_member_losses,0.24757433818560304,,5016,68,,test_b,,,old_res,role_mean_loss,
,,,,0.42660856689347865,0.10257723192904344,2,mean_of_member_losses,0.3416461084653106,,5040,69,,test_b,,,old_res,role_mean_loss,
,,,,0.5065517823808763,0.046408622530483015,2,mean_of_member_losses,0.4004417438407649,,5064,70,,test_b,,,old_res,role_mean_loss,
,,,,0.36351789003489177,-0.03995343342602627,2,mean_of_member_losses,0.23094976859569755,,5088,71,,test_b,,,old_res,role_mean_loss,
,,,,0.5148546221413092,-0.16859174770362706,2,mean_of_member_losses,0.4752165236401479,,5112,72,,test_b,,,old_res,role_mean_loss,
,,,,0.3621993841072396,-0.0624145997630252,2,mean_of_member_losses,0.2297123054548868,,5136,73,,test_b,,,old_res,role_mean_loss,
,,,,0.28560310492328284,0.034527438771999416,2,mean_of_member_losses,0.14506100508360506,,5160,74,,test_b,,,old_res,role_mean_loss,
,,,,0.27496451455939963,0.01260928940324697,2,mean_of_member_losses,0.13183694028714146,,5184,75,,test_b,,,old_res,role_mean_loss,
,,,,0.3368395586405634,0.0638515951686,2,mean_of_member_losses,0.23246549995756588,,5208,76,,test_b,,,old_res,role_mean_loss,
,,,,0.4220185101297045,-0.009756049176098267,2,mean_of_member_losses,0.31153760118286233,,5232,77,,test_b,,,old_res,role_mean_loss,
,,,,0.32824667839803645,0.01645741123345443,2,mean_of_member_losses,0.2085368850377244,,5256,78,,test_b,,,old_res,role_mean_loss,
,,,,0.39004355664798696,-0.002731446734876098,2,mean_of_member_losses,0.26682666338496724,,5280,79,,test_b,,,old_res,role_mean_loss,
-0.0837736777600595,-0.0019305842704888249,0.11365402218536558,level_res,,,,,,,3360,0,level_res_minus_old_res,test_a,,old_res,,paired_member_delta,92601
-0.04798088478627521,-0.001942389966536534,0.04801905278252788,level_res,,,,,,,3384,1,level_res_minus_old_res,test_a,,old_res,,paired_member_delta,92601
-0.040610306617785585,-0.0009687764880557809,-0.030780791466638174,level_res,,,,,,,3408,2,level_res_minus_old_res,test_a,,old_res,,paired_member_delta,92601
-0.052293996071396176,-0.0014943792165129227,-0.052544775194937,level_res,,,,,,,3432,3,level_res_minus_old_res,test_a,,old_res,,paired_member_delta,92601
-0.058046304875318255,-0.0007397710076332414,-0.0506970501984938,level_res,,,,,,,3456,4,level_res_minus_old_res,test_a,,old_res,,paired_member_delta,92601
-0.0822825451648575,-0.0014102955796189767,-0.08533475272244487,level_res,,,,,,,3480,5,level_res_minus_old_res,test_a,,old_res,,paired_member_delta,92601
-0.08317793185557876,-0.0005241938839283047,-0.09347264638208172,level_res,,,,,,,3504,6,level_res_minus_old_res,test_a,,old_res,,paired_member_delta,92601
-0.11785739309190976,-0.0016883272636572175,-0.11199321683555821,level_res,,,,,,,3528,7,level_res_minus_old_res,test_a,,old_res,,paired_member_delta,92601
-0.11088762903248198,-0.001980810517481729,-0.10742672064878882,level_res,,,,,,,3552,8,level_res_minus_old_res,test_a,,old_res,,paired_member_delta,92601
-0.06514728261390701,-0.002288251415616338,-0.07573427670528898,level_res,,,,,,,3576,9,level_res_minus_old_res,test_a,,old_res,,paired_member_delta,92601
-0.05620133346996681,-0.002659312862555885,-0.037747470061698096,level_res,,,,,,,3600,10,level_res_minus_old_res,test_a,,old_res,,paired_member_delta,92601
-0.04388153556889546,-0.0030943999938922717,-0.06076631057452142,level_res,,,,,,,3624,11,level_res_minus_old_res,test_a,,old_res,,paired_member_delta,92601
-0.1019254203283173,-0.003083756115908425,-0.11163938637793575,level_res,,,,,,,3648,12,level_res_minus_old_res,test_a,,old_res,,paired_member_delta,92601
-0.0937728078319125,-0.004832736999435608,-0.09328378643430257,level_res,,,,,,,3672,13,level_res_minus_old_res,test_a,,old_res,,paired_member_delta,92601
-0.1252572594082677,-0.0055904532189243565,-0.15459784632696835,level_res,,,,,,,3696,14,level_res_minus_old_res,test_a,,old_res,,paired_member_delta,92601
-0.15358467038273443,-0.004640339428613735,-0.2347649892112732,level_res,,,,,,,3720,15,level_res_minus_old_res,test_a,,old_res,,paired_member_delta,92601
-0.14311335301802802,-0.004803444434633014,-0.3467047367151853,level_res,,,,,,,3744,16,level_res_minus_old_res,test_a,,old_res,,paired_member_delta,92601
-0.14463859796124579,-0.004947089231755658,-0.4728689678630851,level_res,,,,,,,3768,17,level_res_minus_old_res,test_a,,old_res,,paired_member_delta,92601
-0.17793580457595565,-0.004456905985945003,-0.5031731627489432,level_res,,,,,,,3792,18,level_res_minus_old_res,test_a,,old_res,,paired_member_delta,92601
-0.19506931475117711,-0.0042221464555397825,-0.4915151661961717,level_res,,,,,,,3816,19,level_res_minus_old_res,test_a,,old_res,,paired_member_delta,92601
-0.1781729379612907,-0.005070597814469068,-0.43489385437270567,level_res,,,,,,,3840,20,level_res_minus_old_res,test_a,,old_res,,paired_member_delta,92601
-0.23055723164782416,-0.004222420610341372,-0.47555700003360285,level_res,,,,,,,3864,21,level_res_minus_old_res,test_a,,old_res,,paired_member_delta,92601
-0.2266233612112153,-0.003374726099519096,-0.4351044303696209,level_res,,,,,,,3888,22,level_res_minus_old_res,test_a,,old_res,,paired_member_delta,92601
-0.25442282501357044,-0.0029357122873668283,-0.47817716279179934,level_res,,,,,,,3912,23,level_res_minus_old_res,test_a,,old_res,,paired_member_delta,92601
-0.1842787622921534,-0.004280480779890045,-0.4468754454539211,level_res,,,,,,,3936,24,level_res_minus_old_res,test_a,,old_res,,paired_member_delta,92601
-0.2032698093886104,-0.005007043928273169,-0.43043324115362686,level_res,,,,,,,3960,25,level_res_minus_old_res,test_a,,old_res,,paired_member_delta,92601
-0.21151200789666058,-0.00592146300728999,-0.3922128026003113,level_res,,,,,,,3984,26,level_res_minus_old_res,test_a,,old_res,,paired_member_delta,92601
-0.20821398771687538,-0.0056953292714395365,-0.3954021723518292,level_res,,,,,,,4008,27,level_res_minus_old_res,test_a,,old_res,,paired_member_delta,92601
-0.22675305228296888,-0.007662946976922158,-0.3736288222831853,level_res,,,,,,,4032,28,level_res_minus_old_res,test_a,,old_res,,paired_member_delta,92601
-0.22210314963925998,-0.007793386343537892,-0.3591701862110994,level_res,,,,,,,4056,29,level_res_minus_old_res,test_a,,old_res,,paired_member_delta,92601
-0.2714724257410339,-0.007264911592024942,-0.44854126256581506,level_res,,,,,,,4080,30,level_res_minus_old_res,test_a,,old_res,,paired_member_delta,92601
-0.2308340317640436,-0.008068771553499735,-0.48874092338024555,level_res,,,,,,,4104,31,level_res_minus_old_res,test_a,,old_res,,paired_member_delta,92601
-0.233365291455651,-0.008723735403013874,-0.5309530100016087,level_res,,,,,,,4128,32,level_res_minus_old_res,test_a,,old_res,,paired_member_delta,92601
-0.29590834527249066,-0.0078699201409358,-0.5896875972985712,level_res,,,,,,,4152,33,level_res_minus_old_res,test_a,,old_res,,paired_member_delta,92601
-0.2598500833709669,-0.008329411666137258,-0.5869814459130032,level_res,,,,,,,4176,34,level_res_minus_old_res,test_a,,old_res,,paired_member_delta,92601
-0.276377879243941,-0.008411579982231493,-0.554968571467269,level_res,,,,,,,4200,35,level_res_minus_old_res,test_a,,old_res,,paired_member_delta,92601
-0.29861904871786993,-0.005913922649936065,-0.5227096575215331,level_res,,,,,,,4224,36,level_res_minus_old_res,test_a,,old_res,,paired_member_delta,92601
-0.29136762773394403,-0.006969665993215045,-0.5089759378916191,level_res,,,,,,,4248,37,level_res_minus_old_res,test_a,,old_res,,paired_member_delta,92601
-0.23658586978254947,-0.007389076321166657,-0.5684873542223363,level_res,,,,,,,4272,38,level_res_minus_old_res,test_a,,old_res,,paired_member_delta,92601
-0.2952648286557044,-0.005318517531907442,-0.6423952854910258,level_res,,,,,,,4296,39,level_res_minus_old_res,test_a,,old_res,,paired_member_delta,92601
-0.3267645123266323,-0.00643289900572021,-0.7049945368884003,level_res,,,,,,,4344,40,level_res_minus_old_res,test_b,,old_res,,paired_member_delta,92601
-0.2776656712145161,-0.007274916922837937,-0.5375109143575929,level_res,,,,,,,4368,41,level_res_minus_old_res,test_b,,old_res,,paired_member_delta,92601
-0.2970375065411003,-0.005956505437828965,-0.5235276835697278,level_res,,,,,,,4392,42,level_res_minus_old_res,test_b,,old_res,,paired_member_delta,92601
-0.3515944882700056,-0.006473413959611207,-0.657198544648511,level_res,,,,,,,4416,43,level_res_minus_old_res,test_b,,old_res,,paired_member_delta,92601
-0.33505844673616625,-0.007830999115956763,-0.7508379370994555,level_res,,,,,,,4440,44,level_res_minus_old_res,test_b,,old_res,,paired_member_delta,92601
-0.27584223855314227,-0.008619984554802528,-0.616951264129927,level_res,,,,,,,4464,45,level_res_minus_old_res,test_b,,old_res,,paired_member_delta,92601
-0.27026636842592605,-0.009971128493620484,-0.540350000494791,level_res,,,,,,,4488,46,level_res_minus_old_res,test_b,,old_res,,paired_member_delta,92601
-0.3347476455497136,-0.008304662663516971,-0.6122099854105019,level_res,,,,,,,4512,47,level_res_minus_old_res,test_b,,old_res,,paired_member_delta,92601
-0.2875970892640123,-0.008912179091780943,-0.4855611392686855,level_res,,,,,,,4536,48,level_res_minus_old_res,test_b,,old_res,,paired_member_delta,92601
-0.31601342636470997,-0.007632458267514318,-0.4184526284328799,level_res,,,,,,,4560,49,level_res_minus_old_res,test_b,,old_res,,paired_member_delta,92601
-0.2737348019510654,-0.006946951041326803,-0.5233737056744084,level_res,,,,,,,4584,50,level_res_minus_old_res,test_b,,old_res,,paired_member_delta,92601
-0.2005952007614314,-0.0077170386736956885,-0.5846661048554329,level_res,,,,,,,4608,51,level_res_minus_old_res,test_b,,old_res,,paired_member_delta,92601
-0.25919871309509057,-0.007427629549056292,-0.5788406864284954,level_res,,,,,,,4632,52,level_res_minus_old_res,test_b,,old_res,,paired_member_delta,92601
-0.24309097235912785,-0.006827685046101012,-0.4876485697119433,level_res,,,,,,,4656,53,level_res_minus_old_res,test_b,,old_res,,paired_member_delta,92601
-0.26681514576308013,-0.006719452543549387,-0.5247945612368383,level_res,,,,,,,4680,54,level_res_minus_old_res,test_b,,old_res,,paired_member_delta,92601
-0.31990909545885526,-0.006225815380686051,-0.5585176319267334,level_res,,,,,,,4704,55,level_res_minus_old_res,test_b,,old_res,,paired_member_delta,92601
-0.27796293243391473,-0.006796145809394333,-0.4819376167122964,level_res,,,,,,,4728,56,level_res_minus_old_res,test_b,,old_res,,paired_member_delta,92601
-0.2364878850010641,-0.007327444741831113,-0.18768653192769608,level_res,,,,,,,4752,57,level_res_minus_old_res,test_b,,old_res,,paired_member_delta,92601
-0.01841278129422963,-0.008606127864378421,0.5610484452965699,level_res,,,,,,,4776,58,level_res_minus_old_res,test_b,,old_res,,paired_member_delta,92601
0.01352015819766228,-0.009126419695151378,0.3694984128189829,level_res,,,,,,,4800,59,level_res_minus_old_res,test_b,,old_res,,paired_member_delta,92601
-0.05535993456621385,-0.009605082223310555,0.028984037814421437,level_res,,,,,,,4824,60,level_res_minus_old_res,test_b,,old_res,,paired_member_delta,92601
-0.0992685000534288,-0.013596427321032278,-0.06422672668748053,level_res,,,,,,,4848,61,level_res_minus_old_res,test_b,,old_res,,paired_member_delta,92601
-0.10513779954863806,-0.014876494028915943,-0.057065320733961394,level_res,,,,,,,4872,62,level_res_minus_old_res,test_b,,old_res,,paired_member_delta,92601
-0.04749094879391086,-0.01437002798204548,0.008356122025976132,level_res,,,,,,,4896,63,level_res_minus_old_res,test_b,,old_res,,paired_member_delta,92601
-0.08552541375013561,-0.012411313437327154,-0.05544367085923646,level_res,,,,,,,4920,64,level_res_minus_old_res,test_b,,old_res,,paired_member_delta,92601
-0.13166971564493785,-0.013026340741335463,-0.20377142443381102,level_res,,,,,,,4944,65,level_res_minus_old_res,test_b,,old_res,,paired_member_delta,92601
-0.1319715238288136,-0.014118537361569261,-0.21050269594879556,level_res,,,,,,,4968,66,level_res_minus_old_res,test_b,,old_res,,paired_member_delta,92601
-0.1250368505465232,-0.012605802060159682,-0.18141833948363323,level_res,,,,,,,4992,67,level_res_minus_old_res,test_b,,old_res,,paired_member_delta,92601
-0.14163928486546046,-0.012627413484961825,-0.14756538813611675,level_res,,,,,,,5016,68,level_res_minus_old_res,test_b,,old_res,,paired_member_delta,92601
-0.16142390705428228,-0.013472356370138924,-0.17569424448363105,level_res,,,,,,,5040,69,level_res_minus_old_res,test_b,,old_res,,paired_member_delta,92601
-0.12090740768026609,-0.014335301188825096,-0.15873126762619527,level_res,,,,,,,5064,70,level_res_minus_old_res,test_b,,old_res,,paired_member_delta,92601
-0.1678718388789361,-0.014217414062324109,-0.14709366707781044,level_res,,,,,,,5088,71,level_res_minus_old_res,test_b,,old_res,,paired_member_delta,92601
-0.1285703167450265,-0.015202051969062463,-0.14119478059664564,level_res,,,,,,,5112,72,level_res_minus_old_res,test_b,,old_res,,paired_member_delta,92601
-0.20480999790871626,-0.013477634608873405,-0.17412711789872176,level_res,,,,,,,5136,73,level_res_minus_old_res,test_b,,old_res,,paired_member_delta,92601
-0.16561841946916983,-0.01530386753581172,-0.11855349470987357,level_res,,,,,,,5160,74,level_res_minus_old_res,test_b,,old_res,,paired_member_delta,92601
-0.15643072995932444,-0.016865526930903832,-0.09422180709130239,level_res,,,,,,,5184,75,level_res_minus_old_res,test_b,,old_res,,paired_member_delta,92601
-0.12452397552574529,-0.01624514959186462,-0.13333943179405153,level_res,,,,,,,5208,76,level_res_minus_old_res,test_b,,old_res,,paired_member_delta,92601
-0.13126197521570232,-0.017957428369817195,-0.16163034371332646,level_res,,,,,,,5232,77,level_res_minus_old_res,test_b,,old_res,,paired_member_delta,92601
-0.15404099394229478,-0.01813316728015814,-0.12692044979384226,level_res,,,,,,,5256,78,level_res_minus_old_res,test_b,,old_res,,paired_member_delta,92601
-0.08102014213549341,-0.020150038583761118,-0.05302616686703898,level_res,,,,,,,5280,79,level_res_minus_old_res,test_b,,old_res,,paired_member_delta,92601
-0.0639953128004837,-0.001051181203722218,0.11881951103342336,level_res,,,,,,,3360,0,level_res_minus_old_res,test_a,,old_res,,paired_member_delta,92602
-0.04792021654144518,-0.001896840328460228,0.031030756732501275,level_res,,,,,,,3384,1,level_res_minus_old_res,test_a,,old_res,,paired_member_delta,92602
-0.031203896606194936,-0.0004503509468015421,-0.027130848135737573,level_res,,,,,,,3408,2,level_res_minus_old_res,test_a,,old_res,,paired_member_delta,92602
-0.03912703797116185,-0.0011418882355678367,-0.042180750131071226,level_res,,,,,,,3432,3,level_res_minus_old_res,test_a,,old_res,,paired_member_delta,92602
-0.05822893150502306,-0.0010521127111917591,-0.049737903101194164,level_res,,,,,,,3456,4,level_res_minus_old_res,test_a,,old_res,,paired_member_delta,92602
-0.06532671805425527,-0.0010853957101775724,-0.06760806486973753,level_res,,,,,,,3480,5,level_res_minus_old_res,test_a,,old_res,,paired_member_delta,92602
-0.06886858709256949,-0.0010085355755233873,-0.07347951936037769,level_res,,,,,,,3504,6,level_res_minus_old_res,test_a,,old_res,,paired_member_delta,92602
-0.10375664315149918,-0.0010347470125256462,-0.09849388813056091,level_res,,,,,,,3528,7,level_res_minus_old_res,test_a,,old_res,,paired_member_delta,92602
-0.08701908258451879,-0.001818494623590846,-0.08511230135533071,level_res,,,,,,,3552,8,level_res_minus_old_res,test_a,,old_res,,paired_member_delta,92602
-0.035274557748754654,-0.002654510310522329,-0.052109196673244096,level_res,,,,,,,3576,9,level_res_minus_old_res,test_a,,old_res,,paired_member_delta,92602
-0.04361420389328741,-0.0031214109736074636,-0.024492764368315934,level_res,,,,,,,3600,10,level_res_minus_old_res,test_a,,old_res,,paired_member_delta,92602
-0.031013244898834613,-0.0029988971347099103,-0.05538289955978676,level_res,,,,,,,3624,11,level_res_minus_old_res,test_a,,old_res,,paired_member_delta,92602
-0.06938062593975447,-0.002487273488476799,-0.07553565797824935,level_res,,,,,,,3648,12,level_res_minus_old_res,test_a,,old_res,,paired_member_delta,92602
-0.07040075188977463,-0.004375726043922348,-0.07369716529337461,level_res,,,,,,,3672,13,level_res_minus_old_res,test_a,,old_res,,paired_member_delta,92602
-0.10609790746992287,-0.0038559798712787356,-0.1374165174321871,level_res,,,,,,,3696,14,level_res_minus_old_res,test_a,,old_res,,paired_member_delta,92602
-0.12484240978636651,-0.0032828360608797152,-0.20184770431906696,level_res,,,,,,,3720,15,level_res_minus_old_res,test_a,,old_res,,paired_member_delta,92602
-0.1230090025027154,-0.004143047091715479,-0.3172432370297352,level_res,,,,,,,3744,16,level_res_minus_old_res,test_a,,old_res,,paired_member_delta,92602
-0.12728276417200346,-0.004233781147894314,-0.4283362639564867,level_res,,,,,,,3768,17,level_res_minus_old_res,test_a,,old_res,,paired_member_delta,92602
-0.15584568652169162,-0.0033298688986356795,-0.4722293646475769,level_res,,,,,,,3792,18,level_res_minus_old_res,test_a,,old_res,,paired_member_delta,92602
-0.17150371746552706,-0.0042007392199308324,-0.44806962878595824,level_res,,,,,,,3816,19,level_res_minus_old_res,test_a,,old_res,,paired_member_delta,92602
-0.16048202815399432,-0.0048503722292462395,-0.42916963230311467,level_res,,,,,,,3840,20,level_res_minus_old_res,test_a,,old_res,,paired_member_delta,92602
-0.1807630216637478,-0.0028618730960742467,-0.3864055457860413,level_res,,,,,,,3864,21,level_res_minus_old_res,test_a,,old_res,,paired_member_delta,92602
-0.18566178931060306,-0.0033242749894841356,-0.3611018676432758,level_res,,,,,,,3888,22,level_res_minus_old_res,test_a,,old_res,,paired_member_delta,92602
-0.2014983835945125,-0.002815040510933042,-0.41261646024803,level_res,,,,,,,3912,23,level_res_minus_old_res,test_a,,old_res,,paired_member_delta,92602
-0.15525807742504216,-0.003891545411783691,-0.3901285609846281,level_res,,,,,,,3936,24,level_res_minus_old_res,test_a,,old_res,,paired_member_delta,92602
-0.16129795487458803,-0.004542546917446981,-0.3619787341467071,level_res,,,,,,,3960,25,level_res_minus_old_res,test_a,,old_res,,paired_member_delta,92602
-0.171060138313538,-0.005770416893795425,-0.3311374746964074,level_res,,,,,,,3984,26,level_res_minus_old_res,test_a,,old_res,,paired_member_delta,92602
-0.15323983638218658,-0.005342889935526923,-0.3339162754497924,level_res,,,,,,,4008,27,level_res_minus_old_res,test_a,,old_res,,paired_member_delta,92602
-0.18548664573109797,-0.00583521363339113,-0.30185697088344343,level_res,,,,,,,4032,28,level_res_minus_old_res,test_a,,old_res,,paired_member_delta,92602
-0.188048793820153,-0.0071466359921603245,-0.3095162085968807,level_res,,,,,,,4056,29,level_res_minus_old_res,test_a,,old_res,,paired_member_delta,92602
-0.23470820959283073,-0.006217931709982735,-0.41812616219111415,level_res,,,,,,,4080,30,level_res_minus_old_res,test_a,,old_res,,paired_member_delta,92602
-0.18992504475788918,-0.0065297740032238955,-0.424709240406363,level_res,,,,,,,4104,31,level_res_minus_old_res,test_a,,old_res,,paired_member_delta,92602
-0.18367405764772282,-0.006351777453970749,-0.4285937726204817,level_res,,,,,,,4128,32,level_res_minus_old_res,test_a,,old_res,,paired_member_delta,92602
-0.2387638829178268,-0.006482744685319418,-0.4868403643752338,level_res,,,,,,,4152,33,level_res_minus_old_res,test_a,,old_res,,paired_member_delta,92602
-0.2059846726804287,-0.007304256120536874,-0.47012021270284177,level_res,,,,,,,4176,34,level_res_minus_old_res,test_a,,old_res,,paired_member_delta,92602
-0.21776608890493165,-0.006051079923624886,-0.4297219616617979,level_res,,,,,,,4200,35,level_res_minus_old_res,test_a,,old_res,,paired_member_delta,92602
-0.23169680429376,-0.005405568211868994,-0.3924239104339987,level_res,,,,,,,4224,36,level_res_minus_old_res,test_a,,old_res,,paired_member_delta,92602
-0.2154710764788986,-0.0061133114915505535,-0.400376842378171,level_res,,,,,,,4248,37,level_res_minus_old_res,test_a,,old_res,,paired_member_delta,92602
-0.17132600463068515,-0.006268192847332377,-0.41434094871709637,level_res,,,,,,,4272,38,level_res_minus_old_res,test_a,,old_res,,paired_member_delta,92602
-0.20813521708352672,-0.004109922718877593,-0.4713765960929722,level_res,,,,,,,4296,39,level_res_minus_old_res,test_a,,old_res,,paired_member_delta,92602
-0.23876645387716444,-0.005598070428651921,-0.5167025937539014,level_res,,,,,,,4344,40,level_res_minus_old_res,test_b,,old_res,,paired_member_delta,92602
-0.20887654042099696,-0.004966396959407218,-0.38963433653992957,level_res,,,,,,,4368,41,level_res_minus_old_res,test_b,,old_res,,paired_member_delta,92602
-0.22946832312713833,-0.00523129859185942,-0.3999994239682683,level_res,,,,,,,4392,42,level_res_minus_old_res,test_b,,old_res,,paired_member_delta,92602
-0.2757452396383765,-0.0059591742122874535,-0.5345571008233261,level_res,,,,,,,4416,43,level_res_minus_old_res,test_b,,old_res,,paired_member_delta,92602
-0.25511160907883423,-0.0060830600057527745,-0.5695250630975901,level_res,,,,,,,4440,44,level_res_minus_old_res,test_b,,old_res,,paired_member_delta,92602
-0.20102466896002857,-0.006834969853562321,-0.4330618492416105,level_res,,,,,,,4464,45,level_res_minus_old_res,test_b,,old_res,,paired_member_delta,92602
-0.2034766592003186,-0.008549831312277592,-0.4059731451044406,level_res,,,,,,,4488,46,level_res_minus_old_res,test_b,,old_res,,paired_member_delta,92602
-0.24617327681363688,-0.005916402655808875,-0.4467987743376371,level_res,,,,,,,4512,47,level_res_minus_old_res,test_b,,old_res,,paired_member_delta,92602
-0.21542974366514267,-0.006527562538965366,-0.3436481525680245,level_res,,,,,,,4536,48,level_res_minus_old_res,test_b,,old_res,,paired_member_delta,92602
-0.24118093606175894,-0.006437669462506089,-0.2988478287783801,level_res,,,,,,,4560,49,level_res_minus_old_res,test_b,,old_res,,paired_member_delta,92602
-0.20435448369129977,-0.005265895758901595,-0.4112014172338171,level_res,,,,,,,4584,50,level_res_minus_old_res,test_b,,old_res,,paired_member_delta,92602
-0.15919670408052916,-0.006365945514784574,-0.4487909834220368,level_res,,,,,,,4608,51,level_res_minus_old_res,test_b,,old_res,,paired_member_delta,92602
-0.19229818323747522,-0.00620262968061748,-0.42534534780027433,level_res,,,,,,,4632,52,level_res_minus_old_res,test_b,,old_res,,paired_member_delta,92602
-0.17045903341461194,-0.006150687816461525,-0.35590354130042917,level_res,,,,,,,4656,53,level_res_minus_old_res,test_b,,old_res,,paired_member_delta,92602
-0.1981253753194823,-0.0055061156956214136,-0.3939287213101983,level_res,,,,,,,4680,54,level_res_minus_old_res,test_b,,old_res,,paired_member_delta,92602
-0.24352384671881594,-0.0051831415416125,-0.4032486543892742,level_res,,,,,,,4704,55,level_res_minus_old_res,test_b,,old_res,,paired_member_delta,92602
-0.2062912730535198,-0.006419569100983735,-0.35845963761077515,level_res,,,,,,,4728,56,level_res_minus_old_res,test_b,,old_res,,paired_member_delta,92602
-0.15076678798191007,-0.005667931724376241,-0.02497269759185544,level_res,,,,,,,4752,57,level_res_minus_old_res,test_b,,old_res,,paired_member_delta,92602
0.010471631716822527,-0.007449766198184604,0.574957074706232,level_res,,,,,,,4776,58,level_res_minus_old_res,test_b,,old_res,,paired_member_delta,92602
0.015309861893165744,-0.007138564401060532,0.332229868032055,level_res,,,,,,,4800,59,level_res_minus_old_res,test_b,,old_res,,paired_member_delta,92602
-0.02877548248872308,-0.007931564245190398,0.04331533637152979,level_res,,,,,,,4824,60,level_res_minus_old_res,test_b,,old_res,,paired_member_delta,92602
-0.06010872060969452,-0.011054480843264242,-0.02749656021271868,level_res,,,,,,,4848,61,level_res_minus_old_res,test_b,,old_res,,paired_member_delta,92602
-0.05632302775127612,-0.011452078139044197,-0.014064778297760955,level_res,,,,,,,4872,62,level_res_minus_old_res,test_b,,old_res,,paired_member_delta,92602
-0.017189283486468254,-0.012199023781873874,0.039250600970183375,level_res,,,,,,,4896,63,level_res_minus_old_res,test_b,,old_res,,paired_member_delta,92602
-0.059032554506391555,-0.0097438987189283,-0.0450850137591525,level_res,,,,,,,4920,64,level_res_minus_old_res,test_b,,old_res,,paired_member_delta,92602
-0.08579983162138993,-0.01016430441557209,-0.14133911882608052,level_res,,,,,,,4944,65,level_res_minus_old_res,test_b,,old_res,,paired_member_delta,92602
-0.10057398493575187,-0.011432744740672851,-0.14573051516175484,level_res,,,,,,,4968,66,level_res_minus_old_res,test_b,,old_res,,paired_member_delta,92602
-0.08545665622360127,-0.009964655530091182,-0.11881024487309089,level_res,,,,,,,4992,67,level_res_minus_old_res,test_b,,old_res,,paired_member_delta,92602
-0.09859919749878293,-0.010952775964659517,-0.10638396323250292,level_res,,,,,,,5016,68,level_res_minus_old_res,test_b,,old_res,,paired_member_delta,92602
-0.10037426060743576,-0.010922456116817317,-0.11741373983749673,level_res,,,,,,,5040,69,level_res_minus_old_res,test_b,,old_res,,paired_member_delta,92602
-0.07115217402015866,-0.011767709983841461,-0.1073155239929246,level_res,,,,,,,5064,70,level_res_minus_old_res,test_b,,old_res,,paired_member_delta,92602
-0.09895910104444505,-0.013097739536497816,-0.092484899736889,level_res,,,,,,,5088,71,level_res_minus_old_res,test_b,,old_res,,paired_member_delta,92602
-0.08617268788486188,-0.013815853158103325,-0.09139451696890827,level_res,,,,,,,5112,72,level_res_minus_old_res,test_b,,old_res,,paired_member_delta,92602
-0.14908124193122302,-0.012135574171278515,-0.12456937478211619,level_res,,,,,,,5136,73,level_res_minus_old_res,test_b,,old_res,,paired_member_delta,92602
-0.1097225690244551,-0.01238182475265371,-0.08025066478014331,level_res,,,,,,,5160,74,level_res_minus_old_res,test_b,,old_res,,paired_member_delta,92602
-0.10108467711902716,-0.01346102668264625,-0.06264630589066689,level_res,,,,,,,5184,75,level_res_minus_old_res,test_b,,old_res,,paired_member_delta,92602
-0.08177092218515916,-0.012886660703110925,-0.10015090090479739,level_res,,,,,,,5208,76,level_res_minus_old_res,test_b,,old_res,,paired_member_delta,92602
-0.10132186632037304,-0.014812685900787806,-0.13528951078656218,level_res,,,,,,,5232,77,level_res_minus_old_res,test_b,,old_res,,paired_member_delta,92602
-0.10797658672227581,-0.015333390187508627,-0.08785062406302985,level_res,,,,,,,5256,78,level_res_minus_old_res,test_b,,old_res,,paired_member_delta,92602
-0.058004946017628733,-0.016398585875126007,-0.037425068629403285,level_res,,,,,,,5280,79,level_res_minus_old_res,test_b,,old_res,,paired_member_delta,92602
-0.0738844952802716,-0.0014908827371055214,0.11623676660939447,level_res,,,,,,0.0,3360,0,level_res_minus_old_res,test_a,0.11623676660939447,old_res,,pair_mean_seed_loss_delta,mean_of_paired_member_losses
-0.0479505506638602,-0.001919615147498381,0.03952490475751458,level_res,,,,,,0.0,3384,1,level_res_minus_old_res,test_a,0.03952490475751458,old_res,,pair_mean_seed_loss_delta,mean_of_paired_member_losses
-0.03590710161199026,-0.0007095637174286615,-0.028955819801187874,level_res,,,,,,-0.028955819801187874,3408,2,level_res_minus_old_res,test_a,0.0,old_res,,pair_mean_seed_loss_delta,mean_of_paired_member_losses
-0.04571051702127901,-0.0013181337260403797,-0.04736276266300411,level_res,,,,,,-0.04736276266300411,3432,3,level_res_minus_old_res,test_a,0.0,old_res,,pair_mean_seed_loss_delta,mean_of_paired_member_losses
-0.05813761819017066,-0.0008959418594125003,-0.05021747664984398,level_res,,,,,,-0.05021747664984398,3456,4,level_res_minus_old_res,test_a,0.0,old_res,,pair_mean_seed_loss_delta,mean_of_paired_member_losses
-0.07380463160955639,-0.0012478456448982746,-0.0764714087960912,level_res,,,,,,-0.0764714087960912,3480,5,level_res_minus_old_res,test_a,0.0,old_res,,pair_mean_seed_loss_delta,mean_of_paired_member_losses
-0.07602325947407412,-0.000766364729725846,-0.0834760828712297,level_res,,,,,,-0.0834760828712297,3504,6,level_res_minus_old_res,test_a,0.0,old_res,,pair_mean_seed_loss_delta,mean_of_paired_member_losses
-0.11080701812170447,-0.0013615371380914319,-0.10524355248305955,level_res,,,,,,-0.10524355248305955,3528,7,level_res_minus_old_res,test_a,0.0,old_res,,pair_mean_seed_loss_delta,mean_of_paired_member_losses
-0.09895335580850038,-0.0018996525705362874,-0.09626951100205977,level_res,,,,,,-0.09626951100205977,3552,8,level_res_minus_old_res,test_a,0.0,old_res,,pair_mean_seed_loss_delta,mean_of_paired_member_losses
-0.05021092018133083,-0.0024713808630693335,-0.06392173668926654,level_res,,,,,,-0.06392173668926654,3576,9,level_res_minus_old_res,test_a,0.0,old_res,,pair_mean_seed_loss_delta,mean_of_paired_member_losses
-0.04990776868162711,-0.002890361918081674,-0.031120117215007015,level_res,,,,,,-0.031120117215007015,3600,10,level_res_minus_old_res,test_a,0.0,old_res,,pair_mean_seed_loss_delta,mean_of_paired_member_losses
-0.037447390233865036,-0.003046648564301091,-0.05807460506715409,level_res,,,,,,-0.05807460506715409,3624,11,level_res_minus_old_res,test_a,0.0,old_res,,pair_mean_seed_loss_delta,mean_of_paired_member_losses
-0.08565302313403589,-0.002785514802192612,-0.09358752217809255,level_res,,,,,,-0.09358752217809255,3648,12,level_res_minus_old_res,test_a,0.0,old_res,,pair_mean_seed_loss_delta,mean_of_paired_member_losses
-0.08208677986084356,-0.004604231521678978,-0.08349047586383859,level_res,,,,,,-0.08349047586383859,3672,13,level_res_minus_old_res,test_a,0.0,old_res,,pair_mean_seed_loss_delta,mean_of_paired_member_losses
-0.11567758343909529,-0.004723216545101546,-0.14600718187957773,level_res,,,,,,-0.14600718187957773,3696,14,level_res_minus_old_res,test_a,0.0,old_res,,pair_mean_seed_loss_delta,mean_of_paired_member_losses
-0.13921354008455047,-0.003961587744746725,-0.21830634676517008,level_res,,,,,,-0.21830634676517008,3720,15,level_res_minus_old_res,test_a,0.0,old_res,,pair_mean_seed_loss_delta,mean_of_paired_member_losses
-0.1330611777603717,-0.004473245763174247,-0.33197398687246027,level_res,,,,,,-0.33197398687246027,3744,16,level_res_minus_old_res,test_a,0.0,old_res,,pair_mean_seed_loss_delta,mean_of_paired_member_losses
-0.13596068106662462,-0.004590435189824986,-0.4506026159097859,level_res,,,,,,-0.4506026159097859,3768,17,level_res_minus_old_res,test_a,0.0,old_res,,pair_mean_seed_loss_delta,mean_of_paired_member_losses
-0.16689074554882363,-0.0038933874422903414,-0.48770126369826006,level_res,,,,,,-0.48770126369826006,3792,18,level_res_minus_old_res,test_a,0.0,old_res,,pair_mean_seed_loss_delta,mean_of_paired_member_losses
-0.1832865161083521,-0.0042114428377353075,-0.46979239749106494,level_res,,,,,,-0.46979239749106494,3816,19,level_res_minus_old_res,test_a,0.0,old_res,,pair_mean_seed_loss_delta,mean_of_paired_member_losses
-0.1693274830576425,-0.004960485021857653,-0.43203174333791017,level_res,,,,,,-0.43203174333791017,3840,20,level_res_minus_old_res,test_a,0.0,old_res,,pair_mean_seed_loss_delta,mean_of_paired_member_losses
-0.20566012665578598,-0.0035421468532078094,-0.4309812729098221,level_res,,,,,,-0.4309812729098221,3864,21,level_res_minus_old_res,test_a,0.0,old_res,,pair_mean_seed_loss_delta,mean_of_paired_member_losses
-0.20614257526090918,-0.0033495005445016157,-0.39810314900644833,level_res,,,,,,-0.39810314900644833,3888,22,level_res_minus_old_res,test_a,0.0,old_res,,pair_mean_seed_loss_delta,mean_of_paired_member_losses
-0.22796060430404147,-0.002875376399149935,-0.44539681151991467,level_res,,,,,,-0.44539681151991467,3912,23,level_res_minus_old_res,test_a,0.0,old_res,,pair_mean_seed_loss_delta,mean_of_paired_member_losses
-0.16976841985859778,-0.004086013095836867,-0.4185020032192746,level_res,,,,,,-0.4185020032192746,3936,24,level_res_minus_old_res,test_a,0.0,old_res,,pair_mean_seed_loss_delta,mean_of_paired_member_losses
-0.1822838821315992,-0.004774795422860075,-0.396205987650167,level_res,,,,,,-0.396205987650167,3960,25,level_res_minus_old_res,test_a,0.0,old_res,,pair_mean_seed_loss_delta,mean_of_paired_member_losses
-0.1912860731050993,-0.0058459399505427076,-0.3616751386483594,level_res,,,,,,-0.3616751386483594,3984,26,level_res_minus_old_res,test_a,0.0,old_res,,pair_mean_seed_loss_delta,mean_of_paired_member_losses
-0.18072691204953098,-0.00551910960348323,-0.3646592239008108,level_res,,,,,,-0.3646592239008108,4008,27,level_res_minus_old_res,test_a,0.0,old_res,,pair_mean_seed_loss_delta,mean_of_paired_member_losses
-0.20611984900703342,-0.006749080305156644,-0.33774289658331436,level_res,,,,,,-0.33774289658331436,4032,28,level_res_minus_old_res,test_a,0.0,old_res,,pair_mean_seed_loss_delta,mean_of_paired_member_losses
-0.20507597172970649,-0.007470011167849108,-0.3343431974039901,level_res,,,,,,-0.3343431974039901,4056,29,level_res_minus_old_res,test_a,0.0,old_res,,pair_mean_seed_loss_delta,mean_of_paired_member_losses
-0.25309031766693235,-0.0067414216510038386,-0.43333371237846463,level_res,,,,,,-0.43333371237846463,4080,30,level_res_minus_old_res,test_a,0.0,old_res,,pair_mean_seed_loss_delta,mean_of_paired_member_losses
-0.2103795382609664,-0.007299272778361815,-0.4567250818933043,level_res,,,,,,-0.4567250818933043,4104,31,level_res_minus_old_res,test_a,0.0,old_res,,pair_mean_seed_loss_delta,mean_of_paired_member_losses
-0.2085196745516869,-0.007537756428492312,-0.4797733913110452,level_res,,,,,,-0.4797733913110452,4128,32,level_res_minus_old_res,test_a,0.0,old_res,,pair_mean_seed_loss_delta,mean_of_paired_member_losses
-0.26733611409515873,-0.007176332413127609,-0.5382639808369025,level_res,,,,,,-0.5382639808369025,4152,33,level_res_minus_old_res,test_a,0.0,old_res,,pair_mean_seed_loss_delta,mean_of_paired_member_losses
-0.23291737802569779,-0.007816833893337066,-0.5285508293079224,level_res,,,,,,-0.5285508293079224,4176,34,level_res_minus_old_res,test_a,0.0,old_res,,pair_mean_seed_loss_delta,mean_of_paired_member_losses
-0.24707198407443634,-0.007231329952928189,-0.4923452665645334,level_res,,,,,,-0.4923452665645334,4200,35,level_res_minus_old_res,test_a,0.0,old_res,,pair_mean_seed_loss_delta,mean_of_paired_member_losses
-0.26515792650581493,-0.00565974543090253,-0.4575667839777659,level_res,,,,,,-0.4575667839777659,4224,36,level_res_minus_old_res,test_a,0.0,old_res,,pair_mean_seed_loss_delta,mean_of_paired_member_losses
-0.2534193521064213,-0.006541488742382799,-0.454676390134895,level_res,,,,,,-0.454676390134895,4248,37,level_res_minus_old_res,test_a,0.0,old_res,,pair_mean_seed_loss_delta,mean_of_paired_member_losses
-0.2039559372066173,-0.006828634584249517,-0.49141415146971634,level_res,,,,,,-0.49141415146971634,4272,38,level_res_minus_old_res,test_a,0.0,old_res,,pair_mean_seed_loss_delta,mean_of_paired_member_losses
-0.25170002286961557,-0.004714220125392517,-0.556885940791999,level_res,,,,,,-0.556885940791999,4296,39,level_res_minus_old_res,test_a,0.0,old_res,,pair_mean_seed_loss_delta,mean_of_paired_member_losses
-0.28276548310189836,-0.0060154847171860655,-0.6108485653211508,level_res,,,,,,-0.6108485653211508,4344,40,level_res_minus_old_res,test_b,0.0,old_res,,pair_mean_seed_loss_delta,mean_of_paired_member_losses
-0.24327110581775652,-0.006120656941122578,-0.4635726254487612,level_res,,,,,,-0.4635726254487612,4368,41,level_res_minus_old_res,test_b,0.0,old_res,,pair_mean_seed_loss_delta,mean_of_paired_member_losses
-0.2632529148341193,-0.005593902014844192,-0.461763553768998,level_res,,,,,,-0.461763553768998,4392,42,level_res_minus_old_res,test_b,0.0,old_res,,pair_mean_seed_loss_delta,mean_of_paired_member_losses
-0.31366986395419105,-0.00621629408594933,-0.5958778227359185,level_res,,,,,,-0.5958778227359185,4416,43,level_res_minus_old_res,test_b,0.0,old_res,,pair_mean_seed_loss_delta,mean_of_paired_member_losses
-0.29508502790750024,-0.006957029560854769,-0.6601815000985227,level_res,,,,,,-0.6601815000985227,4440,44,level_res_minus_old_res,test_b,0.0,old_res,,pair_mean_seed_loss_delta,mean_of_paired_member_losses
-0.23843345375658542,-0.007727477204182424,-0.5250065566857687,level_res,,,,,,-0.5250065566857687,4464,45,level_res_minus_old_res,test_b,0.0,old_res,,pair_mean_seed_loss_delta,mean_of_paired_member_losses
-0.23687151381312233,-0.009260479902949037,-0.4731615727996158,level_res,,,,,,-0.4731615727996158,4488,46,level_res_minus_old_res,test_b,0.0,old_res,,pair_mean_seed_loss_delta,mean_of_paired_member_losses
-0.29046046118167523,-0.007110532659662923,-0.5295043798740695,level_res,,,,,,-0.5295043798740695,4512,47,level_res_minus_old_res,test_b,0.0,old_res,,pair_mean_seed_loss_delta,mean_of_paired_member_losses
-0.2515134164645775,-0.007719870815373155,-0.414604645918355,level_res,,,,,,-0.414604645918355,4536,48,level_res_minus_old_res,test_b,0.0,old_res,,pair_mean_seed_loss_delta,mean_of_paired_member_losses
-0.27859718121323446,-0.0070350638650102035,-0.35865022860563,level_res,,,,,,-0.35865022860563,4560,49,level_res_minus_old_res,test_b,0.0,old_res,,pair_mean_seed_loss_delta,mean_of_paired_member_losses
-0.2390446428211826,-0.006106423400114198,-0.46728756145411277,level_res,,,,,,-0.46728756145411277,4584,50,level_res_minus_old_res,test_b,0.0,old_res,,pair_mean_seed_loss_delta,mean_of_paired_member_losses
-0.17989595242098028,-0.007041492094240131,-0.5167285441387348,level_res,,,,,,-0.5167285441387348,4608,51,level_res_minus_old_res,test_b,0.0,old_res,,pair_mean_seed_loss_delta,mean_of_paired_member_losses
-0.2257484481662829,-0.006815129614836886,-0.5020930171143849,level_res,,,,,,-0.5020930171143849,4632,52,level_res_minus_old_res,test_b,0.0,old_res,,pair_mean_seed_loss_delta,mean_of_paired_member_losses
-0.2067750028868699,-0.006489186431281269,-0.42177605550618624,level_res,,,,,,-0.42177605550618624,4656,53,level_res_minus_old_res,test_b,0.0,old_res,,pair_mean_seed_loss_delta,mean_of_paired_member_losses
-0.23247026054128123,-0.0061127841195854,-0.4593616412735183,level_res,,,,,,-0.4593616412735183,4680,54,level_res_minus_old_res,test_b,0.0,old_res,,pair_mean_seed_loss_delta,mean_of_paired_member_losses
-0.2817164710888356,-0.005704478461149276,-0.48088314315800385,level_res,,,,,,-0.48088314315800385,4704,55,level_res_minus_old_res,test_b,0.0,old_res,,pair_mean_seed_loss_delta,mean_of_paired_member_losses
-0.24212710274371727,-0.006607857455189034,-0.4201986271615358,level_res,,,,,,-0.4201986271615358,4728,56,level_res_minus_old_res,test_b,0.0,old_res,,pair_mean_seed_loss_delta,mean_of_paired_member_losses
-0.19362733649148708,-0.006497688233103677,-0.10632961475977576,level_res,,,,,,-0.10632961475977576,4752,57,level_res_minus_old_res,test_b,0.0,old_res,,pair_mean_seed_loss_delta,mean_of_paired_member_losses
-0.003970574788703551,-0.008027947031281513,0.568002760001401,level_res,,,,,,0.0,4776,58,level_res_minus_old_res,test_b,0.568002760001401,old_res,,pair_mean_seed_loss_delta,mean_of_paired_member_losses
0.014415010045414012,-0.008132492048105955,0.35086414042551894,level_res,,,,,,0.0,4800,59,level_res_minus_old_res,test_b,0.35086414042551894,old_res,,pair_mean_seed_loss_delta,mean_of_paired_member_losses
-0.04206770852746847,-0.008768323234250476,0.03614968709297561,level_res,,,,,,0.0,4824,60,level_res_minus_old_res,test_b,0.03614968709297561,old_res,,pair_mean_seed_loss_delta,mean_of_paired_member_losses
-0.07968861033156166,-0.01232545408214826,-0.045861643450099604,level_res,,,,,,-0.045861643450099604,4848,61,level_res_minus_old_res,test_b,0.0,old_res,,pair_mean_seed_loss_delta,mean_of_paired_member_losses
-0.08073041364995709,-0.01316428608398007,-0.035565049515861175,level_res,,,,,,-0.035565049515861175,4872,62,level_res_minus_old_res,test_b,0.0,old_res,,pair_mean_seed_loss_delta,mean_of_paired_member_losses
-0.032340116140189556,-0.013284525881959677,0.023803361498079753,level_res,,,,,,0.0,4896,63,level_res_minus_old_res,test_b,0.023803361498079753,old_res,,pair_mean_seed_loss_delta,mean_of_paired_member_losses
-0.07227898412826358,-0.011077606078127727,-0.05026434230919448,level_res,,,,,,-0.05026434230919448,4920,64,level_res_minus_old_res,test_b,0.0,old_res,,pair_mean_seed_loss_delta,mean_of_paired_member_losses
-0.10873477363316389,-0.011595322578453776,-0.17255527162994577,level_res,,,,,,-0.17255527162994577,4944,65,level_res_minus_old_res,test_b,0.0,old_res,,pair_mean_seed_loss_delta,mean_of_paired_member_losses
-0.11627275438228274,-0.012775641051121056,-0.1781166055552752,level_res,,,,,,-0.1781166055552752,4968,66,level_res_minus_old_res,test_b,0.0,old_res,,pair_mean_seed_loss_delta,mean_of_paired_member_losses
-0.10524675338506223,-0.011285228795125432,-0.15011429217836206,level_res,,,,,,-0.15011429217836206,4992,67,level_res_minus_old_res,test_b,0.0,old_res,,pair_mean_seed_loss_delta,mean_of_paired_member_losses
-0.1201192411821217,-0.01179009472481067,-0.12697467568430984,level_res,,,,,,-0.12697467568430984,5016,68,level_res_minus_old_res,test_b,0.0,old_res,,pair_mean_seed_loss_delta,mean_of_paired_member_losses
-0.13089908383085902,-0.01219740624347812,-0.1465539921605639,level_res,,,,,,-0.1465539921605639,5040,69,level_res_minus_old_res,test_b,0.0,old_res,,pair_mean_seed_loss_delta,mean_of_paired_member_losses
-0.09602979085021238,-0.013051505586333279,-0.13302339580955994,level_res,,,,,,-0.13302339580955994,5064,70,level_res_minus_old_res,test_b,0.0,old_res,,pair_mean_seed_loss_delta,mean_of_paired_member_losses
-0.13341546996169057,-0.013657576799410962,-0.11978928340734972,level_res,,,,,,-0.11978928340734972,5088,71,level_res_minus_old_res,test_b,0.0,old_res,,pair_mean_seed_loss_delta,mean_of_paired_member_losses
-0.10737150231494419,-0.014508952563582894,-0.11629464878277695,level_res,,,,,,-0.11629464878277695,5112,72,level_res_minus_old_res,test_b,0.0,old_res,,pair_mean_seed_loss_delta,mean_of_paired_member_losses
-0.17694561991996965,-0.01280660439007596,-0.149348246340419,level_res,,,,,,-0.149348246340419,5136,73,level_res_minus_old_res,test_b,0.0,old_res,,pair_mean_seed_loss_delta,mean_of_paired_member_losses
-0.13767049424681246,-0.013842846144232715,-0.09940207974500845,level_res,,,,,,-0.09940207974500845,5160,74,level_res_minus_old_res,test_b,0.0,old_res,,pair_mean_seed_loss_delta,mean_of_paired_member_losses
-0.12875770353917582,-0.01516327680677504,-0.07843405649098464,level_res,,,,,,-0.07843405649098464,5184,75,level_res_minus_old_res,test_b,0.0,old_res,,pair_mean_seed_loss_delta,mean_of_paired_member_losses
-0.10314744885545223,-0.014565905147487773,-0.11674516634942446,level_res,,,,,,-0.11674516634942446,5208,76,level_res_minus_old_res,test_b,0.0,old_res,,pair_mean_seed_loss_delta,mean_of_paired_member_losses
-0.11629192076803768,-0.0163850571353025,-0.14845992724994433,level_res,,,,,,-0.14845992724994433,5232,77,level_res_minus_old_res,test_b,0.0,old_res,,pair_mean_seed_loss_delta,mean_of_paired_member_losses
-0.1310087903322853,-0.016733278733833384,-0.10738553692843605,level_res,,,,,,-0.10738553692843605,5256,78,level_res_minus_old_res,test_b,0.0,old_res,,pair_mean_seed_loss_delta,mean_of_paired_member_losses
-0.06951254407656107,-0.018274312229443562,-0.045225617748221134,level_res,,,,,,-0.045225617748221134,5280,79,level_res_minus_old_res,test_b,0.0,old_res,,pair_mean_seed_loss_delta,mean_of_paired_member_losses
-0.03245197817016687,0.01669940412930196,0.023442672881067217,level_res,,,,,,,3360,0,level_res_minus_level_raw,test_a,,level_raw,,paired_member_delta,92601
0.05352073028345833,-0.035103515066736035,0.15668515027071206,level_res,,,,,,,3384,1,level_res_minus_level_raw,test_a,,level_raw,,paired_member_delta,92601
-0.04127784304471466,-0.03773876672779555,-0.03677078498641026,level_res,,,,,,,3408,2,level_res_minus_level_raw,test_a,,level_raw,,paired_member_delta,92601
-0.04036822800031481,-0.0970455266115274,-0.03672794895222839,level_res,,,,,,,3432,3,level_res_minus_level_raw,test_a,,level_raw,,paired_member_delta,92601
-0.06566705099790926,-0.05465177204414253,-0.058145043942804425,level_res,,,,,,,3456,4,level_res_minus_level_raw,test_a,,level_raw,,paired_member_delta,92601
-0.05125182381986332,-0.014804741324327297,-0.04362699501454023,level_res,,,,,,,3480,5,level_res_minus_level_raw,test_a,,level_raw,,paired_member_delta,92601
-0.058353063497491475,-0.03204205522870682,-0.05378660301903518,level_res,,,,,,,3504,6,level_res_minus_level_raw,test_a,,level_raw,,paired_member_delta,92601
-0.07796489345320665,-0.04015696385199678,-0.08662596678841769,level_res,,,,,,,3528,7,level_res_minus_level_raw,test_a,,level_raw,,paired_member_delta,92601
-0.10433292000408415,-0.05694880446546948,-0.10768858144385944,level_res,,,,,,,3552,8,level_res_minus_level_raw,test_a,,level_raw,,paired_member_delta,92601
-0.04090691104818911,-0.0472881158359586,-0.0729806515919521,level_res,,,,,,,3576,9,level_res_minus_level_raw,test_a,,level_raw,,paired_member_delta,92601
-0.06969712289191743,-0.07797097500788008,-0.13806148942260543,level_res,,,,,,,3600,10,level_res_minus_level_raw,test_a,,level_raw,,paired_member_delta,92601
-0.027691090622158965,-0.08056253229505292,-0.04544056479195785,level_res,,,,,,,3624,11,level_res_minus_level_raw,test_a,,level_raw,,paired_member_delta,92601
-0.11419595809831445,0.0018716714500139169,-0.16144417437546293,level_res,,,,,,,3648,12,level_res_minus_level_raw,test_a,,level_raw,,paired_member_delta,92601
-0.09913683571457849,-0.031161768619865915,-0.10694441021663448,level_res,,,,,,,3672,13,level_res_minus_level_raw,test_a,,level_raw,,paired_member_delta,92601
-0.06348166146598683,-0.06074735237623327,-0.08378924919673755,level_res,,,,,,,3696,14,level_res_minus_level_raw,test_a,,level_raw,,paired_member_delta,92601
-0.06523985215394262,-0.06257741178463525,-0.10270651241081208,level_res,,,,,,,3720,15,level_res_minus_level_raw,test_a,,level_raw,,paired_member_delta,92601
-0.021750881660766164,-0.04631381061421158,-0.028564775141538656,level_res,,,,,,,3744,16,level_res_minus_level_raw,test_a,,level_raw,,paired_member_delta,92601
0.004037355508783147,-0.12996805093579872,0.29724955805745,level_res,,,,,,,3768,17,level_res_minus_level_raw,test_a,,level_raw,,paired_member_delta,92601
-0.005832531731393087,-0.1095704940266396,0.019810308092225393,level_res,,,,,,,3792,18,level_res_minus_level_raw,test_a,,level_raw,,paired_member_delta,92601
-0.04608079464777998,-0.04374567527359913,-0.07527856619134565,level_res,,,,,,,3816,19,level_res_minus_level_raw,test_a,,level_raw,,paired_member_delta,92601
-0.07175403057001806,0.006812489975024672,-0.10130837635391154,level_res,,,,,,,3840,20,level_res_minus_level_raw,test_a,,level_raw,,paired_member_delta,92601
-0.05881623767402511,-0.029021977611324367,-0.09398646106500275,level_res,,,,,,,3864,21,level_res_minus_level_raw,test_a,,level_raw,,paired_member_delta,92601
-0.03886927674095347,-0.04238270068148552,-0.07965083826964933,level_res,,,,,,,3888,22,level_res_minus_level_raw,test_a,,level_raw,,paired_member_delta,92601
-0.05282234821089671,-0.050746696607401484,-0.07351773018933586,level_res,,,,,,,3912,23,level_res_minus_level_raw,test_a,,level_raw,,paired_member_delta,92601
-0.03929990484817503,-0.07776919993407586,-0.08747308481760052,level_res,,,,,,,3936,24,level_res_minus_level_raw,test_a,,level_raw,,paired_member_delta,92601
-0.08345724828541279,-0.04118943227199362,-0.148341385398906,level_res,,,,,,,3960,25,level_res_minus_level_raw,test_a,,level_raw,,paired_member_delta,92601
-0.12401454661762812,-0.0403866310713484,-0.18632834036182142,level_res,,,,,,,3984,26,level_res_minus_level_raw,test_a,,level_raw,,paired_member_delta,92601
-0.14492194726378382,-0.012107398949892198,-0.2421677202685188,level_res,,,,,,,4008,27,level_res_minus_level_raw,test_a,,level_raw,,paired_member_delta,92601
-0.07761254669258405,-0.016025504891705858,-0.11153038159920892,level_res,,,,,,,4032,28,level_res_minus_level_raw,test_a,,level_raw,,paired_member_delta,92601
0.010494369011390559,-0.06641210455620918,0.002396044902911537,level_res,,,,,,,4056,29,level_res_minus_level_raw,test_a,,level_raw,,paired_member_delta,92601
-0.06335825494070557,-0.022451870179935995,-0.10144489537767978,level_res,,,,,,,4080,30,level_res_minus_level_raw,test_a,,level_raw,,paired_member_delta,92601
-0.0850499648727504,-0.05103839031995877,-0.18406986865045216,level_res,,,,,,,4104,31,level_res_minus_level_raw,test_a,,level_raw,,paired_member_delta,92601
-0.09975197302250594,-0.019445615414274385,-0.18385591209754917,level_res,,,,,,,4128,32,level_res_minus_level_raw,test_a,,level_raw,,paired_member_delta,92601
-0.1326705099804802,-0.031066930798046725,-0.20659622789246815,level_res,,,,,,,4152,33,level_res_minus_level_raw,test_a,,level_raw,,paired_member_delta,92601
-0.13110193810494175,0.0029939892245273957,-0.17535654619452487,level_res,,,,,,,4176,34,level_res_minus_level_raw,test_a,,level_raw,,paired_member_delta,92601
-0.055396739651269844,-0.005159782948812419,-0.07669644437897669,level_res,,,,,,,4200,35,level_res_minus_level_raw,test_a,,level_raw,,paired_member_delta,92601
-0.036526495554283556,-0.05816132082676917,-0.06582437911468333,level_res,,,,,,,4224,36,level_res_minus_level_raw,test_a,,level_raw,,paired_member_delta,92601
-0.07269954446739718,-0.0903314896745096,-0.09596706884394063,level_res,,,,,,,4248,37,level_res_minus_level_raw,test_a,,level_raw,,paired_member_delta,92601
-0.08847145803555773,-0.09844555164340371,-0.1370260838361927,level_res,,,,,,,4272,38,level_res_minus_level_raw,test_a,,level_raw,,paired_member_delta,92601
-0.15716320978861087,-0.0486513554465537,-0.21124356173320982,level_res,,,,,,,4296,39,level_res_minus_level_raw,test_a,,level_raw,,paired_member_delta,92601
-0.11116503553885015,-0.057081676786765456,-0.19286587001568675,level_res,,,,,,,4344,40,level_res_minus_level_raw,test_b,,level_raw,,paired_member_delta,92601
-0.08193241104520127,-0.008929245735463852,-0.10731393107929423,level_res,,,,,,,4368,41,level_res_minus_level_raw,test_b,,level_raw,,paired_member_delta,92601
-0.030473912802442715,-0.05060081232188489,-0.040101855129686975,level_res,,,,,,,4392,42,level_res_minus_level_raw,test_b,,level_raw,,paired_member_delta,92601
-0.0973094225194597,-0.05718788170420072,-0.15225729651914408,level_res,,,,,,,4416,43,level_res_minus_level_raw,test_b,,level_raw,,paired_member_delta,92601
-0.11172562843421474,-0.08185736617237768,-0.1856532105056811,level_res,,,,,,,4440,44,level_res_minus_level_raw,test_b,,level_raw,,paired_member_delta,92601
-0.1357715315865718,-0.04918276711010977,-0.19301176914890147,level_res,,,,,,,4464,45,level_res_minus_level_raw,test_b,,level_raw,,paired_member_delta,92601
-0.12687987918330945,-0.013480866615496138,-0.1415783189044338,level_res,,,,,,,4488,46,level_res_minus_level_raw,test_b,,level_raw,,paired_member_delta,92601
-0.15634194889000858,-0.015455149090164069,-0.1761263822082368,level_res,,,,,,,4512,47,level_res_minus_level_raw,test_b,,level_raw,,paired_member_delta,92601
-0.073972347299751,-0.03520401115711851,-0.10160339694475742,level_res,,,,,,,4536,48,level_res_minus_level_raw,test_b,,level_raw,,paired_member_delta,92601
-0.019668373005355122,-0.05841548750907475,-0.052814518487683926,level_res,,,,,,,4560,49,level_res_minus_level_raw,test_b,,level_raw,,paired_member_delta,92601
-0.07310530360600931,-0.10250668339066062,-0.13071655217441405,level_res,,,,,,,4584,50,level_res_minus_level_raw,test_b,,level_raw,,paired_member_delta,92601
-0.12106941277891686,-0.11772928896871414,-0.20625418088177355,level_res,,,,,,,4608,51,level_res_minus_level_raw,test_b,,level_raw,,paired_member_delta,92601
-0.1509076861902049,-0.06153524508608468,-0.2000907911201309,level_res,,,,,,,4632,52,level_res_minus_level_raw,test_b,,level_raw,,paired_member_delta,92601
-0.1308370694438482,-0.045975551579841484,-0.14242919157051115,level_res,,,,,,,4656,53,level_res_minus_level_raw,test_b,,level_raw,,paired_member_delta,92601
-0.12572521669048287,-0.07132989192933903,-0.14998170772456482,level_res,,,,,,,4680,54,level_res_minus_level_raw,test_b,,level_raw,,paired_member_delta,92601
-0.05072556290713906,-0.044120402680253426,-0.08248550785141064,level_res,,,,,,,4704,55,level_res_minus_level_raw,test_b,,level_raw,,paired_member_delta,92601
0.028703071560491566,-0.052804462127752756,0.018718512288888434,level_res,,,,,,,4728,56,level_res_minus_level_raw,test_b,,level_raw,,paired_member_delta,92601
-0.030354458646815685,-0.04497260707156625,-0.00019663759072485743,level_res,,,,,,,4752,57,level_res_minus_level_raw,test_b,,level_raw,,paired_member_delta,92601
-0.039203264872812116,-0.07281076110030982,0.09717402857973956,level_res,,,,,,,4776,58,level_res_minus_level_raw,test_b,,level_raw,,paired_member_delta,92601
-0.033461714935905995,0.04312503026124159,0.2485187815842801,level_res,,,,,,,4800,59,level_res_minus_level_raw,test_b,,level_raw,,paired_member_delta,92601
-0.025723820237794404,0.016705028935878847,0.04081805723956705,level_res,,,,,,,4824,60,level_res_minus_level_raw,test_b,,level_raw,,paired_member_delta,92601
-0.03891708910882968,0.025438337573124206,-0.04398151920073767,level_res,,,,,,,4848,61,level_res_minus_level_raw,test_b,,level_raw,,paired_member_delta,92601
-0.051052337678436976,0.0012161989659801586,-0.012514711004436935,level_res,,,,,,,4872,62,level_res_minus_level_raw,test_b,,level_raw,,paired_member_delta,92601
-0.008312502672339961,-0.046327372750395224,0.0297630267626387,level_res,,,,,,,4896,63,level_res_minus_level_raw,test_b,,level_raw,,paired_member_delta,92601
-0.02108063952576178,-0.045899370892941216,-0.005196253399413486,level_res,,,,,,,4920,64,level_res_minus_level_raw,test_b,,level_raw,,paired_member_delta,92601
-0.052837793169744074,-0.09487695692280562,-0.07606018733525655,level_res,,,,,,,4944,65,level_res_minus_level_raw,test_b,,level_raw,,paired_member_delta,92601
-0.01493415183287261,-0.11611167049291088,-0.05809642096266743,level_res,,,,,,,4968,66,level_res_minus_level_raw,test_b,,level_raw,,paired_member_delta,92601
0.004356099023282822,0.029340326735822875,0.06291255428802012,level_res,,,,,,,4992,67,level_res_minus_level_raw,test_b,,level_raw,,paired_member_delta,92601
0.013645118881244062,0.06933140170682842,-0.00509100398192687,level_res,,,,,,,5016,68,level_res_minus_level_raw,test_b,,level_raw,,paired_member_delta,92601
-0.04425021206250174,0.06165942866081262,-0.015021990743875585,level_res,,,,,,,5040,69,level_res_minus_level_raw,test_b,,level_raw,,paired_member_delta,92601
-0.05771571012012949,0.043067822009142415,-0.05367313400325052,level_res,,,,,,,5064,70,level_res_minus_level_raw,test_b,,level_raw,,paired_member_delta,92601
-0.026896280849434656,0.04546776554528988,-0.027362360010850018,level_res,,,,,,,5088,71,level_res_minus_level_raw,test_b,,level_raw,,paired_member_delta,92601
0.012621750603156068,0.006368800075542108,0.010149768677391202,level_res,,,,,,,5112,72,level_res_minus_level_raw,test_b,,level_raw,,paired_member_delta,92601
-0.07560375111643228,0.019344547615094368,-0.0728172644087333,level_res,,,,,,,5136,73,level_res_minus_level_raw,test_b,,level_raw,,paired_member_delta,92601
-0.06349441018777296,0.057344466790228206,-0.05038532585926468,level_res,,,,,,,5160,74,level_res_minus_level_raw,test_b,,level_raw,,paired_member_delta,92601
-0.05326713392437965,0.044940369815437815,-0.04525998283261133,level_res,,,,,,,5184,75,level_res_minus_level_raw,test_b,,level_raw,,paired_member_delta,92601
-0.04268684653181798,0.031082143062068256,-0.06703681640273768,level_res,,,,,,,5208,76,level_res_minus_level_raw,test_b,,level_raw,,paired_member_delta,92601
-0.003054753405854649,-0.03747417909257553,-0.012511604400949644,level_res,,,,,,,5232,77,level_res_minus_level_raw,test_b,,level_raw,,paired_member_delta,92601
-0.014893194573803559,-0.04418674277086907,-0.02348166327821076,level_res,,,,,,,5256,78,level_res_minus_level_raw,test_b,,level_raw,,paired_member_delta,92601
-0.006117929485352613,-0.06852695606101086,0.014085460341903444,level_res,,,,,,,5280,79,level_res_minus_level_raw,test_b,,level_raw,,paired_member_delta,92601
-0.0312898213872127,-0.016286258793472508,0.010123287612778087,level_res,,,,,,,3360,0,level_res_minus_level_raw,test_a,,level_raw,,paired_member_delta,92602
0.038627874519328975,-0.05048207580522798,0.1439513476782885,level_res,,,,,,,3384,1,level_res_minus_level_raw,test_a,,level_raw,,paired_member_delta,92602
-0.03741033934056759,-0.029191425887356487,-0.03233607256333998,level_res,,,,,,,3408,2,level_res_minus_level_raw,test_a,,level_raw,,paired_member_delta,92602
-0.02690295814353899,-0.0582651645812553,-0.023921230748053246,level_res,,,,,,,3432,3,level_res_minus_level_raw,test_a,,level_raw,,paired_member_delta,92602
-0.0676581603931446,-0.01734870921035169,-0.058915530174585035,level_res,,,,,,,3456,4,level_res_minus_level_raw,test_a,,level_raw,,paired_member_delta,92602
-0.05076235353001668,-0.002319933787243912,-0.04527608823171511,level_res,,,,,,,3480,5,level_res_minus_level_raw,test_a,,level_raw,,paired_member_delta,92602
-0.06369577697249973,-0.04821404818144134,-0.06746576282448902,level_res,,,,,,,3504,6,level_res_minus_level_raw,test_a,,level_raw,,paired_member_delta,92602
-0.08374721351691394,-0.07007033280644785,-0.09293571919852724,level_res,,,,,,,3528,7,level_res_minus_level_raw,test_a,,level_raw,,paired_member_delta,92602
-0.10921059615051776,-0.07825159981810287,-0.11378254644623892,level_res,,,,,,,3552,8,level_res_minus_level_raw,test_a,,level_raw,,paired_member_delta,92602
-0.046642522035422296,-0.037384618893174404,-0.10334398608111528,level_res,,,,,,,3576,9,level_res_minus_level_raw,test_a,,level_raw,,paired_member_delta,92602
-0.039180882429183606,-0.03977528822096976,-0.07127937858001321,level_res,,,,,,,3600,10,level_res_minus_level_raw,test_a,,level_raw,,paired_member_delta,92602
-0.03714280244985635,-0.03701139235978618,-0.06669975798376976,level_res,,,,,,,3624,11,level_res_minus_level_raw,test_a,,level_raw,,paired_member_delta,92602
-0.1051782653393114,0.006754689666159525,-0.15109727851042679,level_res,,,,,,,3648,12,level_res_minus_level_raw,test_a,,level_raw,,paired_member_delta,92602
-0.10786986735412013,-0.04777337479012489,-0.11976746397467158,level_res,,,,,,,3672,13,level_res_minus_level_raw,test_a,,level_raw,,paired_member_delta,92602
-0.07882758436379861,-0.09148982307855405,-0.09982824260371406,level_res,,,,,,,3696,14,level_res_minus_level_raw,test_a,,level_raw,,paired_member_delta,92602
-0.07429218839045942,-0.09697107044870362,-0.11465716457268549,level_res,,,,,,,3720,15,level_res_minus_level_raw,test_a,,level_raw,,paired_member_delta,92602
-0.02692358237325998,-0.041849841359162754,-0.041981946565106565,level_res,,,,,,,3744,16,level_res_minus_level_raw,test_a,,level_raw,,paired_member_delta,92602
0.00657507821725789,-0.10770683525604945,0.3267968882970579,level_res,,,,,,,3768,17,level_res_minus_level_raw,test_a,,level_raw,,paired_member_delta,92602
-0.00208424900284071,-0.07776729409884223,0.03341821276089113,level_res,,,,,,,3792,18,level_res_minus_level_raw,test_a,,level_raw,,paired_member_delta,92602
-0.04954643577665968,-0.02903644744462025,-0.07383732238356405,level_res,,,,,,,3816,19,level_res_minus_level_raw,test_a,,level_raw,,paired_member_delta,92602
-0.06671443360563206,-0.023173052516272837,-0.09726672544050669,level_res,,,,,,,3840,20,level_res_minus_level_raw,test_a,,level_raw,,paired_member_delta,92602
-0.06036807903229585,-0.06002431618524533,-0.09315498583834081,level_res,,,,,,,3864,21,level_res_minus_level_raw,test_a,,level_raw,,paired_member_delta,92602
-0.05699206917665389,-0.08742165215559963,-0.10447386209062501,level_res,,,,,,,3888,22,level_res_minus_level_raw,test_a,,level_raw,,paired_member_delta,92602
-0.04723981111287595,-0.06991549215265823,-0.08251984075207314,level_res,,,,,,,3912,23,level_res_minus_level_raw,test_a,,level_raw,,paired_member_delta,92602
-0.056411051300956916,-0.0464953196591095,-0.11607654109613208,level_res,,,,,,,3936,24,level_res_minus_level_raw,test_a,,level_raw,,paired_member_delta,92602
-0.09036582080172562,0.0005438792628838715,-0.16679313501839305,level_res,,,,,,,3960,25,level_res_minus_level_raw,test_a,,level_raw,,paired_member_delta,92602
-0.1141297518613511,-0.025510858443072618,-0.18395642765452322,level_res,,,,,,,3984,26,level_res_minus_level_raw,test_a,,level_raw,,paired_member_delta,92602
-0.1499445756746675,-0.029524906196028877,-0.2510547638117855,level_res,,,,,,,4008,27,level_res_minus_level_raw,test_a,,level_raw,,paired_member_delta,92602
-0.07710216892654914,-0.054418521166286045,-0.1092680509609395,level_res,,,,,,,4032,28,level_res_minus_level_raw,test_a,,level_raw,,paired_member_delta,92602
-0.001284709855384536,-0.08408948273041889,-0.009813366656261438,level_res,,,,,,,4056,29,level_res_minus_level_raw,test_a,,level_raw,,paired_member_delta,92602
-0.07955583607704908,-0.02122928953601741,-0.11502256994946758,level_res,,,,,,,4080,30,level_res_minus_level_raw,test_a,,level_raw,,paired_member_delta,92602
-0.10044933773985809,-0.02230218583580983,-0.2080453480363918,level_res,,,,,,,4104,31,level_res_minus_level_raw,test_a,,level_raw,,paired_member_delta,92602
-0.1056893870939829,0.023554195397688694,-0.19004660407459806,level_res,,,,,,,4128,32,level_res_minus_level_raw,test_a,,level_raw,,paired_member_delta,92602
-0.14427708442249865,-0.01716780982108093,-0.20756953152523128,level_res,,,,,,,4152,33,level_res_minus_level_raw,test_a,,level_raw,,paired_member_delta,92602
-0.12337270959602281,-0.00850284202811856,-0.16573917498608395,level_res,,,,,,,4176,34,level_res_minus_level_raw,test_a,,level_raw,,paired_member_delta,92602
-0.061651861877180636,-0.03223207149102225,-0.08793071882747192,level_res,,,,,,,4200,35,level_res_minus_level_raw,test_a,,level_raw,,paired_member_delta,92602
-0.04438901841001325,-0.07749670257280564,-0.07871266484445247,level_res,,,,,,,4224,36,level_res_minus_level_raw,test_a,,level_raw,,paired_member_delta,92602
-0.07138770184817486,-0.0869809826196847,-0.09956149111753886,level_res,,,,,,,4248,37,level_res_minus_level_raw,test_a,,level_raw,,paired_member_delta,92602
-0.09429596605546336,-0.06916651546763365,-0.14592665601695748,level_res,,,,,,,4272,38,level_res_minus_level_raw,test_a,,level_raw,,paired_member_delta,92602
-0.15769505606252043,-0.010234059291143044,-0.2184411563797752,level_res,,,,,,,4296,39,level_res_minus_level_raw,test_a,,level_raw,,paired_member_delta,92602
-0.10854987685303841,-0.08060608158463284,-0.18459182613851224,level_res,,,,,,,4344,40,level_res_minus_level_raw,test_b,,level_raw,,paired_member_delta,92602
-0.07883645060892197,-0.03544235260992804,-0.10421751974403096,level_res,,,,,,,4368,41,level_res_minus_level_raw,test_b,,level_raw,,paired_member_delta,92602
-0.04278676823242655,-0.07119842820376268,-0.05625731646968793,level_res,,,,,,,4392,42,level_res_minus_level_raw,test_b,,level_raw,,paired_member_delta,92602
-0.09449555686054129,-0.05061607755830183,-0.15244102706052343,level_res,,,,,,,4416,43,level_res_minus_level_raw,test_b,,level_raw,,paired_member_delta,92602
-0.12006026153411609,-0.05024921369519743,-0.19761215567847398,level_res,,,,,,,4440,44,level_res_minus_level_raw,test_b,,level_raw,,paired_member_delta,92602
-0.15085141389977696,-0.0151172259676398,-0.2099774937891984,level_res,,,,,,,4464,45,level_res_minus_level_raw,test_b,,level_raw,,paired_member_delta,92602
-0.11866738440984786,-0.002085422772877649,-0.13957852059217848,level_res,,,,,,,4488,46,level_res_minus_level_raw,test_b,,level_raw,,paired_member_delta,92602
-0.1498799223633136,-0.02590094741853867,-0.16711843275644456,level_res,,,,,,,4512,47,level_res_minus_level_raw,test_b,,level_raw,,paired_member_delta,92602
-0.07416570253782068,-0.0629043872257028,-0.10617983874086309,level_res,,,,,,,4536,48,level_res_minus_level_raw,test_b,,level_raw,,paired_member_delta,92602
-0.027235260543723883,-0.08411215582643361,-0.06501774297463814,level_res,,,,,,,4560,49,level_res_minus_level_raw,test_b,,level_raw,,paired_member_delta,92602
-0.07898091093760312,-0.10104588321501426,-0.1383002370891062,level_res,,,,,,,4584,50,level_res_minus_level_raw,test_b,,level_raw,,paired_member_delta,92602
-0.12932078830906935,-0.08451164356551552,-0.21432307701913528,level_res,,,,,,,4608,51,level_res_minus_level_raw,test_b,,level_raw,,paired_member_delta,92602
-0.13572720597571164,-0.023699721275810534,-0.19502839426400395,level_res,,,,,,,4632,52,level_res_minus_level_raw,test_b,,level_raw,,paired_member_delta,92602
-0.11427084413912336,-0.03903229297230057,-0.13087849508240468,level_res,,,,,,,4656,53,level_res_minus_level_raw,test_b,,level_raw,,paired_member_delta,92602
-0.12183156738048603,-0.08819841075398704,-0.14920721549207572,level_res,,,,,,,4680,54,level_res_minus_level_raw,test_b,,level_raw,,paired_member_delta,92602
-0.05202938170530652,-0.06628102530250508,-0.08332564982621775,level_res,,,,,,,4704,55,level_res_minus_level_raw,test_b,,level_raw,,paired_member_delta,92602
0.03311842517452496,-0.07327889540579681,0.02343412939310463,level_res,,,,,,,4728,56,level_res_minus_level_raw,test_b,,level_raw,,paired_member_delta,92602
-0.026198032471738242,-0.03749079531168237,0.009426779063918866,level_res,,,,,,,4752,57,level_res_minus_level_raw,test_b,,level_raw,,paired_member_delta,92602
-0.05499603630620642,-0.036740152386982694,0.07489069110214275,level_res,,,,,,,4776,58,level_res_minus_level_raw,test_b,,level_raw,,paired_member_delta,92602
-0.04977705785833253,0.07993379913133347,0.24665169162106848,level_res,,,,,,,4800,59,level_res_minus_level_raw,test_b,,level_raw,,paired_member_delta,92602
-0.009627092683313465,0.017360695554445697,0.05479128777675274,level_res,,,,,,,4824,60,level_res_minus_level_raw,test_b,,level_raw,,paired_member_delta,92602
-0.04135359630077695,0.0077738596500792345,-0.04549709863662177,level_res,,,,,,,4848,61,level_res_minus_level_raw,test_b,,level_raw,,paired_member_delta,92602
-0.038253502853502375,-0.029025770605121765,0.0018024063353016817,level_res,,,,,,,4872,62,level_res_minus_level_raw,test_b,,level_raw,,paired_member_delta,92602
-0.004433304874492394,-0.07797512658141262,0.035361523822328766,level_res,,,,,,,4896,63,level_res_minus_level_raw,test_b,,level_raw,,paired_member_delta,92602
-0.018918685730194007,-0.04138704973122325,-0.008486176597905293,level_res,,,,,,,4920,64,level_res_minus_level_raw,test_b,,level_raw,,paired_member_delta,92602
-0.04079730367555068,-0.06457520068871936,-0.053351795851005024,level_res,,,,,,,4944,65,level_res_minus_level_raw,test_b,,level_raw,,paired_member_delta,92602
-0.01345680865650889,-0.091275728777891,-0.019746585222040203,level_res,,,,,,,4968,66,level_res_minus_level_raw,test_b,,level_raw,,paired_member_delta,92602
-0.0024031663311225304,0.03487379392768786,0.05368175296462546,level_res,,,,,,,4992,67,level_res_minus_level_raw,test_b,,level_raw,,paired_member_delta,92602
-0.0025584863496809773,0.04993729281704873,-0.01200641189180894,level_res,,,,,,,5016,68,level_res_minus_level_raw,test_b,,level_raw,,paired_member_delta,92602
-0.03659513761921712,0.047893352827112025,-0.013699968749172231,level_res,,,,,,,5040,69,level_res_minus_level_raw,test_b,,level_raw,,paired_member_delta,92602
-0.05075618297582968,0.03786149214012731,-0.04221055260991152,level_res,,,,,,,5064,70,level_res_minus_level_raw,test_b,,level_raw,,paired_member_delta,92602
-0.03934581758906408,0.07312566563989235,-0.033040284749339593,level_res,,,,,,,5088,71,level_res_minus_level_raw,test_b,,level_raw,,paired_member_delta,92602
-0.003109511442245083,0.07528264686127434,-0.017735085387821592,level_res,,,,,,,5112,72,level_res_minus_level_raw,test_b,,level_raw,,paired_member_delta,92602
-0.1062248393889818,0.07958651322691117,-0.09132642583770342,level_res,,,,,,,5136,73,level_res_minus_level_raw,test_b,,level_raw,,paired_member_delta,92602
-0.06329206043772179,0.07298751912015837,-0.049085058042635424,level_res,,,,,,,5160,74,level_res_minus_level_raw,test_b,,level_raw,,paired_member_delta,92602
-0.04718015636956574,0.048934418370253314,-0.041648190293891274,level_res,,,,,,,5184,75,level_res_minus_level_raw,test_b,,level_raw,,paired_member_delta,92602
-0.03842896000737797,0.029075226258011722,-0.06657755667292811,level_res,,,,,,,5208,76,level_res_minus_level_raw,test_b,,level_raw,,paired_member_delta,92602
-0.010815312039317071,-0.032340943913760724,-0.025254971029417317,level_res,,,,,,,5232,77,level_res_minus_level_raw,test_b,,level_raw,,paired_member_delta,92602
-0.023911250227897918,-0.03259155768946763,-0.02151008825871427,level_res,,,,,,,5256,78,level_res_minus_level_raw,test_b,,level_raw,,paired_member_delta,92602
-0.009385828789341855,-0.05175597610308186,0.004232012744935232,level_res,,,,,,,5280,79,level_res_minus_level_raw,test_b,,level_raw,,paired_member_delta,92602
-0.03187089977868979,0.00020657266791472562,0.016782980246922652,level_res,,,,,,0.0,3360,0,level_res_minus_level_raw,test_a,0.016782980246922652,level_raw,,pair_mean_seed_loss_delta,mean_of_paired_member_losses
0.04607430240139365,-0.04279279543598201,0.15031824897450027,level_res,,,,,,0.0,3384,1,level_res_minus_level_raw,test_a,0.15031824897450027,level_raw,,pair_mean_seed_loss_delta,mean_of_paired_member_losses
-0.03934409119264112,-0.03346509630757602,-0.03455342877487512,level_res,,,,,,-0.03455342877487512,3408,2,level_res_minus_level_raw,test_a,0.0,level_raw,,pair_mean_seed_loss_delta,mean_of_paired_member_losses
-0.0336355930719269,-0.07765534559639135,-0.030324589850140818,level_res,,,,,,-0.030324589850140818,3432,3,level_res_minus_level_raw,test_a,0.0,level_raw,,pair_mean_seed_loss_delta,mean_of_paired_member_losses
-0.06666260569552693,-0.03600024062724711,-0.05853028705869473,level_res,,,,,,-0.05853028705869473,3456,4,level_res_minus_level_raw,test_a,0.0,level_raw,,pair_mean_seed_loss_delta,mean_of_paired_member_losses
-0.05100708867494,-0.008562337555785605,-0.04445154162312767,level_res,,,,,,-0.04445154162312767,3480,5,level_res_minus_level_raw,test_a,0.0,level_raw,,pair_mean_seed_loss_delta,mean_of_paired_member_losses
-0.0610244202349956,-0.04012805170507408,-0.0606261829217621,level_res,,,,,,-0.0606261829217621,3504,6,level_res_minus_level_raw,test_a,0.0,level_raw,,pair_mean_seed_loss_delta,mean_of_paired_member_losses
-0.0808560534850603,-0.05511364832922232,-0.08978084299347247,level_res,,,,,,-0.08978084299347247,3528,7,level_res_minus_level_raw,test_a,0.0,level_raw,,pair_mean_seed_loss_delta,mean_of_paired_member_losses
-0.10677175807730095,-0.06760020214178618,-0.11073556394504919,level_res,,,,,,-0.11073556394504919,3552,8,level_res_minus_level_raw,test_a,0.0,level_raw,,pair_mean_seed_loss_delta,mean_of_paired_member_losses
-0.0437747165418057,-0.0423363673645665,-0.08816231883653369,level_res,,,,,,-0.08816231883653369,3576,9,level_res_minus_level_raw,test_a,0.0,level_raw,,pair_mean_seed_loss_delta,mean_of_paired_member_losses
-0.05443900266055052,-0.05887313161442492,-0.10467043400130932,level_res,,,,,,-0.10467043400130932,3600,10,level_res_minus_level_raw,test_a,0.0,level_raw,,pair_mean_seed_loss_delta,mean_of_paired_member_losses
-0.03241694653600766,-0.05878696232741955,-0.056070161387863804,level_res,,,,,,-0.056070161387863804,3624,11,level_res_minus_level_raw,test_a,0.0,level_raw,,pair_mean_seed_loss_delta,mean_of_paired_member_losses
-0.10968711171881293,0.004313180558086721,-0.15627072644294487,level_res,,,,,,-0.15627072644294487,3648,12,level_res_minus_level_raw,test_a,0.0,level_raw,,pair_mean_seed_loss_delta,mean_of_paired_member_losses
-0.10350335153434931,-0.0394675717049954,-0.11335593709565303,level_res,,,,,,-0.11335593709565303,3672,13,level_res_minus_level_raw,test_a,0.0,level_raw,,pair_mean_seed_loss_delta,mean_of_paired_member_losses
-0.07115462291489272,-0.07611858772739366,-0.09180874590022581,level_res,,,,,,-0.09180874590022581,3696,14,level_res_minus_level_raw,test_a,0.0,level_raw,,pair_mean_seed_loss_delta,mean_of_paired_member_losses
-0.06976602027220102,-0.07977424111666943,-0.10868183849174878,level_res,,,,,,-0.10868183849174878,3720,15,level_res_minus_level_raw,test_a,0.0,level_raw,,pair_mean_seed_loss_delta,mean_of_paired_member_losses
-0.024337232017013072,-0.04408182598668717,-0.03527336085332261,level_res,,,,,,-0.03527336085332261,3744,16,level_res_minus_level_raw,test_a,0.0,level_raw,,pair_mean_seed_loss_delta,mean_of_paired_member_losses
0.005306216863020519,-0.11883744309592409,0.31202322317725395,level_res,,,,,,0.0,3768,17,level_res_minus_level_raw,test_a,0.31202322317725395,level_raw,,pair_mean_seed_loss_delta,mean_of_paired_member_losses
-0.0039583903671168985,-0.09366889406274091,0.02661426042655826,level_res,,,,,,0.0,3792,18,level_res_minus_level_raw,test_a,0.02661426042655826,level_raw,,pair_mean_seed_loss_delta,mean_of_paired_member_losses
-0.04781361521221983,-0.03639106135910969,-0.07455794428745485,level_res,,,,,,-0.07455794428745485,3816,19,level_res_minus_level_raw,test_a,0.0,level_raw,,pair_mean_seed_loss_delta,mean_of_paired_member_losses
-0.06923423208782506,-0.008180281270624083,-0.09928755089720911,level_res,,,,,,-0.09928755089720911,3840,20,level_res_minus_level_raw,test_a,0.0,level_raw,,pair_mean_seed_loss_delta,mean_of_paired_member_losses
-0.05959215835316048,-0.04452314689828485,-0.09357072345167178,level_res,,,,,,-0.09357072345167178,3864,21,level_res_minus_level_raw,test_a,0.0,level_raw,,pair_mean_seed_loss_delta,mean_of_paired_member_losses
-0.04793067295880368,-0.06490217641854258,-0.09206235018013717,level_res,,,,,,-0.09206235018013717,3888,22,level_res_minus_level_raw,test_a,0.0,level_raw,,pair_mean_seed_loss_delta,mean_of_paired_member_losses
-0.05003107966188633,-0.06033109438002986,-0.0780187854707045,level_res,,,,,,-0.0780187854707045,3912,23,level_res_minus_level_raw,test_a,0.0,level_raw,,pair_mean_seed_loss_delta,mean_of_paired_member_losses
-0.04785547807456597,-0.062132259796592676,-0.1017748129568663,level_res,,,,,,-0.1017748129568663,3936,24,level_res_minus_level_raw,test_a,0.0,level_raw,,pair_mean_seed_loss_delta,mean_of_paired_member_losses
-0.0869115345435692,-0.020322776504554874,-0.15756726020864953,level_res,,,,,,-0.15756726020864953,3960,25,level_res_minus_level_raw,test_a,0.0,level_raw,,pair_mean_seed_loss_delta,mean_of_paired_member_losses
-0.11907214923948961,-0.032948744757210505,-0.18514238400817232,level_res,,,,,,-0.18514238400817232,3984,26,level_res_minus_level_raw,test_a,0.0,level_raw,,pair_mean_seed_loss_delta,mean_of_paired_member_losses
-0.14743326146922567,-0.020816152572960538,-0.24661124204015214,level_res,,,,,,-0.24661124204015214,4008,27,level_res_minus_level_raw,test_a,0.0,level_raw,,pair_mean_seed_loss_delta,mean_of_paired_member_losses
-0.0773573578095666,-0.035222013028995955,-0.11039921628007421,level_res,,,,,,-0.11039921628007421,4032,28,level_res_minus_level_raw,test_a,0.0,level_raw,,pair_mean_seed_loss_delta,mean_of_paired_member_losses
0.004604829578003011,-0.07525079364331402,-0.0037086608766749504,level_res,,,,,,-0.0037086608766749504,4056,29,level_res_minus_level_raw,test_a,0.0,level_raw,,pair_mean_seed_loss_delta,mean_of_paired_member_losses
-0.07145704550887733,-0.021840579857976702,-0.10823373266357368,level_res,,,,,,-0.10823373266357368,4080,30,level_res_minus_level_raw,test_a,0.0,level_raw,,pair_mean_seed_loss_delta,mean_of_paired_member_losses
-0.09274965130630425,-0.0366702880778843,-0.19605760834342198,level_res,,,,,,-0.19605760834342198,4104,31,level_res_minus_level_raw,test_a,0.0,level_raw,,pair_mean_seed_loss_delta,mean_of_paired_member_losses
-0.10272068005824442,0.0020542899917071547,-0.1869512580860736,level_res,,,,,,-0.1869512580860736,4128,32,level_res_minus_level_raw,test_a,0.0,level_raw,,pair_mean_seed_loss_delta,mean_of_paired_member_losses
-0.13847379720148942,-0.02411737030956383,-0.2070828797088497,level_res,,,,,,-0.2070828797088497,4152,33,level_res_minus_level_raw,test_a,0.0,level_raw,,pair_mean_seed_loss_delta,mean_of_paired_member_losses
-0.12723732385048228,-0.002754426401795582,-0.1705478605903044,level_res,,,,,,-0.1705478605903044,4176,34,level_res_minus_level_raw,test_a,0.0,level_raw,,pair_mean_seed_loss_delta,mean_of_paired_member_losses
-0.05852430076422524,-0.018695927219917335,-0.0823135816032243,level_res,,,,,,-0.0823135816032243,4200,35,level_res_minus_level_raw,test_a,0.0,level_raw,,pair_mean_seed_loss_delta,mean_of_paired_member_losses
-0.0404577569821484,-0.0678290116997874,-0.0722685219795679,level_res,,,,,,-0.0722685219795679,4224,36,level_res_minus_level_raw,test_a,0.0,level_raw,,pair_mean_seed_loss_delta,mean_of_paired_member_losses
-0.07204362315778602,-0.08865623614709715,-0.09776427998073975,level_res,,,,,,-0.09776427998073975,4248,37,level_res_minus_level_raw,test_a,0.0,level_raw,,pair_mean_seed_loss_delta,mean_of_paired_member_losses
-0.09138371204551055,-0.08380603355551869,-0.14147636992657509,level_res,,,,,,-0.14147636992657509,4272,38,level_res_minus_level_raw,test_a,0.0,level_raw,,pair_mean_seed_loss_delta,mean_of_paired_member_losses
-0.15742913292556565,-0.02944270736884837,-0.21484235905649252,level_res,,,,,,-0.21484235905649252,4296,39,level_res_minus_level_raw,test_a,0.0,level_raw,,pair_mean_seed_loss_delta,mean_of_paired_member_losses
-0.10985745619594428,-0.06884387918569915,-0.1887288480770995,level_res,,,,,,-0.1887288480770995,4344,40,level_res_minus_level_raw,test_b,0.0,level_raw,,pair_mean_seed_loss_delta,mean_of_paired_member_losses
-0.08038443082706162,-0.022185799172695947,-0.1057657254116626,level_res,,,,,,-0.1057657254116626,4368,41,level_res_minus_level_raw,test_b,0.0,level_raw,,pair_mean_seed_loss_delta,mean_of_paired_member_losses
-0.036630340517434634,-0.060899620262823785,-0.04817958579968745,level_res,,,,,,-0.04817958579968745,4392,42,level_res_minus_level_raw,test_b,0.0,level_raw,,pair_mean_seed_loss_delta,mean_of_paired_member_losses
-0.0959024896900005,-0.053901979631251276,-0.15234916178983376,level_res,,,,,,-0.15234916178983376,4416,43,level_res_minus_level_raw,test_b,0.0,level_raw,,pair_mean_seed_loss_delta,mean_of_paired_member_losses
-0.11589294498416541,-0.06605328993378756,-0.19163268309207754,level_res,,,,,,-0.19163268309207754,4440,44,level_res_minus_level_raw,test_b,0.0,level_raw,,pair_mean_seed_loss_delta,mean_of_paired_member_losses
-0.14331147274317438,-0.032149996538874785,-0.20149463146904995,level_res,,,,,,-0.20149463146904995,4464,45,level_res_minus_level_raw,test_b,0.0,level_raw,,pair_mean_seed_loss_delta,mean_of_paired_member_losses
-0.12277363179657866,-0.007783144694186893,-0.14057841974830615,level_res,,,,,,-0.14057841974830615,4488,46,level_res_minus_level_raw,test_b,0.0,level_raw,,pair_mean_seed_loss_delta,mean_of_paired_member_losses
-0.1531109356266611,-0.02067804825435137,-0.17162240748234067,level_res,,,,,,-0.17162240748234067,4512,47,level_res_minus_level_raw,test_b,0.0,level_raw,,pair_mean_seed_loss_delta,mean_of_paired_member_losses
-0.07406902491878584,-0.04905419919141066,-0.10389161784281026,level_res,,,,,,-0.10389161784281026,4536,48,level_res_minus_level_raw,test_b,0.0,level_raw,,pair_mean_seed_loss_delta,mean_of_paired_member_losses
-0.023451816774539502,-0.07126382166775418,-0.05891613073116103,level_res,,,,,,-0.05891613073116103,4560,49,level_res_minus_level_raw,test_b,0.0,level_raw,,pair_mean_seed_loss_delta,mean_of_paired_member_losses
-0.07604310727180622,-0.10177628330283744,-0.13450839463176012,level_res,,,,,,-0.13450839463176012,4584,50,level_res_minus_level_raw,test_b,0.0,level_raw,,pair_mean_seed_loss_delta,mean_of_paired_member_losses
-0.1251951005439931,-0.10112046626711482,-0.21028862895045441,level_res,,,,,,-0.21028862895045441,4608,51,level_res_minus_level_raw,test_b,0.0,level_raw,,pair_mean_seed_loss_delta,mean_of_paired_member_losses
-0.14331744608295827,-0.04261748318094761,-0.1975595926920674,level_res,,,,,,-0.1975595926920674,4632,52,level_res_minus_level_raw,test_b,0.0,level_raw,,pair_mean_seed_loss_delta,mean_of_paired_member_losses
-0.12255395679148579,-0.04250392227607103,-0.1366538433264579,level_res,,,,,,-0.1366538433264579,4656,53,level_res_minus_level_raw,test_b,0.0,level_raw,,pair_mean_seed_loss_delta,mean_of_paired_member_losses
-0.12377839203548445,-0.07976415134166304,-0.14959446160832027,level_res,,,,,,-0.14959446160832027,4680,54,level_res_minus_level_raw,test_b,0.0,level_raw,,pair_mean_seed_loss_delta,mean_of_paired_member_losses
-0.05137747230622279,-0.055200713991379255,-0.08290557883881419,level_res,,,,,,-0.08290557883881419,4704,55,level_res_minus_level_raw,test_b,0.0,level_raw,,pair_mean_seed_loss_delta,mean_of_paired_member_losses
0.03091074836750826,-0.06304167876677479,0.021076320840996532,level_res,,,,,,0.0,4728,56,level_res_minus_level_raw,test_b,0.021076320840996532,level_raw,,pair_mean_seed_loss_delta,mean_of_paired_member_losses
-0.028276245559276963,-0.04123170119162431,0.0046150707365970045,level_res,,,,,,0.0,4752,57,level_res_minus_level_raw,test_b,0.0046150707365970045,level_raw,,pair_mean_seed_loss_delta,mean_of_paired_member_losses
-0.04709965058950927,-0.054775456743646256,0.08603235984094115,level_res,,,,,,0.0,4776,58,level_res_minus_level_raw,test_b,0.08603235984094115,level_raw,,pair_mean_seed_loss_delta,mean_of_paired_member_losses
-0.04161938639711926,0.06152941469628753,0.24758523660267429,level_res,,,,,,0.0,4800,59,level_res_minus_level_raw,test_b,0.24758523660267429,level_raw,,pair_mean_seed_loss_delta,mean_of_paired_member_losses
-0.017675456460553934,0.017032862245162272,0.047804672508159896,level_res,,,,,,0.0,4824,60,level_res_minus_level_raw,test_b,0.047804672508159896,level_raw,,pair_mean_seed_loss_delta,mean_of_paired_member_losses
-0.04013534270480332,0.01660609861160172,-0.04473930891867972,level_res,,,,,,-0.04473930891867972,4848,61,level_res_minus_level_raw,test_b,0.0,level_raw,,pair_mean_seed_loss_delta,mean_of_paired_member_losses
-0.044652920265969676,-0.013904785819570803,-0.0053561523345676265,level_res,,,,,,-0.0053561523345676265,4872,62,level_res_minus_level_raw,test_b,0.0,level_raw,,pair_mean_seed_loss_delta,mean_of_paired_member_losses
-0.0063729037734161775,-0.06215124966590392,0.03256227529248373,level_res,,,,,,0.0,4896,63,level_res_minus_level_raw,test_b,0.03256227529248373,level_raw,,pair_mean_seed_loss_delta,mean_of_paired_member_losses
-0.019999662627977893,-0.04364321031208224,-0.0068412149986593895,level_res,,,,,,-0.0068412149986593895,4920,64,level_res_minus_level_raw,test_b,0.0,level_raw,,pair_mean_seed_loss_delta,mean_of_paired_member_losses
-0.046817548422647376,-0.07972607880576249,-0.06470599159313078,level_res,,,,,,-0.06470599159313078,4944,65,level_res_minus_level_raw,test_b,0.0,level_raw,,pair_mean_seed_loss_delta,mean_of_paired_member_losses
-0.01419548024469075,-0.10369369963540094,-0.038921503092353815,level_res,,,,,,-0.038921503092353815,4968,66,level_res_minus_level_raw,test_b,0.0,level_raw,,pair_mean_seed_loss_delta,mean_of_paired_member_losses
0.0009764663460801459,0.032107060331755366,0.05829715362632279,level_res,,,,,,0.0,4992,67,level_res_minus_level_raw,test_b,0.05829715362632279,level_raw,,pair_mean_seed_loss_delta,mean_of_paired_member_losses
0.005543316265781542,0.05963434726193857,-0.008548707936867905,level_res,,,,,,-0.008548707936867905,5016,68,level_res_minus_level_raw,test_b,0.0,level_raw,,pair_mean_seed_loss_delta,mean_of_paired_member_losses
-0.04042267484085943,0.054776390743962323,-0.014360979746523908,level_res,,,,,,-0.014360979746523908,5040,69,level_res_minus_level_raw,test_b,0.0,level_raw,,pair_mean_seed_loss_delta,mean_of_paired_member_losses
-0.054235946547979585,0.04046465707463486,-0.04794184330658102,level_res,,,,,,-0.04794184330658102,5064,70,level_res_minus_level_raw,test_b,0.0,level_raw,,pair_mean_seed_loss_delta,mean_of_paired_member_losses
-0.03312104921924937,0.059296715592591115,-0.030201322380094806,level_res,,,,,,-0.030201322380094806,5088,71,level_res_minus_level_raw,test_b,0.0,level_raw,,pair_mean_seed_loss_delta,mean_of_paired_member_losses
0.004756119580455492,0.04082572346840822,-0.003792658355215195,level_res,,,,,,-0.003792658355215195,5112,72,level_res_minus_level_raw,test_b,0.0,level_raw,,pair_mean_seed_loss_delta,mean_of_paired_member_losses
-0.09091429525270704,0.04946553042100277,-0.08207184512321836,level_res,,,,,,-0.08207184512321836,5136,73,level_res_minus_level_raw,test_b,0.0,level_raw,,pair_mean_seed_loss_delta,mean_of_paired_member_losses
-0.06339323531274738,0.06516599295519329,-0.04973519195095005,level_res,,,,,,-0.04973519195095005,5160,74,level_res_minus_level_raw,test_b,0.0,level_raw,,pair_mean_seed_loss_delta,mean_of_paired_member_losses
-0.050223645146972695,0.046937394092845565,-0.0434540865632513,level_res,,,,,,-0.0434540865632513,5184,75,level_res_minus_level_raw,test_b,0.0,level_raw,,pair_mean_seed_loss_delta,mean_of_paired_member_losses
-0.040557903269597975,0.03007868466003999,-0.0668071865378329,level_res,,,,,,-0.0668071865378329,5208,76,level_res_minus_level_raw,test_b,0.0,level_raw,,pair_mean_seed_loss_delta,mean_of_paired_member_losses
-0.00693503272258586,-0.03490756150316812,-0.01888328771518348,level_res,,,,,,-0.01888328771518348,5232,77,level_res_minus_level_raw,test_b,0.0,level_raw,,pair_mean_seed_loss_delta,mean_of_paired_member_losses
-0.019402222400850738,-0.038389150230168353,-0.022495875768462514,level_res,,,,,,-0.022495875768462514,5256,78,level_res_minus_level_raw,test_b,0.0,level_raw,,pair_mean_seed_loss_delta,mean_of_paired_member_losses
-0.007751879137347234,-0.06014146608204636,0.009158736543419338,level_res,,,,,,0.0,5280,79,level_res_minus_level_raw,test_b,0.009158736543419338,level_raw,,pair_mean_seed_loss_delta,mean_of_paired_member_losses
-0.04575769099542143,-0.006435109391425012,0.004362524629544895,level_res,,,,,,,3360,0,level_res_minus_level_only,test_a,,level_only,,paired_member_delta,92601
0.0611837790530248,-0.009478431806771784,0.15544587738849133,level_res,,,,,,,3384,1,level_res_minus_level_only,test_a,,level_only,,paired_member_delta,92601
-0.056477458540386716,-0.004091156327037826,-0.06719293496071607,level_res,,,,,,,3408,2,level_res_minus_level_only,test_a,,level_only,,paired_member_delta,92601
-0.02100126457163226,-0.0007648158307169001,-0.011931915181664365,level_res,,,,,,,3432,3,level_res_minus_level_only,test_a,,level_only,,paired_member_delta,92601
-0.05882867667413155,-0.0029052265202991825,-0.06558091479944145,level_res,,,,,,,3456,4,level_res_minus_level_only,test_a,,level_only,,paired_member_delta,92601
-0.05671381338399051,-0.00118166743549427,-0.0484748489809699,level_res,,,,,,,3480,5,level_res_minus_level_only,test_a,,level_only,,paired_member_delta,92601
-0.07380236807854518,-0.006320499447539596,-0.08157081383720358,level_res,,,,,,,3504,6,level_res_minus_level_only,test_a,,level_only,,paired_member_delta,92601
-0.09675361261264806,-0.0053981949424590225,-0.10451515519542626,level_res,,,,,,,3528,7,level_res_minus_level_only,test_a,,level_only,,paired_member_delta,92601
-0.10750584160982099,-0.0020056948997080326,-0.12379479296309247,level_res,,,,,,,3552,8,level_res_minus_level_only,test_a,,level_only,,paired_member_delta,92601
-0.0159428551366243,0.001843464689776697,-0.013916600266097978,level_res,,,,,,,3576,9,level_res_minus_level_only,test_a,,level_only,,paired_member_delta,92601
-0.03461733745301465,-0.002181061502436521,-0.05159562154766362,level_res,,,,,,,3600,10,level_res_minus_level_only,test_a,,level_only,,paired_member_delta,92601
-0.047652191684499134,-0.0011611014978923917,-0.06898940842436596,level_res,,,,,,,3624,11,level_res_minus_level_only,test_a,,level_only,,paired_member_delta,92601
-0.1425017427285567,-0.006548519456284301,-0.2085665667248639,level_res,,,,,,,3648,12,level_res_minus_level_only,test_a,,level_only,,paired_member_delta,92601
-0.11979570118744642,0.0003002721190854263,-0.13169525652331998,level_res,,,,,,,3672,13,level_res_minus_level_only,test_a,,level_only,,paired_member_delta,92601
-0.0985289157833904,-0.003227096525769607,-0.1375748054783035,level_res,,,,,,,3696,14,level_res_minus_level_only,test_a,,level_only,,paired_member_delta,92601
-0.10398587078088894,-0.015378921142067105,-0.14733676018067976,level_res,,,,,,,3720,15,level_res_minus_level_only,test_a,,level_only,,paired_member_delta,92601
-0.026779625350244196,0.0013800477152507706,-0.04736383415948486,level_res,,,,,,,3744,16,level_res_minus_level_only,test_a,,level_only,,paired_member_delta,92601
0.031807247152113804,-0.0070086978010687195,0.42666627678038427,level_res,,,,,,,3768,17,level_res_minus_level_only,test_a,,level_only,,paired_member_delta,92601
-0.022955377364768548,-0.009608869945319981,0.0517104831164546,level_res,,,,,,,3792,18,level_res_minus_level_only,test_a,,level_only,,paired_member_delta,92601
-0.05543999792679838,-0.013078597121884555,-0.0394715257740299,level_res,,,,,,,3816,19,level_res_minus_level_only,test_a,,level_only,,paired_member_delta,92601
-0.07635510674456375,-0.0025281393763554446,-0.09441089454667145,level_res,,,,,,,3840,20,level_res_minus_level_only,test_a,,level_only,,paired_member_delta,92601
-0.06520963094739912,-0.007436877536569159,-0.09013902437033872,level_res,,,,,,,3864,21,level_res_minus_level_only,test_a,,level_only,,paired_member_delta,92601
-0.046769511812896125,-0.009340927456779509,-0.0920155794228297,level_res,,,,,,,3888,22,level_res_minus_level_only,test_a,,level_only,,paired_member_delta,92601
-0.06417817541160714,-0.004356287246314332,-0.08235151041978309,level_res,,,,,,,3912,23,level_res_minus_level_only,test_a,,level_only,,paired_member_delta,92601
-0.06292834746487003,-0.002343489258897071,-0.1270002895480145,level_res,,,,,,,3936,24,level_res_minus_level_only,test_a,,level_only,,paired_member_delta,92601
-0.07586124399676919,0.0014528811671862402,-0.14662691136674338,level_res,,,,,,,3960,25,level_res_minus_level_only,test_a,,level_only,,paired_member_delta,92601
-0.11890804235293873,-0.007036006119211808,-0.183835618466524,level_res,,,,,,,3984,26,level_res_minus_level_only,test_a,,level_only,,paired_member_delta,92601
-0.16055601419123144,-0.006867550363691119,-0.27677462061095104,level_res,,,,,,,4008,27,level_res_minus_level_only,test_a,,level_only,,paired_member_delta,92601
-0.08117235417696922,-0.0010967704732263162,-0.10965163713174914,level_res,,,,,,,4032,28,level_res_minus_level_only,test_a,,level_only,,paired_member_delta,92601
0.02571642821353365,-0.006803827682126541,0.0130146336586945,level_res,,,,,,,4056,29,level_res_minus_level_only,test_a,,level_only,,paired_member_delta,92601
-0.06613566221523226,-0.007037165127329381,-0.09780655512087713,level_res,,,,,,,4080,30,level_res_minus_level_only,test_a,,level_only,,paired_member_delta,92601
-0.0829060834498081,-0.002389316510993479,-0.1515472039438684,level_res,,,,,,,4104,31,level_res_minus_level_only,test_a,,level_only,,paired_member_delta,92601
-0.10403570143834634,-0.004172878988160222,-0.15181459719294985,level_res,,,,,,,4128,32,level_res_minus_level_only,test_a,,level_only,,paired_member_delta,92601
-0.10175818229075889,-0.009029393394788102,-0.1327861250936204,level_res,,,,,,,4152,33,level_res_minus_level_only,test_a,,level_only,,paired_member_delta,92601
-0.11673280464453328,-0.003866236672882793,-0.15090740930032906,level_res,,,,,,,4176,34,level_res_minus_level_only,test_a,,level_only,,paired_member_delta,92601
-0.07111126988057354,-0.006537444504918333,-0.11364247865345475,level_res,,,,,,,4200,35,level_res_minus_level_only,test_a,,level_only,,paired_member_delta,92601
-0.022991949801935863,-0.008307003021221976,-0.04968024060803289,level_res,,,,,,,4224,36,level_res_minus_level_only,test_a,,level_only,,paired_member_delta,92601
-0.058171050841052674,-0.0036816658947489006,-0.08674853848712774,level_res,,,,,,,4248,37,level_res_minus_level_only,test_a,,level_only,,paired_member_delta,92601
-0.10789213080516125,-0.0038420651381944892,-0.1868168491081572,level_res,,,,,,,4272,38,level_res_minus_level_only,test_a,,level_only,,paired_member_delta,92601
-0.15949650326122844,-0.014895591574410599,-0.2608185408445025,level_res,,,,,,,4296,39,level_res_minus_level_only,test_a,,level_only,,paired_member_delta,92601
-0.09924724127859896,-0.0017889809438630063,-0.1602414305392619,level_res,,,,,,,4344,40,level_res_minus_level_only,test_b,,level_only,,paired_member_delta,92601
-0.08788410423999177,-0.004656498019090474,-0.11949661204427915,level_res,,,,,,,4368,41,level_res_minus_level_only,test_b,,level_only,,paired_member_delta,92601
-0.031878513394736296,-0.011963209428358823,-0.051656987413947336,level_res,,,,,,,4392,42,level_res_minus_level_only,test_b,,level_only,,paired_member_delta,92601
-0.11579062947181654,-0.007389768538083515,-0.18094308409957252,level_res,,,,,,,4416,43,level_res_minus_level_only,test_b,,level_only,,paired_member_delta,92601
-0.13668359093500448,-0.003794726274231927,-0.2189583441424112,level_res,,,,,,,4440,44,level_res_minus_level_only,test_b,,level_only,,paired_member_delta,92601
-0.13244657733194604,-0.0026496407397858385,-0.20844178595888754,level_res,,,,,,,4464,45,level_res_minus_level_only,test_b,,level_only,,paired_member_delta,92601
-0.1077285861030367,0.0005632309955270857,-0.14109126017273832,level_res,,,,,,,4488,46,level_res_minus_level_only,test_b,,level_only,,paired_member_delta,92601
-0.18166819980308668,-0.011249615853040608,-0.21691390199078237,level_res,,,,,,,4512,47,level_res_minus_level_only,test_b,,level_only,,paired_member_delta,92601
-0.08644710438481223,-0.0012049540037325848,-0.12092806067271747,level_res,,,,,,,4536,48,level_res_minus_level_only,test_b,,level_only,,paired_member_delta,92601
-0.05764887173313138,-0.011870444816190234,-0.10970725759300837,level_res,,,,,,,4560,49,level_res_minus_level_only,test_b,,level_only,,paired_member_delta,92601
-0.06233993773325802,-0.004341014715678552,-0.08558587943194182,level_res,,,,,,,4584,50,level_res_minus_level_only,test_b,,level_only,,paired_member_delta,92601
-0.11719725089713784,-0.0038492059353373784,-0.21165581878543027,level_res,,,,,,,4608,51,level_res_minus_level_only,test_b,,level_only,,paired_member_delta,92601
-0.15264844546532808,-0.004326912140765901,-0.2244665405751835,level_res,,,,,,,4632,52,level_res_minus_level_only,test_b,,level_only,,paired_member_delta,92601
-0.12483258863900193,-0.0021745335383742403,-0.15406836558938652,level_res,,,,,,,4656,53,level_res_minus_level_only,test_b,,level_only,,paired_member_delta,92601
-0.12382025819319736,-0.004950462361140287,-0.1668754699951293,level_res,,,,,,,4680,54,level_res_minus_level_only,test_b,,level_only,,paired_member_delta,92601
-0.06638258867543281,-0.005334472377309756,-0.11618565446091021,level_res,,,,,,,4704,55,level_res_minus_level_only,test_b,,level_only,,paired_member_delta,92601
0.020460811489279973,0.0036913122452211095,0.014817588611227644,level_res,,,,,,,4728,56,level_res_minus_level_only,test_b,,level_only,,paired_member_delta,92601
-0.04899822267950238,-0.0014680100458802081,-0.02621805049294268,level_res,,,,,,,4752,57,level_res_minus_level_only,test_b,,level_only,,paired_member_delta,92601
-0.06833344829365895,-0.001654748147799201,0.03766653235709838,level_res,,,,,,,4776,58,level_res_minus_level_only,test_b,,level_only,,paired_member_delta,92601
0.007430757845604097,0.004156833868816545,0.34144757333786124,level_res,,,,,,,4800,59,level_res_minus_level_only,test_b,,level_only,,paired_member_delta,92601
-0.03087043282735691,-0.003672312402997313,0.014623351549500285,level_res,,,,,,,4824,60,level_res_minus_level_only,test_b,,level_only,,paired_member_delta,92601
-0.06581207524526261,0.0010794077625534693,-0.08280804391386215,level_res,,,,,,,4848,61,level_res_minus_level_only,test_b,,level_only,,paired_member_delta,92601
-0.07066449941325403,-0.0030306852468307555,-0.050563018690474665,level_res,,,,,,,4872,62,level_res_minus_level_only,test_b,,level_only,,paired_member_delta,92601
-0.016938181251188122,-0.005383435116313839,0.02319123528273201,level_res,,,,,,,4896,63,level_res_minus_level_only,test_b,,level_only,,paired_member_delta,92601
-0.011748715018363942,-0.008153759728313656,0.004908312902343226,level_res,,,,,,,4920,64,level_res_minus_level_only,test_b,,level_only,,paired_member_delta,92601
-0.03625012790857279,-0.007134713940139759,-0.06504644827387296,level_res,,,,,,,4944,65,level_res_minus_level_only,test_b,,level_only,,paired_member_delta,92601
-0.028996835381714825,-0.0002508082417953805,-0.03693069471806465,level_res,,,,,,,4968,66,level_res_minus_level_only,test_b,,level_only,,paired_member_delta,92601
-0.039262082792964614,-0.015353777391069079,-0.04095661489652891,level_res,,,,,,,4992,67,level_res_minus_level_only,test_b,,level_only,,paired_member_delta,92601
-0.006293316324659182,-0.005196336321258807,-0.020244982765978373,level_res,,,,,,,5016,68,level_res_minus_level_only,test_b,,level_only,,paired_member_delta,92601
0.0038774971474719866,-0.005354691951937385,0.00857607491415216,level_res,,,,,,,5040,69,level_res_minus_level_only,test_b,,level_only,,paired_member_delta,92601
0.00552955789345444,0.0011159088371285042,0.022578051179781705,level_res,,,,,,,5064,70,level_res_minus_level_only,test_b,,level_only,,paired_member_delta,92601
0.004724208055538859,-0.005615803595705363,-0.00675813541767098,level_res,,,,,,,5088,71,level_res_minus_level_only,test_b,,level_only,,paired_member_delta,92601
0.009102168456450399,-0.004302574431194972,0.0025272650988247825,level_res,,,,,,,5112,72,level_res_minus_level_only,test_b,,level_only,,paired_member_delta,92601
-0.0459878634748177,-0.011597260250709951,-0.06885469578025023,level_res,,,,,,,5136,73,level_res_minus_level_only,test_b,,level_only,,paired_member_delta,92601
-0.029666121804992007,-0.004634153344394529,-0.02667168712827349,level_res,,,,,,,5160,74,level_res_minus_level_only,test_b,,level_only,,paired_member_delta,92601
-0.025740479872397637,-0.00291715728064232,-0.033413717433165166,level_res,,,,,,,5184,75,level_res_minus_level_only,test_b,,level_only,,paired_member_delta,92601
-0.042136455648670024,-0.009830428451737941,-0.10241484202763707,level_res,,,,,,,5208,76,level_res_minus_level_only,test_b,,level_only,,paired_member_delta,92601
0.00161270661206514,0.00259569828745489,0.009550031630583988,level_res,,,,,,,5232,77,level_res_minus_level_only,test_b,,level_only,,paired_member_delta,92601
-0.017924771406779116,-0.0020422442250099837,-0.023213945288336743,level_res,,,,,,,5256,78,level_res_minus_level_only,test_b,,level_only,,paired_member_delta,92601
-0.021853166399523616,-0.0011409622680980218,-0.04669518146639301,level_res,,,,,,,5280,79,level_res_minus_level_only,test_b,,level_only,,paired_member_delta,92601
-0.039311513151772615,-0.006239610995786876,-0.0011843146179706387,level_res,,,,,,,3360,0,level_res_minus_level_only,test_a,,level_only,,paired_member_delta,92602
0.06017185902843869,-0.009684548841095444,0.15555210877222278,level_res,,,,,,,3384,1,level_res_minus_level_only,test_a,,level_only,,paired_member_delta,92602
-0.055491355544540544,-0.0038471889554285432,-0.06634088697280549,level_res,,,,,,,3408,2,level_res_minus_level_only,test_a,,level_only,,paired_member_delta,92602
-0.014665397322353224,-0.0006578054516484938,-0.006509990582406783,level_res,,,,,,,3432,3,level_res_minus_level_only,test_a,,level_only,,paired_member_delta,92602
-0.060078784629392146,-0.0032742382597872113,-0.066637243834207,level_res,,,,,,,3456,4,level_res_minus_level_only,test_a,,level_only,,paired_member_delta,92602
-0.05509634000390734,-0.0007902551647823511,-0.049453295434954525,level_res,,,,,,,3480,5,level_res_minus_level_only,test_a,,level_only,,paired_member_delta,92602
-0.07541681258875294,-0.006677925200932022,-0.08425347291785942,level_res,,,,,,,3504,6,level_res_minus_level_only,test_a,,level_only,,paired_member_delta,92602
-0.10058894054507656,-0.005668681450462076,-0.10682270694353672,level_res,,,,,,,3528,7,level_res_minus_level_only,test_a,,level_only,,paired_member_delta,92602
-0.11177536672638616,-0.0018053597807153772,-0.12592739122523885,level_res,,,,,,,3552,8,level_res_minus_level_only,test_a,,level_only,,paired_member_delta,92602
-0.01583704795213603,0.0017316527596181741,-0.014140485936406377,level_res,,,,,,,3576,9,level_res_minus_level_only,test_a,,level_only,,paired_member_delta,92602
-0.03597132044424323,-0.002863244815528687,-0.05185219214412151,level_res,,,,,,,3600,10,level_res_minus_level_only,test_a,,level_only,,paired_member_delta,92602
-0.04768021497418917,-0.001379630998617043,-0.07051887406811524,level_res,,,,,,,3624,11,level_res_minus_level_only,test_a,,level_only,,paired_member_delta,92602
-0.1404264393461156,-0.006319645235278441,-0.2053042433195338,level_res,,,,,,,3648,12,level_res_minus_level_only,test_a,,level_only,,paired_member_delta,92602
-0.12586980471878279,-7.613604733099077e-05,-0.13434405557314216,level_res,,,,,,,3672,13,level_res_minus_level_only,test_a,,level_only,,paired_member_delta,92602
-0.10165890977848047,-0.003110756659332442,-0.138917794843448,level_res,,,,,,,3696,14,level_res_minus_level_only,test_a,,level_only,,paired_member_delta,92602
-0.10707520464248044,-0.015462989165612,-0.1506866689208099,level_res,,,,,,,3720,15,level_res_minus_level_only,test_a,,level_only,,paired_member_delta,92602
-0.027722314589054275,0.0016972879586996947,-0.045797274366614626,level_res,,,,,,,3744,16,level_res_minus_level_only,test_a,,level_only,,paired_member_delta,92602
0.03974648467356379,-0.007425439165101619,0.44732501021947224,level_res,,,,,,,3768,17,level_res_minus_level_only,test_a,,level_only,,paired_member_delta,92602
-0.01570490458934548,-0.00999429372057098,0.05815184392624434,level_res,,,,,,,3792,18,level_res_minus_level_only,test_a,,level_only,,paired_member_delta,92602
-0.0542866189977812,-0.013671078276363963,-0.037804593313117196,level_res,,,,,,,3816,19,level_res_minus_level_only,test_a,,level_only,,paired_member_delta,92602
-0.07652690076193885,-0.003044650876237189,-0.09234358387490088,level_res,,,,,,,3840,20,level_res_minus_level_only,test_a,,level_only,,paired_member_delta,92602
-0.06136952089725001,-0.0075454979897568025,-0.08499323978806106,level_res,,,,,,,3864,21,level_res_minus_level_only,test_a,,level_only,,paired_member_delta,92602
-0.04914387783455648,-0.009041433126720434,-0.09185816033810718,level_res,,,,,,,3888,22,level_res_minus_level_only,test_a,,level_only,,paired_member_delta,92602
-0.05747329843499899,-0.004322395898520433,-0.07953531393332047,level_res,,,,,,,3912,23,level_res_minus_level_only,test_a,,level_only,,paired_member_delta,92602
-0.07063985842864451,-0.0031680521126106094,-0.13314490273152896,level_res,,,,,,,3936,24,level_res_minus_level_only,test_a,,level_only,,paired_member_delta,92602
-0.08204101915379952,0.0010238497463219282,-0.15508767070624163,level_res,,,,,,,3960,25,level_res_minus_level_only,test_a,,level_only,,paired_member_delta,92602
-0.11851873336925955,-0.007591364197615609,-0.18237431153199082,level_res,,,,,,,3984,26,level_res_minus_level_only,test_a,,level_only,,paired_member_delta,92602
-0.1625077545291324,-0.007916641882712044,-0.28050169771114253,level_res,,,,,,,4008,27,level_res_minus_level_only,test_a,,level_only,,paired_member_delta,92602
-0.08019014309370415,-0.0011737182298127355,-0.10901739688058437,level_res,,,,,,,4032,28,level_res_minus_level_only,test_a,,level_only,,paired_member_delta,92602
0.02227777337390635,-0.006900754686463263,0.007758427174602012,level_res,,,,,,,4056,29,level_res_minus_level_only,test_a,,level_only,,paired_member_delta,92602
-0.06761998653083162,-0.0067563794425451185,-0.10117696002060844,level_res,,,,,,,4080,30,level_res_minus_level_only,test_a,,level_only,,paired_member_delta,92602
-0.08548499726834158,-0.0029389327346329014,-0.1523003115784436,level_res,,,,,,,4104,31,level_res_minus_level_only,test_a,,level_only,,paired_member_delta,92602
-0.10771023418055847,-0.004393403451460614,-0.15462976804829626,level_res,,,,,,,4128,32,level_res_minus_level_only,test_a,,level_only,,paired_member_delta,92602
-0.10122472367377261,-0.009125372623184733,-0.12946394473599598,level_res,,,,,,,4152,33,level_res_minus_level_only,test_a,,level_only,,paired_member_delta,92602
-0.11821340896958465,-0.004295089759740647,-0.1530360868917698,level_res,,,,,,,4176,34,level_res_minus_level_only,test_a,,level_only,,paired_member_delta,92602
-0.07211775218670746,-0.006372448164220973,-0.11545126539424641,level_res,,,,,,,4200,35,level_res_minus_level_only,test_a,,level_only,,paired_member_delta,92602
-0.0270412319851126,-0.008065935842893723,-0.053139804590832396,level_res,,,,,,,4224,36,level_res_minus_level_only,test_a,,level_only,,paired_member_delta,92602
-0.05837789811901564,-0.0038937697034128332,-0.08710435747914601,level_res,,,,,,,4248,37,level_res_minus_level_only,test_a,,level_only,,paired_member_delta,92602
-0.10940023480147565,-0.00436452979121503,-0.1848153005967405,level_res,,,,,,,4272,38,level_res_minus_level_only,test_a,,level_only,,paired_member_delta,92602
-0.15629064911684276,-0.015456487616414532,-0.2616274482776114,level_res,,,,,,,4296,39,level_res_minus_level_only,test_a,,level_only,,paired_member_delta,92602
-0.09508371112101216,-0.002151646149143869,-0.15948825911460948,level_res,,,,,,,4344,40,level_res_minus_level_only,test_b,,level_only,,paired_member_delta,92602
-0.08767233677573649,-0.004249520805280876,-0.11945740814436173,level_res,,,,,,,4368,41,level_res_minus_level_only,test_b,,level_only,,paired_member_delta,92602
-0.03777789003695087,-0.012008007523357211,-0.057332777338042346,level_res,,,,,,,4392,42,level_res_minus_level_only,test_b,,level_only,,paired_member_delta,92602
-0.11608789444846263,-0.007503461836855492,-0.1843347213215854,level_res,,,,,,,4416,43,level_res_minus_level_only,test_b,,level_only,,paired_member_delta,92602
-0.13655175192067037,-0.0038936735774554865,-0.21843533084924419,level_res,,,,,,,4440,44,level_res_minus_level_only,test_b,,level_only,,paired_member_delta,92602
-0.13730881911903325,-0.0032710238615525702,-0.212828996232526,level_res,,,,,,,4464,45,level_res_minus_level_only,test_b,,level_only,,paired_member_delta,92602
-0.10714290388768499,0.0006282540019966806,-0.14222202130840358,level_res,,,,,,,4488,46,level_res_minus_level_only,test_b,,level_only,,paired_member_delta,92602
-0.17638792178488572,-0.011196131546360752,-0.21440294817365252,level_res,,,,,,,4512,47,level_res_minus_level_only,test_b,,level_only,,paired_member_delta,92602
-0.08567192134967844,-0.001645044519511217,-0.12175192863517134,level_res,,,,,,,4536,48,level_res_minus_level_only,test_b,,level_only,,paired_member_delta,92602
-0.061795987298383426,-0.012038157951525026,-0.11559675089715882,level_res,,,,,,,4560,49,level_res_minus_level_only,test_b,,level_only,,paired_member_delta,92602
-0.06711780455068445,-0.004665223689859404,-0.09107087629711871,level_res,,,,,,,4584,50,level_res_minus_level_only,test_b,,level_only,,paired_member_delta,92602
-0.12233598680262836,-0.004534471156897351,-0.2150301582770036,level_res,,,,,,,4608,51,level_res_minus_level_only,test_b,,level_only,,paired_member_delta,92602
-0.15665464165766596,-0.0050076264431517525,-0.2281011302308016,level_res,,,,,,,4632,52,level_res_minus_level_only,test_b,,level_only,,paired_member_delta,92602
-0.12278850018072479,-0.00287044013156465,-0.15493594062063376,level_res,,,,,,,4656,53,level_res_minus_level_only,test_b,,level_only,,paired_member_delta,92602
-0.11521543486970567,-0.005498668434002499,-0.16121401314223194,level_res,,,,,,,4680,54,level_res_minus_level_only,test_b,,level_only,,paired_member_delta,92602
-0.06820642200182192,-0.0059075508627346625,-0.11862493253571828,level_res,,,,,,,4704,55,level_res_minus_level_only,test_b,,level_only,,paired_member_delta,92602
0.024030184117602382,0.0037829113539819686,0.01684033943698418,level_res,,,,,,,4728,56,level_res_minus_level_only,test_b,,level_only,,paired_member_delta,92602
-0.04613747331542056,-0.0012507729013176427,-0.0193100938748334,level_res,,,,,,,4752,57,level_res_minus_level_only,test_b,,level_only,,paired_member_delta,92602
-0.06535887391152195,-0.0020751295234161526,0.04940958368378223,level_res,,,,,,,4776,58,level_res_minus_level_only,test_b,,level_only,,paired_member_delta,92602
0.010705143771512105,0.003811747023115819,0.3645464196138968,level_res,,,,,,,4800,59,level_res_minus_level_only,test_b,,level_only,,paired_member_delta,92602
-0.02764209154103059,-0.004126512357627281,0.019306385079143396,level_res,,,,,,,4824,60,level_res_minus_level_only,test_b,,level_only,,paired_member_delta,92602
-0.06967093598716162,0.0009072288122101146,-0.0852090431533557,level_res,,,,,,,4848,61,level_res_minus_level_only,test_b,,level_only,,paired_member_delta,92602
-0.07140997943055233,-0.0024495866724892623,-0.04757152088518801,level_res,,,,,,,4872,62,level_res_minus_level_only,test_b,,level_only,,paired_member_delta,92602
-0.015325437162519995,-0.0048328623604760035,0.025564347443875868,level_res,,,,,,,4896,63,level_res_minus_level_only,test_b,,level_only,,paired_member_delta,92602
-0.006513691174012459,-0.008066699931434558,0.005789430067026341,level_res,,,,,,,4920,64,level_res_minus_level_only,test_b,,level_only,,paired_member_delta,92602
-0.027529981070056553,-0.007066410980484106,-0.059087230023927684,level_res,,,,,,,4944,65,level_res_minus_level_only,test_b,,level_only,,paired_member_delta,92602
-0.03239378849542063,-0.0005834015615868715,-0.03992259231201034,level_res,,,,,,,4968,66,level_res_minus_level_only,test_b,,level_only,,paired_member_delta,92602
-0.03919664212484275,-0.01586378151185666,-0.0408730681083222,level_res,,,,,,,4992,67,level_res_minus_level_only,test_b,,level_only,,paired_member_delta,92602
-0.0033219487245956802,-0.005700866808183491,-0.019291121805754805,level_res,,,,,,,5016,68,level_res_minus_level_only,test_b,,level_only,,paired_member_delta,92602
0.004973776181406486,-0.005408865413354599,0.009115595179432529,level_res,,,,,,,5040,69,level_res_minus_level_only,test_b,,level_only,,paired_member_delta,92602
0.0065580974241681855,0.0019226304036291178,0.024296533105320622,level_res,,,,,,,5064,70,level_res_minus_level_only,test_b,,level_only,,paired_member_delta,92602
0.00692649846942181,-0.005777624889970849,-0.00584540501485728,level_res,,,,,,,5088,71,level_res_minus_level_only,test_b,,level_only,,paired_member_delta,92602
0.014545305451725166,-0.0046648067061551834,0.008476185298247008,level_res,,,,,,,5112,72,level_res_minus_level_only,test_b,,level_only,,paired_member_delta,92602
-0.04818682242059333,-0.012537979638984648,-0.071383263583846,level_res,,,,,,,5136,73,level_res_minus_level_only,test_b,,level_only,,paired_member_delta,92602
-0.03058569935876898,-0.004781172722669355,-0.027950574013254403,level_res,,,,,,,5160,74,level_res_minus_level_only,test_b,,level_only,,paired_member_delta,92602
-0.019673198237832562,-0.0030611989261838148,-0.031177900556180374,level_res,,,,,,,5184,75,level_res_minus_level_only,test_b,,level_only,,paired_member_delta,92602
-0.03726547695331131,-0.010156349169419092,-0.10215611196276453,level_res,,,,,,,5208,76,level_res_minus_level_only,test_b,,level_only,,paired_member_delta,92602
0.00016038537975038292,0.0029034712443164745,0.005834160513244008,level_res,,,,,,,5232,77,level_res_minus_level_only,test_b,,level_only,,paired_member_delta,92602
-0.016470619632552086,-0.0020463062340722363,-0.022667499184476567,level_res,,,,,,,5256,78,level_res_minus_level_only,test_b,,level_only,,paired_member_delta,92602
-0.017100697832967304,-0.0016178799240722103,-0.044484601132827956,level_res,,,,,,,5280,79,level_res_minus_level_only,test_b,,level_only,,paired_member_delta,92602
-0.04253460207359702,-0.006337360193605944,0.001589105005787128,level_res,,,,,,0.0,3360,0,level_res_minus_level_only,test_a,0.001589105005787128,level_only,,pair_mean_seed_loss_delta,mean_of_paired_member_losses
0.060677819040731745,-0.009581490323933614,0.15549899308035706,level_res,,,,,,0.0,3384,1,level_res_minus_level_only,test_a,0.15549899308035706,level_only,,pair_mean_seed_loss_delta,mean_of_paired_member_losses
-0.05598440704246363,-0.003969172641233185,-0.06676691096676078,level_res,,,,,,-0.06676691096676078,3408,2,level_res_minus_level_only,test_a,0.0,level_only,,pair_mean_seed_loss_delta,mean_of_paired_member_losses
-0.017833330946992743,-0.0007113106411826969,-0.009220952882035574,level_res,,,,,,-0.009220952882035574,3432,3,level_res_minus_level_only,test_a,0.0,level_only,,pair_mean_seed_loss_delta,mean_of_paired_member_losses
-0.05945373065176185,-0.003089732390043197,-0.06610907931682422,level_res,,,,,,-0.06610907931682422,3456,4,level_res_minus_level_only,test_a,0.0,level_only,,pair_mean_seed_loss_delta,mean_of_paired_member_losses
-0.055905076693948924,-0.0009859613001383105,-0.048964072207962214,level_res,,,,,,-0.048964072207962214,3480,5,level_res_minus_level_only,test_a,0.0,level_only,,pair_mean_seed_loss_delta,mean_of_paired_member_losses
-0.07460959033364906,-0.006499212324235809,-0.0829121433775315,level_res,,,,,,-0.0829121433775315,3504,6,level_res_minus_level_only,test_a,0.0,level_only,,pair_mean_seed_loss_delta,mean_of_paired_member_losses
-0.09867127657886231,-0.005533438196460549,-0.1056689310694815,level_res,,,,,,-0.1056689310694815,3528,7,level_res_minus_level_only,test_a,0.0,level_only,,pair_mean_seed_loss_delta,mean_of_paired_member_losses
-0.10964060416810358,-0.001905527340211705,-0.12486109209416565,level_res,,,,,,-0.12486109209416565,3552,8,level_res_minus_level_only,test_a,0.0,level_only,,pair_mean_seed_loss_delta,mean_of_paired_member_losses
-0.015889951544380165,0.0017875587246974356,-0.014028543101252178,level_res,,,,,,-0.014028543101252178,3576,9,level_res_minus_level_only,test_a,0.0,level_only,,pair_mean_seed_loss_delta,mean_of_paired_member_losses
-0.03529432894862894,-0.002522153158982604,-0.051723906845892564,level_res,,,,,,-0.051723906845892564,3600,10,level_res_minus_level_only,test_a,0.0,level_only,,pair_mean_seed_loss_delta,mean_of_paired_member_losses
-0.04766620332934415,-0.0012703662482547173,-0.0697541412462406,level_res,,,,,,-0.0697541412462406,3624,11,level_res_minus_level_only,test_a,0.0,level_only,,pair_mean_seed_loss_delta,mean_of_paired_member_losses
-0.14146409103733615,-0.006434082345781371,-0.20693540502219887,level_res,,,,,,-0.20693540502219887,3648,12,level_res_minus_level_only,test_a,0.0,level_only,,pair_mean_seed_loss_delta,mean_of_paired_member_losses
-0.1228327529531146,0.00011206803587721775,-0.13301965604823107,level_res,,,,,,-0.13301965604823107,3672,13,level_res_minus_level_only,test_a,0.0,level_only,,pair_mean_seed_loss_delta,mean_of_paired_member_losses
-0.10009391278093543,-0.0031689265925510246,-0.13824630016087575,level_res,,,,,,-0.13824630016087575,3696,14,level_res_minus_level_only,test_a,0.0,level_only,,pair_mean_seed_loss_delta,mean_of_paired_member_losses
-0.10553053771168469,-0.015420955153839552,-0.14901171455074483,level_res,,,,,,-0.14901171455074483,3720,15,level_res_minus_level_only,test_a,0.0,level_only,,pair_mean_seed_loss_delta,mean_of_paired_member_losses
-0.027250969969649236,0.0015386678369752327,-0.046580554263049745,level_res,,,,,,-0.046580554263049745,3744,16,level_res_minus_level_only,test_a,0.0,level_only,,pair_mean_seed_loss_delta,mean_of_paired_member_losses
0.035776865912838796,-0.007217068483085169,0.43699564349992825,level_res,,,,,,0.0,3768,17,level_res_minus_level_only,test_a,0.43699564349992825,level_only,,pair_mean_seed_loss_delta,mean_of_paired_member_losses
-0.019330140977057014,-0.00980158183294548,0.05493116352134947,level_res,,,,,,0.0,3792,18,level_res_minus_level_only,test_a,0.05493116352134947,level_only,,pair_mean_seed_loss_delta,mean_of_paired_member_losses
-0.05486330846228979,-0.013374837699124259,-0.03863805954357355,level_res,,,,,,-0.03863805954357355,3816,19,level_res_minus_level_only,test_a,0.0,level_only,,pair_mean_seed_loss_delta,mean_of_paired_member_losses
-0.0764410037532513,-0.002786395126296317,-0.09337723921078617,level_res,,,,,,-0.09337723921078617,3840,20,level_res_minus_level_only,test_a,0.0,level_only,,pair_mean_seed_loss_delta,mean_of_paired_member_losses
-0.06328957592232456,-0.007491187763162981,-0.08756613207919989,level_res,,,,,,-0.08756613207919989,3864,21,level_res_minus_level_only,test_a,0.0,level_only,,pair_mean_seed_loss_delta,mean_of_paired_member_losses
-0.047956694823726304,-0.009191180291749972,-0.09193686988046844,level_res,,,,,,-0.09193686988046844,3888,22,level_res_minus_level_only,test_a,0.0,level_only,,pair_mean_seed_loss_delta,mean_of_paired_member_losses
-0.060825736923303064,-0.004339341572417383,-0.08094341217655178,level_res,,,,,,-0.08094341217655178,3912,23,level_res_minus_level_only,test_a,0.0,level_only,,pair_mean_seed_loss_delta,mean_of_paired_member_losses
-0.06678410294675727,-0.0027557706857538403,-0.13007259613977173,level_res,,,,,,-0.13007259613977173,3936,24,level_res_minus_level_only,test_a,0.0,level_only,,pair_mean_seed_loss_delta,mean_of_paired_member_losses
-0.07895113157528436,0.0012383654567540842,-0.1508572910364925,level_res,,,,,,-0.1508572910364925,3960,25,level_res_minus_level_only,test_a,0.0,level_only,,pair_mean_seed_loss_delta,mean_of_paired_member_losses
-0.11871338786109914,-0.007313685158413709,-0.1831049649992574,level_res,,,,,,-0.1831049649992574,3984,26,level_res_minus_level_only,test_a,0.0,level_only,,pair_mean_seed_loss_delta,mean_of_paired_member_losses
-0.16153188436018193,-0.007392096123201582,-0.2786381591610468,level_res,,,,,,-0.2786381591610468,4008,27,level_res_minus_level_only,test_a,0.0,level_only,,pair_mean_seed_loss_delta,mean_of_paired_member_losses
-0.08068124863533668,-0.0011352443515195258,-0.10933451700616675,level_res,,,,,,-0.10933451700616675,4032,28,level_res_minus_level_only,test_a,0.0,level_only,,pair_mean_seed_loss_delta,mean_of_paired_member_losses
0.02399710079372,-0.006852291184294902,0.010386530416648256,level_res,,,,,,0.0,4056,29,level_res_minus_level_only,test_a,0.010386530416648256,level_only,,pair_mean_seed_loss_delta,mean_of_paired_member_losses
-0.06687782437303194,-0.00689677228493725,-0.09949175757074279,level_res,,,,,,-0.09949175757074279,4080,30,level_res_minus_level_only,test_a,0.0,level_only,,pair_mean_seed_loss_delta,mean_of_paired_member_losses
-0.08419554035907484,-0.0026641246228131903,-0.151923757761156,level_res,,,,,,-0.151923757761156,4104,31,level_res_minus_level_only,test_a,0.0,level_only,,pair_mean_seed_loss_delta,mean_of_paired_member_losses
-0.1058729678094524,-0.004283141219810418,-0.15322218262062304,level_res,,,,,,-0.15322218262062304,4128,32,level_res_minus_level_only,test_a,0.0,level_only,,pair_mean_seed_loss_delta,mean_of_paired_member_losses
-0.10149145298226575,-0.009077383008986417,-0.1311250349148082,level_res,,,,,,-0.1311250349148082,4152,33,level_res_minus_level_only,test_a,0.0,level_only,,pair_mean_seed_loss_delta,mean_of_paired_member_losses
-0.11747310680705897,-0.00408066321631172,-0.15197174809604944,level_res,,,,,,-0.15197174809604944,4176,34,level_res_minus_level_only,test_a,0.0,level_only,,pair_mean_seed_loss_delta,mean_of_paired_member_losses
-0.0716145110336405,-0.006454946334569653,-0.11454687202385058,level_res,,,,,,-0.11454687202385058,4200,35,level_res_minus_level_only,test_a,0.0,level_only,,pair_mean_seed_loss_delta,mean_of_paired_member_losses
-0.025016590893524232,-0.00818646943205785,-0.05141002259943264,level_res,,,,,,-0.05141002259943264,4224,36,level_res_minus_level_only,test_a,0.0,level_only,,pair_mean_seed_loss_delta,mean_of_paired_member_losses
-0.05827447448003416,-0.003787717799080867,-0.08692644798313687,level_res,,,,,,-0.08692644798313687,4248,37,level_res_minus_level_only,test_a,0.0,level_only,,pair_mean_seed_loss_delta,mean_of_paired_member_losses
-0.10864618280331845,-0.00410329746470476,-0.18581607485244886,level_res,,,,,,-0.18581607485244886,4272,38,level_res_minus_level_only,test_a,0.0,level_only,,pair_mean_seed_loss_delta,mean_of_paired_member_losses
-0.1578935761890356,-0.015176039595412565,-0.26122299456105696,level_res,,,,,,-0.26122299456105696,4296,39,level_res_minus_level_only,test_a,0.0,level_only,,pair_mean_seed_loss_delta,mean_of_paired_member_losses
-0.09716547619980556,-0.0019703135465034376,-0.1598648448269357,level_res,,,,,,-0.1598648448269357,4344,40,level_res_minus_level_only,test_b,0.0,level_only,,pair_mean_seed_loss_delta,mean_of_paired_member_losses
-0.08777822050786413,-0.004453009412185675,-0.11947701009432043,level_res,,,,,,-0.11947701009432043,4368,41,level_res_minus_level_only,test_b,0.0,level_only,,pair_mean_seed_loss_delta,mean_of_paired_member_losses
-0.03482820171584358,-0.011985608475858018,-0.05449488237599484,level_res,,,,,,-0.05449488237599484,4392,42,level_res_minus_level_only,test_b,0.0,level_only,,pair_mean_seed_loss_delta,mean_of_paired_member_losses
-0.11593926196013958,-0.007446615187469504,-0.18263890271057898,level_res,,,,,,-0.18263890271057898,4416,43,level_res_minus_level_only,test_b,0.0,level_only,,pair_mean_seed_loss_delta,mean_of_paired_member_losses
-0.13661767142783743,-0.003844199925843707,-0.2186968374958277,level_res,,,,,,-0.2186968374958277,4440,44,level_res_minus_level_only,test_b,0.0,level_only,,pair_mean_seed_loss_delta,mean_of_paired_member_losses
-0.13487769822548965,-0.0029603323006692044,-0.21063539109570678,level_res,,,,,,-0.21063539109570678,4464,45,level_res_minus_level_only,test_b,0.0,level_only,,pair_mean_seed_loss_delta,mean_of_paired_member_losses
-0.10743574499536085,0.0005957424987618832,-0.14165664074057094,level_res,,,,,,-0.14165664074057094,4488,46,level_res_minus_level_only,test_b,0.0,level_only,,pair_mean_seed_loss_delta,mean_of_paired_member_losses
-0.1790280607939862,-0.01122287369970068,-0.21565842508221744,level_res,,,,,,-0.21565842508221744,4512,47,level_res_minus_level_only,test_b,0.0,level_only,,pair_mean_seed_loss_delta,mean_of_paired_member_losses
-0.08605951286724534,-0.001424999261621901,-0.1213399946539444,level_res,,,,,,-0.1213399946539444,4536,48,level_res_minus_level_only,test_b,0.0,level_only,,pair_mean_seed_loss_delta,mean_of_paired_member_losses
-0.0597224295157574,-0.01195430138385763,-0.11265200424508359,level_res,,,,,,-0.11265200424508359,4560,49,level_res_minus_level_only,test_b,0.0,level_only,,pair_mean_seed_loss_delta,mean_of_paired_member_losses
-0.06472887114197123,-0.004503119202768978,-0.08832837786453027,level_res,,,,,,-0.08832837786453027,4584,50,level_res_minus_level_only,test_b,0.0,level_only,,pair_mean_seed_loss_delta,mean_of_paired_member_losses
-0.1197666188498831,-0.004191838546117365,-0.21334298853121694,level_res,,,,,,-0.21334298853121694,4608,51,level_res_minus_level_only,test_b,0.0,level_only,,pair_mean_seed_loss_delta,mean_of_paired_member_losses
-0.15465154356149702,-0.004667269291958827,-0.22628383540299257,level_res,,,,,,-0.22628383540299257,4632,52,level_res_minus_level_only,test_b,0.0,level_only,,pair_mean_seed_loss_delta,mean_of_paired_member_losses
-0.12381054440986336,-0.002522486834969445,-0.15450215310501014,level_res,,,,,,-0.15450215310501014,4656,53,level_res_minus_level_only,test_b,0.0,level_only,,pair_mean_seed_loss_delta,mean_of_paired_member_losses
-0.11951784653145152,-0.005224565397571393,-0.16404474156868062,level_res,,,,,,-0.16404474156868062,4680,54,level_res_minus_level_only,test_b,0.0,level_only,,pair_mean_seed_loss_delta,mean_of_paired_member_losses
-0.06729450533862737,-0.005621011620022209,-0.11740529349831424,level_res,,,,,,-0.11740529349831424,4704,55,level_res_minus_level_only,test_b,0.0,level_only,,pair_mean_seed_loss_delta,mean_of_paired_member_losses
0.022245497803441178,0.003737111799601539,0.015828964024105913,level_res,,,,,,0.0,4728,56,level_res_minus_level_only,test_b,0.015828964024105913,level_only,,pair_mean_seed_loss_delta,mean_of_paired_member_losses
-0.04756784799746147,-0.0013593914735989254,-0.02276407218388804,level_res,,,,,,-0.02276407218388804,4752,57,level_res_minus_level_only,test_b,0.0,level_only,,pair_mean_seed_loss_delta,mean_of_paired_member_losses
-0.06684616110259045,-0.0018649388356076768,0.04353805802044031,level_res,,,,,,0.0,4776,58,level_res_minus_level_only,test_b,0.04353805802044031,level_only,,pair_mean_seed_loss_delta,mean_of_paired_member_losses
0.0090679508085581,0.003984290445966182,0.352996996475879,level_res,,,,,,0.0,4800,59,level_res_minus_level_only,test_b,0.352996996475879,level_only,,pair_mean_seed_loss_delta,mean_of_paired_member_losses
-0.02925626218419375,-0.003899412380312297,0.01696486831432184,level_res,,,,,,0.0,4824,60,level_res_minus_level_only,test_b,0.01696486831432184,level_only,,pair_mean_seed_loss_delta,mean_of_paired_member_losses
-0.06774150561621212,0.000993318287381792,-0.08400854353360893,level_res,,,,,,-0.08400854353360893,4848,61,level_res_minus_level_only,test_b,0.0,level_only,,pair_mean_seed_loss_delta,mean_of_paired_member_losses
-0.07103723942190318,-0.002740135959660009,-0.04906726978783134,level_res,,,,,,-0.04906726978783134,4872,62,level_res_minus_level_only,test_b,0.0,level_only,,pair_mean_seed_loss_delta,mean_of_paired_member_losses
-0.01613180920685406,-0.0051081487383949215,0.02437779136330394,level_res,,,,,,0.0,4896,63,level_res_minus_level_only,test_b,0.02437779136330394,level_only,,pair_mean_seed_loss_delta,mean_of_paired_member_losses
-0.0091312030961882,-0.008110229829874107,0.0053488714846847835,level_res,,,,,,0.0,4920,64,level_res_minus_level_only,test_b,0.0053488714846847835,level_only,,pair_mean_seed_loss_delta,mean_of_paired_member_losses
-0.03189005448931467,-0.007100562460311932,-0.06206683914890032,level_res,,,,,,-0.06206683914890032,4944,65,level_res_minus_level_only,test_b,0.0,level_only,,pair_mean_seed_loss_delta,mean_of_paired_member_losses
-0.030695311938567726,-0.000417104901691126,-0.038426643515037495,level_res,,,,,,-0.038426643515037495,4968,66,level_res_minus_level_only,test_b,0.0,level_only,,pair_mean_seed_loss_delta,mean_of_paired_member_losses
-0.03922936245890368,-0.01560877945146287,-0.04091484150242555,level_res,,,,,,-0.04091484150242555,4992,67,level_res_minus_level_only,test_b,0.0,level_only,,pair_mean_seed_loss_delta,mean_of_paired_member_losses
-0.004807632524627431,-0.005448601564721149,-0.01976805228586659,level_res,,,,,,-0.01976805228586659,5016,68,level_res_minus_level_only,test_b,0.0,level_only,,pair_mean_seed_loss_delta,mean_of_paired_member_losses
0.004425636664439236,-0.005381778682645992,0.008845835046792344,level_res,,,,,,0.0,5040,69,level_res_minus_level_only,test_b,0.008845835046792344,level_only,,pair_mean_seed_loss_delta,mean_of_paired_member_losses
0.006043827658811313,0.001519269620378811,0.023437292142551164,level_res,,,,,,0.0,5064,70,level_res_minus_level_only,test_b,0.023437292142551164,level_only,,pair_mean_seed_loss_delta,mean_of_paired_member_losses
0.0058253532624803345,-0.005696714242838106,-0.00630177021626413,level_res,,,,,,-0.00630177021626413,5088,71,level_res_minus_level_only,test_b,0.0,level_only,,pair_mean_seed_loss_delta,mean_of_paired_member_losses
0.011823736954087782,-0.004483690568675078,0.005501725198535895,level_res,,,,,,0.0,5112,72,level_res_minus_level_only,test_b,0.005501725198535895,level_only,,pair_mean_seed_loss_delta,mean_of_paired_member_losses
-0.047087342947705516,-0.0120676199448473,-0.07011897968204811,level_res,,,,,,-0.07011897968204811,5136,73,level_res_minus_level_only,test_b,0.0,level_only,,pair_mean_seed_loss_delta,mean_of_paired_member_losses
-0.030125910581880494,-0.004707663033531942,-0.027311130570763946,level_res,,,,,,-0.027311130570763946,5160,74,level_res_minus_level_only,test_b,0.0,level_only,,pair_mean_seed_loss_delta,mean_of_paired_member_losses
-0.0227068390551151,-0.0029891781034130675,-0.03229580899467277,level_res,,,,,,-0.03229580899467277,5184,75,level_res_minus_level_only,test_b,0.0,level_only,,pair_mean_seed_loss_delta,mean_of_paired_member_losses
-0.03970096630099067,-0.009993388810578516,-0.1022854769952008,level_res,,,,,,-0.1022854769952008,5208,76,level_res_minus_level_only,test_b,0.0,level_only,,pair_mean_seed_loss_delta,mean_of_paired_member_losses
0.0008865459959077615,0.0027495847658856824,0.007692096071913998,level_res,,,,,,0.0,5232,77,level_res_minus_level_only,test_b,0.007692096071913998,level_only,,pair_mean_seed_loss_delta,mean_of_paired_member_losses
-0.0171976955196656,-0.00204427522954111,-0.022940722236406655,level_res,,,,,,-0.022940722236406655,5256,78,level_res_minus_level_only,test_b,0.0,level_only,,pair_mean_seed_loss_delta,mean_of_paired_member_losses
-0.01947693211624546,-0.001379421096085116,-0.04558989129961048,level_res,,,,,,-0.04558989129961048,5280,79,level_res_minus_level_only,test_b,0.0,level_only,,pair_mean_seed_loss_delta,mean_of_paired_member_losses
0.029562534291186493,-0.0021922266973620763,0.033051634925845064,level_res,,,,,,,3360,0,level_res_minus_f0,test_a,,f0,,paired_member_delta,92601
0.08977756259150294,0.03676603888115827,0.13085524626773937,level_res,,,,,,,3384,1,level_res_minus_f0,test_a,,f0,,paired_member_delta,92601
0.05417185713190076,0.05784222962992157,0.046486653320066795,level_res,,,,,,,3408,2,level_res_minus_f0,test_a,,f0,,paired_member_delta,92601
0.03726332560800788,-0.020928402527180666,0.01797028586536603,level_res,,,,,,,3432,3,level_res_minus_f0,test_a,,f0,,paired_member_delta,92601
0.05225295235526142,0.01996895122597469,0.05609379228797533,level_res,,,,,,,3456,4,level_res_minus_f0,test_a,,f0,,paired_member_delta,92601
0.02295649108447262,-0.03203370085661757,0.01698646953507335,level_res,,,,,,,3480,5,level_res_minus_f0,test_a,,f0,,paired_member_delta,92601
0.036819085794359496,-0.014366783265608779,0.033522923110097386,level_res,,,,,,,3504,6,level_res_minus_f0,test_a,,f0,,paired_member_delta,92601
0.027265065682905848,-0.024901773406229177,0.011383573621155316,level_res,,,,,,,3528,7,level_res_minus_f0,test_a,,f0,,paired_member_delta,92601
0.034287356465653174,0.01365381520807597,0.01068822944911707,level_res,,,,,,,3552,8,level_res_minus_f0,test_a,,f0,,paired_member_delta,92601
0.02618286654001606,0.0055319145013688065,0.006973132961114792,level_res,,,,,,,3576,9,level_res_minus_f0,test_a,,f0,,paired_member_delta,92601
0.012648228129061634,-0.037106482873615954,-0.018234166010080544,level_res,,,,,,,3600,10,level_res_minus_f0,test_a,,f0,,paired_member_delta,92601
0.012706106304939735,0.006828918400238804,-0.0027676286031931285,level_res,,,,,,,3624,11,level_res_minus_f0,test_a,,f0,,paired_member_delta,92601
0.019203766795815758,0.002816622410832411,0.012863032233059679,level_res,,,,,,,3648,12,level_res_minus_f0,test_a,,f0,,paired_member_delta,92601
0.004388539811628234,-0.019133757605838284,-0.019402084221156607,level_res,,,,,,,3672,13,level_res_minus_f0,test_a,,f0,,paired_member_delta,92601
0.020114240241145664,-0.026246684173112916,-0.0019498267263331759,level_res,,,,,,,3696,14,level_res_minus_f0,test_a,,f0,,paired_member_delta,92601
0.03588930026550469,-0.032221782651236826,0.01374014890447356,level_res,,,,,,,3720,15,level_res_minus_f0,test_a,,f0,,paired_member_delta,92601
0.04958575417963318,0.05609995225791399,-0.004292867639678732,level_res,,,,,,,3744,16,level_res_minus_f0,test_a,,f0,,paired_member_delta,92601
0.04570910038755227,0.1251156256995255,0.2005398152646095,level_res,,,,,,,3768,17,level_res_minus_f0,test_a,,f0,,paired_member_delta,92601
0.13486669163730947,0.05281067160688632,0.2893048255235852,level_res,,,,,,,3792,18,level_res_minus_f0,test_a,,f0,,paired_member_delta,92601
0.12934404677242345,0.001991813816073107,0.18440954557848777,level_res,,,,,,,3816,19,level_res_minus_f0,test_a,,f0,,paired_member_delta,92601
0.09945051600259508,0.0007524955110377908,0.15121119513414252,level_res,,,,,,,3840,20,level_res_minus_f0,test_a,,f0,,paired_member_delta,92601
0.07578358505784041,-0.0019126058391788422,0.07427597298117748,level_res,,,,,,,3864,21,level_res_minus_f0,test_a,,f0,,paired_member_delta,92601
0.10711227920860528,0.04840319451200319,0.06912388503998253,level_res,,,,,,,3888,22,level_res_minus_f0,test_a,,f0,,paired_member_delta,92601
0.07576119638157677,0.012094100183971664,0.06477563559771748,level_res,,,,,,,3912,23,level_res_minus_f0,test_a,,f0,,paired_member_delta,92601
0.09540337389540476,0.050810511546967294,0.1075108769298671,level_res,,,,,,,3936,24,level_res_minus_f0,test_a,,f0,,paired_member_delta,92601
0.09339315960110695,0.031128469820353475,0.08868701962736926,level_res,,,,,,,3960,25,level_res_minus_f0,test_a,,f0,,paired_member_delta,92601
0.047577691965225155,-0.000550461499312635,0.03455122047432137,level_res,,,,,,,3984,26,level_res_minus_f0,test_a,,f0,,paired_member_delta,92601
0.04261960011810478,-0.0014592880797150154,0.024979019970430866,level_res,,,,,,,4008,27,level_res_minus_f0,test_a,,f0,,paired_member_delta,92601
0.021205057659387294,-0.018101293219289938,-0.02390546012320338,level_res,,,,,,,4032,28,level_res_minus_f0,test_a,,f0,,paired_member_delta,92601
0.0008937612372249548,0.013592151566591187,-0.050471480401864305,level_res,,,,,,,4056,29,level_res_minus_f0,test_a,,f0,,paired_member_delta,92601
0.035842947397088876,-0.07396126186529942,0.011920903484489098,level_res,,,,,,,4080,30,level_res_minus_f0,test_a,,f0,,paired_member_delta,92601
0.07321926202755147,0.002514110622452749,0.04018678417741123,level_res,,,,,,,4104,31,level_res_minus_f0,test_a,,f0,,paired_member_delta,92601
0.057288907801586325,-0.011904310845934294,0.033218856166740446,level_res,,,,,,,4128,32,level_res_minus_f0,test_a,,f0,,paired_member_delta,92601
0.039695725091459105,0.016749575725007883,0.017547381978356313,level_res,,,,,,,4152,33,level_res_minus_f0,test_a,,f0,,paired_member_delta,92601
0.04377284025723188,0.003630761390405836,0.034454103267632374,level_res,,,,,,,4176,34,level_res_minus_f0,test_a,,f0,,paired_member_delta,92601
0.05634768332888865,0.02310495056650219,0.02854274412449051,level_res,,,,,,,4200,35,level_res_minus_f0,test_a,,f0,,paired_member_delta,92601
0.055525754495094753,0.0529879191342522,0.02093037713834897,level_res,,,,,,,4224,36,level_res_minus_f0,test_a,,f0,,paired_member_delta,92601
0.028566171554392006,0.04755716445837535,0.0015600486091876253,level_res,,,,,,,4248,37,level_res_minus_f0,test_a,,f0,,paired_member_delta,92601
0.00024159426810038687,0.095481028689035,-0.07613117875400555,level_res,,,,,,,4272,38,level_res_minus_f0,test_a,,f0,,paired_member_delta,92601
0.034710893005717,0.02109414461415772,0.017129507442866176,level_res,,,,,,,4296,39,level_res_minus_f0,test_a,,f0,,paired_member_delta,92601
0.03121465965466319,-0.013826201336604416,0.0027909312764652916,level_res,,,,,,,4344,40,level_res_minus_f0,test_b,,f0,,paired_member_delta,92601
0.019934006044458552,-0.08501571076282977,-0.022056002641050218,level_res,,,,,,,4368,41,level_res_minus_f0,test_b,,f0,,paired_member_delta,92601
0.06512269034283236,-0.02631805949803332,0.019093840438477908,level_res,,,,,,,4392,42,level_res_minus_f0,test_b,,f0,,paired_member_delta,92601
0.06212962608711392,-0.006474911518321902,0.041973089142012726,level_res,,,,,,,4416,43,level_res_minus_f0,test_b,,f0,,paired_member_delta,92601
0.09631521691677764,-0.03137215521350942,0.0801443368415076,level_res,,,,,,,4440,44,level_res_minus_f0,test_b,,f0,,paired_member_delta,92601
0.0558964326982295,-0.008320207372033858,0.020489441405301345,level_res,,,,,,,4464,45,level_res_minus_f0,test_b,,f0,,paired_member_delta,92601
0.01939358628428009,-0.012985533537050963,-0.0003619905726117978,level_res,,,,,,,4488,46,level_res_minus_f0,test_b,,f0,,paired_member_delta,92601
0.010471480007182954,-0.013618150683731645,-0.004993318514100231,level_res,,,,,,,4512,47,level_res_minus_f0,test_b,,f0,,paired_member_delta,92601
0.0587816030567731,-0.0010319688065233215,0.07776594037122128,level_res,,,,,,,4536,48,level_res_minus_f0,test_b,,f0,,paired_member_delta,92601
0.05564768254464747,-0.03042416794079484,0.09565419385135232,level_res,,,,,,,4560,49,level_res_minus_f0,test_b,,f0,,paired_member_delta,92601
0.10491272769229229,0.05763881202494981,0.12954189634225982,level_res,,,,,,,4584,50,level_res_minus_f0,test_b,,f0,,paired_member_delta,92601
0.1285906277731627,0.1183158044438517,0.12256791862388736,level_res,,,,,,,4608,51,level_res_minus_f0,test_b,,f0,,paired_member_delta,92601
0.05548886962088884,0.051047888137034925,0.04121765955069462,level_res,,,,,,,4632,52,level_res_minus_f0,test_b,,f0,,paired_member_delta,92601
0.030582612427607764,0.0202134657039435,0.04087999590473543,level_res,,,,,,,4656,53,level_res_minus_f0,test_b,,f0,,paired_member_delta,92601
0.061882916250718095,0.06230164472214586,0.04023598230656303,level_res,,,,,,,4680,54,level_res_minus_f0,test_b,,f0,,paired_member_delta,92601
0.05612492565491908,0.023759730751443584,0.04501608121237666,level_res,,,,,,,4704,55,level_res_minus_f0,test_b,,f0,,paired_member_delta,92601
0.07021847392852401,0.03621520076458361,0.05830013971840865,level_res,,,,,,,4728,56,level_res_minus_f0,test_b,,f0,,paired_member_delta,92601
0.024632562949395198,0.018152334718216284,-0.05242855054610923,level_res,,,,,,,4752,57,level_res_minus_f0,test_b,,f0,,paired_member_delta,92601
-0.00659185192473466,0.05166197827805763,-0.2097012852618143,level_res,,,,,,,4776,58,level_res_minus_f0,test_b,,f0,,paired_member_delta,92601
0.08637881520564206,-0.024335940392470834,0.3650519957203894,level_res,,,,,,,4800,59,level_res_minus_f0,test_b,,f0,,paired_member_delta,92601
0.041115796647728464,0.06254795145051664,0.06469948568611128,level_res,,,,,,,4824,60,level_res_minus_f0,test_b,,f0,,paired_member_delta,92601
0.06778827987556507,-0.013837087931403633,0.11023118862193576,level_res,,,,,,,4848,61,level_res_minus_f0,test_b,,f0,,paired_member_delta,92601
0.060023076387747704,-0.12205069214470829,0.08718217490628183,level_res,,,,,,,4872,62,level_res_minus_f0,test_b,,f0,,paired_member_delta,92601
0.04148524146362703,-0.16149396515524417,0.03584279585359937,level_res,,,,,,,4896,63,level_res_minus_f0,test_b,,f0,,paired_member_delta,92601
0.058696361031644606,-0.017301710139887003,0.062499877243111845,level_res,,,,,,,4920,64,level_res_minus_f0,test_b,,f0,,paired_member_delta,92601
0.03208096821874601,0.08347182191552269,0.018043771815266507,level_res,,,,,,,4944,65,level_res_minus_f0,test_b,,f0,,paired_member_delta,92601
-0.033894571052252465,-0.03894422382262408,-0.15171877994319938,level_res,,,,,,,4968,66,level_res_minus_f0,test_b,,f0,,paired_member_delta,92601
-0.0022350945534223565,-0.06220858215865699,-0.2164635440100277,level_res,,,,,,,4992,67,level_res_minus_f0,test_b,,f0,,paired_member_delta,92601
0.01344671551787005,-0.07538921796652837,-0.026471128917682316,level_res,,,,,,,5016,68,level_res_minus_f0,test_b,,f0,,paired_member_delta,92601
0.15947229281800013,0.08125718034274292,0.138314740262905,level_res,,,,,,,5040,69,level_res_minus_f0,test_b,,f0,,paired_member_delta,92601
0.2899981436471446,0.03769060803175557,0.23167567156370983,level_res,,,,,,,5064,70,level_res_minus_f0,test_b,,f0,,paired_member_delta,92601
0.14743108679677414,-0.07219816107010725,0.08726396165623897,level_res,,,,,,,5088,71,level_res_minus_f0,test_b,,f0,,paired_member_delta,92601
0.27788351621369234,-0.10959331602698155,0.280746032847275,level_res,,,,,,,5112,72,level_res_minus_f0,test_b,,f0,,paired_member_delta,92601
0.043704655146975,0.01028867473360151,0.01755108787161265,level_res,,,,,,,5136,73,level_res_minus_f0,test_b,,f0,,paired_member_delta,92601
0.06507685095030133,0.04286092531173399,0.018140629799807524,level_res,,,,,,,5160,74,level_res_minus_f0,test_b,,f0,,paired_member_delta,92601
0.05020922542020094,0.02345793651343853,-0.005289647691113411,level_res,,,,,,,5184,75,level_res_minus_f0,test_b,,f0,,paired_member_delta,92601
0.1376991540766504,0.020316628008788706,0.06343972094061426,level_res,,,,,,,5208,76,level_res_minus_f0,test_b,,f0,,paired_member_delta,92601
0.2196999756829338,-0.02705779105570971,0.12372238015798495,level_res,,,,,,,5232,77,level_res_minus_f0,test_b,,f0,,paired_member_delta,92601
0.08716126249683108,0.00880190232933006,0.03882060516769135,level_res,,,,,,,5256,78,level_res_minus_f0,test_b,,f0,,paired_member_delta,92601
0.18570688833920831,0.04333942548335328,0.11546529766263755,level_res,,,,,,,5280,79,level_res_minus_f0,test_b,,f0,,paired_member_delta,92601
0.03600871213483531,-0.0019967283017239407,0.02750479567832953,level_res,,,,,,,3360,0,level_res_minus_f0,test_a,,f0,,paired_member_delta,92602
0.08876564256691682,0.03655992184683461,0.13096147765147081,level_res,,,,,,,3384,1,level_res_minus_f0,test_a,,f0,,paired_member_delta,92602
0.05515796012774693,0.05808619700153085,0.04733870130797738,level_res,,,,,,,3408,2,level_res_minus_f0,test_a,,f0,,paired_member_delta,92602
0.04359919285728692,-0.02082139214811226,0.023392210464623614,level_res,,,,,,,3432,3,level_res_minus_f0,test_a,,f0,,paired_member_delta,92602
0.05100284440000083,0.01959993948648666,0.05503746325320978,level_res,,,,,,,3456,4,level_res_minus_f0,test_a,,f0,,paired_member_delta,92602
0.024573964464555786,-0.03164228858590565,0.01600802308108873,level_res,,,,,,,3480,5,level_res_minus_f0,test_a,,f0,,paired_member_delta,92602
0.03520464128415174,-0.014724209019001205,0.03084026402944154,level_res,,,,,,,3504,6,level_res_minus_f0,test_a,,f0,,paired_member_delta,92602
0.023429737750477353,-0.02517225991423223,0.009076021873044848,level_res,,,,,,,3528,7,level_res_minus_f0,test_a,,f0,,paired_member_delta,92602
0.030017831349088003,0.013854150327068625,0.008555631186970683,level_res,,,,,,,3552,8,level_res_minus_f0,test_a,,f0,,paired_member_delta,92602
0.02628867372450433,0.0054201025712102835,0.006749247290806393,level_res,,,,,,,3576,9,level_res_minus_f0,test_a,,f0,,paired_member_delta,92602
0.011294245137833059,-0.03778866618670812,-0.018490736606538438,level_res,,,,,,,3600,10,level_res_minus_f0,test_a,,f0,,paired_member_delta,92602
0.012678083015249697,0.006610388899514152,-0.004297094246942412,level_res,,,,,,,3624,11,level_res_minus_f0,test_a,,f0,,paired_member_delta,92602
0.021279070178256865,0.003045496631838271,0.016125355638389766,level_res,,,,,,,3648,12,level_res_minus_f0,test_a,,f0,,paired_member_delta,92602
-0.0016855637197081275,-0.0195101657722547,-0.02205088327097879,level_res,,,,,,,3672,13,level_res_minus_f0,test_a,,f0,,paired_member_delta,92602
0.0169842462460556,-0.02613034430667575,-0.0032928160914776627,level_res,,,,,,,3696,14,level_res_minus_f0,test_a,,f0,,paired_member_delta,92602
0.032799966403913194,-0.03230585067478172,0.010390240164343423,level_res,,,,,,,3720,15,level_res_minus_f0,test_a,,f0,,paired_member_delta,92602
0.0486430649408231,0.056417192501362914,-0.0027263078468084956,level_res,,,,,,,3744,16,level_res_minus_f0,test_a,,f0,,paired_member_delta,92602
0.05364833790900225,0.12469888433549262,0.22119854870369748,level_res,,,,,,,3768,17,level_res_minus_f0,test_a,,f0,,paired_member_delta,92602
0.14211716441273253,0.052425247831635324,0.29574618633337496,level_res,,,,,,,3792,18,level_res_minus_f0,test_a,,f0,,paired_member_delta,92602
0.13049742570144063,0.0013993326615936996,0.18607647803940047,level_res,,,,,,,3816,19,level_res_minus_f0,test_a,,f0,,paired_member_delta,92602
0.09927872198521998,0.00023598401115604642,0.1532785058059131,level_res,,,,,,,3840,20,level_res_minus_f0,test_a,,f0,,paired_member_delta,92602
0.07962369510798953,-0.002021226292366486,0.07942175756345514,level_res,,,,,,,3864,21,level_res_minus_f0,test_a,,f0,,paired_member_delta,92602
0.10473791318694492,0.04870268884206227,0.06928130412470505,level_res,,,,,,,3888,22,level_res_minus_f0,test_a,,f0,,paired_member_delta,92602
0.08246607335818493,0.012127991531765563,0.0675918320841801,level_res,,,,,,,3912,23,level_res_minus_f0,test_a,,f0,,paired_member_delta,92602
0.08769186293163028,0.049985948693253755,0.10136626374635266,level_res,,,,,,,3936,24,level_res_minus_f0,test_a,,f0,,paired_member_delta,92602
0.08721338444407661,0.030699438399489163,0.08022626028787101,level_res,,,,,,,3960,25,level_res_minus_f0,test_a,,f0,,paired_member_delta,92602
0.047967000948904326,-0.0011058195777164364,0.036012527408854536,level_res,,,,,,,3984,26,level_res_minus_f0,test_a,,f0,,paired_member_delta,92602
0.04066785978020382,-0.002508379598735941,0.021251942870239404,level_res,,,,,,,4008,27,level_res_minus_f0,test_a,,f0,,paired_member_delta,92602
0.022187268742652366,-0.018178240975876357,-0.023271219872038618,level_res,,,,,,,4032,28,level_res_minus_f0,test_a,,f0,,paired_member_delta,92602
-0.0025448936024023427,0.013495224562254465,-0.05572768688595679,level_res,,,,,,,4056,29,level_res_minus_f0,test_a,,f0,,paired_member_delta,92602
0.034358623081489514,-0.07368047618051515,0.008550498584757787,level_res,,,,,,,4080,30,level_res_minus_f0,test_a,,f0,,paired_member_delta,92602
0.07064034820901799,0.0019644943988133268,0.03943367654283603,level_res,,,,,,,4104,31,level_res_minus_f0,test_a,,f0,,paired_member_delta,92602
0.05361437505937419,-0.012124835309234687,0.030403685311394035,level_res,,,,,,,4128,32,level_res_minus_f0,test_a,,f0,,paired_member_delta,92602
0.04022918370844539,0.016653596496611252,0.020869562335980724,level_res,,,,,,,4152,33,level_res_minus_f0,test_a,,f0,,paired_member_delta,92602
0.04229223593218051,0.0032019083035479817,0.03232542567619162,level_res,,,,,,,4176,34,level_res_minus_f0,test_a,,f0,,paired_member_delta,92602
0.05534120102275472,0.02326994690719955,0.026733957383698853,level_res,,,,,,,4200,35,level_res_minus_f0,test_a,,f0,,paired_member_delta,92602
0.051476472311918015,0.053228986312580454,0.017470813155549464,level_res,,,,,,,4224,36,level_res_minus_f0,test_a,,f0,,paired_member_delta,92602
0.028359324276429038,0.04734506064971142,0.0012042296171693584,level_res,,,,,,,4248,37,level_res_minus_f0,test_a,,f0,,paired_member_delta,92602
-0.0012665097282140159,0.09495856403601446,-0.07412963024258884,level_res,,,,,,,4272,38,level_res_minus_f0,test_a,,f0,,paired_member_delta,92602
0.03791674715010268,0.020533248572153787,0.01632060000975727,level_res,,,,,,,4296,39,level_res_minus_f0,test_a,,f0,,paired_member_delta,92602
0.035378189812249994,-0.014188866541885278,0.003544102701117713,level_res,,,,,,,4344,40,level_res_minus_f0,test_b,,f0,,paired_member_delta,92602
0.020145773508713827,-0.08460873354902015,-0.022016798741132798,level_res,,,,,,,4368,41,level_res_minus_f0,test_b,,f0,,paired_member_delta,92602
0.059223313700617786,-0.02636285759303171,0.013418050514382898,level_res,,,,,,,4392,42,level_res_minus_f0,test_b,,f0,,paired_member_delta,92602
0.06183236111046783,-0.006588604817093879,0.03858145191999984,level_res,,,,,,,4416,43,level_res_minus_f0,test_b,,f0,,paired_member_delta,92602
0.09644705593111175,-0.03147110251673298,0.0806673501346746,level_res,,,,,,,4440,44,level_res_minus_f0,test_b,,f0,,paired_member_delta,92602
0.05103419091114228,-0.00894159049380059,0.016102231131662897,level_res,,,,,,,4464,45,level_res_minus_f0,test_b,,f0,,paired_member_delta,92602
0.019979268499631803,-0.01292051053058137,-0.0014927517082770625,level_res,,,,,,,4488,46,level_res_minus_f0,test_b,,f0,,paired_member_delta,92602
0.015751758025383922,-0.013564666377051789,-0.002482364696970399,level_res,,,,,,,4512,47,level_res_minus_f0,test_b,,f0,,paired_member_delta,92602
0.0595567860919069,-0.0014720593223019537,0.07694207240876741,level_res,,,,,,,4536,48,level_res_minus_f0,test_b,,f0,,paired_member_delta,92602
0.051500566979395423,-0.03059188107612963,0.08976470054720187,level_res,,,,,,,4560,49,level_res_minus_f0,test_b,,f0,,paired_member_delta,92602
0.10013486087486587,0.05731460305076896,0.12405689947708293,level_res,,,,,,,4584,50,level_res_minus_f0,test_b,,f0,,paired_member_delta,92602
0.12345189186767219,0.11763053922229172,0.11919357913231401,level_res,,,,,,,4608,51,level_res_minus_f0,test_b,,f0,,paired_member_delta,92602
0.05148267342855095,0.05036717383464907,0.03758306989507651,level_res,,,,,,,4632,52,level_res_minus_f0,test_b,,f0,,paired_member_delta,92602
0.0326267008858849,0.01951755911075309,0.04001242087348819,level_res,,,,,,,4656,53,level_res_minus_f0,test_b,,f0,,paired_member_delta,92602
0.07048773957420978,0.06175343864928365,0.04589743915946039,level_res,,,,,,,4680,54,level_res_minus_f0,test_b,,f0,,paired_member_delta,92602
0.054301092328529976,0.023186652266018678,0.04257680313756859,level_res,,,,,,,4704,55,level_res_minus_f0,test_b,,f0,,paired_member_delta,92602
0.07378784655684642,0.03630679987334447,0.06032289054416519,level_res,,,,,,,4728,56,level_res_minus_f0,test_b,,f0,,paired_member_delta,92602
0.027493312313477014,0.01836957186277885,-0.04552059392799995,level_res,,,,,,,4752,57,level_res_minus_f0,test_b,,f0,,paired_member_delta,92602
-0.0036172775425976633,0.05124159690244068,-0.19795823393513046,level_res,,,,,,,4776,58,level_res_minus_f0,test_b,,f0,,paired_member_delta,92602
0.08965320113155006,-0.02468102723817156,0.3881508419964249,level_res,,,,,,,4800,59,level_res_minus_f0,test_b,,f0,,paired_member_delta,92602
0.044344137934054784,0.06209375149588667,0.06938251921575439,level_res,,,,,,,4824,60,level_res_minus_f0,test_b,,f0,,paired_member_delta,92602
0.06392941913366607,-0.014009266881746987,0.10783018938244221,level_res,,,,,,,4848,61,level_res_minus_f0,test_b,,f0,,paired_member_delta,92602
0.05927759637044941,-0.1214695935703668,0.09017367271156848,level_res,,,,,,,4872,62,level_res_minus_f0,test_b,,f0,,paired_member_delta,92602
0.04309798555229516,-0.16094339239940633,0.03821590801474323,level_res,,,,,,,4896,63,level_res_minus_f0,test_b,,f0,,paired_member_delta,92602
0.06393138487599609,-0.017214650343007905,0.06338099440779496,level_res,,,,,,,4920,64,level_res_minus_f0,test_b,,f0,,paired_member_delta,92602
0.04080111505726225,0.08354012487517834,0.024002990065211782,level_res,,,,,,,4944,65,level_res_minus_f0,test_b,,f0,,paired_member_delta,92602
-0.03729152416595827,-0.03927681714241557,-0.15471067753714507,level_res,,,,,,,4968,66,level_res_minus_f0,test_b,,f0,,paired_member_delta,92602
-0.002169653885300493,-0.06271858627944457,-0.216379997221821,level_res,,,,,,,4992,67,level_res_minus_f0,test_b,,f0,,paired_member_delta,92602
0.016418083117933552,-0.07589374845345305,-0.025517267957458747,level_res,,,,,,,5016,68,level_res_minus_f0,test_b,,f0,,paired_member_delta,92602
0.16056857185193463,0.0812030068813257,0.13885426052818536,level_res,,,,,,,5040,69,level_res_minus_f0,test_b,,f0,,paired_member_delta,92602
0.29102668317785835,0.038497329598256184,0.23339415348924875,level_res,,,,,,,5064,70,level_res_minus_f0,test_b,,f0,,paired_member_delta,92602
0.1496333772106571,-0.07235998236437273,0.08817669205905267,level_res,,,,,,,5088,71,level_res_minus_f0,test_b,,f0,,paired_member_delta,92602
0.2833266532089671,-0.10995554830194176,0.28669495304669723,level_res,,,,,,,5112,72,level_res_minus_f0,test_b,,f0,,paired_member_delta,92602
0.04150569620119937,0.009347955345326814,0.015022520068016881,level_res,,,,,,,5136,73,level_res_minus_f0,test_b,,f0,,paired_member_delta,92602
0.06415727339652436,0.04271390593345916,0.01686174291482661,level_res,,,,,,,5160,74,level_res_minus_f0,test_b,,f0,,paired_member_delta,92602
0.056276507054766015,0.023313894867897034,-0.003053830814128619,level_res,,,,,,,5184,75,level_res_minus_f0,test_b,,f0,,paired_member_delta,92602
0.14257013277200908,0.019990707291107555,0.0636984510054868,level_res,,,,,,,5208,76,level_res_minus_f0,test_b,,f0,,paired_member_delta,92602
0.21824765445061906,-0.026750018098848125,0.12000650904064497,level_res,,,,,,,5232,77,level_res_minus_f0,test_b,,f0,,paired_member_delta,92602
0.08861541427105811,0.008797840320267807,0.039367051271551524,level_res,,,,,,,5256,78,level_res_minus_f0,test_b,,f0,,paired_member_delta,92602
0.19045935690576463,0.04286250782737909,0.1176758779962026,level_res,,,,,,,5280,79,level_res_minus_f0,test_b,,f0,,paired_member_delta,92602
0.0327856232130109,-0.0020944774995430085,0.030278215302087297,level_res,,,,,,0.0,3360,0,level_res_minus_f0,test_a,0.030278215302087297,f0,,pair_mean_seed_loss_delta,mean_of_paired_member_losses
0.08927160257920988,0.03666298036399644,0.1309083619596051,level_res,,,,,,0.0,3384,1,level_res_minus_f0,test_a,0.1309083619596051,f0,,pair_mean_seed_loss_delta,mean_of_paired_member_losses
0.054664908629823844,0.05796421331572621,0.046912677314022086,level_res,,,,,,0.0,3408,2,level_res_minus_f0,test_a,0.046912677314022086,f0,,pair_mean_seed_loss_delta,mean_of_paired_member_losses
0.0404312592326474,-0.020874897337646463,0.020681248164994823,level_res,,,,,,0.0,3432,3,level_res_minus_f0,test_a,0.020681248164994823,f0,,pair_mean_seed_loss_delta,mean_of_paired_member_losses
0.051627898377631126,0.019784445356230675,0.055565627770592554,level_res,,,,,,0.0,3456,4,level_res_minus_f0,test_a,0.055565627770592554,f0,,pair_mean_seed_loss_delta,mean_of_paired_member_losses
0.023765227774514203,-0.03183799472126161,0.01649724630808104,level_res,,,,,,0.0,3480,5,level_res_minus_f0,test_a,0.01649724630808104,f0,,pair_mean_seed_loss_delta,mean_of_paired_member_losses
0.03601186353925562,-0.014545496142304992,0.03218159356976946,level_res,,,,,,0.0,3504,6,level_res_minus_f0,test_a,0.03218159356976946,f0,,pair_mean_seed_loss_delta,mean_of_paired_member_losses
0.0253474017166916,-0.025037016660230706,0.010229797747100082,level_res,,,,,,0.0,3528,7,level_res_minus_f0,test_a,0.010229797747100082,f0,,pair_mean_seed_loss_delta,mean_of_paired_member_losses
0.03215259390737059,0.013753982767572297,0.009621930318043877,level_res,,,,,,0.0,3552,8,level_res_minus_f0,test_a,0.009621930318043877,f0,,pair_mean_seed_loss_delta,mean_of_paired_member_losses
0.026235770132260194,0.005476008536289545,0.006861190125960592,level_res,,,,,,0.0,3576,9,level_res_minus_f0,test_a,0.006861190125960592,f0,,pair_mean_seed_loss_delta,mean_of_paired_member_losses
0.011971236633447346,-0.03744757453016204,-0.01836245130830949,level_res,,,,,,-0.01836245130830949,3600,10,level_res_minus_f0,test_a,0.0,f0,,pair_mean_seed_loss_delta,mean_of_paired_member_losses
0.012692094660094716,0.006719653649876478,-0.0035323614250677704,level_res,,,,,,-0.0035323614250677704,3624,11,level_res_minus_f0,test_a,0.0,f0,,pair_mean_seed_loss_delta,mean_of_paired_member_losses
0.02024141848703631,0.002931059521335341,0.014494193935724722,level_res,,,,,,0.0,3648,12,level_res_minus_f0,test_a,0.014494193935724722,f0,,pair_mean_seed_loss_delta,mean_of_paired_member_losses
0.0013514880459600531,-0.019321961689046492,-0.020726483746067698,level_res,,,,,,-0.020726483746067698,3672,13,level_res_minus_f0,test_a,0.0,f0,,pair_mean_seed_loss_delta,mean_of_paired_member_losses
0.018549243243600633,-0.026188514239894333,-0.0026213214089054193,level_res,,,,,,-0.0026213214089054193,3696,14,level_res_minus_f0,test_a,0.0,f0,,pair_mean_seed_loss_delta,mean_of_paired_member_losses
0.03434463333470894,-0.03226381666300927,0.012065194534408491,level_res,,,,,,0.0,3720,15,level_res_minus_f0,test_a,0.012065194534408491,f0,,pair_mean_seed_loss_delta,mean_of_paired_member_losses
0.04911440956022814,0.05625857237963845,-0.003509587743243614,level_res,,,,,,-0.003509587743243614,3744,16,level_res_minus_f0,test_a,0.0,f0,,pair_mean_seed_loss_delta,mean_of_paired_member_losses
0.04967871914827726,0.12490725501750906,0.2108691819841535,level_res,,,,,,0.0,3768,17,level_res_minus_f0,test_a,0.2108691819841535,f0,,pair_mean_seed_loss_delta,mean_of_paired_member_losses
0.138491928025021,0.05261795971926082,0.2925255059284801,level_res,,,,,,0.0,3792,18,level_res_minus_f0,test_a,0.2925255059284801,f0,,pair_mean_seed_loss_delta,mean_of_paired_member_losses
0.12992073623693204,0.0016955732388334033,0.18524301180894412,level_res,,,,,,0.0,3816,19,level_res_minus_f0,test_a,0.18524301180894412,f0,,pair_mean_seed_loss_delta,mean_of_paired_member_losses
0.09936461899390753,0.0004942397610969186,0.1522448504700278,level_res,,,,,,0.0,3840,20,level_res_minus_f0,test_a,0.1522448504700278,f0,,pair_mean_seed_loss_delta,mean_of_paired_member_losses
0.07770364008291497,-0.001966916065772664,0.07684886527231631,level_res,,,,,,0.0,3864,21,level_res_minus_f0,test_a,0.07684886527231631,f0,,pair_mean_seed_loss_delta,mean_of_paired_member_losses
0.1059250961977751,0.04855294167703273,0.06920259458234379,level_res,,,,,,0.0,3888,22,level_res_minus_f0,test_a,0.06920259458234379,f0,,pair_mean_seed_loss_delta,mean_of_paired_member_losses
0.07911363486988085,0.012111045857868614,0.06618373384094879,level_res,,,,,,0.0,3912,23,level_res_minus_f0,test_a,0.06618373384094879,f0,,pair_mean_seed_loss_delta,mean_of_paired_member_losses
0.09154761841351752,0.05039823012011052,0.10443857033810988,level_res,,,,,,0.0,3936,24,level_res_minus_f0,test_a,0.10443857033810988,f0,,pair_mean_seed_loss_delta,mean_of_paired_member_losses
0.09030327202259178,0.03091395410992132,0.08445663995762014,level_res,,,,,,0.0,3960,25,level_res_minus_f0,test_a,0.08445663995762014,f0,,pair_mean_seed_loss_delta,mean_of_paired_member_losses
0.04777234645706474,-0.0008281405385145357,0.03528187394158795,level_res,,,,,,0.0,3984,26,level_res_minus_f0,test_a,0.03528187394158795,f0,,pair_mean_seed_loss_delta,mean_of_paired_member_losses
0.0416437299491543,-0.001983833839225478,0.023115481420335135,level_res,,,,,,0.0,4008,27,level_res_minus_f0,test_a,0.023115481420335135,f0,,pair_mean_seed_loss_delta,mean_of_paired_member_losses
0.02169616320101983,-0.018139767097583148,-0.023588339997621,level_res,,,,,,-0.023588339997621,4032,28,level_res_minus_f0,test_a,0.0,f0,,pair_mean_seed_loss_delta,mean_of_paired_member_losses
-0.000825566182588694,0.013543688064422826,-0.05309958364391055,level_res,,,,,,-0.05309958364391055,4056,29,level_res_minus_f0,test_a,0.0,f0,,pair_mean_seed_loss_delta,mean_of_paired_member_losses
0.035100785239289195,-0.07382086902290728,0.010235701034623443,level_res,,,,,,0.0,4080,30,level_res_minus_f0,test_a,0.010235701034623443,f0,,pair_mean_seed_loss_delta,mean_of_paired_member_losses
0.07192980511828473,0.002239302510633038,0.03981023036012363,level_res,,,,,,0.0,4104,31,level_res_minus_f0,test_a,0.03981023036012363,f0,,pair_mean_seed_loss_delta,mean_of_paired_member_losses
0.05545164143048026,-0.012014573077584492,0.03181127073906724,level_res,,,,,,0.0,4128,32,level_res_minus_f0,test_a,0.03181127073906724,f0,,pair_mean_seed_loss_delta,mean_of_paired_member_losses
0.039962454399952246,0.016701586110809567,0.01920847215716852,level_res,,,,,,0.0,4152,33,level_res_minus_f0,test_a,0.01920847215716852,f0,,pair_mean_seed_loss_delta,mean_of_paired_member_losses
0.043032538094706196,0.003416334846976909,0.033389764471912,level_res,,,,,,0.0,4176,34,level_res_minus_f0,test_a,0.033389764471912,f0,,pair_mean_seed_loss_delta,mean_of_paired_member_losses
0.055844442175821685,0.02318744873685087,0.02763835075409468,level_res,,,,,,0.0,4200,35,level_res_minus_f0,test_a,0.02763835075409468,f0,,pair_mean_seed_loss_delta,mean_of_paired_member_losses
0.053501113403506384,0.05310845272341633,0.019200595146949218,level_res,,,,,,0.0,4224,36,level_res_minus_f0,test_a,0.019200595146949218,f0,,pair_mean_seed_loss_delta,mean_of_paired_member_losses
0.028462747915410522,0.047451112554043384,0.0013821391131784919,level_res,,,,,,0.0,4248,37,level_res_minus_f0,test_a,0.0013821391131784919,f0,,pair_mean_seed_loss_delta,mean_of_paired_member_losses
-0.0005124577300568145,0.09521979636252473,-0.07513040449829719,level_res,,,,,,-0.07513040449829719,4272,38,level_res_minus_f0,test_a,0.0,f0,,pair_mean_seed_loss_delta,mean_of_paired_member_losses
0.03631382007790984,0.020813696593155753,0.016725053726311723,level_res,,,,,,0.0,4296,39,level_res_minus_f0,test_a,0.016725053726311723,f0,,pair_mean_seed_loss_delta,mean_of_paired_member_losses
0.03329642473345659,-0.014007533939244848,0.0031675169887915022,level_res,,,,,,0.0,4344,40,level_res_minus_f0,test_b,0.0031675169887915022,f0,,pair_mean_seed_loss_delta,mean_of_paired_member_losses
0.02003988977658619,-0.08481222215592496,-0.022036400691091508,level_res,,,,,,-0.022036400691091508,4368,41,level_res_minus_f0,test_b,0.0,f0,,pair_mean_seed_loss_delta,mean_of_paired_member_losses
0.06217300202172507,-0.026340458545532516,0.016255945476430403,level_res,,,,,,0.0,4392,42,level_res_minus_f0,test_b,0.016255945476430403,f0,,pair_mean_seed_loss_delta,mean_of_paired_member_losses
0.061980993598790876,-0.0065317581677078905,0.040277270531006285,level_res,,,,,,0.0,4416,43,level_res_minus_f0,test_b,0.040277270531006285,f0,,pair_mean_seed_loss_delta,mean_of_paired_member_losses
0.09638113642394469,-0.0314216288651212,0.0804058434880911,level_res,,,,,,0.0,4440,44,level_res_minus_f0,test_b,0.0804058434880911,f0,,pair_mean_seed_loss_delta,mean_of_paired_member_losses
0.05346531180468589,-0.008630898932917224,0.01829583626848212,level_res,,,,,,0.0,4464,45,level_res_minus_f0,test_b,0.01829583626848212,f0,,pair_mean_seed_loss_delta,mean_of_paired_member_losses
0.019686427391955946,-0.012953022033816167,-0.0009273711404444301,level_res,,,,,,-0.0009273711404444301,4488,46,level_res_minus_f0,test_b,0.0,f0,,pair_mean_seed_loss_delta,mean_of_paired_member_losses
0.013111619016283438,-0.013591408530391716,-0.003737841605535315,level_res,,,,,,-0.003737841605535315,4512,47,level_res_minus_f0,test_b,0.0,f0,,pair_mean_seed_loss_delta,mean_of_paired_member_losses
0.05916919457434,-0.0012520140644126376,0.07735400638999435,level_res,,,,,,0.0,4536,48,level_res_minus_f0,test_b,0.07735400638999435,f0,,pair_mean_seed_loss_delta,mean_of_paired_member_losses
0.05357412476202145,-0.030508024508462236,0.0927094471992771,level_res,,,,,,0.0,4560,49,level_res_minus_f0,test_b,0.0927094471992771,f0,,pair_mean_seed_loss_delta,mean_of_paired_member_losses
0.10252379428357908,0.057476707537859384,0.12679939790967137,level_res,,,,,,0.0,4584,50,level_res_minus_f0,test_b,0.12679939790967137,f0,,pair_mean_seed_loss_delta,mean_of_paired_member_losses
0.12602125982041745,0.11797317183307171,0.12088074887810069,level_res,,,,,,0.0,4608,51,level_res_minus_f0,test_b,0.12088074887810069,f0,,pair_mean_seed_loss_delta,mean_of_paired_member_losses
0.053485771524719894,0.050707530985842,0.039400364722885564,level_res,,,,,,0.0,4632,52,level_res_minus_f0,test_b,0.039400364722885564,f0,,pair_mean_seed_loss_delta,mean_of_paired_member_losses
0.03160465665674633,0.019865512407348296,0.04044620838911181,level_res,,,,,,0.0,4656,53,level_res_minus_f0,test_b,0.04044620838911181,f0,,pair_mean_seed_loss_delta,mean_of_paired_member_losses
0.06618532791246394,0.062027541685714754,0.04306671073301171,level_res,,,,,,0.0,4680,54,level_res_minus_f0,test_b,0.04306671073301171,f0,,pair_mean_seed_loss_delta,mean_of_paired_member_losses
0.05521300899172453,0.02347319150873113,0.043796442174972625,level_res,,,,,,0.0,4704,55,level_res_minus_f0,test_b,0.043796442174972625,f0,,pair_mean_seed_loss_delta,mean_of_paired_member_losses
0.07200316024268522,0.03626100031896404,0.05931151513128692,level_res,,,,,,0.0,4728,56,level_res_minus_f0,test_b,0.05931151513128692,f0,,pair_mean_seed_loss_delta,mean_of_paired_member_losses
0.026062937631436106,0.018260953290497567,-0.04897457223705459,level_res,,,,,,-0.04897457223705459,4752,57,level_res_minus_f0,test_b,0.0,f0,,pair_mean_seed_loss_delta,mean_of_paired_member_losses
-0.0051045647336661615,0.051451787590249154,-0.20382975959847238,level_res,,,,,,-0.20382975959847238,4776,58,level_res_minus_f0,test_b,0.0,f0,,pair_mean_seed_loss_delta,mean_of_paired_member_losses
0.08801600816859606,-0.024508483815321197,0.37660141885840714,level_res,,,,,,0.0,4800,59,level_res_minus_f0,test_b,0.37660141885840714,f0,,pair_mean_seed_loss_delta,mean_of_paired_member_losses
0.042729967290891624,0.062320851473201655,0.06704100245093284,level_res,,,,,,0.0,4824,60,level_res_minus_f0,test_b,0.06704100245093284,f0,,pair_mean_seed_loss_delta,mean_of_paired_member_losses
0.06585884950461557,-0.01392317740657531,0.10903068900218899,level_res,,,,,,0.0,4848,61,level_res_minus_f0,test_b,0.10903068900218899,f0,,pair_mean_seed_loss_delta,mean_of_paired_member_losses
0.059650336379098556,-0.12176014285753754,0.08867792380892515,level_res,,,,,,0.0,4872,62,level_res_minus_f0,test_b,0.08867792380892515,f0,,pair_mean_seed_loss_delta,mean_of_paired_member_losses
0.042291613507961096,-0.16121867877732526,0.0370293519341713,level_res,,,,,,0.0,4896,63,level_res_minus_f0,test_b,0.0370293519341713,f0,,pair_mean_seed_loss_delta,mean_of_paired_member_losses
0.06131387295382035,-0.017258180241447454,0.0629404358254534,level_res,,,,,,0.0,4920,64,level_res_minus_f0,test_b,0.0629404358254534,f0,,pair_mean_seed_loss_delta,mean_of_paired_member_losses
0.03644104163800413,0.08350597339535051,0.021023380940239145,level_res,,,,,,0.0,4944,65,level_res_minus_f0,test_b,0.021023380940239145,f0,,pair_mean_seed_loss_delta,mean_of_paired_member_losses
-0.035593047609105366,-0.039110520482519825,-0.15321472874017222,level_res,,,,,,-0.15321472874017222,4968,66,level_res_minus_f0,test_b,0.0,f0,,pair_mean_seed_loss_delta,mean_of_paired_member_losses
-0.002202374219361425,-0.06246358421905078,-0.21642177061592435,level_res,,,,,,-0.21642177061592435,4992,67,level_res_minus_f0,test_b,0.0,f0,,pair_mean_seed_loss_delta,mean_of_paired_member_losses
0.014932399317901801,-0.0756414832099907,-0.02599419843757053,level_res,,,,,,-0.02599419843757053,5016,68,level_res_minus_f0,test_b,0.0,f0,,pair_mean_seed_loss_delta,mean_of_paired_member_losses
0.16002043233496738,0.08123009361203432,0.13858450039554518,level_res,,,,,,0.0,5040,69,level_res_minus_f0,test_b,0.13858450039554518,f0,,pair_mean_seed_loss_delta,mean_of_paired_member_losses
0.29051241341250145,0.038093968815005874,0.2325349125264793,level_res,,,,,,0.0,5064,70,level_res_minus_f0,test_b,0.2325349125264793,f0,,pair_mean_seed_loss_delta,mean_of_paired_member_losses
0.14853223200371563,-0.07227907171723999,0.08772032685764582,level_res,,,,,,0.0,5088,71,level_res_minus_f0,test_b,0.08772032685764582,f0,,pair_mean_seed_loss_delta,mean_of_paired_member_losses
0.2806050847113297,-0.10977443216446166,0.2837204929469861,level_res,,,,,,0.0,5112,72,level_res_minus_f0,test_b,0.2837204929469861,f0,,pair_mean_seed_loss_delta,mean_of_paired_member_losses
0.042605175674087184,0.009818315039464162,0.016286803969814766,level_res,,,,,,0.0,5136,73,level_res_minus_f0,test_b,0.016286803969814766,f0,,pair_mean_seed_loss_delta,mean_of_paired_member_losses
0.06461706217341284,0.042787415622596574,0.017501186357317067,level_res,,,,,,0.0,5160,74,level_res_minus_f0,test_b,0.017501186357317067,f0,,pair_mean_seed_loss_delta,mean_of_paired_member_losses
0.05324286623748348,0.02338591569066778,-0.004171739252621015,level_res,,,,,,-0.004171739252621015,5184,75,level_res_minus_f0,test_b,0.0,f0,,pair_mean_seed_loss_delta,mean_of_paired_member_losses
0.14013464342432974,0.02015366764994813,0.06356908597305053,level_res,,,,,,0.0,5208,76,level_res_minus_f0,test_b,0.06356908597305053,f0,,pair_mean_seed_loss_delta,mean_of_paired_member_losses
0.21897381506677643,-0.02690390457727892,0.12186444459931496,level_res,,,,,,0.0,5232,77,level_res_minus_f0,test_b,0.12186444459931496,f0,,pair_mean_seed_loss_delta,mean_of_paired_member_losses
0.0878883383839446,0.008799871324798933,0.039093828219621436,level_res,,,,,,0.0,5256,78,level_res_minus_f0,test_b,0.039093828219621436,f0,,pair_mean_seed_loss_delta,mean_of_paired_member_losses
0.18808312262248647,0.04310096665536618,0.11657058782942008,level_res,,,,,,0.0,5280,79,level_res_minus_f0,test_b,0.11657058782942008,f0,,pair_mean_seed_loss_delta,mean_of_paired_member_losses
0.03604125192856267,0.017084880583627407,0.05371897656238028,level_res,,,,,,,3360,0,level_res_minus_lora,test_a,,lora,,paired_member_delta,92601
0.10394990970334952,0.03288452675812604,0.17520945776474764,level_res,,,,,,,3384,1,level_res_minus_lora,test_a,,lora,,paired_member_delta,92601
0.0399279424363711,0.017666692101378362,0.0002748852897416221,level_res,,,,,,,3408,2,level_res_minus_lora,test_a,,lora,,paired_member_delta,92601
0.013863076063988067,-0.08202531287793581,-0.06807378667320213,level_res,,,,,,,3432,3,level_res_minus_lora,test_a,,lora,,paired_member_delta,92601
0.06145597040977363,0.02695183477401003,0.06127985481431657,level_res,,,,,,,3456,4,level_res_minus_lora,test_a,,lora,,paired_member_delta,92601
0.03702713605005056,-0.015679172482158915,0.02910014080402673,level_res,,,,,,,3480,5,level_res_minus_lora,test_a,,lora,,paired_member_delta,92601
0.043969903593796156,-0.0025161420926451683,0.038881128068937676,level_res,,,,,,,3504,6,level_res_minus_lora,test_a,,lora,,paired_member_delta,92601
0.02767662643272356,-0.018385501012352166,0.014022610467716454,level_res,,,,,,,3528,7,level_res_minus_lora,test_a,,lora,,paired_member_delta,92601
0.03939956355401697,0.0007354373422761764,0.017633935704047074,level_res,,,,,,,3552,8,level_res_minus_lora,test_a,,lora,,paired_member_delta,92601
0.005337232681603021,-0.026542606337826846,-0.075215467189931,level_res,,,,,,,3576,9,level_res_minus_lora,test_a,,lora,,paired_member_delta,92601
-0.01410199886338559,-0.0933831384743326,-0.0989734058970051,level_res,,,,,,,3600,10,level_res_minus_lora,test_a,,lora,,paired_member_delta,92601
-0.027375664089477725,0.040742019394540474,-0.10154998250132741,level_res,,,,,,,3624,11,level_res_minus_lora,test_a,,lora,,paired_member_delta,92601
0.020205639743853365,0.015225314001059708,0.012782570106655594,level_res,,,,,,,3648,12,level_res_minus_lora,test_a,,lora,,paired_member_delta,92601
0.013233627373005652,-0.000312554734466855,-0.010465688845466614,level_res,,,,,,,3672,13,level_res_minus_lora,test_a,,lora,,paired_member_delta,92601
0.027067402401692475,-0.004133701317614931,0.007174646688636849,level_res,,,,,,,3696,14,level_res_minus_lora,test_a,,lora,,paired_member_delta,92601
0.0469159571962961,0.0036691084148033556,0.030934761243351094,level_res,,,,,,,3720,15,level_res_minus_lora,test_a,,lora,,paired_member_delta,92601
0.04260146003855653,0.03173178895924458,-0.02604214080966827,level_res,,,,,,,3744,16,level_res_minus_lora,test_a,,lora,,paired_member_delta,92601
0.06170533391574001,0.06230804759908613,0.22317398006464084,level_res,,,,,,,3768,17,level_res_minus_lora,test_a,,lora,,paired_member_delta,92601
0.15430122338162333,0.06052556550404167,0.31252090417723755,level_res,,,,,,,3792,18,level_res_minus_lora,test_a,,lora,,paired_member_delta,92601
0.131369577431863,0.0036915677028089566,0.18493813251605304,level_res,,,,,,,3816,19,level_res_minus_lora,test_a,,lora,,paired_member_delta,92601
0.10220304743515773,0.01917107816695409,0.15706088855216693,level_res,,,,,,,3840,20,level_res_minus_lora,test_a,,lora,,paired_member_delta,92601
0.08884238356518373,0.010528567566664197,0.08176324437960177,level_res,,,,,,,3864,21,level_res_minus_lora,test_a,,lora,,paired_member_delta,92601
0.11763920945882361,0.02739926762239752,0.07403006519462246,level_res,,,,,,,3888,22,level_res_minus_lora,test_a,,lora,,paired_member_delta,92601
0.07772359781095062,-0.005741711646574091,0.06737321466956452,level_res,,,,,,,3912,23,level_res_minus_lora,test_a,,lora,,paired_member_delta,92601
0.10808736634076277,-0.014211666027222236,0.11635558481438354,level_res,,,,,,,3936,24,level_res_minus_lora,test_a,,lora,,paired_member_delta,92601
0.09877282882927615,0.030822668214015865,0.09257421128361251,level_res,,,,,,,3960,25,level_res_minus_lora,test_a,,lora,,paired_member_delta,92601
0.05291552554277304,0.004880288013202304,0.040850640743710115,level_res,,,,,,,3984,26,level_res_minus_lora,test_a,,lora,,paired_member_delta,92601
0.0466899159557001,0.014545995807280873,0.02982472673778236,level_res,,,,,,,4008,27,level_res_minus_lora,test_a,,lora,,paired_member_delta,92601
0.035366265504967936,0.002372548016080382,0.009494416502168784,level_res,,,,,,,4032,28,level_res_minus_lora,test_a,,lora,,paired_member_delta,92601
0.04829667837989021,0.0324377932142941,0.01903757602933588,level_res,,,,,,,4056,29,level_res_minus_lora,test_a,,lora,,paired_member_delta,92601
0.06313171487429417,-0.056802790575459894,0.05853164560398144,level_res,,,,,,,4080,30,level_res_minus_lora,test_a,,lora,,paired_member_delta,92601
0.08062388773553308,0.008083897925840286,0.045925840823012654,level_res,,,,,,,4104,31,level_res_minus_lora,test_a,,lora,,paired_member_delta,92601
0.0619571925227658,0.011793529012185685,0.036798678264274964,level_res,,,,,,,4128,32,level_res_minus_lora,test_a,,lora,,paired_member_delta,92601
0.03714767648089748,0.027483873571470092,0.016865063339165015,level_res,,,,,,,4152,33,level_res_minus_lora,test_a,,lora,,paired_member_delta,92601
0.04011567162610047,0.013718799710748537,0.03535306806697372,level_res,,,,,,,4176,34,level_res_minus_lora,test_a,,lora,,paired_member_delta,92601
0.057616375872920095,0.030477522399879123,0.035115051162961514,level_res,,,,,,,4200,35,level_res_minus_lora,test_a,,lora,,paired_member_delta,92601
0.0717619697131929,0.05399851393246767,0.046848454555599967,level_res,,,,,,,4224,36,level_res_minus_lora,test_a,,lora,,paired_member_delta,92601
0.04366299876368002,0.01684618649967745,0.0223042406092325,level_res,,,,,,,4248,37,level_res_minus_lora,test_a,,lora,,paired_member_delta,92601
0.04077255064575913,0.023042580254339418,0.008303795452173746,level_res,,,,,,,4272,38,level_res_minus_lora,test_a,,lora,,paired_member_delta,92601
0.036410195241663945,0.007771783873584924,0.018341955826182144,level_res,,,,,,,4296,39,level_res_minus_lora,test_a,,lora,,paired_member_delta,92601
0.03396689397392466,-0.005050130056071223,0.001367193126102978,level_res,,,,,,,4344,40,level_res_minus_lora,test_b,,lora,,paired_member_delta,92601
0.04415355075616392,-0.05201383720964705,0.021609272181609462,level_res,,,,,,,4368,41,level_res_minus_lora,test_b,,lora,,paired_member_delta,92601
0.09253983649164985,-0.030188231873919495,0.059865907744612826,level_res,,,,,,,4392,42,level_res_minus_lora,test_b,,lora,,paired_member_delta,92601
0.06510950601659715,-0.03306484841467703,0.04253440737779275,level_res,,,,,,,4416,43,level_res_minus_lora,test_b,,lora,,paired_member_delta,92601
0.10051259256479347,-0.07645658093650698,0.08449616880063733,level_res,,,,,,,4440,44,level_res_minus_lora,test_b,,lora,,paired_member_delta,92601
0.05438087148564483,-0.009045730155490928,0.021443002911027464,level_res,,,,,,,4464,45,level_res_minus_lora,test_b,,lora,,paired_member_delta,92601
0.02291189209448502,-0.0075992956008835155,0.0034172010449336487,level_res,,,,,,,4488,46,level_res_minus_lora,test_b,,lora,,paired_member_delta,92601
0.01625427192729878,-0.0006987767593076861,-0.00031380210583517587,level_res,,,,,,,4512,47,level_res_minus_lora,test_b,,lora,,paired_member_delta,92601
0.06825325299081775,0.011681579875157156,0.0898607072851757,level_res,,,,,,,4536,48,level_res_minus_lora,test_b,,lora,,paired_member_delta,92601
0.07047530925631812,-0.05078739818989062,0.11072379358662882,level_res,,,,,,,4560,49,level_res_minus_lora,test_b,,lora,,paired_member_delta,92601
0.11611517933745155,0.02176937601510801,0.13319967880400677,level_res,,,,,,,4584,50,level_res_minus_lora,test_b,,lora,,paired_member_delta,92601
0.13645449467802276,0.07326012805524264,0.13374284918332507,level_res,,,,,,,4608,51,level_res_minus_lora,test_b,,lora,,paired_member_delta,92601
0.05543264724752481,0.05772196821977987,0.039403622896423574,level_res,,,,,,,4632,52,level_res_minus_lora,test_b,,lora,,paired_member_delta,92601
0.037351746442379624,0.017490140057406317,0.050738643623935986,level_res,,,,,,,4656,53,level_res_minus_lora,test_b,,lora,,paired_member_delta,92601
0.0618290995041082,0.06817750824962324,0.040035306965569534,level_res,,,,,,,4680,54,level_res_minus_lora,test_b,,lora,,paired_member_delta,92601
0.049111499036085915,0.028135313166250644,0.038281370393107333,level_res,,,,,,,4704,55,level_res_minus_lora,test_b,,lora,,paired_member_delta,92601
0.07898737982317222,0.020624482255502063,0.06336977029796848,level_res,,,,,,,4728,56,level_res_minus_lora,test_b,,lora,,paired_member_delta,92601
0.02504138795969385,0.001930399651766973,-0.04753349086678921,level_res,,,,,,,4752,57,level_res_minus_lora,test_b,,lora,,paired_member_delta,92601
0.008173115046386292,0.005572080731026219,-0.168595876561215,level_res,,,,,,,4776,58,level_res_minus_lora,test_b,,lora,,paired_member_delta,92601
0.08397717523657111,-0.02725327404364486,0.3667424058639104,level_res,,,,,,,4800,59,level_res_minus_lora,test_b,,lora,,paired_member_delta,92601
0.04580388579508471,0.05308294072336353,0.08577215273525168,level_res,,,,,,,4824,60,level_res_minus_lora,test_b,,lora,,paired_member_delta,92601
0.07877870278852972,-0.0209824465644345,0.1184303394232693,level_res,,,,,,,4848,61,level_res_minus_lora,test_b,,lora,,paired_member_delta,92601
0.05451210210951246,-0.11777737992359141,0.08415054532345578,level_res,,,,,,,4872,62,level_res_minus_lora,test_b,,lora,,paired_member_delta,92601
0.052705157525362645,-0.18463387149020882,0.04728785203021657,level_res,,,,,,,4896,63,level_res_minus_lora,test_b,,lora,,paired_member_delta,92601
0.04940543040506512,-0.05220158151624833,0.054262046170619596,level_res,,,,,,,4920,64,level_res_minus_lora,test_b,,lora,,paired_member_delta,92601
0.01582793700371815,0.0076210389082667085,-0.013145019782392242,level_res,,,,,,,4944,65,level_res_minus_lora,test_b,,lora,,paired_member_delta,92601
-0.018597908159398324,-0.04076273856209772,-0.1104262896106466,level_res,,,,,,,4968,66,level_res_minus_lora,test_b,,lora,,paired_member_delta,92601
0.030889185405719832,-0.005070701903462704,-0.09085690610113012,level_res,,,,,,,4992,67,level_res_minus_lora,test_b,,lora,,paired_member_delta,92601
0.08381213030824095,-0.01393692189708863,0.04164644316647116,level_res,,,,,,,5016,68,level_res_minus_lora,test_b,,lora,,paired_member_delta,92601
0.17318936650040356,0.07025433651755984,0.14201541578496463,level_res,,,,,,,5040,69,level_res_minus_lora,test_b,,lora,,paired_member_delta,92601
0.305746398794273,0.016358312292426243,0.23447588700426242,level_res,,,,,,,5064,70,level_res_minus_lora,test_b,,lora,,paired_member_delta,92601
0.15372105518483792,-0.07077576300384952,0.08736533143749325,level_res,,,,,,,5088,71,level_res_minus_lora,test_b,,lora,,paired_member_delta,92601
0.28792685360702525,-0.12110967431034819,0.2856805678761717,level_res,,,,,,,5112,72,level_res_minus_lora,test_b,,lora,,paired_member_delta,92601
0.0552894210821821,0.004863504103530994,0.02041825416876343,level_res,,,,,,,5136,73,level_res_minus_lora,test_b,,lora,,paired_member_delta,92601
0.07260941212991703,0.04528062887873281,0.018888485585799093,level_res,,,,,,,5160,74,level_res_minus_lora,test_b,,lora,,paired_member_delta,92601
0.058005544101344605,0.03241523790775853,-0.0029085622788943763,level_res,,,,,,,5184,75,level_res_minus_lora,test_b,,lora,,paired_member_delta,92601
0.1419528196006557,0.022380367843616824,0.0639079995997682,level_res,,,,,,,5208,76,level_res_minus_lora,test_b,,lora,,paired_member_delta,92601
0.2236286905758521,-0.03358260847116802,0.12590459757539263,level_res,,,,,,,5232,77,level_res_minus_lora,test_b,,lora,,paired_member_delta,92601
0.09481776273334581,-0.004801101128881177,0.046564679971172314,level_res,,,,,,,5256,78,level_res_minus_lora,test_b,,lora,,paired_member_delta,92601
0.18742027278423454,0.009396239124494148,0.13249073379446885,level_res,,,,,,,5280,79,level_res_minus_lora,test_b,,lora,,paired_member_delta,92601
0.043116377892575275,0.011607417839067977,0.05040987637700145,level_res,,,,,,,3360,0,level_res_minus_lora,test_a,,lora,,paired_member_delta,92602
0.09607736931374186,0.03088403472393824,0.15672081197272422,level_res,,,,,,,3384,1,level_res_minus_lora,test_a,,lora,,paired_member_delta,92602
0.03683526411323862,0.015181698818124978,0.002359922940133874,level_res,,,,,,,3408,2,level_res_minus_lora,test_a,,lora,,paired_member_delta,92602
0.012020668727785178,-0.10168041156915328,-0.07624055961899698,level_res,,,,,,,3432,3,level_res_minus_lora,test_a,,lora,,paired_member_delta,92602
0.05312698280470737,0.008449727413701077,0.05574027367546437,level_res,,,,,,,3456,4,level_res_minus_lora,test_a,,lora,,paired_member_delta,92602
0.027863552479424902,-0.03199624293483794,0.018264537063033548,level_res,,,,,,,3480,5,level_res_minus_lora,test_a,,lora,,paired_member_delta,92602
0.03832970713048389,-0.012631562748449107,0.03278330406455396,level_res,,,,,,,3504,6,level_res_minus_lora,test_a,,lora,,paired_member_delta,92602
0.022400717803404885,-0.026890081517836627,0.009750516426545897,level_res,,,,,,,3528,7,level_res_minus_lora,test_a,,lora,,paired_member_delta,92602
0.034778825555215886,-0.000304990292837223,0.014852153745873647,level_res,,,,,,,3552,8,level_res_minus_lora,test_a,,lora,,paired_member_delta,92602
0.013465054582019187,-0.019520825720118262,-0.036917636435640944,level_res,,,,,,,3576,9,level_res_minus_lora,test_a,,lora,,paired_member_delta,92602
-0.017450953287063364,-0.09887584297479513,-0.0946397739032947,level_res,,,,,,,3600,10,level_res_minus_lora,test_a,,lora,,paired_member_delta,92602
0.003946117215616385,-0.0020562090440744973,-0.04120596098700685,level_res,,,,,,,3624,11,level_res_minus_lora,test_a,,lora,,paired_member_delta,92602
0.024791996222156054,-0.0022872772433580463,0.01821585218166108,level_res,,,,,,,3648,12,level_res_minus_lora,test_a,,lora,,paired_member_delta,92602
0.002167416804963185,-0.014516056857674431,-0.018092450111122343,level_res,,,,,,,3672,13,level_res_minus_lora,test_a,,lora,,paired_member_delta,92602
0.022840728342428118,-0.01444924472575532,0.004514158173467675,level_res,,,,,,,3696,14,level_res_minus_lora,test_a,,lora,,paired_member_delta,92602
0.04612633401605615,-0.011283796218990838,0.03101214453479617,level_res,,,,,,,3720,15,level_res_minus_lora,test_a,,lora,,paired_member_delta,92602
0.042296074883208856,0.0295310450498672,-0.037062894139429536,level_res,,,,,,,3744,16,level_res_minus_lora,test_a,,lora,,paired_member_delta,92602
0.057311965209116966,0.03636966804190831,0.16852266506586822,level_res,,,,,,,3768,17,level_res_minus_lora,test_a,,lora,,paired_member_delta,92602
0.15287595038420942,0.03491767497011916,0.3105426882504826,level_res,,,,,,,3792,18,level_res_minus_lora,test_a,,lora,,paired_member_delta,92602
0.1364453422572171,-0.012901899448194198,0.19194442420677674,level_res,,,,,,,3816,19,level_res_minus_lora,test_a,,lora,,paired_member_delta,92602
0.10099878391209877,0.0005068478126571897,0.1583675339782345,level_res,,,,,,,3840,20,level_res_minus_lora,test_a,,lora,,paired_member_delta,92602
0.08892087819948952,0.0005536950512917069,0.08625113792702009,level_res,,,,,,,3864,21,level_res_minus_lora,test_a,,lora,,paired_member_delta,92602
0.11305292743810577,0.030599395082533065,0.07334547065378451,level_res,,,,,,,3888,22,level_res_minus_lora,test_a,,lora,,paired_member_delta,92602
0.0842211334749271,-0.014029140936840762,0.06857763121153686,level_res,,,,,,,3912,23,level_res_minus_lora,test_a,,lora,,paired_member_delta,92602
0.09647872385126083,-0.02819063780514304,0.10551414867526088,level_res,,,,,,,3936,24,level_res_minus_lora,test_a,,lora,,paired_member_delta,92602
0.0912151899937467,0.011162116972948697,0.08311781694904047,level_res,,,,,,,3960,25,level_res_minus_lora,test_a,,lora,,paired_member_delta,92602
0.04941065552845306,-0.011061920158966792,0.0395629270304301,level_res,,,,,,,3984,26,level_res_minus_lora,test_a,,lora,,paired_member_delta,92602
0.041439011047009866,-0.003716993513151856,0.021821370102769216,level_res,,,,,,,4008,27,level_res_minus_lora,test_a,,lora,,paired_member_delta,92602
0.03345829052348423,-0.00816046872961463,0.004475918797370859,level_res,,,,,,,4032,28,level_res_minus_lora,test_a,,lora,,paired_member_delta,92602
0.04076115223442148,0.026550619111980728,0.010290958274792442,level_res,,,,,,,4056,29,level_res_minus_lora,test_a,,lora,,paired_member_delta,92602
0.05177035655223711,-0.07178473637859317,0.037715278529545954,level_res,,,,,,,4080,30,level_res_minus_lora,test_a,,lora,,paired_member_delta,92602
0.07232076238998325,-0.028315197080647683,0.04306843532903759,level_res,,,,,,,4104,31,level_res_minus_lora,test_a,,lora,,paired_member_delta,92602
0.05414778662174394,-0.014580734098083616,0.031235141790793536,level_res,,,,,,,4128,32,level_res_minus_lora,test_a,,lora,,paired_member_delta,92602
0.041232659851255654,0.013572908207481978,0.02203741578417226,level_res,,,,,,,4152,33,level_res_minus_lora,test_a,,lora,,paired_member_delta,92602
0.041810624399017005,0.0004908984484762804,0.03450784935264159,level_res,,,,,,,4176,34,level_res_minus_lora,test_a,,lora,,paired_member_delta,92602
0.051355196571653244,0.022733389031297208,0.02906345064812496,level_res,,,,,,,4200,35,level_res_minus_lora,test_a,,lora,,paired_member_delta,92602
0.059360084953653997,0.04369514441921138,0.032726703919916195,level_res,,,,,,,4224,36,level_res_minus_lora,test_a,,lora,,paired_member_delta,92602
0.034835243768825686,0.021321662386660188,0.01477842107958828,level_res,,,,,,,4248,37,level_res_minus_lora,test_a,,lora,,paired_member_delta,92602
0.022118419249725796,0.031433248666443814,-0.016785779291606406,level_res,,,,,,,4272,38,level_res_minus_lora,test_a,,lora,,paired_member_delta,92602
0.03837157693673293,-2.215251180470376e-06,0.016177822274179576,level_res,,,,,,,4296,39,level_res_minus_lora,test_a,,lora,,paired_member_delta,92602
0.03807265256695888,-0.017328497287178158,0.0007407944005995148,level_res,,,,,,,4344,40,level_res_minus_lora,test_b,,lora,,paired_member_delta,92602
0.04104048889312967,-0.06665522235390894,0.017011674630627957,level_res,,,,,,,4368,41,level_res_minus_lora,test_b,,lora,,paired_member_delta,92602
0.08282063302798565,-0.032455206477749805,0.049574052136249894,level_res,,,,,,,4392,42,level_res_minus_lora,test_b,,lora,,paired_member_delta,92602
0.06379150652427082,-0.029648046550231382,0.03859232746442928,level_res,,,,,,,4416,43,level_res_minus_lora,test_b,,lora,,paired_member_delta,92602
0.09871332112736267,-0.0875526145283206,0.08348633292436583,level_res,,,,,,,4440,44,level_res_minus_lora,test_b,,lora,,paired_member_delta,92602
0.05103341702773584,-0.02304723920008423,0.018476191145722243,level_res,,,,,,,4464,45,level_res_minus_lora,test_b,,lora,,paired_member_delta,92602
0.02128474527111679,-0.020761817145873517,0.001961791998836504,level_res,,,,,,,4488,46,level_res_minus_lora,test_b,,lora,,paired_member_delta,92602
0.01958564198781354,-0.00869230094237947,0.0006717115138192564,level_res,,,,,,,4512,47,level_res_minus_lora,test_b,,lora,,paired_member_delta,92602
0.06719684082439495,0.002141552863131259,0.08582078996425369,level_res,,,,,,,4536,48,level_res_minus_lora,test_b,,lora,,paired_member_delta,92602
0.06061793745988436,-0.050629129688091135,0.09724410087422136,level_res,,,,,,,4560,49,level_res_minus_lora,test_b,,lora,,paired_member_delta,92602
0.10638346276976463,0.025687592277559,0.12348087603066352,level_res,,,,,,,4584,50,level_res_minus_lora,test_b,,lora,,paired_member_delta,92602
0.13197645975171826,0.06896184969866903,0.13194202308681005,level_res,,,,,,,4608,51,level_res_minus_lora,test_b,,lora,,paired_member_delta,92602
0.04927854779103369,0.04125604075927507,0.03571305125120973,level_res,,,,,,,4632,52,level_res_minus_lora,test_b,,lora,,paired_member_delta,92602
0.02999060233645756,0.00315482499004871,0.0360101008973866,level_res,,,,,,,4656,53,level_res_minus_lora,test_b,,lora,,paired_member_delta,92602
0.0703146633379362,0.06019637823234969,0.04559647446720899,level_res,,,,,,,4680,54,level_res_minus_lora,test_b,,lora,,paired_member_delta,92602
0.05085986564161288,0.020512589547947487,0.038250038657344984,level_res,,,,,,,4704,55,level_res_minus_lora,test_b,,lora,,paired_member_delta,92602
0.08059536853768662,0.019561385580648988,0.06502027499360899,level_res,,,,,,,4728,56,level_res_minus_lora,test_b,,lora,,paired_member_delta,92602
0.031217984864305603,0.002943759382355443,-0.039162941295017295,level_res,,,,,,,4752,57,level_res_minus_lora,test_b,,lora,,paired_member_delta,92602
0.017354006281385392,0.0019156902022888778,-0.15097854047163684,level_res,,,,,,,4776,58,level_res_minus_lora,test_b,,lora,,paired_member_delta,92602
0.10172112353054663,-0.046380170279302524,0.4166300512709846,level_res,,,,,,,4800,59,level_res_minus_lora,test_b,,lora,,paired_member_delta,92602
0.04475166827586352,0.04266280062752319,0.0764405819910618,level_res,,,,,,,4824,60,level_res_minus_lora,test_b,,lora,,paired_member_delta,92602
0.06830946771501034,-0.03152689912045996,0.10902493688056847,level_res,,,,,,,4848,61,level_res_minus_lora,test_b,,lora,,paired_member_delta,92602
0.058150270833364465,-0.12593751020875632,0.08900468276757309,level_res,,,,,,,4872,62,level_res_minus_lora,test_b,,lora,,paired_member_delta,92602
0.04992533472421412,-0.18652738534900196,0.04618355393229756,level_res,,,,,,,4896,63,level_res_minus_lora,test_b,,lora,,paired_member_delta,92602
0.05311583861147681,-0.05516680530911567,0.05500160595873177,level_res,,,,,,,4920,64,level_res_minus_lora,test_b,,lora,,paired_member_delta,92602
0.014382181832379659,-0.006530978176491731,-0.025336586500548153,level_res,,,,,,,4944,65,level_res_minus_lora,test_b,,lora,,paired_member_delta,92602
-0.03171022029196402,-0.05742276301516183,-0.14975414898575368,level_res,,,,,,,4968,66,level_res_minus_lora,test_b,,lora,,paired_member_delta,92602
0.025368279973775443,-0.04078755010485505,-0.13476642145444007,level_res,,,,,,,4992,67,level_res_minus_lora,test_b,,lora,,paired_member_delta,92602
0.058923569913210544,-0.047481164091960626,0.01960352183077632,level_res,,,,,,,5016,68,level_res_minus_lora,test_b,,lora,,paired_member_delta,92602
0.1743637914967657,0.0657168093078094,0.14146130890801775,level_res,,,,,,,5040,69,level_res_minus_lora,test_b,,lora,,paired_member_delta,92602
0.30334972811283034,0.017454008087881053,0.23437902714177483,level_res,,,,,,,5064,70,level_res_minus_lora,test_b,,lora,,paired_member_delta,92602
0.1503652930191225,-0.08726963599659868,0.0885914949950048,level_res,,,,,,,5088,71,level_res_minus_lora,test_b,,lora,,paired_member_delta,92602
0.2944478749870505,-0.14462544591229992,0.29727234736106356,level_res,,,,,,,5112,72,level_res_minus_lora,test_b,,lora,,paired_member_delta,92602
0.0529363965290352,-0.00518874594355094,0.016243566591623446,level_res,,,,,,,5136,73,level_res_minus_lora,test_b,,lora,,paired_member_delta,92602
0.07234021197241508,0.03315836707285295,0.017873323454611966,level_res,,,,,,,5160,74,level_res_minus_lora,test_b,,lora,,paired_member_delta,92602
0.06040834702149618,0.02070651843449941,-0.0013385841096414108,level_res,,,,,,,5184,75,level_res_minus_lora,test_b,,lora,,paired_member_delta,92602
0.14895415146191443,0.01682228654367375,0.06747342471688214,level_res,,,,,,,5208,76,level_res_minus_lora,test_b,,lora,,paired_member_delta,92602
0.22290899449795049,-0.03731256205698147,0.12214959545452661,level_res,,,,,,,5232,77,level_res_minus_lora,test_b,,lora,,paired_member_delta,92602
0.09294070638990139,-0.0070541976339311575,0.04474953738558543,level_res,,,,,,,5256,78,level_res_minus_lora,test_b,,lora,,paired_member_delta,92602
0.1918689310619169,0.004631193010045179,0.13609013900583286,level_res,,,,,,,5280,79,level_res_minus_lora,test_b,,lora,,paired_member_delta,92602
0.03957881491056897,0.014346149211347692,0.052064426469690867,level_res,,,,,,0.0,3360,0,level_res_minus_lora,test_a,0.052064426469690867,lora,,pair_mean_seed_loss_delta,mean_of_paired_member_losses
0.1000136395085457,0.03188428074103214,0.16596513486873593,level_res,,,,,,0.0,3384,1,level_res_minus_lora,test_a,0.16596513486873593,lora,,pair_mean_seed_loss_delta,mean_of_paired_member_losses
0.03838160327480486,0.01642419545975167,0.001317404114937748,level_res,,,,,,0.0,3408,2,level_res_minus_lora,test_a,0.001317404114937748,lora,,pair_mean_seed_loss_delta,mean_of_paired_member_losses
0.012941872395886622,-0.09185286222354455,-0.07215717314609955,level_res,,,,,,-0.07215717314609955,3432,3,level_res_minus_lora,test_a,0.0,lora,,pair_mean_seed_loss_delta,mean_of_paired_member_losses
0.0572914766072405,0.017700781093855554,0.05851006424489047,level_res,,,,,,0.0,3456,4,level_res_minus_lora,test_a,0.05851006424489047,lora,,pair_mean_seed_loss_delta,mean_of_paired_member_losses
0.03244534426473773,-0.023837707708498426,0.02368233893353014,level_res,,,,,,0.0,3480,5,level_res_minus_lora,test_a,0.02368233893353014,lora,,pair_mean_seed_loss_delta,mean_of_paired_member_losses
0.041149805362140024,-0.007573852420547138,0.03583221606674582,level_res,,,,,,0.0,3504,6,level_res_minus_lora,test_a,0.03583221606674582,lora,,pair_mean_seed_loss_delta,mean_of_paired_member_losses
0.025038672118064223,-0.022637791265094395,0.011886563447131175,level_res,,,,,,0.0,3528,7,level_res_minus_lora,test_a,0.011886563447131175,lora,,pair_mean_seed_loss_delta,mean_of_paired_member_losses
0.03708919455461643,0.0002152235247194767,0.01624304472496036,level_res,,,,,,0.0,3552,8,level_res_minus_lora,test_a,0.01624304472496036,lora,,pair_mean_seed_loss_delta,mean_of_paired_member_losses
0.009401143631811104,-0.023031716028972554,-0.05606655181278597,level_res,,,,,,-0.05606655181278597,3576,9,level_res_minus_lora,test_a,0.0,lora,,pair_mean_seed_loss_delta,mean_of_paired_member_losses
-0.015776476075224477,-0.09612949072456387,-0.0968065899001499,level_res,,,,,,-0.0968065899001499,3600,10,level_res_minus_lora,test_a,0.0,lora,,pair_mean_seed_loss_delta,mean_of_paired_member_losses
-0.01171477343693067,0.01934290517523299,-0.07137797174416713,level_res,,,,,,-0.07137797174416713,3624,11,level_res_minus_lora,test_a,0.0,lora,,pair_mean_seed_loss_delta,mean_of_paired_member_losses
0.02249881798300471,0.006469018378850831,0.015499211144158337,level_res,,,,,,0.0,3648,12,level_res_minus_lora,test_a,0.015499211144158337,lora,,pair_mean_seed_loss_delta,mean_of_paired_member_losses
0.007700522088984418,-0.007414305796070643,-0.014279069478294479,level_res,,,,,,-0.014279069478294479,3672,13,level_res_minus_lora,test_a,0.0,lora,,pair_mean_seed_loss_delta,mean_of_paired_member_losses
0.024954065372060297,-0.009291473021685126,0.005844402431052262,level_res,,,,,,0.0,3696,14,level_res_minus_lora,test_a,0.005844402431052262,lora,,pair_mean_seed_loss_delta,mean_of_paired_member_losses
0.04652114560617612,-0.003807343902093741,0.030973452889073633,level_res,,,,,,0.0,3720,15,level_res_minus_lora,test_a,0.030973452889073633,lora,,pair_mean_seed_loss_delta,mean_of_paired_member_losses
0.04244876746088269,0.03063141700455589,-0.0315525174745489,level_res,,,,,,-0.0315525174745489,3744,16,level_res_minus_lora,test_a,0.0,lora,,pair_mean_seed_loss_delta,mean_of_paired_member_losses
0.05950864956242849,0.049338857820497226,0.19584832256525453,level_res,,,,,,0.0,3768,17,level_res_minus_lora,test_a,0.19584832256525453,lora,,pair_mean_seed_loss_delta,mean_of_paired_member_losses
0.15358858688291638,0.04772162023708042,0.31153179621386007,level_res,,,,,,0.0,3792,18,level_res_minus_lora,test_a,0.31153179621386007,lora,,pair_mean_seed_loss_delta,mean_of_paired_member_losses
0.13390745984454006,-0.004605165872692621,0.1884412783614149,level_res,,,,,,0.0,3816,19,level_res_minus_lora,test_a,0.1884412783614149,lora,,pair_mean_seed_loss_delta,mean_of_paired_member_losses
0.10160091567362825,0.00983896298980564,0.15771421126520072,level_res,,,,,,0.0,3840,20,level_res_minus_lora,test_a,0.15771421126520072,lora,,pair_mean_seed_loss_delta,mean_of_paired_member_losses
0.08888163088233662,0.005541131308977952,0.08400719115331093,level_res,,,,,,0.0,3864,21,level_res_minus_lora,test_a,0.08400719115331093,lora,,pair_mean_seed_loss_delta,mean_of_paired_member_losses
0.11534606844846469,0.028999331352465293,0.07368776792420348,level_res,,,,,,0.0,3888,22,level_res_minus_lora,test_a,0.07368776792420348,lora,,pair_mean_seed_loss_delta,mean_of_paired_member_losses
0.08097236564293886,-0.009885426291707427,0.06797542294055069,level_res,,,,,,0.0,3912,23,level_res_minus_lora,test_a,0.06797542294055069,lora,,pair_mean_seed_loss_delta,mean_of_paired_member_losses
0.1022830450960118,-0.021201151916182638,0.11093486674482221,level_res,,,,,,0.0,3936,24,level_res_minus_lora,test_a,0.11093486674482221,lora,,pair_mean_seed_loss_delta,mean_of_paired_member_losses
0.09499400941151143,0.020992392593482283,0.08784601411632649,level_res,,,,,,0.0,3960,25,level_res_minus_lora,test_a,0.08784601411632649,lora,,pair_mean_seed_loss_delta,mean_of_paired_member_losses
0.05116309053561305,-0.003090816072882244,0.04020678388707011,level_res,,,,,,0.0,3984,26,level_res_minus_lora,test_a,0.04020678388707011,lora,,pair_mean_seed_loss_delta,mean_of_paired_member_losses
0.04406446350135498,0.0054145011470645085,0.025823048420275788,level_res,,,,,,0.0,4008,27,level_res_minus_lora,test_a,0.025823048420275788,lora,,pair_mean_seed_loss_delta,mean_of_paired_member_losses
0.03441227801422608,-0.0028939603567671238,0.006985167649769822,level_res,,,,,,0.0,4032,28,level_res_minus_lora,test_a,0.006985167649769822,lora,,pair_mean_seed_loss_delta,mean_of_paired_member_losses
0.044528915307155845,0.029494206163137415,0.014664267152064162,level_res,,,,,,0.0,4056,29,level_res_minus_lora,test_a,0.014664267152064162,lora,,pair_mean_seed_loss_delta,mean_of_paired_member_losses
0.05745103571326564,-0.06429376347702653,0.0481234620667637,level_res,,,,,,0.0,4080,30,level_res_minus_lora,test_a,0.0481234620667637,lora,,pair_mean_seed_loss_delta,mean_of_paired_member_losses
0.07647232506275817,-0.010115649577403699,0.04449713807602512,level_res,,,,,,0.0,4104,31,level_res_minus_lora,test_a,0.04449713807602512,lora,,pair_mean_seed_loss_delta,mean_of_paired_member_losses
0.05805248957225487,-0.0013936025429489652,0.03401691002753425,level_res,,,,,,0.0,4128,32,level_res_minus_lora,test_a,0.03401691002753425,lora,,pair_mean_seed_loss_delta,mean_of_paired_member_losses
0.03919016816607657,0.020528390889476035,0.019451239561668637,level_res,,,,,,0.0,4152,33,level_res_minus_lora,test_a,0.019451239561668637,lora,,pair_mean_seed_loss_delta,mean_of_paired_member_losses
0.04096314801255874,0.0071048490796124086,0.034930458709807655,level_res,,,,,,0.0,4176,34,level_res_minus_lora,test_a,0.034930458709807655,lora,,pair_mean_seed_loss_delta,mean_of_paired_member_losses
0.05448578622228667,0.026605455715588165,0.03208925090554324,level_res,,,,,,0.0,4200,35,level_res_minus_lora,test_a,0.03208925090554324,lora,,pair_mean_seed_loss_delta,mean_of_paired_member_losses
0.06556102733342345,0.048846829175839525,0.03978757923775808,level_res,,,,,,0.0,4224,36,level_res_minus_lora,test_a,0.03978757923775808,lora,,pair_mean_seed_loss_delta,mean_of_paired_member_losses
0.03924912126625285,0.01908392444316882,0.01854133084441039,level_res,,,,,,0.0,4248,37,level_res_minus_lora,test_a,0.01854133084441039,lora,,pair_mean_seed_loss_delta,mean_of_paired_member_losses
0.031445484947742464,0.027237914460391616,-0.00424099191971633,level_res,,,,,,-0.00424099191971633,4272,38,level_res_minus_lora,test_a,0.0,lora,,pair_mean_seed_loss_delta,mean_of_paired_member_losses
0.03739088608919844,0.003884784311202227,0.01725988905018086,level_res,,,,,,0.0,4296,39,level_res_minus_lora,test_a,0.01725988905018086,lora,,pair_mean_seed_loss_delta,mean_of_paired_member_losses
0.03601977327044177,-0.011189313671624691,0.0010539937633512464,level_res,,,,,,0.0,4344,40,level_res_minus_lora,test_b,0.0010539937633512464,lora,,pair_mean_seed_loss_delta,mean_of_paired_member_losses
0.042597019824646795,-0.059334529781778,0.01931047340611871,level_res,,,,,,0.0,4368,41,level_res_minus_lora,test_b,0.01931047340611871,lora,,pair_mean_seed_loss_delta,mean_of_paired_member_losses
0.08768023475981775,-0.03132171917583465,0.05471997994043136,level_res,,,,,,0.0,4392,42,level_res_minus_lora,test_b,0.05471997994043136,lora,,pair_mean_seed_loss_delta,mean_of_paired_member_losses
0.06445050627043399,-0.031356447482454204,0.04056336742111102,level_res,,,,,,0.0,4416,43,level_res_minus_lora,test_b,0.04056336742111102,lora,,pair_mean_seed_loss_delta,mean_of_paired_member_losses
0.09961295684607807,-0.08200459773241378,0.08399125086250159,level_res,,,,,,0.0,4440,44,level_res_minus_lora,test_b,0.08399125086250159,lora,,pair_mean_seed_loss_delta,mean_of_paired_member_losses
0.05270714425669033,-0.01604648467778758,0.019959597028374854,level_res,,,,,,0.0,4464,45,level_res_minus_lora,test_b,0.019959597028374854,lora,,pair_mean_seed_loss_delta,mean_of_paired_member_losses
0.022098318682800905,-0.014180556373378516,0.0026894965218850764,level_res,,,,,,0.0,4488,46,level_res_minus_lora,test_b,0.0026894965218850764,lora,,pair_mean_seed_loss_delta,mean_of_paired_member_losses
0.01791995695755616,-0.004695538850843578,0.00017895470399204028,level_res,,,,,,0.0,4512,47,level_res_minus_lora,test_b,0.00017895470399204028,lora,,pair_mean_seed_loss_delta,mean_of_paired_member_losses
0.06772504690760635,0.0069115663691442075,0.08784074862471469,level_res,,,,,,0.0,4536,48,level_res_minus_lora,test_b,0.08784074862471469,lora,,pair_mean_seed_loss_delta,mean_of_paired_member_losses
0.06554662335810124,-0.050708263938990875,0.10398394723042509,level_res,,,,,,0.0,4560,49,level_res_minus_lora,test_b,0.10398394723042509,lora,,pair_mean_seed_loss_delta,mean_of_paired_member_losses
0.11124932105360809,0.023728484146333502,0.12834027741733514,level_res,,,,,,0.0,4584,50,level_res_minus_lora,test_b,0.12834027741733514,lora,,pair_mean_seed_loss_delta,mean_of_paired_member_losses
0.1342154772148705,0.07111098887695583,0.13284243613506758,level_res,,,,,,0.0,4608,51,level_res_minus_lora,test_b,0.13284243613506758,lora,,pair_mean_seed_loss_delta,mean_of_paired_member_losses
0.05235559751927925,0.04948900448952747,0.03755833707381665,level_res,,,,,,0.0,4632,52,level_res_minus_lora,test_b,0.03755833707381665,lora,,pair_mean_seed_loss_delta,mean_of_paired_member_losses
0.03367117438941859,0.010322482523727514,0.04337437226066129,level_res,,,,,,0.0,4656,53,level_res_minus_lora,test_b,0.04337437226066129,lora,,pair_mean_seed_loss_delta,mean_of_paired_member_losses
0.0660718814210222,0.06418694324098646,0.04281589071638926,level_res,,,,,,0.0,4680,54,level_res_minus_lora,test_b,0.04281589071638926,lora,,pair_mean_seed_loss_delta,mean_of_paired_member_losses
0.049985682338849396,0.024323951357099066,0.03826570452522616,level_res,,,,,,0.0,4704,55,level_res_minus_lora,test_b,0.03826570452522616,lora,,pair_mean_seed_loss_delta,mean_of_paired_member_losses
0.07979137418042942,0.020092933918075526,0.06419502264578873,level_res,,,,,,0.0,4728,56,level_res_minus_lora,test_b,0.06419502264578873,lora,,pair_mean_seed_loss_delta,mean_of_paired_member_losses
0.028129686411999727,0.002437079517061208,-0.04334821608090325,level_res,,,,,,-0.04334821608090325,4752,57,level_res_minus_lora,test_b,0.0,lora,,pair_mean_seed_loss_delta,mean_of_paired_member_losses
0.012763560663885842,0.0037438854666575483,-0.15978720851642592,level_res,,,,,,-0.15978720851642592,4776,58,level_res_minus_lora,test_b,0.0,lora,,pair_mean_seed_loss_delta,mean_of_paired_member_losses
0.09284914938355887,-0.03681672216147369,0.3916862285674475,level_res,,,,,,0.0,4800,59,level_res_minus_lora,test_b,0.3916862285674475,lora,,pair_mean_seed_loss_delta,mean_of_paired_member_losses
0.045277777035474115,0.04787287067544336,0.08110636736315674,level_res,,,,,,0.0,4824,60,level_res_minus_lora,test_b,0.08110636736315674,lora,,pair_mean_seed_loss_delta,mean_of_paired_member_losses
0.07354408525177003,-0.02625467284244723,0.11372763815191889,level_res,,,,,,0.0,4848,61,level_res_minus_lora,test_b,0.11372763815191889,lora,,pair_mean_seed_loss_delta,mean_of_paired_member_losses
0.05633118647143846,-0.12185744506617387,0.08657761404551444,level_res,,,,,,0.0,4872,62,level_res_minus_lora,test_b,0.08657761404551444,lora,,pair_mean_seed_loss_delta,mean_of_paired_member_losses
0.05131524612478838,-0.18558062841960538,0.046735702981257066,level_res,,,,,,0.0,4896,63,level_res_minus_lora,test_b,0.046735702981257066,lora,,pair_mean_seed_loss_delta,mean_of_paired_member_losses
0.051260634508270966,-0.053684193412682005,0.05463182606467568,level_res,,,,,,0.0,4920,64,level_res_minus_lora,test_b,0.05463182606467568,lora,,pair_mean_seed_loss_delta,mean_of_paired_member_losses
0.015105059418048905,0.0005450303658874889,-0.019240803141470197,level_res,,,,,,-0.019240803141470197,4944,65,level_res_minus_lora,test_b,0.0,lora,,pair_mean_seed_loss_delta,mean_of_paired_member_losses
-0.025154064225681172,-0.04909275078862978,-0.13009021929820014,level_res,,,,,,-0.13009021929820014,4968,66,level_res_minus_lora,test_b,0.0,lora,,pair_mean_seed_loss_delta,mean_of_paired_member_losses
0.028128732689747638,-0.022929126004158876,-0.11281166377778509,level_res,,,,,,-0.11281166377778509,4992,67,level_res_minus_lora,test_b,0.0,lora,,pair_mean_seed_loss_delta,mean_of_paired_member_losses
0.07136785011072574,-0.030709042994524628,0.03062498249862374,level_res,,,,,,0.0,5016,68,level_res_minus_lora,test_b,0.03062498249862374,lora,,pair_mean_seed_loss_delta,mean_of_paired_member_losses
0.17377657899858462,0.06798557291268462,0.14173836234649118,level_res,,,,,,0.0,5040,69,level_res_minus_lora,test_b,0.14173836234649118,lora,,pair_mean_seed_loss_delta,mean_of_paired_member_losses
0.3045480634535517,0.016906160190153646,0.23442745707301862,level_res,,,,,,0.0,5064,70,level_res_minus_lora,test_b,0.23442745707301862,lora,,pair_mean_seed_loss_delta,mean_of_paired_member_losses
0.1520431741019802,-0.0790226995002241,0.08797841321624902,level_res,,,,,,0.0,5088,71,level_res_minus_lora,test_b,0.08797841321624902,lora,,pair_mean_seed_loss_delta,mean_of_paired_member_losses
0.29118736429703784,-0.13286756011132406,0.2914764576186176,level_res,,,,,,0.0,5112,72,level_res_minus_lora,test_b,0.2914764576186176,lora,,pair_mean_seed_loss_delta,mean_of_paired_member_losses
0.05411290880560865,-0.0001626209200099732,0.018330910380193438,level_res,,,,,,0.0,5136,73,level_res_minus_lora,test_b,0.018330910380193438,lora,,pair_mean_seed_loss_delta,mean_of_paired_member_losses
0.07247481205116606,0.03921949797579288,0.018380904520205528,level_res,,,,,,0.0,5160,74,level_res_minus_lora,test_b,0.018380904520205528,lora,,pair_mean_seed_loss_delta,mean_of_paired_member_losses
0.05920694556142039,0.026560878171128968,-0.0021235731942678936,level_res,,,,,,-0.0021235731942678936,5184,75,level_res_minus_lora,test_b,0.0,lora,,pair_mean_seed_loss_delta,mean_of_paired_member_losses
0.14545348553128506,0.01960132719364529,0.06569071215832517,level_res,,,,,,0.0,5208,76,level_res_minus_lora,test_b,0.06569071215832517,lora,,pair_mean_seed_loss_delta,mean_of_paired_member_losses
0.2232688425369013,-0.035447585264074745,0.12402709651495962,level_res,,,,,,0.0,5232,77,level_res_minus_lora,test_b,0.12402709651495962,lora,,pair_mean_seed_loss_delta,mean_of_paired_member_losses
0.0938792345616236,-0.005927649381406167,0.04565710867837887,level_res,,,,,,0.0,5256,78,level_res_minus_lora,test_b,0.04565710867837887,lora,,pair_mean_seed_loss_delta,mean_of_paired_member_losses
0.18964460192307572,0.0070137160672696635,0.13429043640015087,level_res,,,,,,0.0,5280,79,level_res_minus_lora,test_b,0.13429043640015087,lora,,pair_mean_seed_loss_delta,mean_of_paired_member_losses
-0.07233908261453809,0.04573231489242366,-0.1282946294128865,level_res,,,,,,,3360,0,level_res_minus_direct_nlinear,test_a,,direct_nlinear,,paired_member_delta,92601
-0.06635484683062587,-0.14094569150349306,-0.18952465577477856,level_res,,,,,,,3384,1,level_res_minus_direct_nlinear,test_a,,direct_nlinear,,paired_member_delta,92601
-0.03325339792953691,0.06159378757572496,-0.046092426970471556,level_res,,,,,,,3408,2,level_res_minus_direct_nlinear,test_a,,direct_nlinear,,paired_member_delta,92601
-0.08524981671693171,0.14986475797680515,-0.1358522786481987,level_res,,,,,,,3432,3,level_res_minus_direct_nlinear,test_a,,direct_nlinear,,paired_member_delta,92601
-0.032551229275151305,-0.022237125049144317,-0.047641969848585125,level_res,,,,,,,3456,4,level_res_minus_direct_nlinear,test_a,,direct_nlinear,,paired_member_delta,92601
-0.025525193756181452,-0.009160055929575778,-0.030897739206817737,level_res,,,,,,,3480,5,level_res_minus_direct_nlinear,test_a,,direct_nlinear,,paired_member_delta,92601
-0.011366172242845751,0.013049125556112724,-0.011357086529300564,level_res,,,,,,,3504,6,level_res_minus_direct_nlinear,test_a,,direct_nlinear,,paired_member_delta,92601
-0.07465854168221284,0.00025630643929117763,-0.08436148211278394,level_res,,,,,,,3528,7,level_res_minus_direct_nlinear,test_a,,direct_nlinear,,paired_member_delta,92601
-0.05615185699243028,-0.09847052319559688,-0.05357002887680344,level_res,,,,,,,3552,8,level_res_minus_direct_nlinear,test_a,,direct_nlinear,,paired_member_delta,92601
-0.04131345197161229,-0.01408937137788524,-0.0471636779209712,level_res,,,,,,,3576,9,level_res_minus_direct_nlinear,test_a,,direct_nlinear,,paired_member_delta,92601
0.03424578166895498,-0.027306667615787372,0.12479965329881526,level_res,,,,,,,3600,10,level_res_minus_direct_nlinear,test_a,,direct_nlinear,,paired_member_delta,92601
-0.04005815405124685,0.041603060192702435,-0.06292619557856005,level_res,,,,,,,3624,11,level_res_minus_direct_nlinear,test_a,,direct_nlinear,,paired_member_delta,92601
-0.0616900893013842,0.02764639791156001,-0.06251837487239267,level_res,,,,,,,3648,12,level_res_minus_direct_nlinear,test_a,,direct_nlinear,,paired_member_delta,92601
-0.03665262502709443,0.05833283223567859,-0.028428124077580247,level_res,,,,,,,3672,13,level_res_minus_direct_nlinear,test_a,,direct_nlinear,,paired_member_delta,92601
-0.05781896753115673,0.012905364925744851,-0.04642615980488443,level_res,,,,,,,3696,14,level_res_minus_direct_nlinear,test_a,,direct_nlinear,,paired_member_delta,92601
-0.015192227960819815,-0.0864231038528184,-0.019898139240366486,level_res,,,,,,,3720,15,level_res_minus_direct_nlinear,test_a,,direct_nlinear,,paired_member_delta,92601
-0.06404513536550688,0.21486109701058298,-0.0003152010724826182,level_res,,,,,,,3744,16,level_res_minus_direct_nlinear,test_a,,direct_nlinear,,paired_member_delta,92601
-0.1434464073516245,0.2149087950934236,-0.20047244134968456,level_res,,,,,,,3768,17,level_res_minus_direct_nlinear,test_a,,direct_nlinear,,paired_member_delta,92601
-0.04118196341875652,-0.32792569529813004,-0.19528457639240426,level_res,,,,,,,3792,18,level_res_minus_direct_nlinear,test_a,,direct_nlinear,,paired_member_delta,92601
-0.0594495299568128,-0.1329866820413051,-0.15707340463960767,level_res,,,,,,,3816,19,level_res_minus_direct_nlinear,test_a,,direct_nlinear,,paired_member_delta,92601
-0.0248867004040364,0.039842159843401,-0.058125130215485044,level_res,,,,,,,3840,20,level_res_minus_direct_nlinear,test_a,,direct_nlinear,,paired_member_delta,92601
-0.04554276479229524,-0.0650549292308735,-0.05001033828312629,level_res,,,,,,,3864,21,level_res_minus_direct_nlinear,test_a,,direct_nlinear,,paired_member_delta,92601
-0.013396284278190007,-0.05459127170672896,-0.020489501223139417,level_res,,,,,,,3888,22,level_res_minus_direct_nlinear,test_a,,direct_nlinear,,paired_member_delta,92601
-0.03210259689584227,0.13180954480434168,-0.013550462340213149,level_res,,,,,,,3912,23,level_res_minus_direct_nlinear,test_a,,direct_nlinear,,paired_member_delta,92601
0.0005674659806376714,0.09804505365900695,-0.0014466907427815312,level_res,,,,,,,3936,24,level_res_minus_direct_nlinear,test_a,,direct_nlinear,,paired_member_delta,92601
-0.03338292495384082,-0.14341562075138675,-0.02773783245340955,level_res,,,,,,,3960,25,level_res_minus_direct_nlinear,test_a,,direct_nlinear,,paired_member_delta,92601
-0.07103797276823909,-0.07167698084559365,-0.0606515713799162,level_res,,,,,,,3984,26,level_res_minus_direct_nlinear,test_a,,direct_nlinear,,paired_member_delta,92601
-0.04475924552546123,0.01048077990337476,-0.048288417135289585,level_res,,,,,,,4008,27,level_res_minus_direct_nlinear,test_a,,direct_nlinear,,paired_member_delta,92601
-0.03413337474807587,0.011916166052733566,-0.03376509475632736,level_res,,,,,,,4032,28,level_res_minus_direct_nlinear,test_a,,direct_nlinear,,paired_member_delta,92601
-0.04097508217034607,-0.054284528616870595,-0.05192662571899018,level_res,,,,,,,4056,29,level_res_minus_direct_nlinear,test_a,,direct_nlinear,,paired_member_delta,92601
-0.009799262417443833,0.010704332515232118,-0.00010924152594793402,level_res,,,,,,,4080,30,level_res_minus_direct_nlinear,test_a,,direct_nlinear,,paired_member_delta,92601
-0.02403287454602404,0.10441430053655423,-0.04958149861844835,level_res,,,,,,,4104,31,level_res_minus_direct_nlinear,test_a,,direct_nlinear,,paired_member_delta,92601
-0.047057810245200504,-0.053313410695980064,-0.054804857144453184,level_res,,,,,,,4128,32,level_res_minus_direct_nlinear,test_a,,direct_nlinear,,paired_member_delta,92601
-0.07951390780006334,0.0007936911561581203,-0.08972845685413774,level_res,,,,,,,4152,33,level_res_minus_direct_nlinear,test_a,,direct_nlinear,,paired_member_delta,92601
-0.06985320485389318,0.10126086910867005,-0.0828238044885802,level_res,,,,,,,4176,34,level_res_minus_direct_nlinear,test_a,,direct_nlinear,,paired_member_delta,92601
-0.038908920821496384,0.03509614534456941,-0.04923231457055499,level_res,,,,,,,4200,35,level_res_minus_direct_nlinear,test_a,,direct_nlinear,,paired_member_delta,92601
-0.06952890772349657,-0.11158670823765443,-0.11903787088890289,level_res,,,,,,,4224,36,level_res_minus_direct_nlinear,test_a,,direct_nlinear,,paired_member_delta,92601
-0.0217359021543434,0.013656676546031352,-0.024463270997044012,level_res,,,,,,,4248,37,level_res_minus_direct_nlinear,test_a,,direct_nlinear,,paired_member_delta,92601
-0.01849916801952267,0.08606412140743845,-0.052230696803430066,level_res,,,,,,,4272,38,level_res_minus_direct_nlinear,test_a,,direct_nlinear,,paired_member_delta,92601
-0.028502341768448736,-0.06534537416426282,-0.04095826857261242,level_res,,,,,,,4296,39,level_res_minus_direct_nlinear,test_a,,direct_nlinear,,paired_member_delta,92601
-0.021368821110466785,0.05067280344391133,-0.015717400669477022,level_res,,,,,,,4344,40,level_res_minus_direct_nlinear,test_b,,direct_nlinear,,paired_member_delta,92601
-0.02803111153052129,-0.020703498027561343,-0.036804837576119145,level_res,,,,,,,4368,41,level_res_minus_direct_nlinear,test_b,,direct_nlinear,,paired_member_delta,92601
0.008099805544285688,-0.09398403337257275,-0.006764726596243303,level_res,,,,,,,4392,42,level_res_minus_direct_nlinear,test_b,,direct_nlinear,,paired_member_delta,92601
0.004001409269631939,0.013255868182408023,0.003873108813096701,level_res,,,,,,,4416,43,level_res_minus_direct_nlinear,test_b,,direct_nlinear,,paired_member_delta,92601
0.006580418409487476,0.03348916636177285,-0.005627675626897227,level_res,,,,,,,4440,44,level_res_minus_direct_nlinear,test_b,,direct_nlinear,,paired_member_delta,92601
-0.02403678023484629,-0.036507503460526614,-0.05551222630643779,level_res,,,,,,,4464,45,level_res_minus_direct_nlinear,test_b,,direct_nlinear,,paired_member_delta,92601
-0.05512054905057978,0.01922545404009083,-0.1285492709755497,level_res,,,,,,,4488,46,level_res_minus_direct_nlinear,test_b,,direct_nlinear,,paired_member_delta,92601
-0.031455930968399576,0.016056819354393972,-0.03626239634151876,level_res,,,,,,,4512,47,level_res_minus_direct_nlinear,test_b,,direct_nlinear,,paired_member_delta,92601
-0.025312858738699096,-0.008797609425314212,0.0030950916947841134,level_res,,,,,,,4536,48,level_res_minus_direct_nlinear,test_b,,direct_nlinear,,paired_member_delta,92601
0.007770758752218054,-0.13401362435052208,0.07969065571134365,level_res,,,,,,,4560,49,level_res_minus_direct_nlinear,test_b,,direct_nlinear,,paired_member_delta,92601
0.013376112397321893,0.005651153879714947,0.01976350223856574,level_res,,,,,,,4584,50,level_res_minus_direct_nlinear,test_b,,direct_nlinear,,paired_member_delta,92601
0.02974834100813517,0.03308727216048568,0.01385045383608624,level_res,,,,,,,4608,51,level_res_minus_direct_nlinear,test_b,,direct_nlinear,,paired_member_delta,92601
-0.041698347742175124,-0.02373386702189842,-0.0840378432522988,level_res,,,,,,,4632,52,level_res_minus_direct_nlinear,test_b,,direct_nlinear,,paired_member_delta,92601
-0.034540365418127106,0.04092395474549895,-0.033726007249191,level_res,,,,,,,4656,53,level_res_minus_direct_nlinear,test_b,,direct_nlinear,,paired_member_delta,92601
-0.03043401914228705,0.01484575796434108,-0.05311037672588695,level_res,,,,,,,4680,54,level_res_minus_direct_nlinear,test_b,,direct_nlinear,,paired_member_delta,92601
-0.02145401917982334,0.004356015610563407,-0.025844695408504217,level_res,,,,,,,4704,55,level_res_minus_direct_nlinear,test_b,,direct_nlinear,,paired_member_delta,92601
0.007352707752337095,-0.06760768670880912,0.010792502613686694,level_res,,,,,,,4728,56,level_res_minus_direct_nlinear,test_b,,direct_nlinear,,paired_member_delta,92601
-0.036269559867351364,0.014076564657300977,-0.10157675164921015,level_res,,,,,,,4752,57,level_res_minus_direct_nlinear,test_b,,direct_nlinear,,paired_member_delta,92601
-0.022764769936997498,0.025944607471761527,-0.2000004321979294,level_res,,,,,,,4776,58,level_res_minus_direct_nlinear,test_b,,direct_nlinear,,paired_member_delta,92601
-0.08107728070688025,0.10742574674220173,-0.28670857061826016,level_res,,,,,,,4800,59,level_res_minus_direct_nlinear,test_b,,direct_nlinear,,paired_member_delta,92601
-0.06803863504034124,0.22269984805162119,-0.17600448974175265,level_res,,,,,,,4824,60,level_res_minus_direct_nlinear,test_b,,direct_nlinear,,paired_member_delta,92601
0.017356255991092195,0.16291803815493397,-0.06693996210619979,level_res,,,,,,,4848,61,level_res_minus_direct_nlinear,test_b,,direct_nlinear,,paired_member_delta,92601
-0.02882735049021068,-0.03823355565249334,-0.017521440925968718,level_res,,,,,,,4872,62,level_res_minus_direct_nlinear,test_b,,direct_nlinear,,paired_member_delta,92601
-0.04438928330936881,-0.25363053052284407,-0.008304039682176578,level_res,,,,,,,4896,63,level_res_minus_direct_nlinear,test_b,,direct_nlinear,,paired_member_delta,92601
-0.03998090607566673,0.013244904440772885,-0.05305286651137195,level_res,,,,,,,4920,64,level_res_minus_direct_nlinear,test_b,,direct_nlinear,,paired_member_delta,92601
-0.11116294656633668,0.02819768248545923,-0.2284078497982278,level_res,,,,,,,4944,65,level_res_minus_direct_nlinear,test_b,,direct_nlinear,,paired_member_delta,92601
-0.15438100479328642,-0.22761550934200048,-0.47683958201894716,level_res,,,,,,,4968,66,level_res_minus_direct_nlinear,test_b,,direct_nlinear,,paired_member_delta,92601
-0.0008431213917027836,0.09772512896954283,0.03542630780663153,level_res,,,,,,,4992,67,level_res_minus_direct_nlinear,test_b,,direct_nlinear,,paired_member_delta,92601
-0.13216132378689582,-0.02014086295750138,-0.15740708506883966,level_res,,,,,,,5016,68,level_res_minus_direct_nlinear,test_b,,direct_nlinear,,paired_member_delta,92601
-0.08674440703208686,0.18374850322017627,-0.07474098520077074,level_res,,,,,,,5040,69,level_res_minus_direct_nlinear,test_b,,direct_nlinear,,paired_member_delta,92601
-0.06973981407331759,0.3489215738989193,-0.16931745513279622,level_res,,,,,,,5064,70,level_res_minus_direct_nlinear,test_b,,direct_nlinear,,paired_member_delta,92601
-0.0710122567440575,-0.019041242032293598,-0.05577808875718124,level_res,,,,,,,5088,71,level_res_minus_direct_nlinear,test_b,,direct_nlinear,,paired_member_delta,92601
0.0214638133126987,-0.3643788499186984,0.049350900576896894,level_res,,,,,,,5112,72,level_res_minus_direct_nlinear,test_b,,direct_nlinear,,paired_member_delta,92601
-0.0642306326920459,-0.059816666862781295,-0.03723312882115276,level_res,,,,,,,5136,73,level_res_minus_direct_nlinear,test_b,,direct_nlinear,,paired_member_delta,92601
-0.05563485458639894,0.046052961392264224,-0.033956874933127074,level_res,,,,,,,5160,74,level_res_minus_direct_nlinear,test_b,,direct_nlinear,,paired_member_delta,92601
-0.08628106445494088,0.059944949026091716,-0.06626998782889504,level_res,,,,,,,5184,75,level_res_minus_direct_nlinear,test_b,,direct_nlinear,,paired_member_delta,92601
-0.00854849581282549,0.1363102102277837,0.00550755624153175,level_res,,,,,,,5208,76,level_res_minus_direct_nlinear,test_b,,direct_nlinear,,paired_member_delta,92601
0.06262117988137783,0.06462788423888531,0.044913309922184674,level_res,,,,,,,5232,77,level_res_minus_direct_nlinear,test_b,,direct_nlinear,,paired_member_delta,92601
-0.04048920637818382,0.02369730290043734,-0.009529518521999236,level_res,,,,,,,5256,78,level_res_minus_direct_nlinear,test_b,,direct_nlinear,,paired_member_delta,92601
0.0396686126797588,-0.0748216769539331,0.05738708080138938,level_res,,,,,,,5280,79,level_res_minus_direct_nlinear,test_b,,direct_nlinear,,paired_member_delta,92601
-0.016340896233861535,0.002697516928938243,-0.06812009061331659,level_res,,,,,,,3360,0,level_res_minus_direct_nlinear,test_a,,direct_nlinear,,paired_member_delta,92602
-0.05643177756756618,-0.19686523405606765,-0.203649385817039,level_res,,,,,,,3384,1,level_res_minus_direct_nlinear,test_a,,direct_nlinear,,paired_member_delta,92602
-0.06780789404258353,-0.02341001190007755,-0.09797314952285785,level_res,,,,,,,3408,2,level_res_minus_direct_nlinear,test_a,,direct_nlinear,,paired_member_delta,92602
-0.03670646692626178,0.07655756805986896,-0.07514245966073804,level_res,,,,,,,3432,3,level_res_minus_direct_nlinear,test_a,,direct_nlinear,,paired_member_delta,92602
-0.02608458682730358,-0.05889249344666799,-0.06090355161653466,level_res,,,,,,,3456,4,level_res_minus_direct_nlinear,test_a,,direct_nlinear,,paired_member_delta,92602
-0.026165440080541336,-0.058160696274546134,-0.03807681122626838,level_res,,,,,,,3480,5,level_res_minus_direct_nlinear,test_a,,direct_nlinear,,paired_member_delta,92602
0.002414153864283064,-0.025390027184495886,-0.003998115966118515,level_res,,,,,,,3504,6,level_res_minus_direct_nlinear,test_a,,direct_nlinear,,paired_member_delta,92602
-0.05525355101973917,-0.06142306113022142,-0.05604308493679015,level_res,,,,,,,3528,7,level_res_minus_direct_nlinear,test_a,,direct_nlinear,,paired_member_delta,92602
-0.05672204425540184,-0.14526369865508934,-0.05062848062137193,level_res,,,,,,,3552,8,level_res_minus_direct_nlinear,test_a,,direct_nlinear,,paired_member_delta,92602
-0.020692832156212315,-0.06928026809256671,-0.016478138289307442,level_res,,,,,,,3576,9,level_res_minus_direct_nlinear,test_a,,direct_nlinear,,paired_member_delta,92602
-0.004325776029944328,-0.04867156739711903,0.011719324440674472,level_res,,,,,,,3600,10,level_res_minus_direct_nlinear,test_a,,direct_nlinear,,paired_member_delta,92602
-0.03855393756085135,0.06415966165927695,-0.09774596115717177,level_res,,,,,,,3624,11,level_res_minus_direct_nlinear,test_a,,direct_nlinear,,paired_member_delta,92602
-0.015940023631236366,-0.019793970451014588,-0.0179916994194326,level_res,,,,,,,3648,12,level_res_minus_direct_nlinear,test_a,,direct_nlinear,,paired_member_delta,92602
-0.027571077905960528,0.04252511825567733,-0.013707175631306967,level_res,,,,,,,3672,13,level_res_minus_direct_nlinear,test_a,,direct_nlinear,,paired_member_delta,92602
-0.023771947636109236,-0.018597333338202942,-0.014709740711017993,level_res,,,,,,,3696,14,level_res_minus_direct_nlinear,test_a,,direct_nlinear,,paired_member_delta,92602
-0.035670765391414005,-0.10383132949252338,-0.04356934775419963,level_res,,,,,,,3720,15,level_res_minus_direct_nlinear,test_a,,direct_nlinear,,paired_member_delta,92602
-0.06445069702835204,0.2044059192880477,-0.03184203332851565,level_res,,,,,,,3744,16,level_res_minus_direct_nlinear,test_a,,direct_nlinear,,paired_member_delta,92602
-0.10713273929842915,0.1661068939320816,-0.21377917727186468,level_res,,,,,,,3768,17,level_res_minus_direct_nlinear,test_a,,direct_nlinear,,paired_member_delta,92602
-0.0420479338556784,-0.3278615731727697,-0.18710667026611272,level_res,,,,,,,3792,18,level_res_minus_direct_nlinear,test_a,,direct_nlinear,,paired_member_delta,92602
-0.043774272504664424,-0.11755810134277186,-0.16094284601528952,level_res,,,,,,,3816,19,level_res_minus_direct_nlinear,test_a,,direct_nlinear,,paired_member_delta,92602
-0.023166062565424583,0.02532549041743372,-0.059647224259939347,level_res,,,,,,,3840,20,level_res_minus_direct_nlinear,test_a,,direct_nlinear,,paired_member_delta,92602
-0.021355335180665902,-0.045121605179327375,-0.04507928661935762,level_res,,,,,,,3864,21,level_res_minus_direct_nlinear,test_a,,direct_nlinear,,paired_member_delta,92602
-0.0289260490806591,-0.10386099545832944,-0.032942596800550006,level_res,,,,,,,3888,22,level_res_minus_direct_nlinear,test_a,,direct_nlinear,,paired_member_delta,92602
-0.011326662811459776,0.07588460954139009,-6.094107357684786e-05,level_res,,,,,,,3912,23,level_res_minus_direct_nlinear,test_a,,direct_nlinear,,paired_member_delta,92602
0.02228440689014305,0.09699846049040263,0.040559641359833476,level_res,,,,,,,3936,24,level_res_minus_direct_nlinear,test_a,,direct_nlinear,,paired_member_delta,92602
-0.02539862795417913,-0.16282128286091427,-0.00967541644933631,level_res,,,,,,,3960,25,level_res_minus_direct_nlinear,test_a,,direct_nlinear,,paired_member_delta,92602
-0.026920060773252263,-0.0831596161371243,-0.010499855624017063,level_res,,,,,,,3984,26,level_res_minus_direct_nlinear,test_a,,direct_nlinear,,paired_member_delta,92602
-0.03385098514092322,-0.04478242433191659,-0.045418101130175886,level_res,,,,,,,4008,27,level_res_minus_direct_nlinear,test_a,,direct_nlinear,,paired_member_delta,92602
-0.021036599370121367,-0.043700497092989586,-0.01875190238776467,level_res,,,,,,,4032,28,level_res_minus_direct_nlinear,test_a,,direct_nlinear,,paired_member_delta,92602
-0.00861426362740425,-0.10505195124777875,-0.017589264627843895,level_res,,,,,,,4056,29,level_res_minus_direct_nlinear,test_a,,direct_nlinear,,paired_member_delta,92602
0.01460075680512879,-0.04237209700216886,0.006295803075135192,level_res,,,,,,,4080,30,level_res_minus_direct_nlinear,test_a,,direct_nlinear,,paired_member_delta,92602
0.022649335602324627,0.06822162577380225,-0.0030139815589620977,level_res,,,,,,,4104,31,level_res_minus_direct_nlinear,test_a,,direct_nlinear,,paired_member_delta,92602
-0.019260375878052294,-0.051919321124396275,-0.028053589636767406,level_res,,,,,,,4128,32,level_res_minus_direct_nlinear,test_a,,direct_nlinear,,paired_member_delta,92602
-0.0447958657864993,-0.028383755803053433,-0.05859149969452895,level_res,,,,,,,4152,33,level_res_minus_direct_nlinear,test_a,,direct_nlinear,,paired_member_delta,92602
-0.034787521360461426,0.06974834708129421,-0.049240489149305094,level_res,,,,,,,4176,34,level_res_minus_direct_nlinear,test_a,,direct_nlinear,,paired_member_delta,92602
-0.003449588666091352,-0.0015740774551351866,-0.016696137184609133,level_res,,,,,,,4200,35,level_res_minus_direct_nlinear,test_a,,direct_nlinear,,paired_member_delta,92602
-0.08346748250130304,-0.1652440269039396,-0.13883443394828676,level_res,,,,,,,4224,36,level_res_minus_direct_nlinear,test_a,,direct_nlinear,,paired_member_delta,92602
-0.03373868429266355,-0.06389465442785591,-0.04084597220711479,level_res,,,,,,,4248,37,level_res_minus_direct_nlinear,test_a,,direct_nlinear,,paired_member_delta,92602
0.029109817835977103,0.04027554738180092,0.030228491839106142,level_res,,,,,,,4272,38,level_res_minus_direct_nlinear,test_a,,direct_nlinear,,paired_member_delta,92602
-0.0019690711781674697,-0.06409739811594288,-0.013703949498743179,level_res,,,,,,,4296,39,level_res_minus_direct_nlinear,test_a,,direct_nlinear,,paired_member_delta,92602
0.0023937452876684473,-0.002336607433344219,-0.005251883543940017,level_res,,,,,,,4344,40,level_res_minus_direct_nlinear,test_b,,direct_nlinear,,paired_member_delta,92602
0.012305214375659235,-0.049250980711304675,0.0038510971947259554,level_res,,,,,,,4368,41,level_res_minus_direct_nlinear,test_b,,direct_nlinear,,paired_member_delta,92602
0.01083151582176528,-0.13668450114075276,-0.01619351998114746,level_res,,,,,,,4392,42,level_res_minus_direct_nlinear,test_b,,direct_nlinear,,paired_member_delta,92602
0.013374230940826237,-0.027774996185839614,0.00040894706972402495,level_res,,,,,,,4416,43,level_res_minus_direct_nlinear,test_b,,direct_nlinear,,paired_member_delta,92602
0.04162964303795175,-0.006009139093186927,0.02877014995628141,level_res,,,,,,,4440,44,level_res_minus_direct_nlinear,test_b,,direct_nlinear,,paired_member_delta,92602
-0.0027472130936004313,-0.036212356076301896,-0.04898889189450606,level_res,,,,,,,4464,45,level_res_minus_direct_nlinear,test_b,,direct_nlinear,,paired_member_delta,92602
-0.043256115968403064,-0.020736945373024427,-0.10126238949247349,level_res,,,,,,,4488,46,level_res_minus_direct_nlinear,test_b,,direct_nlinear,,paired_member_delta,92602
-0.01836878451057619,-0.000780658709688806,-0.026170158705305854,level_res,,,,,,,4512,47,level_res_minus_direct_nlinear,test_b,,direct_nlinear,,paired_member_delta,92602
0.018861581744881784,-0.04696743685396059,0.029573626640616413,level_res,,,,,,,4536,48,level_res_minus_direct_nlinear,test_b,,direct_nlinear,,paired_member_delta,92602
-0.00041866355904324193,-0.18526578313835404,0.05488062216381234,level_res,,,,,,,4560,49,level_res_minus_direct_nlinear,test_b,,direct_nlinear,,paired_member_delta,92602
0.009994593485459391,-0.06434968733867885,0.004346707171243219,level_res,,,,,,,4584,50,level_res_minus_direct_nlinear,test_b,,direct_nlinear,,paired_member_delta,92602
0.05773000810044254,-0.010108124142896163,0.028640951228183525,level_res,,,,,,,4608,51,level_res_minus_direct_nlinear,test_b,,direct_nlinear,,paired_member_delta,92602
-0.021927135098724404,-0.02221510773433337,-0.057792309426559746,level_res,,,,,,,4632,52,level_res_minus_direct_nlinear,test_b,,direct_nlinear,,paired_member_delta,92602
-0.01468905901499823,-0.0044314705711953895,-0.015265080276970211,level_res,,,,,,,4656,53,level_res_minus_direct_nlinear,test_b,,direct_nlinear,,paired_member_delta,92602
-0.035829014074646254,-0.050168063160027476,-0.060863214562989806,level_res,,,,,,,4680,54,level_res_minus_direct_nlinear,test_b,,direct_nlinear,,paired_member_delta,92602
0.004703478461819649,-0.04721529560743411,-0.011593884653604905,level_res,,,,,,,4704,55,level_res_minus_direct_nlinear,test_b,,direct_nlinear,,paired_member_delta,92602
0.026558050922319,-0.12003128948237965,0.030038069949949203,level_res,,,,,,,4728,56,level_res_minus_direct_nlinear,test_b,,direct_nlinear,,paired_member_delta,92602
-0.009055159890147713,-0.041497587573294525,-0.06719991235149231,level_res,,,,,,,4752,57,level_res_minus_direct_nlinear,test_b,,direct_nlinear,,paired_member_delta,92602
0.005631954072077616,-0.012104275840923107,-0.16836102043377954,level_res,,,,,,,4776,58,level_res_minus_direct_nlinear,test_b,,direct_nlinear,,paired_member_delta,92602
-0.10155828490030538,0.15284388686524575,-0.4265869722926303,level_res,,,,,,,4800,59,level_res_minus_direct_nlinear,test_b,,direct_nlinear,,paired_member_delta,92602
-0.04815833215309562,0.1997476674424594,-0.1833140486332206,level_res,,,,,,,4824,60,level_res_minus_direct_nlinear,test_b,,direct_nlinear,,paired_member_delta,92602
0.0026497728215283955,0.1445048317294933,-0.08360969073259672,level_res,,,,,,,4848,61,level_res_minus_direct_nlinear,test_b,,direct_nlinear,,paired_member_delta,92602
-0.001013724411856043,-0.05316589848485356,-0.008275937991335025,level_res,,,,,,,4872,62,level_res_minus_direct_nlinear,test_b,,direct_nlinear,,paired_member_delta,92602
-0.03544198255729181,-0.2891132867730716,0.010967526938649691,level_res,,,,,,,4896,63,level_res_minus_direct_nlinear,test_b,,direct_nlinear,,paired_member_delta,92602
-0.0419050994642734,-0.03537970595290044,-0.04874378595845058,level_res,,,,,,,4920,64,level_res_minus_direct_nlinear,test_b,,direct_nlinear,,paired_member_delta,92602
-0.061784375610181574,-0.014285651100091834,-0.15074680092270765,level_res,,,,,,,4944,65,level_res_minus_direct_nlinear,test_b,,direct_nlinear,,paired_member_delta,92602
-0.14804498222314155,-0.2540334745483729,-0.4353496726776378,level_res,,,,,,,4968,66,level_res_minus_direct_nlinear,test_b,,direct_nlinear,,paired_member_delta,92602
0.05359588779381241,0.08556618513630737,0.11979464763831965,level_res,,,,,,,4992,67,level_res_minus_direct_nlinear,test_b,,direct_nlinear,,paired_member_delta,92602
-0.10548653791007456,-0.044750745520086996,-0.1293502352980514,level_res,,,,,,,5016,68,level_res_minus_direct_nlinear,test_b,,direct_nlinear,,paired_member_delta,92602
-0.05210836948233416,0.14135060573279784,-0.03994192543654307,level_res,,,,,,,5040,69,level_res_minus_direct_nlinear,test_b,,direct_nlinear,,paired_member_delta,92602
-0.04748809665462056,0.2797668007448973,-0.11944434270308651,level_res,,,,,,,5064,70,level_res_minus_direct_nlinear,test_b,,direct_nlinear,,paired_member_delta,92602
-0.050499225690431304,-0.0852525368134272,-0.04754101614684389,level_res,,,,,,,5088,71,level_res_minus_direct_nlinear,test_b,,direct_nlinear,,paired_member_delta,92602
0.07015220908115405,-0.3566785901488152,0.11978753719654561,level_res,,,,,,,5112,72,level_res_minus_direct_nlinear,test_b,,direct_nlinear,,paired_member_delta,92602
-0.04281361589228788,-0.049062516247538636,-0.011141729717472584,level_res,,,,,,,5136,73,level_res_minus_direct_nlinear,test_b,,direct_nlinear,,paired_member_delta,92602
-0.03097839286897841,0.00969361711074324,-0.019515333529668846,level_res,,,,,,,5160,74,level_res_minus_direct_nlinear,test_b,,direct_nlinear,,paired_member_delta,92602
-0.04753033494503767,0.028794697915002998,-0.03576291847540314,level_res,,,,,,,5184,75,level_res_minus_direct_nlinear,test_b,,direct_nlinear,,paired_member_delta,92602
0.03139550776526734,0.11638734901470005,0.030701087689013015,level_res,,,,,,,5208,76,level_res_minus_direct_nlinear,test_b,,direct_nlinear,,paired_member_delta,92602
0.0532577802271893,0.054637077711887805,0.03523422099799939,level_res,,,,,,,5232,77,level_res_minus_direct_nlinear,test_b,,direct_nlinear,,paired_member_delta,92602
-0.008442639144977532,0.007169148711231994,0.0017300593433098033,level_res,,,,,,,5256,78,level_res_minus_direct_nlinear,test_b,,direct_nlinear,,paired_member_delta,92602
0.0692671485149356,-0.09733040901768368,0.09623087162005595,level_res,,,,,,,5280,79,level_res_minus_direct_nlinear,test_b,,direct_nlinear,,paired_member_delta,92602
-0.04433998942419981,0.02421491591068095,-0.09820736001310154,level_res,,,,,,-0.09820736001310154,3360,0,level_res_minus_direct_nlinear,test_a,0.0,direct_nlinear,,pair_mean_seed_loss_delta,mean_of_paired_member_losses
-0.06139331219909602,-0.16890546277978036,-0.19658702079590878,level_res,,,,,,-0.19658702079590878,3384,1,level_res_minus_direct_nlinear,test_a,0.0,direct_nlinear,,pair_mean_seed_loss_delta,mean_of_paired_member_losses
-0.05053064598606022,0.019091887837823705,-0.0720327882466647,level_res,,,,,,-0.0720327882466647,3408,2,level_res_minus_direct_nlinear,test_a,0.0,direct_nlinear,,pair_mean_seed_loss_delta,mean_of_paired_member_losses
-0.06097814182159675,0.11321116301833706,-0.10549736915446838,level_res,,,,,,-0.10549736915446838,3432,3,level_res_minus_direct_nlinear,test_a,0.0,direct_nlinear,,pair_mean_seed_loss_delta,mean_of_paired_member_losses
-0.029317908051227443,-0.040564809247906154,-0.05427276073255989,level_res,,,,,,-0.05427276073255989,3456,4,level_res_minus_direct_nlinear,test_a,0.0,direct_nlinear,,pair_mean_seed_loss_delta,mean_of_paired_member_losses
-0.025845316918361394,-0.033660376102060956,-0.03448727521654306,level_res,,,,,,-0.03448727521654306,3480,5,level_res_minus_direct_nlinear,test_a,0.0,direct_nlinear,,pair_mean_seed_loss_delta,mean_of_paired_member_losses
-0.004476009189281344,-0.006170450814191581,-0.0076776012477095396,level_res,,,,,,-0.0076776012477095396,3504,6,level_res_minus_direct_nlinear,test_a,0.0,direct_nlinear,,pair_mean_seed_loss_delta,mean_of_paired_member_losses
-0.064956046350976,-0.03058337734546512,-0.07020228352478705,level_res,,,,,,-0.07020228352478705,3528,7,level_res_minus_direct_nlinear,test_a,0.0,direct_nlinear,,pair_mean_seed_loss_delta,mean_of_paired_member_losses
-0.05643695062391606,-0.12186711092534311,-0.052099254749087685,level_res,,,,,,-0.052099254749087685,3552,8,level_res_minus_direct_nlinear,test_a,0.0,direct_nlinear,,pair_mean_seed_loss_delta,mean_of_paired_member_losses
-0.031003142063912303,-0.041684819735225975,-0.03182090810513932,level_res,,,,,,-0.03182090810513932,3576,9,level_res_minus_direct_nlinear,test_a,0.0,direct_nlinear,,pair_mean_seed_loss_delta,mean_of_paired_member_losses
0.014960002819505325,-0.0379891175064532,0.06825948886974487,level_res,,,,,,0.0,3600,10,level_res_minus_direct_nlinear,test_a,0.06825948886974487,direct_nlinear,,pair_mean_seed_loss_delta,mean_of_paired_member_losses
-0.0393060458060491,0.05288136092598969,-0.08033607836786591,level_res,,,,,,-0.08033607836786591,3624,11,level_res_minus_direct_nlinear,test_a,0.0,direct_nlinear,,pair_mean_seed_loss_delta,mean_of_paired_member_losses
-0.03881505646631028,0.003926213730272712,-0.04025503714591264,level_res,,,,,,-0.04025503714591264,3648,12,level_res_minus_direct_nlinear,test_a,0.0,direct_nlinear,,pair_mean_seed_loss_delta,mean_of_paired_member_losses
-0.03211185146652748,0.05042897524567796,-0.021067649854443607,level_res,,,,,,-0.021067649854443607,3672,13,level_res_minus_direct_nlinear,test_a,0.0,direct_nlinear,,pair_mean_seed_loss_delta,mean_of_paired_member_losses
-0.04079545758363298,-0.0028459842062290453,-0.030567950257951212,level_res,,,,,,-0.030567950257951212,3696,14,level_res_minus_direct_nlinear,test_a,0.0,direct_nlinear,,pair_mean_seed_loss_delta,mean_of_paired_member_losses
-0.02543149667611691,-0.09512721667267089,-0.03173374349728306,level_res,,,,,,-0.03173374349728306,3720,15,level_res_minus_direct_nlinear,test_a,0.0,direct_nlinear,,pair_mean_seed_loss_delta,mean_of_paired_member_losses
-0.06424791619692946,0.20963350814931533,-0.016078617200499135,level_res,,,,,,-0.016078617200499135,3744,16,level_res_minus_direct_nlinear,test_a,0.0,direct_nlinear,,pair_mean_seed_loss_delta,mean_of_paired_member_losses
-0.12528957332502683,0.1905078445127526,-0.20712580931077462,level_res,,,,,,-0.20712580931077462,3768,17,level_res_minus_direct_nlinear,test_a,0.0,direct_nlinear,,pair_mean_seed_loss_delta,mean_of_paired_member_losses
-0.04161494863721746,-0.32789363423544987,-0.1911956233292585,level_res,,,,,,-0.1911956233292585,3792,18,level_res_minus_direct_nlinear,test_a,0.0,direct_nlinear,,pair_mean_seed_loss_delta,mean_of_paired_member_losses
-0.05161190123073861,-0.12527239169203847,-0.1590081253274486,level_res,,,,,,-0.1590081253274486,3816,19,level_res_minus_direct_nlinear,test_a,0.0,direct_nlinear,,pair_mean_seed_loss_delta,mean_of_paired_member_losses
-0.02402638148473049,0.032583825130417354,-0.058886177237712195,level_res,,,,,,-0.058886177237712195,3840,20,level_res_minus_direct_nlinear,test_a,0.0,direct_nlinear,,pair_mean_seed_loss_delta,mean_of_paired_member_losses
-0.03344904998648057,-0.05508826720510043,-0.04754481245124195,level_res,,,,,,-0.04754481245124195,3864,21,level_res_minus_direct_nlinear,test_a,0.0,direct_nlinear,,pair_mean_seed_loss_delta,mean_of_paired_member_losses
-0.021161166679424553,-0.0792261335825292,-0.02671604901184471,level_res,,,,,,-0.02671604901184471,3888,22,level_res_minus_direct_nlinear,test_a,0.0,direct_nlinear,,pair_mean_seed_loss_delta,mean_of_paired_member_losses
-0.021714629853651024,0.10384707717286588,-0.006805701706894998,level_res,,,,,,-0.006805701706894998,3912,23,level_res_minus_direct_nlinear,test_a,0.0,direct_nlinear,,pair_mean_seed_loss_delta,mean_of_paired_member_losses
0.01142593643539036,0.09752175707470478,0.019556475308525972,level_res,,,,,,0.0,3936,24,level_res_minus_direct_nlinear,test_a,0.019556475308525972,direct_nlinear,,pair_mean_seed_loss_delta,mean_of_paired_member_losses
-0.029390776454009976,-0.15311845180615052,-0.01870662445137293,level_res,,,,,,-0.01870662445137293,3960,25,level_res_minus_direct_nlinear,test_a,0.0,direct_nlinear,,pair_mean_seed_loss_delta,mean_of_paired_member_losses
-0.048979016770745676,-0.07741829849135898,-0.03557571350196663,level_res,,,,,,-0.03557571350196663,3984,26,level_res_minus_direct_nlinear,test_a,0.0,direct_nlinear,,pair_mean_seed_loss_delta,mean_of_paired_member_losses
-0.039305115333192225,-0.017150822214270917,-0.046853259132732736,level_res,,,,,,-0.046853259132732736,4008,27,level_res_minus_direct_nlinear,test_a,0.0,direct_nlinear,,pair_mean_seed_loss_delta,mean_of_paired_member_losses
-0.02758498705909862,-0.01589216552012801,-0.026258498572046013,level_res,,,,,,-0.026258498572046013,4032,28,level_res_minus_direct_nlinear,test_a,0.0,direct_nlinear,,pair_mean_seed_loss_delta,mean_of_paired_member_losses
-0.02479467289887516,-0.07966823993232466,-0.034757945173417036,level_res,,,,,,-0.034757945173417036,4056,29,level_res_minus_direct_nlinear,test_a,0.0,direct_nlinear,,pair_mean_seed_loss_delta,mean_of_paired_member_losses
0.0024007471938424785,-0.01583388224346837,0.003093280774593629,level_res,,,,,,0.0,4080,30,level_res_minus_direct_nlinear,test_a,0.003093280774593629,direct_nlinear,,pair_mean_seed_loss_delta,mean_of_paired_member_losses
-0.0006917694718497069,0.08631796315517824,-0.026297740088705224,level_res,,,,,,-0.026297740088705224,4104,31,level_res_minus_direct_nlinear,test_a,0.0,direct_nlinear,,pair_mean_seed_loss_delta,mean_of_paired_member_losses
-0.0331590930616264,-0.05261636591018817,-0.041429223390610295,level_res,,,,,,-0.041429223390610295,4128,32,level_res_minus_direct_nlinear,test_a,0.0,direct_nlinear,,pair_mean_seed_loss_delta,mean_of_paired_member_losses
-0.06215488679328132,-0.013795032323447656,-0.07415997827433335,level_res,,,,,,-0.07415997827433335,4152,33,level_res_minus_direct_nlinear,test_a,0.0,direct_nlinear,,pair_mean_seed_loss_delta,mean_of_paired_member_losses
-0.0523203631071773,0.08550460809498213,-0.06603214681894265,level_res,,,,,,-0.06603214681894265,4176,34,level_res_minus_direct_nlinear,test_a,0.0,direct_nlinear,,pair_mean_seed_loss_delta,mean_of_paired_member_losses
-0.02117925474379387,0.01676103394471711,-0.03296422587758206,level_res,,,,,,-0.03296422587758206,4200,35,level_res_minus_direct_nlinear,test_a,0.0,direct_nlinear,,pair_mean_seed_loss_delta,mean_of_paired_member_losses
-0.0764981951123998,-0.13841536757079703,-0.12893615241859482,level_res,,,,,,-0.12893615241859482,4224,36,level_res_minus_direct_nlinear,test_a,0.0,direct_nlinear,,pair_mean_seed_loss_delta,mean_of_paired_member_losses
-0.027737293223503476,-0.02511898894091228,-0.0326546216020794,level_res,,,,,,-0.0326546216020794,4248,37,level_res_minus_direct_nlinear,test_a,0.0,direct_nlinear,,pair_mean_seed_loss_delta,mean_of_paired_member_losses
0.005305324908227216,0.06316983439461968,-0.011001102482161962,level_res,,,,,,-0.011001102482161962,4272,38,level_res_minus_direct_nlinear,test_a,0.0,direct_nlinear,,pair_mean_seed_loss_delta,mean_of_paired_member_losses
-0.015235706473308103,-0.06472138614010285,-0.0273311090356778,level_res,,,,,,-0.0273311090356778,4296,39,level_res_minus_direct_nlinear,test_a,0.0,direct_nlinear,,pair_mean_seed_loss_delta,mean_of_paired_member_losses
-0.009487537911399169,0.024168098005283554,-0.01048464210670852,level_res,,,,,,-0.01048464210670852,4344,40,level_res_minus_direct_nlinear,test_b,0.0,direct_nlinear,,pair_mean_seed_loss_delta,mean_of_paired_member_losses
-0.007862948577431028,-0.034977239369433005,-0.016476870190696595,level_res,,,,,,-0.016476870190696595,4368,41,level_res_minus_direct_nlinear,test_b,0.0,direct_nlinear,,pair_mean_seed_loss_delta,mean_of_paired_member_losses
0.009465660683025484,-0.11533426725666275,-0.011479123288695381,level_res,,,,,,-0.011479123288695381,4392,42,level_res_minus_direct_nlinear,test_b,0.0,direct_nlinear,,pair_mean_seed_loss_delta,mean_of_paired_member_losses
0.008687820105229088,-0.0072595640017157955,0.002141027941410363,level_res,,,,,,0.0,4416,43,level_res_minus_direct_nlinear,test_b,0.002141027941410363,direct_nlinear,,pair_mean_seed_loss_delta,mean_of_paired_member_losses
0.02410503072371961,0.01374001363429296,0.011571237164692091,level_res,,,,,,0.0,4440,44,level_res_minus_direct_nlinear,test_b,0.011571237164692091,direct_nlinear,,pair_mean_seed_loss_delta,mean_of_paired_member_losses
-0.01339199666422336,-0.036359929768414255,-0.052250559100471924,level_res,,,,,,-0.052250559100471924,4464,45,level_res_minus_direct_nlinear,test_b,0.0,direct_nlinear,,pair_mean_seed_loss_delta,mean_of_paired_member_losses
-0.04918833250949142,-0.0007557456664667988,-0.11490583023401159,level_res,,,,,,-0.11490583023401159,4488,46,level_res_minus_direct_nlinear,test_b,0.0,direct_nlinear,,pair_mean_seed_loss_delta,mean_of_paired_member_losses
-0.024912357739487884,0.007638080322352583,-0.031216277523412307,level_res,,,,,,-0.031216277523412307,4512,47,level_res_minus_direct_nlinear,test_b,0.0,direct_nlinear,,pair_mean_seed_loss_delta,mean_of_paired_member_losses
-0.003225638496908656,-0.0278825231396374,0.016334359167700263,level_res,,,,,,0.0,4536,48,level_res_minus_direct_nlinear,test_b,0.016334359167700263,direct_nlinear,,pair_mean_seed_loss_delta,mean_of_paired_member_losses
0.003676047596587406,-0.15963970374443806,0.067285638937578,level_res,,,,,,0.0,4560,49,level_res_minus_direct_nlinear,test_b,0.067285638937578,direct_nlinear,,pair_mean_seed_loss_delta,mean_of_paired_member_losses
0.011685352941390642,-0.029349266729481953,0.012055104704904479,level_res,,,,,,0.0,4584,50,level_res_minus_direct_nlinear,test_b,0.012055104704904479,direct_nlinear,,pair_mean_seed_loss_delta,mean_of_paired_member_losses
0.04373917455428886,0.011489574008794759,0.021245702532134883,level_res,,,,,,0.0,4608,51,level_res_minus_direct_nlinear,test_b,0.021245702532134883,direct_nlinear,,pair_mean_seed_loss_delta,mean_of_paired_member_losses
-0.031812741420449764,-0.022974487378115895,-0.07091507633942927,level_res,,,,,,-0.07091507633942927,4632,52,level_res_minus_direct_nlinear,test_b,0.0,direct_nlinear,,pair_mean_seed_loss_delta,mean_of_paired_member_losses
-0.024614712216562668,0.01824624208715178,-0.024495543763080607,level_res,,,,,,-0.024495543763080607,4656,53,level_res_minus_direct_nlinear,test_b,0.0,direct_nlinear,,pair_mean_seed_loss_delta,mean_of_paired_member_losses
-0.03313151660846665,-0.017661152597843198,-0.05698679564443838,level_res,,,,,,-0.05698679564443838,4680,54,level_res_minus_direct_nlinear,test_b,0.0,direct_nlinear,,pair_mean_seed_loss_delta,mean_of_paired_member_losses
-0.008375270359001846,-0.02142963999843535,-0.01871929003105456,level_res,,,,,,-0.01871929003105456,4704,55,level_res_minus_direct_nlinear,test_b,0.0,direct_nlinear,,pair_mean_seed_loss_delta,mean_of_paired_member_losses
0.016955379337328047,-0.09381948809559439,0.02041528628181795,level_res,,,,,,0.0,4728,56,level_res_minus_direct_nlinear,test_b,0.02041528628181795,direct_nlinear,,pair_mean_seed_loss_delta,mean_of_paired_member_losses
-0.02266235987874954,-0.013710511457996774,-0.08438833200035123,level_res,,,,,,-0.08438833200035123,4752,57,level_res_minus_direct_nlinear,test_b,0.0,direct_nlinear,,pair_mean_seed_loss_delta,mean_of_paired_member_losses
-0.00856640793245994,0.00692016581541921,-0.18418072631585447,level_res,,,,,,-0.18418072631585447,4776,58,level_res_minus_direct_nlinear,test_b,0.0,direct_nlinear,,pair_mean_seed_loss_delta,mean_of_paired_member_losses
-0.09131778280359282,0.13013481680372374,-0.35664777145544524,level_res,,,,,,-0.35664777145544524,4800,59,level_res_minus_direct_nlinear,test_b,0.0,direct_nlinear,,pair_mean_seed_loss_delta,mean_of_paired_member_losses
-0.05809848359671843,0.21122375774704027,-0.17965926918748662,level_res,,,,,,-0.17965926918748662,4824,60,level_res_minus_direct_nlinear,test_b,0.0,direct_nlinear,,pair_mean_seed_loss_delta,mean_of_paired_member_losses
0.010003014406310295,0.15371143494221362,-0.07527482641939826,level_res,,,,,,-0.07527482641939826,4848,61,level_res_minus_direct_nlinear,test_b,0.0,direct_nlinear,,pair_mean_seed_loss_delta,mean_of_paired_member_losses
-0.014920537451033361,-0.04569972706867345,-0.012898689458651871,level_res,,,,,,-0.012898689458651871,4872,62,level_res_minus_direct_nlinear,test_b,0.0,direct_nlinear,,pair_mean_seed_loss_delta,mean_of_paired_member_losses
-0.03991563293333031,-0.2713719086479578,0.0013317436282365563,level_res,,,,,,0.0,4896,63,level_res_minus_direct_nlinear,test_b,0.0013317436282365563,direct_nlinear,,pair_mean_seed_loss_delta,mean_of_paired_member_losses
-0.040943002769970066,-0.011067400756063779,-0.050898326234911265,level_res,,,,,,-0.050898326234911265,4920,64,level_res_minus_direct_nlinear,test_b,0.0,direct_nlinear,,pair_mean_seed_loss_delta,mean_of_paired_member_losses
-0.08647366108825913,0.006956015692683698,-0.18957732536046773,level_res,,,,,,-0.18957732536046773,4944,65,level_res_minus_direct_nlinear,test_b,0.0,direct_nlinear,,pair_mean_seed_loss_delta,mean_of_paired_member_losses
-0.151212993508214,-0.24082449194518668,-0.4560946273482925,level_res,,,,,,-0.4560946273482925,4968,66,level_res_minus_direct_nlinear,test_b,0.0,direct_nlinear,,pair_mean_seed_loss_delta,mean_of_paired_member_losses
0.026376383201054815,0.0916456570529251,0.07761047772247559,level_res,,,,,,0.0,4992,67,level_res_minus_direct_nlinear,test_b,0.07761047772247559,direct_nlinear,,pair_mean_seed_loss_delta,mean_of_paired_member_losses
-0.11882393084848519,-0.03244580423879419,-0.14337866018344553,level_res,,,,,,-0.14337866018344553,5016,68,level_res_minus_direct_nlinear,test_b,0.0,direct_nlinear,,pair_mean_seed_loss_delta,mean_of_paired_member_losses
-0.06942638825721051,0.16254955447648706,-0.057341455318656906,level_res,,,,,,-0.057341455318656906,5040,69,level_res_minus_direct_nlinear,test_b,0.0,direct_nlinear,,pair_mean_seed_loss_delta,mean_of_paired_member_losses
-0.05861395536396907,0.3143441873219083,-0.14438089891794137,level_res,,,,,,-0.14438089891794137,5064,70,level_res_minus_direct_nlinear,test_b,0.0,direct_nlinear,,pair_mean_seed_loss_delta,mean_of_paired_member_losses
-0.060755741217244405,-0.0521468894228604,-0.051659552452012564,level_res,,,,,,-0.051659552452012564,5088,71,level_res_minus_direct_nlinear,test_b,0.0,direct_nlinear,,pair_mean_seed_loss_delta,mean_of_paired_member_losses
0.045808011196926374,-0.3605287200337568,0.08456921888672125,level_res,,,,,,0.0,5112,72,level_res_minus_direct_nlinear,test_b,0.08456921888672125,direct_nlinear,,pair_mean_seed_loss_delta,mean_of_paired_member_losses
-0.05352212429216689,-0.05443959155515997,-0.024187429269312673,level_res,,,,,,-0.024187429269312673,5136,73,level_res_minus_direct_nlinear,test_b,0.0,direct_nlinear,,pair_mean_seed_loss_delta,mean_of_paired_member_losses
-0.043306623727688676,0.027873289251503734,-0.02673610423139796,level_res,,,,,,-0.02673610423139796,5160,74,level_res_minus_direct_nlinear,test_b,0.0,direct_nlinear,,pair_mean_seed_loss_delta,mean_of_paired_member_losses
-0.06690569969998927,0.044369823470547354,-0.05101645315214909,level_res,,,,,,-0.05101645315214909,5184,75,level_res_minus_direct_nlinear,test_b,0.0,direct_nlinear,,pair_mean_seed_loss_delta,mean_of_paired_member_losses
0.011423505976220924,0.12634877962124186,0.018104321965272382,level_res,,,,,,0.0,5208,76,level_res_minus_direct_nlinear,test_b,0.018104321965272382,direct_nlinear,,pair_mean_seed_loss_delta,mean_of_paired_member_losses
0.057939480054283565,0.05963248097538656,0.04007376546009203,level_res,,,,,,0.0,5232,77,level_res_minus_direct_nlinear,test_b,0.04007376546009203,direct_nlinear,,pair_mean_seed_loss_delta,mean_of_paired_member_losses
-0.024465922761580675,0.015433225805834666,-0.0038997295893447165,level_res,,,,,,-0.0038997295893447165,5256,78,level_res_minus_direct_nlinear,test_b,0.0,direct_nlinear,,pair_mean_seed_loss_delta,mean_of_paired_member_losses
0.054467880597347196,-0.0860760429858084,0.07680897621072266,level_res,,,,,,0.0,5280,79,level_res_minus_direct_nlinear,test_b,0.07680897621072266,direct_nlinear,,pair_mean_seed_loss_delta,mean_of_paired_member_losses
