channel,channel_index,future_observed_count,last_reconstruction_residual,level_future_mean_signed_error,level_future_mse,origin,origin_position,period,recent24_residual_delta,recent24_residual_mean,recent24_residual_std
Robin_office_Addie,0,48,0.19081049636615544,0.04621898344097038,0.059456725581679554,3360,0,test_a,-0.027233145594926733,-0.31322606284483373,0.45494824043598164
Robin_office_Adolph,1,48,1.3238964736123977,-0.48530938662588596,0.5050982447512439,3360,0,test_a,0.7424565463067646,0.5602351148484325,0.5044383260973028
Robin_office_Antonina,2,48,0.02441609289061364,-0.05652002136533459,0.04580831156891305,3360,0,test_a,0.14540643983221357,0.12461758881830502,0.22841809848193304
Robin_office_Dina,3,48,1.6579239405770076,2.092401273897849,6.8384183636923295,3360,0,test_a,0.1421780487934312,1.9474136137898668,0.4594409395741446
Robin_office_Donald,4,48,-1.448373605258075,0.2023588197139361,0.07745911880906446,3360,0,test_a,-0.1667978200322453,-1.4548083094841084,0.36159616039076603
Robin_office_Erma,5,48,0.13733476883385393,-0.04173101500297586,0.05141147813311047,3360,0,test_a,-0.11776927386854519,0.32210755570748933,0.14802516586815959
Robin_office_Gayle,6,48,-0.5364821526975757,-0.1092956632686158,0.1343801337792417,3360,0,test_a,-0.07539168286064352,-0.30172802593006876,0.3141082955942795
Robin_office_Lindsay,7,48,-0.045080568954634415,-0.0995796409746011,0.022826166530474163,3360,0,test_a,0.08478104726664704,-0.1362205688552491,0.09687703937137483
Robin_office_Maryann,8,48,-0.4739885621223603,-0.21992804761976004,0.0650178437518409,3360,0,test_a,-0.010713429086321224,-0.45466825510575976,0.11109412913641888
Robin_office_Sammie,9,48,-0.5479770565863498,0.10449976561358199,0.10417196220701493,3360,0,test_a,-0.8399539233269532,0.011472445300849279,0.4403360965304247
Robin_office_Saul,10,48,0.6584167634012179,-0.014292864905049404,0.02263305569861442,3360,0,test_a,0.05131739892842502,0.44845995820089035,0.17389282654873378
Robin_office_Serena,11,48,-0.04243408277071559,0.08844216090316574,0.042269159828714854,3360,0,test_a,0.018948474363360113,0.1229031268630215,0.22481260930277983
Robin_office_Shirlene,12,48,1.1546692277487423,-0.11776922852732241,0.11279220880986834,3360,0,test_a,-0.03445580864643527,0.6696254144052461,0.3066186052448295
Robin_office_Soledad,13,48,-0.9245349091153434,0.1050493026462694,0.24634706385042207,3360,0,test_a,-0.18853324324850917,-0.7784901731882243,0.5085146778650365
Robin_office_Victor,14,48,-0.35116237054079164,0.18652152424692758,0.20120093407593886,3360,0,test_a,0.26024869147947055,-0.3402783097007059,0.28255884615207627
Robin_office_Wai,15,48,-0.12323374206988469,-0.19697177635195354,0.05512263858943254,3360,0,test_a,0.022767109063231317,-0.037785215078958954,0.12372753441954765
Robin_office_Zelma,16,48,-0.590537457653685,0.1827380657196045,0.06881037580382939,3360,0,test_a,-0.042179547114407745,-0.4108269352020914,0.1616088214947455
Robin_office_Addie,0,48,0.18179186012920573,0.10952963408393164,0.0710345677312149,3384,1,test_a,-0.014820161429808076,-0.3715573478361309,0.40800128398073615
Robin_office_Adolph,1,48,1.8408565593070763,-0.5126430005378401,0.5321743962657779,3384,1,test_a,0.6593135086761066,1.0254864668268766,0.39857087112136
Robin_office_Antonina,2,48,-0.30219315401347835,0.13861391445000967,0.03567182997279508,3384,1,test_a,-0.1851087161584315,0.166562959857419,0.2241731471319219
Robin_office_Dina,3,48,-0.8124297912373756,1.8325636802862089,3.514432740690431,3384,1,test_a,-1.3260983065040266,0.8070329964161566,1.2569567145619456
Robin_office_Donald,4,48,-1.0681532286711173,-0.08040602753559749,0.0677796309510117,3384,1,test_a,0.12495652093520926,-1.4342272760602326,0.31083633972398056
Robin_office_Erma,5,48,-0.03271167623575166,0.04124656653342148,0.06774645234452864,3384,1,test_a,-0.09958968312362781,0.13909823360763965,0.1525129097511737
Robin_office_Gayle,6,48,0.17879656997719795,-0.16123435545402268,0.27230865453664105,3384,1,test_a,0.2407627657961473,0.0378932422508296,0.6003582379731691
Robin_office_Lindsay,7,48,0.025293976141778973,-0.19513256351153055,0.054046568930438355,3384,1,test_a,0.10638586043772869,-0.15688518928593917,0.12147423052021128
Robin_office_Maryann,8,48,-0.1588574258737624,0.03438627595702807,0.01325714984581198,3384,1,test_a,0.17989246869145448,-0.2965125549320777,0.15665461194500224
Robin_office_Sammie,9,48,-0.5273852927152232,-0.17888607631418077,0.10265840346245636,3384,1,test_a,-0.083735385572062,-0.23223193661655653,0.4070418199558318
Robin_office_Saul,10,48,0.5199586823963516,-0.05455255974084139,0.018142725775242566,3384,1,test_a,0.011546065088120505,0.48196186574171435,0.11817878990640603
Robin_office_Serena,11,48,0.006216067073274378,0.2809639194359382,0.09268480202456136,3384,1,test_a,0.02005744065826931,0.10560155606656796,0.147054304817366
Robin_office_Shirlene,12,48,1.539315501356851,-0.11570883383198331,0.07264959567361322,3384,1,test_a,0.19435705318301166,1.0163457869472723,0.32157300749837203
Robin_office_Soledad,13,48,-0.7444262797941592,-0.3268530461937189,0.27245324067037624,3384,1,test_a,-0.11242825048639293,-0.8922054728146849,0.42294138680715315
Robin_office_Victor,14,48,-0.21491613604839233,0.2165941846324131,0.09163222885298115,3384,1,test_a,0.21826346783213396,-0.0699935643558459,0.3853897897733821
Robin_office_Wai,15,48,0.10720197986845692,-0.14333393543104953,0.032084803130939775,3384,1,test_a,0.09704471205080234,0.01461208631218589,0.15584695608424373
Robin_office_Zelma,16,48,-0.4347243710835651,0.24493787251412868,0.14707475729513012,3384,1,test_a,0.014725040778890364,-0.41301794677281234,0.11680663464350316
Robin_office_Addie,0,48,0.018255877892020433,0.31734848767518997,0.23532898736014363,3408,2,test_a,-0.11697671196210035,-0.07176584126493434,0.24290703938561767
Robin_office_Adolph,1,48,1.835187624606119,0.23747828730847687,0.2939511006051223,3408,2,test_a,0.13128961422103758,1.7865406666847576,0.5032049082657133
Robin_office_Antonina,2,48,-0.16544352043292543,0.13762738943720856,0.07595307162923118,3408,2,test_a,0.02146337001833254,-0.05631431325657262,0.19255805839698073
Robin_office_Dina,3,48,-0.9953367685378259,0.9185869786888361,0.9144364821193265,3408,2,test_a,-0.04792430632356892,-0.9456536874089944,0.22331215577871977
Robin_office_Donald,4,48,-1.0335860506637218,-0.016441504548614223,0.04714016956820829,3408,2,test_a,-0.026223666703088178,-0.9553185134268546,0.15788951043548177
Robin_office_Erma,5,48,-0.10862332671323527,-0.08923483469213049,0.10724966430863114,3408,2,test_a,0.005835587908704198,0.11429714528616607,0.33494436746236966
Robin_office_Gayle,6,48,0.05630685557698001,-0.16253998852334917,0.24715171389149646,3408,2,test_a,-0.11411575091363912,0.3662553065926943,0.4199188394185058
Robin_office_Lindsay,7,48,0.008632462791242412,0.04353939245144526,0.013039212748925758,3408,2,test_a,0.04073213464632364,0.18765780376238783,0.2138936225303166
Robin_office_Maryann,8,48,-0.2145889344295444,-0.11678731208667159,0.06076178901381659,3408,2,test_a,0.018219988600921888,-0.3114410525681344,0.12789852287882236
Robin_office_Sammie,9,48,0.11555405693075493,0.00908926389820408,0.07206318322627552,3408,2,test_a,0.3264211769280423,-0.10985323677563612,0.3188540968751632
Robin_office_Saul,10,48,0.5924966098890909,0.10756007387923698,0.055785069828589294,3408,2,test_a,0.03455483775685608,0.41867140497711697,0.2000160336285813
Robin_office_Serena,11,48,-0.028639515132707904,0.0684347905529042,0.0420815148423776,3408,2,test_a,-0.021831980264657713,-0.060625509716862945,0.09142728574459161
Robin_office_Shirlene,12,48,1.428395777749195,0.035973469532715775,0.0714190170950287,3408,2,test_a,-0.08623345184573727,0.9009900351082808,0.4293138751109288
Robin_office_Soledad,13,48,-0.8040680393612937,0.12819042413805923,0.22867535945482284,3408,2,test_a,-0.06699935929428136,-0.6306395084562587,0.3408525341839484
Robin_office_Victor,14,48,-0.2987139484055744,-0.11946320564796527,0.08678121670674759,3408,2,test_a,-0.07900693038047801,-0.2789927595070472,0.2479986822567271
Robin_office_Wai,15,48,0.17755955041429472,-0.03914062121960645,0.03400517716141176,3408,2,test_a,0.0319109851868139,0.18005423629449113,0.08205362029214074
Robin_office_Zelma,16,48,-0.4821775000552677,0.09626659378409386,0.10620627014382666,3408,2,test_a,-0.023829499651908392,-0.3339700082867832,0.17060086789415402
Robin_office_Addie,0,48,-0.18838091321137007,0.39049605396576226,0.3388514989698809,3432,3,test_a,-0.11331793955350011,-0.12588200276009157,0.17795222493857757
Robin_office_Adolph,1,48,0.9945034250840967,0.22267439876062176,0.3097959034690001,3432,3,test_a,-0.6537766193183827,1.5304201761233542,0.4297977842718597
Robin_office_Antonina,2,48,-0.1446337377991832,0.007785798671344916,0.10416538339035153,3432,3,test_a,0.01844005190196296,0.05151169740492043,0.17757323349532042
Robin_office_Dina,3,48,-0.6574918427296425,0.8371783853508532,0.8742199179548004,3432,3,test_a,0.08646012577584694,-0.7275706870079489,0.1483500952083187
Robin_office_Donald,4,48,-0.9103952991530392,-0.08014532636540632,0.05055310143557599,3432,3,test_a,0.1440319988808011,-0.9039924223564152,0.17354926794877937
Robin_office_Erma,5,48,0.010008716605807266,-0.3263760515643905,0.16632318842441352,3432,3,test_a,0.090831637842823,-0.1579285411725908,0.09699973009018886
Robin_office_Gayle,6,48,0.2959123037917505,-0.05100876038583616,0.22345809273469194,3432,3,test_a,0.16635453288864266,0.5231451892490807,0.4550035416049209
Robin_office_Lindsay,7,48,-0.033299912241765095,0.11013070369760196,0.02168031403157955,3432,3,test_a,-0.03512829078406898,0.019942482371745063,0.06379128806613966
Robin_office_Maryann,8,48,-0.37781968310816105,-0.30121894801656407,0.1546056671974644,3432,3,test_a,-0.07687277713675977,-0.33983452515260937,0.0717156894336446
Robin_office_Sammie,9,48,0.6001820394499204,0.15115990908816457,0.13155461867649332,3432,3,test_a,0.46514322705465316,-0.16686577310514913,0.413588779921977
Robin_office_Saul,10,48,0.47778121116595407,-0.004528304377648358,0.0800003297620656,3432,3,test_a,-0.07901459734771121,0.4721494940986835,0.10338941964325399
Robin_office_Serena,11,48,0.04988009007133498,-0.13612975451784828,0.0706049079227873,3432,3,test_a,-0.00010277701389682647,-0.028520938438341702,0.06453247251580697
Robin_office_Shirlene,12,48,0.7600086809898285,-0.0975581919386362,0.09892013101116665,3432,3,test_a,-0.3741618121698509,0.7496890951082023,0.34503917807603246
Robin_office_Soledad,13,48,-0.72328024422686,0.3425561236217618,0.38252058397116073,3432,3,test_a,0.07435802130259905,-0.6733969544525289,0.33114919695219847
Robin_office_Victor,14,48,-0.04663080846741019,-0.3275417786850691,0.2900220565078935,3432,3,test_a,0.12675568648650948,-0.16866182790959475,0.14153863470425662
Robin_office_Wai,15,48,0.3385439800714173,0.05182856135070324,0.026290517381060835,3432,3,test_a,0.07582213703358642,0.37043142653190664,0.13465217906815768
Robin_office_Zelma,16,48,-0.39032266583370645,-0.14091493049636483,0.17191832956386843,3432,3,test_a,0.06625474633107076,-0.388476729796903,0.0906844640533501
Robin_office_Addie,0,48,-0.021833547505658746,0.3801021019462496,0.38812845033768295,3456,4,test_a,-0.009200755838328634,-0.7396753372488831,0.5104814641058287
Robin_office_Adolph,1,48,1.3846630882549356,0.2800687312458952,0.27025971269294363,3456,4,test_a,-0.1510223449290624,1.0052734837034045,0.44853961607456444
Robin_office_Antonina,2,48,-0.558122395560802,-0.08124179668569316,0.059921328250957674,3456,4,test_a,-0.11428318076800348,-0.058224550611515546,0.330397634668166
Robin_office_Dina,3,48,-0.9199782940440746,0.8504850838022927,0.8135151393201436,3456,4,test_a,-0.0789259281066289,-0.6328050894663408,0.2638706291260796
Robin_office_Donald,4,48,-0.8881973932438081,-0.13119874335825443,0.10120996052888848,3456,4,test_a,0.07749600731153428,-0.8508497031870675,0.21392240094209708
Robin_office_Erma,5,48,0.13361894677337238,-0.08497971836671543,0.028158525467802644,3456,4,test_a,-0.003717722624800357,0.38711952048262654,0.3057389870985094
Robin_office_Gayle,6,48,0.2604738478676897,0.05301719717681408,0.1285175755094449,3456,4,test_a,0.23921135196357446,0.4198840094311918,0.5367856843479835
Robin_office_Lindsay,7,48,0.010185982382916015,0.01454265167315801,0.004027515823163223,3456,4,test_a,-0.05882808173483234,-0.03255916451489812,0.11649761877067935
Robin_office_Maryann,8,48,0.08227636924847481,0.11215228354558349,0.04869540622734589,3456,4,test_a,0.21313957574412112,-0.022836459288651047,0.16704454445448283
Robin_office_Sammie,9,48,-0.26476292838682813,0.21933113550767303,0.18090226406867763,3456,4,test_a,-0.06150481968554822,0.1151745548939368,0.42950647017598115
Robin_office_Saul,10,48,0.3593265938272572,-0.31459564104443416,0.18231466047429057,3456,4,test_a,0.013654589147839014,0.19157254361406198,0.20755835063371722
Robin_office_Serena,11,48,-0.0021185667539852515,-0.14580696518532932,0.09314574168197311,3456,4,test_a,-0.07800836454040383,0.19878693807805056,0.2644126256422687
Robin_office_Shirlene,12,48,1.4943222012145796,0.07726062159053981,0.06535205351198374,3456,4,test_a,0.11981566006571542,0.8763660169389085,0.4008621102088241
Robin_office_Soledad,13,48,-0.7928003165953034,-0.0861047488482048,0.2713134314958743,3456,4,test_a,-0.17466926426931906,-0.9188869287634693,0.41889417363211584
Robin_office_Victor,14,48,-0.13254665761362738,-0.16537092448803983,0.14128911071396558,3456,4,test_a,0.030482725070081984,0.07040697647695654,0.2514539204590843
Robin_office_Wai,15,48,0.23896581000328765,0.034174044926961265,0.03671107027535401,3456,4,test_a,0.011419173481239664,0.12142200587945558,0.19900093822324855
Robin_office_Zelma,16,48,-0.3117555537079362,-0.018025499458114307,0.0424204253072667,3456,4,test_a,-0.02368514931831056,-0.14680888290822172,0.19577096178829545
Robin_office_Addie,0,48,-0.182825881057592,0.2561068238380055,0.24072622809962088,3480,5,test_a,-0.13611092681989345,-0.5193351247262897,0.4194964856248104
Robin_office_Adolph,1,48,1.0768243404916433,0.12207382106377433,0.17313854215565908,3480,5,test_a,0.06088238451210315,1.108910978166577,0.5447163013248648
Robin_office_Antonina,2,48,-0.0393033070859542,-0.0442068591946736,0.049102499789216325,3480,5,test_a,0.1922921878020628,0.008471986546358964,0.44051282527266344
Robin_office_Dina,3,48,-1.0430994999906493,0.6986869724156956,0.6204853229348833,3480,5,test_a,-0.2301800862683402,-0.8766454312109181,0.24297821025919328
Robin_office_Donald,4,48,-0.5568416843457963,0.0681163848688205,0.09952041166243548,3480,5,test_a,-0.09630919424058149,-0.5432356556302012,0.20964828164165294
Robin_office_Erma,5,48,0.04545268696194013,0.08148518223121452,0.05206278454563377,3480,5,test_a,-0.03881053236583856,0.20274154233259653,0.21274284732980522
Robin_office_Gayle,6,48,-0.22782659547065554,-0.17340396189441284,0.12603501132442693,3480,5,test_a,-0.18349104938245164,0.24539489944249385,0.37814096482768605
Robin_office_Lindsay,7,48,-0.192655242926129,-0.0029962447782357535,0.0035989647208291378,3480,5,test_a,-0.050003097854416145,-0.0684831222029902,0.10724174587153848
Robin_office_Maryann,8,48,-0.4109168418654755,0.03759753859291474,0.021905956137253216,3480,5,test_a,-0.3029380753027112,-0.1508535663951984,0.2320104306875541
Robin_office_Sammie,9,48,0.2644285974999149,0.32516140257939696,0.24249655012600072,3480,5,test_a,0.6071096432413137,-0.12363436835301413,0.4364420419277882
Robin_office_Saul,10,48,0.2578079950847819,0.06620132634028171,0.05751106158326241,3480,5,test_a,0.008132071793844786,0.2001807114403995,0.10477717516262582
Robin_office_Serena,11,48,0.4021858433231241,-0.006244007658096962,0.04781563070806089,3480,5,test_a,0.24672053799911964,0.265956566177551,0.15410515911640477
Robin_office_Shirlene,12,48,1.5195128397170738,-0.13180458340017745,0.1255804132267593,3480,5,test_a,-0.029565935772456475,0.9431231698410931,0.2735748490746934
Robin_office_Soledad,13,48,-0.3648221371302736,-0.21857454651035368,0.5863854128301716,3480,5,test_a,0.27905228347270933,-0.8096267922734334,0.43813524451719205
Robin_office_Victor,14,48,-0.3950287618874965,-0.05698400398856999,0.06858219423521812,3480,5,test_a,-0.2802573862259324,0.12660397573825186,0.3746646488368218
Robin_office_Wai,15,48,0.028910466737288254,-0.019395246791342895,0.041044265977576676,3480,5,test_a,-0.04165627851971432,0.09462576600913379,0.12417871157819295
Robin_office_Zelma,16,48,-0.18636648880565843,-0.03627109306398779,0.09035956700156605,3480,5,test_a,0.02228873526439079,-0.14768942878417313,0.10335111873733523
Robin_office_Addie,0,48,0.12663721180488136,0.12627351155970246,0.1528407099401485,3504,6,test_a,0.06026229582625803,-0.5304732889736888,0.38736830962935603
Robin_office_Adolph,1,48,1.0386127703432255,-0.23408279300201684,0.2635309287497247,3504,6,test_a,-0.012774122274352262,0.8705555595730313,0.27514517302086267
Robin_office_Antonina,2,48,-0.2528608684464515,0.03623484028503299,0.10464992722231609,3504,6,test_a,-0.06585881915729619,0.11052093641540432,0.2024684034904009
Robin_office_Dina,3,48,-0.7843405435198885,0.5904009761288762,0.4757711861191744,3504,6,test_a,-0.000471219711217552,-0.7974674004318215,0.20497036860365384
Robin_office_Donald,4,48,-0.846689719845273,-0.14128261882190904,0.07306194201438188,3504,6,test_a,-0.4462366288193097,-0.5634810235009237,0.36807166494385335
Robin_office_Erma,5,48,0.32894277869667776,0.29872434594047564,0.1086739102710353,3504,6,test_a,0.14433605296359434,0.27890872831365865,0.1897038180819493
Robin_office_Gayle,6,48,0.14099951572490044,-0.19101983308792114,0.11154573330142231,3504,6,test_a,0.1962106915428865,0.319062648729266,0.4455054818767796
Robin_office_Lindsay,7,48,-0.11991529806049261,-0.03811497986316681,0.008246242803939078,3504,6,test_a,0.01457570510078865,-0.12285909176839833,0.09359637874246617
Robin_office_Maryann,8,48,-0.45537513689941744,-0.004183361306786537,0.02300942709192284,3504,6,test_a,-0.011097437813618383,-0.2783574257234891,0.16054736913017525
Robin_office_Sammie,9,48,-0.22562407950067703,0.3800912774167955,0.3833703469201261,3504,6,test_a,0.06305421794624372,-0.11006631576230563,0.30134274160109725
Robin_office_Saul,10,48,0.3998355239132707,0.24739389512493895,0.11672393047255157,3504,6,test_a,0.10072142821954921,0.1230415595041801,0.1607976387979699
Robin_office_Serena,11,48,0.10061133873379324,0.038025168076273985,0.05625840094792883,3504,6,test_a,-0.1508315041978704,0.35580107950983236,0.20572954564279558
Robin_office_Shirlene,12,48,1.9217355689412292,-0.09795173967722803,0.18227346314596252,3504,6,test_a,0.34395732552003255,0.9939897281639736,0.3320282489561441
Robin_office_Soledad,13,48,-0.7814902836055037,-0.44749706496562186,0.6361809391138444,3504,6,test_a,-0.11353278676398704,-0.595481446705623,0.3504017546371905
Robin_office_Victor,14,48,-0.16944090859536587,-0.08015099152301748,0.07469601943413755,3504,6,test_a,0.05362910988774161,-0.03148971204952513,0.30387679430338754
Robin_office_Wai,15,48,0.000695365044482088,-0.23126390960533172,0.07932830746523331,3504,6,test_a,-0.032562087298690146,0.01311005756955344,0.09805456001538784
Robin_office_Zelma,16,48,-0.3346571553246711,0.20368818321730942,0.10791196557108441,3504,6,test_a,-0.08512118902920385,-0.07843867162651792,0.14916004657680187
Robin_office_Addie,0,48,-0.0471701935447173,-0.17431260540615767,0.11049073870780791,3528,7,test_a,-0.22032611622044707,-0.5119891149871605,0.41647970096214715
Robin_office_Adolph,1,48,1.7238364554887629,0.018402259214781225,0.17027295553998079,3528,7,test_a,0.8325224549567778,1.1184796302699385,0.45376659216643894
Robin_office_Antonina,2,48,0.2109975027209514,0.2898872427952786,0.21036857362995243,3528,7,test_a,0.2897237972349135,0.23806389152274146,0.2930677631240819
Robin_office_Dina,3,48,-0.9069794637678897,0.01955722536270817,0.14872495817352901,3528,7,test_a,-0.24977128148629413,-0.8531020949700358,0.20534465303065544
Robin_office_Donald,4,48,-0.826053067324135,-0.11012248539676268,0.03978725326799791,3528,7,test_a,-0.21372205314210624,-0.8120409472779361,0.3056855154552505
Robin_office_Erma,5,48,-0.06517746348301767,0.07865538087207824,0.09419208298654004,3528,7,test_a,-0.11429489414429883,-0.017964730401750787,0.13854247578385298
Robin_office_Gayle,6,48,-0.06488906632242875,-0.19081231284265718,0.11422669672908427,3528,7,test_a,0.003967512984934252,0.30434120544563387,0.4014188118673251
Robin_office_Lindsay,7,48,0.002601724529614824,-0.06492845217386882,0.014462627465178457,3528,7,test_a,0.20099083071126134,-0.15373516886763147,0.10363051565286219
Robin_office_Maryann,8,48,-0.42961567712282356,0.05776377612104019,0.021729079158623252,3528,7,test_a,0.0007427672991510148,-0.2510497708901056,0.16332263739494252
Robin_office_Sammie,9,48,-0.5843312955426301,0.40206555121888715,0.340904693816342,3528,7,test_a,-0.18445334173600558,-0.42544359519587777,0.4202555343512724
Robin_office_Saul,10,48,0.3687648845097824,0.14094288949854672,0.06255877416682966,3528,7,test_a,0.04219199268265994,0.13383316909132478,0.21895842609698093
Robin_office_Serena,11,48,-0.1078723030650085,-0.021894204895943403,0.03227317207941185,3528,7,test_a,-0.1278885031085456,0.2521353318227358,0.27135482538814976
Robin_office_Shirlene,12,48,1.5640474610232322,0.16712124657351524,0.14854165349841117,3528,7,test_a,-0.316172631644994,1.12803302669721,0.40037502723776836
Robin_office_Soledad,13,48,-0.5855152655942005,-0.05949874325112129,0.16318537123785062,3528,7,test_a,-0.05905175772225668,-0.37245468676539956,0.5164784395750038
Robin_office_Victor,14,48,-0.20140076314713307,0.16311973317836723,0.0982015434632026,3528,7,test_a,0.06149808886918917,-0.052735087366322035,0.22659111832304837
Robin_office_Wai,15,48,0.27795066111235645,-0.22172341647092253,0.0673414158689605,3528,7,test_a,0.12223891361377315,0.24271787875469872,0.11571332124186831
Robin_office_Zelma,16,48,-0.2931675447835034,0.036006817749391,0.09636214324686654,3528,7,test_a,-0.015054456386157877,-0.08501625740497164,0.20546614211440595
Robin_office_Addie,0,48,0.0937319584083115,-0.05014336792131265,0.026455333779799788,3552,8,test_a,0.02749277949371809,-0.24831630996357038,0.35508840534013025
Robin_office_Adolph,1,48,1.4568846026218196,-0.15454683831194416,0.1521215304504149,3552,8,test_a,0.04611823309951735,1.080296904021221,0.46842603330947963
Robin_office_Antonina,2,48,-0.639341046761248,-0.11694785168704887,0.10315715757607953,3552,8,test_a,-0.47344507285641735,-0.12723763337360475,0.23698398062334075
Robin_office_Dina,3,48,-0.5685637124847404,-0.0880635812257727,0.10063111337253171,3552,8,test_a,0.17245713850158562,-0.6770894721112602,0.24957190207955562
Robin_office_Donald,4,48,-0.8324672576755674,-0.07755617300669353,0.03008129284396155,3552,8,test_a,-0.1095198524511608,-0.7497194755173601,0.18523367774213056
Robin_office_Erma,5,48,0.0972959824811801,0.46817528766890365,0.4151304269381246,3552,8,test_a,0.06855580004251471,0.01815436153509218,0.16894508377865425
Robin_office_Gayle,6,48,0.3435274686097587,-0.20140643309180936,0.1696169012603025,3552,8,test_a,0.3652916920150223,0.47552387600091756,0.6360624813856741
Robin_office_Lindsay,7,48,-0.09000071452018277,-0.10015532746911049,0.016209138908334902,3552,8,test_a,-0.02074909997457608,-0.07673118476749624,0.15100440974302926
Robin_office_Maryann,8,48,-0.20206891251777226,0.21522512411077818,0.07938686439999043,3552,8,test_a,0.21270271482569725,-0.22638637034803036,0.1861405960668696
Robin_office_Sammie,9,48,-0.966666156097415,-0.10705523192882538,0.1635874073708692,3552,8,test_a,-0.4035261561366307,-0.7456938654764979,0.5641136882405936
Robin_office_Saul,10,48,0.32720605234304156,0.1698894016444683,0.05068104947166389,3552,8,test_a,-0.011082605824678904,0.14355450433376296,0.19762029798367425
Robin_office_Serena,11,48,0.26099631624365816,-0.014366722976167997,0.008169027348608526,3552,8,test_a,0.1913941339057844,0.15941704205462529,0.15711991879278203
Robin_office_Shirlene,12,48,1.6058010958615698,0.21373337452920774,0.08372886261897576,3552,8,test_a,-0.03194880255296817,1.0507556527071404,0.36978690105929196
Robin_office_Soledad,13,48,-0.7802231793515595,-0.13556706036130586,0.14181170095027743,3552,8,test_a,-0.16840714016560887,-0.44039430852449984,0.44873913305246405
Robin_office_Victor,14,48,-0.18663892100228563,0.08813594747334719,0.06988501528873135,3552,8,test_a,0.05290204344278282,-0.019496991289954854,0.2017852404585254
Robin_office_Wai,15,48,0.3799337494106887,-0.04341775209953388,0.013893488547149635,3552,8,test_a,0.07003287066005082,0.43750543532434844,0.14474808292230112
Robin_office_Zelma,16,48,-0.30772700040824086,0.12478005047887564,0.14228358277217068,3552,8,test_a,-0.01879464515827145,-0.1249362964860921,0.17586955376546587
Robin_office_Addie,0,48,0.04589745571602122,0.3663763673976064,0.7961866665908577,3576,9,test_a,-0.15258410221930196,-0.1565338374278286,0.3052152612859281
Robin_office_Adolph,1,48,1.6074930145327295,0.5134552955278195,1.1839932812324998,3576,9,test_a,0.5043096450042808,1.4411422634342894,0.3729363091255313
Robin_office_Antonina,2,48,-0.04377376171714187,0.25447474637379247,0.4463072369010292,3576,9,test_a,0.3309166593587165,-0.0763279088260941,0.42667953243671264
Robin_office_Dina,3,48,-0.4303817576736815,0.8529668133705854,1.6516123402266534,3576,9,test_a,0.09547131383644514,-0.22711692159563746,0.19018248112290206
Robin_office_Donald,4,48,-0.7246482690837752,0.3398103713989258,0.5322128892872118,3576,9,test_a,-0.11225264790314737,-0.7015661897343768,0.11377989896611826
Robin_office_Erma,5,48,-0.5364626567394449,0.9520309389724085,1.5095145560119274,3576,9,test_a,-0.35831850199335824,0.010176806260085417,0.4463313625441356
Robin_office_Gayle,6,48,0.20610316693301067,0.26024367241188884,0.5915609597444135,3576,9,test_a,-0.006651503719297902,0.5404721886645532,0.4588597462403878
Robin_office_Lindsay,7,48,-0.08553282071698531,-0.022312520692745846,0.002846057706120305,3576,9,test_a,0.038305032357895175,0.005700915446582387,0.15461173712927528
Robin_office_Maryann,8,48,-0.28623646281633086,0.4499866881718238,0.5724311108770678,3576,9,test_a,0.08387033605157912,-0.4026247786858062,0.16428391006839635
Robin_office_Sammie,9,48,-0.38536409889150147,-0.0833388560762008,0.15997191732091295,3576,9,test_a,0.331432321383652,-0.9374038354352248,0.32908246826752224
Robin_office_Saul,10,48,0.5792430936114155,0.19953720706204572,0.1325909542507289,3576,9,test_a,0.21684864426624695,0.2617511625507971,0.23936166044027324
Robin_office_Serena,11,48,0.19555106237224207,0.2317503575080385,0.2516987926741993,3576,9,test_a,-0.04038870765757707,0.18089920392462322,0.11668269264415698
Robin_office_Shirlene,12,48,0.4609057413380101,0.5307706971264755,0.9077971674114821,3576,9,test_a,-0.6028068444582843,0.7090983378223825,0.38440727141313596
Robin_office_Soledad,13,48,-0.7139808694615368,0.23745658714324236,0.5773290897157327,3576,9,test_a,-0.12752522133890176,-0.6167577813021526,0.3756393422910082
Robin_office_Victor,14,48,0.14802234576399298,0.5869416580535471,1.0535318268463,3576,9,test_a,-0.021302053644407737,-0.23748625908482968,0.25575881465526334
Robin_office_Wai,15,48,0.3495796022541483,0.22978170264589912,0.25342480307576154,3576,9,test_a,-0.04606309920117724,0.4335763043065413,0.08736829977071814
Robin_office_Zelma,16,48,-0.4820782019900596,0.46533854864537716,0.883290726511046,3576,9,test_a,-0.16265277040640802,-0.2402095498764424,0.1941998030388895
Robin_office_Addie,0,48,0.013152936834296414,0.6116934049253663,0.8258735529734061,3600,10,test_a,-0.05364231089593874,-0.05621946894794281,0.18546116428135137
Robin_office_Adolph,1,48,1.5712948826096247,0.9674751632846892,1.8031976402007135,3600,10,test_a,-0.0938467562207368,1.2265592635050238,0.32810348867128536
Robin_office_Antonina,2,48,-0.15315267114656672,0.40245291582929593,0.5013438742557427,3600,10,test_a,-0.1050196785274583,0.20658605335873279,0.2670752099066701
Robin_office_Dina,3,48,-0.6375777022312754,0.7758768393735712,1.5796948016990306,3600,10,test_a,0.04867964907016753,-0.45969969456238896,0.14193651908475569
Robin_office_Donald,4,48,-0.7693503094215572,0.28863544296473265,0.5119970486389289,3600,10,test_a,-0.08091412169766021,-0.6772313391955157,0.15627449893044848
Robin_office_Erma,5,48,-0.46734455562986865,0.39861146577944356,0.9378326613774096,3600,10,test_a,0.048126841711134016,-0.5418504755641403,0.0644510109028811
Robin_office_Gayle,6,48,0.432195766540618,0.5476420329262813,0.6946225997878815,3600,10,test_a,0.25870451325798716,0.6462912802913061,0.522717617141781
Robin_office_Lindsay,7,48,-0.12427866856130076,-0.011718263228734335,0.004402012020940482,3600,10,test_a,-0.04955487326160268,-0.2005983370981347,0.07723829661687927
Robin_office_Maryann,8,48,-0.3002349319825819,0.29663734789937735,0.4647393701204637,3600,10,test_a,0.0724962362150261,-0.42710040473043137,0.09769969160636566
Robin_office_Sammie,9,48,0.05842461799579135,0.15420430712401867,0.1925313723590184,3600,10,test_a,0.12409861153889867,-0.5194463242036017,0.26231062693672336
Robin_office_Saul,10,48,0.5736554838786032,-0.1557404361665249,0.2173205628500823,3600,10,test_a,-0.007964233634255358,0.42503108656861827,0.12821334474497345
Robin_office_Serena,11,48,0.30162553448164386,0.1561252006019155,0.26142871279064,3600,10,test_a,0.06489135285694281,0.19865011346398553,0.062444522378955106
Robin_office_Shirlene,12,48,0.586889354951594,0.3384087697292368,0.984330256711889,3600,10,test_a,0.04156019291813806,0.5142341033630177,0.22909307038401078
Robin_office_Soledad,13,48,-0.5461436515214763,0.2843956301609675,0.662562895048744,3600,10,test_a,0.03737227299653345,-0.36679324668148755,0.2902949970259692
Robin_office_Victor,14,48,-0.42576478826949293,0.2696555033326149,1.1582537957614856,3600,10,test_a,-0.29879135549425206,-0.22968510731056377,0.320357630928139
Robin_office_Wai,15,48,0.329389565023418,0.1328149151231628,0.22359208882911483,3600,10,test_a,-0.002928567473963195,0.46070831132526946,0.12525690877564358
Robin_office_Zelma,16,48,-0.4779083726730313,0.3139573674804221,0.9619918157372376,3600,10,test_a,-0.0021247168105014147,-0.3554468483235993,0.10621916213501076
Robin_office_Addie,0,48,-0.07734481005928984,0.17033076270793876,0.17261184751930228,3624,11,test_a,-0.1134677836904171,-0.35040439237932935,0.3289636205826898
Robin_office_Adolph,1,48,1.3075817106384056,0.3961323651019484,0.5828511674645895,3624,11,test_a,-0.5200856519990005,1.361550038545629,0.4130420544330216
Robin_office_Antonina,2,48,-0.039411971295570836,-0.09681833841993163,0.10626669225667738,3624,11,test_a,-0.0404080049327501,0.1264166737426675,0.15334410199281928
Robin_office_Dina,3,48,-0.5705913796551404,-0.47257599882626283,0.4141536734201304,3624,11,test_a,0.045621027325654206,-0.729712080865936,0.2491826835013172
Robin_office_Donald,4,48,-0.45668271148961903,-0.44665990366290015,0.3330079119426643,3624,11,test_a,0.11739937574058423,-0.6541816494333879,0.12244620477698533
Robin_office_Erma,5,48,-0.4720222977470927,-0.5238074641674757,0.40577380331026897,3624,11,test_a,0.07483622056072203,-0.6255010440322107,0.19658859407122692
Robin_office_Gayle,6,48,0.1325199771873955,-0.3002822572986285,0.21955818572363853,3624,11,test_a,0.04196834196762467,0.408161436592372,0.4679382881177562
Robin_office_Lindsay,7,48,-0.11207165798970042,0.005341850221157074,0.004153644152265083,3624,11,test_a,-0.027016908077486024,-0.24264108423502515,0.18830336273525144
Robin_office_Maryann,8,48,-0.16111318929449814,-0.3066917856534322,0.19452010496808678,3624,11,test_a,0.20487632505862963,-0.35094448337666756,0.13616953004778884
Robin_office_Sammie,9,48,-0.003408420520898958,0.20255719715108475,0.3610367822596572,3624,11,test_a,0.12524347789971058,0.2726482766723215,0.5123090212634887
Robin_office_Saul,10,48,0.441150584153146,-0.43188016085575026,0.3327784279918823,3624,11,test_a,-0.14271511522323,0.4902279827143699,0.1056500745164463
Robin_office_Serena,11,48,0.09140299225016091,-0.36512406458011054,0.24453859142970258,3624,11,test_a,-0.1513270759268992,0.33305095836062204,0.2189014923504382
Robin_office_Shirlene,12,48,0.5859317290489391,-0.8964863263536245,1.0842537259420448,3624,11,test_a,-0.01803530954449928,0.4498328633056903,0.20754967091962961
Robin_office_Soledad,13,48,-0.5530760885200868,-0.5626352714704504,0.5513021592985499,3624,11,test_a,0.07219452597613729,-0.5114457902680462,0.27055423478763935
Robin_office_Victor,14,48,-0.2628284877770788,-0.8983344938217973,1.3025168721893412,3624,11,test_a,0.08884381728898283,-0.34589704565163215,0.1262294073400638
Robin_office_Wai,15,48,0.43011629852980227,-0.24167619460301162,0.07612958290295006,3624,11,test_a,0.08495480423254631,0.5814918101617274,0.22067568113773112
Robin_office_Zelma,16,48,-0.37207682564501443,-0.7970991482337316,1.131084702326168,3624,11,test_a,0.11182313010667189,-0.399040210387046,0.08669070143320094
Robin_office_Addie,0,48,0.47382695711746114,0.48649497733761865,0.47873214344530207,3648,12,test_a,0.26994518578318283,-0.4372914609887404,0.5154808040316213
Robin_office_Adolph,1,48,0.28028706599392883,0.0563958208852758,0.22314308621340465,3648,12,test_a,-0.45607925009264516,0.3261636412219941,0.7094798774264809
Robin_office_Antonina,2,48,-0.3205026501962074,-0.125347347658438,0.05457279236911978,3648,12,test_a,-0.12911396406278308,-0.08428672078166051,0.19073104698286975
Robin_office_Dina,3,48,-0.6294970299839594,-0.18403925824289522,0.09660613313835309,3648,12,test_a,-0.12833350963130163,-0.4629152266948102,0.1782508728386391
Robin_office_Donald,4,48,-0.693927521583382,-0.026938848042239744,0.08311628706421038,3648,12,test_a,-0.21629474882296873,-0.6763912631966796,0.19505391309389478
Robin_office_Erma,5,48,-0.18331061164038787,0.1390673421168079,0.04945590065371985,3648,12,test_a,-0.014172583117399884,0.028963798349409722,0.21546248514170574
Robin_office_Gayle,6,48,0.20053745100115294,0.08452071249485016,0.08031334200961306,3648,12,test_a,0.052408995919399404,0.24486658501538347,0.28591397895707565
Robin_office_Lindsay,7,48,-0.2642828228539814,0.0437718170384566,0.0035339060351432896,3648,12,test_a,-0.08264178813252976,-0.317563483702187,0.2294315198419738
Robin_office_Maryann,8,48,-0.5152221062001291,-0.10887588405360778,0.030143807054916875,3648,12,test_a,-0.12018463140544211,-0.28854495778568284,0.17446490429753486
Robin_office_Sammie,9,48,-0.5787428842763217,0.5443086749486005,0.46499208703872147,3648,12,test_a,0.15907082029876707,-0.20229947379824673,0.4871964331687602
Robin_office_Saul,10,48,0.05820388023343592,0.28234262741170824,0.27510368838212046,3648,12,test_a,-0.07955583057187021,0.10800525717931504,0.1589682082098595
Robin_office_Serena,11,48,0.35616424200990215,-0.03442716062515198,0.04444346706587835,3648,12,test_a,0.11315867314290717,0.4124877998459063,0.19176360823724023
Robin_office_Shirlene,12,48,1.4381068164490358,-0.13130762067157775,0.09597749067850285,3648,12,test_a,0.24727915082184904,1.0864337604204488,0.27726772741996575
Robin_office_Soledad,13,48,0.5809818174192702,0.1699151291201512,0.25302955299170066,3648,12,test_a,0.5944076322017403,-0.43748986660793937,0.3809387489373041
Robin_office_Victor,14,48,-0.45336380061088727,-0.16245477673752853,0.1413106590316558,3648,12,test_a,-0.17184614999177988,0.23596708156099733,0.4668950601092456
Robin_office_Wai,15,48,0.2655101671307455,-0.06670716868635888,0.017276274509972104,3648,12,test_a,-0.07760810824389386,0.3322511574034018,0.07791822508046004
Robin_office_Zelma,16,48,-0.048837588889437455,-0.4355504798392455,0.2751405079757258,3648,12,test_a,0.07703875758644374,-0.08484267073248314,0.14388397529890254
Robin_office_Addie,0,48,-0.0007230397791495591,0.21012872752423087,0.22005031647028636,3672,13,test_a,-0.10884520311462764,-0.619333233192097,0.7145201778010523
Robin_office_Adolph,1,48,1.123450910470536,0.36466630928528804,0.27533706497052285,3672,13,test_a,-0.03221713874431309,0.6655264517218705,0.4132921553058976
Robin_office_Antonina,2,48,0.08570647526866382,-0.03953756326033423,0.034146680319924315,3672,13,test_a,0.11168054112506498,0.15251637644539273,0.3529409765695903
Robin_office_Dina,3,48,-0.48760076224258964,-0.060364791308529675,0.07231803270454498,3672,13,test_a,-0.19917590151347497,-0.2555423572746929,0.1692478381733579
Robin_office_Donald,4,48,-1.0057038541029422,0.0030243010260164738,0.0395185711601514,3672,13,test_a,-0.41663442044877885,-0.6918086277661745,0.3789849950622569
Robin_office_Erma,5,48,-0.40128124444912094,-0.056466715216326215,0.024653349992502765,3672,13,test_a,-0.07932716707040144,-0.11491464432165029,0.2437918591755724
Robin_office_Gayle,6,48,0.07707128354477533,0.08984673391872396,0.15404590143699606,3672,13,test_a,0.014326210908892967,0.16784701994163223,0.31988160445572156
Robin_office_Lindsay,7,48,-0.31235115720952156,-0.005286178241173427,0.0028820827783703575,3672,13,test_a,-0.06938163193438229,-0.36907632694222725,0.13113210068375492
Robin_office_Maryann,8,48,-0.33162610622579947,-0.08259101196502645,0.032088356406288314,3672,13,test_a,0.13267505108372146,-0.24877513287734332,0.19459430473927125
Robin_office_Sammie,9,48,-1.3126669682149916,0.2508107119986865,0.19510641241640078,3672,13,test_a,-0.1588151184319908,-0.8341222057072301,0.47926227960304807
Robin_office_Saul,10,48,0.24360020781541547,0.34050270286388695,0.24555588478365817,3672,13,test_a,0.01142005503660215,0.03871812274512078,0.2345202432606343
Robin_office_Serena,11,48,0.1667727275833415,0.03629210615569415,0.045380790834019226,3672,13,test_a,-0.12634382460399896,0.4991552470664642,0.26027878710374724
Robin_office_Shirlene,12,48,1.70860334253971,0.09510708778786163,0.061462771264434446,3672,13,test_a,0.38864674693478674,1.1247818825040496,0.22706989418146092
Robin_office_Soledad,13,48,-0.2488062034958759,0.02434164197378171,0.1808268206302893,3672,13,test_a,-0.0033127106136306983,-0.42702866488583563,0.3237609330466158
Robin_office_Victor,14,48,0.17868428959394433,0.26447042419264716,0.12207321428761615,3672,13,test_a,0.4007839942648834,0.2263138144077749,0.2555049109509087
Robin_office_Wai,15,48,0.4639309434742198,-0.04434072771012628,0.016243487352209134,3672,13,test_a,0.0402567650021346,0.378424628464399,0.11725464621965931
Robin_office_Zelma,16,48,-0.2035836294487523,0.18879378749988973,0.9181651389788232,3672,13,test_a,0.0061179669519750846,-0.027688037322543494,0.21774877832186335
Robin_office_Addie,0,48,0.030918632825806314,-0.1339615381633242,0.24827167838737596,3696,14,test_a,0.11090506036430747,-0.8839072088382324,0.7013475074383594
Robin_office_Adolph,1,48,0.4160281658480007,-0.49551955084704485,0.5801782230958286,3696,14,test_a,-0.609827123376544,0.5277592878400413,0.3980004500172393
Robin_office_Antonina,2,48,-0.07066979097948667,-0.22710895418034246,0.09538195721012653,3696,14,test_a,-0.02923820839418778,0.19458708416418577,0.20804086959178858
Robin_office_Dina,3,48,-0.6684724754582008,-0.020509081543423235,0.0646975825657337,3696,14,test_a,-0.3564583942064218,-0.13932410136936835,0.2760331356683004
Robin_office_Donald,4,48,-0.65435819671275,0.02509251826753219,0.0217272605701027,3696,14,test_a,-0.03336373110991597,-0.7227564350338992,0.2646704349080842
Robin_office_Erma,5,48,-0.16943814860406148,-0.06885719136334956,0.05481667333625042,3696,14,test_a,-0.06464574037419313,0.01119835428861013,0.204560346869644
Robin_office_Gayle,6,48,0.1192661157197652,0.13729940878693014,0.24991119239134893,3696,14,test_a,0.1791705710880288,0.2069969991771082,0.3550901946247355
Robin_office_Lindsay,7,48,-0.19422129031858693,-0.008870807786782583,0.008725987089363821,3696,14,test_a,0.05562361304128138,-0.3386825788812877,0.16713543318045343
Robin_office_Maryann,8,48,-0.17378635182766522,0.15430673017787436,0.060116782619868026,3696,14,test_a,0.1668857362981786,-0.06292708634346193,0.23262856933988926
Robin_office_Sammie,9,48,-1.2967919621784174,0.25633684507435345,0.1714374006316273,3696,14,test_a,-0.11111957794839422,-0.8016540382885693,0.5367196366317243
Robin_office_Saul,10,48,-0.19948099312994416,0.17502141386891404,0.1259133397894331,3696,14,test_a,-0.34041474150959306,-0.13000916844870988,0.22259490885809094
Robin_office_Serena,11,48,0.08077210136741497,0.16588448329518238,0.08222450265263513,3696,14,test_a,-0.059308478931933806,0.39055957753043824,0.2934356283694146
Robin_office_Shirlene,12,48,1.4899785732190047,0.031209861665653687,0.1281249018727254,3696,14,test_a,-0.25787685983914543,1.1229172839354702,0.2570718598011167
Robin_office_Soledad,13,48,0.4881472329422431,0.1525003909288595,0.13806785954638742,3696,14,test_a,0.916071205059225,-0.31672408948469805,0.391108400842951
Robin_office_Victor,14,48,-0.061440585236105294,0.16261295151586333,0.07211304487658428,3696,14,test_a,0.09932036002455402,0.008494036929394377,0.2858005916908763
Robin_office_Wai,15,48,0.5323450335236899,-0.11552424079854973,0.022940900841896168,3696,14,test_a,0.050376947336140177,0.4822179834003344,0.08720624545661938
Robin_office_Zelma,16,48,0.1647543602469801,0.12004115343249093,1.573973409056243,3696,14,test_a,0.3049998460241612,0.10683164319363882,0.20048858844050502
Robin_office_Addie,0,48,0.38417694816469045,0.39401716459542513,0.33125658377451644,3720,15,test_a,0.30437079079695645,-0.4058619083211667,0.4338436823051714
Robin_office_Adolph,1,48,0.9396341734690155,-0.9839509757584892,1.2701684561112458,3720,15,test_a,0.0635674236058077,0.7274922843993119,0.3704707627825719
Robin_office_Antonina,2,48,-0.1245185723188933,-0.24032076230893532,0.14694152586638462,3720,15,test_a,0.05311958480501311,0.133349763758672,0.2751748347677882
Robin_office_Dina,3,48,-0.7601858997292962,-0.03669166751205921,0.03563050672328755,3720,15,test_a,-0.3226289212769613,-0.2521770136978379,0.3334576937253576
Robin_office_Donald,4,48,-0.6356866570297318,0.27364181230465573,0.9808859171140204,3720,15,test_a,-0.299398994246978,-0.6481826516261249,0.25793767790728783
Robin_office_Erma,5,48,0.04574894730346435,0.30085539623784524,0.22276265540570428,3720,15,test_a,-0.03991591402779027,-0.1441721227379373,0.16544324493519516
Robin_office_Gayle,6,48,-0.11101241910015891,0.09603571022550265,0.2114692679511554,3720,15,test_a,-0.16310763381167448,0.352624137219844,0.5183380662198841
Robin_office_Lindsay,7,48,0.1697933297576577,-0.11598627020915349,0.02736511411012943,3720,15,test_a,0.18244211470193528,-0.28856899644786416,0.28135018911646265
Robin_office_Maryann,8,48,-0.35470247043694014,0.29453276221950847,0.11368579369198802,3720,15,test_a,-0.08867136144961663,-0.22559936650007817,0.17236669581165606
Robin_office_Sammie,9,48,-1.414998493700094,0.38026770825187367,0.2668430240587493,3720,15,test_a,-0.16603340391648347,-0.9265149900422919,0.37462455790686644
Robin_office_Saul,10,48,-0.22340637192508672,0.41889115422964096,0.20137014423124663,3720,15,test_a,-0.19980684226084922,0.09959377648408241,0.22390283512069722
Robin_office_Serena,11,48,-0.14731732487854354,0.12435702669123809,0.05879507420455208,3720,15,test_a,-0.08545197523562664,0.22008008344180605,0.27942100047540963
Robin_office_Shirlene,12,48,1.3159585483572767,-0.034400811845747135,0.12264695558029287,3720,15,test_a,-0.0034647132961436178,1.1315808597329449,0.21632894211224377
Robin_office_Soledad,13,48,0.7270271571513229,0.13210887648165226,0.12938406821276674,3720,15,test_a,0.9431556963103953,-0.43865008243123116,0.5862424418349765
Robin_office_Victor,14,48,-0.313569239302087,0.20713027007877827,0.062047004055873656,3720,15,test_a,-0.16235482675306123,0.03138265316269888,0.19423715910422878
Robin_office_Wai,15,48,0.4487282252385558,-0.0909426043848119,0.012486110969063434,3720,15,test_a,-0.04850977909300336,0.4632587507778665,0.11763966128689185
Robin_office_Zelma,16,48,0.18841177923320845,-0.5296529177576303,0.5659859534374114,3720,15,test_a,0.1965853006045632,-0.09382813535014102,0.1985762931776269
Robin_office_Addie,0,48,-0.6764959728432091,0.04207122729470333,0.09514574795821718,3744,16,test_a,-0.40886769491924085,-0.5047574540150431,0.46792672115421136
Robin_office_Adolph,1,48,2.059123765336763,-0.23697034393747649,0.3868303251254673,3744,16,test_a,0.4389638595759553,1.6499392885597741,0.6352456436873818
Robin_office_Antonina,2,48,0.32285907008571035,-0.3245098570672174,0.1707905824312361,3744,16,test_a,0.2097575009677215,0.27653847663760145,0.33309225463253683
Robin_office_Dina,3,48,-0.7379225489871397,0.24093056505080312,0.09088464258700861,3744,16,test_a,-0.03960100582827908,-0.41952232485301205,0.17896625678275635
Robin_office_Donald,4,48,-0.6630692145234747,2.4245742553224168,10.408363880059193,3744,16,test_a,-0.08359319812620458,-0.48084287537270937,0.16938786311316517
Robin_office_Erma,5,48,-0.16308967473805058,0.2906915706892808,0.14291668491954534,3744,16,test_a,-0.1835959536479954,0.1434017493986184,0.36791826237251646
Robin_office_Gayle,6,48,-0.10721580772676437,-0.030344399778793257,0.10313914506898832,3744,16,test_a,-0.09802207237835087,0.02464243995002963,0.14390310578886434
Robin_office_Lindsay,7,48,-0.11681327249466977,0.06024700775742531,0.010124548658951182,3744,16,test_a,-0.10169343149401922,0.10961675531271632,0.1994417804253921
Robin_office_Maryann,8,48,-0.3974528049159971,-0.16428798995912075,0.12356840494561479,3744,16,test_a,-0.034197066606495685,-0.453842972169426,0.14113362952649958
Robin_office_Sammie,9,48,-1.3128965835462285,0.36321319806544733,0.24307233180203922,3744,16,test_a,0.028025016865961483,-1.2573018196730885,0.1581142458217589
Robin_office_Saul,10,48,0.002871643062438256,0.4160734113926689,0.2456268679730471,3744,16,test_a,-0.0065275572131582305,-0.07276399785215854,0.13924894221280643
Robin_office_Serena,11,48,0.3479236518396933,-0.2565453436691314,0.17467161301060607,3744,16,test_a,0.291698691329104,0.04141548574113169,0.1662243420680062
Robin_office_Shirlene,12,48,1.490676545636006,0.017653279355727136,0.12464703108417513,3744,16,test_a,-0.055398410227708306,0.977391572043066,0.40632570111915683
Robin_office_Soledad,13,48,-0.331409557235817,0.11372770726059873,0.17374818603296185,3744,16,test_a,-0.026703429583578298,-0.33678825997160305,0.3421639216339409
Robin_office_Victor,14,48,-0.5793511172267937,-0.1333241704851389,0.08226020791081047,3744,16,test_a,-0.1820767104797678,-0.41396234910451285,0.16188786753190545
Robin_office_Wai,15,48,0.6757887085267245,-0.26722142500026774,0.1363299951947685,3744,16,test_a,0.10878231574157593,0.6450645992923033,0.10540905567860023
Robin_office_Zelma,16,48,0.0011812545666195495,0.17362069823623946,0.9353381842548186,3744,16,test_a,0.018299606761870202,0.05079326115872956,0.11300881733274452
Robin_office_Addie,0,48,-0.9240123155660038,-0.45362970621014637,0.5329936149440392,3768,17,test_a,-0.13341404108414345,-0.8375229195147758,0.16501254429822493
Robin_office_Adolph,1,48,2.6386825581848354,0.048704915990432106,0.20022769665380177,3768,17,test_a,0.23643201370900302,2.0365962854167443,0.36025933506936925
Robin_office_Antonina,2,48,0.30613192647911536,-0.2540147516410798,0.1455538067846888,3768,17,test_a,-0.030319017891307976,0.6506201759609701,0.3407063077620417
Robin_office_Dina,3,48,-0.390425474313125,0.07574890821706504,0.031019358482660273,3768,17,test_a,0.13343474430024083,-0.39319358453583475,0.21817464082083687
Robin_office_Donald,4,48,-3.1456079431789594,3.2706647105515003,12.66692113003956,3768,17,test_a,-1.263333083534861,-1.032968563459297,1.1312695461730449
Robin_office_Erma,5,48,-0.21873619080108408,-0.12799756873088577,0.07264563274595891,3768,17,test_a,-0.05986994783607158,-0.35334427578186434,0.1711637958096265
Robin_office_Gayle,6,48,0.46023252638551737,-0.26460504015752423,0.24069022657376274,3768,17,test_a,0.24503801744430542,0.2337362291022489,0.1914817910190516
Robin_office_Lindsay,7,48,0.08779812809081156,0.3072676534454028,0.11986689238466271,3768,17,test_a,0.08245584392311334,-0.09004654858960819,0.13258716756399375
Robin_office_Maryann,8,48,-0.2838407556452065,-0.45018857965866727,0.267219475943462,3768,17,test_a,0.07258891436963877,-0.42617236076369674,0.08350533734324309
Robin_office_Sammie,9,48,-1.0384445590073876,0.12960959767709332,0.1494638896078292,3768,17,test_a,0.3606112364052909,-1.438720868706998,0.19501549988530012
Robin_office_Saul,10,48,0.24619797826133838,0.23190994498630366,0.24962384683733854,3768,17,test_a,0.1409298644244643,0.03553583071031099,0.15379528153901217
Robin_office_Serena,11,48,0.33897832437426456,-0.2734098912139113,0.21857157555202103,3768,17,test_a,0.019075803964884397,0.2873805567707453,0.1044395341507393
Robin_office_Shirlene,12,48,1.1470936977185022,-0.47543421601100516,0.3548095059348276,3768,17,test_a,-0.18488442244385905,0.844232920865447,0.31105932030344186
Robin_office_Soledad,13,48,0.19228020299417858,0.04381511996810635,0.1375288250621212,3768,17,test_a,0.30519841446845786,-0.19332843236207387,0.3930201614299467
Robin_office_Victor,14,48,0.02605416031175034,-0.30977847753092647,0.16419753791300173,3768,17,test_a,0.2507774215311599,-0.30164410048487156,0.1864573688969213
Robin_office_Wai,15,48,0.651439818974688,-0.46928861970081925,0.2989096750497375,3768,17,test_a,-0.02099603667702077,0.7482414833541103,0.09489938982434605
Robin_office_Zelma,16,48,-0.14585183869410456,0.6504525185252229,1.0136510337904177,3768,17,test_a,-0.08592851274498321,-0.013728420907662247,0.11501195797674661
Robin_office_Addie,0,48,-0.5967052636999692,-0.6540138235832273,0.7199819309800589,3792,18,test_a,0.1825860798944029,-1.0790893471942977,0.3084796697774406
Robin_office_Adolph,1,48,2.3237186101852805,-0.23368547732631365,0.26764372906356154,3792,18,test_a,0.13546984858090427,1.955650779434654,0.49581390389488766
Robin_office_Antonina,2,48,0.23907217519180068,-0.4582657516778757,0.2932549219372152,3792,18,test_a,0.012018007411040199,0.18277783867669728,0.19069591980238404
Robin_office_Dina,3,48,-0.2076366893547682,-0.11631053678380947,0.16302082043640606,3792,18,test_a,0.12651165264296094,-0.008837908185009347,0.30943307809549897
Robin_office_Donald,4,48,-3.4212280701339957,1.7924780224760373,4.290143110847841,3792,18,test_a,-0.20035238978321201,-4.122065297912308,0.9094118428074435
Robin_office_Erma,5,48,-0.16876593985739852,-0.09366026738037665,0.037686550268990544,3792,18,test_a,0.011925070647166192,-0.279036483540588,0.23460203590274803
Robin_office_Gayle,6,48,0.5672056433945168,-0.5011356064351276,0.5002282827848163,3792,18,test_a,-0.06565491775762766,0.8148825151683666,0.5763519746678923
Robin_office_Lindsay,7,48,0.04954413105179967,-0.07652551929155986,0.01047463408415498,3792,18,test_a,0.07114724269721218,-0.1952199046196632,0.2517918998850231
Robin_office_Maryann,8,48,-0.17135780813634205,-0.48480608471436426,0.34950992217065124,3792,18,test_a,-0.01719819861863847,-0.14495647433236003,0.11120685128269896
Robin_office_Sammie,9,48,-1.457959946275214,-0.08188366887528294,0.17443365922698226,3792,18,test_a,-0.12785183326113003,-0.855777658906033,0.4827400719720287
Robin_office_Saul,10,48,0.24695869892406197,-0.4373468437115662,0.513773595742808,3792,18,test_a,0.06436098547861113,0.37602799179138485,0.2589509327815122
Robin_office_Serena,11,48,-0.05289912387294393,-0.3589744943892583,0.2639621663058103,3792,18,test_a,-0.2229359543762499,0.32537045933640424,0.32287492256512423
Robin_office_Shirlene,12,48,1.8311591752683791,-0.18596513072649637,0.13438051658696834,3792,18,test_a,0.20104845286225537,1.6262527884287372,0.39242694023390046
Robin_office_Soledad,13,48,0.3139378780772957,-0.27359955641441047,0.24197297549292118,3792,18,test_a,0.028501837804573604,0.11219149165207766,0.4462627477779395
Robin_office_Victor,14,48,-0.04274248670848135,-0.14563832812321684,0.11252191662726986,3792,18,test_a,-0.07972178453853385,0.5423815684201214,0.4869995486011264
Robin_office_Wai,15,48,0.6760345301169035,-0.4592293917570108,0.3161279235457119,3792,18,test_a,0.008344871364779127,0.7631266148428871,0.1507813164270157
Robin_office_Zelma,16,48,-0.16749353608236817,0.32534039835445583,0.46536574648121354,3792,18,test_a,-0.059743036730308535,-0.2564278975399826,0.22321143892900322
Robin_office_Addie,0,48,-0.24088590480501762,-0.5990965557490805,0.6564905041932049,3816,19,test_a,0.11631467178490204,-0.7013771915691556,0.390244222130819
Robin_office_Adolph,1,48,2.0383664377043447,-0.4498467730979125,0.37736084992296487,3816,19,test_a,0.499141172271635,1.7995960792679735,0.32249055978241054
Robin_office_Antonina,2,48,0.07716274434838877,-0.1798021431119802,0.06716424210412414,3816,19,test_a,0.01451382075169183,0.21661118019707562,0.2139480845229048
Robin_office_Dina,3,48,-0.3446005678334554,-0.12147133843973279,0.16295703951390633,3816,19,test_a,-0.22672149135334463,0.17395275879919567,0.36619004714392384
Robin_office_Donald,4,48,-3.4656294695853274,1.2626401484012604,2.304448727693806,3816,19,test_a,-0.16404447104655207,-4.208765713826511,0.9385035993871766
Robin_office_Erma,5,48,-0.13131536894531315,-0.016169699529806774,0.02881695287805557,3816,19,test_a,-0.07562293919716223,-0.3149849531929155,0.2658279895077716
Robin_office_Gayle,6,48,0.7990001031801326,-0.45587209627653164,0.5312711336115314,3816,19,test_a,-0.0018749282538428336,0.9370371708440682,0.5052627087302757
Robin_office_Lindsay,7,48,0.019151727121452078,-0.058547074596087136,0.006226504590651179,3816,19,test_a,0.07387269831768994,-0.19097558548348792,0.23366211958225291
Robin_office_Maryann,8,48,-0.1916995439339957,-0.302466655538107,0.1326643886747804,3816,19,test_a,0.007982705721342631,-0.24691351593845634,0.12066818363411107
Robin_office_Sammie,9,48,-1.1001557777710407,-0.23079829306031266,0.22538884437466566,3816,19,test_a,-0.07013651166556278,-0.898240275415979,0.5237274645588561
Robin_office_Saul,10,48,0.4351419108281578,-0.4437924147156688,0.3770290814547006,3816,19,test_a,0.1363734491115849,0.4927070098256572,0.297646546019229
Robin_office_Serena,11,48,-0.14026049629169268,-0.43754604070757824,0.2612434016268374,3816,19,test_a,-0.02096911024288184,0.12721237756584178,0.28602130214494836
Robin_office_Shirlene,12,48,1.951615657804294,-0.015847200993448496,0.09685278617061134,3816,19,test_a,0.062286163187648125,1.7396301545549833,0.4051777170810821
Robin_office_Soledad,13,48,0.21347163606009611,-0.2812648714946893,0.31783829971887695,3816,19,test_a,-0.08179479866665273,0.22106982446627577,0.3055779484752055
Robin_office_Victor,14,48,0.0030716470879972313,-0.34744850790593773,0.23871351480388933,3816,19,test_a,0.011058994730837934,0.3961461066477914,0.3373868219071205
Robin_office_Wai,15,48,0.44525979722844955,-0.27578642155761673,0.10696613004479023,3816,19,test_a,-0.11349454569608397,0.6473416828810341,0.14965938703424114
Robin_office_Zelma,16,48,-0.32463627770160985,0.19113742792978883,0.1774025658476063,3816,19,test_a,-0.10241123536681984,-0.3614693970344598,0.24561120141115447
Robin_office_Addie,0,48,-0.30829267109808456,-0.9068077835254371,1.1408210304469997,3840,20,test_a,-0.16859381303450693,-0.5378195418865346,0.334998311354475
Robin_office_Adolph,1,48,2.231119022096869,-0.04178127025564512,0.2828213652565339,3840,20,test_a,-0.05873389654742622,1.8924392976198543,0.3119068408657705
Robin_office_Antonina,2,48,0.0002693960930835182,-0.09928023716202006,0.0744891121554565,3840,20,test_a,-0.0764798606437046,0.1837648500926697,0.21005994341270007
Robin_office_Dina,3,48,0.09675807514444223,0.08112417828912537,0.09510703227700128,3840,20,test_a,0.13212029306222717,0.2662428024297803,0.481989440690865
Robin_office_Donald,4,48,-3.5497396224303026,1.17679359515508,2.09483548279245,3840,20,test_a,-0.19159336513781078,-4.478797520377753,1.0650549330099996
Robin_office_Erma,5,48,-0.5336122663876334,-0.0508010865887627,0.056976632811179484,3840,20,test_a,-0.15086663318415006,-0.5207729427510369,0.274994439193443
Robin_office_Gayle,6,48,0.24291976746164745,-0.1410749509135106,0.22808615900827708,3840,20,test_a,-0.2756342791390458,1.163554975032233,0.598689957588475
Robin_office_Lindsay,7,48,-0.2658516208521807,-0.021307962636152904,0.003018297138020376,3840,20,test_a,-0.21960586334819665,-0.21945938735860113,0.2158759451316777
Robin_office_Maryann,8,48,-0.21900024248998695,-0.05112433899194002,0.03486154586074449,3840,20,test_a,0.03894578763645673,-0.18919052704981043,0.1902862216406997
Robin_office_Sammie,9,48,-0.9652324601028419,0.02055518397052462,0.1660234244833497,3840,20,test_a,0.24405588653222599,-0.7887120655176911,0.5005278870973908
Robin_office_Saul,10,48,0.624970638632644,0.2864341593037049,0.2502271908130785,3840,20,test_a,0.07806522546822314,0.6697711662130654,0.2593386404331238
Robin_office_Serena,11,48,0.41046211208150796,-0.17939979249301055,0.0699325327618981,3840,20,test_a,0.3030397196854846,0.19516503602305513,0.2216499325154662
Robin_office_Shirlene,12,48,1.9922755638045513,0.14625699779329202,0.1012521943165119,3840,20,test_a,0.27445450778363845,1.488774344574492,0.34411022212470793
Robin_office_Soledad,13,48,0.07966969700499305,0.0063987055521768825,0.3105458911986192,3840,20,test_a,-0.0992396199148109,0.27292431846891646,0.43124420995714796
Robin_office_Victor,14,48,0.12436431262987924,-0.11259272524451565,0.059271574724720555,3840,20,test_a,0.09856554697966424,0.43725548605698994,0.4383597280553022
Robin_office_Wai,15,48,0.34391912981451356,-0.11014198554039467,0.03965101055794498,3840,20,test_a,-0.020536905592226762,0.4993750301609769,0.12769549461333807
Robin_office_Zelma,16,48,-0.47844087576772903,0.047360602960300945,0.06382108884653313,3840,20,test_a,-0.0596185549699248,-0.502115208696223,0.22482522893495033
Robin_office_Addie,0,48,0.10207635546435978,-0.328246981567645,0.27755608297174567,3864,21,test_a,0.2326023907548821,-0.34034863416639155,0.28711497470647396
Robin_office_Adolph,1,48,2.0860481967163076,-0.2057559626797835,0.25609851984344806,3864,21,test_a,-0.4648420339954966,1.9340429898428833,0.4142236370014541
Robin_office_Antonina,2,48,-0.13188330822960448,-0.08961421682033688,0.034685668911732574,3864,21,test_a,-0.004589075954887778,-0.06232412417608768,0.14699648320485545
Robin_office_Dina,3,48,-0.20508980572110802,-0.19494987605139613,0.11165088923912299,3864,21,test_a,-0.08835485056664716,0.24553304190211792,0.30847304209841125
Robin_office_Donald,4,48,-3.2856761430130934,0.639812837044398,0.6552032924747664,3864,21,test_a,0.18616309437292422,-4.259148943874465,0.866634410821044
Robin_office_Erma,5,48,-0.2165039810567655,0.018100503948517144,0.0656102454218586,3864,21,test_a,0.07652430429691814,-0.4153220687139192,0.18799419434709036
Robin_office_Gayle,6,48,0.4718130361103363,-0.21622537164754854,0.2623411760241379,3864,21,test_a,0.15915983453985505,0.9240270980738385,0.7815689325203065
Robin_office_Lindsay,7,48,-0.0395268713497412,-0.14782465746005377,0.04911306802544487,3864,21,test_a,0.01943146353891534,-0.1564946019914009,0.12492772758892325
Robin_office_Maryann,8,48,-0.4560223464821497,-0.01358986810858672,0.029702121149848017,3864,21,test_a,-0.11704479622045494,-0.34597576937963664,0.15177223243402213
Robin_office_Sammie,9,48,-1.0827188130487782,0.3863423853763379,0.3025279308888375,3864,21,test_a,-0.11794154214453134,-0.6612800238808593,0.4589617927176421
Robin_office_Saul,10,48,0.5448137621083111,0.018709965671102207,0.07440260460433545,3864,21,test_a,-0.08230184022257458,0.7155930832058351,0.20986622985336512
Robin_office_Serena,11,48,0.26383197636846506,0.09436574407542746,0.04322114856109501,3864,21,test_a,-0.11066766448594995,0.35020893094754074,0.19171070183264266
Robin_office_Shirlene,12,48,1.839845582092308,-0.03683381779895475,0.12459563644842382,3864,21,test_a,-0.06300262401166323,1.3842838782045668,0.30395231132107
Robin_office_Soledad,13,48,0.26247359725434527,-0.32717119436711073,0.44257720978117904,3864,21,test_a,0.18477583939340403,0.15785225029626912,0.35181311831833106
Robin_office_Victor,14,48,0.10835883105868205,0.03683597636578876,0.08285462063923382,3864,21,test_a,0.17464096623710146,0.5666771109059981,0.5085993724659672
Robin_office_Wai,15,48,0.21410731323824495,-0.021511992206797004,0.023458291684526403,3864,21,test_a,-0.015349265909223253,0.41909389939584923,0.1544089110400064
Robin_office_Zelma,16,48,-0.4121972162746205,-0.20009993051644415,0.14167618951718017,3864,21,test_a,0.0672765729323192,-0.5433030546867843,0.18568106076386165
Robin_office_Addie,0,48,-0.05892821091168671,-0.1265127165655334,0.07049752382060481,3888,22,test_a,-0.0329786588304013,0.039396605954109896,0.3391755691827457
Robin_office_Adolph,1,48,2.189890651682409,-0.215358999868234,0.2779647664155833,3888,22,test_a,-0.1905881483279397,1.6252007362119183,0.5129364424634808
Robin_office_Antonina,2,48,-0.2218232005334727,-0.028185571776703,0.024893252941670763,3888,22,test_a,-0.15699708260762857,-0.008163954582424313,0.20509652266654577
Robin_office_Dina,3,48,-0.26878718288108894,0.0783673298234741,0.10270881909708317,3888,22,test_a,0.005617009534436668,0.2934056055702969,0.4174766941379666
Robin_office_Donald,4,48,-3.4109364093706924,0.2802216758330663,0.1536833191425977,3888,22,test_a,-0.11130702369225531,-4.214440741866306,0.9199525581190345
Robin_office_Erma,5,48,-0.028481673815896946,0.30829871523504454,0.2514358972519189,3888,22,test_a,0.13567317212147467,-0.44867565133353643,0.34177385765880725
Robin_office_Gayle,6,48,0.34832901877481215,-0.09540352085605264,0.19569230077811986,3888,22,test_a,-0.021101102580353914,1.0995702972943417,0.7158431262089363
Robin_office_Lindsay,7,48,0.08572506752593068,-0.19751720130443573,0.053593263313628604,3888,22,test_a,0.007743445120564907,-0.11805364258444832,0.1664523981339148
Robin_office_Maryann,8,48,-0.4045587570256933,0.12157339106003444,0.04077167393560525,3888,22,test_a,0.06303791759391109,-0.32583346051883644,0.15544594184242494
Robin_office_Sammie,9,48,-1.1180187648339097,0.49293068672219914,0.3521609510464605,3888,22,test_a,-0.11050028932605493,-1.0553129183546888,0.41822850128052613
Robin_office_Saul,10,48,0.3898788419205643,0.07890954116980235,0.027955336870788255,3888,22,test_a,-0.1291591972358066,0.6450189719366549,0.3045277704411779
Robin_office_Serena,11,48,0.14233867554291513,-0.04140048489595453,0.016680791393242883,3888,22,test_a,-0.053333319912588495,0.05141545227287498,0.28196453047420805
Robin_office_Shirlene,12,48,1.9729866770877968,0.1904659179660181,0.14887533749675977,3888,22,test_a,0.2577816742553287,1.5086223155411365,0.3431548608662967
Robin_office_Soledad,13,48,0.36797022289129666,0.15829215183233222,0.13995400321940163,3888,22,test_a,0.12525695351101285,0.5198679463134831,0.5666148244547364
Robin_office_Victor,14,48,0.00603245299842281,0.18563019360105196,0.14515881941595124,3888,22,test_a,-0.01215222555175366,0.4616612821774018,0.335212235185125
Robin_office_Wai,15,48,0.4217634399993654,0.09685214594355784,0.021901451752730183,3888,22,test_a,0.12824184935950667,0.3858306175829978,0.18018344910113118
Robin_office_Zelma,16,48,-0.2874239704789536,-0.48064295342192054,0.31899283436148546,3888,22,test_a,0.09894576833910868,-0.4932005728131081,0.2671985524313248
Robin_office_Addie,0,48,-0.0022611307363658295,0.02197077707387507,0.13618529604800259,3912,23,test_a,-0.034967573511084676,-0.12863652723516117,0.14744442877680322
Robin_office_Adolph,1,48,2.1638559237870227,0.13488374650478363,0.3058247348321541,3912,23,test_a,-0.09985589785873339,2.303243364741666,0.18778041427391712
Robin_office_Antonina,2,48,-0.07841824636644679,-0.1141392260712261,0.05220705549252869,3912,23,test_a,0.1658665750613244,0.03504147233358556,0.19295582867564134
Robin_office_Dina,3,48,-0.179975236260008,-0.3728599613532424,0.2547940493057757,3912,23,test_a,0.12914327687382976,-0.039398447674618246,0.21996581495572548
Robin_office_Donald,4,48,-3.1992696349420235,0.6174576729536057,0.7448905215180291,3912,23,test_a,0.05193435779844702,-3.334218076510774,0.17948829458558047
Robin_office_Erma,5,48,-0.4859868623239254,0.31617865556230146,0.20331607194300982,3912,23,test_a,-0.2956504113698183,-0.12239743703282024,0.39015866711003194
Robin_office_Gayle,6,48,0.3127958459437834,-0.10919480072334409,0.15091141973892183,3912,23,test_a,-0.16766570783128554,0.9331909995586193,0.7832610589222838
Robin_office_Lindsay,7,48,0.038145687966446795,0.015192645291487375,0.017914114182332685,3912,23,test_a,-0.03417660471008821,0.1473011229503625,0.15065559828993602
Robin_office_Maryann,8,48,-0.29953106386882633,0.0073269996015975876,0.025178284610713152,3912,23,test_a,0.15212577839416086,-0.4454880736873683,0.12846278151391521
Robin_office_Sammie,9,48,-0.7172534199538351,-0.03217200251917044,0.2214273848707853,3912,23,test_a,0.28479757846301557,-1.4136288502221543,0.26762941264185525
Robin_office_Saul,10,48,0.5547259069881081,-0.12617896781497015,0.056867768070897384,3912,23,test_a,0.036101255471733484,0.4538109760638349,0.21389497799680515
Robin_office_Serena,11,48,0.1843893186980894,-0.24137725595695278,0.12945506867618284,3912,23,test_a,-0.03446902978441846,0.07158692337815999,0.11736140710424722
Robin_office_Shirlene,12,48,1.2224514899766454,-0.12634937201316157,0.11495776461842477,3912,23,test_a,-0.4001096839966849,1.2621057143494714,0.31695047236539026
Robin_office_Soledad,13,48,0.3920677131364887,-0.156316630076617,0.15293147628704704,3912,23,test_a,0.16691647213916827,0.20957417884683818,0.31030372306849147
Robin_office_Victor,14,48,0.16836579590159761,-0.15711842275535068,0.07212571430185562,3912,23,test_a,0.061517774401260494,0.080192687728786,0.16305968669971044
Robin_office_Wai,15,48,0.38372830828386584,-0.0008844779319285104,0.025492356017565127,3912,23,test_a,-0.02963672220203617,0.4436299511446107,0.07199254584530827
Robin_office_Zelma,16,48,-0.4134770835286037,0.05641124024987221,0.07112921216791941,3912,23,test_a,-0.018069435506648968,-0.346636221502804,0.188124971736644
Robin_office_Addie,0,48,-0.20799453147577485,0.2124642014193038,0.29171335680086896,3936,24,test_a,-0.12231782948763023,-0.2063377658051947,0.13931832895796212
Robin_office_Adolph,1,48,2.2675094912092404,0.29047079384326935,0.2955543006604306,3936,24,test_a,-0.08837631152038528,2.021330148173828,0.387411885785042
Robin_office_Antonina,2,48,0.030990259546678778,-0.09820126307507356,0.03679678441247467,3936,24,test_a,0.020707786883409462,0.2616357812424713,0.2337309280551236
Robin_office_Dina,3,48,-0.10087017097935802,-0.5942509681917727,0.5092166846628873,3936,24,test_a,-0.01121057517294477,0.12278650208847756,0.20462303809065466
Robin_office_Donald,4,48,-3.1434470740214295,0.9415576656659445,1.3139615822367692,3936,24,test_a,-0.04229315009461798,-3.2324691065410094,0.16332898026529027
Robin_office_Erma,5,48,-0.5488581748760972,-0.11184045548240344,0.11905779201881132,3936,24,test_a,-0.07102220949396021,-0.6061733043740107,0.12786131571410633
Robin_office_Gayle,6,48,0.4963336513838863,0.1723532099276781,0.2817159302050363,3936,24,test_a,0.06897151289191239,0.9323159006641295,0.7388149251837949
Robin_office_Lindsay,7,48,-0.05699525434110653,0.29708398692309856,0.13648757720735052,3936,24,test_a,-0.05747958851704604,-0.11766195560156495,0.16129564300861807
Robin_office_Maryann,8,48,-0.31308221560414273,-0.06092192554691186,0.029564550146981405,3936,24,test_a,0.06208192120768641,-0.3781817292591407,0.06483434007654816
Robin_office_Sammie,9,48,-1.256923611253944,-0.5623595362606769,0.43662179727332845,3936,24,test_a,0.06558895923398911,-1.3686601154108207,0.1520128885287004
Robin_office_Saul,10,48,0.45228342884210226,-0.12796477494218075,0.07783858196987514,3936,24,test_a,-0.0641918098640053,0.5071395990426194,0.09781556382136643
Robin_office_Serena,11,48,0.3305059914175109,-0.3807749184003721,0.2000916217633938,3936,24,test_a,0.0632857312341718,0.20383299671677202,0.07546310462040674
Robin_office_Shirlene,12,48,1.2745527998417014,0.10061615348483126,0.15648992255608038,3936,24,test_a,-0.025035135023993238,1.1041331858322405,0.17653543679441674
Robin_office_Soledad,13,48,0.371874258496637,-0.1469411849975586,0.23189316427732898,3936,24,test_a,0.1604529793911147,0.34289560582935247,0.25724075189658946
Robin_office_Victor,14,48,0.13112115634609478,-0.3509085476398468,0.16352842706315693,3936,24,test_a,-0.14166629977217005,0.13992994569062386,0.11661350492982069
Robin_office_Wai,15,48,0.5260124829732644,0.020251048418382805,0.030361753621163067,3936,24,test_a,0.0769160010337605,0.5316154686738234,0.11170298230017307
Robin_office_Zelma,16,48,-0.3364806305492138,0.2349251121825849,0.11149526289728999,3936,24,test_a,0.054797316658807105,-0.3873585568600763,0.09362876508191652
Robin_office_Addie,0,48,-0.4230840969828586,0.20478375791572034,0.2945463869633778,3960,25,test_a,-0.09988172977478221,-0.48076996757874646,0.313032655017005
Robin_office_Adolph,1,48,1.8435927131189689,0.23525094613432884,0.28651411730719806,3960,25,test_a,-0.15585152893466914,1.5936437626353277,0.5394000934192622
Robin_office_Antonina,2,48,0.08873523238614112,0.10590097098611295,0.02973856636510178,3960,25,test_a,0.06481044896931315,0.10157897375609608,0.0950829685747922
Robin_office_Dina,3,48,0.4975853519522684,-0.31168322808419663,0.20361925186653138,3960,25,test_a,0.3631259279759408,0.3943783004504671,0.4987157469534023
Robin_office_Donald,4,48,-3.2365524221028656,0.6739815473556519,0.7696152010086882,3960,25,test_a,-0.029165931009216273,-4.092963606655805,0.9011082051131483
Robin_office_Erma,5,48,-0.515573348330338,0.014052067262430986,0.043777508880954864,3960,25,test_a,0.024958525212059435,-0.5097481307151785,0.2265097917197108
Robin_office_Gayle,6,48,0.6702976276054496,0.26861058625703055,0.16712548221718349,3960,25,test_a,-0.0625952899656439,0.7817482390894507,0.53869264892562
Robin_office_Lindsay,7,48,-0.2630123240795764,-0.002903370807568232,0.0021502325154572066,3960,25,test_a,-0.07532653990491978,-0.28607199151583423,0.1940865787184021
Robin_office_Maryann,8,48,-0.19318067227960933,0.06621165742399171,0.02379936519871216,3960,25,test_a,0.014545162680512647,-0.320810954111212,0.17164250832125644
Robin_office_Sammie,9,48,-1.1773680309351642,-0.19309019200348607,0.11888375391774818,3960,25,test_a,-0.08786175038405997,-0.5047583562081681,0.5679591314377346
Robin_office_Saul,10,48,0.4633751041126499,-0.11142996144675028,0.11120687987654289,3960,25,test_a,-0.04516865995631747,0.6441853121848623,0.23351308332913293
Robin_office_Serena,11,48,0.6238178232061,-0.27844035004576045,0.10851687181047336,3960,25,test_a,0.1374796933323551,0.43376815300747146,0.16731928115203434
Robin_office_Shirlene,12,48,1.105458347457982,0.11883964048077662,0.1442497146003262,3960,25,test_a,-0.054701941100496754,1.3238176869263472,0.35196207373348243
Robin_office_Soledad,13,48,0.2614701371650592,-0.3115987123455852,0.4673682020598912,3960,25,test_a,0.032971658208831967,0.27032128277121026,0.3230274361886037
Robin_office_Victor,14,48,0.14421625051636644,-0.21137785958126187,0.11446480684797294,3960,25,test_a,-0.014656554558589496,0.5449292075846086,0.2884818210818345
Robin_office_Wai,15,48,0.24298446638407656,0.03930865988756219,0.013152358293171471,3960,25,test_a,-0.10786505921473788,0.3922230960488758,0.1394479518737935
Robin_office_Zelma,16,48,-0.3488196170029718,0.10824255750048906,0.04763548857085515,3960,25,test_a,0.03608830357185272,-0.47888837588278205,0.1895996583231046
Robin_office_Addie,0,48,-0.6121484190713347,-0.2099146596932163,0.43008501908149954,3984,26,test_a,-0.05086444253948175,-0.8838160229115729,0.3257274248633236
Robin_office_Adolph,1,48,1.963652223821641,0.38529353340466815,0.32408236883886393,3984,26,test_a,0.20868189395548198,1.466298067936199,0.4558712008169911
Robin_office_Antonina,2,48,0.051145980123648405,0.17019168636761606,0.042088554619551556,3984,26,test_a,-0.003979462998778327,0.2020136410440941,0.18017974170120038
Robin_office_Dina,3,48,0.4750545951613111,0.02652954760318001,0.10539068155002645,3984,26,test_a,0.03721165882526878,0.7797006466170243,0.3909123354462635
Robin_office_Donald,4,48,-3.3199511525042587,0.46050454179445904,0.4407288305769086,3984,26,test_a,-0.09938447177778054,-4.1883551583508485,0.9269678701124167
Robin_office_Erma,5,48,-0.1299529663352611,-0.020737833653887112,0.019459197128976934,3984,26,test_a,0.1551820628137166,-0.37910647489335486,0.21691803802010245
Robin_office_Gayle,6,48,0.22682476251707362,0.059107138154407345,0.08578405364180879,3984,26,test_a,-0.24399825628637917,0.6140640169356333,0.5163800411372507
Robin_office_Lindsay,7,48,-0.059099160349200375,0.005774014939864476,0.006943146899190659,3984,26,test_a,0.14388530914787534,-0.3385899697251211,0.15344338181258038
Robin_office_Maryann,8,48,-0.39073359607669134,-0.038164025851680584,0.017069517232829894,3984,26,test_a,-0.09044506491730153,-0.3447720404821701,0.15871259415681563
Robin_office_Sammie,9,48,-1.205840842667944,-0.00151279642401884,0.1311973014518287,3984,26,test_a,-0.16922661913223758,-0.5208438366275382,0.5796220204083025
Robin_office_Saul,10,48,0.21378841668190196,0.08929704230589171,0.07268054488374143,3984,26,test_a,-0.105980836747112,0.495092144542997,0.19720618942510007
Robin_office_Serena,11,48,0.7518544397176727,-0.2740640325161318,0.10785524047100363,3984,26,test_a,0.014846976254003996,0.7091161827187068,0.12536195837117128
Robin_office_Shirlene,12,48,1.0481157741365033,-0.08362726327807952,0.13443067682972684,3984,26,test_a,-0.06393577780971271,1.1212401536752037,0.2531319677548219
Robin_office_Soledad,13,48,0.4917104474438083,-0.3846696352120489,0.49243362662330403,3984,26,test_a,0.11389842267924521,0.28605959591952296,0.41552939065603905
Robin_office_Victor,14,48,0.2789542803631988,-0.16457643383182585,0.10698453711301974,3984,26,test_a,0.110062450966121,0.6766058013880212,0.5184537404653714
Robin_office_Wai,15,48,0.25479779438956174,0.051905713587378464,0.019005425132973198,3984,26,test_a,0.025158653572157963,0.37319412045037215,0.12585641763214842
Robin_office_Zelma,16,48,-0.12375493597016732,0.1925170401809737,0.06703675828095121,3984,26,test_a,0.0958101984203204,-0.34770002418892054,0.1630025743492225
Robin_office_Addie,0,48,-0.01108552615593017,0.5629291121537486,0.6311582257284356,4008,27,test_a,0.23499822298320017,-0.42599324324840676,0.41265681360664097
Robin_office_Adolph,1,48,2.234289757253614,0.4794491973395149,0.3950536131618085,4008,27,test_a,0.6619196868864363,1.2912373825031558,0.5290935710062036
Robin_office_Antonina,2,48,-0.32580786945479173,0.11166515038348734,0.02700005128229746,4008,27,test_a,-0.1903220363267697,-0.043898234064316956,0.13199059558515822
Robin_office_Dina,3,48,0.04971593082725356,0.03364107385277748,0.09956291448713073,4008,27,test_a,-0.29726928158316646,0.5670798897343933,0.39074786536010114
Robin_office_Donald,4,48,-3.1666601344720755,0.33963384727636975,0.35214370848465276,4008,27,test_a,0.08772070229699391,-4.240708250250118,0.9962327133767537
Robin_office_Erma,5,48,-0.4009427093728448,0.01195377359787623,0.02331244002126791,4008,27,test_a,-0.11460561896480981,-0.410985239120999,0.32065299209130266
Robin_office_Gayle,6,48,0.1423798262419913,0.025617450708523393,0.06367560918054106,4008,27,test_a,-0.09566424893284864,0.5976665410686829,0.5567152514109908
Robin_office_Lindsay,7,48,-0.08577335581569645,-0.014905399332443873,0.002286840938595658,4008,27,test_a,0.03812656164278483,-0.3079391654819338,0.15601765585225544
Robin_office_Maryann,8,48,-0.4319452388424755,0.07183489657472819,0.033219954179556775,4008,27,test_a,-0.0009843813821022174,-0.36968852533760826,0.1507052027690369
Robin_office_Sammie,9,48,-0.9390364849795815,0.06451536423992366,0.1914620913769279,4008,27,test_a,-0.02969218928598616,-0.5802522331235839,0.4802133018255018
Robin_office_Saul,10,48,0.5327858922596636,0.1849583306660255,0.05574444584741206,4008,27,test_a,0.2896123438965337,0.49218206815737187,0.26631616702671723
Robin_office_Serena,11,48,0.8064430504829829,-0.05803462467641415,0.0776513782924688,4008,27,test_a,0.011966807053354178,0.6710612567794368,0.17517499626126481
Robin_office_Shirlene,12,48,1.2333381588603216,0.010165142089438936,0.11355873536678045,4008,27,test_a,0.19299252703678005,1.3236491987843177,0.284889704251764
Robin_office_Soledad,13,48,0.35666677507293776,0.09585352273037036,0.3310019315865674,4008,27,test_a,-0.5124747569191659,0.6569447902646683,0.5935627780918991
Robin_office_Victor,14,48,0.26205751314874437,-0.11402045271825045,0.11342099591306724,4008,27,test_a,0.09476089468390558,0.6562595699995278,0.4472656887456735
Robin_office_Wai,15,48,0.12658295658069807,0.14074016558394456,0.0392726821459857,4008,27,test_a,-0.07784533121877546,0.2808791945096489,0.1030242317064265
Robin_office_Zelma,16,48,-0.39286359780660246,0.06219556147698313,0.03615080408012383,4008,27,test_a,-0.24645950720592677,-0.3434678568583762,0.22306647956802342
Robin_office_Addie,0,48,-0.587614434680051,0.21526798512786627,0.13763219809772378,4032,28,test_a,-0.40909373724105796,-0.6762317832517096,0.4985065632423088
Robin_office_Adolph,1,48,1.5702698610052856,0.14348825075042745,0.2586024085103369,4032,28,test_a,-0.017426851450694558,1.2734560683920266,0.5024974452994275
Robin_office_Antonina,2,48,-0.06617858643865399,0.17199888677957156,0.05354344251714063,4032,28,test_a,0.12563416081086243,-0.05358833738849731,0.19794205118473254
Robin_office_Dina,3,48,0.21184363830021447,0.2389900527584056,0.27011526412229353,4032,28,test_a,0.05507249131893999,0.4320678250509798,0.3763495281520843
Robin_office_Donald,4,48,-3.0319331452404006,-0.008966604868570963,0.1273382138016288,4032,28,test_a,0.016133745737592964,-4.07692777470767,0.9783767411639241
Robin_office_Erma,5,48,-0.10721788170671531,-0.0059850065348049,0.04466849246362065,4032,28,test_a,0.1655466744175279,-0.2796940610467869,0.1438514394141788
Robin_office_Gayle,6,48,0.290788194443528,0.032799763760219015,0.18493922999843768,4032,28,test_a,-0.04147232803982681,0.7609509379931755,0.68113190139019
Robin_office_Lindsay,7,48,-0.154385248136111,-0.12118344381451607,0.03660744545389227,4032,28,test_a,0.00794115169238263,-0.310586538882683,0.17425954007465627
Robin_office_Maryann,8,48,-0.23230709293846374,0.17872976802755147,0.05687820147870768,4032,28,test_a,0.1736720258242317,-0.2952516324538466,0.11938560368422373
Robin_office_Sammie,9,48,-1.0220297127236502,-0.1422651524965962,0.2367811172193861,4032,28,test_a,0.026729255800332474,-0.8282210123102963,0.4638812515500269
Robin_office_Saul,10,48,0.17271934186305038,0.1450029549499353,0.040153400798280225,4032,28,test_a,-0.10347373085495182,0.32804024595271697,0.1507548047815947
Robin_office_Serena,11,48,0.7780057751578334,0.10307348295949244,0.09148161922935343,4032,28,test_a,-0.03853040470671454,0.8360229057881514,0.11588239121182542
Robin_office_Shirlene,12,48,1.1729300622202736,-0.19226420930741975,0.14526683170168522,4032,28,test_a,-0.005360103616529388,1.213356063314493,0.2691210893792387
Robin_office_Soledad,13,48,0.43523482695546445,0.16884480494384965,0.23189386321770708,4032,28,test_a,-0.23566030867753507,0.6150583892753292,0.5620487117341428
Robin_office_Victor,14,48,0.36882452732806037,-0.022420009248889983,0.14995884892428257,4032,28,test_a,0.1222957520932022,0.7467068445725359,0.4624544897208605
Robin_office_Wai,15,48,0.15918646082218324,0.00456037661448742,0.007935441277097522,4032,28,test_a,0.014541057031226767,0.2881065910365533,0.13106104977735067
Robin_office_Zelma,16,48,-0.08970620085000869,-0.0696305400536706,0.05446262975838909,4032,28,test_a,0.0886948302145179,-0.20496747413640637,0.1428637131427849
Robin_office_Addie,0,48,-0.4084844902757431,-0.06157257966697216,0.16117625264096494,4056,29,test_a,0.06884076473605305,-0.7860237903717917,0.28524653171655046
Robin_office_Adolph,1,48,1.5769922374215624,-0.11268827404516439,0.1796691974676806,4056,29,test_a,-0.021749895262668018,1.1383826376671093,0.4400230841156445
Robin_office_Antonina,2,48,-0.21318292790177384,0.013487746434596678,0.02660033993660559,4056,29,test_a,-0.06667994082897133,-0.007932426949656159,0.18957260170589676
Robin_office_Dina,3,48,-0.22185852251210192,0.14508196090658507,0.22398701658145073,4056,29,test_a,-0.19390033417645847,0.42238301901056446,0.5145027190031486
Robin_office_Donald,4,48,-2.9850315653632444,-0.33109577496846515,0.13288116878878972,4056,29,test_a,-0.0032440014997461297,-3.954705221220211,0.8984112395589005
Robin_office_Erma,5,48,-0.12106933979090051,-0.1480139837755511,0.08678283919755592,4056,29,test_a,-0.008641489316018935,-0.17238059388983573,0.12142797541898961
Robin_office_Gayle,6,48,0.4574138117004356,-0.23336175999914607,0.3667342220611272,4056,29,test_a,0.011257600765114173,0.6548341397672893,0.5568991918643752
Robin_office_Lindsay,7,48,-0.012926102554183139,-0.15773487836122513,0.03615563354762141,4056,29,test_a,0.06620192568025007,-0.3147660694143931,0.1997541381900532
Robin_office_Maryann,8,48,-0.34284082468411514,0.10319855685035388,0.02331577318508053,4056,29,test_a,-0.0649062216907148,-0.2465078307863194,0.1305541640603848
Robin_office_Sammie,9,48,-0.8621985679762543,0.20095213999350867,0.13932599463067094,4056,29,test_a,0.32181255111990437,-0.43179585148722865,0.5015773485675211
Robin_office_Saul,10,48,0.18576505869829174,0.3082124876479308,0.1110771903084146,4056,29,test_a,0.054036301313300505,0.438531711871408,0.31031691958350555
Robin_office_Serena,11,48,0.40663790514465603,-0.3773638418885336,0.2225991912287376,4056,29,test_a,-0.20976846362439938,0.5023780219148095,0.2586623533486089
Robin_office_Shirlene,12,48,1.2267737473273144,-0.10853435650157432,0.07240750435537385,4056,29,test_a,0.02085807335801948,1.47025443435912,0.3340713830261429
Robin_office_Soledad,13,48,0.478895491235219,-0.18993979630370936,0.08258619097853824,4056,29,test_a,-0.031359261699055674,0.11823688484006967,0.5214738996816902
Robin_office_Victor,14,48,0.3154144606947089,0.08513676809767882,0.11178006074419657,4056,29,test_a,-0.050151797605458404,0.820335014780953,0.514528806832435
Robin_office_Wai,15,48,0.6015708611862121,-0.05781976777749757,0.011821165109274416,4056,29,test_a,0.2168789438718708,0.42132588006816957,0.20312539166191448
Robin_office_Zelma,16,48,-0.11414864414837167,-0.14617246047904095,0.06360094298509861,4056,29,test_a,-0.05023131488457522,-0.31081000700238937,0.26141295852320434
Robin_office_Addie,0,48,-0.20581806430545113,0.41774048456257634,0.33423458682765617,4080,30,test_a,0.10042668210038802,-0.436580843733877,0.15940294056925003
Robin_office_Adolph,1,48,1.499002174370071,0.1441633471598228,0.18957761167814594,4080,30,test_a,0.28242432685019314,1.6714827745613816,0.3159610948040242
Robin_office_Antonina,2,48,-0.3194295377780401,-0.2417573833372444,0.11253765889000182,4080,30,test_a,-0.04736655400684647,-0.13583639397052047,0.16616034035298
Robin_office_Dina,3,48,0.03276770399974627,-0.24548175853366652,0.19712351591466826,4080,30,test_a,0.09773804535409614,-0.15182018059368377,0.19691993053333862
Robin_office_Donald,4,48,-3.187620036933472,0.11290700733661652,0.15138214914567172,4080,30,test_a,-0.1284465816102287,-3.1596139502748817,0.1727649894678949
Robin_office_Erma,5,48,-0.060678286288121774,-0.02235714936008056,0.02898901418759892,4080,30,test_a,-0.0011084124872698942,0.005887678934203655,0.2764035922469164
Robin_office_Gayle,6,48,0.970832192838876,0.10171285861482222,0.21623023458101467,4080,30,test_a,0.2144658609280493,0.8103374744213335,0.33225626504851247
Robin_office_Lindsay,7,48,-0.07427720636773916,-0.030227631330490112,0.008549918733004555,4080,30,test_a,0.0385024180234429,-0.048148817199900086,0.15412954385771083
Robin_office_Maryann,8,48,-0.48269350395180355,-0.12973253522068262,0.04592229111088623,4080,30,test_a,-0.11049637032598614,-0.5307973442405135,0.17586123831844644
Robin_office_Sammie,9,48,-0.992704167700711,-0.27859865423912805,0.1759007117533495,4080,30,test_a,-0.053140448894707815,-1.1301094397874702,0.22026700463416962
Robin_office_Saul,10,48,0.33581528780118575,-0.3072934200366338,0.3394555189209643,4080,30,test_a,0.14581505917361937,0.21957036933890509,0.12711701027945407
Robin_office_Serena,11,48,0.5971753186646824,-0.3391150502381303,0.15250583685825844,4080,30,test_a,0.11355310601559687,0.5686329663749706,0.08068777090968197
Robin_office_Shirlene,12,48,1.0965907250745432,-0.18142995443971208,0.14763700699417395,4080,30,test_a,-0.20827267266022487,1.2728453914000093,0.2286647374598072
Robin_office_Soledad,13,48,0.3775117921755202,-0.3145116350303094,0.3083520930263665,4080,30,test_a,-0.15326296101417713,0.39103557067987316,0.27504469952828237
Robin_office_Victor,14,48,0.28385430999707806,-0.31857733863095444,0.22994448542002263,4080,30,test_a,-0.006603698791533219,0.2883664153659295,0.06966968012780099
Robin_office_Wai,15,48,0.3746965286454328,-0.09238655143417418,0.02250353387474109,4080,30,test_a,-0.1088759116999426,0.48104742123698063,0.09936854557445977
Robin_office_Zelma,16,48,-0.2469685033945917,-0.19104012148454785,1.1563335515700623,4080,30,test_a,-0.12259473391034745,-0.14079200477928797,0.10957933396576579
Robin_office_Addie,0,48,-0.7296323591878092,-0.06878514007864094,0.34854856233053105,4104,31,test_a,-0.2555891211580291,-0.7771226848632137,0.3513865929058151
Robin_office_Adolph,1,48,1.5402780687247888,0.41101965665196377,0.3670270802270354,4104,31,test_a,0.016059663770236376,1.550153893275328,0.03006174866911709
Robin_office_Antonina,2,48,-0.16621626282141178,-0.07882134790997952,0.11059129986844314,4104,31,test_a,-0.03447704877180602,0.10562343507434623,0.24886111187165302
Robin_office_Dina,3,48,0.03420984052203013,-0.10394603790094455,0.1095053147196972,4104,31,test_a,-0.001309597186528233,0.0359873776996018,0.003244562274378095
Robin_office_Donald,4,48,-3.2298578835559377,0.537043293317159,0.4502958483233452,4104,31,test_a,-0.021780949637901337,-3.2161840763944043,0.02438492771953463
Robin_office_Erma,5,48,-0.09410738890109016,-0.09786372041950624,0.0459277508813438,4104,31,test_a,-0.015519493083703373,-0.22369800614752836,0.15314709093093742
Robin_office_Gayle,6,48,0.9700967168468259,0.49774372528190725,0.3287890039066479,4104,31,test_a,-0.0029762468813995246,0.978089544511194,0.006720427128618843
Robin_office_Lindsay,7,48,-0.20562399539092768,0.17553014556566873,0.036762877290045605,4104,31,test_a,-0.05785565908353607,-0.25589316588490457,0.1163299464966176
Robin_office_Maryann,8,48,-0.38149209656453953,-0.170147476096948,0.06122673423981572,4104,31,test_a,0.134095503744327,-0.5079241148203445,0.09275621922503943
Robin_office_Sammie,9,48,-0.9510295104646604,-0.25642457402621704,0.15218906339788746,4104,31,test_a,0.018578021238732312,-0.9758101354613108,0.022897800649610736
Robin_office_Saul,10,48,0.22478214948815678,-0.6239470269841453,0.5597724522967771,4104,31,test_a,-0.06953753475512858,0.2567533378692864,0.06556948438335933
Robin_office_Serena,11,48,0.8496846133501463,-0.11717183655612946,0.047834424576797686,4104,31,test_a,0.1331475132706289,0.7841955704350028,0.13087991737385604
Robin_office_Shirlene,12,48,1.0691179562140205,-0.09790215874090791,0.16972666031989367,4104,31,test_a,-0.014207678164869675,1.0637651065520302,0.020641969073033315
Robin_office_Soledad,13,48,0.30594149358220735,-0.2855745715399583,0.46518347687114486,4104,31,test_a,-0.035328942361174454,0.3250278225667044,0.04876585676862633
Robin_office_Victor,14,48,0.28479342691584386,-0.3067881221262117,0.20562500087230698,4104,31,test_a,-0.00149640933211459,0.2808617439011139,0.004711139290017767
Robin_office_Wai,15,48,0.46368966483223395,-0.07992617328030367,0.01460346331759043,4104,31,test_a,0.07108595460121603,0.528158418929818,0.17580389816170167
Robin_office_Zelma,16,48,-0.14512066808502402,-0.10826802703862388,1.9705668798212883,4104,31,test_a,0.05814455756849504,-0.16557022904597526,0.058623351694305964
Robin_office_Addie,0,48,-0.220619340905375,-0.6398492549778894,0.6410592679624666,4128,32,test_a,0.31335428753346467,-0.9074859566130916,0.43065667888742454
Robin_office_Adolph,1,48,1.5880535662512378,0.2539570808100204,0.16500494633978433,4128,32,test_a,0.023410020606662307,1.14886516854206,0.6315039389436296
Robin_office_Antonina,2,48,-0.18826635099476574,-0.041195022757165134,0.1408377577240479,4128,32,test_a,-0.14485539143185666,0.15792662734267912,0.20447930113209728
Robin_office_Dina,3,48,0.35731263999730467,-0.01642117276787758,0.05006645986087557,4128,32,test_a,0.12880110404082512,0.33032185497370575,0.43824326169950034
Robin_office_Donald,4,48,-3.503268540460102,0.5305201212565104,0.3779002142447278,4128,32,test_a,-0.21883952121147754,-4.08489405621267,0.8803411423025808
Robin_office_Erma,5,48,-0.7143180193656609,-0.026790971712519724,0.043305882788971406,4128,32,test_a,-0.37127582847254637,-0.3922748013046345,0.2060388163630169
Robin_office_Gayle,6,48,0.5996597496393907,0.026293451364229743,0.0962276073074181,4128,32,test_a,-0.24203475327719226,0.414133786586205,0.34382258163267876
Robin_office_Lindsay,7,48,-0.32432928584959464,0.07337089131275813,0.011161607715507818,4128,32,test_a,-0.042075726931944835,-0.4170270868367207,0.18755841494821182
Robin_office_Maryann,8,48,-0.3263505097386341,0.015382008258408556,0.012103719714729752,4128,32,test_a,0.14426228676045505,-0.32204061936876527,0.1343097480282207
Robin_office_Sammie,9,48,-0.6112441483490263,-0.026658834734310705,0.10119643321391562,4128,32,test_a,0.27036517497704626,-0.24783467260478798,0.4365353620116936
Robin_office_Saul,10,48,0.5549885165766475,0.3540987948266168,0.2641150836105582,4128,32,test_a,0.16656220956880108,0.4011272731979247,0.09576953901187953
Robin_office_Serena,11,48,0.7631083538391336,0.0016613598709227517,0.02526561593829167,4128,32,test_a,-0.029223109596343777,0.7444924915585115,0.14239018224820874
Robin_office_Shirlene,12,48,1.0284759620391288,-0.13852149667218328,0.1939669087971416,4128,32,test_a,-0.06844608834491739,1.4130483523810284,0.3979374624507239
Robin_office_Soledad,13,48,0.5736414631805236,0.33662418943519395,0.41043287630998804,4128,32,test_a,0.25264980382770075,0.45809265425962814,0.5508094571423084
Robin_office_Victor,14,48,0.22986888644533954,-0.110914951035132,0.12300583006284393,4128,32,test_a,-0.020393618114219025,0.8358747052345699,0.5349379840706572
Robin_office_Wai,15,48,0.4027484367590084,-0.05358184214370946,0.0216140284414242,4128,32,test_a,-0.036324616692145595,0.4007661129172149,0.18016664051411868
Robin_office_Zelma,16,48,-0.4173862046216099,-0.35394710147132474,0.22331384065627688,4128,32,test_a,-0.13547632314410452,-0.2534137848492864,0.09510684308620282
Robin_office_Addie,0,48,-0.2678476358428722,-0.3083563798572868,0.3210366342878248,4152,33,test_a,-0.09394392693218051,-0.47602612275439804,0.4323045315648356
Robin_office_Adolph,1,48,1.2867350847036663,0.05856561412413915,0.09359679844442137,4152,33,test_a,-0.23209045470434186,0.9774009027983258,0.5126442405701642
Robin_office_Antonina,2,48,-0.13455287655212378,-0.45069010245303315,0.30666858781541567,4152,33,test_a,0.011604775371687914,-0.22187817121911038,0.30157113718513434
Robin_office_Dina,3,48,0.21791141311655426,-0.14002090319991112,0.07211971015076275,4152,33,test_a,-0.11410703296225311,0.3438398331827253,0.2736944417260311
Robin_office_Donald,4,48,-3.2068362638857404,0.3937760243813197,0.2442333617932242,4152,33,test_a,0.0736754547018088,-4.079317830364237,0.8292625394694122
Robin_office_Erma,5,48,-0.17279909637598911,-0.02282751475771268,0.02301103102303655,4152,33,test_a,0.2596337510216469,-0.2749557425877884,0.3002597017700037
Robin_office_Gayle,6,48,0.9213303417833385,0.13928396215972802,0.27175445355716693,4152,33,test_a,0.07308179709414042,0.5819295892029751,0.24029556064773935
Robin_office_Lindsay,7,48,-0.19112696761456072,-0.018717896193265915,0.0023870088946453816,4152,33,test_a,0.05546992289331265,-0.3404960573377387,0.11506488036831508
Robin_office_Maryann,8,48,-0.48702262412617703,-0.1054178958099025,0.04820146719440462,4152,33,test_a,-0.022926044798007417,-0.4051530534268288,0.13487269883613723
Robin_office_Sammie,9,48,-0.4560656226000114,0.06205856800079346,0.08944294366272847,4152,33,test_a,0.3556574477811446,-0.47102326744716844,0.5351777827124418
Robin_office_Saul,10,48,0.5365707247075413,-0.4697745420659582,0.6098009600224489,4152,33,test_a,0.0031186834276863973,0.4120965295699193,0.2005995727724623
Robin_office_Serena,11,48,0.43668675746798813,-0.017547106253914535,0.0204381262392417,4152,33,test_a,-0.17137650330945098,0.7149620077812076,0.18179405959611825
Robin_office_Shirlene,12,48,1.1456350745710917,-0.10188066117310275,0.21869891712820744,4152,33,test_a,0.05034296964601226,1.458938092451989,0.4859050212243628
Robin_office_Soledad,13,48,0.06385014105482067,0.17420348532808325,0.2730018878121889,4152,33,test_a,-0.2487407466859881,0.5593662493568731,0.6800775086189946
Robin_office_Victor,14,48,0.3008265551059792,-0.10328487671601276,0.09897543483132308,4152,33,test_a,0.09031233625132584,0.8928486681151923,0.5716715838904269
Robin_office_Wai,15,48,0.3567736211485536,-0.12081527003707986,0.03309929857972999,4152,33,test_a,-0.021649048059258713,0.39890459476660506,0.12798692876656415
Robin_office_Zelma,16,48,-0.41593582768742365,0.06828791919785242,0.06848027193391681,4152,33,test_a,-0.0030594651945465845,-0.28059707039056375,0.19292371941227965
Robin_office_Addie,0,48,0.26509816532416963,-0.0542072958596691,0.39742803079801486,4176,34,test_a,0.22692418233711226,-0.40365419582893386,0.38705408031019173
Robin_office_Adolph,1,48,1.2467041091923863,0.02166648457447688,0.1204443076368779,4176,34,test_a,-0.1167769632312965,0.994998844111997,0.3930510782111284
Robin_office_Antonina,2,48,0.039423811818189894,0.01894802798051387,0.1645396582163515,4176,34,test_a,0.06260626060787779,0.08642506105982069,0.2051541244359782
Robin_office_Dina,3,48,0.484718137822568,0.1432433055791383,0.09261849547386425,4176,34,test_a,0.3271744893654136,0.5386925957496338,0.3027882961910209
Robin_office_Donald,4,48,-3.1769237623543316,0.4248521327972412,0.262158674184775,4176,34,test_a,0.016311675239605083,-4.033247632023274,0.8079460846821993
Robin_office_Erma,5,48,-0.545255268923914,-0.035726362839341164,0.019772448287482435,4176,34,test_a,-0.14227834724324584,-0.3020590081048041,0.18676444490367258
Robin_office_Gayle,6,48,0.9433571208172278,0.359817214581805,0.3537026862332233,4176,34,test_a,-0.09167435233197385,0.6355845544137405,0.23039968652376316
Robin_office_Lindsay,7,48,-0.32667226357126455,0.012542306135098139,0.0015009850977486898,4176,34,test_a,-0.0959229197468805,-0.37105270250999123,0.15552112229140283
Robin_office_Maryann,8,48,-0.4668979316310863,0.014569471900661787,0.06486447203439348,4176,34,test_a,0.05591333736944071,-0.4738953790479914,0.12487608271831654
Robin_office_Sammie,9,48,-1.1651855106831726,-0.12292429793160409,0.09680826149849193,4176,34,test_a,-0.3183788410310613,-0.6600730984239617,0.41500718708143336
Robin_office_Saul,10,48,0.6941793133571039,-0.7185783577151597,0.9831101437590878,4176,34,test_a,0.10105785047139992,0.5277665158680889,0.09285763497347435
Robin_office_Serena,11,48,0.2627430004066592,0.02680373875773512,0.028897830811428455,4176,34,test_a,-0.11683486003983962,0.44592713169631865,0.15894842709605134
Robin_office_Shirlene,12,48,1.440400986723376,0.3886758150377621,0.3186455519323459,4176,34,test_a,0.21495275201954134,1.6465983211314583,0.4846640204984748
Robin_office_Soledad,13,48,0.17720029513721403,-0.08824058272875845,0.13408167618307967,4176,34,test_a,-0.09813105637923769,0.3152689524303534,0.2740535379078731
Robin_office_Victor,14,48,0.36247636409094297,0.016020295947479706,0.05807950175637655,4176,34,test_a,0.10884836205172421,0.8726534944213938,0.6202172792581979
Robin_office_Wai,15,48,0.17009641681271942,-0.0501092376653105,0.027901020170384257,4176,34,test_a,-0.10699255153940118,0.3339828681415129,0.14652843735452947
Robin_office_Zelma,16,48,-0.5567288017678843,0.18919874650115767,0.09852681872744072,4176,34,test_a,-0.09587959599947349,-0.3838389043994945,0.08753038049111944
Robin_office_Addie,0,48,0.009334135096736869,0.11238725718067144,0.8950351602512496,4200,35,test_a,-0.15042370358373172,-0.4203538914724765,0.4567846354421217
Robin_office_Adolph,1,48,1.8061779154033433,-0.19807308790041134,0.14627862043808795,4200,35,test_a,0.30795805130984055,1.1182552604172589,0.40121493544405895
Robin_office_Antonina,2,48,0.0032282537653198218,0.5977467088184009,0.38240638101222824,4200,35,test_a,0.04797754745776733,0.2786431384869353,0.2504483435668094
Robin_office_Dina,3,48,0.14125613144691562,0.08693507271042715,0.05329410199955939,4200,35,test_a,0.040206005974447345,0.5473362894535333,0.41160469537533684
Robin_office_Donald,4,48,-3.19852561978834,0.08497036496798198,0.08483420481104058,4200,35,test_a,-0.024121523879191642,-4.000356606572383,0.7685733376106945
Robin_office_Erma,5,48,-0.5823895143532987,0.11455506803273845,0.05456447749128751,4200,35,test_a,-0.015247303887093056,-0.5416220254628502,0.16863217019281324
Robin_office_Gayle,6,48,0.8375742471021415,0.06758542723643284,0.07907786630107945,4200,35,test_a,-0.12197774331939004,0.6217624790370414,0.29925995826245544
Robin_office_Lindsay,7,48,-0.21054433425664743,-0.07928806419173877,0.02186057240361916,4200,35,test_a,0.07001866850995864,-0.3899160571406331,0.13826102619026612
Robin_office_Maryann,8,48,-0.7153524043737485,0.21580481187750897,0.06291086559466007,4200,35,test_a,-0.09281442486069946,-0.413552434487327,0.1628219992362102
Robin_office_Sammie,9,48,-0.2820586589631118,0.07601459506743898,0.10397699321700316,4200,35,test_a,0.34400514822245587,-0.42117893604082574,0.4979284653180612
Robin_office_Saul,10,48,0.8860886443780562,0.5400180995153884,0.4889933509715357,4200,35,test_a,0.10435867643429875,0.6495982995175397,0.15769890489917307
Robin_office_Serena,11,48,0.5682899909529859,0.1463400523449915,0.04621808864728998,4200,35,test_a,0.11137623302867689,0.4284838796349044,0.16267844462827324
Robin_office_Shirlene,12,48,0.7870263378697178,0.28647889538357657,0.16758619266538086,4200,35,test_a,-0.3825617619978108,1.3224631605008454,0.4932730100562325
Robin_office_Soledad,13,48,-0.10654553758797136,-0.026165341725572944,0.06312547471607242,4200,35,test_a,-0.20091240889208883,0.2901152185126514,0.35471154352762063
Robin_office_Victor,14,48,0.4492841116180719,0.06424811858839045,0.03154228837530922,4200,35,test_a,0.07917283080528792,0.8918253876084078,0.4983234205680986
Robin_office_Wai,15,48,0.2318885820855488,0.051573346834629774,0.01834306424639005,4200,35,test_a,-0.007558306690605143,0.24925578955852248,0.1102628377585625
Robin_office_Zelma,16,48,-0.6911974813497692,0.20922188445304832,0.22686814700262858,4200,35,test_a,-0.07707180600439978,-0.47304862701031464,0.1479909453399655
Robin_office_Addie,0,48,-0.051287675636550234,0.9698112773088118,1.0868694358856807,4224,36,test_a,-0.106160980607132,0.013359618127388917,0.35905208695968316
Robin_office_Adolph,1,48,1.853524488368906,-0.028198048123158514,0.1506150278283403,4224,36,test_a,0.1707600052889271,1.2467096041198125,0.5644285848726859
Robin_office_Antonina,2,48,-0.3265624047884642,0.4845721476400892,0.28639150637930216,4224,36,test_a,-0.014445716213529858,-0.27585345416704893,0.0940970353788324
Robin_office_Dina,3,48,-0.034012770550469584,0.05576157756149769,0.02276456083363822,4224,36,test_a,-0.15107415670296231,0.4487919751665062,0.46147596342436187
Robin_office_Donald,4,48,-3.146412026203177,-0.24899828433990479,0.09499674946866321,4224,36,test_a,-0.03792783815220968,-3.8046407039387646,0.6618561363986134
Robin_office_Erma,5,48,-0.3763963014026491,0.008168108557583764,0.0554613097884829,4224,36,test_a,0.0804501492843333,-0.38186671953718765,0.1711840669442328
Robin_office_Gayle,6,48,0.5110969307226418,-0.12450402299873531,0.05958891891853459,4224,36,test_a,-0.25299252626655955,0.4169891687218497,0.2473965928070213
Robin_office_Lindsay,7,48,-0.004427522903996728,-0.10766695439815521,0.02437735122500125,4224,36,test_a,0.1518754077689034,-0.15918957136646958,0.11235718012943695
Robin_office_Maryann,8,48,-0.3927442282370829,0.1312796287238598,0.029178695830135732,4224,36,test_a,0.1511379191229396,-0.5357511134184928,0.13356579853118483
Robin_office_Sammie,9,48,-0.27727272218018173,0.3063744766016801,0.14735610591199536,4224,36,test_a,0.2554493040520788,-0.41535440603251095,0.3835985326116263
Robin_office_Saul,10,48,0.6241670461708633,0.1629353848596414,0.07784199971802781,4224,36,test_a,-0.09515992650599414,0.628423620925728,0.10609131864611297
Robin_office_Serena,11,48,0.3639433072483065,0.05196405478636734,0.01487737131405874,4224,36,test_a,-0.15818306112209246,0.41617698857675034,0.2683513852450613
Robin_office_Shirlene,12,48,0.9218787630403376,0.4020024963344137,0.19427386333665422,4224,36,test_a,-0.03542196983525581,1.1782862800705471,0.4509743250265684
Robin_office_Soledad,13,48,0.165174512939108,-0.03885827989627918,0.05192499614016307,4224,36,test_a,0.16168799491330121,0.39490024534419627,0.4039397718383494
Robin_office_Victor,14,48,0.2662922513849315,0.10765340737998486,0.018464930363763492,4224,36,test_a,-0.16532186902596835,0.8619243628768318,0.4398336858169808
Robin_office_Wai,15,48,0.4314396975478725,-0.044390143807201334,0.022299988484613172,4224,36,test_a,0.05120545227813367,0.38533232903030473,0.11258587277876524
Robin_office_Zelma,16,48,-0.48279194554354143,0.528816087404266,0.45576769660868993,4224,36,test_a,0.08733089481322476,-0.47530029550300545,0.10054335788505639
Robin_office_Addie,0,48,-0.544442466358015,-0.12888397305626617,0.552816865442001,4248,37,test_a,-0.2509806523078422,-0.7158292844871412,0.4787671927059716
Robin_office_Adolph,1,48,1.8461075726736653,0.27864079881692305,0.23838841456067925,4248,37,test_a,0.06571752695294042,1.8028589807436692,0.2709483681691486
Robin_office_Antonina,2,48,-0.2521484874639548,0.30981934586695087,0.21460651081390467,4248,37,test_a,-0.07769626926805107,-0.15528416761663358,0.19863247266912415
Robin_office_Dina,3,48,-0.12357608482571658,-0.1067997021212553,0.08112454792951411,4248,37,test_a,-0.21407061198264543,0.12495244196995518,0.14062214161998787
Robin_office_Donald,4,48,-3.054599313057703,-0.06150496999422709,0.0778969842157693,4248,37,test_a,-0.008528976722616655,-3.1555632962166307,0.11238535588758329
Robin_office_Erma,5,48,-0.33567821614883775,0.1033614780753851,0.04425603154178335,4248,37,test_a,-0.0018352409730588715,-0.10748635325424295,0.34328551032547516
Robin_office_Gayle,6,48,0.7475028184022563,0.030750831899543602,0.03469344498071357,4248,37,test_a,0.032361133484478444,0.7043934416953358,0.1082350650356707
Robin_office_Lindsay,7,48,-0.1136189643575134,0.03943597277005514,0.011450810019988822,4248,37,test_a,-0.033818112139874734,-0.02906279251585661,0.13242467558315896
Robin_office_Maryann,8,48,-0.32809181019152756,-0.13513821884407662,0.0686930690595024,4248,37,test_a,0.1478593405655153,-0.42481266105056176,0.07285049512095522
Robin_office_Sammie,9,48,-0.6959534774228491,-0.01083088778735449,0.09971528191145414,4248,37,test_a,0.04805656397639613,-0.8201873355134158,0.29095853156714274
Robin_office_Saul,10,48,0.4377262938201958,-0.001642587099922821,0.022071796158518047,4248,37,test_a,-0.06728410767540027,0.2955886917165143,0.23678944143326544
Robin_office_Serena,11,48,0.621227525588812,0.09225575967381398,0.03300816387098624,4248,37,test_a,0.11173438716351558,0.5891533385983251,0.10872239099857438
Robin_office_Shirlene,12,48,0.8627543945486962,0.12237204987710963,0.09461244165654398,4248,37,test_a,0.025079317390423572,0.8024334077245662,0.19615591242430608
Robin_office_Soledad,13,48,0.004820620469750736,0.050086249286929764,0.15003597353266837,4248,37,test_a,-0.06932257535461406,0.09547733316107594,0.11943409836621928
Robin_office_Victor,14,48,0.4997299969694464,-0.010821522491217669,0.009090241089851181,4248,37,test_a,0.07236098476140351,0.4389177349436048,0.12404387215650942
Robin_office_Wai,15,48,0.6231082786139809,0.03155169288705414,0.04507229843415995,4248,37,test_a,0.09738164556325346,0.6760791248148666,0.1502230096916017
Robin_office_Zelma,16,48,-0.3282577363150152,-0.06747473512465756,0.22861037578000745,4248,37,test_a,0.05969754820519646,-0.21143543254661087,0.1996053589924319
Robin_office_Addie,0,48,-0.7431695882880023,-1.1571849960031007,1.8598449133991333,4272,38,test_a,-0.08295047291939106,-0.7923365475410923,0.19899070087873497
Robin_office_Adolph,1,48,1.9888279784892706,0.48866011784411967,0.44992635297430694,4272,38,test_a,0.11156285449844594,1.5593100923005754,0.3618448501999845
Robin_office_Antonina,2,48,-0.37250581613202505,-0.1739316174061969,0.20901439850653958,4272,38,test_a,0.02389777946496352,-0.2565170029390526,0.11015689273832374
Robin_office_Dina,3,48,0.13262992003995477,0.06536852265708148,0.1089752928571764,4272,38,test_a,0.011582772138760689,0.31648145594757476,0.21231983757951142
Robin_office_Donald,4,48,-3.1130835648983446,0.3421323945124944,0.1972199450048547,4272,38,test_a,-0.05746899969001085,-3.0753173460347987,0.0582882792322853
Robin_office_Erma,5,48,-0.3060560700686058,-0.0036534255680938563,0.03835819213505301,4272,38,test_a,0.002274320989768208,-0.31621328305428437,0.0725521249081324
Robin_office_Gayle,6,48,0.6214484425941464,0.06658986917076011,0.0395531620756338,4272,38,test_a,-0.09797499406884946,0.7176635999516261,0.12243140859973291
Robin_office_Lindsay,7,48,-0.08352870515937771,0.08489692956209183,0.01557048144739337,4272,38,test_a,0.021469354614581326,-0.18160688076731665,0.10764568330871893
Robin_office_Maryann,8,48,-0.08304445373777691,-0.2573386415897403,0.12121461552397716,4272,38,test_a,0.05238463936411164,-0.33977188834326894,0.08283167657480082
Robin_office_Sammie,9,48,-0.771457110965365,-0.1667216957624381,0.12428138828353803,4272,38,test_a,0.01754642927173755,-0.8531068240543535,0.16739867212423998
Robin_office_Saul,10,48,0.36707989533759156,-0.21219267343985848,0.0979853974526111,4272,38,test_a,-0.010219331018065825,0.26588688474315225,0.13981525297479888
Robin_office_Serena,11,48,0.6583642463394315,0.014661404731062552,0.03385886272778246,4272,38,test_a,-0.0326321017661515,0.7454768846041625,0.051989543415518195
Robin_office_Shirlene,12,48,0.7817747580969205,0.1464439221114541,0.17239007528545702,4272,38,test_a,0.0372242569360377,0.7001914288426345,0.0894645921982579
Robin_office_Soledad,13,48,-0.046146405282837755,0.08837676684682567,0.2497910822513254,4272,38,test_a,-0.02090207243212272,0.14885361598080504,0.29859878696709197
Robin_office_Victor,14,48,0.4116456974788847,-0.07929633337213697,0.034387151777533737,4272,38,test_a,-0.018022545272084134,0.47368003213461507,0.11077902005790184
Robin_office_Wai,15,48,0.67606368982264,0.16793476309006414,0.06750069032801831,4272,38,test_a,0.030520463771233075,0.8482732526393423,0.19375077502430202
Robin_office_Zelma,16,48,-0.2797568821384082,-0.6339056441793218,0.648019508363794,4272,38,test_a,0.009947154149063886,-0.19876730851505187,0.11826663321813097
Robin_office_Addie,0,48,0.9818879624851427,0.004228742715592186,1.07206787968947,4296,39,test_a,0.8477421719266109,-0.42992525580705226,0.6476033052827112
Robin_office_Adolph,1,48,1.3176514148620548,0.21067968577456972,0.21198033579109976,4296,39,test_a,-0.3562166637952773,1.130739641538155,0.5804047091875874
Robin_office_Antonina,2,48,-0.6428375585819617,-0.20939258897366622,0.1071832386245563,4296,39,test_a,-0.06301994959628332,-0.3051073966425673,0.38383146638099086
Robin_office_Dina,3,48,0.2048226587774098,0.011656924344909688,0.08380486372769004,4296,39,test_a,0.13846379456236835,0.3509625722215121,0.4813693713520191
Robin_office_Donald,4,48,-2.945047895214258,0.06080424785614014,0.057592879425319175,4296,39,test_a,0.009344305197250158,-3.790152528640217,0.7244249202662189
Robin_office_Erma,5,48,-0.5648553202220088,-0.05624697497114539,0.03674226624858424,4296,39,test_a,-0.15436900698394862,-0.3569898329004711,0.17169885394846718
Robin_office_Gayle,6,48,0.7507769232194375,0.12322934227995574,0.06076857729355844,4296,39,test_a,-0.02502210339599409,0.6937900051188013,0.2767189645968784
Robin_office_Lindsay,7,48,-0.001775397491907249,0.003140577425559362,0.006144793548241341,4296,39,test_a,0.022956456192623875,-0.2300291342975288,0.18598242343431728
Robin_office_Maryann,8,48,-0.3375650555802403,0.14202144728430235,0.03383591088998975,4296,39,test_a,-0.19989661971947215,-0.029369008896218723,0.20392832982197387
Robin_office_Sammie,9,48,-0.9706562028820129,-0.1537772327234658,0.13346174405589317,4296,39,test_a,-0.13825573613038822,-0.39425793562693207,0.4925880369509912
Robin_office_Saul,10,48,0.7036278020675557,-0.1401066588393102,0.07876538231411427,4296,39,test_a,0.1557714254261835,0.5017863106410241,0.1946119339456168
Robin_office_Serena,11,48,0.2790504315332005,-0.01921572155940036,0.02419717270257653,4296,39,test_a,-0.21423924008148043,0.39604531111483793,0.2013723588398561
Robin_office_Shirlene,12,48,0.777380850808653,0.2570338662092884,0.21405916860677632,4296,39,test_a,0.07397087532045088,1.1672536183456677,0.49434557665862044
Robin_office_Soledad,13,48,0.6047103489560559,-0.29514718148857355,0.3193957252384752,4296,39,test_a,0.39322481078514926,0.23894614156268856,0.35258175817563053
Robin_office_Victor,14,48,0.5283621209561311,-0.12892992111543813,0.06994044395010247,4296,39,test_a,0.03711357959856554,0.8355430938188305,0.3559691671025403
Robin_office_Wai,15,48,0.008675786894531412,0.18869578663725406,0.048874958109840216,4296,39,test_a,-0.26813735088337465,0.41769510664056364,0.23843541785341912
Robin_office_Zelma,16,48,-0.563536812277783,-0.24119175873541585,0.16825626975374489,4296,39,test_a,-0.13170223363270062,-0.3740400087365168,0.1646396388652634
Robin_office_Addie,0,48,-0.4552072183810673,0.5904575531785667,0.7545015147034078,4344,40,test_b,-0.744383153886634,-0.5147818768081374,0.9057761732626989
Robin_office_Adolph,1,48,1.5161271648527326,-0.14185692928731441,0.11945877407257845,4344,40,test_b,-0.17432638726146488,1.0648085789110113,0.5008095531431638
Robin_office_Antonina,2,48,0.08896620943651945,-0.24226125632412732,0.10805961711419944,4344,40,test_b,0.07190946547834148,0.10508771660171197,0.3902783976076418
Robin_office_Dina,3,48,0.0660680320034408,0.04970057029277086,0.0709358058663233,4344,40,test_b,-0.07723294296013417,0.3432510260253125,0.31392107453196283
Robin_office_Donald,4,48,-3.131391032854035,0.014362017313639322,0.039493219200844955,4344,40,test_b,-0.15770019748983977,-3.897941094742708,0.9174093540766786
Robin_office_Erma,5,48,-0.35350174657884637,-0.179268604144454,0.05425960699351857,4344,40,test_b,0.036549774523558565,-0.29251497674495436,0.18817731514737535
Robin_office_Gayle,6,48,0.6668357776641329,0.1986752849382659,0.16383377215382547,4344,40,test_b,-0.10587175833642126,0.5837300807978373,0.19314647365830204
Robin_office_Lindsay,7,48,-0.10860405785061267,-0.005601527790228526,0.0032552272473305166,4344,40,test_b,-0.14304001469426741,-0.20412646000695167,0.2717293298836929
Robin_office_Maryann,8,48,-0.21811616016345436,-0.1374605051241815,0.04341806929527418,4344,40,test_b,0.26397741843172173,-0.3549792182940577,0.15229364318837577
Robin_office_Sammie,9,48,-0.8183482182185289,-0.001252554861518244,0.23532499011226746,4344,40,test_b,0.300645986700222,-0.4252938984984253,0.4212871492624874
Robin_office_Saul,10,48,0.31991129345398583,-0.005820128756264846,0.10942612067579394,4344,40,test_b,-0.21241651813906737,0.3783598932484032,0.21114217053359302
Robin_office_Serena,11,48,0.4886835462259713,-0.10953765127730246,0.030931279103124414,4344,40,test_b,0.16858623364849679,0.5793684924713141,0.21153205061053584
Robin_office_Shirlene,12,48,0.7926362561839426,-0.2533370051532984,0.3688329294447235,4344,40,test_b,0.12044619545844393,0.9358029136805048,0.5349171224420332
Robin_office_Soledad,13,48,0.46684976184319615,0.21438856733342013,0.26330638250293875,4344,40,test_b,-0.03387720979792097,0.6602187914904215,0.34065275032650877
Robin_office_Victor,14,48,0.48791665654743976,-0.00046788016334176064,0.030047234535076756,4344,40,test_b,0.054877540393601265,0.9275841284778522,0.41334758837256674
Robin_office_Wai,15,48,0.28155789994793634,0.0022710914878795543,0.012751629597026234,4344,40,test_b,0.2536345124812468,0.20049706349030672,0.20144623899034994
Robin_office_Zelma,16,48,-0.20784669258662292,-0.04172395635396242,0.03749342720035691,4344,40,test_b,0.18646734688613487,-0.2336319802894596,0.20235485221172067
Robin_office_Addie,0,48,-0.5012062503349393,-0.316027754995351,0.25814770147479343,4368,41,test_b,0.017791017478573257,-1.3500687454459246,0.6860594369219015
Robin_office_Adolph,1,48,1.6772794168424463,-0.12614855077117682,0.24546343003780424,4368,41,test_b,-0.01315490613814263,1.2697437441115789,0.47197993276257233
Robin_office_Antonina,2,48,0.17847540213261226,-0.12377433459429692,0.053848967218433796,4368,41,test_b,-0.10108230802721385,0.3990800287756957,0.1696451159258043
Robin_office_Dina,3,48,0.18519929201358387,0.052579895903666816,0.08417070409945464,4368,41,test_b,0.008047685357497336,0.33459404557857125,0.34392917111215265
Robin_office_Donald,4,48,-3.1593963242911576,-0.29258641600608826,0.16473019660705765,4368,41,test_b,-0.05865829649600762,-3.9545254028560777,0.8281605792396434
Robin_office_Erma,5,48,-0.2673068582940312,-0.13426520900490382,0.05983576657389139,4368,41,test_b,0.04468776618523396,-0.16187904477767545,0.20719408363081238
Robin_office_Gayle,6,48,1.1460282526143792,0.2042883796772609,0.10265759513761226,4368,41,test_b,0.2175457789624773,0.5503557254524605,0.24966393212220983
Robin_office_Lindsay,7,48,-0.05467432331076971,-0.08206780751546223,0.0180561428269832,4368,41,test_b,0.02770253587945315,-0.31870594159597065,0.2589688755216873
Robin_office_Maryann,8,48,-0.1531179697141789,-0.0009518321603536606,0.017353945238689338,4368,41,test_b,0.08184283051336572,-0.09266243177614297,0.16497066463716822
Robin_office_Sammie,9,48,-1.2170329960691335,-0.19618788120957711,0.23981613230421553,4368,41,test_b,-0.13387621556358154,-0.628581703529344,0.5567336361579034
Robin_office_Saul,10,48,0.34188982545357494,-0.022778618925561506,0.09011151343552974,4368,41,test_b,-0.013472314737873026,0.17194006074943846,0.17322902949470048
Robin_office_Serena,11,48,0.4133958009330707,-0.25649380369577557,0.10129949649810409,4368,41,test_b,-0.016470033065989598,0.651429587093176,0.17733677463856215
Robin_office_Shirlene,12,48,0.6036929736182644,0.15538684340814748,0.23090018369171808,4368,41,test_b,-0.06723155496780953,1.2628784597974994,0.7507411255104498
Robin_office_Soledad,13,48,0.2665976492398836,-0.06105418720593055,0.16906233914561772,4368,41,test_b,-0.019669671261925314,0.34621008833375644,0.4675907620822524
Robin_office_Victor,14,48,0.46347034117821084,-0.029701324024548132,0.01516483402937388,4368,41,test_b,0.027845353063446376,0.8586722866067281,0.4427938820809692
Robin_office_Wai,15,48,0.21165726912332528,0.015228394030903777,0.02485259910236397,4368,41,test_b,0.007539373880520395,0.3790462163126384,0.14960404597375132
Robin_office_Zelma,16,48,-0.23587440062403386,0.2964353617668773,0.2343688695712145,4368,41,test_b,0.004897115217234349,-0.0594781980593751,0.1688483926277959
Robin_office_Addie,0,48,0.3386780630838136,0.009842775257614752,0.10255083867288206,4392,42,test_b,0.4625889387189017,-0.6946183917525883,0.47031029447999195
Robin_office_Adolph,1,48,1.5969063797736482,-0.06698870686038087,0.3476223804649363,4392,42,test_b,-0.010915804306964816,1.326449531973645,0.41487641907519385
Robin_office_Antonina,2,48,-0.318441766148354,-0.08816338955269505,0.05961811906357861,4392,42,test_b,-0.28437880394612236,0.1976434651671181,0.2049595291662816
Robin_office_Dina,3,48,-0.11197268172801955,-0.0967043824493885,0.051938267812837426,4392,42,test_b,-0.08955225314969706,0.2654971810936186,0.43237241489529843
Robin_office_Donald,4,48,-2.9422876076119597,-0.4770526587963104,0.2914833999506404,4392,42,test_b,0.1183854088082188,-3.7871050089489593,0.7295655563676879
Robin_office_Erma,5,48,-0.43262749404411593,-0.08713971720620368,0.05140895175299026,4392,42,test_b,-0.07422622066412488,-0.1738962925281969,0.2242467043064186
Robin_office_Gayle,6,48,0.6043793361497867,-0.07574327662587166,0.033190497562382605,4392,42,test_b,-0.26103565231983383,0.38835001192131574,0.39886962601853587
Robin_office_Lindsay,7,48,0.00902389994878372,-0.09322988490263621,0.020950202807152134,4392,42,test_b,0.04081106873276663,-0.20298123134547671,0.15059151381022035
Robin_office_Maryann,8,48,-0.46127305868976776,0.007151704281568527,0.021818058141794532,4392,42,test_b,-0.22832777717839592,-0.29209552156848306,0.16875301518204214
Robin_office_Sammie,9,48,-0.701041570255238,0.4339635868867238,0.2900311791672549,4392,42,test_b,0.008048713114721107,-0.3699775296043233,0.5623320727299692
Robin_office_Saul,10,48,0.5789594999622274,0.11847104504704475,0.09360555427202999,4392,42,test_b,0.09387724879352866,0.4224929457693305,0.13879012661197432
Robin_office_Serena,11,48,0.43183395643627276,-0.21351031933833534,0.070720505523951,4392,42,test_b,0.011653704612610616,0.4778794276714648,0.11542320806772748
Robin_office_Shirlene,12,48,0.7198621358963508,0.41219024546444416,0.2594579980383714,4392,42,test_b,0.09397538863981336,1.2808369321965205,0.6866177317696498
Robin_office_Soledad,13,48,0.442977504633012,-0.22336370187501112,0.1808915150332643,4392,42,test_b,0.08153535315014748,0.26934665523023854,0.3140484827497199
Robin_office_Victor,14,48,0.5913563888496223,0.04338329906264941,0.0069081580417514514,4392,42,test_b,0.12895693329771207,0.8424104970606053,0.36617926747681573
Robin_office_Wai,15,48,0.1600305017082333,-0.07320570293813944,0.022871241609379405,4392,42,test_b,0.07092256068405234,0.17272501107988045,0.14118553335261655
Robin_office_Zelma,16,48,-0.4340960797734972,0.5492091440052415,0.4083905052150465,4392,42,test_b,-0.08606525809435461,-0.27386234312876073,0.12015515621276178
Robin_office_Addie,0,48,-0.059923998766498426,0.2571344655783226,0.20267219836075692,4416,43,test_b,-0.21851624516947765,-0.43037921936051077,0.5862102305654582
Robin_office_Adolph,1,48,2.18127001174039,0.20043791089362153,0.28604583898344266,4416,43,test_b,0.6872812356663878,1.6565145016198437,0.5039136095244631
Robin_office_Antonina,2,48,-0.24002335821105147,-0.16001516006266078,0.06209153896030217,4416,43,test_b,0.060735619161379595,0.02589002425943504,0.27946947008143846
Robin_office_Dina,3,48,0.1305927311256041,-0.1250260273615519,0.0640557563138564,4416,43,test_b,0.09768193990187579,0.14971083473398983,0.21514858656735367
Robin_office_Donald,4,48,-2.978799402087918,-0.021178791920344036,0.157357365703137,4416,43,test_b,-0.04612796725452384,-3.03935548325145,0.15065471717627174
Robin_office_Erma,5,48,-0.4442932589990538,0.07908850411574046,0.029891667503904002,4416,43,test_b,-0.06027257844249012,-0.21225013952442015,0.2791005108037835
Robin_office_Gayle,6,48,0.6539628960004431,0.04283508410056432,0.0441766073018918,4416,43,test_b,-0.0070272035151719425,0.5928180806628218,0.12690644133854762
Robin_office_Lindsay,7,48,-0.016532276444514382,-0.0019485453764597576,0.008227598835451655,4416,43,test_b,0.03210567893873184,-0.037266442702378194,0.10642908896943876
Robin_office_Maryann,8,48,-0.3989369756384774,0.06649020329738657,0.025181027657298738,4416,43,test_b,0.08179285216479948,-0.4973702837197309,0.11751177775428451
Robin_office_Sammie,9,48,-1.213619824966593,0.032933144636141755,0.32356736308410633,4416,43,test_b,-0.43618500947667127,-0.905741896449681,0.20168621128934555
Robin_office_Saul,10,48,0.556193910535353,0.07593495002947748,0.0721157113235011,4416,43,test_b,0.052814741748709926,0.3065021629420544,0.21341331348318304
Robin_office_Serena,11,48,0.6905278565920199,-0.0015042841938945155,0.02814548325152172,4416,43,test_b,0.11898713931396543,0.6823811168021766,0.18759308257949628
Robin_office_Shirlene,12,48,0.6063392654606992,-0.13474640153193226,0.1284353563946188,4416,43,test_b,-0.05903630783473579,0.5909362905264598,0.22950476148683074
Robin_office_Soledad,13,48,0.11299381759426019,-0.24951289718349776,0.25033172944403986,4416,43,test_b,-0.3195808024068496,0.4055163764726246,0.25771477186236313
Robin_office_Victor,14,48,0.570130469547403,-0.1822005322513481,0.08669176538286909,4416,43,test_b,-0.015297679996472358,0.5660119427945767,0.08256854695955633
Robin_office_Wai,15,48,0.2356431490736336,-0.05106659148198863,0.019068892940222848,4416,43,test_b,0.030091345104437006,0.28526068473252253,0.14368384199744438
Robin_office_Zelma,16,48,-0.42320800482145704,0.09826818469446152,0.10162291847207354,4416,43,test_b,-0.048796948832041886,-0.1972943941299143,0.18935275161494466
Robin_office_Addie,0,48,-0.4894437028713622,0.23187362278501192,0.20313921837416407,4440,44,test_b,-0.27251253099889833,-0.5606815185832713,0.34343108382891663
Robin_office_Adolph,1,48,1.9064545002040636,0.2619958253732572,0.28861598269203376,4440,44,test_b,0.19794935323626706,1.5716912649217594,0.35121120890622565
Robin_office_Antonina,2,48,0.10618050686752767,-0.18745212676003575,0.05408632675431507,4440,44,test_b,0.15006423560359738,0.18378370928262763,0.2774300788426191
Robin_office_Dina,3,48,0.15827081803620757,0.024334206401060026,0.06546762025073503,4440,44,test_b,-0.045839294655897866,0.3754645555560332,0.19901751709214932
Robin_office_Donald,4,48,-2.967722038198696,0.36454953749974567,0.2265037918952378,4440,44,test_b,-0.018085023988700488,-2.9784303744113974,0.1159750129371994
Robin_office_Erma,5,48,-0.34218685832709783,-0.054690907592885196,0.023601481323362233,4440,44,test_b,0.01366878947019945,-0.41943782626087023,0.09743109846807521
Robin_office_Gayle,6,48,0.7058740938987733,0.16292718891054392,0.06929805384698078,4440,44,test_b,0.04425076874878053,0.7016747705399281,0.05640807515813982
Robin_office_Lindsay,7,48,-0.07203432350934158,0.044875906159480415,0.005750667907990688,4440,44,test_b,0.023642164877667238,-0.18873129660754925,0.06760447769258854
Robin_office_Maryann,8,48,-0.48835739530703215,-0.09730554469084989,0.03544024326147519,4440,44,test_b,0.004340965503816241,-0.4371027417028183,0.0900449672939766
Robin_office_Sammie,9,48,-1.0805209736259118,-0.4879956855826701,0.5202436496521893,4440,44,test_b,0.06264025241133742,-1.2400850097722167,0.21681701709304196
Robin_office_Saul,10,48,0.4365900888312466,-0.402836087004592,0.39405789848710243,4440,44,test_b,0.0073229612213845385,0.3018438563366231,0.12484226424907335
Robin_office_Serena,11,48,0.5266305571536543,-0.27546240428152186,0.15860489340113515,4440,44,test_b,-0.07701512884898698,0.6783829094413001,0.09919742232183873
Robin_office_Shirlene,12,48,0.6850533661656635,-0.32684537888659787,0.24255467211448933,4440,44,test_b,-0.057153648196243356,0.6348531627672084,0.14025586031095225
Robin_office_Soledad,13,48,0.008181589250327415,-0.41812065181632835,0.47114755905448774,4440,44,test_b,-0.2164368495465574,0.3175700081241026,0.2993280550383508
Robin_office_Victor,14,48,0.6087680423115687,-0.2766366155507664,0.130880190647856,4440,44,test_b,0.0026881745536817547,0.5939863188657308,0.08743533265507931
Robin_office_Wai,15,48,0.4892527372737431,-0.05341048322346372,0.03142142935186972,4440,44,test_b,0.15521438878728788,0.44257345759883454,0.12264078254071671
Robin_office_Zelma,16,48,-0.3218953650906129,-0.24656344224543622,0.2316429899588673,4440,44,test_b,-0.006020065261584051,-0.2059662803917863,0.11094382396063725
Robin_office_Addie,0,48,-0.28187103900808874,-0.3454073984563972,0.8069602524288776,4464,45,test_b,0.10640230273727541,-0.8879083905345447,0.42911285015546596
Robin_office_Adolph,1,48,1.7697272225134022,0.45360603001123917,0.43203962772020194,4464,45,test_b,-0.01367512427801576,1.1624937076853785,0.718547969523811
Robin_office_Antonina,2,48,0.049821454899729445,-0.12045231120040019,0.03653707257457411,4464,45,test_b,-0.07365645366828588,0.27413056062159874,0.18631793711049688
Robin_office_Dina,3,48,0.1319097661790929,0.2570970199691753,0.116044650648321,4464,45,test_b,0.021297915302204595,0.3740161341569337,0.371687465950758
Robin_office_Donald,4,48,-3.1133210194955785,0.13821028172969818,0.08252009696586171,4464,45,test_b,-0.018140935886055587,-3.9332029294748025,0.8055385896960454
Robin_office_Erma,5,48,-0.530426735075248,-0.0639108371688053,0.029738047574942698,4464,45,test_b,-0.09264410856088989,-0.38826843530776856,0.18704044023988056
Robin_office_Gayle,6,48,0.6769841950734381,0.10229839726040761,0.07434435540865357,4464,45,test_b,0.06670329117364249,0.32359098916476187,0.261831653537946
Robin_office_Lindsay,7,48,-0.1573181851331994,0.04614897941549619,0.008537548716081403,4464,45,test_b,-0.0524894032835056,-0.3293304757474325,0.2377691709003948
Robin_office_Maryann,8,48,-0.3038706447679974,-0.1832732401865845,0.04757024377637983,4464,45,test_b,0.10580690937639192,-0.39276167348767504,0.13825891665267975
Robin_office_Sammie,9,48,-1.2794311738779267,-0.3342155939899385,0.22439933192463526,4464,45,test_b,-0.7148809131076761,-0.38365192295637335,0.6556421104507495
Robin_office_Saul,10,48,0.4498040718916816,-0.3283171235913566,0.23682356713339284,4464,45,test_b,-0.11118701924352248,0.3447143377677901,0.13935822956803604
Robin_office_Serena,11,48,0.5539355789984214,-0.31239116673047346,0.2092214469131799,4464,45,test_b,0.05592047578404036,0.67625590610839,0.13884596635386243
Robin_office_Shirlene,12,48,0.8452301774483899,0.061773161171004176,0.11124909179299787,4464,45,test_b,0.18504410510589864,1.1466452223104024,0.5391345553876374
Robin_office_Soledad,13,48,0.25058726252891694,-0.12928107272212705,0.27297664281211337,4464,45,test_b,0.17554282795832843,0.5158082856952607,0.4943260975955886
Robin_office_Victor,14,48,0.7558241671348611,-0.11722277135898669,0.07974043996668749,4464,45,test_b,0.15976905614419934,0.9800698487079972,0.4241375025527802
Robin_office_Wai,15,48,0.3235445985720835,-0.04236068437846067,0.03425402609726374,4464,45,test_b,0.03324648341008285,0.4246637717628406,0.11669260722892251
Robin_office_Zelma,16,48,-0.324697387289099,0.13404708844609559,0.04831577447820335,4464,45,test_b,0.08589475164135107,-0.20274543556595778,0.13283552894733702
Robin_office_Addie,0,48,-0.45125670947398033,-0.9163987421973919,1.4819739956273512,4488,46,test_b,-5.830008568930012e-05,-0.673577068904224,0.3397931123480861
Robin_office_Adolph,1,48,1.177939145015088,0.4259753758087754,0.3085511964518898,4488,46,test_b,0.07708575444923316,1.060085043194004,0.4149054226360122
Robin_office_Antonina,2,48,0.13187727890236345,-0.013866005542998513,0.03264813583346017,4488,46,test_b,0.07710812422674118,0.15311058750949028,0.11062536307828294
Robin_office_Dina,3,48,0.2775325257089589,0.15328223448401937,0.09531212980835746,4488,46,test_b,0.12227953984890139,0.2797258399675902,0.34844060885841166
Robin_office_Donald,4,48,-3.0828218594050574,0.02713977297147115,0.059801431033534413,4488,46,test_b,0.009982596949684286,-3.9733283541363673,0.8539088355262378
Robin_office_Erma,5,48,-0.4434895021374219,0.11657554749399424,0.02389765926948685,4488,46,test_b,0.00024545287318894493,-0.46678500824891817,0.20492281380923905
Robin_office_Gayle,6,48,0.6272425426041897,0.0711503546917811,0.056584995767149336,4488,46,test_b,-0.005548151959983594,0.4698368885493002,0.2791026507918471
Robin_office_Lindsay,7,48,-0.3934404432962644,-0.006852089116970698,0.0016304928406799164,4488,46,test_b,-0.08365631766369497,-0.3889680169123791,0.1491579920647201
Robin_office_Maryann,8,48,-0.4753453339728695,0.01965488384788235,0.016298672464770705,4488,46,test_b,-0.06854435635753175,-0.38099811056224686,0.16615364744448324
Robin_office_Sammie,9,48,-1.2523220224358202,-0.2552367552028348,0.16609977432804932,4488,46,test_b,-1.1868298837939872,-0.2682190088140031,0.44860075186782467
Robin_office_Saul,10,48,0.2939871544007291,0.0484935542238721,0.14701361786057615,4488,46,test_b,-0.24286030113865298,0.42104416478249806,0.14367768940888662
Robin_office_Serena,11,48,0.9723650643789085,0.03453559521585703,0.0643584890221247,4488,46,test_b,0.21080130649812456,0.8513415081793584,0.20039414470592737
Robin_office_Shirlene,12,48,0.9944922400312792,0.053102528133119144,0.14393328042650042,4488,46,test_b,0.34818607184426065,1.0864653714131398,0.49214347622657706
Robin_office_Soledad,13,48,0.4781360783661621,0.1806433772338399,0.15644561835181997,4488,46,test_b,0.2701247982536499,0.6526979871286437,0.6710785285810681
Robin_office_Victor,14,48,0.850821090943892,-0.11454590285817783,0.0709459048517545,4488,46,test_b,0.12453104338084908,0.9658257234317734,0.33073076572272475
Robin_office_Wai,15,48,0.16026725427028166,-0.09253147620862971,0.038571262690333875,4488,46,test_b,0.028857134072666768,0.19308571322047952,0.10742613668193475
Robin_office_Zelma,16,48,-0.18159438293283703,0.09791093575768173,0.03156468939541813,4488,46,test_b,0.1977063223702209,-0.2578784721580775,0.14186466541951506
Robin_office_Addie,0,48,0.8083328651196574,-0.12757798905173937,0.16653026939099838,4512,47,test_b,0.6139792307426866,-0.1747671775360362,0.6654256394149801
Robin_office_Adolph,1,48,1.1283845261627106,0.011483258994606635,0.10619122211505859,4512,47,test_b,0.19931630946470613,0.6657780020238648,0.4049727792656905
Robin_office_Antonina,2,48,-0.2819225559782509,-0.08501677944635351,0.04788343794045424,4512,47,test_b,-0.19154144735656567,-0.0350086074567758,0.21784727960934877
Robin_office_Dina,3,48,0.038791090976563414,-0.16101301240269095,0.07811140904512053,4512,47,test_b,-0.12109332959261354,0.2203940119173088,0.19836298832212299
Robin_office_Donald,4,48,-2.9359100515001915,-0.00032523274421691895,0.07110067675616942,4512,47,test_b,0.013669492799019967,-3.743284264397584,0.7858958833055754
Robin_office_Erma,5,48,-0.6327219331382058,0.08742098230868578,0.02827339988562673,4512,47,test_b,-0.09237319415383605,-0.569201054232558,0.13327016356485866
Robin_office_Gayle,6,48,0.698744435166369,0.01752436630583058,0.03271356608287739,4512,47,test_b,0.007171706576676984,0.5059082911909888,0.22434811279846723
Robin_office_Lindsay,7,48,-0.19488507956394052,0.018396808455387752,0.0043047322871239135,4512,47,test_b,0.11935087939005473,-0.36868318816381757,0.12160384678216042
Robin_office_Maryann,8,48,-0.8056369210377543,0.06980200643495967,0.021647179832441552,4512,47,test_b,-0.17105693019222856,-0.4340162118126584,0.2425426323556771
Robin_office_Sammie,9,48,-0.7208771809999689,-0.12160609903124471,0.15697890886270027,4512,47,test_b,-0.18393177551792428,-0.21038859119548756,0.49032551800024227
Robin_office_Saul,10,48,0.7964529849226918,0.1466240684967488,0.23527037171907872,4512,47,test_b,0.19023578471152836,0.5250876496938252,0.22155475006664144
Robin_office_Serena,11,48,0.5442217828203755,-0.11872526654042304,0.05893158547641366,4512,47,test_b,-0.2164175494206767,0.6414726796438971,0.28224183893003885
Robin_office_Shirlene,12,48,0.8340310840927021,0.04862818013255795,0.2829834888263017,4512,47,test_b,0.09534746255816695,1.0065179056482594,0.4527366062198385
Robin_office_Soledad,13,48,0.4454018749695583,0.03838550752455679,0.0755205528837391,4512,47,test_b,0.01277816292162992,0.6775917065351589,0.302366815701402
Robin_office_Victor,14,48,0.9146496427744268,0.08856363008574893,0.07564651582440998,4512,47,test_b,0.04443440175958324,1.2238454993557386,0.43241384182400605
Robin_office_Wai,15,48,-0.01594982186059174,-0.1301097406928117,0.03888192650808856,4512,47,test_b,-0.008199741267266636,0.19828886615846705,0.1764173912460405
Robin_office_Zelma,16,48,-0.6137274130212425,-0.030198299170782168,0.028307921778230393,4512,47,test_b,-0.16922069422050745,-0.3559966438803415,0.19281985971964705
Robin_office_Addie,0,48,-0.23264235565638286,-0.19636031589470804,0.2110763896436283,4536,48,test_b,-0.5271950778885166,-0.10707729506786075,0.5604663071160978
Robin_office_Adolph,1,48,1.827089804521858,-0.2840520363145818,0.19382009329207264,4536,48,test_b,0.5019598801672065,0.7772343848677403,0.465079545219365
Robin_office_Antonina,2,48,-0.0530582271189326,-0.07037827038827042,0.04721216850885249,4536,48,test_b,0.10165259168818741,0.029673270737954782,0.185486827388851
Robin_office_Dina,3,48,0.016530644101292014,-0.09863869038720925,0.040835162174080654,4536,48,test_b,0.010350183347231035,0.36843736947775657,0.3446338565310989
Robin_office_Donald,4,48,-2.9433978441884903,-0.200563778479894,0.12717702580463217,4536,48,test_b,0.03503767370234234,-3.7414685414153688,0.8125163785258409
Robin_office_Erma,5,48,-0.3639109326664097,-0.035893427984168134,0.03080079912953881,4536,48,test_b,0.17423441556568287,-0.5208674309787903,0.17677052531102722
Robin_office_Gayle,6,48,0.5989652799621452,0.10256468419296046,0.03104187391076543,4536,48,test_b,-0.05292205587236709,0.5337951457503323,0.245406146489358
Robin_office_Lindsay,7,48,-0.13530141295451648,0.056281144420305886,0.010205523117743956,4536,48,test_b,0.03758522350221338,-0.3945278406034593,0.17168171517131042
Robin_office_Maryann,8,48,-0.4238094227689523,0.021704097782882553,0.02388477448434541,4536,48,test_b,0.23758853105688515,-0.5913681985926943,0.1410006604453904
Robin_office_Sammie,9,48,-1.4550685285239622,-0.2278914280080547,0.22767666735077494,4536,48,test_b,-0.772414144669009,-0.4355140431138855,0.5616693172543529
Robin_office_Saul,10,48,0.37652657004245516,1.0481264667275052,2.519070687001119,4536,48,test_b,-0.2424309612771176,0.5862287511527735,0.15081536339168178
Robin_office_Serena,11,48,0.7296511641952352,-0.14706670025285953,0.058602770091220065,4536,48,test_b,0.11555483719197923,0.5710581939015683,0.15499800653065932
Robin_office_Shirlene,12,48,0.9540568587118323,0.390098521951586,0.3301863037568005,4536,48,test_b,0.1756052844453475,1.277786719083904,0.5311606937118398
Robin_office_Soledad,13,48,0.2459124911542252,-0.12311405983443062,0.08821382840850887,4536,48,test_b,-0.2063090886945813,0.5088309652942588,0.23650437607979835
Robin_office_Victor,14,48,0.7531481795797965,0.24759057137028626,0.1062599329766828,4536,48,test_b,0.025716313573225902,1.0839261723357965,0.3326527349770337
Robin_office_Wai,15,48,0.22616667073065233,-0.10075900847247492,0.022247489036626242,4536,48,test_b,0.0907169784878043,0.2485551647897487,0.2307618144871467
Robin_office_Zelma,16,48,-0.26277252034293563,0.2625827840529382,0.12025842765773535,4536,48,test_b,0.19793407277926867,-0.42083358112874275,0.12757242347254705
Robin_office_Addie,0,48,0.39091121661323797,-0.2358251973055303,0.16954966565135332,4560,49,test_b,0.41590838924881196,-0.3744358543892174,0.4528183702815182
Robin_office_Adolph,1,48,1.8209036171141362,-0.4646991679522519,0.2843832917526435,4560,49,test_b,0.27411575465109794,1.0938512818680766,0.39995296913039324
Robin_office_Antonina,2,48,-0.30061942696720617,-0.14446178412375352,0.04749113424289151,4560,49,test_b,-0.10745494642220593,-0.002785769326398705,0.21883816041418316
Robin_office_Dina,3,48,0.027005004170224556,-0.12605556721488634,0.03561605078371932,4560,49,test_b,0.11630964656383824,0.39326029860904993,0.3812368765272083
Robin_office_Donald,4,48,-2.9499178344497654,-0.47358325123786926,0.2753580375583577,4560,49,test_b,0.06127587797444267,-3.6499519374228613,0.6717407813058434
Robin_office_Erma,5,48,-0.5785543217199033,-0.06520176321888964,0.03765993999932025,4560,49,test_b,-0.09557173566274135,-0.5181017468805631,0.14995565894828625
Robin_office_Gayle,6,48,0.4037552530034576,0.05532442033290863,0.010980629396208919,4560,49,test_b,-0.0846439509186232,0.4691865947721918,0.21995197789425064
Robin_office_Lindsay,7,48,-0.051852701033222925,-0.06253623341520627,0.008318952915544816,4560,49,test_b,0.0758082875704511,-0.2793882042141605,0.0918235484210094
Robin_office_Maryann,8,48,-0.5314127304253081,0.11674478774269421,0.035446732939149905,4560,49,test_b,-0.11064463814383563,-0.4762189742266416,0.19520992570533835
Robin_office_Sammie,9,48,-0.6457285871347958,-0.17414799829324087,0.18772922455140062,4560,49,test_b,-0.4266794763659819,-0.19798260118370636,0.5432274670254104
Robin_office_Saul,10,48,0.6839836291285704,2.5265588015317917,6.993359682405817,4560,49,test_b,0.09473698162664923,0.5129742029653421,0.1928255069899347
Robin_office_Serena,11,48,0.45643704640951555,-0.2542928153610167,0.10467038374838662,4560,49,test_b,-0.09737984078408035,0.6918288395159674,0.17869725764352906
Robin_office_Shirlene,12,48,0.8995491642516349,-0.07504253461956978,0.030711435047184283,4560,49,test_b,0.07325270353213931,0.7795495917792071,0.18535738762797865
Robin_office_Soledad,13,48,0.38370724960443403,-0.18514597540100416,0.12416528986735549,4560,49,test_b,0.028262691854710198,0.5527561263476289,0.3125850354937013
Robin_office_Victor,14,48,0.33976017116610713,0.06813695778449376,0.016361508088276633,4560,49,test_b,-0.056279782514985666,0.8511685343894677,0.4668172463503244
Robin_office_Wai,15,48,0.22531334450374874,-0.08731058992755909,0.01990985053584723,4560,49,test_b,0.0027005649977931423,0.3227156537449179,0.1398553959173511
Robin_office_Zelma,16,48,-0.5296137113642205,0.13299309726183614,0.053022465504488164,4560,49,test_b,-0.09365712178363772,-0.35695441120554233,0.16839366212866547
Robin_office_Addie,0,48,-0.6907849228144901,-0.12477552130197485,0.18019105888327305,4584,50,test_b,-0.5088720862981713,-0.4042383055498693,0.49234259225029986
Robin_office_Adolph,1,48,1.3849051046429772,-0.05032319625994811,0.10021430930193083,4584,50,test_b,-0.16128117907074446,1.503373289921351,0.24965513081781018
Robin_office_Antonina,2,48,-0.24850994671912363,-0.16988157134619541,0.07120922532937746,4584,50,test_b,0.061780871923524994,-0.09961159074368149,0.2185148183087342
Robin_office_Dina,3,48,0.0051531948193086485,-0.08484562796850999,0.08075382047660623,4584,50,test_b,0.18053911529419087,0.13160550042131644,0.17182659815521306
Robin_office_Donald,4,48,-2.74605907694363,0.018686622381210327,0.16478438927650055,4584,50,test_b,0.19213735673452348,-2.886338522737192,0.09586598988275717
Robin_office_Erma,5,48,0.03197090570587413,0.005084150237962604,0.018409515890611548,4584,50,test_b,0.2977165348909838,-0.04597535741244812,0.2753955760053119
Robin_office_Gayle,6,48,0.4052820796617769,0.1775311608798802,0.08382415604282971,4584,50,test_b,0.14267296130398965,0.2553539329634287,0.09437443756447182
Robin_office_Lindsay,7,48,-0.029121772168350435,0.0665129025777181,0.022088557639729018,4584,50,test_b,-0.02079875109917928,0.037450531294521895,0.11540182657746834
Robin_office_Maryann,8,48,-0.3704821879986713,-0.1074079015913109,0.039449595861308605,4584,50,test_b,0.15433735804548498,-0.640885789499286,0.1726449553794686
Robin_office_Sammie,9,48,-1.0215656558280743,-0.5185918334561089,0.47659285995467365,4584,50,test_b,-1.2575298503525794,-0.9282335222296076,0.36373190270757555
Robin_office_Saul,10,48,-0.08304324989650036,1.2047239045302074,1.7699066199685543,4584,50,test_b,-0.5518980863019811,0.05770540656049414,0.2956674034523845
Robin_office_Serena,11,48,0.901066980245571,-0.18954274586091438,0.061025251538064505,4584,50,test_b,0.2557885544351748,0.7499421342681415,0.187580650156261
Robin_office_Shirlene,12,48,0.709473651737458,-0.09665163358052571,0.08819252043879293,4584,50,test_b,0.06056463342447804,0.6964525789606982,0.20628946671157258
Robin_office_Soledad,13,48,0.7266675148653312,0.1067320303991437,0.32247415768844695,4584,50,test_b,0.244761617290554,0.8377903279656183,0.28418163727730555
Robin_office_Victor,14,48,0.3622722633283084,-0.1306904942418138,0.06956276822940294,4584,50,test_b,0.1460085457228335,0.3104874942570132,0.08590281373878378
Robin_office_Wai,15,48,0.46474985844198735,-0.0609397766723608,0.011297003749243188,4584,50,test_b,0.15774778441805826,0.4300313267648546,0.14328001675145732
Robin_office_Zelma,16,48,0.11897096304579047,-0.1555287347485622,0.0682514400623362,4584,50,test_b,0.4492802318683624,0.007266795508094721,0.25676823973539725
Robin_office_Addie,0,48,-0.6429246456545932,-0.28631576092448086,0.3165420422303458,4608,51,test_b,0.1746769657163243,-0.9451305748903033,0.20571018427087695
Robin_office_Adolph,1,48,1.485927614251637,0.19894491559049735,0.1522956774916355,4608,51,test_b,0.07688050044152894,1.2829118383608014,0.21258234483458063
Robin_office_Antonina,2,48,-0.3527486335847382,-0.19171700792503543,0.0820328016562009,4608,51,test_b,-0.06787108892939059,0.04616455510921882,0.19698010828301277
Robin_office_Dina,3,48,0.27336006747493413,0.11050099153847744,0.08753794184717521,4608,51,test_b,0.3155989036141875,0.11112490291154874,0.1719721797875744
Robin_office_Donald,4,48,-2.848151564557017,0.43311675389607746,0.2828170444734302,4608,51,test_b,0.06067075375029862,-2.8692446940260914,0.05332820036675113
Robin_office_Erma,5,48,0.05889633941795758,0.018176733050495386,0.012552407246908384,4608,51,test_b,0.034069955037264954,-0.07022927638658874,0.08982255070331378
Robin_office_Gayle,6,48,0.23353250630062572,0.3122392678633332,0.13800784282081205,4608,51,test_b,0.1376253654453936,0.17992328257919318,0.08141720179460683
Robin_office_Lindsay,7,48,-0.01475334023397834,0.16169036676486334,0.0343300036834305,4608,51,test_b,-0.0008258350381640245,-0.0956053373705793,0.07866904599506709
Robin_office_Maryann,8,48,-0.3371233425614899,-0.2670195029738049,0.10533984482496683,4608,51,test_b,0.09317662476080557,-0.5375385441108294,0.0921420976883977
Robin_office_Sammie,9,48,-1.3493494432413033,-0.7559695260909697,0.8176616391645357,4608,51,test_b,-1.5572697565370863,-0.7419484693659658,0.32841785870133006
Robin_office_Saul,10,48,-0.1015284768239555,0.9841269676884016,1.2887076044008188,4608,51,test_b,-0.21863819099151138,-0.13711158622179676,0.16739577382397425
Robin_office_Serena,11,48,0.8686476782954989,-0.08343974004189174,0.04848752580421314,4608,51,test_b,-0.07550140395528604,0.987527898754973,0.1286086777040731
Robin_office_Shirlene,12,48,0.893738540845987,-0.12759918362523118,0.18922027499135444,4608,51,test_b,0.3688199805513648,0.5918070299506094,0.13172062753973185
Robin_office_Soledad,13,48,0.6869644440971698,0.5294502216371862,0.5416292780309331,4608,51,test_b,0.08903252684170204,0.9356128757117886,0.32429480535542876
Robin_office_Victor,14,48,0.39826605294788053,-0.21691567807768783,0.15099799096867844,4608,51,test_b,0.19659247314138306,0.35977845681563414,0.10104653827930749
Robin_office_Wai,15,48,0.5353110234398001,0.020896353137989838,0.024693079407040464,4608,51,test_b,0.1293285317021141,0.5680932078042478,0.12422682289787608
Robin_office_Zelma,16,48,0.12045666520848775,-0.40907176948773366,0.23928888444945948,4608,51,test_b,0.15095828154248192,0.18242887938134553,0.14754632614086124
Robin_office_Addie,0,48,-0.3295216907497295,0.4676251640181969,0.3578134849240778,4632,52,test_b,0.28256888571334804,-0.9533473868197175,0.33340170757883386
Robin_office_Adolph,1,48,1.3215851564085792,0.1673000996876605,0.13647087533731822,4632,52,test_b,0.04518411418249291,0.9022168355262953,0.4805688744196077
Robin_office_Antonina,2,48,0.04322768821671852,0.29443928560552496,0.10642135105278445,4632,52,test_b,0.2317358629980854,-0.04211328943544355,0.18930179064303967
Robin_office_Dina,3,48,-0.029257773935770226,0.1802536730732148,0.07173634962662263,4632,52,test_b,-0.03931975103056784,0.28442836568947055,0.47015804633461267
Robin_office_Donald,4,48,-2.8136385712443435,0.1176406741142273,0.07936686920785974,4632,52,test_b,0.08629644958637517,-3.547211257151234,0.6942638840289227
Robin_office_Erma,5,48,-0.24965701342424795,-0.018165365016708773,0.009427636735340366,4632,52,test_b,-0.17804028824298468,-0.030737488973418863,0.15659272725885592
Robin_office_Gayle,6,48,0.037531898738030645,0.24884144744525352,0.14408609266690797,4632,52,test_b,0.04147331747441596,-0.0776826661582402,0.2710061134046669
Robin_office_Lindsay,7,48,-0.057989852287874455,0.06279415761431058,0.007876256538266402,4632,52,test_b,-0.04364697453030797,-0.18074807172870935,0.1332791084476274
Robin_office_Maryann,8,48,-0.32237602134575827,0.10060188360512257,0.03478574202875856,4632,52,test_b,0.06313485375585115,-0.24804993689815916,0.1435601461665886
Robin_office_Sammie,9,48,-1.2843640160410699,-0.35026113052542013,0.27431997890011295,4632,52,test_b,-1.3237923150313873,-0.19924773771029658,0.5939341834881917
Robin_office_Saul,10,48,-0.06742176877567863,0.40229375163714093,0.5912908098344012,4632,52,test_b,-0.1786053557344025,0.04091866077675477,0.22039253092649758
Robin_office_Serena,11,48,0.7064759118645233,0.1755781522175918,0.06838538476034613,4632,52,test_b,-0.08692450348639791,0.7507317122333843,0.2100784923529397
Robin_office_Shirlene,12,48,0.9503688899853608,-0.07991845482805122,0.10864637928493852,4632,52,test_b,0.34608775964113536,1.079224509762802,0.4757078199357751
Robin_office_Soledad,13,48,1.1721617376606694,0.11992164921442357,0.12458402504962063,4632,52,test_b,0.3859414570602886,0.7410640524831044,0.3515449245526505
Robin_office_Victor,14,48,0.4860685588539426,-0.055244993534870446,0.058222759152506,4632,52,test_b,0.21998256220905232,0.871075006421362,0.48028021146974176
Robin_office_Wai,15,48,0.21623190729519381,0.1762599047894279,0.05048148934295867,4632,52,test_b,-0.0980540131412021,0.38075906268059095,0.13974828625120028
Robin_office_Zelma,16,48,0.12939459254275287,-0.15876733123635253,0.09660274845940187,4632,52,test_b,0.15133017375675029,0.047338076389838314,0.1883970196981725
Robin_office_Addie,0,48,-0.6081821015869169,-0.2075167204226697,0.2757434519941797,4656,53,test_b,-0.06317274449948451,-1.0090816970374012,0.3696285529994104
Robin_office_Adolph,1,48,1.2742141495278896,0.2318153516256037,0.18100187179663782,4656,53,test_b,0.1193806089065983,0.7962317683931355,0.4518771619583953
Robin_office_Antonina,2,48,-0.1746809001834721,0.022447165412207443,0.021113318200855782,4656,53,test_b,-0.07989828441831753,-0.058673551599497435,0.1114600946516204
Robin_office_Dina,3,48,0.20994223847681925,0.1998256193473935,0.09604231703035976,4656,53,test_b,0.32529636463885936,0.03507781580465619,0.18727897991808873
Robin_office_Donald,4,48,-2.8153420904668147,0.0887692670027415,0.05869312344885221,4656,53,test_b,0.13308041908013601,-3.6312401175381694,0.8093405907993604
Robin_office_Erma,5,48,-0.07009709595948488,-0.005451883965482314,0.008614765711923074,4656,53,test_b,0.10750091210663582,0.04062022286976288,0.23102190978829515
Robin_office_Gayle,6,48,0.2890739771515569,0.34883252407113713,0.3024697218273497,4656,53,test_b,0.2298117592498996,-0.10076054941985106,0.22269339071580185
Robin_office_Lindsay,7,48,-0.11929949863583778,0.05976596723000208,0.005119049160122291,4656,53,test_b,-0.05144022581564889,-0.18924729225447265,0.12694783357173287
Robin_office_Maryann,8,48,-0.422705938083484,0.05499876771743099,0.016835976295796345,4656,53,test_b,-0.02187431090477665,-0.23595295439885952,0.16643142498317928
Robin_office_Sammie,9,48,-1.1735472234304705,0.16192446559822807,0.14482239464663269,4656,53,test_b,-1.251516476639431,0.041471005359263936,0.5096156415662888
Robin_office_Saul,10,48,0.06670574144573349,1.2410881494482358,1.8662192747052648,4656,53,test_b,-0.09085120500099331,0.013065788825435631,0.11409176800555781
Robin_office_Serena,11,48,0.8914141293910017,0.17619926948100328,0.05994858624485803,4656,53,test_b,0.08451387065212002,0.8094355724069066,0.13250536268825952
Robin_office_Shirlene,12,48,0.7580793746107843,0.02170176311240842,0.04696067280699845,4656,53,test_b,0.17798926798116743,1.165955699743508,0.5170683363069495
Robin_office_Soledad,13,48,0.41689742401123775,0.10092394232439499,0.09013287483947784,4656,53,test_b,-0.42845836221505595,0.8139521025467208,0.31585509611738183
Robin_office_Victor,14,48,0.9267397771264241,0.1762144398332263,0.07571744111393626,4656,53,test_b,0.460848575180955,0.9677743482867216,0.41609159827212805
Robin_office_Wai,15,48,0.3827768132528033,0.061499730800278485,0.014477411896023827,4656,53,test_b,0.16229452430979696,0.29216219237758273,0.08140128987704912
Robin_office_Zelma,16,48,-0.003917930954825621,0.04730798459301392,0.03419009738466276,4656,53,test_b,0.04342424908720521,0.08649780210634438,0.10637091137384894
Robin_office_Addie,0,48,-0.5134359312239734,-0.20115663848506907,0.2727795714284181,4680,54,test_b,0.0008487627261339892,-0.9957006592958404,0.3666443153381238
Robin_office_Adolph,1,48,1.2672884982116446,0.35808355920016766,0.2073072275677835,4680,54,test_b,0.2277284527780663,0.831218513838743,0.42194940588815005
Robin_office_Antonina,2,48,-0.13370550967916017,-0.14096163989355168,0.06562878395610172,4680,54,test_b,0.04505246951212244,0.015475531276699197,0.1528032803824324
Robin_office_Dina,3,48,0.2510173749097402,0.2823685232239465,0.14758734675454208,4680,54,test_b,0.17516371686267385,0.18317844127052074,0.319929256625758
Robin_office_Donald,4,48,-2.569241999040542,-0.009734034538269043,0.052045068825179897,4680,54,test_b,0.2390117909409959,-3.5414826544892875,0.7268881333173506
Robin_office_Erma,5,48,0.03595484393620918,-0.04824861189505706,0.019200716646223522,4680,54,test_b,0.09181439347575515,0.07716042676598683,0.23632575815944
Robin_office_Gayle,6,48,-0.24837018052903503,0.25544955721125007,0.21835970015160852,4680,54,test_b,-0.18121277810960223,-0.07407648720678246,0.3089015428421726
Robin_office_Lindsay,7,48,0.07597349680924359,-0.022625494748353958,0.00334039900944035,4680,54,test_b,0.10623839634279708,-0.1647784043903465,0.13157607189516657
Robin_office_Maryann,8,48,-0.1606708046592935,0.01817275779709841,0.020067245133952426,4680,54,test_b,0.26076305302729796,-0.30212148974888015,0.12298644486310666
Robin_office_Sammie,9,48,-1.64262281897927,0.2614183616048346,0.14161880429112436,4680,54,test_b,-1.2690657823358364,-0.2771108904766806,0.44756184603227844
Robin_office_Saul,10,48,-0.25219012481877146,0.6205203284819921,0.4590068221920885,4680,54,test_b,-0.2704750213629423,-0.041432087718687664,0.14712668324784556
Robin_office_Serena,11,48,0.5232639333079746,0.024917700711133268,0.027580547262583455,4680,54,test_b,-0.21759469401877618,0.7471498433896505,0.19430608523608697
Robin_office_Shirlene,12,48,0.9670857978434606,-0.08505732732980202,0.09908620564194397,4680,54,test_b,0.27317679395605254,1.1765496610167674,0.4047038625747092
Robin_office_Soledad,13,48,0.8718642177804568,0.004930565211301048,0.077214799448359,4680,54,test_b,0.02263742417830228,0.8173041927008861,0.3106807281151895
Robin_office_Victor,14,48,0.7458336668219094,-0.0688276905566454,0.03992471705700441,4680,54,test_b,0.1653735398681444,0.8999425236314877,0.23140448459854399
Robin_office_Wai,15,48,0.4354604358221851,0.0004763163548583786,0.006331770990078149,4680,54,test_b,0.07731242627206025,0.3613417962630842,0.11645021362815304
Robin_office_Zelma,16,48,0.2566117353686388,-0.0958668024201567,0.06181504737657381,4680,54,test_b,0.20516530558352897,0.12181318856415844,0.12437858309404144
Robin_office_Addie,0,48,0.015840442794331278,0.48967256352261757,0.37186376270076477,4704,55,test_b,0.2771491975238852,-0.7047087613069559,0.3566663865227625
Robin_office_Adolph,1,48,1.1794591537192103,-0.14724733478700122,0.17210076455152248,4704,55,test_b,0.15230670423181647,0.6359710905946131,0.38490190202724534
Robin_office_Antonina,2,48,-0.16856705976436095,-0.3300906481454149,0.21495798961292834,4704,55,test_b,0.006697826160036419,0.013482857313499077,0.18434539675875555
Robin_office_Dina,3,48,0.12024590684771552,-0.03316783796374997,0.0961145180314316,4704,55,test_b,-0.04186126112648636,0.09559585109412773,0.18564403920781444
Robin_office_Donald,4,48,-2.5366699383523024,-0.24865739544232687,0.11656922264174814,4704,55,test_b,0.08138864898982945,-3.3281274919295836,0.7593183314845768
Robin_office_Erma,5,48,0.019803606195510248,-0.03877956525927099,0.030468100376072976,4704,55,test_b,-0.01020836537324632,0.07581032221573512,0.12961648133862003
Robin_office_Gayle,6,48,-0.249982138863464,-0.03113936943312486,0.13520348157938591,4704,55,test_b,0.07315251509161591,-0.16341466303442584,0.420091330604917
Robin_office_Lindsay,7,48,0.09842016355487537,-0.09089429304003716,0.014924009083763456,4704,55,test_b,0.010212547559078855,-0.10345736059308212,0.13952804982253406
Robin_office_Maryann,8,48,-0.5170349638874835,0.059677316438561924,0.02668562763210623,4704,55,test_b,-0.05514488587246613,-0.2776778629609831,0.1760026779325897
Robin_office_Sammie,9,48,-1.6213278371179947,0.36837509790590656,0.28837358545088926,4704,55,test_b,-0.8837109803049114,-0.6660069198700908,0.45175110807950225
Robin_office_Saul,10,48,-0.05738716240932362,0.15646355350812277,0.0770503773599387,4704,55,test_b,-0.007650538749259361,-0.12801004420081616,0.10195326773652752
Robin_office_Serena,11,48,0.48428396094060944,0.05068797656470755,0.03653768923674012,4704,55,test_b,-0.03137459165036249,0.5061040020259088,0.1232326223738677
Robin_office_Shirlene,12,48,1.0439104641477592,-0.1534554666141048,0.11612258398346435,4704,55,test_b,0.23930089841829427,1.312652569719112,0.4378780454687217
Robin_office_Soledad,13,48,0.855575586095429,-0.12007602909579873,0.09144507210338536,4704,55,test_b,-0.06640350008769813,0.982610309894139,0.20050110134021804
Robin_office_Victor,14,48,0.994111952856968,-0.05158334722121557,0.026846242810092586,4704,55,test_b,0.32864901012092185,1.0582278559491651,0.33627697901576653
Robin_office_Wai,15,48,0.25314042474282217,-0.050364594208076596,0.03468322233548413,4704,55,test_b,-0.0914939480633229,0.36866858033110583,0.11882557477596122
Robin_office_Zelma,16,48,0.10078411544452703,-0.287196758047988,0.11159861510361041,4704,55,test_b,0.0007758627882650249,0.18847916140117146,0.07781035772280773
Robin_office_Addie,0,48,-0.8591315864955444,-0.3587293470845907,0.2091826711643653,4728,56,test_b,-0.5828983119399903,-0.9490806475254384,0.3768399715776229
Robin_office_Adolph,1,48,1.3236163551333673,-0.49152398528531194,0.4134281665220465,4728,56,test_b,0.24938044908051138,0.7647925840114542,0.3613663819948628
Robin_office_Antonina,2,48,0.1414673786182437,-0.740361784856456,0.7021420585562345,4728,56,test_b,0.22714257643043084,0.15709177290156592,0.23213044488827203
Robin_office_Dina,3,48,0.38478241815344405,-0.10891170054674149,0.04535941384116097,4728,56,test_b,0.15170879804761306,0.02740166287827263,0.20635941669957084
Robin_office_Donald,4,48,-2.672303984184199,-0.38410277167956036,0.1893928046559997,4728,56,test_b,-0.00073301170065454,-3.3293979663186897,0.7191885574222121
Robin_office_Erma,5,48,-0.08356660786880421,-0.12068537976786804,0.04981345993347256,4728,56,test_b,-0.032900842133990804,0.07198564516026484,0.11655329780429038
Robin_office_Gayle,6,48,-0.24322555175430538,-0.33057231456041336,0.23634980506162703,4728,56,test_b,0.07827120568245971,-0.21222271369422607,0.3343684106458726
Robin_office_Lindsay,7,48,-0.13093254284562272,0.037022496263186135,0.004876203231394705,4728,56,test_b,-0.1644267533500854,-0.17189762753446644,0.136030819551035
Robin_office_Maryann,8,48,-0.2770642278781774,-0.013672030220429102,0.021489758967318123,4728,56,test_b,0.21896144705970244,-0.3757648876500494,0.13056428395890624
Robin_office_Sammie,9,48,-1.6671877285439165,0.4469303439060847,0.2569215900522573,4728,56,test_b,-0.8895209597750828,-0.6887065493182009,0.4095888995182798
Robin_office_Saul,10,48,-0.2226484293414588,0.4384961227575938,0.28827353568116604,4728,56,test_b,-0.22569988148026088,-0.15444447674655534,0.13056897826401528
Robin_office_Serena,11,48,0.7085447968199696,0.14483437687158585,0.05017047403520244,4728,56,test_b,0.16119014727725922,0.6745634710499769,0.1188832033010469
Robin_office_Shirlene,12,48,1.1803652669363163,0.14639713413392505,0.04340545046203529,4728,56,test_b,0.3413726427021355,1.3701555484077474,0.459625163377859
Robin_office_Soledad,13,48,0.7137894399332234,-0.016191843897104263,0.08557516786045356,4728,56,test_b,-0.16464309957089274,0.8945918843181601,0.336296794195942
Robin_office_Victor,14,48,0.6718691216241355,-0.05271917457381884,0.016403340068335104,4728,56,test_b,-0.006708116307684753,1.0888679836264445,0.32524830658790643
Robin_office_Wai,15,48,0.5323764358012056,-0.2718025535189857,0.1832007947501181,4728,56,test_b,0.20736308688483074,0.4067875460762922,0.0779400813332165
Robin_office_Zelma,16,48,0.235275397073049,-0.004490479012019932,0.052251858609399036,4728,56,test_b,0.17741610385886553,0.21939525972982224,0.11613565372685182
Robin_office_Addie,0,48,-0.6593815830102872,-0.3162617123659099,0.35505732844653154,4752,57,test_b,0.08306840788056635,-0.9092228621838441,0.2230554848595425
Robin_office_Adolph,1,48,1.0285763685187588,0.004641787401245286,0.18683418159657003,4752,57,test_b,-0.16951517611694844,1.415261856174596,0.27346306100229645
Robin_office_Antonina,2,48,0.33568657016989384,-0.4838707542512566,0.3016698586588135,4752,57,test_b,0.07345281381182839,0.4845869877100286,0.24453919520697534
Robin_office_Dina,3,48,0.14576070460380808,-0.12104748868538688,0.07724474555935527,4752,57,test_b,-0.06093524765375147,0.14962022461058144,0.2460325890699449
Robin_office_Donald,4,48,-2.63908531668311,-1.1088906766866178,5.07313050166285,4752,57,test_b,0.08491892870976203,-2.7802505910386937,0.10892920042104347
Robin_office_Erma,5,48,0.11598561775155469,0.07144141988828778,0.02451083082262279,4752,57,test_b,0.12500562913406776,0.09887115527385186,0.2192568595210377
Robin_office_Gayle,6,48,0.5084972359173308,-0.08395833956698577,0.18336428932821505,4752,57,test_b,0.6428048042079959,0.11861487115680086,0.3756095531492807
Robin_office_Lindsay,7,48,-0.016999234875827218,-0.0401321624716123,0.010266443885202184,4752,57,test_b,0.00628802971654574,0.05347973866043834,0.07827981128363154
Robin_office_Maryann,8,48,-0.3703468419011203,-0.09186071980123718,0.07721740659296471,4752,57,test_b,0.05318253170514731,-0.4969061521634545,0.14998394302632326
Robin_office_Sammie,9,48,-1.8338237147683267,0.05358259193599224,0.12339995608681446,4752,57,test_b,-0.8332468885626041,-1.5740459461671916,0.20034455907205165
Robin_office_Saul,10,48,-0.18717340678586325,-0.04283470412095388,0.14254173878847473,4752,57,test_b,-0.09126682682168363,-0.22912920294294184,0.13994332953219896
Robin_office_Serena,11,48,0.414903788555293,-0.2469837466875712,0.1892057364639511,4752,57,test_b,-0.13227737919129812,0.4505479830144808,0.08865418291919377
Robin_office_Shirlene,12,48,0.911962363482195,0.08587539102882147,0.0738101733355403,4752,57,test_b,0.030188396303735487,0.9010799603280258,0.20607001425286273
Robin_office_Soledad,13,48,0.6354418440214569,-0.1493136415568491,0.13414639083192142,4752,57,test_b,-0.09407042740401161,0.7601472714024738,0.19655193996753545
Robin_office_Victor,14,48,0.91251632950204,-0.24498442968494297,0.12466311004380819,4752,57,test_b,0.23734620997577793,0.6674859992006494,0.12303660711044492
Robin_office_Wai,15,48,0.3378897055035629,-0.41104375741754967,0.2681744972304366,4752,57,test_b,-0.046398604237458785,0.5104151766474826,0.14105628196158868
Robin_office_Zelma,16,48,0.2119127935913554,0.199448825015376,0.0833004834972676,4752,57,test_b,0.06395134965072713,0.25847251975335445,0.12267311115907133
Robin_office_Addie,0,48,-0.4688949036385051,-0.9896608119209608,1.4419048252851894,4776,58,test_b,0.2561245913873021,-0.8985138154156015,0.2072679945025599
Robin_office_Adolph,1,48,1.0304286243548488,0.26818076740407076,0.18615279737426507,4776,58,test_b,-0.24027304806875538,1.269489488901691,0.30352499087174545
Robin_office_Antonina,2,48,0.40770526177135685,-0.46098637382965535,0.30907433725029926,4776,58,test_b,-0.10646459688475368,0.6994253791139986,0.255233552749723
Robin_office_Dina,3,48,0.33710322795211,-0.2287383736887326,0.15821701879559977,4776,58,test_b,0.20327884627393433,0.1025730163364676,0.13687735418090047
Robin_office_Donald,4,48,-2.6834399483667966,-3.4166148896670165,18.17958360386839,4776,58,test_b,0.016289031868026438,-2.712674797090427,0.10226545451867133
Robin_office_Erma,5,48,-0.09598689535373339,-0.16472714759098986,0.041109206431150985,4776,58,test_b,-0.1007500874812044,-0.17671084991553798,0.19399794016722807
Robin_office_Gayle,6,48,0.5463342778160585,-0.354754372422273,0.8028968302477711,4776,58,test_b,0.2992201640715637,0.26895728165432203,0.3197736584723081
Robin_office_Lindsay,7,48,-0.037696854021771364,0.1357486049334208,0.024711156242845107,4776,58,test_b,-0.04325559354907982,-0.06527993252875762,0.0990034239363084
Robin_office_Maryann,8,48,-0.569376406093129,-0.6301193002145737,0.6206410045849458,4776,58,test_b,0.00364465212899312,-0.6266548067948426,0.12869332076001844
Robin_office_Sammie,9,48,-2.0006601471576797,-0.5181411899005374,0.5067531319534815,4776,58,test_b,-0.8122812878532089,-1.5743127325479798,0.2386660897546953
Robin_office_Saul,10,48,-0.16541426925503577,-0.25699858119090396,0.30614599662270603,4776,58,test_b,-0.14887976352577992,-0.16600029516327794,0.11716144656964465
Robin_office_Serena,11,48,0.36936397889065486,-0.6608614372865608,0.6097018980666878,4776,58,test_b,0.01870309380532542,0.4200328650128469,0.13465339906850338
Robin_office_Shirlene,12,48,0.8254913479842794,-0.09864568461974461,0.18889029176741734,4776,58,test_b,0.007020521196405172,0.7930457950712615,0.129683436010517
Robin_office_Soledad,13,47,0.915797438074927,-0.29163656383752823,0.8093284686378407,4776,58,test_b,0.38096427138578104,0.8047328256097112,0.35397413808185363
Robin_office_Victor,14,48,0.7020626851261396,-0.5369814081799026,0.5913749006960302,4776,58,test_b,-0.00927144713069028,0.7464717347532991,0.09842085791233601
Robin_office_Wai,15,48,0.5414911539306254,-0.7244242089606511,0.8345033963107745,4776,58,test_b,0.11617275983582143,0.6758684253123012,0.24344109885811827
Robin_office_Zelma,16,48,0.18432778520315307,0.13208234791333476,0.1062137274226125,4776,58,test_b,0.1048220461187872,0.20791333010098412,0.10633414838019715
Robin_office_Addie,0,48,0.12713559586296685,-0.7408792028824488,0.7756541092992247,4800,59,test_b,0.42915495304022255,-0.450500450951769,0.5348568581714509
Robin_office_Adolph,1,48,0.7836508469750746,0.732587385695903,0.8863313558623194,4800,59,test_b,-0.16364090407169418,0.5050166884974684,0.760159883102105
Robin_office_Antonina,2,48,0.3684224904416815,-0.33341989883532125,0.20963517287041786,4800,59,test_b,-0.08432704794128781,0.2928323354531005,0.22948703266520018
Robin_office_Dina,3,48,-0.29397128518983795,-0.3397026654565707,0.3726113118288999,4800,59,test_b,-0.17994619648615684,0.1357230878444245,0.2821127027799873
Robin_office_Donald,4,48,0.918063429466841,-3.150655334015179,11.294375392820891,4800,59,test_b,1.8096558955179252,-1.6513498959454458,2.175568992391083
Robin_office_Erma,5,48,-0.7135076975465918,0.11310664067665736,0.02393999611016598,4800,59,test_b,-0.3491417294530411,-0.4566867595215128,0.26984081785150227
Robin_office_Gayle,6,48,-0.0030349585980707916,-0.5558494657743722,0.6477363568984683,4800,59,test_b,-0.17338073671181775,0.010108730324431091,0.5004477108470223
Robin_office_Lindsay,7,48,-0.3131771806065019,0.11540177340308826,0.022416310238462762,4800,59,test_b,-0.1263162868922062,-0.32225839151732033,0.18464361538786356
Robin_office_Maryann,8,48,-0.5400453177756517,-0.39477794563087326,0.27991756237567117,4800,59,test_b,0.02709190873341727,-0.526431608834729,0.18388338779442454
Robin_office_Sammie,9,48,-1.866800393387674,-0.3941863444633782,0.32550504840618616,4800,59,test_b,-0.763491027806404,-1.1359063485881669,0.47878125636287117
Robin_office_Saul,10,48,-0.05902412049345562,0.31888803094625473,0.27375284351597556,4800,59,test_b,-0.13600856129361993,-0.01685301141422632,0.10893719107917421
Robin_office_Serena,11,48,0.7011589033334222,-0.2917034498726328,0.26000997723603775,4800,59,test_b,0.2413184278207875,0.6120189130362927,0.14283708734675227
Robin_office_Shirlene,12,48,-0.005187482116235986,-0.39752809423953295,0.34411220131486187,4800,59,test_b,-0.43163240071879916,0.6297576826002086,0.6231140933630992
Robin_office_Soledad,13,47,-0.009908033753405876,-0.3142549372971692,0.8005711974504691,4800,59,test_b,-0.1206806419462052,0.4685098375892122,0.5430444897019363
Robin_office_Victor,14,48,0.20245816571773678,-0.3236691824082906,0.32113273278998966,4800,59,test_b,-0.15369044704337032,0.9308219392580422,0.4237773245570894
Robin_office_Wai,15,48,0.2856963304252971,-0.6229679862153716,0.5976487149668763,4800,59,test_b,-0.051115710376865686,0.5512661920251748,0.16723700427720525
Robin_office_Zelma,16,48,0.042504444334428015,0.2390405430148045,0.15401077684491085,4800,59,test_b,0.07787321684393955,0.054783396385621956,0.10104760306998663
Robin_office_Addie,0,48,0.5777737056964591,0.08116167100767295,0.22943422302594754,4824,60,test_b,0.36164756506976203,0.06520130963669359,0.3963723986057338
Robin_office_Adolph,1,48,-0.15812369615345134,0.897414226867113,1.0863066012893514,4824,60,test_b,-0.3268567817769511,-0.34575002590263576,0.7823485971117238
Robin_office_Antonina,2,48,-0.018544821878968054,0.09748900586661573,0.10416372394430523,4824,60,test_b,-0.14081603943777615,0.21736184659257907,0.25152032312493033
Robin_office_Dina,3,48,0.3004612907187235,-0.09947977021026115,0.1698932091848319,4824,60,test_b,0.4296489294198774,-0.4785781344323747,0.33950311336297634
Robin_office_Donald,4,48,0.5053630702697869,-1.5570255555891588,2.8809907587455506,4824,60,test_b,-0.1771538249539839,0.7136371579868158,0.3107275784935189
Robin_office_Erma,5,48,-0.42203476706068904,0.19017635130633911,0.055491944512765214,4824,60,test_b,0.09381597989768559,-0.7958631472204205,0.3061858419792589
Robin_office_Gayle,6,48,0.18127632583763187,0.26367449791481096,0.1948507248404215,4824,60,test_b,0.21895083605056553,0.03523975503900905,0.5962153784476013
Robin_office_Lindsay,7,48,-0.326685747033307,0.10080119967460632,0.016417682358327006,4824,60,test_b,0.04206657700162131,-0.5328975569199873,0.16117688951656045
Robin_office_Maryann,8,48,-0.6701256198358363,0.11697161352882783,0.12057504253976987,4824,60,test_b,-0.0972013492116307,-0.4950243364874864,0.2603013523925623
Robin_office_Sammie,9,48,-2.1205386517614544,0.08492425363510847,0.16211622815808113,4824,60,test_b,-1.2139886252179555,-1.0863106315181161,0.5679661069929762
Robin_office_Saul,10,48,-0.1147603762811884,-0.519810177385807,0.4239038459097945,4824,60,test_b,-0.1954144237287978,-0.12841632953569648,0.19801486331709192
Robin_office_Serena,11,48,0.3033022031515425,-0.27845039404928684,0.1989535706730273,4824,60,test_b,-0.2484572185568376,0.5582803550646388,0.3173716006193576
Robin_office_Shirlene,12,48,0.5498371044241435,-0.16474632918834686,0.11445790030750269,4824,60,test_b,0.3187704664958545,0.2938973167332443,0.3602071327227896
Robin_office_Soledad,13,48,0.1700065936188624,0.3731726926052943,0.4038042360974939,4824,60,test_b,0.3148042051253561,0.26120323797003125,0.6659151350089967
Robin_office_Victor,14,48,0.34068494949804007,0.077464393999738,0.06678191891788489,4824,60,test_b,0.21016990569721183,0.4923139756941118,0.33410939964369135
Robin_office_Wai,15,48,0.5433841986711654,-0.06402227111781637,0.06427011503156459,4824,60,test_b,0.270181268404354,0.6184711295187779,0.35529403385486746
Robin_office_Zelma,16,48,0.04511723415081015,0.0012390826207896073,0.06620154080555297,4824,60,test_b,0.1283011428840748,0.10203724260822107,0.17593526723709382
Robin_office_Addie,0,48,0.39605507935331236,0.312501135126998,0.5029186675749132,4848,61,test_b,0.07556403808974649,-0.0772449178122454,0.38499723940051805
Robin_office_Adolph,1,48,-0.08998915413521291,0.20630685534949103,0.35318140658573866,4848,61,test_b,-0.005249030584298597,-0.8898227795278166,0.624619646376522
Robin_office_Antonina,2,48,-0.12388942556413152,0.2972705610251675,0.1446302796367996,4848,61,test_b,-0.036236427281270744,0.2630103667502691,0.2746202225696229
Robin_office_Dina,3,48,-0.15631527915230792,0.03979084660143902,0.05308378124570351,4848,61,test_b,-0.16888080510659564,0.1000319431388273,0.3047978869095498
Robin_office_Donald,4,48,0.4010255411822776,-1.075557212345302,1.713974608160682,4848,61,test_b,0.015127018384545554,0.6808976719031353,0.2918672280517763
Robin_office_Erma,5,48,-0.7631300714787571,0.02363178211574753,0.03412203601105382,4848,61,test_b,-0.2306574105855591,-0.7645169875110945,0.25003336522676967
Robin_office_Gayle,6,48,0.13871824181291614,0.38123129106437165,0.3079951114515544,4848,61,test_b,0.21024014979894634,0.045046958955383236,0.22700997975768025
Robin_office_Lindsay,7,48,-0.673287325377468,0.1780726338426272,0.04268246701861219,4848,61,test_b,-0.20638031289141678,-0.7765693802152773,0.28644541019033165
Robin_office_Maryann,8,48,-0.5339674883088289,0.32355386748289067,0.16777884129554752,4848,61,test_b,0.12252961835109677,-0.4904443369274347,0.2065769769864942
Robin_office_Sammie,9,48,-1.9169752167935694,0.02186098803455631,0.17978049752800987,4848,61,test_b,-1.234602631610764,-1.2261255306388101,0.4045870854757229
Robin_office_Saul,10,48,-0.13273864558426274,-0.19500075529019037,0.07625483312930974,4848,61,test_b,-0.27486292003512913,-0.15527715820807514,0.16061820301638685
Robin_office_Serena,11,48,1.1672853806028805,0.050035897021492325,0.05308253776291866,4848,61,test_b,0.49195906132194334,0.5790910291443364,0.3515860121574444
Robin_office_Shirlene,12,48,0.6852874768325468,-0.13598917595421275,0.12863211852050419,4848,61,test_b,0.26139612742551444,0.6697507871506376,0.3809466039730411
Robin_office_Soledad,13,48,0.5431054339290455,0.606862804464375,0.5410263296657573,4848,61,test_b,0.5905280966335609,0.09442957564557926,0.3809140683704223
Robin_office_Victor,14,48,0.2688277396260984,-0.014274789292054871,0.035996038221691264,4848,61,test_b,0.09249501292993123,0.46628851826360856,0.28670221795266077
Robin_office_Wai,15,48,0.1752197872176104,0.07888578274772347,0.026237785136227085,4848,61,test_b,-0.13425943373287386,0.7012610695124404,0.27843263975487925
Robin_office_Zelma,16,48,0.10115687259554029,-0.2065766166585187,0.24922130827320574,4848,61,test_b,0.23870144548836247,0.09943625534534745,0.14436951828759256
Robin_office_Addie,0,48,0.3536554786835084,-0.058601429724755384,0.29941810695615984,4872,62,test_b,0.11842795955318508,-0.18893281727530475,0.38476417611628205
Robin_office_Adolph,1,48,-0.16329468101588207,-0.5790635163430125,0.5760743098727146,4872,62,test_b,-0.3269308871615736,-0.5361371149544255,0.6428437742478591
Robin_office_Antonina,2,48,-0.13402140202420287,0.020751196425408125,0.026808566461056834,4872,62,test_b,-0.036589903146626135,0.03169813304689647,0.17944932984096973
Robin_office_Dina,3,48,0.03844792140259179,-0.0634113569976762,0.03191579670039204,4872,62,test_b,0.253863465471151,0.009085455070370431,0.22103526844098023
Robin_office_Donald,4,48,0.44974312108670134,-1.2826460773746173,1.8719868279834824,4872,62,test_b,0.07851331614759682,0.31798614817836496,0.2414653331468645
Robin_office_Erma,5,48,-0.2170273476296427,-0.10162583618269612,0.0879110847924864,4872,62,test_b,0.25373549786713867,-0.5437637471434495,0.23373205388517318
Robin_office_Gayle,6,48,0.044019927223207356,-0.17179113533347845,0.16066751482284172,4872,62,test_b,0.21127176604800524,-0.3133452764982046,0.3264034238970918
Robin_office_Lindsay,7,48,-0.5416771033305208,-0.035095355163017906,0.018656085636582054,4872,62,test_b,-0.024823679734864323,-0.7518662276015174,0.21101349689830184
Robin_office_Maryann,8,48,-0.7455387947699292,0.009879741507271925,0.017602282261608652,4872,62,test_b,-0.03069326939673489,-0.6663885989149936,0.21923604448770934
Robin_office_Sammie,9,48,-1.976555944162274,-0.11481474704730014,0.2395963968942556,4872,62,test_b,-1.0701715062009836,-0.9430827873278752,0.5553106089452803
Robin_office_Saul,10,48,-0.0891989483538369,-0.03587790330251058,0.03999267113542141,4872,62,test_b,-0.17098186130089132,-0.042919706575633904,0.16009923384815122
Robin_office_Serena,11,48,0.8293464340224262,0.12017848253405343,0.052967474687938366,4872,62,test_b,-0.1456642557022153,0.8918720440873487,0.11319232092613733
Robin_office_Shirlene,12,48,1.1047312188147722,-0.07874292988951008,0.06810770373454943,4872,62,test_b,0.43192224814735947,0.9302560553997287,0.2854252734006117
Robin_office_Soledad,13,48,-0.1364780747847385,-0.02265303364644448,0.17911789680611467,4872,62,test_b,-0.12890419294176803,-0.20422611853784822,0.41344178420654726
Robin_office_Victor,14,48,0.528939690736633,0.03691222115109364,0.03287751852731797,4872,62,test_b,0.36000596176214483,0.7810716476817289,0.4811422237748096
Robin_office_Wai,15,48,0.211772673084493,-0.10033154702493145,0.03962414477098745,4872,62,test_b,0.052892138748492246,0.5825281733608181,0.3156423372006639
Robin_office_Zelma,16,48,0.04292693023422944,-0.24691703620677194,0.1022138001974579,4872,62,test_b,0.11586088476807976,0.021860322267762283,0.13420849624184092
Robin_office_Addie,0,48,0.05505378422247967,-0.5699198153488396,0.46692293611240193,4896,63,test_b,-0.19767406144342367,-0.4624664220113675,0.5136561006342132
Robin_office_Adolph,1,48,0.49102332043945285,-0.4915290163868728,0.36733134234453363,4896,63,test_b,0.05929446229973756,-0.15360344202401474,0.5690814403381298
Robin_office_Antonina,2,48,-0.11944747164990621,-0.12045172679548462,0.04189645604705381,4896,63,test_b,-0.05728817328148508,0.14467078715476234,0.21871789013437107
Robin_office_Dina,3,48,-0.1578030787130401,0.13387703771392503,0.0473275070989377,4896,63,test_b,0.032476641505743364,-0.08853890099893291,0.24639672494004625
Robin_office_Donald,4,48,0.14590223487891674,-1.0864346510497853,1.4055940264772364,4896,63,test_b,-0.21478779310468332,0.46993154580827695,0.37398660680825896
Robin_office_Erma,5,48,-0.43344029259315653,-0.32335485878866166,0.15993410346760964,4896,63,test_b,-0.04148949287423631,-0.378113972012065,0.11304351591143201
Robin_office_Gayle,6,48,0.14066621606937568,-0.04071892766902844,0.11826620870520489,4896,63,test_b,0.4695803572434327,-0.30479746288091714,0.3998028285944056
Robin_office_Lindsay,7,48,-0.39546719306606004,-0.07603504384557407,0.01453512108029679,4896,63,test_b,-0.008061462094980154,-0.6590371838273846,0.20754547773389648
Robin_office_Maryann,8,48,-0.41766600051801517,0.052470140159130096,0.03932680706988734,4896,63,test_b,0.2526382362713354,-0.539914506518307,0.15344393557807104
Robin_office_Sammie,9,48,-1.5166743358790902,-0.5305424468436589,0.5188455429947432,4896,63,test_b,-0.19209439272618467,-1.171017429376942,0.4276519321951614
Robin_office_Saul,10,48,-0.007735227550728752,0.031612699230511986,0.031223416816491323,4896,63,test_b,-0.011444066414517451,-0.1595032692152743,0.1487511696847387
Robin_office_Serena,11,48,0.702027162746755,0.013328886484183991,0.016930867904100023,4896,63,test_b,-0.060708806669489745,0.8286116280513914,0.16469446641012103
Robin_office_Shirlene,12,48,0.6915533965283697,0.19578008571018776,0.060700481543942086,4896,63,test_b,-0.1359627590996516,1.006395506303482,0.30338854894471745
Robin_office_Soledad,13,48,-0.1146769780044723,-0.19263782383253178,0.10928887298533702,4896,63,test_b,-0.10283234287910736,-0.34921906026875965,0.4880278896355637
Robin_office_Victor,14,48,0.19265252039813674,-0.012353138066828251,0.015734220379258094,4896,63,test_b,0.007576946154208897,0.5017324436147755,0.265283972025015
Robin_office_Wai,15,48,0.40518029630884667,-0.23324547612962002,0.08013589031259741,4896,63,test_b,0.14263044346259146,0.6025151084512873,0.2761825365463936
Robin_office_Zelma,16,48,-0.0162173510549124,0.016724335262551904,0.05920054431048758,4896,63,test_b,-0.0013587246164434852,0.11498150077522777,0.1257764492188151
Robin_office_Addie,0,48,-0.15598593826719284,0.23724577538693362,0.1800734913491667,4920,64,test_b,-0.11314713104273232,-0.004885168998826413,0.24609985789213443
Robin_office_Adolph,1,48,0.3610982282809627,0.20682841178495437,0.20157094659580946,4920,64,test_b,-0.34909385128334347,0.6399852943422984,0.31905827805425
Robin_office_Antonina,2,48,-0.0891116905025876,0.14086402913865945,0.0757219201641659,4920,64,test_b,-0.13386973242940226,0.01679957981063425,0.16006949318824537
Robin_office_Dina,3,48,-0.2652441965699234,0.3571885882023101,0.1883869429841989,4920,64,test_b,-0.045428884180223394,-0.32789161086899205,0.16192353825501993
Robin_office_Donald,4,48,0.2164843285221716,-0.8682303111806201,0.9622574665163218,4920,64,test_b,-0.020836885974548247,0.3946661495186545,0.2081862548814279
Robin_office_Erma,5,48,0.030437480471495526,0.16582088614813983,0.0610419769100293,4920,64,test_b,0.28800520679532704,-0.18613791671914237,0.17530384491291048
Robin_office_Gayle,6,48,0.09359323872442538,0.2555674823621909,0.168474751062754,4920,64,test_b,0.47198992374346393,-0.09350774342304081,0.33834049475024075
Robin_office_Lindsay,7,48,-0.17586046699291125,0.04712284977237383,0.04035404164821821,4920,64,test_b,0.045698346435256054,-0.15406508391427293,0.11112730106021523
Robin_office_Maryann,8,48,-0.6731825942004186,0.07223511921862762,0.05008457713082373,4920,64,test_b,-0.02293598877286951,-0.7471463736206592,0.232018233866526
Robin_office_Sammie,9,48,-0.7959133665893922,-0.010310580876345435,0.3299719162412469,4920,64,test_b,0.3549900320757501,-1.3631601488781044,0.49705527371061764
Robin_office_Saul,10,48,-0.07018958868733671,-0.05933235337336858,0.021939306626690264,4920,64,test_b,-0.01566645959569879,-0.13302660902077998,0.12520046617991754
Robin_office_Serena,11,48,0.5399873429077191,-0.010553228891997909,0.02210375067993789,4920,64,test_b,-0.07044562146135702,0.5597822909160177,0.14914017847624544
Robin_office_Shirlene,12,48,0.4398754240542192,0.10830883743862312,0.06428310754011086,4920,64,test_b,-0.17176907162600263,0.4193435745814904,0.2918204163171158
Robin_office_Soledad,13,48,-0.2686273822386607,0.22728108149021864,0.27984261981269615,4920,64,test_b,-0.17927096538344767,-0.04965093554691271,0.27097949917279707
Robin_office_Victor,14,48,0.12328114148164526,-0.00022458843886852264,0.0536965406721108,4920,64,test_b,-0.02507857391780588,0.15876467008533043,0.1262653334141907
Robin_office_Wai,15,48,0.48965731062323503,0.0011499730753712356,0.010661588971121594,4920,64,test_b,0.05426071965619417,0.5787867331273149,0.17395895569527833
Robin_office_Zelma,16,48,0.041139292196062716,-0.05757475170927743,0.08373064344084973,4920,64,test_b,0.002913951167009543,0.09500055272598253,0.10172203933635582
Robin_office_Addie,0,48,-0.17833837638862865,0.42059543523161363,0.44902114970623397,4944,65,test_b,-0.01940581901838012,-0.3107688988201547,0.16615425415785395
Robin_office_Adolph,1,48,0.84209097347113,0.6115522306839315,1.0038693967707302,4944,65,test_b,-0.023554785145806556,0.4716263844811719,0.31028470653897716
Robin_office_Antonina,2,48,0.015047389473387185,0.24604073779967925,0.10456655613526783,4944,65,test_b,-0.07189954143091315,0.25976215349356174,0.19836348949289762
Robin_office_Dina,3,48,-0.5500770766590504,0.44743981790573645,0.9027192690219286,4944,65,test_b,-0.15952847524119107,-0.46662268179114036,0.17708534333693235
Robin_office_Donald,4,48,0.19888089213663296,0.14429525959227854,0.6991275995582971,4944,65,test_b,-0.019247319935842055,0.4270562827119238,0.3530611836248586
Robin_office_Erma,5,48,-0.28668659519770967,0.020126063299054902,0.03299163387762677,4944,65,test_b,-0.08527782670012551,-0.29012120335054714,0.19411257566020165
Robin_office_Gayle,6,48,-0.6268777133584092,0.18167840441068014,0.9853328058419688,4944,65,test_b,-0.24941311109682962,-0.38311329516959763,0.31776977565609027
Robin_office_Lindsay,7,48,-0.16590787159767995,0.27405498797694844,0.09421354479161297,4944,65,test_b,-0.03670543248673397,-0.24344437374108163,0.15133255349253524
Robin_office_Maryann,8,48,-0.5761006906788667,-0.04486993777876099,0.0721210801290847,4944,65,test_b,0.07233807531244563,-0.8463828005010291,0.1377684822195749
Robin_office_Sammie,9,48,-0.6498718198931971,0.8558332750496144,1.5423451801363453,4944,65,test_b,0.1774576491638158,-0.7639689776785726,0.2027666476432668
Robin_office_Saul,10,48,-0.02989823689717408,0.07641306767861049,0.03344986736076638,4944,65,test_b,-0.016790299010728038,-0.14825494057591188,0.1278418775274378
Robin_office_Serena,11,48,0.5965789292267233,-0.007786966152101134,0.03611133761194118,4944,65,test_b,0.07246073608524706,0.6128001117486729,0.07076082959843373
Robin_office_Shirlene,12,48,0.5522830649759762,0.3981072101742029,0.9115607903122595,4944,65,test_b,0.1023401969000568,0.36393268841206866,0.17595943802331218
Robin_office_Soledad,13,48,-0.11782530477318276,0.6923659940560659,0.9648857521417572,4944,65,test_b,0.09799502442331098,-0.01344879915338181,0.2968838723821639
Robin_office_Victor,14,48,0.2639897962867259,0.29587718720237416,1.0647334908559298,4944,65,test_b,0.09759492205383358,0.22479833283291661,0.11083354252801854
Robin_office_Wai,15,48,0.4765446017525603,0.05532651768104794,0.020181592702453597,4944,65,test_b,0.006640516664506491,0.6976079501219195,0.23007423193822993
Robin_office_Zelma,16,48,0.03557190177935987,0.19903580813358226,1.6310284790196328,4944,65,test_b,0.02403709660465614,0.12845069785264976,0.1084161032825809
Robin_office_Addie,0,48,-0.6278018183115298,-0.13531926002663872,0.33308787667674855,4968,66,test_b,-0.11244403368937295,-0.657064696607389,0.32112272458372054
Robin_office_Adolph,1,48,0.1230949722319975,0.33172994044919807,1.1260327850680407,4968,66,test_b,-0.48897504183074614,0.26438977938820346,0.4822547058599832
Robin_office_Antonina,2,48,0.19785451198464732,-0.05930191488005221,0.017527012062540228,4968,66,test_b,0.039947831034878645,0.032695090713811124,0.19607547185913707
Robin_office_Dina,3,48,-0.2794066086132607,0.3439590906103452,1.2703712024027098,4968,66,test_b,0.06736629419070772,-0.4462650337757134,0.17877945733576736
Robin_office_Donald,4,48,0.1811645488796374,0.5878890209520856,0.9886434527931637,4968,66,test_b,0.2561845402216847,0.22658608301241667,0.24956573225489972
Robin_office_Erma,5,48,-0.2150421068691717,-0.19438676753391823,0.055711807117484434,4968,66,test_b,-0.02761959931242719,-0.32433221092592684,0.15532482837355527
Robin_office_Gayle,6,48,-0.14616827655755182,0.2824489086245497,1.5443701791143518,4968,66,test_b,0.08272335274266585,-0.1787753547287354,0.3680129424361024
Robin_office_Lindsay,7,48,-0.4249301346194092,0.10508593792716663,0.01387460023014279,4968,66,test_b,-0.1812694669565773,-0.4703663272210434,0.2307370009463148
Robin_office_Maryann,8,48,-0.19302195451735749,0.10403654357651249,0.03766484760708064,4968,66,test_b,0.22623273072519168,-0.3659646327761386,0.14813058321951394
Robin_office_Sammie,9,48,-1.3358448781063137,0.41583594617744285,1.3163763231257226,4968,66,test_b,-0.506806169062216,-1.1265501620637572,0.5870738325957384
Robin_office_Saul,10,48,-0.34244071755585814,-0.012363967796166738,0.04996052839452236,4968,66,test_b,-0.23848136120508245,-0.19493072554147792,0.13604663375177448
Robin_office_Serena,11,48,0.6328822723176961,-0.2428682960162405,0.10522177825511364,4968,66,test_b,0.013962734516705266,0.810681601770287,0.22357148554059897
Robin_office_Shirlene,12,48,0.8176872761538522,0.5998152618606886,1.5005518737854164,4968,66,test_b,0.32927482662482266,0.6936002667003054,0.261042562580606
Robin_office_Soledad,13,48,-0.039557739201905306,0.28073845827020705,0.5369833747659204,4968,66,test_b,0.17169429802166047,-0.3688868798972121,0.4424920840770044
Robin_office_Victor,14,48,0.4009970499755313,0.43652448368569213,1.8059346145345307,4968,66,test_b,-0.03886243030290504,0.7318400263653463,0.49530195479896727
Robin_office_Wai,15,48,0.4956066378194126,-0.014532394328853115,0.01882910428534818,4968,66,test_b,0.05045642056371824,0.690894323834461,0.17369289176461286
Robin_office_Zelma,16,48,0.28438208986949376,0.8527588651825985,3.4468216536945095,4968,66,test_b,0.18539341289301103,0.15963218064586646,0.11420008870913893
Robin_office_Addie,0,48,0.3122312457257257,0.1980608705744089,0.2835054573746055,4992,67,test_b,0.485576562022654,-0.5375449554556234,0.4938638222997381
Robin_office_Adolph,1,48,0.15650349326570934,0.4162782741089662,0.6123598071047246,4992,67,test_b,-0.01278593714860804,0.2175782809423079,0.05019087973391232
Robin_office_Antonina,2,48,-0.2708905511915014,-0.14158987381961197,0.0904886661349088,4992,67,test_b,-0.22153773470516258,0.08797810214998503,0.12339480899528704
Robin_office_Dina,3,48,-0.21177509156839863,0.5831808298050115,0.8644447831096755,4992,67,test_b,-0.0014210454877556233,-0.19297697874348194,0.020625084989058493
Robin_office_Donald,4,48,-0.3153602736473107,0.2780213253572583,0.35704332266957817,4992,67,test_b,0.042466066901625577,-0.35279485796892257,0.06310364364789042
Robin_office_Erma,5,48,-0.08683177755485039,-0.16167151050952575,0.04057783954042809,4992,67,test_b,-0.06935348378899542,-0.31990648361874957,0.2862840334714765
Robin_office_Gayle,6,48,0.08297133271052115,0.448480193503201,0.778630821738307,4992,67,test_b,2.6784698474779933e-05,0.13391325966497503,0.04857998086727109
Robin_office_Lindsay,7,48,-0.23587312763540091,0.09668283288677533,0.029148567874801357,4992,67,test_b,0.02462456710397254,-0.4369748590497566,0.1488054200031087
Robin_office_Maryann,8,48,-0.7990339638629637,-0.10640604834770784,0.10950514948608947,4992,67,test_b,-0.15842681987636686,-0.4941150522788417,0.2803603667898471
Robin_office_Sammie,9,48,-1.0146376149235645,0.5487752308448156,0.680021963624298,4992,67,test_b,-0.0362525589370839,-1.0471476509005642,0.09647866186232464
Robin_office_Saul,10,48,0.05406780463121663,-0.08201914280653,0.1272957939282131,4992,67,test_b,0.13580296897006638,-0.11528867718408115,0.13354955258874293
Robin_office_Serena,11,48,0.7071169032225433,-0.20127529775102934,0.1244131226134696,4992,67,test_b,0.0195327843864046,0.7893066847010709,0.17118343389965573
Robin_office_Shirlene,12,48,0.5815286442010297,0.5868280328189334,0.8561133504296348,4992,67,test_b,0.009991253341461781,0.5542710126589814,0.016790918420124482
Robin_office_Soledad,13,48,0.04153180775721488,0.2610365891208251,0.1916616282578755,4992,67,test_b,0.0815253467408028,-0.08372684387094075,0.12574384279840994
Robin_office_Victor,14,48,0.6767659937383366,0.5298777502030134,0.9109091494316913,4992,67,test_b,0.006943671180292377,0.636299152212337,0.02769727965548605
Robin_office_Wai,15,48,0.223111573134828,-0.01145545362184445,0.06972162931665328,4992,67,test_b,-0.09858137146472024,0.6137436042711308,0.2646568076530341
Robin_office_Zelma,16,48,-0.042806530608092364,0.7393085787383219,1.644439633424506,4992,67,test_b,-0.12004751627434773,0.10137567677059083,0.11609360455890282
Robin_office_Addie,0,48,-0.43935624214966856,0.2054872007914431,0.30955125989997784,5016,68,test_b,-0.401745412133884,-0.18005607489298114,0.2815085065638601
Robin_office_Adolph,1,48,0.21623982747234338,0.13404147233814,0.11034664233078613,5016,68,test_b,0.02298820015055536,0.22233898846892397,0.04022669543695854
Robin_office_Antonina,2,48,-0.1354088247636056,-0.2703049803385511,0.13323490936268478,5016,68,test_b,-0.04007485192309307,0.06756444250767335,0.23888558638705987
Robin_office_Dina,3,48,-0.20902774557463244,0.24215657122355574,0.11823459408722081,5016,68,test_b,-0.0029547822349760833,-0.19526086067220058,0.020222563324596054
Robin_office_Donald,4,48,-0.37187835370419775,-0.03530404840906461,0.01574080503677962,5016,68,test_b,-0.02591410299970054,-0.30940717904005016,0.038912898746970924
Robin_office_Erma,5,48,-0.08985987781865468,-0.10730727148863177,0.043037294240848845,5016,68,test_b,-0.010887522188320231,-0.47283562794938466,0.3509844014263998
Robin_office_Gayle,6,48,0.08453458144725406,0.07235311608140667,0.08304798848552236,5016,68,test_b,-0.004111430593700449,0.13300999367651054,0.050618676261983186
Robin_office_Lindsay,7,48,-0.4323282052830175,-0.020867130408684414,0.013941091921403581,5016,68,test_b,-0.09800865451242746,-0.4872658065874977,0.14376791078880657
Robin_office_Maryann,8,48,-0.6995637231512182,-0.4435226861387491,0.313333689502158,5016,68,test_b,0.15777977284791955,-0.7095858941156323,0.11210484816652143
Robin_office_Sammie,9,48,-0.963902595373204,0.24259902474780878,0.11131844401465228,5016,68,test_b,0.015085612519375236,-1.0849679200553164,0.08772604519498661
Robin_office_Saul,10,48,-0.12013787112275365,0.2663796618580818,0.14171959750535054,5016,68,test_b,-0.11497133167445872,0.02397238109379034,0.09803473692958424
Robin_office_Serena,11,48,1.1801833348249964,0.11971619818359613,0.056801527834507,5016,68,test_b,0.2514796606102644,0.8887014416599245,0.16081892813766227
Robin_office_Shirlene,12,48,0.5415006673441045,0.26009915800144273,0.1274372632751549,5016,68,test_b,-0.023420094075976117,0.551031496088065,0.019487325187928648
Robin_office_Soledad,13,48,-0.057089005463748066,0.06332533558209737,0.020782099841116636,5016,68,test_b,-0.04141947716666361,0.005299213534848944,0.05990208254517448
Robin_office_Victor,14,48,0.6753331617475482,0.18548737621555725,0.13922418140018708,5016,68,test_b,-0.005191549487918223,0.6457982852997524,0.02679237098183519
Robin_office_Wai,15,48,0.342569530662991,-0.04784505158992639,0.04720405695549815,5016,68,test_b,0.10031042212243846,0.4890254571495141,0.2567474275581231
Robin_office_Zelma,16,48,0.11470622257161345,0.2535232095203052,0.25639838146294885,5016,68,test_b,0.09756349224463634,-0.011965955956657151,0.08823765550093532
Robin_office_Addie,0,48,-0.41673307107497304,0.826855220306849,1.0403227270606534,5040,69,test_b,-0.015046184057703194,-0.5091352669459807,0.26025859297064996
Robin_office_Adolph,1,48,0.15090345294040347,0.024918288846189778,0.026581611831462303,5040,69,test_b,-0.03372254786438833,0.21108926632227018,0.04365974253246671
Robin_office_Antonina,2,48,0.012524826003160766,0.4445978023383456,0.5659800349800375,5040,69,test_b,0.015155676393110856,0.19309381658624328,0.2138786933846635
Robin_office_Dina,3,48,-0.225938379591465,-0.13702343963086605,0.04963299581779925,5040,69,test_b,-0.010849917016096167,-0.20145088433520067,0.02271349164600732
Robin_office_Donald,4,48,-0.3463357928608939,-0.17173741509517035,0.056631744868160507,5040,69,test_b,0.014227057758138484,-0.3298056420644712,0.056911720041987454
Robin_office_Erma,5,48,-0.04190415864471908,0.16926119336858392,0.07971756796875716,5040,69,test_b,0.012522171530284565,-0.4089844084389731,0.3646035558096808
Robin_office_Gayle,6,48,0.06455898188176828,-0.181199063702176,0.05126019957239462,5040,69,test_b,-0.012726060047812016,0.12379890996645841,0.052454253838362525
Robin_office_Lindsay,7,48,-0.29024706056408167,0.027940553923447926,0.005886769486140568,5040,69,test_b,0.06041368501846822,-0.47067961689683835,0.10897822075914522
Robin_office_Maryann,8,48,-0.31201905210969694,0.060630956664681435,0.17819187627705005,5040,69,test_b,0.1912986205612932,-0.4160619478830614,0.22347995695863113
Robin_office_Sammie,9,48,-1.017810566939366,-0.18286791568001112,0.11883826530725809,5040,69,test_b,-0.032472812525420114,-1.078440064810516,0.11015667207192668
Robin_office_Saul,10,48,-0.18675097546492125,0.40768107523520786,0.21880695161912112,5040,69,test_b,-0.04900710163901012,-0.09828762551991228,0.11523964367885214
Robin_office_Serena,11,48,0.690744677936689,0.43813938327366486,0.3065042960695015,5040,69,test_b,-0.2038466730972751,0.7826103178933509,0.27707249085416646
Robin_office_Shirlene,12,48,0.5541175530907508,-0.13225920094798008,0.054881355010334566,5040,69,test_b,0.0026521778687146336,0.5448319326903976,0.011423141699657734
Robin_office_Soledad,13,48,-0.003994588092448792,-0.10884630183378856,0.037636215500429504,5040,69,test_b,0.03203414844350361,-0.02902680049635206,0.09831292904593986
Robin_office_Victor,14,48,0.6549350561988028,-0.2678846117729942,0.13590249244472571,5040,69,test_b,-0.012044656993974057,0.6347796179531952,0.03063752189011543
Robin_office_Wai,15,48,0.24524641367915956,0.36725939363532234,0.3531998705195288,5040,69,test_b,0.021102628815166113,0.4868448044983091,0.20735896143991173
Robin_office_Zelma,16,48,0.1707317452008268,-0.04900886366764704,0.028850840102910613,5040,69,test_b,0.03796745799068468,0.09447084264769638,0.10262876917520891
Robin_office_Addie,0,48,-0.7367321020694744,0.6672696766133109,0.6404597626495939,5064,70,test_b,-0.12141634824123948,-0.8195195630504314,0.2629311255349278
Robin_office_Adolph,1,48,0.19448636382001389,-0.1737204845994711,0.047149523167509415,5064,70,test_b,0.019947206189296296,0.17601965383300325,0.02374456175710883
Robin_office_Antonina,2,48,0.030027532340002328,0.8409851686058877,0.842631479083806,5064,70,test_b,-0.08127346120105311,0.3365849796016038,0.246072820659022
Robin_office_Dina,3,48,-0.22421073224589538,-0.3646054764588674,0.17825550570962875,5064,70,test_b,0.00020132680626122612,-0.22098526319356115,0.013013237264151567
Robin_office_Donald,4,48,-0.39101961190135026,-0.3650439555446307,0.17176011429073088,5064,70,test_b,-0.018977361238800672,-0.33004096705751484,0.045846141286698366
Robin_office_Erma,5,48,-0.190683376871168,0.2245250710596641,0.17224408907781308,5064,70,test_b,-0.07970753991001844,-0.3750145644167313,0.25953365021998087
Robin_office_Gayle,6,48,0.060371909867893814,-0.39768569140384596,0.20724678933897467,5064,70,test_b,-0.00221100800391405,0.0957084712734136,0.04032074215546924
Robin_office_Lindsay,7,48,-0.4056530775005416,0.1101128247876962,0.028760833492083398,5064,70,test_b,-0.05696785622087008,-0.438933159289596,0.1119682386454165
Robin_office_Maryann,8,48,-0.22920766484131727,0.3454322125762701,0.21240558993346173,5064,70,test_b,0.0585112019341133,-0.11378502166816003,0.15926654893793965
Robin_office_Sammie,9,48,-0.955878541747881,-0.4505869969725609,0.27624733283370845,5064,70,test_b,0.025487750644983542,-1.101211880002187,0.10642900122339675
Robin_office_Saul,10,48,-0.21839155338788085,0.4407631407181422,0.2855358022908601,5064,70,test_b,-0.013332319385114477,-0.2413278646080476,0.047675328335491464
Robin_office_Serena,11,48,0.8375046066469635,0.5023444179144766,0.3266582182911339,5064,70,test_b,0.10084942190849067,0.6068167984047627,0.19096419982740032
Robin_office_Shirlene,12,48,0.5307509135956541,-0.4110674277568857,0.23818102426488705,5064,70,test_b,-0.011620646219351216,0.5329907632576235,0.02428183059934328
Robin_office_Soledad,13,48,-0.07204054248861214,-0.16232811907927194,0.04269530315509703,5064,70,test_b,-0.02784170877598169,-0.008558372671063028,0.0570901970287018
Robin_office_Victor,14,48,0.6671828792620946,-0.5406368672847748,0.3436524930638906,5064,70,test_b,0.005156594891411848,0.6198864440078796,0.036218140962066235
Robin_office_Wai,15,48,0.4678856116798238,0.5659350821903596,0.43601309616407957,5064,70,test_b,0.12911738556938768,0.5480126489894633,0.22405985252127023
Robin_office_Zelma,16,48,0.19551490917581926,-0.264621580640475,0.08603405547828909,5064,70,test_b,0.006915194130844404,0.21672147835562847,0.04144323922489814
Robin_office_Addie,0,48,-0.6393499286778057,-0.29268493068714935,0.5065169782309958,5088,71,test_b,0.08769702558691461,-0.8543673521170806,0.1750203690739627
Robin_office_Adolph,1,48,0.16617154167510179,0.012945817783474922,0.016882102877161253,5088,71,test_b,-0.010548495421120518,0.17648649834621363,0.014168813318180155
Robin_office_Antonina,2,48,-0.2576295588740459,-0.1385638735955581,0.25471369267631566,5088,71,test_b,-0.08954622153494307,-0.03394201191512938,0.13236345316050158
Robin_office_Dina,3,48,-0.2167630486743295,-0.00821257165322701,0.04280388553562905,5088,71,test_b,0.0059292071718322625,-0.2138605980856266,0.017686853900969652
Robin_office_Donald,4,48,-0.40554273240183747,-0.11901049688458443,0.10315656200163918,5088,71,test_b,-0.0048251032164835506,-0.4024185500471496,0.02420427173182506
Robin_office_Erma,5,48,0.11561172522992269,-0.03811157243520332,0.11533028383153493,5088,71,test_b,0.1376984089207991,0.07375082236480386,0.2389692666010332
Robin_office_Gayle,6,48,0.0702739656216686,-0.1226623160764575,0.05551571231443533,5088,71,test_b,0.008215593648561503,0.081848191946405,0.02836451034500357
Robin_office_Lindsay,7,48,-0.25580244117174744,0.03346710279583931,0.011194955344296783,5088,71,test_b,0.07134195820783107,-0.3089364086406174,0.08698322986359343
Robin_office_Maryann,8,48,-0.17985543621599032,-0.21129633144785961,0.1653712274788413,5088,71,test_b,-0.03259666560199359,-0.21930514657542796,0.12978719167380967
Robin_office_Sammie,9,48,-0.94165020420394,0.13057215263446173,0.07484811215408571,5088,71,test_b,0.007604738477098416,-0.9670460237372337,0.034533464472380815
Robin_office_Saul,10,48,-0.2775305554232137,-0.04220423102378845,0.16906627042158817,5088,71,test_b,-0.004670153472738914,-0.3191113466966685,0.0743980690455345
Robin_office_Serena,11,48,0.7687806673212747,-0.05089113302043794,0.0889684623568781,5088,71,test_b,-0.04787218295167317,0.7882059998499442,0.05967424239307281
Robin_office_Shirlene,12,48,0.5592414772678893,0.012832060766716799,0.048278875074659666,5088,71,test_b,0.015947057483105653,0.5518808506283944,0.024426720960844008
Robin_office_Soledad,13,48,-0.12133359080508155,-0.014966612060864767,0.009197783047765048,5088,71,test_b,-0.022410921760091074,-0.12914220700638998,0.07745081690867486
Robin_office_Victor,14,48,0.6589252586843164,-0.004606995731592178,0.08768619682779218,5088,71,test_b,-0.0020565486842698544,0.6467114409360506,0.014947723010610274
Robin_office_Wai,15,48,0.42093904842242136,-0.07313510271099706,0.0743007014018595,5088,71,test_b,-0.04565375162213581,0.48240001351317097,0.08632690686710084
Robin_office_Zelma,16,48,0.23437480279114276,0.015141841024160385,0.05516844548409642,5088,71,test_b,0.0006569235438840249,0.2755502853613296,0.06251007056927108
Robin_office_Addie,0,48,-0.6778705158984537,-1.0172260691773165,1.3261550034975524,5112,72,test_b,-0.001848585746962117,-0.8381053978213271,0.1502911349921955
Robin_office_Adolph,1,48,0.17904991285001143,0.08295587279523413,0.03412827596068797,5112,72,test_b,0.0042597204524253696,0.1787477777069404,0.011975564878556172
Robin_office_Antonina,2,48,-0.1411574111103736,-0.8955137611289198,1.2170275440303222,5112,72,test_b,-0.03418639540609092,0.05372945850161973,0.2604058877531678
Robin_office_Dina,3,48,-0.22287283854190854,0.18567816447466612,0.10056839686708156,5112,72,test_b,-0.003502929546159883,-0.22673188283890044,0.006918617440913429
Robin_office_Donald,4,48,-0.4019612124041012,0.050161540508270264,0.05087262021833775,5112,72,test_b,0.00041553020496609694,-0.38798693043099663,0.016810063427625043
Robin_office_Erma,5,48,-0.09727559873663139,-0.6301361205696594,0.5796164854647095,5112,72,test_b,-0.11296058474384085,-0.15242996808642983,0.23456284126440663
Robin_office_Gayle,6,48,0.06062666796021454,0.12316128382614504,0.08362269062983889,5112,72,test_b,-0.004968771438448094,0.06121613246838307,0.004818343743648244
Robin_office_Lindsay,7,48,-0.3283790360198332,0.030788836379845936,0.008822853413680498,5112,72,test_b,-0.02960890214695444,-0.3747633405191588,0.09802930350280362
Robin_office_Maryann,8,48,-0.115265190514102,-0.6391446096822619,0.6530826191412658,5112,72,test_b,0.1332593631263591,-0.21120407885949385,0.07174267977711778
Robin_office_Sammie,9,48,-0.9421751792999242,0.36908784446616966,0.19545056941120134,5112,72,test_b,-0.0008284124427874184,-0.9777003892280268,0.03488054389552331
Robin_office_Saul,10,48,-0.23968139664131183,-0.48565177619457245,0.5635637787414195,5112,72,test_b,0.014590210005846593,-0.2774161958947581,0.03179390212461248
Robin_office_Serena,11,48,0.7314342488693477,-0.5701329627384742,0.46504972020874996,5112,72,test_b,-0.02441794052527335,0.7475618196159924,0.07007416370168355
Robin_office_Shirlene,12,48,0.5433568617918347,0.25615125553061563,0.15119870476714503,5112,72,test_b,-0.00736117820176585,0.5333526081337036,0.01995048713897794
Robin_office_Soledad,13,48,-0.09765180036703458,0.037099416057268776,0.015237664585353064,5112,72,test_b,0.008762850243919984,-0.07370930628845208,0.039801023452607075
Robin_office_Victor,14,48,0.6650257494779321,0.2653047808756431,0.18826460899045835,5112,72,test_b,0.0016203413870841121,0.6543536547372197,0.007164142368785415
Robin_office_Wai,15,48,0.4967263034467936,-0.448478232913961,0.3678479858631593,5112,72,test_b,0.03167710712243088,0.6056400584264999,0.16242911297232818
Robin_office_Zelma,16,48,0.20458168163523394,0.17318262998014688,0.09257909606232861,5112,72,test_b,-0.01457383886768937,0.2405049903956619,0.021309499953808646
Robin_office_Addie,0,48,0.11837952611905622,0.2806348345451018,0.22695803111154342,5136,73,test_b,0.33839430621895966,-0.33736086516166375,0.4395531642297564
Robin_office_Adolph,1,48,0.11310363887254887,-0.026809232658706605,0.008118156374476304,5136,73,test_b,-0.03167911791737593,0.16491911710436452,0.0343515405123897
Robin_office_Antonina,2,48,-0.34560858522080096,-0.5634570796974003,0.38659458136406016,5136,73,test_b,-0.15851979965535734,0.021288798514221288,0.1677768549945991
Robin_office_Dina,3,48,-0.22997928780938198,0.010405849665403366,0.01549404603865053,5136,73,test_b,-0.004221391445214218,-0.21476289395076723,0.017283738589485398
Robin_office_Donald,4,48,-0.305375499867657,-0.11286675681670506,0.01924601690085274,5136,73,test_b,0.04238614731128465,-0.3142669167272572,0.06278509844052828
Robin_office_Erma,5,48,0.03887409310297951,-0.07385839506362875,0.018155320825975093,5136,73,test_b,0.07189419437299194,-0.2797587878310179,0.20927828223130324
Robin_office_Gayle,6,48,0.05926267234658783,0.004073837228740255,0.008827756002619152,5136,73,test_b,-0.0015169413900373296,0.10093259669366288,0.044352121371772
Robin_office_Lindsay,7,48,-0.17984505657036154,-0.015131274859110514,0.003036079361346792,5136,73,test_b,0.06790066596954192,-0.3561341287210333,0.09665899663346446
Robin_office_Maryann,8,48,-0.41990391340143496,-0.3465925224785072,0.17013756039046868,5136,73,test_b,-0.09395576577040443,-0.24753947722665115,0.2161011674336066
Robin_office_Sammie,9,48,-1.0538422629680644,0.19645674775044122,0.05093397257957936,5136,73,test_b,-0.052578562285902075,-1.0936585332502515,0.10016957074315253
Robin_office_Saul,10,48,-0.09292910897716755,-0.3590913439790408,0.25584481246205204,5136,73,test_b,0.04875983251997962,-0.12555669704705194,0.12286554844486737
Robin_office_Serena,11,48,0.640177090246545,-0.17898542496065298,0.09004242917594425,5136,73,test_b,-0.01722910720774995,0.6313576916192679,0.17832652743566021
Robin_office_Shirlene,12,48,0.5758475204221668,0.03343214405079683,0.012708702711458084,5136,73,test_b,0.013650939540154394,0.5554702918056366,0.018990017352101003
Robin_office_Soledad,13,48,0.07340187127686004,-0.0004832223057746887,0.009954488699806863,5136,73,test_b,0.07501422775561606,0.015980181211232024,0.10653569903189203
Robin_office_Victor,14,48,0.6574681985590662,0.013351518039902052,0.006688555550086017,5136,73,test_b,-0.005619983825896568,0.6324340291771671,0.026839772158556423
Robin_office_Wai,15,48,0.13286947463762477,-0.1221090800439318,0.0716293236503072,5136,73,test_b,-0.14198119891514283,0.3658300585714693,0.17461961634399706
Robin_office_Zelma,16,48,0.08036988674000478,-0.017731041957934696,0.005697580790592349,5136,73,test_b,-0.043938727282704315,0.1126405050279662,0.10336776927525425
Robin_office_Addie,0,48,-0.4902992523680352,0.10812278058801894,0.29764385744124916,5160,74,test_b,-0.2858233622137091,-0.4900849534914237,0.3386884596065001
Robin_office_Adolph,1,48,0.17742872989289724,0.0559157941218776,0.01717978167269088,5160,74,test_b,0.025181303980814723,0.18536235408540466,0.04635044624210035
Robin_office_Antonina,2,48,0.06716656429310075,-0.1440089357395967,0.03236474826929417,5160,74,test_b,0.15041709555762356,0.2948735675670616,0.33158188174894954
Robin_office_Dina,3,48,-0.2249440364901118,0.1373943518847227,0.02454920199621548,5160,74,test_b,-0.0021367315375251383,-0.20857774414629415,0.01983457698494139
Robin_office_Donald,4,48,-0.3432872476420413,-0.17164844026168188,0.03535534329281642,5160,74,test_b,-0.011713459591942366,-0.3103624512562091,0.03072612256474179
Robin_office_Erma,5,48,-0.05914489051148131,0.06905536904620628,0.013681151203678013,5160,74,test_b,-0.04147104837445992,-0.33019384640543364,0.3101677410726465
Robin_office_Gayle,6,48,0.06481556196183041,0.0028144128154963255,0.004459787026160841,5160,74,test_b,-0.004158699873913374,0.11556553240461731,0.049369605876350975
Robin_office_Lindsay,7,48,-0.3903226583424949,0.006250981241464615,0.0015081436962633976,5160,74,test_b,-0.1047511469299447,-0.42733089558434817,0.1529071353307603
Robin_office_Maryann,8,48,-0.4362463095096869,-0.1525649870163761,0.03766667612167723,5160,74,test_b,-0.028764193601325094,-0.2734752331916673,0.16487975247967965
Robin_office_Sammie,9,48,-1.01518680101272,0.1507155659298102,0.03406918562920066,5160,74,test_b,0.009928701713644683,-1.1103748890634777,0.06929025131602054
Robin_office_Saul,10,48,-0.17630520857844934,-0.1211926316221555,0.09286455325737315,5160,74,test_b,-0.05141034242330855,-0.12697019888577502,0.07503180870797066
Robin_office_Serena,11,48,0.9983604087133149,0.0874526568998893,0.04259074723993348,5160,74,test_b,0.21714741705227203,0.6954012887266919,0.1758504199008675
Robin_office_Shirlene,12,48,0.5384957940694131,0.18707824560503164,0.04578801234508243,5160,74,test_b,-0.021420758814738594,0.5482355645721879,0.017035418426905112
Robin_office_Soledad,13,48,0.008790572375260597,0.07841874907414119,0.018081883359120383,5160,74,test_b,-0.011999495696028317,0.009727895239391132,0.069346313626601
Robin_office_Victor,14,48,0.6621852211350406,0.09737727791070938,0.02425686974182047,5160,74,test_b,0.0018019065513726895,0.6266987055752382,0.026868566963986058
Robin_office_Wai,15,48,0.09769070903864374,-0.08582864538766444,0.04001041145997801,5160,74,test_b,0.004840037764070382,0.24547040260407402,0.1888220161647568
Robin_office_Zelma,16,48,0.17344321538124685,0.04628551875551542,0.008836232298754151,5160,74,test_b,0.05294936920177851,0.12751250782571377,0.06517658072550137
Robin_office_Addie,0,48,-0.9892740951071809,-0.41829569967618835,0.49831970163817974,5184,75,test_b,-0.29324358702097153,-0.7900287199761681,0.20420665133135496
Robin_office_Adolph,1,48,0.18474103029357347,0.13572041053945819,0.02942989485015997,5184,75,test_b,-0.0010517802149473399,0.21347243138544802,0.035754939032942606
Robin_office_Antonina,2,48,0.1441801450613454,-0.030766984758277733,0.013764347727277602,5184,75,test_b,-0.03114333525309476,0.41570626954997625,0.20246395912779777
Robin_office_Dina,3,48,-0.22059332584977398,0.05637279277046522,0.006119653195830262,5184,75,test_b,-0.0016262080506782572,-0.20340852113084673,0.023714448274967787
Robin_office_Donald,4,48,-0.4042960967506908,-0.26133007059494656,0.07663994914592671,5184,75,test_b,-0.03079487318661045,-0.34541906892829816,0.04234076146681011
Robin_office_Erma,5,48,0.02869345608006446,0.08650499481397371,0.03194332561425811,5184,75,test_b,0.06923301275104754,-0.4285411903450746,0.34321182790373106
Robin_office_Gayle,6,48,0.06858723440799691,-0.028493402836223442,0.0036840312351160746,5184,75,test_b,-0.0040044675667949,0.12219851790833498,0.053341610222874446
Robin_office_Lindsay,7,48,-0.36602924884345966,0.010265921552975973,0.0014925043228433132,5184,75,test_b,0.011113015096287926,-0.4897438681274024,0.0970767329433898
Robin_office_Maryann,8,48,-0.04730477727742377,-0.007787023360530536,0.03629440114905275,5184,75,test_b,0.21946793767471495,-0.1379815664352498,0.15566841327111955
Robin_office_Sammie,9,48,-0.9603866856976057,0.0625742810467879,0.01438314341998237,5184,75,test_b,0.024537741895966025,-1.0743037076557471,0.08971773383255595
Robin_office_Saul,10,48,-0.3345290142107995,0.12195484340190887,0.040431409066339796,5184,75,test_b,-0.11024116426245323,-0.16931491565878956,0.10219081531818824
Robin_office_Serena,11,48,0.8479301579225244,0.0009655881052215894,0.026036218036805378,5184,75,test_b,-0.02470256343223054,0.677115003971242,0.22870935590317015
Robin_office_Shirlene,12,48,0.5366155166287627,0.14872632920742035,0.026180196897451696,5184,75,test_b,-0.00446241335566655,0.5370577245156852,0.014570143458566864
Robin_office_Soledad,13,48,-0.11458764922815934,0.06186868747075399,0.019663296259517644,5184,75,test_b,-0.05702897723690781,-0.05870739600393914,0.08207291395712105
Robin_office_Victor,14,48,0.6520156055170869,0.10995591121415298,0.017547151615144512,5184,75,test_b,-0.006923219516837831,0.6269729952646004,0.02791340765017219
Robin_office_Wai,15,48,0.24930106925438988,-0.11210998058474313,0.05079011817771705,5184,75,test_b,0.10860929133362485,0.40755142168780606,0.279423758604487
Robin_office_Zelma,16,48,0.3033243122125071,0.020455637325843174,0.009773076701051394,5184,75,test_b,0.08885514149332308,0.16306011334454898,0.09093052926451746
Robin_office_Addie,0,48,0.2541523372283381,0.6768630052683875,0.7698700066078503,5208,76,test_b,0.6464895892967977,-0.45977501274541727,0.46029864846167257
Robin_office_Adolph,1,48,0.1315354398294182,0.10784504686792691,0.016387193164148172,5208,76,test_b,-0.02432283798997767,0.17295072513646184,0.032338162364057184
Robin_office_Antonina,2,48,-0.1894538988869313,0.2421062181626136,0.11280926299306543,5208,76,test_b,-0.2233601171180626,0.2380952971104214,0.21617495629978054
Robin_office_Dina,3,48,-0.23207083073245344,-0.1104000403235356,0.03582084370327404,5208,76,test_b,-0.006143716515419173,-0.215773411111737,0.01937253943402861
Robin_office_Donald,4,48,-0.28217016167981535,-0.38215580582618713,0.15718039606390258,5208,76,test_b,0.061744577228740494,-0.30293699494017434,0.0662407842492674
Robin_office_Erma,5,48,-0.17941796662305254,0.24366229651301788,0.10798405286537228,5208,76,test_b,-0.13894092118018653,-0.3680470073513306,0.3011687885658053
Robin_office_Gayle,6,48,0.05709133145051021,-0.1361023678133885,0.03035507361929578,5208,76,test_b,-0.006083771952207884,0.10478752634782941,0.04560759869394754
Robin_office_Lindsay,7,48,-0.268019651873621,-0.02678743501504262,0.001653640969148995,5208,76,test_b,0.03909018660655106,-0.41501461261488615,0.09922278022749914
Robin_office_Maryann,8,48,-0.5364645721100114,0.24046022507051626,0.1873758927421917,5208,76,test_b,-0.1943270661453348,-0.2719691817826021,0.19963559384104734
Robin_office_Sammie,9,48,-1.0704051020792995,-0.20277832945187887,0.09668614249487817,5208,76,test_b,-0.05550214874987813,-1.120453879965895,0.1059016342636554
Robin_office_Saul,10,48,0.013150356626710824,0.2961603303750356,0.16774204093973566,5208,76,test_b,0.18387214193117396,-0.13297275902425115,0.13903260479223037
Robin_office_Serena,11,48,0.6840956432885068,0.1576842712238431,0.04674865856399135,5208,76,test_b,-0.06862925639616568,0.6429785191815869,0.15991571217065742
Robin_office_Shirlene,12,48,0.5635570542727433,-0.11140925002594788,0.054382013336876804,5208,76,test_b,0.011743251680364386,0.5456688049391313,0.01418807934664406
Robin_office_Soledad,13,48,0.12835144881555638,-0.0146836390097936,0.013093568198189113,5208,76,test_b,0.12419509545832974,0.03399419569651726,0.1283712174372424
Robin_office_Victor,14,48,0.6676159492945244,-0.17145815150191387,0.06127292020865079,5208,76,test_b,0.00856890536224042,0.6258332626602198,0.029818133766576438
Robin_office_Wai,15,48,0.07238036516208296,0.09788293302214394,0.07403409658628267,5208,76,test_b,-0.08699300669382909,0.3647752110241584,0.21242107139655136
Robin_office_Zelma,16,48,-0.0008728142189851074,-0.0690325361986955,0.028195743586403237,5208,76,test_b,-0.16242164664547165,0.12670122004607168,0.12053170070251343
Robin_office_Addie,0,48,-0.8137050701319279,0.8706241864711046,0.9865693723077197,5232,77,test_b,-0.48169666980643844,-0.6321925087553645,0.43796106207516466
Robin_office_Adolph,1,48,0.18873280558874933,-0.10817098493377368,0.03059454214005075,5232,77,test_b,0.014136469263002327,0.1685857768708496,0.023069235310153972
Robin_office_Antonina,2,48,0.14386847093327415,0.19848103274125606,0.09102665019249474,5232,77,test_b,0.11936909344542074,0.24815742767212093,0.29093326444979456
Robin_office_Dina,3,48,-0.22890593982445584,-0.32897475610176724,0.12882472836031944,5232,77,test_b,-0.004592739052002859,-0.2222628574970734,0.017713549373270326
Robin_office_Donald,4,48,-0.3866780534563269,-0.4683163141210874,0.24600757074128973,5232,77,test_b,-0.037610685843959546,-0.3157110868874707,0.04283118932155923
Robin_office_Erma,5,48,-0.17535859423373612,0.2509909354751774,0.15193515164853924,5232,77,test_b,0.004127413335792474,-0.39783643899020893,0.22691376685385165
Robin_office_Gayle,6,48,0.05338026830014936,-0.28644325646261376,0.09655661303719613,5232,77,test_b,-0.009284589850746483,0.0937902385424127,0.04414483500228311
Robin_office_Lindsay,7,48,-0.41155265912177774,-0.007814361403385798,0.004159900126699349,5232,77,test_b,-0.05827217439022858,-0.41936970578252813,0.09096343655380286
Robin_office_Maryann,8,48,-0.20462012720246325,0.3706633386512597,0.21145212575900296,5232,77,test_b,0.2417216235545443,-0.18468304335590033,0.2257632251846688
Robin_office_Sammie,9,48,-0.9644447018814597,-0.40972194572289783,0.19602756603268054,5232,77,test_b,0.03069083194788147,-1.1114123937478992,0.09638388938572412
Robin_office_Saul,10,48,-0.2448640278272296,0.3563316961129506,0.16479236649879425,5232,77,test_b,-0.1362167364558622,-0.19171931522613753,0.09958546817642698
Robin_office_Serena,11,48,0.8297220467736578,-0.015344242875774702,0.020259405713403015,5232,77,test_b,0.0577453969983881,0.5864594671703255,0.1866547854150129
Robin_office_Shirlene,12,48,0.5261880786567019,-0.34351180773228407,0.14246930738813546,5232,77,test_b,-0.019620913565398634,0.5377548312631664,0.023071036604656335
Robin_office_Soledad,13,48,-0.057669657881549874,-0.0821993537247181,0.015156344354646079,5232,77,test_b,-0.060186006404065795,0.020748829773471426,0.08471109384924368
Robin_office_Victor,14,48,0.6651160308727317,-0.3384199844052394,0.13231108285676038,5232,77,test_b,-0.005084325589307159,0.6231928015304234,0.03970286117220646
Robin_office_Wai,15,48,0.4057469693114526,0.1983000923258563,0.05320630433793219,5232,77,test_b,0.10851607259869633,0.5465831171927383,0.30664519394353407
Robin_office_Zelma,16,48,0.22384706187599523,-0.30087310324112576,0.09669135034159011,5232,77,test_b,0.11813700975862773,0.17127978631733076,0.0849311616411693
Robin_office_Addie,0,48,-0.8957229991169848,0.19939848004529873,0.9682567290342498,5256,78,test_b,-0.006797473176449742,-1.0815176448000121,0.1841095672280723
Robin_office_Adolph,1,48,0.18410111786397285,0.010137133610745272,0.01062868061647565,5256,78,test_b,-0.0019373672181685342,0.1907011473446957,0.011593163009729566
Robin_office_Antonina,2,48,0.1418297744719884,0.005318174293885629,0.04354785040603997,5256,78,test_b,0.01820302674096974,0.3158761119005041,0.20081194439920214
Robin_office_Dina,3,48,-0.22703197421036497,-0.0018076878041028976,0.021697300080474602,5256,78,test_b,0.0010841714790446044,-0.2178819904624625,0.018332908368787898
Robin_office_Donald,4,48,-0.3915728068177592,-0.10572101424137752,0.07553513660152156,5256,78,test_b,0.0023556393404535747,-0.39826474255922556,0.03356894763162719
Robin_office_Erma,5,48,-0.05802114364121658,0.1178302598806719,0.07497387101734944,5256,78,test_b,0.042757431690079395,-0.008521122942511386,0.29308700718495456
Robin_office_Gayle,6,48,0.05687343388883925,-0.03881219223452111,0.026421889685712314,5256,78,test_b,0.002554719077855039,0.07694309914286179,0.029112124387817302
Robin_office_Lindsay,7,48,-0.3903923153911102,0.02898989866177241,0.006067029892603622,5256,78,test_b,0.006306873102037702,-0.3926421064460304,0.11173406867331503
Robin_office_Maryann,8,48,-0.22504937993934915,-0.29065615773045766,0.26833487283196855,5256,78,test_b,0.001554142338475839,-0.4080482383705099,0.1568080712272977
Robin_office_Sammie,9,48,-0.965238691512686,0.03063298265139262,0.037336080311637744,5256,78,test_b,-0.005493743263825235,-0.9771685915852609,0.048080494264422576
Robin_office_Saul,10,48,-0.293517909460268,0.06965005894502004,0.032954564090503645,5256,78,test_b,-0.009185796691396853,-0.34172402497956655,0.08367552878173574
Robin_office_Serena,11,48,0.8762274168990609,-0.046962049789726734,0.023745619009944513,5256,78,test_b,0.019465112299212106,0.8481528253939506,0.060003595784734846
Robin_office_Shirlene,12,48,0.5298329505309187,-0.01047723771383365,0.027157547556313263,5256,78,test_b,0.0019417518345898888,0.5346832836311924,0.027316700697857476
Robin_office_Soledad,13,48,-0.07430891743017787,0.026863218595584232,0.005885139545522611,5256,78,test_b,0.0002636773307234108,-0.11239914296795502,0.09719965122428416
Robin_office_Victor,14,48,0.659671872166504,0.02750915785630544,0.05081600150386097,5256,78,test_b,-0.002346066717514139,0.6464972290810287,0.0174287132624614
Robin_office_Wai,15,48,0.3733821833514096,-0.009584500609586636,0.02335657709189202,5256,78,test_b,-0.06895758142920372,0.5594458775756095,0.1488453412208642
Robin_office_Zelma,16,48,0.2662810701655465,-0.016998255004485447,0.020081703065535878,5256,78,test_b,0.010451664466991417,0.30663887663348627,0.06695223922385363
Robin_office_Addie,0,48,-1.4384367833004679,-0.9430993932764977,1.5422776841003838,5280,79,test_b,-0.3514047856121505,-1.4749573255827755,0.3388315922401455
Robin_office_Adolph,1,48,0.22694553233305204,0.11761007908110817,0.050013394164144236,5280,79,test_b,0.03288738909434119,0.22642395893181458,0.02529966381382041
Robin_office_Antonina,2,48,0.2784156579652194,-0.025994874226550262,0.06763560308485712,5280,79,test_b,0.06744786662180169,0.5152294955057682,0.24431886665829383
Robin_office_Dina,3,48,-0.21793916594352508,0.2405268376072248,0.09618836179380608,5280,79,test_b,0.00811622450990368,-0.22697424976394265,0.005115547381867933
Robin_office_Donald,4,48,-0.4607619035509294,0.3786052881429593,0.1879662281798343,5280,79,test_b,-0.04875430853018192,-0.41793967857088393,0.02051031751368125
Robin_office_Erma,5,48,-0.06753897684545951,-0.4404768204937379,0.24585178269521327,5280,79,test_b,0.00152219212691862,-0.24445887759896115,0.18518282069763847
Robin_office_Gayle,6,48,0.06456248188443636,0.26426265272311866,0.11333551183604275,5280,79,test_b,0.007704489659993208,0.06087345400937097,0.004654038137346049
Robin_office_Lindsay,7,48,-0.46564280887097564,0.15376143033305803,0.044832771740217124,5280,79,test_b,-0.054228988359040775,-0.5565233815932421,0.1205821117173821
Robin_office_Maryann,8,48,-0.04209845830477987,-0.8278954146662727,0.7814748617547504,5280,79,test_b,0.09488458425660617,-0.29651950766597257,0.11953823431854452
Robin_office_Sammie,9,48,-0.8868285772418503,0.2653311789035797,0.10494226480248962,5280,79,test_b,0.05760555510521859,-0.9567206607540149,0.03108364675411386
Robin_office_Saul,10,48,-0.4057657350955943,-0.1973852515220642,0.07466144876975041,5280,79,test_b,-0.06854938942025424,-0.3884316870775313,0.06003144154117866
Robin_office_Serena,11,48,0.941711901678051,-0.03544452056909601,0.033233296444826456,5280,79,test_b,0.07584475945164537,1.0043172090071961,0.13674625587844322
Robin_office_Shirlene,12,48,0.5146902597375893,0.23010786840071282,0.09893343050682561,5280,79,test_b,-0.009388846788451977,0.49727430368309467,0.02373722646600409
Robin_office_Soledad,13,48,-0.20682263153347524,0.12064739937583606,0.026820669708380374,5280,79,test_b,-0.09513606149553855,-0.12125196880653787,0.040294093345425344
Robin_office_Victor,14,48,0.6623109098532614,0.28383632749319077,0.14140073697472055,5280,79,test_b,0.0032778620501339173,0.652765263614914,0.007958660158013917
Robin_office_Wai,15,48,0.5706459406440185,-0.14669967745430768,0.0878238113728697,5280,79,test_b,0.13059409211277762,0.7227900307269777,0.30547949580652284
Robin_office_Zelma,16,48,0.36225804722158284,0.20520898948113123,0.06532604839073082,5280,79,test_b,0.058337860923558305,0.3527959269449113,0.05244043850304208
