panel,arm,seed,variant,origin,timestamp,primary
jena,F0_LONG,0,selected,42048,2024-10-19T00:10:00.000000000,0.12406121882157399
jena,F0_LONG,0,selected,42192,2024-10-20T00:10:00.000000000,0.10455254161014943
jena,F0_LONG,0,selected,42336,2024-10-21T00:10:00.000000000,0.11487118927267234
jena,F0_LONG,0,selected,42480,2024-10-22T00:10:00.000000000,0.2699240808177751
jena,F0_LONG,0,selected,42624,2024-10-23T00:10:00.000000000,0.1401521888331335
jena,F0_LONG,0,selected,42768,2024-10-24T00:10:00.000000000,0.2062199806676946
jena,F0_LONG,0,selected,42912,2024-10-25T00:10:00.000000000,0.10714899782193565
jena,F0_LONG,0,selected,43056,2024-10-26T00:10:00.000000000,0.13024344512424407
jena,F0_LONG,0,selected,43200,2024-10-27T00:10:00.000000000,0.14609560857835255
jena,F0_LONG,0,selected,43344,2024-10-28T00:10:00.000000000,0.11803943300343882
jena,F0_LONG,0,selected,43488,2024-10-29T00:10:00.000000000,0.15417492629051985
jena,F0_LONG,0,selected,43632,2024-10-30T00:10:00.000000000,0.1455692827324934
jena,F0_LONG,0,selected,43776,2024-10-31T00:10:00.000000000,0.12116018556138497
jena,F0_LONG,0,selected,43920,2024-11-01T00:10:00.000000000,0.13918753035237946
jena,F0_LONG,0,selected,44064,2024-11-02T00:10:00.000000000,0.31777947105335513
jena,F0_LONG,0,selected,44208,2024-11-03T00:10:00.000000000,0.15622624971501395
jena,F0_LONG,0,selected,44352,2024-11-04T00:10:00.000000000,0.18671843728475968
jena,F0_LONG,0,selected,44496,2024-11-05T00:10:00.000000000,0.13763485852379
jena,F0_LONG,0,selected,44640,2024-11-06T00:10:00.000000000,0.1908289391727196
jena,F0_LONG,0,selected,44784,2024-11-07T00:10:00.000000000,0.17229462777719026
jena,F0_LONG,0,selected,44928,2024-11-08T00:10:00.000000000,0.1392093065868808
jena,F0_LONG,0,selected,45072,2024-11-09T00:10:00.000000000,0.191154189903282
jena,F0_LONG,0,selected,45216,2024-11-10T00:10:00.000000000,0.12197291434199149
jena,F0_LONG,0,selected,45360,2024-11-11T00:10:00.000000000,0.20053510837718797
jena,F0_LONG,0,selected,45504,2024-11-12T00:10:00.000000000,0.23394715594758692
jena,F0_LONG,0,selected,45648,2024-11-13T00:10:00.000000000,0.12575728980740297
jena,F0_LONG,0,selected,45792,2024-11-14T00:10:00.000000000,0.20680504059187568
jena,F0_LONG,0,selected,45936,2024-11-15T00:10:00.000000000,0.1367685448420492
jena,F0_LONG,0,selected,46080,2024-11-16T00:10:00.000000000,0.13298828632072476
jena,F0_LONG,0,selected,46224,2024-11-17T00:10:00.000000000,0.1572591361288157
jena,F0_LONG,0,selected,46368,2024-11-18T00:10:00.000000000,0.15527833011628436
jena,F0_LONG,0,selected,46512,2024-11-19T00:10:00.000000000,0.4694471192848563
jena,F0_LONG,0,selected,46656,2024-11-20T00:10:00.000000000,0.14337736552705216
jena,F0_LONG,0,selected,46800,2024-11-21T00:10:00.000000000,0.1765233344012463
jena,F0_LONG,0,selected,46944,2024-11-22T00:10:00.000000000,0.18377849081535472
jena,F0_LONG,0,selected,47088,2024-11-23T00:10:00.000000000,0.19132570805724053
jena,F0_LONG,0,selected,47232,2024-11-24T00:10:00.000000000,0.3253466465769333
jena,F0_LONG,0,selected,47376,2024-11-25T00:10:00.000000000,0.18684711855673844
jena,F0_LONG,0,selected,47520,2024-11-26T00:10:00.000000000,0.3171970945907395
jena,F0_LONG,0,selected,47664,2024-11-27T00:10:00.000000000,0.2287927476853333
jena,F0_LONG,0,selected,47808,2024-11-28T00:10:00.000000000,0.2630265862388348
jena,F0_LONG,0,selected,47952,2024-11-29T00:10:00.000000000,0.1665556585658002
jena,F0_LONG,0,selected,48096,2024-11-30T00:10:00.000000000,0.16257437535219948
jena,F0_LONG,0,selected,48240,2024-12-01T00:10:00.000000000,0.14039582417902616
jena,F0_LONG,0,selected,48384,2024-12-02T00:10:00.000000000,0.16013171996065323
jena,F0_LONG,0,selected,48528,2024-12-03T00:10:00.000000000,0.17494499208213804
jena,F0_LONG,0,selected,48672,2024-12-04T00:10:00.000000000,0.10609587905137789
jena,F0_LONG,0,selected,48816,2024-12-05T00:10:00.000000000,0.2203979228742887
jena,F0_LONG,0,selected,48960,2024-12-06T00:10:00.000000000,0.29003404105272373
jena,F0_LONG,0,selected,49104,2024-12-07T00:10:00.000000000,0.25346561028001874
jena,F0_LONG,0,selected,49248,2024-12-08T00:10:00.000000000,0.27143633028535546
jena,F0_LONG,0,selected,49392,2024-12-09T00:10:00.000000000,0.17964587003539378
jena,F0_LONG,0,selected,49536,2024-12-10T00:10:00.000000000,0.12537361200447675
jena,F0_LONG,0,selected,49680,2024-12-11T00:10:00.000000000,0.14284756277850155
jena,F0_LONG,0,selected,49824,2024-12-12T00:10:00.000000000,0.10466897204587462
jena,F0_LONG,0,selected,49968,2024-12-13T00:10:00.000000000,0.1252593527745327
jena,F0_LONG,0,selected,50112,2024-12-14T00:10:00.000000000,0.11411850014438654
jena,F0_LONG,0,selected,50256,2024-12-15T00:10:00.000000000,0.1966736809658165
jena,F0_LONG,0,selected,50400,2024-12-16T00:10:00.000000000,0.1522857007745988
jena,F0_LONG,0,selected,50544,2024-12-17T00:10:00.000000000,0.09186679773941503
jena,F0_LONG,0,selected,50688,2024-12-18T00:10:00.000000000,0.32908290608684193
jena,F0_LONG,0,selected,50832,2024-12-19T00:10:00.000000000,0.3026803815106932
jena,F0_LONG,0,selected,50976,2024-12-20T00:10:00.000000000,0.1241443151837229
jena,F0_LONG,0,selected,51120,2024-12-21T00:10:00.000000000,0.3056769402336931
jena,F0_LONG,0,selected,51264,2024-12-22T00:10:00.000000000,0.2938073112545196
jena,F0_LONG,0,selected,51408,2024-12-23T00:10:00.000000000,0.1418966900093249
jena,F0_LONG,0,selected,51552,2024-12-24T00:10:00.000000000,0.11465277551273316
jena,F0_LONG,0,selected,51696,2024-12-25T00:10:00.000000000,0.14580749505865226
jena,F0_LONG,0,selected,51840,2024-12-26T00:10:00.000000000,0.1502413617124935
jena,F0_LONG,0,selected,51984,2024-12-27T00:10:00.000000000,0.18368018603651665
jena,F0_LONG,0,selected,52128,2024-12-28T00:10:00.000000000,0.14897229879286739
jena,F0_LONG,0,selected,52272,2024-12-29T00:10:00.000000000,0.16039950521503832
jena,F0_LONG,0,selected,52416,2024-12-30T00:10:00.000000000,0.13856246324926463
jena,F0_LONG,0,selected,52560,2024-12-31T00:10:00.000000000,0.11486905044416862
jena,F0_SHORT,0,selected,42048,2024-10-19T00:10:00.000000000,0.13738841572967986
jena,F0_SHORT,0,selected,42192,2024-10-20T00:10:00.000000000,0.1251868021227581
jena,F0_SHORT,0,selected,42336,2024-10-21T00:10:00.000000000,0.11039845882287395
jena,F0_SHORT,0,selected,42480,2024-10-22T00:10:00.000000000,0.27086936184137905
jena,F0_SHORT,0,selected,42624,2024-10-23T00:10:00.000000000,0.16994280008146137
jena,F0_SHORT,0,selected,42768,2024-10-24T00:10:00.000000000,0.16983690252430042
jena,F0_SHORT,0,selected,42912,2024-10-25T00:10:00.000000000,0.11736090548463483
jena,F0_SHORT,0,selected,43056,2024-10-26T00:10:00.000000000,0.1432921127017253
jena,F0_SHORT,0,selected,43200,2024-10-27T00:10:00.000000000,0.16568663916945
jena,F0_SHORT,0,selected,43344,2024-10-28T00:10:00.000000000,0.145917248199525
jena,F0_SHORT,0,selected,43488,2024-10-29T00:10:00.000000000,0.14824729765957093
jena,F0_SHORT,0,selected,43632,2024-10-30T00:10:00.000000000,0.15436362284700747
jena,F0_SHORT,0,selected,43776,2024-10-31T00:10:00.000000000,0.14303320821348686
jena,F0_SHORT,0,selected,43920,2024-11-01T00:10:00.000000000,0.20497891965950385
jena,F0_SHORT,0,selected,44064,2024-11-02T00:10:00.000000000,0.3199449364909902
jena,F0_SHORT,0,selected,44208,2024-11-03T00:10:00.000000000,0.14793988074680847
jena,F0_SHORT,0,selected,44352,2024-11-04T00:10:00.000000000,0.1601321962520003
jena,F0_SHORT,0,selected,44496,2024-11-05T00:10:00.000000000,0.13918068960894428
jena,F0_SHORT,0,selected,44640,2024-11-06T00:10:00.000000000,0.1632967037106089
jena,F0_SHORT,0,selected,44784,2024-11-07T00:10:00.000000000,0.17920552751463367
jena,F0_SHORT,0,selected,44928,2024-11-08T00:10:00.000000000,0.13517134849624396
jena,F0_SHORT,0,selected,45072,2024-11-09T00:10:00.000000000,0.19736581169987746
jena,F0_SHORT,0,selected,45216,2024-11-10T00:10:00.000000000,0.18339925167179022
jena,F0_SHORT,0,selected,45360,2024-11-11T00:10:00.000000000,0.19659754115830905
jena,F0_SHORT,0,selected,45504,2024-11-12T00:10:00.000000000,0.24123905962685802
jena,F0_SHORT,0,selected,45648,2024-11-13T00:10:00.000000000,0.13301200621566908
jena,F0_SHORT,0,selected,45792,2024-11-14T00:10:00.000000000,0.2305267945347159
jena,F0_SHORT,0,selected,45936,2024-11-15T00:10:00.000000000,0.1079423831171683
jena,F0_SHORT,0,selected,46080,2024-11-16T00:10:00.000000000,0.14341669891260603
jena,F0_SHORT,0,selected,46224,2024-11-17T00:10:00.000000000,0.14766764447004166
jena,F0_SHORT,0,selected,46368,2024-11-18T00:10:00.000000000,0.16459090658996797
jena,F0_SHORT,0,selected,46512,2024-11-19T00:10:00.000000000,0.5057801681358205
jena,F0_SHORT,0,selected,46656,2024-11-20T00:10:00.000000000,0.13301121555193388
jena,F0_SHORT,0,selected,46800,2024-11-21T00:10:00.000000000,0.18944426030177564
jena,F0_SHORT,0,selected,46944,2024-11-22T00:10:00.000000000,0.16888148152869306
jena,F0_SHORT,0,selected,47088,2024-11-23T00:10:00.000000000,0.1795261976585401
jena,F0_SHORT,0,selected,47232,2024-11-24T00:10:00.000000000,0.40452349005808247
jena,F0_SHORT,0,selected,47376,2024-11-25T00:10:00.000000000,0.24419328539289842
jena,F0_SHORT,0,selected,47520,2024-11-26T00:10:00.000000000,0.24692989781703356
jena,F0_SHORT,0,selected,47664,2024-11-27T00:10:00.000000000,0.2332845673663889
jena,F0_SHORT,0,selected,47808,2024-11-28T00:10:00.000000000,0.31486464260404173
jena,F0_SHORT,0,selected,47952,2024-11-29T00:10:00.000000000,0.18823543006231339
jena,F0_SHORT,0,selected,48096,2024-11-30T00:10:00.000000000,0.17269889763287932
jena,F0_SHORT,0,selected,48240,2024-12-01T00:10:00.000000000,0.11866994125806694
jena,F0_SHORT,0,selected,48384,2024-12-02T00:10:00.000000000,0.17097066538626388
jena,F0_SHORT,0,selected,48528,2024-12-03T00:10:00.000000000,0.17821997623908054
jena,F0_SHORT,0,selected,48672,2024-12-04T00:10:00.000000000,0.13542807529323136
jena,F0_SHORT,0,selected,48816,2024-12-05T00:10:00.000000000,0.22421021680208358
jena,F0_SHORT,0,selected,48960,2024-12-06T00:10:00.000000000,0.277279097028332
jena,F0_SHORT,0,selected,49104,2024-12-07T00:10:00.000000000,0.23262310544546536
jena,F0_SHORT,0,selected,49248,2024-12-08T00:10:00.000000000,0.28311639971094554
jena,F0_SHORT,0,selected,49392,2024-12-09T00:10:00.000000000,0.1748449858105355
jena,F0_SHORT,0,selected,49536,2024-12-10T00:10:00.000000000,0.128087110890359
jena,F0_SHORT,0,selected,49680,2024-12-11T00:10:00.000000000,0.15643551971120861
jena,F0_SHORT,0,selected,49824,2024-12-12T00:10:00.000000000,0.10023187661714775
jena,F0_SHORT,0,selected,49968,2024-12-13T00:10:00.000000000,0.1363681222328351
jena,F0_SHORT,0,selected,50112,2024-12-14T00:10:00.000000000,0.12503383894235226
jena,F0_SHORT,0,selected,50256,2024-12-15T00:10:00.000000000,0.23878039781882546
jena,F0_SHORT,0,selected,50400,2024-12-16T00:10:00.000000000,0.14714479114094356
jena,F0_SHORT,0,selected,50544,2024-12-17T00:10:00.000000000,0.08383474348249137
jena,F0_SHORT,0,selected,50688,2024-12-18T00:10:00.000000000,0.34128682110137887
jena,F0_SHORT,0,selected,50832,2024-12-19T00:10:00.000000000,0.2813614504440832
jena,F0_SHORT,0,selected,50976,2024-12-20T00:10:00.000000000,0.1945371841480959
jena,F0_SHORT,0,selected,51120,2024-12-21T00:10:00.000000000,0.2309396593386903
jena,F0_SHORT,0,selected,51264,2024-12-22T00:10:00.000000000,0.28536168884857804
jena,F0_SHORT,0,selected,51408,2024-12-23T00:10:00.000000000,0.13558737698879367
jena,F0_SHORT,0,selected,51552,2024-12-24T00:10:00.000000000,0.11026461401863223
jena,F0_SHORT,0,selected,51696,2024-12-25T00:10:00.000000000,0.16796308060066678
jena,F0_SHORT,0,selected,51840,2024-12-26T00:10:00.000000000,0.14407383103976312
jena,F0_SHORT,0,selected,51984,2024-12-27T00:10:00.000000000,0.18881285592112818
jena,F0_SHORT,0,selected,52128,2024-12-28T00:10:00.000000000,0.19769354811996478
jena,F0_SHORT,0,selected,52272,2024-12-29T00:10:00.000000000,0.1651723953239451
jena,F0_SHORT,0,selected,52416,2024-12-30T00:10:00.000000000,0.14906320775847443
jena,F0_SHORT,0,selected,52560,2024-12-31T00:10:00.000000000,0.12413770021594127
jena,SEASONAL_NAIVE,0,selected,42048,2024-10-19T00:10:00.000000000,0.2530522522215673
jena,SEASONAL_NAIVE,0,selected,42192,2024-10-20T00:10:00.000000000,0.21202824943346435
jena,SEASONAL_NAIVE,0,selected,42336,2024-10-21T00:10:00.000000000,0.24954256506461928
jena,SEASONAL_NAIVE,0,selected,42480,2024-10-22T00:10:00.000000000,0.37631466567544214
jena,SEASONAL_NAIVE,0,selected,42624,2024-10-23T00:10:00.000000000,0.5364120465150788
jena,SEASONAL_NAIVE,0,selected,42768,2024-10-24T00:10:00.000000000,0.3453846450319549
jena,SEASONAL_NAIVE,0,selected,42912,2024-10-25T00:10:00.000000000,0.42841321301811497
jena,SEASONAL_NAIVE,0,selected,43056,2024-10-26T00:10:00.000000000,0.27361113854602825
jena,SEASONAL_NAIVE,0,selected,43200,2024-10-27T00:10:00.000000000,0.280429861158832
jena,SEASONAL_NAIVE,0,selected,43344,2024-10-28T00:10:00.000000000,0.3367276372539234
jena,SEASONAL_NAIVE,0,selected,43488,2024-10-29T00:10:00.000000000,0.34019056383606433
jena,SEASONAL_NAIVE,0,selected,43632,2024-10-30T00:10:00.000000000,0.29626420528043085
jena,SEASONAL_NAIVE,0,selected,43776,2024-10-31T00:10:00.000000000,0.25648373352583287
jena,SEASONAL_NAIVE,0,selected,43920,2024-11-01T00:10:00.000000000,0.35889301928049694
jena,SEASONAL_NAIVE,0,selected,44064,2024-11-02T00:10:00.000000000,0.5333812192606219
jena,SEASONAL_NAIVE,0,selected,44208,2024-11-03T00:10:00.000000000,0.5331060497480095
jena,SEASONAL_NAIVE,0,selected,44352,2024-11-04T00:10:00.000000000,0.25275429758946427
jena,SEASONAL_NAIVE,0,selected,44496,2024-11-05T00:10:00.000000000,0.3435809570211366
jena,SEASONAL_NAIVE,0,selected,44640,2024-11-06T00:10:00.000000000,0.2937143701074816
jena,SEASONAL_NAIVE,0,selected,44784,2024-11-07T00:10:00.000000000,0.273772813971189
jena,SEASONAL_NAIVE,0,selected,44928,2024-11-08T00:10:00.000000000,0.2581511809135959
jena,SEASONAL_NAIVE,0,selected,45072,2024-11-09T00:10:00.000000000,0.36621726261080906
jena,SEASONAL_NAIVE,0,selected,45216,2024-11-10T00:10:00.000000000,0.3841938422615376
jena,SEASONAL_NAIVE,0,selected,45360,2024-11-11T00:10:00.000000000,0.40460868129959443
jena,SEASONAL_NAIVE,0,selected,45504,2024-11-12T00:10:00.000000000,0.43057180661110434
jena,SEASONAL_NAIVE,0,selected,45648,2024-11-13T00:10:00.000000000,0.3550549568137181
jena,SEASONAL_NAIVE,0,selected,45792,2024-11-14T00:10:00.000000000,0.27799887746640073
jena,SEASONAL_NAIVE,0,selected,45936,2024-11-15T00:10:00.000000000,0.35111053013403926
jena,SEASONAL_NAIVE,0,selected,46080,2024-11-16T00:10:00.000000000,0.2906428176799503
jena,SEASONAL_NAIVE,0,selected,46224,2024-11-17T00:10:00.000000000,0.3205147919237764
jena,SEASONAL_NAIVE,0,selected,46368,2024-11-18T00:10:00.000000000,0.3504675247767928
jena,SEASONAL_NAIVE,0,selected,46512,2024-11-19T00:10:00.000000000,0.6560013111135496
jena,SEASONAL_NAIVE,0,selected,46656,2024-11-20T00:10:00.000000000,0.6504797778139496
jena,SEASONAL_NAIVE,0,selected,46800,2024-11-21T00:10:00.000000000,0.29284371362322487
jena,SEASONAL_NAIVE,0,selected,46944,2024-11-22T00:10:00.000000000,0.31646882186451525
jena,SEASONAL_NAIVE,0,selected,47088,2024-11-23T00:10:00.000000000,0.3576367499813023
jena,SEASONAL_NAIVE,0,selected,47232,2024-11-24T00:10:00.000000000,0.7235007737549985
jena,SEASONAL_NAIVE,0,selected,47376,2024-11-25T00:10:00.000000000,0.4269438856334074
jena,SEASONAL_NAIVE,0,selected,47520,2024-11-26T00:10:00.000000000,0.5719704511559284
jena,SEASONAL_NAIVE,0,selected,47664,2024-11-27T00:10:00.000000000,0.47351487802217307
jena,SEASONAL_NAIVE,0,selected,47808,2024-11-28T00:10:00.000000000,0.5301224180382159
jena,SEASONAL_NAIVE,0,selected,47952,2024-11-29T00:10:00.000000000,0.49194630294666863
jena,SEASONAL_NAIVE,0,selected,48096,2024-11-30T00:10:00.000000000,0.30986942476377477
jena,SEASONAL_NAIVE,0,selected,48240,2024-12-01T00:10:00.000000000,0.21516710948858622
jena,SEASONAL_NAIVE,0,selected,48384,2024-12-02T00:10:00.000000000,0.3633428835203017
jena,SEASONAL_NAIVE,0,selected,48528,2024-12-03T00:10:00.000000000,0.33383671497531187
jena,SEASONAL_NAIVE,0,selected,48672,2024-12-04T00:10:00.000000000,0.31304491404558654
jena,SEASONAL_NAIVE,0,selected,48816,2024-12-05T00:10:00.000000000,0.331042641883038
jena,SEASONAL_NAIVE,0,selected,48960,2024-12-06T00:10:00.000000000,0.6620140804307566
jena,SEASONAL_NAIVE,0,selected,49104,2024-12-07T00:10:00.000000000,0.4205075292211212
jena,SEASONAL_NAIVE,0,selected,49248,2024-12-08T00:10:00.000000000,0.48750372383960267
jena,SEASONAL_NAIVE,0,selected,49392,2024-12-09T00:10:00.000000000,0.48038891404437195
jena,SEASONAL_NAIVE,0,selected,49536,2024-12-10T00:10:00.000000000,0.2590168365268662
jena,SEASONAL_NAIVE,0,selected,49680,2024-12-11T00:10:00.000000000,0.3333034941164764
jena,SEASONAL_NAIVE,0,selected,49824,2024-12-12T00:10:00.000000000,0.2707761245314761
jena,SEASONAL_NAIVE,0,selected,49968,2024-12-13T00:10:00.000000000,0.27897440283160874
jena,SEASONAL_NAIVE,0,selected,50112,2024-12-14T00:10:00.000000000,0.311967037842589
jena,SEASONAL_NAIVE,0,selected,50256,2024-12-15T00:10:00.000000000,0.4254534432472993
jena,SEASONAL_NAIVE,0,selected,50400,2024-12-16T00:10:00.000000000,0.4542246198574838
jena,SEASONAL_NAIVE,0,selected,50544,2024-12-17T00:10:00.000000000,0.2056653613192354
jena,SEASONAL_NAIVE,0,selected,50688,2024-12-18T00:10:00.000000000,0.37115130311940536
jena,SEASONAL_NAIVE,0,selected,50832,2024-12-19T00:10:00.000000000,0.563814228954465
jena,SEASONAL_NAIVE,0,selected,50976,2024-12-20T00:10:00.000000000,0.6736624980530136
jena,SEASONAL_NAIVE,0,selected,51120,2024-12-21T00:10:00.000000000,0.34001112918516324
jena,SEASONAL_NAIVE,0,selected,51264,2024-12-22T00:10:00.000000000,0.49546216158566686
jena,SEASONAL_NAIVE,0,selected,51408,2024-12-23T00:10:00.000000000,0.436076957988544
jena,SEASONAL_NAIVE,0,selected,51552,2024-12-24T00:10:00.000000000,0.32947738067942123
jena,SEASONAL_NAIVE,0,selected,51696,2024-12-25T00:10:00.000000000,0.3256029367602274
jena,SEASONAL_NAIVE,0,selected,51840,2024-12-26T00:10:00.000000000,0.30090607687014054
jena,SEASONAL_NAIVE,0,selected,51984,2024-12-27T00:10:00.000000000,0.3552404015188999
jena,SEASONAL_NAIVE,0,selected,52128,2024-12-28T00:10:00.000000000,0.24773175467804345
jena,SEASONAL_NAIVE,0,selected,52272,2024-12-29T00:10:00.000000000,0.19276109666575086
jena,SEASONAL_NAIVE,0,selected,52416,2024-12-30T00:10:00.000000000,0.17741896707633453
jena,SEASONAL_NAIVE,0,selected,52560,2024-12-31T00:10:00.000000000,0.24083076952515792
jena,HEAD,92601,selected,42048,2024-10-19T00:10:00.000000000,0.1329754068935438
jena,HEAD,92601,selected,42192,2024-10-20T00:10:00.000000000,0.11525147521408516
jena,HEAD,92601,selected,42336,2024-10-21T00:10:00.000000000,0.12377563131422811
jena,HEAD,92601,selected,42480,2024-10-22T00:10:00.000000000,0.2495683677226789
jena,HEAD,92601,selected,42624,2024-10-23T00:10:00.000000000,0.14685277084584228
jena,HEAD,92601,selected,42768,2024-10-24T00:10:00.000000000,0.19033420553102806
jena,HEAD,92601,selected,42912,2024-10-25T00:10:00.000000000,0.11376299966727309
jena,HEAD,92601,selected,43056,2024-10-26T00:10:00.000000000,0.13237901583401546
jena,HEAD,92601,selected,43200,2024-10-27T00:10:00.000000000,0.13283640409661224
jena,HEAD,92601,selected,43344,2024-10-28T00:10:00.000000000,0.12841220917674248
jena,HEAD,92601,selected,43488,2024-10-29T00:10:00.000000000,0.15294270331173698
jena,HEAD,92601,selected,43632,2024-10-30T00:10:00.000000000,0.13679777396238657
jena,HEAD,92601,selected,43776,2024-10-31T00:10:00.000000000,0.12247734379159562
jena,HEAD,92601,selected,43920,2024-11-01T00:10:00.000000000,0.14702165584715837
jena,HEAD,92601,selected,44064,2024-11-02T00:10:00.000000000,0.3228627109231853
jena,HEAD,92601,selected,44208,2024-11-03T00:10:00.000000000,0.15575758566215098
jena,HEAD,92601,selected,44352,2024-11-04T00:10:00.000000000,0.19770101426035655
jena,HEAD,92601,selected,44496,2024-11-05T00:10:00.000000000,0.13110254286010645
jena,HEAD,92601,selected,44640,2024-11-06T00:10:00.000000000,0.18228285284023135
jena,HEAD,92601,selected,44784,2024-11-07T00:10:00.000000000,0.17623488159148432
jena,HEAD,92601,selected,44928,2024-11-08T00:10:00.000000000,0.13502377819384886
jena,HEAD,92601,selected,45072,2024-11-09T00:10:00.000000000,0.182646363837472
jena,HEAD,92601,selected,45216,2024-11-10T00:10:00.000000000,0.12384804892105244
jena,HEAD,92601,selected,45360,2024-11-11T00:10:00.000000000,0.1969210528024322
jena,HEAD,92601,selected,45504,2024-11-12T00:10:00.000000000,0.19276968793603227
jena,HEAD,92601,selected,45648,2024-11-13T00:10:00.000000000,0.11950113309247538
jena,HEAD,92601,selected,45792,2024-11-14T00:10:00.000000000,0.1990327742840793
jena,HEAD,92601,selected,45936,2024-11-15T00:10:00.000000000,0.13571242025219396
jena,HEAD,92601,selected,46080,2024-11-16T00:10:00.000000000,0.14199984633059032
jena,HEAD,92601,selected,46224,2024-11-17T00:10:00.000000000,0.17229408635001828
jena,HEAD,92601,selected,46368,2024-11-18T00:10:00.000000000,0.15673303820176498
jena,HEAD,92601,selected,46512,2024-11-19T00:10:00.000000000,0.4600968282881824
jena,HEAD,92601,selected,46656,2024-11-20T00:10:00.000000000,0.14555875276500851
jena,HEAD,92601,selected,46800,2024-11-21T00:10:00.000000000,0.18245909080453457
jena,HEAD,92601,selected,46944,2024-11-22T00:10:00.000000000,0.18365351582589592
jena,HEAD,92601,selected,47088,2024-11-23T00:10:00.000000000,0.1822407928670529
jena,HEAD,92601,selected,47232,2024-11-24T00:10:00.000000000,0.32991381097098227
jena,HEAD,92601,selected,47376,2024-11-25T00:10:00.000000000,0.20455677606330577
jena,HEAD,92601,selected,47520,2024-11-26T00:10:00.000000000,0.2887564147887457
jena,HEAD,92601,selected,47664,2024-11-27T00:10:00.000000000,0.22288330884195168
jena,HEAD,92601,selected,47808,2024-11-28T00:10:00.000000000,0.2273829959450822
jena,HEAD,92601,selected,47952,2024-11-29T00:10:00.000000000,0.1810197804644464
jena,HEAD,92601,selected,48096,2024-11-30T00:10:00.000000000,0.14560088018276232
jena,HEAD,92601,selected,48240,2024-12-01T00:10:00.000000000,0.15463011265938484
jena,HEAD,92601,selected,48384,2024-12-02T00:10:00.000000000,0.1529706822346491
jena,HEAD,92601,selected,48528,2024-12-03T00:10:00.000000000,0.1716263552586834
jena,HEAD,92601,selected,48672,2024-12-04T00:10:00.000000000,0.10691719646455351
jena,HEAD,92601,selected,48816,2024-12-05T00:10:00.000000000,0.21763150263174072
jena,HEAD,92601,selected,48960,2024-12-06T00:10:00.000000000,0.26234028342048304
jena,HEAD,92601,selected,49104,2024-12-07T00:10:00.000000000,0.24155305359775886
jena,HEAD,92601,selected,49248,2024-12-08T00:10:00.000000000,0.2741358793449895
jena,HEAD,92601,selected,49392,2024-12-09T00:10:00.000000000,0.19415874676724337
jena,HEAD,92601,selected,49536,2024-12-10T00:10:00.000000000,0.1424100118555309
jena,HEAD,92601,selected,49680,2024-12-11T00:10:00.000000000,0.1481104271416923
jena,HEAD,92601,selected,49824,2024-12-12T00:10:00.000000000,0.11094532565692461
jena,HEAD,92601,selected,49968,2024-12-13T00:10:00.000000000,0.13036171857321227
jena,HEAD,92601,selected,50112,2024-12-14T00:10:00.000000000,0.11372729387654604
jena,HEAD,92601,selected,50256,2024-12-15T00:10:00.000000000,0.18504309657153997
jena,HEAD,92601,selected,50400,2024-12-16T00:10:00.000000000,0.16530163990169147
jena,HEAD,92601,selected,50544,2024-12-17T00:10:00.000000000,0.09517737381513323
jena,HEAD,92601,selected,50688,2024-12-18T00:10:00.000000000,0.3084195825203369
jena,HEAD,92601,selected,50832,2024-12-19T00:10:00.000000000,0.2999024083514928
jena,HEAD,92601,selected,50976,2024-12-20T00:10:00.000000000,0.1210801675775203
jena,HEAD,92601,selected,51120,2024-12-21T00:10:00.000000000,0.29384180730250115
jena,HEAD,92601,selected,51264,2024-12-22T00:10:00.000000000,0.2353749189846162
jena,HEAD,92601,selected,51408,2024-12-23T00:10:00.000000000,0.13964712166080778
jena,HEAD,92601,selected,51552,2024-12-24T00:10:00.000000000,0.1304114216883308
jena,HEAD,92601,selected,51696,2024-12-25T00:10:00.000000000,0.1386631958430931
jena,HEAD,92601,selected,51840,2024-12-26T00:10:00.000000000,0.15689920428763734
jena,HEAD,92601,selected,51984,2024-12-27T00:10:00.000000000,0.20250550894403943
jena,HEAD,92601,selected,52128,2024-12-28T00:10:00.000000000,0.14492110617460974
jena,HEAD,92601,selected,52272,2024-12-29T00:10:00.000000000,0.1685021414319749
jena,HEAD,92601,selected,52416,2024-12-30T00:10:00.000000000,0.14376272245592764
jena,HEAD,92601,selected,52560,2024-12-31T00:10:00.000000000,0.12227666875772407
jena,HEAD,92601,fixed_final,42048,2024-10-19T00:10:00.000000000,0.13290575127032742
jena,HEAD,92601,fixed_final,42192,2024-10-20T00:10:00.000000000,0.10411461193494348
jena,HEAD,92601,fixed_final,42336,2024-10-21T00:10:00.000000000,0.12191203551396214
jena,HEAD,92601,fixed_final,42480,2024-10-22T00:10:00.000000000,0.25125749572253425
jena,HEAD,92601,fixed_final,42624,2024-10-23T00:10:00.000000000,0.1499998842243405
jena,HEAD,92601,fixed_final,42768,2024-10-24T00:10:00.000000000,0.177393728103995
jena,HEAD,92601,fixed_final,42912,2024-10-25T00:10:00.000000000,0.11150951918333048
jena,HEAD,92601,fixed_final,43056,2024-10-26T00:10:00.000000000,0.1332637246300697
jena,HEAD,92601,fixed_final,43200,2024-10-27T00:10:00.000000000,0.12766430286099556
jena,HEAD,92601,fixed_final,43344,2024-10-28T00:10:00.000000000,0.12298012528194063
jena,HEAD,92601,fixed_final,43488,2024-10-29T00:10:00.000000000,0.1522935659316826
jena,HEAD,92601,fixed_final,43632,2024-10-30T00:10:00.000000000,0.13920286848916977
jena,HEAD,92601,fixed_final,43776,2024-10-31T00:10:00.000000000,0.12209875120332166
jena,HEAD,92601,fixed_final,43920,2024-11-01T00:10:00.000000000,0.14528207724085065
jena,HEAD,92601,fixed_final,44064,2024-11-02T00:10:00.000000000,0.33577217607140286
jena,HEAD,92601,fixed_final,44208,2024-11-03T00:10:00.000000000,0.15716926055509456
jena,HEAD,92601,fixed_final,44352,2024-11-04T00:10:00.000000000,0.2152153517562186
jena,HEAD,92601,fixed_final,44496,2024-11-05T00:10:00.000000000,0.1216792390484455
jena,HEAD,92601,fixed_final,44640,2024-11-06T00:10:00.000000000,0.2064696524107515
jena,HEAD,92601,fixed_final,44784,2024-11-07T00:10:00.000000000,0.1997703279231637
jena,HEAD,92601,fixed_final,44928,2024-11-08T00:10:00.000000000,0.12948270276342255
jena,HEAD,92601,fixed_final,45072,2024-11-09T00:10:00.000000000,0.18320454588299512
jena,HEAD,92601,fixed_final,45216,2024-11-10T00:10:00.000000000,0.13140372870713904
jena,HEAD,92601,fixed_final,45360,2024-11-11T00:10:00.000000000,0.19484418204934154
jena,HEAD,92601,fixed_final,45504,2024-11-12T00:10:00.000000000,0.19640915154235805
jena,HEAD,92601,fixed_final,45648,2024-11-13T00:10:00.000000000,0.11870363903875618
jena,HEAD,92601,fixed_final,45792,2024-11-14T00:10:00.000000000,0.19275740844264783
jena,HEAD,92601,fixed_final,45936,2024-11-15T00:10:00.000000000,0.13430885758463834
jena,HEAD,92601,fixed_final,46080,2024-11-16T00:10:00.000000000,0.14404369332811434
jena,HEAD,92601,fixed_final,46224,2024-11-17T00:10:00.000000000,0.17044365860113336
jena,HEAD,92601,fixed_final,46368,2024-11-18T00:10:00.000000000,0.15929109520730428
jena,HEAD,92601,fixed_final,46512,2024-11-19T00:10:00.000000000,0.4520608264176717
jena,HEAD,92601,fixed_final,46656,2024-11-20T00:10:00.000000000,0.15343459073667737
jena,HEAD,92601,fixed_final,46800,2024-11-21T00:10:00.000000000,0.18630895724594168
jena,HEAD,92601,fixed_final,46944,2024-11-22T00:10:00.000000000,0.1808020029682879
jena,HEAD,92601,fixed_final,47088,2024-11-23T00:10:00.000000000,0.1853316236741906
jena,HEAD,92601,fixed_final,47232,2024-11-24T00:10:00.000000000,0.3107341901179661
jena,HEAD,92601,fixed_final,47376,2024-11-25T00:10:00.000000000,0.20194125068338828
jena,HEAD,92601,fixed_final,47520,2024-11-26T00:10:00.000000000,0.29228263490918194
jena,HEAD,92601,fixed_final,47664,2024-11-27T00:10:00.000000000,0.20459411488009277
jena,HEAD,92601,fixed_final,47808,2024-11-28T00:10:00.000000000,0.23136750489875002
jena,HEAD,92601,fixed_final,47952,2024-11-29T00:10:00.000000000,0.19862678834503736
jena,HEAD,92601,fixed_final,48096,2024-11-30T00:10:00.000000000,0.13927983643493735
jena,HEAD,92601,fixed_final,48240,2024-12-01T00:10:00.000000000,0.17157178469052695
jena,HEAD,92601,fixed_final,48384,2024-12-02T00:10:00.000000000,0.14079277890842087
jena,HEAD,92601,fixed_final,48528,2024-12-03T00:10:00.000000000,0.18083997626446224
jena,HEAD,92601,fixed_final,48672,2024-12-04T00:10:00.000000000,0.10889474180024392
jena,HEAD,92601,fixed_final,48816,2024-12-05T00:10:00.000000000,0.2276975820374858
jena,HEAD,92601,fixed_final,48960,2024-12-06T00:10:00.000000000,0.2577014160528076
jena,HEAD,92601,fixed_final,49104,2024-12-07T00:10:00.000000000,0.24256443937965666
jena,HEAD,92601,fixed_final,49248,2024-12-08T00:10:00.000000000,0.2818696008682605
jena,HEAD,92601,fixed_final,49392,2024-12-09T00:10:00.000000000,0.2079272829859537
jena,HEAD,92601,fixed_final,49536,2024-12-10T00:10:00.000000000,0.15138918322237355
jena,HEAD,92601,fixed_final,49680,2024-12-11T00:10:00.000000000,0.14468341401964332
jena,HEAD,92601,fixed_final,49824,2024-12-12T00:10:00.000000000,0.1141140136579194
jena,HEAD,92601,fixed_final,49968,2024-12-13T00:10:00.000000000,0.12376090935386744
jena,HEAD,92601,fixed_final,50112,2024-12-14T00:10:00.000000000,0.11422383214581326
jena,HEAD,92601,fixed_final,50256,2024-12-15T00:10:00.000000000,0.18434057899316342
jena,HEAD,92601,fixed_final,50400,2024-12-16T00:10:00.000000000,0.17820394530616784
jena,HEAD,92601,fixed_final,50544,2024-12-17T00:10:00.000000000,0.08712711099096905
jena,HEAD,92601,fixed_final,50688,2024-12-18T00:10:00.000000000,0.30847800682529664
jena,HEAD,92601,fixed_final,50832,2024-12-19T00:10:00.000000000,0.3011022641518024
jena,HEAD,92601,fixed_final,50976,2024-12-20T00:10:00.000000000,0.11525433327916837
jena,HEAD,92601,fixed_final,51120,2024-12-21T00:10:00.000000000,0.27363029344516393
jena,HEAD,92601,fixed_final,51264,2024-12-22T00:10:00.000000000,0.24262188763523626
jena,HEAD,92601,fixed_final,51408,2024-12-23T00:10:00.000000000,0.14967396293549767
jena,HEAD,92601,fixed_final,51552,2024-12-24T00:10:00.000000000,0.1451669904843922
jena,HEAD,92601,fixed_final,51696,2024-12-25T00:10:00.000000000,0.13014305362415443
jena,HEAD,92601,fixed_final,51840,2024-12-26T00:10:00.000000000,0.17985991510485783
jena,HEAD,92601,fixed_final,51984,2024-12-27T00:10:00.000000000,0.22435505999256372
jena,HEAD,92601,fixed_final,52128,2024-12-28T00:10:00.000000000,0.1436175892742099
jena,HEAD,92601,fixed_final,52272,2024-12-29T00:10:00.000000000,0.17849859481389466
jena,HEAD,92601,fixed_final,52416,2024-12-30T00:10:00.000000000,0.14703008165434
jena,HEAD,92601,fixed_final,52560,2024-12-31T00:10:00.000000000,0.12508243133332525
jena,HEAD,92601,budget_0.5,42048,2024-10-19T00:10:00.000000000,0.1329754068935438
jena,HEAD,92601,budget_0.5,42192,2024-10-20T00:10:00.000000000,0.11525147521408516
jena,HEAD,92601,budget_0.5,42336,2024-10-21T00:10:00.000000000,0.12377563131422811
jena,HEAD,92601,budget_0.5,42480,2024-10-22T00:10:00.000000000,0.2495683677226789
jena,HEAD,92601,budget_0.5,42624,2024-10-23T00:10:00.000000000,0.14685277084584228
jena,HEAD,92601,budget_0.5,42768,2024-10-24T00:10:00.000000000,0.19033420553102806
jena,HEAD,92601,budget_0.5,42912,2024-10-25T00:10:00.000000000,0.11376299966727309
jena,HEAD,92601,budget_0.5,43056,2024-10-26T00:10:00.000000000,0.13237901583401546
jena,HEAD,92601,budget_0.5,43200,2024-10-27T00:10:00.000000000,0.13283640409661224
jena,HEAD,92601,budget_0.5,43344,2024-10-28T00:10:00.000000000,0.12841220917674248
jena,HEAD,92601,budget_0.5,43488,2024-10-29T00:10:00.000000000,0.15294270331173698
jena,HEAD,92601,budget_0.5,43632,2024-10-30T00:10:00.000000000,0.13679777396238657
jena,HEAD,92601,budget_0.5,43776,2024-10-31T00:10:00.000000000,0.12247734379159562
jena,HEAD,92601,budget_0.5,43920,2024-11-01T00:10:00.000000000,0.14702165584715837
jena,HEAD,92601,budget_0.5,44064,2024-11-02T00:10:00.000000000,0.3228627109231853
jena,HEAD,92601,budget_0.5,44208,2024-11-03T00:10:00.000000000,0.15575758566215098
jena,HEAD,92601,budget_0.5,44352,2024-11-04T00:10:00.000000000,0.19770101426035655
jena,HEAD,92601,budget_0.5,44496,2024-11-05T00:10:00.000000000,0.13110254286010645
jena,HEAD,92601,budget_0.5,44640,2024-11-06T00:10:00.000000000,0.18228285284023135
jena,HEAD,92601,budget_0.5,44784,2024-11-07T00:10:00.000000000,0.17623488159148432
jena,HEAD,92601,budget_0.5,44928,2024-11-08T00:10:00.000000000,0.13502377819384886
jena,HEAD,92601,budget_0.5,45072,2024-11-09T00:10:00.000000000,0.182646363837472
jena,HEAD,92601,budget_0.5,45216,2024-11-10T00:10:00.000000000,0.12384804892105244
jena,HEAD,92601,budget_0.5,45360,2024-11-11T00:10:00.000000000,0.1969210528024322
jena,HEAD,92601,budget_0.5,45504,2024-11-12T00:10:00.000000000,0.19276968793603227
jena,HEAD,92601,budget_0.5,45648,2024-11-13T00:10:00.000000000,0.11950113309247538
jena,HEAD,92601,budget_0.5,45792,2024-11-14T00:10:00.000000000,0.1990327742840793
jena,HEAD,92601,budget_0.5,45936,2024-11-15T00:10:00.000000000,0.13571242025219396
jena,HEAD,92601,budget_0.5,46080,2024-11-16T00:10:00.000000000,0.14199984633059032
jena,HEAD,92601,budget_0.5,46224,2024-11-17T00:10:00.000000000,0.17229408635001828
jena,HEAD,92601,budget_0.5,46368,2024-11-18T00:10:00.000000000,0.15673303820176498
jena,HEAD,92601,budget_0.5,46512,2024-11-19T00:10:00.000000000,0.4600968282881824
jena,HEAD,92601,budget_0.5,46656,2024-11-20T00:10:00.000000000,0.14555875276500851
jena,HEAD,92601,budget_0.5,46800,2024-11-21T00:10:00.000000000,0.18245909080453457
jena,HEAD,92601,budget_0.5,46944,2024-11-22T00:10:00.000000000,0.18365351582589592
jena,HEAD,92601,budget_0.5,47088,2024-11-23T00:10:00.000000000,0.1822407928670529
jena,HEAD,92601,budget_0.5,47232,2024-11-24T00:10:00.000000000,0.32991381097098227
jena,HEAD,92601,budget_0.5,47376,2024-11-25T00:10:00.000000000,0.20455677606330577
jena,HEAD,92601,budget_0.5,47520,2024-11-26T00:10:00.000000000,0.2887564147887457
jena,HEAD,92601,budget_0.5,47664,2024-11-27T00:10:00.000000000,0.22288330884195168
jena,HEAD,92601,budget_0.5,47808,2024-11-28T00:10:00.000000000,0.2273829959450822
jena,HEAD,92601,budget_0.5,47952,2024-11-29T00:10:00.000000000,0.1810197804644464
jena,HEAD,92601,budget_0.5,48096,2024-11-30T00:10:00.000000000,0.14560088018276232
jena,HEAD,92601,budget_0.5,48240,2024-12-01T00:10:00.000000000,0.15463011265938484
jena,HEAD,92601,budget_0.5,48384,2024-12-02T00:10:00.000000000,0.1529706822346491
jena,HEAD,92601,budget_0.5,48528,2024-12-03T00:10:00.000000000,0.1716263552586834
jena,HEAD,92601,budget_0.5,48672,2024-12-04T00:10:00.000000000,0.10691719646455351
jena,HEAD,92601,budget_0.5,48816,2024-12-05T00:10:00.000000000,0.21763150263174072
jena,HEAD,92601,budget_0.5,48960,2024-12-06T00:10:00.000000000,0.26234028342048304
jena,HEAD,92601,budget_0.5,49104,2024-12-07T00:10:00.000000000,0.24155305359775886
jena,HEAD,92601,budget_0.5,49248,2024-12-08T00:10:00.000000000,0.2741358793449895
jena,HEAD,92601,budget_0.5,49392,2024-12-09T00:10:00.000000000,0.19415874676724337
jena,HEAD,92601,budget_0.5,49536,2024-12-10T00:10:00.000000000,0.1424100118555309
jena,HEAD,92601,budget_0.5,49680,2024-12-11T00:10:00.000000000,0.1481104271416923
jena,HEAD,92601,budget_0.5,49824,2024-12-12T00:10:00.000000000,0.11094532565692461
jena,HEAD,92601,budget_0.5,49968,2024-12-13T00:10:00.000000000,0.13036171857321227
jena,HEAD,92601,budget_0.5,50112,2024-12-14T00:10:00.000000000,0.11372729387654604
jena,HEAD,92601,budget_0.5,50256,2024-12-15T00:10:00.000000000,0.18504309657153997
jena,HEAD,92601,budget_0.5,50400,2024-12-16T00:10:00.000000000,0.16530163990169147
jena,HEAD,92601,budget_0.5,50544,2024-12-17T00:10:00.000000000,0.09517737381513323
jena,HEAD,92601,budget_0.5,50688,2024-12-18T00:10:00.000000000,0.3084195825203369
jena,HEAD,92601,budget_0.5,50832,2024-12-19T00:10:00.000000000,0.2999024083514928
jena,HEAD,92601,budget_0.5,50976,2024-12-20T00:10:00.000000000,0.1210801675775203
jena,HEAD,92601,budget_0.5,51120,2024-12-21T00:10:00.000000000,0.29384180730250115
jena,HEAD,92601,budget_0.5,51264,2024-12-22T00:10:00.000000000,0.2353749189846162
jena,HEAD,92601,budget_0.5,51408,2024-12-23T00:10:00.000000000,0.13964712166080778
jena,HEAD,92601,budget_0.5,51552,2024-12-24T00:10:00.000000000,0.1304114216883308
jena,HEAD,92601,budget_0.5,51696,2024-12-25T00:10:00.000000000,0.1386631958430931
jena,HEAD,92601,budget_0.5,51840,2024-12-26T00:10:00.000000000,0.15689920428763734
jena,HEAD,92601,budget_0.5,51984,2024-12-27T00:10:00.000000000,0.20250550894403943
jena,HEAD,92601,budget_0.5,52128,2024-12-28T00:10:00.000000000,0.14492110617460974
jena,HEAD,92601,budget_0.5,52272,2024-12-29T00:10:00.000000000,0.1685021414319749
jena,HEAD,92601,budget_0.5,52416,2024-12-30T00:10:00.000000000,0.14376272245592764
jena,HEAD,92601,budget_0.5,52560,2024-12-31T00:10:00.000000000,0.12227666875772407
jena,HEAD,92601,budget_1.0,42048,2024-10-19T00:10:00.000000000,0.1329754068935438
jena,HEAD,92601,budget_1.0,42192,2024-10-20T00:10:00.000000000,0.11525147521408516
jena,HEAD,92601,budget_1.0,42336,2024-10-21T00:10:00.000000000,0.12377563131422811
jena,HEAD,92601,budget_1.0,42480,2024-10-22T00:10:00.000000000,0.2495683677226789
jena,HEAD,92601,budget_1.0,42624,2024-10-23T00:10:00.000000000,0.14685277084584228
jena,HEAD,92601,budget_1.0,42768,2024-10-24T00:10:00.000000000,0.19033420553102806
jena,HEAD,92601,budget_1.0,42912,2024-10-25T00:10:00.000000000,0.11376299966727309
jena,HEAD,92601,budget_1.0,43056,2024-10-26T00:10:00.000000000,0.13237901583401546
jena,HEAD,92601,budget_1.0,43200,2024-10-27T00:10:00.000000000,0.13283640409661224
jena,HEAD,92601,budget_1.0,43344,2024-10-28T00:10:00.000000000,0.12841220917674248
jena,HEAD,92601,budget_1.0,43488,2024-10-29T00:10:00.000000000,0.15294270331173698
jena,HEAD,92601,budget_1.0,43632,2024-10-30T00:10:00.000000000,0.13679777396238657
jena,HEAD,92601,budget_1.0,43776,2024-10-31T00:10:00.000000000,0.12247734379159562
jena,HEAD,92601,budget_1.0,43920,2024-11-01T00:10:00.000000000,0.14702165584715837
jena,HEAD,92601,budget_1.0,44064,2024-11-02T00:10:00.000000000,0.3228627109231853
jena,HEAD,92601,budget_1.0,44208,2024-11-03T00:10:00.000000000,0.15575758566215098
jena,HEAD,92601,budget_1.0,44352,2024-11-04T00:10:00.000000000,0.19770101426035655
jena,HEAD,92601,budget_1.0,44496,2024-11-05T00:10:00.000000000,0.13110254286010645
jena,HEAD,92601,budget_1.0,44640,2024-11-06T00:10:00.000000000,0.18228285284023135
jena,HEAD,92601,budget_1.0,44784,2024-11-07T00:10:00.000000000,0.17623488159148432
jena,HEAD,92601,budget_1.0,44928,2024-11-08T00:10:00.000000000,0.13502377819384886
jena,HEAD,92601,budget_1.0,45072,2024-11-09T00:10:00.000000000,0.182646363837472
jena,HEAD,92601,budget_1.0,45216,2024-11-10T00:10:00.000000000,0.12384804892105244
jena,HEAD,92601,budget_1.0,45360,2024-11-11T00:10:00.000000000,0.1969210528024322
jena,HEAD,92601,budget_1.0,45504,2024-11-12T00:10:00.000000000,0.19276968793603227
jena,HEAD,92601,budget_1.0,45648,2024-11-13T00:10:00.000000000,0.11950113309247538
jena,HEAD,92601,budget_1.0,45792,2024-11-14T00:10:00.000000000,0.1990327742840793
jena,HEAD,92601,budget_1.0,45936,2024-11-15T00:10:00.000000000,0.13571242025219396
jena,HEAD,92601,budget_1.0,46080,2024-11-16T00:10:00.000000000,0.14199984633059032
jena,HEAD,92601,budget_1.0,46224,2024-11-17T00:10:00.000000000,0.17229408635001828
jena,HEAD,92601,budget_1.0,46368,2024-11-18T00:10:00.000000000,0.15673303820176498
jena,HEAD,92601,budget_1.0,46512,2024-11-19T00:10:00.000000000,0.4600968282881824
jena,HEAD,92601,budget_1.0,46656,2024-11-20T00:10:00.000000000,0.14555875276500851
jena,HEAD,92601,budget_1.0,46800,2024-11-21T00:10:00.000000000,0.18245909080453457
jena,HEAD,92601,budget_1.0,46944,2024-11-22T00:10:00.000000000,0.18365351582589592
jena,HEAD,92601,budget_1.0,47088,2024-11-23T00:10:00.000000000,0.1822407928670529
jena,HEAD,92601,budget_1.0,47232,2024-11-24T00:10:00.000000000,0.32991381097098227
jena,HEAD,92601,budget_1.0,47376,2024-11-25T00:10:00.000000000,0.20455677606330577
jena,HEAD,92601,budget_1.0,47520,2024-11-26T00:10:00.000000000,0.2887564147887457
jena,HEAD,92601,budget_1.0,47664,2024-11-27T00:10:00.000000000,0.22288330884195168
jena,HEAD,92601,budget_1.0,47808,2024-11-28T00:10:00.000000000,0.2273829959450822
jena,HEAD,92601,budget_1.0,47952,2024-11-29T00:10:00.000000000,0.1810197804644464
jena,HEAD,92601,budget_1.0,48096,2024-11-30T00:10:00.000000000,0.14560088018276232
jena,HEAD,92601,budget_1.0,48240,2024-12-01T00:10:00.000000000,0.15463011265938484
jena,HEAD,92601,budget_1.0,48384,2024-12-02T00:10:00.000000000,0.1529706822346491
jena,HEAD,92601,budget_1.0,48528,2024-12-03T00:10:00.000000000,0.1716263552586834
jena,HEAD,92601,budget_1.0,48672,2024-12-04T00:10:00.000000000,0.10691719646455351
jena,HEAD,92601,budget_1.0,48816,2024-12-05T00:10:00.000000000,0.21763150263174072
jena,HEAD,92601,budget_1.0,48960,2024-12-06T00:10:00.000000000,0.26234028342048304
jena,HEAD,92601,budget_1.0,49104,2024-12-07T00:10:00.000000000,0.24155305359775886
jena,HEAD,92601,budget_1.0,49248,2024-12-08T00:10:00.000000000,0.2741358793449895
jena,HEAD,92601,budget_1.0,49392,2024-12-09T00:10:00.000000000,0.19415874676724337
jena,HEAD,92601,budget_1.0,49536,2024-12-10T00:10:00.000000000,0.1424100118555309
jena,HEAD,92601,budget_1.0,49680,2024-12-11T00:10:00.000000000,0.1481104271416923
jena,HEAD,92601,budget_1.0,49824,2024-12-12T00:10:00.000000000,0.11094532565692461
jena,HEAD,92601,budget_1.0,49968,2024-12-13T00:10:00.000000000,0.13036171857321227
jena,HEAD,92601,budget_1.0,50112,2024-12-14T00:10:00.000000000,0.11372729387654604
jena,HEAD,92601,budget_1.0,50256,2024-12-15T00:10:00.000000000,0.18504309657153997
jena,HEAD,92601,budget_1.0,50400,2024-12-16T00:10:00.000000000,0.16530163990169147
jena,HEAD,92601,budget_1.0,50544,2024-12-17T00:10:00.000000000,0.09517737381513323
jena,HEAD,92601,budget_1.0,50688,2024-12-18T00:10:00.000000000,0.3084195825203369
jena,HEAD,92601,budget_1.0,50832,2024-12-19T00:10:00.000000000,0.2999024083514928
jena,HEAD,92601,budget_1.0,50976,2024-12-20T00:10:00.000000000,0.1210801675775203
jena,HEAD,92601,budget_1.0,51120,2024-12-21T00:10:00.000000000,0.29384180730250115
jena,HEAD,92601,budget_1.0,51264,2024-12-22T00:10:00.000000000,0.2353749189846162
jena,HEAD,92601,budget_1.0,51408,2024-12-23T00:10:00.000000000,0.13964712166080778
jena,HEAD,92601,budget_1.0,51552,2024-12-24T00:10:00.000000000,0.1304114216883308
jena,HEAD,92601,budget_1.0,51696,2024-12-25T00:10:00.000000000,0.1386631958430931
jena,HEAD,92601,budget_1.0,51840,2024-12-26T00:10:00.000000000,0.15689920428763734
jena,HEAD,92601,budget_1.0,51984,2024-12-27T00:10:00.000000000,0.20250550894403943
jena,HEAD,92601,budget_1.0,52128,2024-12-28T00:10:00.000000000,0.14492110617460974
jena,HEAD,92601,budget_1.0,52272,2024-12-29T00:10:00.000000000,0.1685021414319749
jena,HEAD,92601,budget_1.0,52416,2024-12-30T00:10:00.000000000,0.14376272245592764
jena,HEAD,92601,budget_1.0,52560,2024-12-31T00:10:00.000000000,0.12227666875772407
jena,LORA,92601,selected,42048,2024-10-19T00:10:00.000000000,0.13722846154605617
jena,LORA,92601,selected,42192,2024-10-20T00:10:00.000000000,0.10513635863380252
jena,LORA,92601,selected,42336,2024-10-21T00:10:00.000000000,0.11260801154171711
jena,LORA,92601,selected,42480,2024-10-22T00:10:00.000000000,0.25744226467804626
jena,LORA,92601,selected,42624,2024-10-23T00:10:00.000000000,0.14050264697902284
jena,LORA,92601,selected,42768,2024-10-24T00:10:00.000000000,0.18013415927243284
jena,LORA,92601,selected,42912,2024-10-25T00:10:00.000000000,0.10534517782509502
jena,LORA,92601,selected,43056,2024-10-26T00:10:00.000000000,0.1257619003330483
jena,LORA,92601,selected,43200,2024-10-27T00:10:00.000000000,0.13465910759104857
jena,LORA,92601,selected,43344,2024-10-28T00:10:00.000000000,0.12035822556781384
jena,LORA,92601,selected,43488,2024-10-29T00:10:00.000000000,0.1586386425636841
jena,LORA,92601,selected,43632,2024-10-30T00:10:00.000000000,0.14556503013169672
jena,LORA,92601,selected,43776,2024-10-31T00:10:00.000000000,0.11879158819754582
jena,LORA,92601,selected,43920,2024-11-01T00:10:00.000000000,0.13545259214599245
jena,LORA,92601,selected,44064,2024-11-02T00:10:00.000000000,0.32214856652366086
jena,LORA,92601,selected,44208,2024-11-03T00:10:00.000000000,0.15736699332054332
jena,LORA,92601,selected,44352,2024-11-04T00:10:00.000000000,0.19038664420493445
jena,LORA,92601,selected,44496,2024-11-05T00:10:00.000000000,0.11999507884509837
jena,LORA,92601,selected,44640,2024-11-06T00:10:00.000000000,0.18347804988111807
jena,LORA,92601,selected,44784,2024-11-07T00:10:00.000000000,0.18370888912592082
jena,LORA,92601,selected,44928,2024-11-08T00:10:00.000000000,0.1342096242339615
jena,LORA,92601,selected,45072,2024-11-09T00:10:00.000000000,0.18011185260830198
jena,LORA,92601,selected,45216,2024-11-10T00:10:00.000000000,0.1254264773241316
jena,LORA,92601,selected,45360,2024-11-11T00:10:00.000000000,0.19959784797927851
jena,LORA,92601,selected,45504,2024-11-12T00:10:00.000000000,0.2139981521388044
jena,LORA,92601,selected,45648,2024-11-13T00:10:00.000000000,0.11553180192142198
jena,LORA,92601,selected,45792,2024-11-14T00:10:00.000000000,0.20606768510729018
jena,LORA,92601,selected,45936,2024-11-15T00:10:00.000000000,0.12694220176248625
jena,LORA,92601,selected,46080,2024-11-16T00:10:00.000000000,0.14009889231534173
jena,LORA,92601,selected,46224,2024-11-17T00:10:00.000000000,0.15508524201257
jena,LORA,92601,selected,46368,2024-11-18T00:10:00.000000000,0.15935944446000316
jena,LORA,92601,selected,46512,2024-11-19T00:10:00.000000000,0.4770034552711717
jena,LORA,92601,selected,46656,2024-11-20T00:10:00.000000000,0.14154631617634855
jena,LORA,92601,selected,46800,2024-11-21T00:10:00.000000000,0.1781854125611623
jena,LORA,92601,selected,46944,2024-11-22T00:10:00.000000000,0.1810805446801685
jena,LORA,92601,selected,47088,2024-11-23T00:10:00.000000000,0.18937348523360975
jena,LORA,92601,selected,47232,2024-11-24T00:10:00.000000000,0.31050988501476456
jena,LORA,92601,selected,47376,2024-11-25T00:10:00.000000000,0.19397430286786768
jena,LORA,92601,selected,47520,2024-11-26T00:10:00.000000000,0.26241331153893016
jena,LORA,92601,selected,47664,2024-11-27T00:10:00.000000000,0.2236650497070067
jena,LORA,92601,selected,47808,2024-11-28T00:10:00.000000000,0.2471633509245184
jena,LORA,92601,selected,47952,2024-11-29T00:10:00.000000000,0.16767348046135092
jena,LORA,92601,selected,48096,2024-11-30T00:10:00.000000000,0.14985591627873338
jena,LORA,92601,selected,48240,2024-12-01T00:10:00.000000000,0.12884638597526704
jena,LORA,92601,selected,48384,2024-12-02T00:10:00.000000000,0.1507520002074998
jena,LORA,92601,selected,48528,2024-12-03T00:10:00.000000000,0.17494950340302357
jena,LORA,92601,selected,48672,2024-12-04T00:10:00.000000000,0.11136251395181011
jena,LORA,92601,selected,48816,2024-12-05T00:10:00.000000000,0.21516039230014397
jena,LORA,92601,selected,48960,2024-12-06T00:10:00.000000000,0.2638355748251679
jena,LORA,92601,selected,49104,2024-12-07T00:10:00.000000000,0.24472208484724853
jena,LORA,92601,selected,49248,2024-12-08T00:10:00.000000000,0.2654041413808185
jena,LORA,92601,selected,49392,2024-12-09T00:10:00.000000000,0.19041648126767305
jena,LORA,92601,selected,49536,2024-12-10T00:10:00.000000000,0.12178955554379686
jena,LORA,92601,selected,49680,2024-12-11T00:10:00.000000000,0.1441888299692791
jena,LORA,92601,selected,49824,2024-12-12T00:10:00.000000000,0.10664535243441066
jena,LORA,92601,selected,49968,2024-12-13T00:10:00.000000000,0.12096614545508089
jena,LORA,92601,selected,50112,2024-12-14T00:10:00.000000000,0.11633266404930073
jena,LORA,92601,selected,50256,2024-12-15T00:10:00.000000000,0.18878008284737663
jena,LORA,92601,selected,50400,2024-12-16T00:10:00.000000000,0.16411862763140006
jena,LORA,92601,selected,50544,2024-12-17T00:10:00.000000000,0.0919214283264548
jena,LORA,92601,selected,50688,2024-12-18T00:10:00.000000000,0.32991024298209504
jena,LORA,92601,selected,50832,2024-12-19T00:10:00.000000000,0.29970435457987454
jena,LORA,92601,selected,50976,2024-12-20T00:10:00.000000000,0.11593387736713194
jena,LORA,92601,selected,51120,2024-12-21T00:10:00.000000000,0.2821071544166428
jena,LORA,92601,selected,51264,2024-12-22T00:10:00.000000000,0.2541308560561958
jena,LORA,92601,selected,51408,2024-12-23T00:10:00.000000000,0.13823290503561317
jena,LORA,92601,selected,51552,2024-12-24T00:10:00.000000000,0.1160435920874976
jena,LORA,92601,selected,51696,2024-12-25T00:10:00.000000000,0.13313286066307958
jena,LORA,92601,selected,51840,2024-12-26T00:10:00.000000000,0.1468420262644389
jena,LORA,92601,selected,51984,2024-12-27T00:10:00.000000000,0.18010153293818398
jena,LORA,92601,selected,52128,2024-12-28T00:10:00.000000000,0.14652266482245388
jena,LORA,92601,selected,52272,2024-12-29T00:10:00.000000000,0.16680068745885496
jena,LORA,92601,selected,52416,2024-12-30T00:10:00.000000000,0.13949913393729294
jena,LORA,92601,selected,52560,2024-12-31T00:10:00.000000000,0.11410955776024823
jena,LORA,92601,fixed_final,42048,2024-10-19T00:10:00.000000000,0.12757013590345778
jena,LORA,92601,fixed_final,42192,2024-10-20T00:10:00.000000000,0.10592468829598513
jena,LORA,92601,fixed_final,42336,2024-10-21T00:10:00.000000000,0.09960967078859265
jena,LORA,92601,fixed_final,42480,2024-10-22T00:10:00.000000000,0.26472741973710767
jena,LORA,92601,fixed_final,42624,2024-10-23T00:10:00.000000000,0.2023596156158568
jena,LORA,92601,fixed_final,42768,2024-10-24T00:10:00.000000000,0.1352267232437503
jena,LORA,92601,fixed_final,42912,2024-10-25T00:10:00.000000000,0.10139325830366332
jena,LORA,92601,fixed_final,43056,2024-10-26T00:10:00.000000000,0.16300261579052666
jena,LORA,92601,fixed_final,43200,2024-10-27T00:10:00.000000000,0.14153568647151005
jena,LORA,92601,fixed_final,43344,2024-10-28T00:10:00.000000000,0.14511841475644882
jena,LORA,92601,fixed_final,43488,2024-10-29T00:10:00.000000000,0.1662423612122686
jena,LORA,92601,fixed_final,43632,2024-10-30T00:10:00.000000000,0.14020036937869843
jena,LORA,92601,fixed_final,43776,2024-10-31T00:10:00.000000000,0.10248896043728523
jena,LORA,92601,fixed_final,43920,2024-11-01T00:10:00.000000000,0.13790565041165315
jena,LORA,92601,fixed_final,44064,2024-11-02T00:10:00.000000000,0.38106837598682136
jena,LORA,92601,fixed_final,44208,2024-11-03T00:10:00.000000000,0.1715320125082027
jena,LORA,92601,fixed_final,44352,2024-11-04T00:10:00.000000000,0.27081034885440725
jena,LORA,92601,fixed_final,44496,2024-11-05T00:10:00.000000000,0.1303976997927944
jena,LORA,92601,fixed_final,44640,2024-11-06T00:10:00.000000000,0.2879595906614216
jena,LORA,92601,fixed_final,44784,2024-11-07T00:10:00.000000000,0.23455718547832613
jena,LORA,92601,fixed_final,44928,2024-11-08T00:10:00.000000000,0.1389543814031255
jena,LORA,92601,fixed_final,45072,2024-11-09T00:10:00.000000000,0.20483724215451873
jena,LORA,92601,fixed_final,45216,2024-11-10T00:10:00.000000000,0.1308689909518857
jena,LORA,92601,fixed_final,45360,2024-11-11T00:10:00.000000000,0.20655253000388138
jena,LORA,92601,fixed_final,45504,2024-11-12T00:10:00.000000000,0.2022195676979187
jena,LORA,92601,fixed_final,45648,2024-11-13T00:10:00.000000000,0.13361712585007432
jena,LORA,92601,fixed_final,45792,2024-11-14T00:10:00.000000000,0.2085359164207378
jena,LORA,92601,fixed_final,45936,2024-11-15T00:10:00.000000000,0.1090586596330335
jena,LORA,92601,fixed_final,46080,2024-11-16T00:10:00.000000000,0.14474097263920443
jena,LORA,92601,fixed_final,46224,2024-11-17T00:10:00.000000000,0.18105670184075975
jena,LORA,92601,fixed_final,46368,2024-11-18T00:10:00.000000000,0.16361064903942033
jena,LORA,92601,fixed_final,46512,2024-11-19T00:10:00.000000000,0.42348292341423593
jena,LORA,92601,fixed_final,46656,2024-11-20T00:10:00.000000000,0.18902961993174242
jena,LORA,92601,fixed_final,46800,2024-11-21T00:10:00.000000000,0.17966158990637254
jena,LORA,92601,fixed_final,46944,2024-11-22T00:10:00.000000000,0.21161568300790043
jena,LORA,92601,fixed_final,47088,2024-11-23T00:10:00.000000000,0.1778075860016878
jena,LORA,92601,fixed_final,47232,2024-11-24T00:10:00.000000000,0.3399136654674648
jena,LORA,92601,fixed_final,47376,2024-11-25T00:10:00.000000000,0.21841942420942834
jena,LORA,92601,fixed_final,47520,2024-11-26T00:10:00.000000000,0.20812171937262577
jena,LORA,92601,fixed_final,47664,2024-11-27T00:10:00.000000000,0.21596223521620073
jena,LORA,92601,fixed_final,47808,2024-11-28T00:10:00.000000000,0.1901767925500294
jena,LORA,92601,fixed_final,47952,2024-11-29T00:10:00.000000000,0.1679872885578692
jena,LORA,92601,fixed_final,48096,2024-11-30T00:10:00.000000000,0.12659528591238053
jena,LORA,92601,fixed_final,48240,2024-12-01T00:10:00.000000000,0.1753345913971148
jena,LORA,92601,fixed_final,48384,2024-12-02T00:10:00.000000000,0.1437480623916334
jena,LORA,92601,fixed_final,48528,2024-12-03T00:10:00.000000000,0.17879021073288226
jena,LORA,92601,fixed_final,48672,2024-12-04T00:10:00.000000000,0.12496154929408763
jena,LORA,92601,fixed_final,48816,2024-12-05T00:10:00.000000000,0.23082943740645195
jena,LORA,92601,fixed_final,48960,2024-12-06T00:10:00.000000000,0.24313271454565047
jena,LORA,92601,fixed_final,49104,2024-12-07T00:10:00.000000000,0.24581466532832622
jena,LORA,92601,fixed_final,49248,2024-12-08T00:10:00.000000000,0.27970161581467545
jena,LORA,92601,fixed_final,49392,2024-12-09T00:10:00.000000000,0.2591563686728217
jena,LORA,92601,fixed_final,49536,2024-12-10T00:10:00.000000000,0.13369159385828658
jena,LORA,92601,fixed_final,49680,2024-12-11T00:10:00.000000000,0.18257580890527192
jena,LORA,92601,fixed_final,49824,2024-12-12T00:10:00.000000000,0.1471854910839947
jena,LORA,92601,fixed_final,49968,2024-12-13T00:10:00.000000000,0.14308792017320376
jena,LORA,92601,fixed_final,50112,2024-12-14T00:10:00.000000000,0.13893945852040165
jena,LORA,92601,fixed_final,50256,2024-12-15T00:10:00.000000000,0.182338320064353
jena,LORA,92601,fixed_final,50400,2024-12-16T00:10:00.000000000,0.2652479985630258
jena,LORA,92601,fixed_final,50544,2024-12-17T00:10:00.000000000,0.10033166153487093
jena,LORA,92601,fixed_final,50688,2024-12-18T00:10:00.000000000,0.3458335143986385
jena,LORA,92601,fixed_final,50832,2024-12-19T00:10:00.000000000,0.3200047443254938
jena,LORA,92601,fixed_final,50976,2024-12-20T00:10:00.000000000,0.13987909388277592
jena,LORA,92601,fixed_final,51120,2024-12-21T00:10:00.000000000,0.3386910211502447
jena,LORA,92601,fixed_final,51264,2024-12-22T00:10:00.000000000,0.1791326443141854
jena,LORA,92601,fixed_final,51408,2024-12-23T00:10:00.000000000,0.11755296463364819
jena,LORA,92601,fixed_final,51552,2024-12-24T00:10:00.000000000,0.12022914611084275
jena,LORA,92601,fixed_final,51696,2024-12-25T00:10:00.000000000,0.13689296918299812
jena,LORA,92601,fixed_final,51840,2024-12-26T00:10:00.000000000,0.18683617043732306
jena,LORA,92601,fixed_final,51984,2024-12-27T00:10:00.000000000,0.23118257573662962
jena,LORA,92601,fixed_final,52128,2024-12-28T00:10:00.000000000,0.12773539500433326
jena,LORA,92601,fixed_final,52272,2024-12-29T00:10:00.000000000,0.20571211110404913
jena,LORA,92601,fixed_final,52416,2024-12-30T00:10:00.000000000,0.19455993183104497
jena,LORA,92601,fixed_final,52560,2024-12-31T00:10:00.000000000,0.14572147480211425
jena,LORA,92601,budget_0.5,42048,2024-10-19T00:10:00.000000000,0.13722846154605617
jena,LORA,92601,budget_0.5,42192,2024-10-20T00:10:00.000000000,0.10513635863380252
jena,LORA,92601,budget_0.5,42336,2024-10-21T00:10:00.000000000,0.11260801154171711
jena,LORA,92601,budget_0.5,42480,2024-10-22T00:10:00.000000000,0.25744226467804626
jena,LORA,92601,budget_0.5,42624,2024-10-23T00:10:00.000000000,0.14050264697902284
jena,LORA,92601,budget_0.5,42768,2024-10-24T00:10:00.000000000,0.18013415927243284
jena,LORA,92601,budget_0.5,42912,2024-10-25T00:10:00.000000000,0.10534517782509502
jena,LORA,92601,budget_0.5,43056,2024-10-26T00:10:00.000000000,0.1257619003330483
jena,LORA,92601,budget_0.5,43200,2024-10-27T00:10:00.000000000,0.13465910759104857
jena,LORA,92601,budget_0.5,43344,2024-10-28T00:10:00.000000000,0.12035822556781384
jena,LORA,92601,budget_0.5,43488,2024-10-29T00:10:00.000000000,0.1586386425636841
jena,LORA,92601,budget_0.5,43632,2024-10-30T00:10:00.000000000,0.14556503013169672
jena,LORA,92601,budget_0.5,43776,2024-10-31T00:10:00.000000000,0.11879158819754582
jena,LORA,92601,budget_0.5,43920,2024-11-01T00:10:00.000000000,0.13545259214599245
jena,LORA,92601,budget_0.5,44064,2024-11-02T00:10:00.000000000,0.32214856652366086
jena,LORA,92601,budget_0.5,44208,2024-11-03T00:10:00.000000000,0.15736699332054332
jena,LORA,92601,budget_0.5,44352,2024-11-04T00:10:00.000000000,0.19038664420493445
jena,LORA,92601,budget_0.5,44496,2024-11-05T00:10:00.000000000,0.11999507884509837
jena,LORA,92601,budget_0.5,44640,2024-11-06T00:10:00.000000000,0.18347804988111807
jena,LORA,92601,budget_0.5,44784,2024-11-07T00:10:00.000000000,0.18370888912592082
jena,LORA,92601,budget_0.5,44928,2024-11-08T00:10:00.000000000,0.1342096242339615
jena,LORA,92601,budget_0.5,45072,2024-11-09T00:10:00.000000000,0.18011185260830198
jena,LORA,92601,budget_0.5,45216,2024-11-10T00:10:00.000000000,0.1254264773241316
jena,LORA,92601,budget_0.5,45360,2024-11-11T00:10:00.000000000,0.19959784797927851
jena,LORA,92601,budget_0.5,45504,2024-11-12T00:10:00.000000000,0.2139981521388044
jena,LORA,92601,budget_0.5,45648,2024-11-13T00:10:00.000000000,0.11553180192142198
jena,LORA,92601,budget_0.5,45792,2024-11-14T00:10:00.000000000,0.20606768510729018
jena,LORA,92601,budget_0.5,45936,2024-11-15T00:10:00.000000000,0.12694220176248625
jena,LORA,92601,budget_0.5,46080,2024-11-16T00:10:00.000000000,0.14009889231534173
jena,LORA,92601,budget_0.5,46224,2024-11-17T00:10:00.000000000,0.15508524201257
jena,LORA,92601,budget_0.5,46368,2024-11-18T00:10:00.000000000,0.15935944446000316
jena,LORA,92601,budget_0.5,46512,2024-11-19T00:10:00.000000000,0.4770034552711717
jena,LORA,92601,budget_0.5,46656,2024-11-20T00:10:00.000000000,0.14154631617634855
jena,LORA,92601,budget_0.5,46800,2024-11-21T00:10:00.000000000,0.1781854125611623
jena,LORA,92601,budget_0.5,46944,2024-11-22T00:10:00.000000000,0.1810805446801685
jena,LORA,92601,budget_0.5,47088,2024-11-23T00:10:00.000000000,0.18937348523360975
jena,LORA,92601,budget_0.5,47232,2024-11-24T00:10:00.000000000,0.31050988501476456
jena,LORA,92601,budget_0.5,47376,2024-11-25T00:10:00.000000000,0.19397430286786768
jena,LORA,92601,budget_0.5,47520,2024-11-26T00:10:00.000000000,0.26241331153893016
jena,LORA,92601,budget_0.5,47664,2024-11-27T00:10:00.000000000,0.2236650497070067
jena,LORA,92601,budget_0.5,47808,2024-11-28T00:10:00.000000000,0.2471633509245184
jena,LORA,92601,budget_0.5,47952,2024-11-29T00:10:00.000000000,0.16767348046135092
jena,LORA,92601,budget_0.5,48096,2024-11-30T00:10:00.000000000,0.14985591627873338
jena,LORA,92601,budget_0.5,48240,2024-12-01T00:10:00.000000000,0.12884638597526704
jena,LORA,92601,budget_0.5,48384,2024-12-02T00:10:00.000000000,0.1507520002074998
jena,LORA,92601,budget_0.5,48528,2024-12-03T00:10:00.000000000,0.17494950340302357
jena,LORA,92601,budget_0.5,48672,2024-12-04T00:10:00.000000000,0.11136251395181011
jena,LORA,92601,budget_0.5,48816,2024-12-05T00:10:00.000000000,0.21516039230014397
jena,LORA,92601,budget_0.5,48960,2024-12-06T00:10:00.000000000,0.2638355748251679
jena,LORA,92601,budget_0.5,49104,2024-12-07T00:10:00.000000000,0.24472208484724853
jena,LORA,92601,budget_0.5,49248,2024-12-08T00:10:00.000000000,0.2654041413808185
jena,LORA,92601,budget_0.5,49392,2024-12-09T00:10:00.000000000,0.19041648126767305
jena,LORA,92601,budget_0.5,49536,2024-12-10T00:10:00.000000000,0.12178955554379686
jena,LORA,92601,budget_0.5,49680,2024-12-11T00:10:00.000000000,0.1441888299692791
jena,LORA,92601,budget_0.5,49824,2024-12-12T00:10:00.000000000,0.10664535243441066
jena,LORA,92601,budget_0.5,49968,2024-12-13T00:10:00.000000000,0.12096614545508089
jena,LORA,92601,budget_0.5,50112,2024-12-14T00:10:00.000000000,0.11633266404930073
jena,LORA,92601,budget_0.5,50256,2024-12-15T00:10:00.000000000,0.18878008284737663
jena,LORA,92601,budget_0.5,50400,2024-12-16T00:10:00.000000000,0.16411862763140006
jena,LORA,92601,budget_0.5,50544,2024-12-17T00:10:00.000000000,0.0919214283264548
jena,LORA,92601,budget_0.5,50688,2024-12-18T00:10:00.000000000,0.32991024298209504
jena,LORA,92601,budget_0.5,50832,2024-12-19T00:10:00.000000000,0.29970435457987454
jena,LORA,92601,budget_0.5,50976,2024-12-20T00:10:00.000000000,0.11593387736713194
jena,LORA,92601,budget_0.5,51120,2024-12-21T00:10:00.000000000,0.2821071544166428
jena,LORA,92601,budget_0.5,51264,2024-12-22T00:10:00.000000000,0.2541308560561958
jena,LORA,92601,budget_0.5,51408,2024-12-23T00:10:00.000000000,0.13823290503561317
jena,LORA,92601,budget_0.5,51552,2024-12-24T00:10:00.000000000,0.1160435920874976
jena,LORA,92601,budget_0.5,51696,2024-12-25T00:10:00.000000000,0.13313286066307958
jena,LORA,92601,budget_0.5,51840,2024-12-26T00:10:00.000000000,0.1468420262644389
jena,LORA,92601,budget_0.5,51984,2024-12-27T00:10:00.000000000,0.18010153293818398
jena,LORA,92601,budget_0.5,52128,2024-12-28T00:10:00.000000000,0.14652266482245388
jena,LORA,92601,budget_0.5,52272,2024-12-29T00:10:00.000000000,0.16680068745885496
jena,LORA,92601,budget_0.5,52416,2024-12-30T00:10:00.000000000,0.13949913393729294
jena,LORA,92601,budget_0.5,52560,2024-12-31T00:10:00.000000000,0.11410955776024823
jena,LORA,92601,budget_1.0,42048,2024-10-19T00:10:00.000000000,0.13722846154605617
jena,LORA,92601,budget_1.0,42192,2024-10-20T00:10:00.000000000,0.10513635863380252
jena,LORA,92601,budget_1.0,42336,2024-10-21T00:10:00.000000000,0.11260801154171711
jena,LORA,92601,budget_1.0,42480,2024-10-22T00:10:00.000000000,0.25744226467804626
jena,LORA,92601,budget_1.0,42624,2024-10-23T00:10:00.000000000,0.14050264697902284
jena,LORA,92601,budget_1.0,42768,2024-10-24T00:10:00.000000000,0.18013415927243284
jena,LORA,92601,budget_1.0,42912,2024-10-25T00:10:00.000000000,0.10534517782509502
jena,LORA,92601,budget_1.0,43056,2024-10-26T00:10:00.000000000,0.1257619003330483
jena,LORA,92601,budget_1.0,43200,2024-10-27T00:10:00.000000000,0.13465910759104857
jena,LORA,92601,budget_1.0,43344,2024-10-28T00:10:00.000000000,0.12035822556781384
jena,LORA,92601,budget_1.0,43488,2024-10-29T00:10:00.000000000,0.1586386425636841
jena,LORA,92601,budget_1.0,43632,2024-10-30T00:10:00.000000000,0.14556503013169672
jena,LORA,92601,budget_1.0,43776,2024-10-31T00:10:00.000000000,0.11879158819754582
jena,LORA,92601,budget_1.0,43920,2024-11-01T00:10:00.000000000,0.13545259214599245
jena,LORA,92601,budget_1.0,44064,2024-11-02T00:10:00.000000000,0.32214856652366086
jena,LORA,92601,budget_1.0,44208,2024-11-03T00:10:00.000000000,0.15736699332054332
jena,LORA,92601,budget_1.0,44352,2024-11-04T00:10:00.000000000,0.19038664420493445
jena,LORA,92601,budget_1.0,44496,2024-11-05T00:10:00.000000000,0.11999507884509837
jena,LORA,92601,budget_1.0,44640,2024-11-06T00:10:00.000000000,0.18347804988111807
jena,LORA,92601,budget_1.0,44784,2024-11-07T00:10:00.000000000,0.18370888912592082
jena,LORA,92601,budget_1.0,44928,2024-11-08T00:10:00.000000000,0.1342096242339615
jena,LORA,92601,budget_1.0,45072,2024-11-09T00:10:00.000000000,0.18011185260830198
jena,LORA,92601,budget_1.0,45216,2024-11-10T00:10:00.000000000,0.1254264773241316
jena,LORA,92601,budget_1.0,45360,2024-11-11T00:10:00.000000000,0.19959784797927851
jena,LORA,92601,budget_1.0,45504,2024-11-12T00:10:00.000000000,0.2139981521388044
jena,LORA,92601,budget_1.0,45648,2024-11-13T00:10:00.000000000,0.11553180192142198
jena,LORA,92601,budget_1.0,45792,2024-11-14T00:10:00.000000000,0.20606768510729018
jena,LORA,92601,budget_1.0,45936,2024-11-15T00:10:00.000000000,0.12694220176248625
jena,LORA,92601,budget_1.0,46080,2024-11-16T00:10:00.000000000,0.14009889231534173
jena,LORA,92601,budget_1.0,46224,2024-11-17T00:10:00.000000000,0.15508524201257
jena,LORA,92601,budget_1.0,46368,2024-11-18T00:10:00.000000000,0.15935944446000316
jena,LORA,92601,budget_1.0,46512,2024-11-19T00:10:00.000000000,0.4770034552711717
jena,LORA,92601,budget_1.0,46656,2024-11-20T00:10:00.000000000,0.14154631617634855
jena,LORA,92601,budget_1.0,46800,2024-11-21T00:10:00.000000000,0.1781854125611623
jena,LORA,92601,budget_1.0,46944,2024-11-22T00:10:00.000000000,0.1810805446801685
jena,LORA,92601,budget_1.0,47088,2024-11-23T00:10:00.000000000,0.18937348523360975
jena,LORA,92601,budget_1.0,47232,2024-11-24T00:10:00.000000000,0.31050988501476456
jena,LORA,92601,budget_1.0,47376,2024-11-25T00:10:00.000000000,0.19397430286786768
jena,LORA,92601,budget_1.0,47520,2024-11-26T00:10:00.000000000,0.26241331153893016
jena,LORA,92601,budget_1.0,47664,2024-11-27T00:10:00.000000000,0.2236650497070067
jena,LORA,92601,budget_1.0,47808,2024-11-28T00:10:00.000000000,0.2471633509245184
jena,LORA,92601,budget_1.0,47952,2024-11-29T00:10:00.000000000,0.16767348046135092
jena,LORA,92601,budget_1.0,48096,2024-11-30T00:10:00.000000000,0.14985591627873338
jena,LORA,92601,budget_1.0,48240,2024-12-01T00:10:00.000000000,0.12884638597526704
jena,LORA,92601,budget_1.0,48384,2024-12-02T00:10:00.000000000,0.1507520002074998
jena,LORA,92601,budget_1.0,48528,2024-12-03T00:10:00.000000000,0.17494950340302357
jena,LORA,92601,budget_1.0,48672,2024-12-04T00:10:00.000000000,0.11136251395181011
jena,LORA,92601,budget_1.0,48816,2024-12-05T00:10:00.000000000,0.21516039230014397
jena,LORA,92601,budget_1.0,48960,2024-12-06T00:10:00.000000000,0.2638355748251679
jena,LORA,92601,budget_1.0,49104,2024-12-07T00:10:00.000000000,0.24472208484724853
jena,LORA,92601,budget_1.0,49248,2024-12-08T00:10:00.000000000,0.2654041413808185
jena,LORA,92601,budget_1.0,49392,2024-12-09T00:10:00.000000000,0.19041648126767305
jena,LORA,92601,budget_1.0,49536,2024-12-10T00:10:00.000000000,0.12178955554379686
jena,LORA,92601,budget_1.0,49680,2024-12-11T00:10:00.000000000,0.1441888299692791
jena,LORA,92601,budget_1.0,49824,2024-12-12T00:10:00.000000000,0.10664535243441066
jena,LORA,92601,budget_1.0,49968,2024-12-13T00:10:00.000000000,0.12096614545508089
jena,LORA,92601,budget_1.0,50112,2024-12-14T00:10:00.000000000,0.11633266404930073
jena,LORA,92601,budget_1.0,50256,2024-12-15T00:10:00.000000000,0.18878008284737663
jena,LORA,92601,budget_1.0,50400,2024-12-16T00:10:00.000000000,0.16411862763140006
jena,LORA,92601,budget_1.0,50544,2024-12-17T00:10:00.000000000,0.0919214283264548
jena,LORA,92601,budget_1.0,50688,2024-12-18T00:10:00.000000000,0.32991024298209504
jena,LORA,92601,budget_1.0,50832,2024-12-19T00:10:00.000000000,0.29970435457987454
jena,LORA,92601,budget_1.0,50976,2024-12-20T00:10:00.000000000,0.11593387736713194
jena,LORA,92601,budget_1.0,51120,2024-12-21T00:10:00.000000000,0.2821071544166428
jena,LORA,92601,budget_1.0,51264,2024-12-22T00:10:00.000000000,0.2541308560561958
jena,LORA,92601,budget_1.0,51408,2024-12-23T00:10:00.000000000,0.13823290503561317
jena,LORA,92601,budget_1.0,51552,2024-12-24T00:10:00.000000000,0.1160435920874976
jena,LORA,92601,budget_1.0,51696,2024-12-25T00:10:00.000000000,0.13313286066307958
jena,LORA,92601,budget_1.0,51840,2024-12-26T00:10:00.000000000,0.1468420262644389
jena,LORA,92601,budget_1.0,51984,2024-12-27T00:10:00.000000000,0.18010153293818398
jena,LORA,92601,budget_1.0,52128,2024-12-28T00:10:00.000000000,0.14652266482245388
jena,LORA,92601,budget_1.0,52272,2024-12-29T00:10:00.000000000,0.16680068745885496
jena,LORA,92601,budget_1.0,52416,2024-12-30T00:10:00.000000000,0.13949913393729294
jena,LORA,92601,budget_1.0,52560,2024-12-31T00:10:00.000000000,0.11410955776024823
jena,LORAPLUS,92601,selected,42048,2024-10-19T00:10:00.000000000,0.137073575898282
jena,LORAPLUS,92601,selected,42192,2024-10-20T00:10:00.000000000,0.1052091961551074
jena,LORAPLUS,92601,selected,42336,2024-10-21T00:10:00.000000000,0.11294779991837099
jena,LORAPLUS,92601,selected,42480,2024-10-22T00:10:00.000000000,0.25722786793037244
jena,LORAPLUS,92601,selected,42624,2024-10-23T00:10:00.000000000,0.14041489486777484
jena,LORAPLUS,92601,selected,42768,2024-10-24T00:10:00.000000000,0.1785678274615039
jena,LORAPLUS,92601,selected,42912,2024-10-25T00:10:00.000000000,0.10511893463050394
jena,LORAPLUS,92601,selected,43056,2024-10-26T00:10:00.000000000,0.12463777203534399
jena,LORAPLUS,92601,selected,43200,2024-10-27T00:10:00.000000000,0.1342446660353429
jena,LORAPLUS,92601,selected,43344,2024-10-28T00:10:00.000000000,0.12099607890153961
jena,LORAPLUS,92601,selected,43488,2024-10-29T00:10:00.000000000,0.1586196216972926
jena,LORAPLUS,92601,selected,43632,2024-10-30T00:10:00.000000000,0.14552145611798714
jena,LORAPLUS,92601,selected,43776,2024-10-31T00:10:00.000000000,0.1182274370106102
jena,LORAPLUS,92601,selected,43920,2024-11-01T00:10:00.000000000,0.1343780179235476
jena,LORAPLUS,92601,selected,44064,2024-11-02T00:10:00.000000000,0.3227340908385538
jena,LORAPLUS,92601,selected,44208,2024-11-03T00:10:00.000000000,0.15835006618424316
jena,LORAPLUS,92601,selected,44352,2024-11-04T00:10:00.000000000,0.19465005165862875
jena,LORAPLUS,92601,selected,44496,2024-11-05T00:10:00.000000000,0.11976440760310145
jena,LORAPLUS,92601,selected,44640,2024-11-06T00:10:00.000000000,0.18605162337677825
jena,LORAPLUS,92601,selected,44784,2024-11-07T00:10:00.000000000,0.18334309567088333
jena,LORAPLUS,92601,selected,44928,2024-11-08T00:10:00.000000000,0.13435893613790922
jena,LORAPLUS,92601,selected,45072,2024-11-09T00:10:00.000000000,0.1801714660980777
jena,LORAPLUS,92601,selected,45216,2024-11-10T00:10:00.000000000,0.12570491838881923
jena,LORAPLUS,92601,selected,45360,2024-11-11T00:10:00.000000000,0.19849566982153707
jena,LORAPLUS,92601,selected,45504,2024-11-12T00:10:00.000000000,0.2135140833507775
jena,LORAPLUS,92601,selected,45648,2024-11-13T00:10:00.000000000,0.11493158094852648
jena,LORAPLUS,92601,selected,45792,2024-11-14T00:10:00.000000000,0.20588633955220612
jena,LORAPLUS,92601,selected,45936,2024-11-15T00:10:00.000000000,0.12702236378795537
jena,LORAPLUS,92601,selected,46080,2024-11-16T00:10:00.000000000,0.14032667371279248
jena,LORAPLUS,92601,selected,46224,2024-11-17T00:10:00.000000000,0.15537829144850018
jena,LORAPLUS,92601,selected,46368,2024-11-18T00:10:00.000000000,0.15945165500197853
jena,LORAPLUS,92601,selected,46512,2024-11-19T00:10:00.000000000,0.47734863813859413
jena,LORAPLUS,92601,selected,46656,2024-11-20T00:10:00.000000000,0.14167880885052012
jena,LORAPLUS,92601,selected,46800,2024-11-21T00:10:00.000000000,0.1778779868318608
jena,LORAPLUS,92601,selected,46944,2024-11-22T00:10:00.000000000,0.18089452349763047
jena,LORAPLUS,92601,selected,47088,2024-11-23T00:10:00.000000000,0.19070607543304438
jena,LORAPLUS,92601,selected,47232,2024-11-24T00:10:00.000000000,0.3093810000815728
jena,LORAPLUS,92601,selected,47376,2024-11-25T00:10:00.000000000,0.19270245594603944
jena,LORAPLUS,92601,selected,47520,2024-11-26T00:10:00.000000000,0.2628298090720498
jena,LORAPLUS,92601,selected,47664,2024-11-27T00:10:00.000000000,0.22395052633040255
jena,LORAPLUS,92601,selected,47808,2024-11-28T00:10:00.000000000,0.24583447360583682
jena,LORAPLUS,92601,selected,47952,2024-11-29T00:10:00.000000000,0.16666405080920382
jena,LORAPLUS,92601,selected,48096,2024-11-30T00:10:00.000000000,0.1495588591495528
jena,LORAPLUS,92601,selected,48240,2024-12-01T00:10:00.000000000,0.12855763165624154
jena,LORAPLUS,92601,selected,48384,2024-12-02T00:10:00.000000000,0.15015895471569923
jena,LORAPLUS,92601,selected,48528,2024-12-03T00:10:00.000000000,0.1737779966686749
jena,LORAPLUS,92601,selected,48672,2024-12-04T00:10:00.000000000,0.11090310334515105
jena,LORAPLUS,92601,selected,48816,2024-12-05T00:10:00.000000000,0.21578050393191303
jena,LORAPLUS,92601,selected,48960,2024-12-06T00:10:00.000000000,0.26154971987217923
jena,LORAPLUS,92601,selected,49104,2024-12-07T00:10:00.000000000,0.24590458870181492
jena,LORAPLUS,92601,selected,49248,2024-12-08T00:10:00.000000000,0.265239647236618
jena,LORAPLUS,92601,selected,49392,2024-12-09T00:10:00.000000000,0.19120921711072128
jena,LORAPLUS,92601,selected,49536,2024-12-10T00:10:00.000000000,0.12201562566127226
jena,LORAPLUS,92601,selected,49680,2024-12-11T00:10:00.000000000,0.143689817886651
jena,LORAPLUS,92601,selected,49824,2024-12-12T00:10:00.000000000,0.10672034647975417
jena,LORAPLUS,92601,selected,49968,2024-12-13T00:10:00.000000000,0.12087875253862493
jena,LORAPLUS,92601,selected,50112,2024-12-14T00:10:00.000000000,0.11640213861619439
jena,LORAPLUS,92601,selected,50256,2024-12-15T00:10:00.000000000,0.1883982618898568
jena,LORAPLUS,92601,selected,50400,2024-12-16T00:10:00.000000000,0.1629961169456774
jena,LORAPLUS,92601,selected,50544,2024-12-17T00:10:00.000000000,0.09163576333009263
jena,LORAPLUS,92601,selected,50688,2024-12-18T00:10:00.000000000,0.32971339001690325
jena,LORAPLUS,92601,selected,50832,2024-12-19T00:10:00.000000000,0.3010266271645139
jena,LORAPLUS,92601,selected,50976,2024-12-20T00:10:00.000000000,0.11516577360383491
jena,LORAPLUS,92601,selected,51120,2024-12-21T00:10:00.000000000,0.28259085473561757
jena,LORAPLUS,92601,selected,51264,2024-12-22T00:10:00.000000000,0.25393592061268466
jena,LORAPLUS,92601,selected,51408,2024-12-23T00:10:00.000000000,0.13786276839377282
jena,LORAPLUS,92601,selected,51552,2024-12-24T00:10:00.000000000,0.1154122206260354
jena,LORAPLUS,92601,selected,51696,2024-12-25T00:10:00.000000000,0.13230153281811238
jena,LORAPLUS,92601,selected,51840,2024-12-26T00:10:00.000000000,0.1473669890449702
jena,LORAPLUS,92601,selected,51984,2024-12-27T00:10:00.000000000,0.17841707120429226
jena,LORAPLUS,92601,selected,52128,2024-12-28T00:10:00.000000000,0.14496089975221946
jena,LORAPLUS,92601,selected,52272,2024-12-29T00:10:00.000000000,0.16681130137838568
jena,LORAPLUS,92601,selected,52416,2024-12-30T00:10:00.000000000,0.13926955142525854
jena,LORAPLUS,92601,selected,52560,2024-12-31T00:10:00.000000000,0.11464099851895528
jena,LORAPLUS,92601,fixed_final,42048,2024-10-19T00:10:00.000000000,0.13473046062780436
jena,LORAPLUS,92601,fixed_final,42192,2024-10-20T00:10:00.000000000,0.1053473097460533
jena,LORAPLUS,92601,fixed_final,42336,2024-10-21T00:10:00.000000000,0.09883994941870335
jena,LORAPLUS,92601,fixed_final,42480,2024-10-22T00:10:00.000000000,0.2661597640491347
jena,LORAPLUS,92601,fixed_final,42624,2024-10-23T00:10:00.000000000,0.19362296511131846
jena,LORAPLUS,92601,fixed_final,42768,2024-10-24T00:10:00.000000000,0.14495218882796934
jena,LORAPLUS,92601,fixed_final,42912,2024-10-25T00:10:00.000000000,0.10146871061560349
jena,LORAPLUS,92601,fixed_final,43056,2024-10-26T00:10:00.000000000,0.1604640720719837
jena,LORAPLUS,92601,fixed_final,43200,2024-10-27T00:10:00.000000000,0.1379341503540664
jena,LORAPLUS,92601,fixed_final,43344,2024-10-28T00:10:00.000000000,0.14791726850316753
jena,LORAPLUS,92601,fixed_final,43488,2024-10-29T00:10:00.000000000,0.1627337824209455
jena,LORAPLUS,92601,fixed_final,43632,2024-10-30T00:10:00.000000000,0.1408225899855121
jena,LORAPLUS,92601,fixed_final,43776,2024-10-31T00:10:00.000000000,0.10933504192921106
jena,LORAPLUS,92601,fixed_final,43920,2024-11-01T00:10:00.000000000,0.1425229630170666
jena,LORAPLUS,92601,fixed_final,44064,2024-11-02T00:10:00.000000000,0.35940543781055223
jena,LORAPLUS,92601,fixed_final,44208,2024-11-03T00:10:00.000000000,0.163873865207204
jena,LORAPLUS,92601,fixed_final,44352,2024-11-04T00:10:00.000000000,0.29276874619419013
jena,LORAPLUS,92601,fixed_final,44496,2024-11-05T00:10:00.000000000,0.13323427725446926
jena,LORAPLUS,92601,fixed_final,44640,2024-11-06T00:10:00.000000000,0.2813366156064094
jena,LORAPLUS,92601,fixed_final,44784,2024-11-07T00:10:00.000000000,0.217462516115313
jena,LORAPLUS,92601,fixed_final,44928,2024-11-08T00:10:00.000000000,0.13663096217116025
jena,LORAPLUS,92601,fixed_final,45072,2024-11-09T00:10:00.000000000,0.2071853296964808
jena,LORAPLUS,92601,fixed_final,45216,2024-11-10T00:10:00.000000000,0.1330957563406435
jena,LORAPLUS,92601,fixed_final,45360,2024-11-11T00:10:00.000000000,0.213679286327602
jena,LORAPLUS,92601,fixed_final,45504,2024-11-12T00:10:00.000000000,0.2080186915697809
jena,LORAPLUS,92601,fixed_final,45648,2024-11-13T00:10:00.000000000,0.11877560174907413
jena,LORAPLUS,92601,fixed_final,45792,2024-11-14T00:10:00.000000000,0.2133587748299297
jena,LORAPLUS,92601,fixed_final,45936,2024-11-15T00:10:00.000000000,0.11133048219383464
jena,LORAPLUS,92601,fixed_final,46080,2024-11-16T00:10:00.000000000,0.14234182396727682
jena,LORAPLUS,92601,fixed_final,46224,2024-11-17T00:10:00.000000000,0.19167244450682008
jena,LORAPLUS,92601,fixed_final,46368,2024-11-18T00:10:00.000000000,0.1604396740221933
jena,LORAPLUS,92601,fixed_final,46512,2024-11-19T00:10:00.000000000,0.43758485029373806
jena,LORAPLUS,92601,fixed_final,46656,2024-11-20T00:10:00.000000000,0.1461182696016941
jena,LORAPLUS,92601,fixed_final,46800,2024-11-21T00:10:00.000000000,0.15899458311796483
jena,LORAPLUS,92601,fixed_final,46944,2024-11-22T00:10:00.000000000,0.2034505182086355
jena,LORAPLUS,92601,fixed_final,47088,2024-11-23T00:10:00.000000000,0.19579131484013987
jena,LORAPLUS,92601,fixed_final,47232,2024-11-24T00:10:00.000000000,0.3613972364398882
jena,LORAPLUS,92601,fixed_final,47376,2024-11-25T00:10:00.000000000,0.1960590585677947
jena,LORAPLUS,92601,fixed_final,47520,2024-11-26T00:10:00.000000000,0.23445903956887565
jena,LORAPLUS,92601,fixed_final,47664,2024-11-27T00:10:00.000000000,0.2238648636340946
jena,LORAPLUS,92601,fixed_final,47808,2024-11-28T00:10:00.000000000,0.2038288785736335
jena,LORAPLUS,92601,fixed_final,47952,2024-11-29T00:10:00.000000000,0.1871332708656055
jena,LORAPLUS,92601,fixed_final,48096,2024-11-30T00:10:00.000000000,0.13996934605478156
jena,LORAPLUS,92601,fixed_final,48240,2024-12-01T00:10:00.000000000,0.1651708490159621
jena,LORAPLUS,92601,fixed_final,48384,2024-12-02T00:10:00.000000000,0.1609610436933869
jena,LORAPLUS,92601,fixed_final,48528,2024-12-03T00:10:00.000000000,0.17082631152101246
jena,LORAPLUS,92601,fixed_final,48672,2024-12-04T00:10:00.000000000,0.11111650817749681
jena,LORAPLUS,92601,fixed_final,48816,2024-12-05T00:10:00.000000000,0.2342881677829558
jena,LORAPLUS,92601,fixed_final,48960,2024-12-06T00:10:00.000000000,0.24691290662547757
jena,LORAPLUS,92601,fixed_final,49104,2024-12-07T00:10:00.000000000,0.25516048693125437
jena,LORAPLUS,92601,fixed_final,49248,2024-12-08T00:10:00.000000000,0.2816862915339811
jena,LORAPLUS,92601,fixed_final,49392,2024-12-09T00:10:00.000000000,0.25166295705820013
jena,LORAPLUS,92601,fixed_final,49536,2024-12-10T00:10:00.000000000,0.13279928501122085
jena,LORAPLUS,92601,fixed_final,49680,2024-12-11T00:10:00.000000000,0.17057527509025855
jena,LORAPLUS,92601,fixed_final,49824,2024-12-12T00:10:00.000000000,0.13222541526067205
jena,LORAPLUS,92601,fixed_final,49968,2024-12-13T00:10:00.000000000,0.13733622223895398
jena,LORAPLUS,92601,fixed_final,50112,2024-12-14T00:10:00.000000000,0.13151312950874586
jena,LORAPLUS,92601,fixed_final,50256,2024-12-15T00:10:00.000000000,0.1896208305689818
jena,LORAPLUS,92601,fixed_final,50400,2024-12-16T00:10:00.000000000,0.2549816505248775
jena,LORAPLUS,92601,fixed_final,50544,2024-12-17T00:10:00.000000000,0.10240524211677555
jena,LORAPLUS,92601,fixed_final,50688,2024-12-18T00:10:00.000000000,0.336182063206216
jena,LORAPLUS,92601,fixed_final,50832,2024-12-19T00:10:00.000000000,0.31822580028867187
jena,LORAPLUS,92601,fixed_final,50976,2024-12-20T00:10:00.000000000,0.15006419181086272
jena,LORAPLUS,92601,fixed_final,51120,2024-12-21T00:10:00.000000000,0.3308060289089594
jena,LORAPLUS,92601,fixed_final,51264,2024-12-22T00:10:00.000000000,0.20307592156050566
jena,LORAPLUS,92601,fixed_final,51408,2024-12-23T00:10:00.000000000,0.12057075820673047
jena,LORAPLUS,92601,fixed_final,51552,2024-12-24T00:10:00.000000000,0.12440741531515169
jena,LORAPLUS,92601,fixed_final,51696,2024-12-25T00:10:00.000000000,0.12468597402625882
jena,LORAPLUS,92601,fixed_final,51840,2024-12-26T00:10:00.000000000,0.1875863821362725
jena,LORAPLUS,92601,fixed_final,51984,2024-12-27T00:10:00.000000000,0.20622866503927928
jena,LORAPLUS,92601,fixed_final,52128,2024-12-28T00:10:00.000000000,0.14126620348405386
jena,LORAPLUS,92601,fixed_final,52272,2024-12-29T00:10:00.000000000,0.21940969564577764
jena,LORAPLUS,92601,fixed_final,52416,2024-12-30T00:10:00.000000000,0.17745955065840854
jena,LORAPLUS,92601,fixed_final,52560,2024-12-31T00:10:00.000000000,0.13776768322696742
jena,LORAPLUS,92601,budget_0.5,42048,2024-10-19T00:10:00.000000000,0.137073575898282
jena,LORAPLUS,92601,budget_0.5,42192,2024-10-20T00:10:00.000000000,0.1052091961551074
jena,LORAPLUS,92601,budget_0.5,42336,2024-10-21T00:10:00.000000000,0.11294779991837099
jena,LORAPLUS,92601,budget_0.5,42480,2024-10-22T00:10:00.000000000,0.25722786793037244
jena,LORAPLUS,92601,budget_0.5,42624,2024-10-23T00:10:00.000000000,0.14041489486777484
jena,LORAPLUS,92601,budget_0.5,42768,2024-10-24T00:10:00.000000000,0.1785678274615039
jena,LORAPLUS,92601,budget_0.5,42912,2024-10-25T00:10:00.000000000,0.10511893463050394
jena,LORAPLUS,92601,budget_0.5,43056,2024-10-26T00:10:00.000000000,0.12463777203534399
jena,LORAPLUS,92601,budget_0.5,43200,2024-10-27T00:10:00.000000000,0.1342446660353429
jena,LORAPLUS,92601,budget_0.5,43344,2024-10-28T00:10:00.000000000,0.12099607890153961
jena,LORAPLUS,92601,budget_0.5,43488,2024-10-29T00:10:00.000000000,0.1586196216972926
jena,LORAPLUS,92601,budget_0.5,43632,2024-10-30T00:10:00.000000000,0.14552145611798714
jena,LORAPLUS,92601,budget_0.5,43776,2024-10-31T00:10:00.000000000,0.1182274370106102
jena,LORAPLUS,92601,budget_0.5,43920,2024-11-01T00:10:00.000000000,0.1343780179235476
jena,LORAPLUS,92601,budget_0.5,44064,2024-11-02T00:10:00.000000000,0.3227340908385538
jena,LORAPLUS,92601,budget_0.5,44208,2024-11-03T00:10:00.000000000,0.15835006618424316
jena,LORAPLUS,92601,budget_0.5,44352,2024-11-04T00:10:00.000000000,0.19465005165862875
jena,LORAPLUS,92601,budget_0.5,44496,2024-11-05T00:10:00.000000000,0.11976440760310145
jena,LORAPLUS,92601,budget_0.5,44640,2024-11-06T00:10:00.000000000,0.18605162337677825
jena,LORAPLUS,92601,budget_0.5,44784,2024-11-07T00:10:00.000000000,0.18334309567088333
jena,LORAPLUS,92601,budget_0.5,44928,2024-11-08T00:10:00.000000000,0.13435893613790922
jena,LORAPLUS,92601,budget_0.5,45072,2024-11-09T00:10:00.000000000,0.1801714660980777
jena,LORAPLUS,92601,budget_0.5,45216,2024-11-10T00:10:00.000000000,0.12570491838881923
jena,LORAPLUS,92601,budget_0.5,45360,2024-11-11T00:10:00.000000000,0.19849566982153707
jena,LORAPLUS,92601,budget_0.5,45504,2024-11-12T00:10:00.000000000,0.2135140833507775
jena,LORAPLUS,92601,budget_0.5,45648,2024-11-13T00:10:00.000000000,0.11493158094852648
jena,LORAPLUS,92601,budget_0.5,45792,2024-11-14T00:10:00.000000000,0.20588633955220612
jena,LORAPLUS,92601,budget_0.5,45936,2024-11-15T00:10:00.000000000,0.12702236378795537
jena,LORAPLUS,92601,budget_0.5,46080,2024-11-16T00:10:00.000000000,0.14032667371279248
jena,LORAPLUS,92601,budget_0.5,46224,2024-11-17T00:10:00.000000000,0.15537829144850018
jena,LORAPLUS,92601,budget_0.5,46368,2024-11-18T00:10:00.000000000,0.15945165500197853
jena,LORAPLUS,92601,budget_0.5,46512,2024-11-19T00:10:00.000000000,0.47734863813859413
jena,LORAPLUS,92601,budget_0.5,46656,2024-11-20T00:10:00.000000000,0.14167880885052012
jena,LORAPLUS,92601,budget_0.5,46800,2024-11-21T00:10:00.000000000,0.1778779868318608
jena,LORAPLUS,92601,budget_0.5,46944,2024-11-22T00:10:00.000000000,0.18089452349763047
jena,LORAPLUS,92601,budget_0.5,47088,2024-11-23T00:10:00.000000000,0.19070607543304438
jena,LORAPLUS,92601,budget_0.5,47232,2024-11-24T00:10:00.000000000,0.3093810000815728
jena,LORAPLUS,92601,budget_0.5,47376,2024-11-25T00:10:00.000000000,0.19270245594603944
jena,LORAPLUS,92601,budget_0.5,47520,2024-11-26T00:10:00.000000000,0.2628298090720498
jena,LORAPLUS,92601,budget_0.5,47664,2024-11-27T00:10:00.000000000,0.22395052633040255
jena,LORAPLUS,92601,budget_0.5,47808,2024-11-28T00:10:00.000000000,0.24583447360583682
jena,LORAPLUS,92601,budget_0.5,47952,2024-11-29T00:10:00.000000000,0.16666405080920382
jena,LORAPLUS,92601,budget_0.5,48096,2024-11-30T00:10:00.000000000,0.1495588591495528
jena,LORAPLUS,92601,budget_0.5,48240,2024-12-01T00:10:00.000000000,0.12855763165624154
jena,LORAPLUS,92601,budget_0.5,48384,2024-12-02T00:10:00.000000000,0.15015895471569923
jena,LORAPLUS,92601,budget_0.5,48528,2024-12-03T00:10:00.000000000,0.1737779966686749
jena,LORAPLUS,92601,budget_0.5,48672,2024-12-04T00:10:00.000000000,0.11090310334515105
jena,LORAPLUS,92601,budget_0.5,48816,2024-12-05T00:10:00.000000000,0.21578050393191303
jena,LORAPLUS,92601,budget_0.5,48960,2024-12-06T00:10:00.000000000,0.26154971987217923
jena,LORAPLUS,92601,budget_0.5,49104,2024-12-07T00:10:00.000000000,0.24590458870181492
jena,LORAPLUS,92601,budget_0.5,49248,2024-12-08T00:10:00.000000000,0.265239647236618
jena,LORAPLUS,92601,budget_0.5,49392,2024-12-09T00:10:00.000000000,0.19120921711072128
jena,LORAPLUS,92601,budget_0.5,49536,2024-12-10T00:10:00.000000000,0.12201562566127226
jena,LORAPLUS,92601,budget_0.5,49680,2024-12-11T00:10:00.000000000,0.143689817886651
jena,LORAPLUS,92601,budget_0.5,49824,2024-12-12T00:10:00.000000000,0.10672034647975417
jena,LORAPLUS,92601,budget_0.5,49968,2024-12-13T00:10:00.000000000,0.12087875253862493
jena,LORAPLUS,92601,budget_0.5,50112,2024-12-14T00:10:00.000000000,0.11640213861619439
jena,LORAPLUS,92601,budget_0.5,50256,2024-12-15T00:10:00.000000000,0.1883982618898568
jena,LORAPLUS,92601,budget_0.5,50400,2024-12-16T00:10:00.000000000,0.1629961169456774
jena,LORAPLUS,92601,budget_0.5,50544,2024-12-17T00:10:00.000000000,0.09163576333009263
jena,LORAPLUS,92601,budget_0.5,50688,2024-12-18T00:10:00.000000000,0.32971339001690325
jena,LORAPLUS,92601,budget_0.5,50832,2024-12-19T00:10:00.000000000,0.3010266271645139
jena,LORAPLUS,92601,budget_0.5,50976,2024-12-20T00:10:00.000000000,0.11516577360383491
jena,LORAPLUS,92601,budget_0.5,51120,2024-12-21T00:10:00.000000000,0.28259085473561757
jena,LORAPLUS,92601,budget_0.5,51264,2024-12-22T00:10:00.000000000,0.25393592061268466
jena,LORAPLUS,92601,budget_0.5,51408,2024-12-23T00:10:00.000000000,0.13786276839377282
jena,LORAPLUS,92601,budget_0.5,51552,2024-12-24T00:10:00.000000000,0.1154122206260354
jena,LORAPLUS,92601,budget_0.5,51696,2024-12-25T00:10:00.000000000,0.13230153281811238
jena,LORAPLUS,92601,budget_0.5,51840,2024-12-26T00:10:00.000000000,0.1473669890449702
jena,LORAPLUS,92601,budget_0.5,51984,2024-12-27T00:10:00.000000000,0.17841707120429226
jena,LORAPLUS,92601,budget_0.5,52128,2024-12-28T00:10:00.000000000,0.14496089975221946
jena,LORAPLUS,92601,budget_0.5,52272,2024-12-29T00:10:00.000000000,0.16681130137838568
jena,LORAPLUS,92601,budget_0.5,52416,2024-12-30T00:10:00.000000000,0.13926955142525854
jena,LORAPLUS,92601,budget_0.5,52560,2024-12-31T00:10:00.000000000,0.11464099851895528
jena,LORAPLUS,92601,budget_1.0,42048,2024-10-19T00:10:00.000000000,0.137073575898282
jena,LORAPLUS,92601,budget_1.0,42192,2024-10-20T00:10:00.000000000,0.1052091961551074
jena,LORAPLUS,92601,budget_1.0,42336,2024-10-21T00:10:00.000000000,0.11294779991837099
jena,LORAPLUS,92601,budget_1.0,42480,2024-10-22T00:10:00.000000000,0.25722786793037244
jena,LORAPLUS,92601,budget_1.0,42624,2024-10-23T00:10:00.000000000,0.14041489486777484
jena,LORAPLUS,92601,budget_1.0,42768,2024-10-24T00:10:00.000000000,0.1785678274615039
jena,LORAPLUS,92601,budget_1.0,42912,2024-10-25T00:10:00.000000000,0.10511893463050394
jena,LORAPLUS,92601,budget_1.0,43056,2024-10-26T00:10:00.000000000,0.12463777203534399
jena,LORAPLUS,92601,budget_1.0,43200,2024-10-27T00:10:00.000000000,0.1342446660353429
jena,LORAPLUS,92601,budget_1.0,43344,2024-10-28T00:10:00.000000000,0.12099607890153961
jena,LORAPLUS,92601,budget_1.0,43488,2024-10-29T00:10:00.000000000,0.1586196216972926
jena,LORAPLUS,92601,budget_1.0,43632,2024-10-30T00:10:00.000000000,0.14552145611798714
jena,LORAPLUS,92601,budget_1.0,43776,2024-10-31T00:10:00.000000000,0.1182274370106102
jena,LORAPLUS,92601,budget_1.0,43920,2024-11-01T00:10:00.000000000,0.1343780179235476
jena,LORAPLUS,92601,budget_1.0,44064,2024-11-02T00:10:00.000000000,0.3227340908385538
jena,LORAPLUS,92601,budget_1.0,44208,2024-11-03T00:10:00.000000000,0.15835006618424316
jena,LORAPLUS,92601,budget_1.0,44352,2024-11-04T00:10:00.000000000,0.19465005165862875
jena,LORAPLUS,92601,budget_1.0,44496,2024-11-05T00:10:00.000000000,0.11976440760310145
jena,LORAPLUS,92601,budget_1.0,44640,2024-11-06T00:10:00.000000000,0.18605162337677825
jena,LORAPLUS,92601,budget_1.0,44784,2024-11-07T00:10:00.000000000,0.18334309567088333
jena,LORAPLUS,92601,budget_1.0,44928,2024-11-08T00:10:00.000000000,0.13435893613790922
jena,LORAPLUS,92601,budget_1.0,45072,2024-11-09T00:10:00.000000000,0.1801714660980777
jena,LORAPLUS,92601,budget_1.0,45216,2024-11-10T00:10:00.000000000,0.12570491838881923
jena,LORAPLUS,92601,budget_1.0,45360,2024-11-11T00:10:00.000000000,0.19849566982153707
jena,LORAPLUS,92601,budget_1.0,45504,2024-11-12T00:10:00.000000000,0.2135140833507775
jena,LORAPLUS,92601,budget_1.0,45648,2024-11-13T00:10:00.000000000,0.11493158094852648
jena,LORAPLUS,92601,budget_1.0,45792,2024-11-14T00:10:00.000000000,0.20588633955220612
jena,LORAPLUS,92601,budget_1.0,45936,2024-11-15T00:10:00.000000000,0.12702236378795537
jena,LORAPLUS,92601,budget_1.0,46080,2024-11-16T00:10:00.000000000,0.14032667371279248
jena,LORAPLUS,92601,budget_1.0,46224,2024-11-17T00:10:00.000000000,0.15537829144850018
jena,LORAPLUS,92601,budget_1.0,46368,2024-11-18T00:10:00.000000000,0.15945165500197853
jena,LORAPLUS,92601,budget_1.0,46512,2024-11-19T00:10:00.000000000,0.47734863813859413
jena,LORAPLUS,92601,budget_1.0,46656,2024-11-20T00:10:00.000000000,0.14167880885052012
jena,LORAPLUS,92601,budget_1.0,46800,2024-11-21T00:10:00.000000000,0.1778779868318608
jena,LORAPLUS,92601,budget_1.0,46944,2024-11-22T00:10:00.000000000,0.18089452349763047
jena,LORAPLUS,92601,budget_1.0,47088,2024-11-23T00:10:00.000000000,0.19070607543304438
jena,LORAPLUS,92601,budget_1.0,47232,2024-11-24T00:10:00.000000000,0.3093810000815728
jena,LORAPLUS,92601,budget_1.0,47376,2024-11-25T00:10:00.000000000,0.19270245594603944
jena,LORAPLUS,92601,budget_1.0,47520,2024-11-26T00:10:00.000000000,0.2628298090720498
jena,LORAPLUS,92601,budget_1.0,47664,2024-11-27T00:10:00.000000000,0.22395052633040255
jena,LORAPLUS,92601,budget_1.0,47808,2024-11-28T00:10:00.000000000,0.24583447360583682
jena,LORAPLUS,92601,budget_1.0,47952,2024-11-29T00:10:00.000000000,0.16666405080920382
jena,LORAPLUS,92601,budget_1.0,48096,2024-11-30T00:10:00.000000000,0.1495588591495528
jena,LORAPLUS,92601,budget_1.0,48240,2024-12-01T00:10:00.000000000,0.12855763165624154
jena,LORAPLUS,92601,budget_1.0,48384,2024-12-02T00:10:00.000000000,0.15015895471569923
jena,LORAPLUS,92601,budget_1.0,48528,2024-12-03T00:10:00.000000000,0.1737779966686749
jena,LORAPLUS,92601,budget_1.0,48672,2024-12-04T00:10:00.000000000,0.11090310334515105
jena,LORAPLUS,92601,budget_1.0,48816,2024-12-05T00:10:00.000000000,0.21578050393191303
jena,LORAPLUS,92601,budget_1.0,48960,2024-12-06T00:10:00.000000000,0.26154971987217923
jena,LORAPLUS,92601,budget_1.0,49104,2024-12-07T00:10:00.000000000,0.24590458870181492
jena,LORAPLUS,92601,budget_1.0,49248,2024-12-08T00:10:00.000000000,0.265239647236618
jena,LORAPLUS,92601,budget_1.0,49392,2024-12-09T00:10:00.000000000,0.19120921711072128
jena,LORAPLUS,92601,budget_1.0,49536,2024-12-10T00:10:00.000000000,0.12201562566127226
jena,LORAPLUS,92601,budget_1.0,49680,2024-12-11T00:10:00.000000000,0.143689817886651
jena,LORAPLUS,92601,budget_1.0,49824,2024-12-12T00:10:00.000000000,0.10672034647975417
jena,LORAPLUS,92601,budget_1.0,49968,2024-12-13T00:10:00.000000000,0.12087875253862493
jena,LORAPLUS,92601,budget_1.0,50112,2024-12-14T00:10:00.000000000,0.11640213861619439
jena,LORAPLUS,92601,budget_1.0,50256,2024-12-15T00:10:00.000000000,0.1883982618898568
jena,LORAPLUS,92601,budget_1.0,50400,2024-12-16T00:10:00.000000000,0.1629961169456774
jena,LORAPLUS,92601,budget_1.0,50544,2024-12-17T00:10:00.000000000,0.09163576333009263
jena,LORAPLUS,92601,budget_1.0,50688,2024-12-18T00:10:00.000000000,0.32971339001690325
jena,LORAPLUS,92601,budget_1.0,50832,2024-12-19T00:10:00.000000000,0.3010266271645139
jena,LORAPLUS,92601,budget_1.0,50976,2024-12-20T00:10:00.000000000,0.11516577360383491
jena,LORAPLUS,92601,budget_1.0,51120,2024-12-21T00:10:00.000000000,0.28259085473561757
jena,LORAPLUS,92601,budget_1.0,51264,2024-12-22T00:10:00.000000000,0.25393592061268466
jena,LORAPLUS,92601,budget_1.0,51408,2024-12-23T00:10:00.000000000,0.13786276839377282
jena,LORAPLUS,92601,budget_1.0,51552,2024-12-24T00:10:00.000000000,0.1154122206260354
jena,LORAPLUS,92601,budget_1.0,51696,2024-12-25T00:10:00.000000000,0.13230153281811238
jena,LORAPLUS,92601,budget_1.0,51840,2024-12-26T00:10:00.000000000,0.1473669890449702
jena,LORAPLUS,92601,budget_1.0,51984,2024-12-27T00:10:00.000000000,0.17841707120429226
jena,LORAPLUS,92601,budget_1.0,52128,2024-12-28T00:10:00.000000000,0.14496089975221946
jena,LORAPLUS,92601,budget_1.0,52272,2024-12-29T00:10:00.000000000,0.16681130137838568
jena,LORAPLUS,92601,budget_1.0,52416,2024-12-30T00:10:00.000000000,0.13926955142525854
jena,LORAPLUS,92601,budget_1.0,52560,2024-12-31T00:10:00.000000000,0.11464099851895528
jena,HEAD,92602,selected,42048,2024-10-19T00:10:00.000000000,0.13976721891988766
jena,HEAD,92602,selected,42192,2024-10-20T00:10:00.000000000,0.11044594870527602
jena,HEAD,92602,selected,42336,2024-10-21T00:10:00.000000000,0.12317940554045148
jena,HEAD,92602,selected,42480,2024-10-22T00:10:00.000000000,0.24432506926809128
jena,HEAD,92602,selected,42624,2024-10-23T00:10:00.000000000,0.14782987264637656
jena,HEAD,92602,selected,42768,2024-10-24T00:10:00.000000000,0.18019336663134733
jena,HEAD,92602,selected,42912,2024-10-25T00:10:00.000000000,0.10967426620303426
jena,HEAD,92602,selected,43056,2024-10-26T00:10:00.000000000,0.13440743648006367
jena,HEAD,92602,selected,43200,2024-10-27T00:10:00.000000000,0.13386763445482347
jena,HEAD,92602,selected,43344,2024-10-28T00:10:00.000000000,0.125714547600692
jena,HEAD,92602,selected,43488,2024-10-29T00:10:00.000000000,0.15671611757372966
jena,HEAD,92602,selected,43632,2024-10-30T00:10:00.000000000,0.139030353474742
jena,HEAD,92602,selected,43776,2024-10-31T00:10:00.000000000,0.11715722663930508
jena,HEAD,92602,selected,43920,2024-11-01T00:10:00.000000000,0.1478610607685092
jena,HEAD,92602,selected,44064,2024-11-02T00:10:00.000000000,0.3168273246538441
jena,HEAD,92602,selected,44208,2024-11-03T00:10:00.000000000,0.15949360325600248
jena,HEAD,92602,selected,44352,2024-11-04T00:10:00.000000000,0.18880555717972958
jena,HEAD,92602,selected,44496,2024-11-05T00:10:00.000000000,0.13042792888554025
jena,HEAD,92602,selected,44640,2024-11-06T00:10:00.000000000,0.18060932267754085
jena,HEAD,92602,selected,44784,2024-11-07T00:10:00.000000000,0.17777134792817445
jena,HEAD,92602,selected,44928,2024-11-08T00:10:00.000000000,0.13242972738614187
jena,HEAD,92602,selected,45072,2024-11-09T00:10:00.000000000,0.18266135953073134
jena,HEAD,92602,selected,45216,2024-11-10T00:10:00.000000000,0.12543108768580793
jena,HEAD,92602,selected,45360,2024-11-11T00:10:00.000000000,0.20161241840089422
jena,HEAD,92602,selected,45504,2024-11-12T00:10:00.000000000,0.195507210407546
jena,HEAD,92602,selected,45648,2024-11-13T00:10:00.000000000,0.12080287181401066
jena,HEAD,92602,selected,45792,2024-11-14T00:10:00.000000000,0.19764315347977307
jena,HEAD,92602,selected,45936,2024-11-15T00:10:00.000000000,0.1371006444770487
jena,HEAD,92602,selected,46080,2024-11-16T00:10:00.000000000,0.13840970485352705
jena,HEAD,92602,selected,46224,2024-11-17T00:10:00.000000000,0.16886863294505244
jena,HEAD,92602,selected,46368,2024-11-18T00:10:00.000000000,0.16149579183693605
jena,HEAD,92602,selected,46512,2024-11-19T00:10:00.000000000,0.45191240258618925
jena,HEAD,92602,selected,46656,2024-11-20T00:10:00.000000000,0.14658748977608185
jena,HEAD,92602,selected,46800,2024-11-21T00:10:00.000000000,0.18403474710148476
jena,HEAD,92602,selected,46944,2024-11-22T00:10:00.000000000,0.17865990386720337
jena,HEAD,92602,selected,47088,2024-11-23T00:10:00.000000000,0.176989446034946
jena,HEAD,92602,selected,47232,2024-11-24T00:10:00.000000000,0.32848668724325286
jena,HEAD,92602,selected,47376,2024-11-25T00:10:00.000000000,0.20162614439180468
jena,HEAD,92602,selected,47520,2024-11-26T00:10:00.000000000,0.288477436772882
jena,HEAD,92602,selected,47664,2024-11-27T00:10:00.000000000,0.21963730663919256
jena,HEAD,92602,selected,47808,2024-11-28T00:10:00.000000000,0.22764931641293526
jena,HEAD,92602,selected,47952,2024-11-29T00:10:00.000000000,0.17744843979025499
jena,HEAD,92602,selected,48096,2024-11-30T00:10:00.000000000,0.147733879699351
jena,HEAD,92602,selected,48240,2024-12-01T00:10:00.000000000,0.15374144186911173
jena,HEAD,92602,selected,48384,2024-12-02T00:10:00.000000000,0.14178394489463195
jena,HEAD,92602,selected,48528,2024-12-03T00:10:00.000000000,0.16751660529739848
jena,HEAD,92602,selected,48672,2024-12-04T00:10:00.000000000,0.10964176602365804
jena,HEAD,92602,selected,48816,2024-12-05T00:10:00.000000000,0.214101268878406
jena,HEAD,92602,selected,48960,2024-12-06T00:10:00.000000000,0.2703544855212805
jena,HEAD,92602,selected,49104,2024-12-07T00:10:00.000000000,0.23520775907123928
jena,HEAD,92602,selected,49248,2024-12-08T00:10:00.000000000,0.2701744807548573
jena,HEAD,92602,selected,49392,2024-12-09T00:10:00.000000000,0.1961391181580082
jena,HEAD,92602,selected,49536,2024-12-10T00:10:00.000000000,0.14391923135934923
jena,HEAD,92602,selected,49680,2024-12-11T00:10:00.000000000,0.1461786468072219
jena,HEAD,92602,selected,49824,2024-12-12T00:10:00.000000000,0.11325646158458551
jena,HEAD,92602,selected,49968,2024-12-13T00:10:00.000000000,0.12783631824850722
jena,HEAD,92602,selected,50112,2024-12-14T00:10:00.000000000,0.11760048755268093
jena,HEAD,92602,selected,50256,2024-12-15T00:10:00.000000000,0.1928275542487136
jena,HEAD,92602,selected,50400,2024-12-16T00:10:00.000000000,0.17510992285856505
jena,HEAD,92602,selected,50544,2024-12-17T00:10:00.000000000,0.09293107718220171
jena,HEAD,92602,selected,50688,2024-12-18T00:10:00.000000000,0.31068637371096947
jena,HEAD,92602,selected,50832,2024-12-19T00:10:00.000000000,0.30092693984205443
jena,HEAD,92602,selected,50976,2024-12-20T00:10:00.000000000,0.12431499640993551
jena,HEAD,92602,selected,51120,2024-12-21T00:10:00.000000000,0.26903835464706544
jena,HEAD,92602,selected,51264,2024-12-22T00:10:00.000000000,0.23905171383678214
jena,HEAD,92602,selected,51408,2024-12-23T00:10:00.000000000,0.1476962868514567
jena,HEAD,92602,selected,51552,2024-12-24T00:10:00.000000000,0.1335776777490853
jena,HEAD,92602,selected,51696,2024-12-25T00:10:00.000000000,0.14114003355994584
jena,HEAD,92602,selected,51840,2024-12-26T00:10:00.000000000,0.1570882058251387
jena,HEAD,92602,selected,51984,2024-12-27T00:10:00.000000000,0.2104920977256561
jena,HEAD,92602,selected,52128,2024-12-28T00:10:00.000000000,0.14905182618956697
jena,HEAD,92602,selected,52272,2024-12-29T00:10:00.000000000,0.17702036281758446
jena,HEAD,92602,selected,52416,2024-12-30T00:10:00.000000000,0.14525792619141864
jena,HEAD,92602,selected,52560,2024-12-31T00:10:00.000000000,0.12060015568123236
jena,HEAD,92602,fixed_final,42048,2024-10-19T00:10:00.000000000,0.13525330227937418
jena,HEAD,92602,fixed_final,42192,2024-10-20T00:10:00.000000000,0.11416022068266003
jena,HEAD,92602,fixed_final,42336,2024-10-21T00:10:00.000000000,0.12412543652940868
jena,HEAD,92602,fixed_final,42480,2024-10-22T00:10:00.000000000,0.25286945806579464
jena,HEAD,92602,fixed_final,42624,2024-10-23T00:10:00.000000000,0.1433358757466981
jena,HEAD,92602,fixed_final,42768,2024-10-24T00:10:00.000000000,0.18167619103139776
jena,HEAD,92602,fixed_final,42912,2024-10-25T00:10:00.000000000,0.10728813435428956
jena,HEAD,92602,fixed_final,43056,2024-10-26T00:10:00.000000000,0.12841672050090183
jena,HEAD,92602,fixed_final,43200,2024-10-27T00:10:00.000000000,0.13340534449287728
jena,HEAD,92602,fixed_final,43344,2024-10-28T00:10:00.000000000,0.12376859590080562
jena,HEAD,92602,fixed_final,43488,2024-10-29T00:10:00.000000000,0.1543061277907973
jena,HEAD,92602,fixed_final,43632,2024-10-30T00:10:00.000000000,0.14371579067958443
jena,HEAD,92602,fixed_final,43776,2024-10-31T00:10:00.000000000,0.11930704200105784
jena,HEAD,92602,fixed_final,43920,2024-11-01T00:10:00.000000000,0.14703227804842478
jena,HEAD,92602,fixed_final,44064,2024-11-02T00:10:00.000000000,0.3360332435283097
jena,HEAD,92602,fixed_final,44208,2024-11-03T00:10:00.000000000,0.15339837961378847
jena,HEAD,92602,fixed_final,44352,2024-11-04T00:10:00.000000000,0.20137893054432585
jena,HEAD,92602,fixed_final,44496,2024-11-05T00:10:00.000000000,0.11964781250585595
jena,HEAD,92602,fixed_final,44640,2024-11-06T00:10:00.000000000,0.20020557091967486
jena,HEAD,92602,fixed_final,44784,2024-11-07T00:10:00.000000000,0.2029156575795128
jena,HEAD,92602,fixed_final,44928,2024-11-08T00:10:00.000000000,0.1378415885410285
jena,HEAD,92602,fixed_final,45072,2024-11-09T00:10:00.000000000,0.18101470317102653
jena,HEAD,92602,fixed_final,45216,2024-11-10T00:10:00.000000000,0.1323413737432208
jena,HEAD,92602,fixed_final,45360,2024-11-11T00:10:00.000000000,0.1972331987102287
jena,HEAD,92602,fixed_final,45504,2024-11-12T00:10:00.000000000,0.20469491436598772
jena,HEAD,92602,fixed_final,45648,2024-11-13T00:10:00.000000000,0.11981763865209302
jena,HEAD,92602,fixed_final,45792,2024-11-14T00:10:00.000000000,0.19494612635311012
jena,HEAD,92602,fixed_final,45936,2024-11-15T00:10:00.000000000,0.1388766177539756
jena,HEAD,92602,fixed_final,46080,2024-11-16T00:10:00.000000000,0.15000955571445326
jena,HEAD,92602,fixed_final,46224,2024-11-17T00:10:00.000000000,0.16632140193796133
jena,HEAD,92602,fixed_final,46368,2024-11-18T00:10:00.000000000,0.1599379749424253
jena,HEAD,92602,fixed_final,46512,2024-11-19T00:10:00.000000000,0.4603183429471875
jena,HEAD,92602,fixed_final,46656,2024-11-20T00:10:00.000000000,0.15188993341552415
jena,HEAD,92602,fixed_final,46800,2024-11-21T00:10:00.000000000,0.17944777354622338
jena,HEAD,92602,fixed_final,46944,2024-11-22T00:10:00.000000000,0.1897651517255341
jena,HEAD,92602,fixed_final,47088,2024-11-23T00:10:00.000000000,0.18878196359090602
jena,HEAD,92602,fixed_final,47232,2024-11-24T00:10:00.000000000,0.3079984816357749
jena,HEAD,92602,fixed_final,47376,2024-11-25T00:10:00.000000000,0.197119907100438
jena,HEAD,92602,fixed_final,47520,2024-11-26T00:10:00.000000000,0.28483899953341707
jena,HEAD,92602,fixed_final,47664,2024-11-27T00:10:00.000000000,0.21218216505551785
jena,HEAD,92602,fixed_final,47808,2024-11-28T00:10:00.000000000,0.23598234049811934
jena,HEAD,92602,fixed_final,47952,2024-11-29T00:10:00.000000000,0.18168354461989228
jena,HEAD,92602,fixed_final,48096,2024-11-30T00:10:00.000000000,0.14259274938425287
jena,HEAD,92602,fixed_final,48240,2024-12-01T00:10:00.000000000,0.16082523699085594
jena,HEAD,92602,fixed_final,48384,2024-12-02T00:10:00.000000000,0.14170796109598413
jena,HEAD,92602,fixed_final,48528,2024-12-03T00:10:00.000000000,0.17336690072366276
jena,HEAD,92602,fixed_final,48672,2024-12-04T00:10:00.000000000,0.11198919345944958
jena,HEAD,92602,fixed_final,48816,2024-12-05T00:10:00.000000000,0.22316022734674532
jena,HEAD,92602,fixed_final,48960,2024-12-06T00:10:00.000000000,0.25125388041862384
jena,HEAD,92602,fixed_final,49104,2024-12-07T00:10:00.000000000,0.2487573248364048
jena,HEAD,92602,fixed_final,49248,2024-12-08T00:10:00.000000000,0.28527775236852687
jena,HEAD,92602,fixed_final,49392,2024-12-09T00:10:00.000000000,0.21762465899900227
jena,HEAD,92602,fixed_final,49536,2024-12-10T00:10:00.000000000,0.15463045813298354
jena,HEAD,92602,fixed_final,49680,2024-12-11T00:10:00.000000000,0.1442260975153988
jena,HEAD,92602,fixed_final,49824,2024-12-12T00:10:00.000000000,0.11070667384732602
jena,HEAD,92602,fixed_final,49968,2024-12-13T00:10:00.000000000,0.12320500208986232
jena,HEAD,92602,fixed_final,50112,2024-12-14T00:10:00.000000000,0.11323263683967622
jena,HEAD,92602,fixed_final,50256,2024-12-15T00:10:00.000000000,0.1879036883560086
jena,HEAD,92602,fixed_final,50400,2024-12-16T00:10:00.000000000,0.1543954166258579
jena,HEAD,92602,fixed_final,50544,2024-12-17T00:10:00.000000000,0.09549134082652311
jena,HEAD,92602,fixed_final,50688,2024-12-18T00:10:00.000000000,0.30974725228635613
jena,HEAD,92602,fixed_final,50832,2024-12-19T00:10:00.000000000,0.29933352725574075
jena,HEAD,92602,fixed_final,50976,2024-12-20T00:10:00.000000000,0.11803987030738498
jena,HEAD,92602,fixed_final,51120,2024-12-21T00:10:00.000000000,0.2938224724328553
jena,HEAD,92602,fixed_final,51264,2024-12-22T00:10:00.000000000,0.24458358293477517
jena,HEAD,92602,fixed_final,51408,2024-12-23T00:10:00.000000000,0.14496127093271322
jena,HEAD,92602,fixed_final,51552,2024-12-24T00:10:00.000000000,0.13664248465743598
jena,HEAD,92602,fixed_final,51696,2024-12-25T00:10:00.000000000,0.13731705569811373
jena,HEAD,92602,fixed_final,51840,2024-12-26T00:10:00.000000000,0.16980144498970862
jena,HEAD,92602,fixed_final,51984,2024-12-27T00:10:00.000000000,0.2063985245194221
jena,HEAD,92602,fixed_final,52128,2024-12-28T00:10:00.000000000,0.13912233312516586
jena,HEAD,92602,fixed_final,52272,2024-12-29T00:10:00.000000000,0.17271892045129444
jena,HEAD,92602,fixed_final,52416,2024-12-30T00:10:00.000000000,0.14738814000700023
jena,HEAD,92602,fixed_final,52560,2024-12-31T00:10:00.000000000,0.1223395974028696
jena,HEAD,92602,budget_0.5,42048,2024-10-19T00:10:00.000000000,0.13976721891988766
jena,HEAD,92602,budget_0.5,42192,2024-10-20T00:10:00.000000000,0.11044594870527602
jena,HEAD,92602,budget_0.5,42336,2024-10-21T00:10:00.000000000,0.12317940554045148
jena,HEAD,92602,budget_0.5,42480,2024-10-22T00:10:00.000000000,0.24432506926809128
jena,HEAD,92602,budget_0.5,42624,2024-10-23T00:10:00.000000000,0.14782987264637656
jena,HEAD,92602,budget_0.5,42768,2024-10-24T00:10:00.000000000,0.18019336663134733
jena,HEAD,92602,budget_0.5,42912,2024-10-25T00:10:00.000000000,0.10967426620303426
jena,HEAD,92602,budget_0.5,43056,2024-10-26T00:10:00.000000000,0.13440743648006367
jena,HEAD,92602,budget_0.5,43200,2024-10-27T00:10:00.000000000,0.13386763445482347
jena,HEAD,92602,budget_0.5,43344,2024-10-28T00:10:00.000000000,0.125714547600692
jena,HEAD,92602,budget_0.5,43488,2024-10-29T00:10:00.000000000,0.15671611757372966
jena,HEAD,92602,budget_0.5,43632,2024-10-30T00:10:00.000000000,0.139030353474742
jena,HEAD,92602,budget_0.5,43776,2024-10-31T00:10:00.000000000,0.11715722663930508
jena,HEAD,92602,budget_0.5,43920,2024-11-01T00:10:00.000000000,0.1478610607685092
jena,HEAD,92602,budget_0.5,44064,2024-11-02T00:10:00.000000000,0.3168273246538441
jena,HEAD,92602,budget_0.5,44208,2024-11-03T00:10:00.000000000,0.15949360325600248
jena,HEAD,92602,budget_0.5,44352,2024-11-04T00:10:00.000000000,0.18880555717972958
jena,HEAD,92602,budget_0.5,44496,2024-11-05T00:10:00.000000000,0.13042792888554025
jena,HEAD,92602,budget_0.5,44640,2024-11-06T00:10:00.000000000,0.18060932267754085
jena,HEAD,92602,budget_0.5,44784,2024-11-07T00:10:00.000000000,0.17777134792817445
jena,HEAD,92602,budget_0.5,44928,2024-11-08T00:10:00.000000000,0.13242972738614187
jena,HEAD,92602,budget_0.5,45072,2024-11-09T00:10:00.000000000,0.18266135953073134
jena,HEAD,92602,budget_0.5,45216,2024-11-10T00:10:00.000000000,0.12543108768580793
jena,HEAD,92602,budget_0.5,45360,2024-11-11T00:10:00.000000000,0.20161241840089422
jena,HEAD,92602,budget_0.5,45504,2024-11-12T00:10:00.000000000,0.195507210407546
jena,HEAD,92602,budget_0.5,45648,2024-11-13T00:10:00.000000000,0.12080287181401066
jena,HEAD,92602,budget_0.5,45792,2024-11-14T00:10:00.000000000,0.19764315347977307
jena,HEAD,92602,budget_0.5,45936,2024-11-15T00:10:00.000000000,0.1371006444770487
jena,HEAD,92602,budget_0.5,46080,2024-11-16T00:10:00.000000000,0.13840970485352705
jena,HEAD,92602,budget_0.5,46224,2024-11-17T00:10:00.000000000,0.16886863294505244
jena,HEAD,92602,budget_0.5,46368,2024-11-18T00:10:00.000000000,0.16149579183693605
jena,HEAD,92602,budget_0.5,46512,2024-11-19T00:10:00.000000000,0.45191240258618925
jena,HEAD,92602,budget_0.5,46656,2024-11-20T00:10:00.000000000,0.14658748977608185
jena,HEAD,92602,budget_0.5,46800,2024-11-21T00:10:00.000000000,0.18403474710148476
jena,HEAD,92602,budget_0.5,46944,2024-11-22T00:10:00.000000000,0.17865990386720337
jena,HEAD,92602,budget_0.5,47088,2024-11-23T00:10:00.000000000,0.176989446034946
jena,HEAD,92602,budget_0.5,47232,2024-11-24T00:10:00.000000000,0.32848668724325286
jena,HEAD,92602,budget_0.5,47376,2024-11-25T00:10:00.000000000,0.20162614439180468
jena,HEAD,92602,budget_0.5,47520,2024-11-26T00:10:00.000000000,0.288477436772882
jena,HEAD,92602,budget_0.5,47664,2024-11-27T00:10:00.000000000,0.21963730663919256
jena,HEAD,92602,budget_0.5,47808,2024-11-28T00:10:00.000000000,0.22764931641293526
jena,HEAD,92602,budget_0.5,47952,2024-11-29T00:10:00.000000000,0.17744843979025499
jena,HEAD,92602,budget_0.5,48096,2024-11-30T00:10:00.000000000,0.147733879699351
jena,HEAD,92602,budget_0.5,48240,2024-12-01T00:10:00.000000000,0.15374144186911173
jena,HEAD,92602,budget_0.5,48384,2024-12-02T00:10:00.000000000,0.14178394489463195
jena,HEAD,92602,budget_0.5,48528,2024-12-03T00:10:00.000000000,0.16751660529739848
jena,HEAD,92602,budget_0.5,48672,2024-12-04T00:10:00.000000000,0.10964176602365804
jena,HEAD,92602,budget_0.5,48816,2024-12-05T00:10:00.000000000,0.214101268878406
jena,HEAD,92602,budget_0.5,48960,2024-12-06T00:10:00.000000000,0.2703544855212805
jena,HEAD,92602,budget_0.5,49104,2024-12-07T00:10:00.000000000,0.23520775907123928
jena,HEAD,92602,budget_0.5,49248,2024-12-08T00:10:00.000000000,0.2701744807548573
jena,HEAD,92602,budget_0.5,49392,2024-12-09T00:10:00.000000000,0.1961391181580082
jena,HEAD,92602,budget_0.5,49536,2024-12-10T00:10:00.000000000,0.14391923135934923
jena,HEAD,92602,budget_0.5,49680,2024-12-11T00:10:00.000000000,0.1461786468072219
jena,HEAD,92602,budget_0.5,49824,2024-12-12T00:10:00.000000000,0.11325646158458551
jena,HEAD,92602,budget_0.5,49968,2024-12-13T00:10:00.000000000,0.12783631824850722
jena,HEAD,92602,budget_0.5,50112,2024-12-14T00:10:00.000000000,0.11760048755268093
jena,HEAD,92602,budget_0.5,50256,2024-12-15T00:10:00.000000000,0.1928275542487136
jena,HEAD,92602,budget_0.5,50400,2024-12-16T00:10:00.000000000,0.17510992285856505
jena,HEAD,92602,budget_0.5,50544,2024-12-17T00:10:00.000000000,0.09293107718220171
jena,HEAD,92602,budget_0.5,50688,2024-12-18T00:10:00.000000000,0.31068637371096947
jena,HEAD,92602,budget_0.5,50832,2024-12-19T00:10:00.000000000,0.30092693984205443
jena,HEAD,92602,budget_0.5,50976,2024-12-20T00:10:00.000000000,0.12431499640993551
jena,HEAD,92602,budget_0.5,51120,2024-12-21T00:10:00.000000000,0.26903835464706544
jena,HEAD,92602,budget_0.5,51264,2024-12-22T00:10:00.000000000,0.23905171383678214
jena,HEAD,92602,budget_0.5,51408,2024-12-23T00:10:00.000000000,0.1476962868514567
jena,HEAD,92602,budget_0.5,51552,2024-12-24T00:10:00.000000000,0.1335776777490853
jena,HEAD,92602,budget_0.5,51696,2024-12-25T00:10:00.000000000,0.14114003355994584
jena,HEAD,92602,budget_0.5,51840,2024-12-26T00:10:00.000000000,0.1570882058251387
jena,HEAD,92602,budget_0.5,51984,2024-12-27T00:10:00.000000000,0.2104920977256561
jena,HEAD,92602,budget_0.5,52128,2024-12-28T00:10:00.000000000,0.14905182618956697
jena,HEAD,92602,budget_0.5,52272,2024-12-29T00:10:00.000000000,0.17702036281758446
jena,HEAD,92602,budget_0.5,52416,2024-12-30T00:10:00.000000000,0.14525792619141864
jena,HEAD,92602,budget_0.5,52560,2024-12-31T00:10:00.000000000,0.12060015568123236
jena,HEAD,92602,budget_1.0,42048,2024-10-19T00:10:00.000000000,0.13976721891988766
jena,HEAD,92602,budget_1.0,42192,2024-10-20T00:10:00.000000000,0.11044594870527602
jena,HEAD,92602,budget_1.0,42336,2024-10-21T00:10:00.000000000,0.12317940554045148
jena,HEAD,92602,budget_1.0,42480,2024-10-22T00:10:00.000000000,0.24432506926809128
jena,HEAD,92602,budget_1.0,42624,2024-10-23T00:10:00.000000000,0.14782987264637656
jena,HEAD,92602,budget_1.0,42768,2024-10-24T00:10:00.000000000,0.18019336663134733
jena,HEAD,92602,budget_1.0,42912,2024-10-25T00:10:00.000000000,0.10967426620303426
jena,HEAD,92602,budget_1.0,43056,2024-10-26T00:10:00.000000000,0.13440743648006367
jena,HEAD,92602,budget_1.0,43200,2024-10-27T00:10:00.000000000,0.13386763445482347
jena,HEAD,92602,budget_1.0,43344,2024-10-28T00:10:00.000000000,0.125714547600692
jena,HEAD,92602,budget_1.0,43488,2024-10-29T00:10:00.000000000,0.15671611757372966
jena,HEAD,92602,budget_1.0,43632,2024-10-30T00:10:00.000000000,0.139030353474742
jena,HEAD,92602,budget_1.0,43776,2024-10-31T00:10:00.000000000,0.11715722663930508
jena,HEAD,92602,budget_1.0,43920,2024-11-01T00:10:00.000000000,0.1478610607685092
jena,HEAD,92602,budget_1.0,44064,2024-11-02T00:10:00.000000000,0.3168273246538441
jena,HEAD,92602,budget_1.0,44208,2024-11-03T00:10:00.000000000,0.15949360325600248
jena,HEAD,92602,budget_1.0,44352,2024-11-04T00:10:00.000000000,0.18880555717972958
jena,HEAD,92602,budget_1.0,44496,2024-11-05T00:10:00.000000000,0.13042792888554025
jena,HEAD,92602,budget_1.0,44640,2024-11-06T00:10:00.000000000,0.18060932267754085
jena,HEAD,92602,budget_1.0,44784,2024-11-07T00:10:00.000000000,0.17777134792817445
jena,HEAD,92602,budget_1.0,44928,2024-11-08T00:10:00.000000000,0.13242972738614187
jena,HEAD,92602,budget_1.0,45072,2024-11-09T00:10:00.000000000,0.18266135953073134
jena,HEAD,92602,budget_1.0,45216,2024-11-10T00:10:00.000000000,0.12543108768580793
jena,HEAD,92602,budget_1.0,45360,2024-11-11T00:10:00.000000000,0.20161241840089422
jena,HEAD,92602,budget_1.0,45504,2024-11-12T00:10:00.000000000,0.195507210407546
jena,HEAD,92602,budget_1.0,45648,2024-11-13T00:10:00.000000000,0.12080287181401066
jena,HEAD,92602,budget_1.0,45792,2024-11-14T00:10:00.000000000,0.19764315347977307
jena,HEAD,92602,budget_1.0,45936,2024-11-15T00:10:00.000000000,0.1371006444770487
jena,HEAD,92602,budget_1.0,46080,2024-11-16T00:10:00.000000000,0.13840970485352705
jena,HEAD,92602,budget_1.0,46224,2024-11-17T00:10:00.000000000,0.16886863294505244
jena,HEAD,92602,budget_1.0,46368,2024-11-18T00:10:00.000000000,0.16149579183693605
jena,HEAD,92602,budget_1.0,46512,2024-11-19T00:10:00.000000000,0.45191240258618925
jena,HEAD,92602,budget_1.0,46656,2024-11-20T00:10:00.000000000,0.14658748977608185
jena,HEAD,92602,budget_1.0,46800,2024-11-21T00:10:00.000000000,0.18403474710148476
jena,HEAD,92602,budget_1.0,46944,2024-11-22T00:10:00.000000000,0.17865990386720337
jena,HEAD,92602,budget_1.0,47088,2024-11-23T00:10:00.000000000,0.176989446034946
jena,HEAD,92602,budget_1.0,47232,2024-11-24T00:10:00.000000000,0.32848668724325286
jena,HEAD,92602,budget_1.0,47376,2024-11-25T00:10:00.000000000,0.20162614439180468
jena,HEAD,92602,budget_1.0,47520,2024-11-26T00:10:00.000000000,0.288477436772882
jena,HEAD,92602,budget_1.0,47664,2024-11-27T00:10:00.000000000,0.21963730663919256
jena,HEAD,92602,budget_1.0,47808,2024-11-28T00:10:00.000000000,0.22764931641293526
jena,HEAD,92602,budget_1.0,47952,2024-11-29T00:10:00.000000000,0.17744843979025499
jena,HEAD,92602,budget_1.0,48096,2024-11-30T00:10:00.000000000,0.147733879699351
jena,HEAD,92602,budget_1.0,48240,2024-12-01T00:10:00.000000000,0.15374144186911173
jena,HEAD,92602,budget_1.0,48384,2024-12-02T00:10:00.000000000,0.14178394489463195
jena,HEAD,92602,budget_1.0,48528,2024-12-03T00:10:00.000000000,0.16751660529739848
jena,HEAD,92602,budget_1.0,48672,2024-12-04T00:10:00.000000000,0.10964176602365804
jena,HEAD,92602,budget_1.0,48816,2024-12-05T00:10:00.000000000,0.214101268878406
jena,HEAD,92602,budget_1.0,48960,2024-12-06T00:10:00.000000000,0.2703544855212805
jena,HEAD,92602,budget_1.0,49104,2024-12-07T00:10:00.000000000,0.23520775907123928
jena,HEAD,92602,budget_1.0,49248,2024-12-08T00:10:00.000000000,0.2701744807548573
jena,HEAD,92602,budget_1.0,49392,2024-12-09T00:10:00.000000000,0.1961391181580082
jena,HEAD,92602,budget_1.0,49536,2024-12-10T00:10:00.000000000,0.14391923135934923
jena,HEAD,92602,budget_1.0,49680,2024-12-11T00:10:00.000000000,0.1461786468072219
jena,HEAD,92602,budget_1.0,49824,2024-12-12T00:10:00.000000000,0.11325646158458551
jena,HEAD,92602,budget_1.0,49968,2024-12-13T00:10:00.000000000,0.12783631824850722
jena,HEAD,92602,budget_1.0,50112,2024-12-14T00:10:00.000000000,0.11760048755268093
jena,HEAD,92602,budget_1.0,50256,2024-12-15T00:10:00.000000000,0.1928275542487136
jena,HEAD,92602,budget_1.0,50400,2024-12-16T00:10:00.000000000,0.17510992285856505
jena,HEAD,92602,budget_1.0,50544,2024-12-17T00:10:00.000000000,0.09293107718220171
jena,HEAD,92602,budget_1.0,50688,2024-12-18T00:10:00.000000000,0.31068637371096947
jena,HEAD,92602,budget_1.0,50832,2024-12-19T00:10:00.000000000,0.30092693984205443
jena,HEAD,92602,budget_1.0,50976,2024-12-20T00:10:00.000000000,0.12431499640993551
jena,HEAD,92602,budget_1.0,51120,2024-12-21T00:10:00.000000000,0.26903835464706544
jena,HEAD,92602,budget_1.0,51264,2024-12-22T00:10:00.000000000,0.23905171383678214
jena,HEAD,92602,budget_1.0,51408,2024-12-23T00:10:00.000000000,0.1476962868514567
jena,HEAD,92602,budget_1.0,51552,2024-12-24T00:10:00.000000000,0.1335776777490853
jena,HEAD,92602,budget_1.0,51696,2024-12-25T00:10:00.000000000,0.14114003355994584
jena,HEAD,92602,budget_1.0,51840,2024-12-26T00:10:00.000000000,0.1570882058251387
jena,HEAD,92602,budget_1.0,51984,2024-12-27T00:10:00.000000000,0.2104920977256561
jena,HEAD,92602,budget_1.0,52128,2024-12-28T00:10:00.000000000,0.14905182618956697
jena,HEAD,92602,budget_1.0,52272,2024-12-29T00:10:00.000000000,0.17702036281758446
jena,HEAD,92602,budget_1.0,52416,2024-12-30T00:10:00.000000000,0.14525792619141864
jena,HEAD,92602,budget_1.0,52560,2024-12-31T00:10:00.000000000,0.12060015568123236
jena,LORA,92602,selected,42048,2024-10-19T00:10:00.000000000,0.1412474612461953
jena,LORA,92602,selected,42192,2024-10-20T00:10:00.000000000,0.1031190057558237
jena,LORA,92602,selected,42336,2024-10-21T00:10:00.000000000,0.1159728338703368
jena,LORA,92602,selected,42480,2024-10-22T00:10:00.000000000,0.2556763043175
jena,LORA,92602,selected,42624,2024-10-23T00:10:00.000000000,0.1331690364293328
jena,LORA,92602,selected,42768,2024-10-24T00:10:00.000000000,0.1903341324648524
jena,LORA,92602,selected,42912,2024-10-25T00:10:00.000000000,0.1130879365727258
jena,LORA,92602,selected,43056,2024-10-26T00:10:00.000000000,0.11837018027117885
jena,LORA,92602,selected,43200,2024-10-27T00:10:00.000000000,0.13123069714121643
jena,LORA,92602,selected,43344,2024-10-28T00:10:00.000000000,0.1223050959178118
jena,LORA,92602,selected,43488,2024-10-29T00:10:00.000000000,0.15432069457588046
jena,LORA,92602,selected,43632,2024-10-30T00:10:00.000000000,0.1468284910428406
jena,LORA,92602,selected,43776,2024-10-31T00:10:00.000000000,0.11562572422043967
jena,LORA,92602,selected,43920,2024-11-01T00:10:00.000000000,0.12493295290956809
jena,LORA,92602,selected,44064,2024-11-02T00:10:00.000000000,0.3353633570434817
jena,LORA,92602,selected,44208,2024-11-03T00:10:00.000000000,0.15643375656375652
jena,LORA,92602,selected,44352,2024-11-04T00:10:00.000000000,0.1902290264090773
jena,LORA,92602,selected,44496,2024-11-05T00:10:00.000000000,0.12041069161127557
jena,LORA,92602,selected,44640,2024-11-06T00:10:00.000000000,0.19491158702264344
jena,LORA,92602,selected,44784,2024-11-07T00:10:00.000000000,0.19045493615891845
jena,LORA,92602,selected,44928,2024-11-08T00:10:00.000000000,0.1327391235575432
jena,LORA,92602,selected,45072,2024-11-09T00:10:00.000000000,0.1841185781707301
jena,LORA,92602,selected,45216,2024-11-10T00:10:00.000000000,0.1205555155076065
jena,LORA,92602,selected,45360,2024-11-11T00:10:00.000000000,0.1971210069444703
jena,LORA,92602,selected,45504,2024-11-12T00:10:00.000000000,0.2133319903359108
jena,LORA,92602,selected,45648,2024-11-13T00:10:00.000000000,0.11458492914582497
jena,LORA,92602,selected,45792,2024-11-14T00:10:00.000000000,0.19857321150261695
jena,LORA,92602,selected,45936,2024-11-15T00:10:00.000000000,0.12713074271062874
jena,LORA,92602,selected,46080,2024-11-16T00:10:00.000000000,0.13230458171252477
jena,LORA,92602,selected,46224,2024-11-17T00:10:00.000000000,0.1514580501931442
jena,LORA,92602,selected,46368,2024-11-18T00:10:00.000000000,0.1597030398904884
jena,LORA,92602,selected,46512,2024-11-19T00:10:00.000000000,0.44996062005863535
jena,LORA,92602,selected,46656,2024-11-20T00:10:00.000000000,0.1492234042239125
jena,LORA,92602,selected,46800,2024-11-21T00:10:00.000000000,0.1660045750640686
jena,LORA,92602,selected,46944,2024-11-22T00:10:00.000000000,0.18936807695614527
jena,LORA,92602,selected,47088,2024-11-23T00:10:00.000000000,0.18021555140285953
jena,LORA,92602,selected,47232,2024-11-24T00:10:00.000000000,0.3008527854605275
jena,LORA,92602,selected,47376,2024-11-25T00:10:00.000000000,0.18503099218352942
jena,LORA,92602,selected,47520,2024-11-26T00:10:00.000000000,0.22171773527828137
jena,LORA,92602,selected,47664,2024-11-27T00:10:00.000000000,0.2106397911191198
jena,LORA,92602,selected,47808,2024-11-28T00:10:00.000000000,0.2649059162774967
jena,LORA,92602,selected,47952,2024-11-29T00:10:00.000000000,0.16592500413637398
jena,LORA,92602,selected,48096,2024-11-30T00:10:00.000000000,0.15974424441628288
jena,LORA,92602,selected,48240,2024-12-01T00:10:00.000000000,0.132782393275977
jena,LORA,92602,selected,48384,2024-12-02T00:10:00.000000000,0.14738795713353156
jena,LORA,92602,selected,48528,2024-12-03T00:10:00.000000000,0.18302671099540965
jena,LORA,92602,selected,48672,2024-12-04T00:10:00.000000000,0.11651991021575712
jena,LORA,92602,selected,48816,2024-12-05T00:10:00.000000000,0.22035255876070503
jena,LORA,92602,selected,48960,2024-12-06T00:10:00.000000000,0.25656408929735225
jena,LORA,92602,selected,49104,2024-12-07T00:10:00.000000000,0.23563122827210445
jena,LORA,92602,selected,49248,2024-12-08T00:10:00.000000000,0.26856043299567595
jena,LORA,92602,selected,49392,2024-12-09T00:10:00.000000000,0.20822253700219273
jena,LORA,92602,selected,49536,2024-12-10T00:10:00.000000000,0.11906987986805087
jena,LORA,92602,selected,49680,2024-12-11T00:10:00.000000000,0.1468482717975342
jena,LORA,92602,selected,49824,2024-12-12T00:10:00.000000000,0.11802370392561048
jena,LORA,92602,selected,49968,2024-12-13T00:10:00.000000000,0.12004280177341806
jena,LORA,92602,selected,50112,2024-12-14T00:10:00.000000000,0.12869356676034527
jena,LORA,92602,selected,50256,2024-12-15T00:10:00.000000000,0.17456395454271123
jena,LORA,92602,selected,50400,2024-12-16T00:10:00.000000000,0.16663106363907104
jena,LORA,92602,selected,50544,2024-12-17T00:10:00.000000000,0.09622741619056484
jena,LORA,92602,selected,50688,2024-12-18T00:10:00.000000000,0.33375508363558554
jena,LORA,92602,selected,50832,2024-12-19T00:10:00.000000000,0.2859568894995961
jena,LORA,92602,selected,50976,2024-12-20T00:10:00.000000000,0.11054934931746303
jena,LORA,92602,selected,51120,2024-12-21T00:10:00.000000000,0.28669973626588624
jena,LORA,92602,selected,51264,2024-12-22T00:10:00.000000000,0.26149420311280197
jena,LORA,92602,selected,51408,2024-12-23T00:10:00.000000000,0.13543621839982778
jena,LORA,92602,selected,51552,2024-12-24T00:10:00.000000000,0.12583647263961215
jena,LORA,92602,selected,51696,2024-12-25T00:10:00.000000000,0.12552420382507692
jena,LORA,92602,selected,51840,2024-12-26T00:10:00.000000000,0.16228394707882735
jena,LORA,92602,selected,51984,2024-12-27T00:10:00.000000000,0.19295458193338919
jena,LORA,92602,selected,52128,2024-12-28T00:10:00.000000000,0.15528426319261843
jena,LORA,92602,selected,52272,2024-12-29T00:10:00.000000000,0.1893475836765513
jena,LORA,92602,selected,52416,2024-12-30T00:10:00.000000000,0.1306690386369129
jena,LORA,92602,selected,52560,2024-12-31T00:10:00.000000000,0.11670464773823339
jena,LORA,92602,fixed_final,42048,2024-10-19T00:10:00.000000000,0.13955640075573852
jena,LORA,92602,fixed_final,42192,2024-10-20T00:10:00.000000000,0.1071814003504987
jena,LORA,92602,fixed_final,42336,2024-10-21T00:10:00.000000000,0.10762785592983819
jena,LORA,92602,fixed_final,42480,2024-10-22T00:10:00.000000000,0.23403877488277577
jena,LORA,92602,fixed_final,42624,2024-10-23T00:10:00.000000000,0.19981981594310957
jena,LORA,92602,fixed_final,42768,2024-10-24T00:10:00.000000000,0.13124700980106002
jena,LORA,92602,fixed_final,42912,2024-10-25T00:10:00.000000000,0.1002438928424404
jena,LORA,92602,fixed_final,43056,2024-10-26T00:10:00.000000000,0.138148898141343
jena,LORA,92602,fixed_final,43200,2024-10-27T00:10:00.000000000,0.12924697734214835
jena,LORA,92602,fixed_final,43344,2024-10-28T00:10:00.000000000,0.1273308107706097
jena,LORA,92602,fixed_final,43488,2024-10-29T00:10:00.000000000,0.15301241959463294
jena,LORA,92602,fixed_final,43632,2024-10-30T00:10:00.000000000,0.13367188209171685
jena,LORA,92602,fixed_final,43776,2024-10-31T00:10:00.000000000,0.11354887820172549
jena,LORA,92602,fixed_final,43920,2024-11-01T00:10:00.000000000,0.1483175448791941
jena,LORA,92602,fixed_final,44064,2024-11-02T00:10:00.000000000,0.38210547027265357
jena,LORA,92602,fixed_final,44208,2024-11-03T00:10:00.000000000,0.18671976709465707
jena,LORA,92602,fixed_final,44352,2024-11-04T00:10:00.000000000,0.30310156129282423
jena,LORA,92602,fixed_final,44496,2024-11-05T00:10:00.000000000,0.1126922226661337
jena,LORA,92602,fixed_final,44640,2024-11-06T00:10:00.000000000,0.27077815585130904
jena,LORA,92602,fixed_final,44784,2024-11-07T00:10:00.000000000,0.21779982610530582
jena,LORA,92602,fixed_final,44928,2024-11-08T00:10:00.000000000,0.14709546498008988
jena,LORA,92602,fixed_final,45072,2024-11-09T00:10:00.000000000,0.1808813843512858
jena,LORA,92602,fixed_final,45216,2024-11-10T00:10:00.000000000,0.10889045425217725
jena,LORA,92602,fixed_final,45360,2024-11-11T00:10:00.000000000,0.23299822976469498
jena,LORA,92602,fixed_final,45504,2024-11-12T00:10:00.000000000,0.20614854062416663
jena,LORA,92602,fixed_final,45648,2024-11-13T00:10:00.000000000,0.11843523815127625
jena,LORA,92602,fixed_final,45792,2024-11-14T00:10:00.000000000,0.20536621662763568
jena,LORA,92602,fixed_final,45936,2024-11-15T00:10:00.000000000,0.11781188393830998
jena,LORA,92602,fixed_final,46080,2024-11-16T00:10:00.000000000,0.1408207211997182
jena,LORA,92602,fixed_final,46224,2024-11-17T00:10:00.000000000,0.19023727318694122
jena,LORA,92602,fixed_final,46368,2024-11-18T00:10:00.000000000,0.159520571023175
jena,LORA,92602,fixed_final,46512,2024-11-19T00:10:00.000000000,0.4346948250212762
jena,LORA,92602,fixed_final,46656,2024-11-20T00:10:00.000000000,0.17592423696957563
jena,LORA,92602,fixed_final,46800,2024-11-21T00:10:00.000000000,0.16178998630871125
jena,LORA,92602,fixed_final,46944,2024-11-22T00:10:00.000000000,0.20524857098552135
jena,LORA,92602,fixed_final,47088,2024-11-23T00:10:00.000000000,0.1780260738388177
jena,LORA,92602,fixed_final,47232,2024-11-24T00:10:00.000000000,0.4166807947256013
jena,LORA,92602,fixed_final,47376,2024-11-25T00:10:00.000000000,0.31144478307564516
jena,LORA,92602,fixed_final,47520,2024-11-26T00:10:00.000000000,0.19207057616563425
jena,LORA,92602,fixed_final,47664,2024-11-27T00:10:00.000000000,0.20097428692630925
jena,LORA,92602,fixed_final,47808,2024-11-28T00:10:00.000000000,0.17989636842454737
jena,LORA,92602,fixed_final,47952,2024-11-29T00:10:00.000000000,0.1700638184574422
jena,LORA,92602,fixed_final,48096,2024-11-30T00:10:00.000000000,0.13349883978753596
jena,LORA,92602,fixed_final,48240,2024-12-01T00:10:00.000000000,0.17112970649741926
jena,LORA,92602,fixed_final,48384,2024-12-02T00:10:00.000000000,0.14057050094213175
jena,LORA,92602,fixed_final,48528,2024-12-03T00:10:00.000000000,0.17263596811897244
jena,LORA,92602,fixed_final,48672,2024-12-04T00:10:00.000000000,0.11457837198728685
jena,LORA,92602,fixed_final,48816,2024-12-05T00:10:00.000000000,0.2457419295343477
jena,LORA,92602,fixed_final,48960,2024-12-06T00:10:00.000000000,0.24721737647227365
jena,LORA,92602,fixed_final,49104,2024-12-07T00:10:00.000000000,0.23219557354397097
jena,LORA,92602,fixed_final,49248,2024-12-08T00:10:00.000000000,0.28442256415373735
jena,LORA,92602,fixed_final,49392,2024-12-09T00:10:00.000000000,0.28989012619050303
jena,LORA,92602,fixed_final,49536,2024-12-10T00:10:00.000000000,0.13640716009803525
jena,LORA,92602,fixed_final,49680,2024-12-11T00:10:00.000000000,0.17504332612372708
jena,LORA,92602,fixed_final,49824,2024-12-12T00:10:00.000000000,0.15921896738177777
jena,LORA,92602,fixed_final,49968,2024-12-13T00:10:00.000000000,0.12450810738298827
jena,LORA,92602,fixed_final,50112,2024-12-14T00:10:00.000000000,0.1321443937439498
jena,LORA,92602,fixed_final,50256,2024-12-15T00:10:00.000000000,0.18014209277756937
jena,LORA,92602,fixed_final,50400,2024-12-16T00:10:00.000000000,0.23313161034398686
jena,LORA,92602,fixed_final,50544,2024-12-17T00:10:00.000000000,0.1070334567578928
jena,LORA,92602,fixed_final,50688,2024-12-18T00:10:00.000000000,0.32301092130564174
jena,LORA,92602,fixed_final,50832,2024-12-19T00:10:00.000000000,0.33289163201147964
jena,LORA,92602,fixed_final,50976,2024-12-20T00:10:00.000000000,0.12891412880464045
jena,LORA,92602,fixed_final,51120,2024-12-21T00:10:00.000000000,0.2892573207689179
jena,LORA,92602,fixed_final,51264,2024-12-22T00:10:00.000000000,0.19578801139581065
jena,LORA,92602,fixed_final,51408,2024-12-23T00:10:00.000000000,0.1686323972666217
jena,LORA,92602,fixed_final,51552,2024-12-24T00:10:00.000000000,0.12961598250865947
jena,LORA,92602,fixed_final,51696,2024-12-25T00:10:00.000000000,0.11468896799032764
jena,LORA,92602,fixed_final,51840,2024-12-26T00:10:00.000000000,0.17769947767088845
jena,LORA,92602,fixed_final,51984,2024-12-27T00:10:00.000000000,0.25916203180100306
jena,LORA,92602,fixed_final,52128,2024-12-28T00:10:00.000000000,0.12163779516776863
jena,LORA,92602,fixed_final,52272,2024-12-29T00:10:00.000000000,0.24044478561550503
jena,LORA,92602,fixed_final,52416,2024-12-30T00:10:00.000000000,0.15989049707550165
jena,LORA,92602,fixed_final,52560,2024-12-31T00:10:00.000000000,0.13764595559820067
jena,LORA,92602,budget_0.5,42048,2024-10-19T00:10:00.000000000,0.1412474612461953
jena,LORA,92602,budget_0.5,42192,2024-10-20T00:10:00.000000000,0.1031190057558237
jena,LORA,92602,budget_0.5,42336,2024-10-21T00:10:00.000000000,0.1159728338703368
jena,LORA,92602,budget_0.5,42480,2024-10-22T00:10:00.000000000,0.2556763043175
jena,LORA,92602,budget_0.5,42624,2024-10-23T00:10:00.000000000,0.1331690364293328
jena,LORA,92602,budget_0.5,42768,2024-10-24T00:10:00.000000000,0.1903341324648524
jena,LORA,92602,budget_0.5,42912,2024-10-25T00:10:00.000000000,0.1130879365727258
jena,LORA,92602,budget_0.5,43056,2024-10-26T00:10:00.000000000,0.11837018027117885
jena,LORA,92602,budget_0.5,43200,2024-10-27T00:10:00.000000000,0.13123069714121643
jena,LORA,92602,budget_0.5,43344,2024-10-28T00:10:00.000000000,0.1223050959178118
jena,LORA,92602,budget_0.5,43488,2024-10-29T00:10:00.000000000,0.15432069457588046
jena,LORA,92602,budget_0.5,43632,2024-10-30T00:10:00.000000000,0.1468284910428406
jena,LORA,92602,budget_0.5,43776,2024-10-31T00:10:00.000000000,0.11562572422043967
jena,LORA,92602,budget_0.5,43920,2024-11-01T00:10:00.000000000,0.12493295290956809
jena,LORA,92602,budget_0.5,44064,2024-11-02T00:10:00.000000000,0.3353633570434817
jena,LORA,92602,budget_0.5,44208,2024-11-03T00:10:00.000000000,0.15643375656375652
jena,LORA,92602,budget_0.5,44352,2024-11-04T00:10:00.000000000,0.1902290264090773
jena,LORA,92602,budget_0.5,44496,2024-11-05T00:10:00.000000000,0.12041069161127557
jena,LORA,92602,budget_0.5,44640,2024-11-06T00:10:00.000000000,0.19491158702264344
jena,LORA,92602,budget_0.5,44784,2024-11-07T00:10:00.000000000,0.19045493615891845
jena,LORA,92602,budget_0.5,44928,2024-11-08T00:10:00.000000000,0.1327391235575432
jena,LORA,92602,budget_0.5,45072,2024-11-09T00:10:00.000000000,0.1841185781707301
jena,LORA,92602,budget_0.5,45216,2024-11-10T00:10:00.000000000,0.1205555155076065
jena,LORA,92602,budget_0.5,45360,2024-11-11T00:10:00.000000000,0.1971210069444703
jena,LORA,92602,budget_0.5,45504,2024-11-12T00:10:00.000000000,0.2133319903359108
jena,LORA,92602,budget_0.5,45648,2024-11-13T00:10:00.000000000,0.11458492914582497
jena,LORA,92602,budget_0.5,45792,2024-11-14T00:10:00.000000000,0.19857321150261695
jena,LORA,92602,budget_0.5,45936,2024-11-15T00:10:00.000000000,0.12713074271062874
jena,LORA,92602,budget_0.5,46080,2024-11-16T00:10:00.000000000,0.13230458171252477
jena,LORA,92602,budget_0.5,46224,2024-11-17T00:10:00.000000000,0.1514580501931442
jena,LORA,92602,budget_0.5,46368,2024-11-18T00:10:00.000000000,0.1597030398904884
jena,LORA,92602,budget_0.5,46512,2024-11-19T00:10:00.000000000,0.44996062005863535
jena,LORA,92602,budget_0.5,46656,2024-11-20T00:10:00.000000000,0.1492234042239125
jena,LORA,92602,budget_0.5,46800,2024-11-21T00:10:00.000000000,0.1660045750640686
jena,LORA,92602,budget_0.5,46944,2024-11-22T00:10:00.000000000,0.18936807695614527
jena,LORA,92602,budget_0.5,47088,2024-11-23T00:10:00.000000000,0.18021555140285953
jena,LORA,92602,budget_0.5,47232,2024-11-24T00:10:00.000000000,0.3008527854605275
jena,LORA,92602,budget_0.5,47376,2024-11-25T00:10:00.000000000,0.18503099218352942
jena,LORA,92602,budget_0.5,47520,2024-11-26T00:10:00.000000000,0.22171773527828137
jena,LORA,92602,budget_0.5,47664,2024-11-27T00:10:00.000000000,0.2106397911191198
jena,LORA,92602,budget_0.5,47808,2024-11-28T00:10:00.000000000,0.2649059162774967
jena,LORA,92602,budget_0.5,47952,2024-11-29T00:10:00.000000000,0.16592500413637398
jena,LORA,92602,budget_0.5,48096,2024-11-30T00:10:00.000000000,0.15974424441628288
jena,LORA,92602,budget_0.5,48240,2024-12-01T00:10:00.000000000,0.132782393275977
jena,LORA,92602,budget_0.5,48384,2024-12-02T00:10:00.000000000,0.14738795713353156
jena,LORA,92602,budget_0.5,48528,2024-12-03T00:10:00.000000000,0.18302671099540965
jena,LORA,92602,budget_0.5,48672,2024-12-04T00:10:00.000000000,0.11651991021575712
jena,LORA,92602,budget_0.5,48816,2024-12-05T00:10:00.000000000,0.22035255876070503
jena,LORA,92602,budget_0.5,48960,2024-12-06T00:10:00.000000000,0.25656408929735225
jena,LORA,92602,budget_0.5,49104,2024-12-07T00:10:00.000000000,0.23563122827210445
jena,LORA,92602,budget_0.5,49248,2024-12-08T00:10:00.000000000,0.26856043299567595
jena,LORA,92602,budget_0.5,49392,2024-12-09T00:10:00.000000000,0.20822253700219273
jena,LORA,92602,budget_0.5,49536,2024-12-10T00:10:00.000000000,0.11906987986805087
jena,LORA,92602,budget_0.5,49680,2024-12-11T00:10:00.000000000,0.1468482717975342
jena,LORA,92602,budget_0.5,49824,2024-12-12T00:10:00.000000000,0.11802370392561048
jena,LORA,92602,budget_0.5,49968,2024-12-13T00:10:00.000000000,0.12004280177341806
jena,LORA,92602,budget_0.5,50112,2024-12-14T00:10:00.000000000,0.12869356676034527
jena,LORA,92602,budget_0.5,50256,2024-12-15T00:10:00.000000000,0.17456395454271123
jena,LORA,92602,budget_0.5,50400,2024-12-16T00:10:00.000000000,0.16663106363907104
jena,LORA,92602,budget_0.5,50544,2024-12-17T00:10:00.000000000,0.09622741619056484
jena,LORA,92602,budget_0.5,50688,2024-12-18T00:10:00.000000000,0.33375508363558554
jena,LORA,92602,budget_0.5,50832,2024-12-19T00:10:00.000000000,0.2859568894995961
jena,LORA,92602,budget_0.5,50976,2024-12-20T00:10:00.000000000,0.11054934931746303
jena,LORA,92602,budget_0.5,51120,2024-12-21T00:10:00.000000000,0.28669973626588624
jena,LORA,92602,budget_0.5,51264,2024-12-22T00:10:00.000000000,0.26149420311280197
jena,LORA,92602,budget_0.5,51408,2024-12-23T00:10:00.000000000,0.13543621839982778
jena,LORA,92602,budget_0.5,51552,2024-12-24T00:10:00.000000000,0.12583647263961215
jena,LORA,92602,budget_0.5,51696,2024-12-25T00:10:00.000000000,0.12552420382507692
jena,LORA,92602,budget_0.5,51840,2024-12-26T00:10:00.000000000,0.16228394707882735
jena,LORA,92602,budget_0.5,51984,2024-12-27T00:10:00.000000000,0.19295458193338919
jena,LORA,92602,budget_0.5,52128,2024-12-28T00:10:00.000000000,0.15528426319261843
jena,LORA,92602,budget_0.5,52272,2024-12-29T00:10:00.000000000,0.1893475836765513
jena,LORA,92602,budget_0.5,52416,2024-12-30T00:10:00.000000000,0.1306690386369129
jena,LORA,92602,budget_0.5,52560,2024-12-31T00:10:00.000000000,0.11670464773823339
jena,LORA,92602,budget_1.0,42048,2024-10-19T00:10:00.000000000,0.1412474612461953
jena,LORA,92602,budget_1.0,42192,2024-10-20T00:10:00.000000000,0.1031190057558237
jena,LORA,92602,budget_1.0,42336,2024-10-21T00:10:00.000000000,0.1159728338703368
jena,LORA,92602,budget_1.0,42480,2024-10-22T00:10:00.000000000,0.2556763043175
jena,LORA,92602,budget_1.0,42624,2024-10-23T00:10:00.000000000,0.1331690364293328
jena,LORA,92602,budget_1.0,42768,2024-10-24T00:10:00.000000000,0.1903341324648524
jena,LORA,92602,budget_1.0,42912,2024-10-25T00:10:00.000000000,0.1130879365727258
jena,LORA,92602,budget_1.0,43056,2024-10-26T00:10:00.000000000,0.11837018027117885
jena,LORA,92602,budget_1.0,43200,2024-10-27T00:10:00.000000000,0.13123069714121643
jena,LORA,92602,budget_1.0,43344,2024-10-28T00:10:00.000000000,0.1223050959178118
jena,LORA,92602,budget_1.0,43488,2024-10-29T00:10:00.000000000,0.15432069457588046
jena,LORA,92602,budget_1.0,43632,2024-10-30T00:10:00.000000000,0.1468284910428406
jena,LORA,92602,budget_1.0,43776,2024-10-31T00:10:00.000000000,0.11562572422043967
jena,LORA,92602,budget_1.0,43920,2024-11-01T00:10:00.000000000,0.12493295290956809
jena,LORA,92602,budget_1.0,44064,2024-11-02T00:10:00.000000000,0.3353633570434817
jena,LORA,92602,budget_1.0,44208,2024-11-03T00:10:00.000000000,0.15643375656375652
jena,LORA,92602,budget_1.0,44352,2024-11-04T00:10:00.000000000,0.1902290264090773
jena,LORA,92602,budget_1.0,44496,2024-11-05T00:10:00.000000000,0.12041069161127557
jena,LORA,92602,budget_1.0,44640,2024-11-06T00:10:00.000000000,0.19491158702264344
jena,LORA,92602,budget_1.0,44784,2024-11-07T00:10:00.000000000,0.19045493615891845
jena,LORA,92602,budget_1.0,44928,2024-11-08T00:10:00.000000000,0.1327391235575432
jena,LORA,92602,budget_1.0,45072,2024-11-09T00:10:00.000000000,0.1841185781707301
jena,LORA,92602,budget_1.0,45216,2024-11-10T00:10:00.000000000,0.1205555155076065
jena,LORA,92602,budget_1.0,45360,2024-11-11T00:10:00.000000000,0.1971210069444703
jena,LORA,92602,budget_1.0,45504,2024-11-12T00:10:00.000000000,0.2133319903359108
jena,LORA,92602,budget_1.0,45648,2024-11-13T00:10:00.000000000,0.11458492914582497
jena,LORA,92602,budget_1.0,45792,2024-11-14T00:10:00.000000000,0.19857321150261695
jena,LORA,92602,budget_1.0,45936,2024-11-15T00:10:00.000000000,0.12713074271062874
jena,LORA,92602,budget_1.0,46080,2024-11-16T00:10:00.000000000,0.13230458171252477
jena,LORA,92602,budget_1.0,46224,2024-11-17T00:10:00.000000000,0.1514580501931442
jena,LORA,92602,budget_1.0,46368,2024-11-18T00:10:00.000000000,0.1597030398904884
jena,LORA,92602,budget_1.0,46512,2024-11-19T00:10:00.000000000,0.44996062005863535
jena,LORA,92602,budget_1.0,46656,2024-11-20T00:10:00.000000000,0.1492234042239125
jena,LORA,92602,budget_1.0,46800,2024-11-21T00:10:00.000000000,0.1660045750640686
jena,LORA,92602,budget_1.0,46944,2024-11-22T00:10:00.000000000,0.18936807695614527
jena,LORA,92602,budget_1.0,47088,2024-11-23T00:10:00.000000000,0.18021555140285953
jena,LORA,92602,budget_1.0,47232,2024-11-24T00:10:00.000000000,0.3008527854605275
jena,LORA,92602,budget_1.0,47376,2024-11-25T00:10:00.000000000,0.18503099218352942
jena,LORA,92602,budget_1.0,47520,2024-11-26T00:10:00.000000000,0.22171773527828137
jena,LORA,92602,budget_1.0,47664,2024-11-27T00:10:00.000000000,0.2106397911191198
jena,LORA,92602,budget_1.0,47808,2024-11-28T00:10:00.000000000,0.2649059162774967
jena,LORA,92602,budget_1.0,47952,2024-11-29T00:10:00.000000000,0.16592500413637398
jena,LORA,92602,budget_1.0,48096,2024-11-30T00:10:00.000000000,0.15974424441628288
jena,LORA,92602,budget_1.0,48240,2024-12-01T00:10:00.000000000,0.132782393275977
jena,LORA,92602,budget_1.0,48384,2024-12-02T00:10:00.000000000,0.14738795713353156
jena,LORA,92602,budget_1.0,48528,2024-12-03T00:10:00.000000000,0.18302671099540965
jena,LORA,92602,budget_1.0,48672,2024-12-04T00:10:00.000000000,0.11651991021575712
jena,LORA,92602,budget_1.0,48816,2024-12-05T00:10:00.000000000,0.22035255876070503
jena,LORA,92602,budget_1.0,48960,2024-12-06T00:10:00.000000000,0.25656408929735225
jena,LORA,92602,budget_1.0,49104,2024-12-07T00:10:00.000000000,0.23563122827210445
jena,LORA,92602,budget_1.0,49248,2024-12-08T00:10:00.000000000,0.26856043299567595
jena,LORA,92602,budget_1.0,49392,2024-12-09T00:10:00.000000000,0.20822253700219273
jena,LORA,92602,budget_1.0,49536,2024-12-10T00:10:00.000000000,0.11906987986805087
jena,LORA,92602,budget_1.0,49680,2024-12-11T00:10:00.000000000,0.1468482717975342
jena,LORA,92602,budget_1.0,49824,2024-12-12T00:10:00.000000000,0.11802370392561048
jena,LORA,92602,budget_1.0,49968,2024-12-13T00:10:00.000000000,0.12004280177341806
jena,LORA,92602,budget_1.0,50112,2024-12-14T00:10:00.000000000,0.12869356676034527
jena,LORA,92602,budget_1.0,50256,2024-12-15T00:10:00.000000000,0.17456395454271123
jena,LORA,92602,budget_1.0,50400,2024-12-16T00:10:00.000000000,0.16663106363907104
jena,LORA,92602,budget_1.0,50544,2024-12-17T00:10:00.000000000,0.09622741619056484
jena,LORA,92602,budget_1.0,50688,2024-12-18T00:10:00.000000000,0.33375508363558554
jena,LORA,92602,budget_1.0,50832,2024-12-19T00:10:00.000000000,0.2859568894995961
jena,LORA,92602,budget_1.0,50976,2024-12-20T00:10:00.000000000,0.11054934931746303
jena,LORA,92602,budget_1.0,51120,2024-12-21T00:10:00.000000000,0.28669973626588624
jena,LORA,92602,budget_1.0,51264,2024-12-22T00:10:00.000000000,0.26149420311280197
jena,LORA,92602,budget_1.0,51408,2024-12-23T00:10:00.000000000,0.13543621839982778
jena,LORA,92602,budget_1.0,51552,2024-12-24T00:10:00.000000000,0.12583647263961215
jena,LORA,92602,budget_1.0,51696,2024-12-25T00:10:00.000000000,0.12552420382507692
jena,LORA,92602,budget_1.0,51840,2024-12-26T00:10:00.000000000,0.16228394707882735
jena,LORA,92602,budget_1.0,51984,2024-12-27T00:10:00.000000000,0.19295458193338919
jena,LORA,92602,budget_1.0,52128,2024-12-28T00:10:00.000000000,0.15528426319261843
jena,LORA,92602,budget_1.0,52272,2024-12-29T00:10:00.000000000,0.1893475836765513
jena,LORA,92602,budget_1.0,52416,2024-12-30T00:10:00.000000000,0.1306690386369129
jena,LORA,92602,budget_1.0,52560,2024-12-31T00:10:00.000000000,0.11670464773823339
jena,LORAPLUS,92602,selected,42048,2024-10-19T00:10:00.000000000,0.1478385041036108
jena,LORAPLUS,92602,selected,42192,2024-10-20T00:10:00.000000000,0.10271066530034605
jena,LORAPLUS,92602,selected,42336,2024-10-21T00:10:00.000000000,0.11935770175219117
jena,LORAPLUS,92602,selected,42480,2024-10-22T00:10:00.000000000,0.2459640369475126
jena,LORAPLUS,92602,selected,42624,2024-10-23T00:10:00.000000000,0.143901218348749
jena,LORAPLUS,92602,selected,42768,2024-10-24T00:10:00.000000000,0.16965712471352884
jena,LORAPLUS,92602,selected,42912,2024-10-25T00:10:00.000000000,0.10134008095537886
jena,LORAPLUS,92602,selected,43056,2024-10-26T00:10:00.000000000,0.13074872508150723
jena,LORAPLUS,92602,selected,43200,2024-10-27T00:10:00.000000000,0.1304087096887921
jena,LORAPLUS,92602,selected,43344,2024-10-28T00:10:00.000000000,0.1201572800396417
jena,LORAPLUS,92602,selected,43488,2024-10-29T00:10:00.000000000,0.1548492167004097
jena,LORAPLUS,92602,selected,43632,2024-10-30T00:10:00.000000000,0.1413257574198436
jena,LORAPLUS,92602,selected,43776,2024-10-31T00:10:00.000000000,0.11447614838571092
jena,LORAPLUS,92602,selected,43920,2024-11-01T00:10:00.000000000,0.13992006769030715
jena,LORAPLUS,92602,selected,44064,2024-11-02T00:10:00.000000000,0.32547745882349355
jena,LORAPLUS,92602,selected,44208,2024-11-03T00:10:00.000000000,0.16884435213625149
jena,LORAPLUS,92602,selected,44352,2024-11-04T00:10:00.000000000,0.18137077521922654
jena,LORAPLUS,92602,selected,44496,2024-11-05T00:10:00.000000000,0.12351957442887915
jena,LORAPLUS,92602,selected,44640,2024-11-06T00:10:00.000000000,0.1772853610230682
jena,LORAPLUS,92602,selected,44784,2024-11-07T00:10:00.000000000,0.17483647269544886
jena,LORAPLUS,92602,selected,44928,2024-11-08T00:10:00.000000000,0.1346406721248281
jena,LORAPLUS,92602,selected,45072,2024-11-09T00:10:00.000000000,0.17918021646020993
jena,LORAPLUS,92602,selected,45216,2024-11-10T00:10:00.000000000,0.12276480665287562
jena,LORAPLUS,92602,selected,45360,2024-11-11T00:10:00.000000000,0.20425513866206843
jena,LORAPLUS,92602,selected,45504,2024-11-12T00:10:00.000000000,0.20539030119622645
jena,LORAPLUS,92602,selected,45648,2024-11-13T00:10:00.000000000,0.11472623049838046
jena,LORAPLUS,92602,selected,45792,2024-11-14T00:10:00.000000000,0.20219381339003584
jena,LORAPLUS,92602,selected,45936,2024-11-15T00:10:00.000000000,0.124914936595513
jena,LORAPLUS,92602,selected,46080,2024-11-16T00:10:00.000000000,0.14292640406054724
jena,LORAPLUS,92602,selected,46224,2024-11-17T00:10:00.000000000,0.15550324676340516
jena,LORAPLUS,92602,selected,46368,2024-11-18T00:10:00.000000000,0.16214455088432003
jena,LORAPLUS,92602,selected,46512,2024-11-19T00:10:00.000000000,0.4683920313775549
jena,LORAPLUS,92602,selected,46656,2024-11-20T00:10:00.000000000,0.15042612943898148
jena,LORAPLUS,92602,selected,46800,2024-11-21T00:10:00.000000000,0.1733508432981096
jena,LORAPLUS,92602,selected,46944,2024-11-22T00:10:00.000000000,0.18166483927656377
jena,LORAPLUS,92602,selected,47088,2024-11-23T00:10:00.000000000,0.17385418078496015
jena,LORAPLUS,92602,selected,47232,2024-11-24T00:10:00.000000000,0.33539482632495676
jena,LORAPLUS,92602,selected,47376,2024-11-25T00:10:00.000000000,0.20873127550671244
jena,LORAPLUS,92602,selected,47520,2024-11-26T00:10:00.000000000,0.25300571528070354
jena,LORAPLUS,92602,selected,47664,2024-11-27T00:10:00.000000000,0.2170565573165163
jena,LORAPLUS,92602,selected,47808,2024-11-28T00:10:00.000000000,0.23003535261284977
jena,LORAPLUS,92602,selected,47952,2024-11-29T00:10:00.000000000,0.17103700462496255
jena,LORAPLUS,92602,selected,48096,2024-11-30T00:10:00.000000000,0.14481746444683175
jena,LORAPLUS,92602,selected,48240,2024-12-01T00:10:00.000000000,0.13269334720037043
jena,LORAPLUS,92602,selected,48384,2024-12-02T00:10:00.000000000,0.14839565497185025
jena,LORAPLUS,92602,selected,48528,2024-12-03T00:10:00.000000000,0.17171618327859028
jena,LORAPLUS,92602,selected,48672,2024-12-04T00:10:00.000000000,0.10857636530970118
jena,LORAPLUS,92602,selected,48816,2024-12-05T00:10:00.000000000,0.2177033318027857
jena,LORAPLUS,92602,selected,48960,2024-12-06T00:10:00.000000000,0.26978905273151976
jena,LORAPLUS,92602,selected,49104,2024-12-07T00:10:00.000000000,0.2318662141133044
jena,LORAPLUS,92602,selected,49248,2024-12-08T00:10:00.000000000,0.2635678793860385
jena,LORAPLUS,92602,selected,49392,2024-12-09T00:10:00.000000000,0.1935965666857615
jena,LORAPLUS,92602,selected,49536,2024-12-10T00:10:00.000000000,0.12579926691023746
jena,LORAPLUS,92602,selected,49680,2024-12-11T00:10:00.000000000,0.1487301247778049
jena,LORAPLUS,92602,selected,49824,2024-12-12T00:10:00.000000000,0.10993232881643934
jena,LORAPLUS,92602,selected,49968,2024-12-13T00:10:00.000000000,0.1190856199840336
jena,LORAPLUS,92602,selected,50112,2024-12-14T00:10:00.000000000,0.11740638676638711
jena,LORAPLUS,92602,selected,50256,2024-12-15T00:10:00.000000000,0.19741365777325484
jena,LORAPLUS,92602,selected,50400,2024-12-16T00:10:00.000000000,0.18712402259916144
jena,LORAPLUS,92602,selected,50544,2024-12-17T00:10:00.000000000,0.0921324641021837
jena,LORAPLUS,92602,selected,50688,2024-12-18T00:10:00.000000000,0.31791410857878566
jena,LORAPLUS,92602,selected,50832,2024-12-19T00:10:00.000000000,0.302917545671304
jena,LORAPLUS,92602,selected,50976,2024-12-20T00:10:00.000000000,0.11712321506866384
jena,LORAPLUS,92602,selected,51120,2024-12-21T00:10:00.000000000,0.26935108409374636
jena,LORAPLUS,92602,selected,51264,2024-12-22T00:10:00.000000000,0.23323847093533093
jena,LORAPLUS,92602,selected,51408,2024-12-23T00:10:00.000000000,0.14073497006773744
jena,LORAPLUS,92602,selected,51552,2024-12-24T00:10:00.000000000,0.12002560516403121
jena,LORAPLUS,92602,selected,51696,2024-12-25T00:10:00.000000000,0.13050503010005604
jena,LORAPLUS,92602,selected,51840,2024-12-26T00:10:00.000000000,0.14509074929013763
jena,LORAPLUS,92602,selected,51984,2024-12-27T00:10:00.000000000,0.19126421260012053
jena,LORAPLUS,92602,selected,52128,2024-12-28T00:10:00.000000000,0.13099382360380535
jena,LORAPLUS,92602,selected,52272,2024-12-29T00:10:00.000000000,0.16299193682920843
jena,LORAPLUS,92602,selected,52416,2024-12-30T00:10:00.000000000,0.1301454065862858
jena,LORAPLUS,92602,selected,52560,2024-12-31T00:10:00.000000000,0.11240878504817339
jena,LORAPLUS,92602,fixed_final,42048,2024-10-19T00:10:00.000000000,0.1395420405129109
jena,LORAPLUS,92602,fixed_final,42192,2024-10-20T00:10:00.000000000,0.10531500536649101
jena,LORAPLUS,92602,fixed_final,42336,2024-10-21T00:10:00.000000000,0.10779591743826987
jena,LORAPLUS,92602,fixed_final,42480,2024-10-22T00:10:00.000000000,0.24389647842779139
jena,LORAPLUS,92602,fixed_final,42624,2024-10-23T00:10:00.000000000,0.21747776341591893
jena,LORAPLUS,92602,fixed_final,42768,2024-10-24T00:10:00.000000000,0.13400127651029
jena,LORAPLUS,92602,fixed_final,42912,2024-10-25T00:10:00.000000000,0.1013365759792699
jena,LORAPLUS,92602,fixed_final,43056,2024-10-26T00:10:00.000000000,0.1615118273113522
jena,LORAPLUS,92602,fixed_final,43200,2024-10-27T00:10:00.000000000,0.12518331067541028
jena,LORAPLUS,92602,fixed_final,43344,2024-10-28T00:10:00.000000000,0.1302844984053135
jena,LORAPLUS,92602,fixed_final,43488,2024-10-29T00:10:00.000000000,0.15117286315357836
jena,LORAPLUS,92602,fixed_final,43632,2024-10-30T00:10:00.000000000,0.1303173084418176
jena,LORAPLUS,92602,fixed_final,43776,2024-10-31T00:10:00.000000000,0.10886244740417358
jena,LORAPLUS,92602,fixed_final,43920,2024-11-01T00:10:00.000000000,0.13976576074980268
jena,LORAPLUS,92602,fixed_final,44064,2024-11-02T00:10:00.000000000,0.36403591651140854
jena,LORAPLUS,92602,fixed_final,44208,2024-11-03T00:10:00.000000000,0.18368322545416774
jena,LORAPLUS,92602,fixed_final,44352,2024-11-04T00:10:00.000000000,0.3028129436982101
jena,LORAPLUS,92602,fixed_final,44496,2024-11-05T00:10:00.000000000,0.109146637528925
jena,LORAPLUS,92602,fixed_final,44640,2024-11-06T00:10:00.000000000,0.2632327142459396
jena,LORAPLUS,92602,fixed_final,44784,2024-11-07T00:10:00.000000000,0.19727402749935496
jena,LORAPLUS,92602,fixed_final,44928,2024-11-08T00:10:00.000000000,0.14280549480749116
jena,LORAPLUS,92602,fixed_final,45072,2024-11-09T00:10:00.000000000,0.19189635863393298
jena,LORAPLUS,92602,fixed_final,45216,2024-11-10T00:10:00.000000000,0.11609494467978718
jena,LORAPLUS,92602,fixed_final,45360,2024-11-11T00:10:00.000000000,0.2321445702639521
jena,LORAPLUS,92602,fixed_final,45504,2024-11-12T00:10:00.000000000,0.2020843293371841
jena,LORAPLUS,92602,fixed_final,45648,2024-11-13T00:10:00.000000000,0.13032453233734748
jena,LORAPLUS,92602,fixed_final,45792,2024-11-14T00:10:00.000000000,0.2022978150544181
jena,LORAPLUS,92602,fixed_final,45936,2024-11-15T00:10:00.000000000,0.11715045011623056
jena,LORAPLUS,92602,fixed_final,46080,2024-11-16T00:10:00.000000000,0.14633074260233636
jena,LORAPLUS,92602,fixed_final,46224,2024-11-17T00:10:00.000000000,0.1976852947823773
jena,LORAPLUS,92602,fixed_final,46368,2024-11-18T00:10:00.000000000,0.16041667147909142
jena,LORAPLUS,92602,fixed_final,46512,2024-11-19T00:10:00.000000000,0.4418841432752702
jena,LORAPLUS,92602,fixed_final,46656,2024-11-20T00:10:00.000000000,0.16304552006949893
jena,LORAPLUS,92602,fixed_final,46800,2024-11-21T00:10:00.000000000,0.1715819863518678
jena,LORAPLUS,92602,fixed_final,46944,2024-11-22T00:10:00.000000000,0.20599302454388377
jena,LORAPLUS,92602,fixed_final,47088,2024-11-23T00:10:00.000000000,0.18755179805105338
jena,LORAPLUS,92602,fixed_final,47232,2024-11-24T00:10:00.000000000,0.40771724785471186
jena,LORAPLUS,92602,fixed_final,47376,2024-11-25T00:10:00.000000000,0.2783115940683499
jena,LORAPLUS,92602,fixed_final,47520,2024-11-26T00:10:00.000000000,0.22046854728730034
jena,LORAPLUS,92602,fixed_final,47664,2024-11-27T00:10:00.000000000,0.21967137927214875
jena,LORAPLUS,92602,fixed_final,47808,2024-11-28T00:10:00.000000000,0.17891895632755922
jena,LORAPLUS,92602,fixed_final,47952,2024-11-29T00:10:00.000000000,0.16238332422424986
jena,LORAPLUS,92602,fixed_final,48096,2024-11-30T00:10:00.000000000,0.1328455849341172
jena,LORAPLUS,92602,fixed_final,48240,2024-12-01T00:10:00.000000000,0.16495464517150038
jena,LORAPLUS,92602,fixed_final,48384,2024-12-02T00:10:00.000000000,0.15325911095545652
jena,LORAPLUS,92602,fixed_final,48528,2024-12-03T00:10:00.000000000,0.168839084337356
jena,LORAPLUS,92602,fixed_final,48672,2024-12-04T00:10:00.000000000,0.1180936041741906
jena,LORAPLUS,92602,fixed_final,48816,2024-12-05T00:10:00.000000000,0.2414488756962211
jena,LORAPLUS,92602,fixed_final,48960,2024-12-06T00:10:00.000000000,0.2378386378658639
jena,LORAPLUS,92602,fixed_final,49104,2024-12-07T00:10:00.000000000,0.2407695326917994
jena,LORAPLUS,92602,fixed_final,49248,2024-12-08T00:10:00.000000000,0.28098318879604345
jena,LORAPLUS,92602,fixed_final,49392,2024-12-09T00:10:00.000000000,0.27561266875867396
jena,LORAPLUS,92602,fixed_final,49536,2024-12-10T00:10:00.000000000,0.13653785711900784
jena,LORAPLUS,92602,fixed_final,49680,2024-12-11T00:10:00.000000000,0.15939711984556001
jena,LORAPLUS,92602,fixed_final,49824,2024-12-12T00:10:00.000000000,0.15381464244956206
jena,LORAPLUS,92602,fixed_final,49968,2024-12-13T00:10:00.000000000,0.1258084297175779
jena,LORAPLUS,92602,fixed_final,50112,2024-12-14T00:10:00.000000000,0.12223419648322634
jena,LORAPLUS,92602,fixed_final,50256,2024-12-15T00:10:00.000000000,0.19561470485152924
jena,LORAPLUS,92602,fixed_final,50400,2024-12-16T00:10:00.000000000,0.2526989129849558
jena,LORAPLUS,92602,fixed_final,50544,2024-12-17T00:10:00.000000000,0.11020157600089424
jena,LORAPLUS,92602,fixed_final,50688,2024-12-18T00:10:00.000000000,0.33190295968084854
jena,LORAPLUS,92602,fixed_final,50832,2024-12-19T00:10:00.000000000,0.32714599100666114
jena,LORAPLUS,92602,fixed_final,50976,2024-12-20T00:10:00.000000000,0.11981955916034481
jena,LORAPLUS,92602,fixed_final,51120,2024-12-21T00:10:00.000000000,0.2835630772763712
jena,LORAPLUS,92602,fixed_final,51264,2024-12-22T00:10:00.000000000,0.19419803279494174
jena,LORAPLUS,92602,fixed_final,51408,2024-12-23T00:10:00.000000000,0.13714579250949774
jena,LORAPLUS,92602,fixed_final,51552,2024-12-24T00:10:00.000000000,0.12539507678772654
jena,LORAPLUS,92602,fixed_final,51696,2024-12-25T00:10:00.000000000,0.11869431311257624
jena,LORAPLUS,92602,fixed_final,51840,2024-12-26T00:10:00.000000000,0.17248505071125658
jena,LORAPLUS,92602,fixed_final,51984,2024-12-27T00:10:00.000000000,0.22589392974244163
jena,LORAPLUS,92602,fixed_final,52128,2024-12-28T00:10:00.000000000,0.12212902181305244
jena,LORAPLUS,92602,fixed_final,52272,2024-12-29T00:10:00.000000000,0.23344321218350844
jena,LORAPLUS,92602,fixed_final,52416,2024-12-30T00:10:00.000000000,0.1674302049402748
jena,LORAPLUS,92602,fixed_final,52560,2024-12-31T00:10:00.000000000,0.13707587748682137
jena,LORAPLUS,92602,budget_0.5,42048,2024-10-19T00:10:00.000000000,0.1478385041036108
jena,LORAPLUS,92602,budget_0.5,42192,2024-10-20T00:10:00.000000000,0.10271066530034605
jena,LORAPLUS,92602,budget_0.5,42336,2024-10-21T00:10:00.000000000,0.11935770175219117
jena,LORAPLUS,92602,budget_0.5,42480,2024-10-22T00:10:00.000000000,0.2459640369475126
jena,LORAPLUS,92602,budget_0.5,42624,2024-10-23T00:10:00.000000000,0.143901218348749
jena,LORAPLUS,92602,budget_0.5,42768,2024-10-24T00:10:00.000000000,0.16965712471352884
jena,LORAPLUS,92602,budget_0.5,42912,2024-10-25T00:10:00.000000000,0.10134008095537886
jena,LORAPLUS,92602,budget_0.5,43056,2024-10-26T00:10:00.000000000,0.13074872508150723
jena,LORAPLUS,92602,budget_0.5,43200,2024-10-27T00:10:00.000000000,0.1304087096887921
jena,LORAPLUS,92602,budget_0.5,43344,2024-10-28T00:10:00.000000000,0.1201572800396417
jena,LORAPLUS,92602,budget_0.5,43488,2024-10-29T00:10:00.000000000,0.1548492167004097
jena,LORAPLUS,92602,budget_0.5,43632,2024-10-30T00:10:00.000000000,0.1413257574198436
jena,LORAPLUS,92602,budget_0.5,43776,2024-10-31T00:10:00.000000000,0.11447614838571092
jena,LORAPLUS,92602,budget_0.5,43920,2024-11-01T00:10:00.000000000,0.13992006769030715
jena,LORAPLUS,92602,budget_0.5,44064,2024-11-02T00:10:00.000000000,0.32547745882349355
jena,LORAPLUS,92602,budget_0.5,44208,2024-11-03T00:10:00.000000000,0.16884435213625149
jena,LORAPLUS,92602,budget_0.5,44352,2024-11-04T00:10:00.000000000,0.18137077521922654
jena,LORAPLUS,92602,budget_0.5,44496,2024-11-05T00:10:00.000000000,0.12351957442887915
jena,LORAPLUS,92602,budget_0.5,44640,2024-11-06T00:10:00.000000000,0.1772853610230682
jena,LORAPLUS,92602,budget_0.5,44784,2024-11-07T00:10:00.000000000,0.17483647269544886
jena,LORAPLUS,92602,budget_0.5,44928,2024-11-08T00:10:00.000000000,0.1346406721248281
jena,LORAPLUS,92602,budget_0.5,45072,2024-11-09T00:10:00.000000000,0.17918021646020993
jena,LORAPLUS,92602,budget_0.5,45216,2024-11-10T00:10:00.000000000,0.12276480665287562
jena,LORAPLUS,92602,budget_0.5,45360,2024-11-11T00:10:00.000000000,0.20425513866206843
jena,LORAPLUS,92602,budget_0.5,45504,2024-11-12T00:10:00.000000000,0.20539030119622645
jena,LORAPLUS,92602,budget_0.5,45648,2024-11-13T00:10:00.000000000,0.11472623049838046
jena,LORAPLUS,92602,budget_0.5,45792,2024-11-14T00:10:00.000000000,0.20219381339003584
jena,LORAPLUS,92602,budget_0.5,45936,2024-11-15T00:10:00.000000000,0.124914936595513
jena,LORAPLUS,92602,budget_0.5,46080,2024-11-16T00:10:00.000000000,0.14292640406054724
jena,LORAPLUS,92602,budget_0.5,46224,2024-11-17T00:10:00.000000000,0.15550324676340516
jena,LORAPLUS,92602,budget_0.5,46368,2024-11-18T00:10:00.000000000,0.16214455088432003
jena,LORAPLUS,92602,budget_0.5,46512,2024-11-19T00:10:00.000000000,0.4683920313775549
jena,LORAPLUS,92602,budget_0.5,46656,2024-11-20T00:10:00.000000000,0.15042612943898148
jena,LORAPLUS,92602,budget_0.5,46800,2024-11-21T00:10:00.000000000,0.1733508432981096
jena,LORAPLUS,92602,budget_0.5,46944,2024-11-22T00:10:00.000000000,0.18166483927656377
jena,LORAPLUS,92602,budget_0.5,47088,2024-11-23T00:10:00.000000000,0.17385418078496015
jena,LORAPLUS,92602,budget_0.5,47232,2024-11-24T00:10:00.000000000,0.33539482632495676
jena,LORAPLUS,92602,budget_0.5,47376,2024-11-25T00:10:00.000000000,0.20873127550671244
jena,LORAPLUS,92602,budget_0.5,47520,2024-11-26T00:10:00.000000000,0.25300571528070354
jena,LORAPLUS,92602,budget_0.5,47664,2024-11-27T00:10:00.000000000,0.2170565573165163
jena,LORAPLUS,92602,budget_0.5,47808,2024-11-28T00:10:00.000000000,0.23003535261284977
jena,LORAPLUS,92602,budget_0.5,47952,2024-11-29T00:10:00.000000000,0.17103700462496255
jena,LORAPLUS,92602,budget_0.5,48096,2024-11-30T00:10:00.000000000,0.14481746444683175
jena,LORAPLUS,92602,budget_0.5,48240,2024-12-01T00:10:00.000000000,0.13269334720037043
jena,LORAPLUS,92602,budget_0.5,48384,2024-12-02T00:10:00.000000000,0.14839565497185025
jena,LORAPLUS,92602,budget_0.5,48528,2024-12-03T00:10:00.000000000,0.17171618327859028
jena,LORAPLUS,92602,budget_0.5,48672,2024-12-04T00:10:00.000000000,0.10857636530970118
jena,LORAPLUS,92602,budget_0.5,48816,2024-12-05T00:10:00.000000000,0.2177033318027857
jena,LORAPLUS,92602,budget_0.5,48960,2024-12-06T00:10:00.000000000,0.26978905273151976
jena,LORAPLUS,92602,budget_0.5,49104,2024-12-07T00:10:00.000000000,0.2318662141133044
jena,LORAPLUS,92602,budget_0.5,49248,2024-12-08T00:10:00.000000000,0.2635678793860385
jena,LORAPLUS,92602,budget_0.5,49392,2024-12-09T00:10:00.000000000,0.1935965666857615
jena,LORAPLUS,92602,budget_0.5,49536,2024-12-10T00:10:00.000000000,0.12579926691023746
jena,LORAPLUS,92602,budget_0.5,49680,2024-12-11T00:10:00.000000000,0.1487301247778049
jena,LORAPLUS,92602,budget_0.5,49824,2024-12-12T00:10:00.000000000,0.10993232881643934
jena,LORAPLUS,92602,budget_0.5,49968,2024-12-13T00:10:00.000000000,0.1190856199840336
jena,LORAPLUS,92602,budget_0.5,50112,2024-12-14T00:10:00.000000000,0.11740638676638711
jena,LORAPLUS,92602,budget_0.5,50256,2024-12-15T00:10:00.000000000,0.19741365777325484
jena,LORAPLUS,92602,budget_0.5,50400,2024-12-16T00:10:00.000000000,0.18712402259916144
jena,LORAPLUS,92602,budget_0.5,50544,2024-12-17T00:10:00.000000000,0.0921324641021837
jena,LORAPLUS,92602,budget_0.5,50688,2024-12-18T00:10:00.000000000,0.31791410857878566
jena,LORAPLUS,92602,budget_0.5,50832,2024-12-19T00:10:00.000000000,0.302917545671304
jena,LORAPLUS,92602,budget_0.5,50976,2024-12-20T00:10:00.000000000,0.11712321506866384
jena,LORAPLUS,92602,budget_0.5,51120,2024-12-21T00:10:00.000000000,0.26935108409374636
jena,LORAPLUS,92602,budget_0.5,51264,2024-12-22T00:10:00.000000000,0.23323847093533093
jena,LORAPLUS,92602,budget_0.5,51408,2024-12-23T00:10:00.000000000,0.14073497006773744
jena,LORAPLUS,92602,budget_0.5,51552,2024-12-24T00:10:00.000000000,0.12002560516403121
jena,LORAPLUS,92602,budget_0.5,51696,2024-12-25T00:10:00.000000000,0.13050503010005604
jena,LORAPLUS,92602,budget_0.5,51840,2024-12-26T00:10:00.000000000,0.14509074929013763
jena,LORAPLUS,92602,budget_0.5,51984,2024-12-27T00:10:00.000000000,0.19126421260012053
jena,LORAPLUS,92602,budget_0.5,52128,2024-12-28T00:10:00.000000000,0.13099382360380535
jena,LORAPLUS,92602,budget_0.5,52272,2024-12-29T00:10:00.000000000,0.16299193682920843
jena,LORAPLUS,92602,budget_0.5,52416,2024-12-30T00:10:00.000000000,0.1301454065862858
jena,LORAPLUS,92602,budget_0.5,52560,2024-12-31T00:10:00.000000000,0.11240878504817339
jena,LORAPLUS,92602,budget_1.0,42048,2024-10-19T00:10:00.000000000,0.1478385041036108
jena,LORAPLUS,92602,budget_1.0,42192,2024-10-20T00:10:00.000000000,0.10271066530034605
jena,LORAPLUS,92602,budget_1.0,42336,2024-10-21T00:10:00.000000000,0.11935770175219117
jena,LORAPLUS,92602,budget_1.0,42480,2024-10-22T00:10:00.000000000,0.2459640369475126
jena,LORAPLUS,92602,budget_1.0,42624,2024-10-23T00:10:00.000000000,0.143901218348749
jena,LORAPLUS,92602,budget_1.0,42768,2024-10-24T00:10:00.000000000,0.16965712471352884
jena,LORAPLUS,92602,budget_1.0,42912,2024-10-25T00:10:00.000000000,0.10134008095537886
jena,LORAPLUS,92602,budget_1.0,43056,2024-10-26T00:10:00.000000000,0.13074872508150723
jena,LORAPLUS,92602,budget_1.0,43200,2024-10-27T00:10:00.000000000,0.1304087096887921
jena,LORAPLUS,92602,budget_1.0,43344,2024-10-28T00:10:00.000000000,0.1201572800396417
jena,LORAPLUS,92602,budget_1.0,43488,2024-10-29T00:10:00.000000000,0.1548492167004097
jena,LORAPLUS,92602,budget_1.0,43632,2024-10-30T00:10:00.000000000,0.1413257574198436
jena,LORAPLUS,92602,budget_1.0,43776,2024-10-31T00:10:00.000000000,0.11447614838571092
jena,LORAPLUS,92602,budget_1.0,43920,2024-11-01T00:10:00.000000000,0.13992006769030715
jena,LORAPLUS,92602,budget_1.0,44064,2024-11-02T00:10:00.000000000,0.32547745882349355
jena,LORAPLUS,92602,budget_1.0,44208,2024-11-03T00:10:00.000000000,0.16884435213625149
jena,LORAPLUS,92602,budget_1.0,44352,2024-11-04T00:10:00.000000000,0.18137077521922654
jena,LORAPLUS,92602,budget_1.0,44496,2024-11-05T00:10:00.000000000,0.12351957442887915
jena,LORAPLUS,92602,budget_1.0,44640,2024-11-06T00:10:00.000000000,0.1772853610230682
jena,LORAPLUS,92602,budget_1.0,44784,2024-11-07T00:10:00.000000000,0.17483647269544886
jena,LORAPLUS,92602,budget_1.0,44928,2024-11-08T00:10:00.000000000,0.1346406721248281
jena,LORAPLUS,92602,budget_1.0,45072,2024-11-09T00:10:00.000000000,0.17918021646020993
jena,LORAPLUS,92602,budget_1.0,45216,2024-11-10T00:10:00.000000000,0.12276480665287562
jena,LORAPLUS,92602,budget_1.0,45360,2024-11-11T00:10:00.000000000,0.20425513866206843
jena,LORAPLUS,92602,budget_1.0,45504,2024-11-12T00:10:00.000000000,0.20539030119622645
jena,LORAPLUS,92602,budget_1.0,45648,2024-11-13T00:10:00.000000000,0.11472623049838046
jena,LORAPLUS,92602,budget_1.0,45792,2024-11-14T00:10:00.000000000,0.20219381339003584
jena,LORAPLUS,92602,budget_1.0,45936,2024-11-15T00:10:00.000000000,0.124914936595513
jena,LORAPLUS,92602,budget_1.0,46080,2024-11-16T00:10:00.000000000,0.14292640406054724
jena,LORAPLUS,92602,budget_1.0,46224,2024-11-17T00:10:00.000000000,0.15550324676340516
jena,LORAPLUS,92602,budget_1.0,46368,2024-11-18T00:10:00.000000000,0.16214455088432003
jena,LORAPLUS,92602,budget_1.0,46512,2024-11-19T00:10:00.000000000,0.4683920313775549
jena,LORAPLUS,92602,budget_1.0,46656,2024-11-20T00:10:00.000000000,0.15042612943898148
jena,LORAPLUS,92602,budget_1.0,46800,2024-11-21T00:10:00.000000000,0.1733508432981096
jena,LORAPLUS,92602,budget_1.0,46944,2024-11-22T00:10:00.000000000,0.18166483927656377
jena,LORAPLUS,92602,budget_1.0,47088,2024-11-23T00:10:00.000000000,0.17385418078496015
jena,LORAPLUS,92602,budget_1.0,47232,2024-11-24T00:10:00.000000000,0.33539482632495676
jena,LORAPLUS,92602,budget_1.0,47376,2024-11-25T00:10:00.000000000,0.20873127550671244
jena,LORAPLUS,92602,budget_1.0,47520,2024-11-26T00:10:00.000000000,0.25300571528070354
jena,LORAPLUS,92602,budget_1.0,47664,2024-11-27T00:10:00.000000000,0.2170565573165163
jena,LORAPLUS,92602,budget_1.0,47808,2024-11-28T00:10:00.000000000,0.23003535261284977
jena,LORAPLUS,92602,budget_1.0,47952,2024-11-29T00:10:00.000000000,0.17103700462496255
jena,LORAPLUS,92602,budget_1.0,48096,2024-11-30T00:10:00.000000000,0.14481746444683175
jena,LORAPLUS,92602,budget_1.0,48240,2024-12-01T00:10:00.000000000,0.13269334720037043
jena,LORAPLUS,92602,budget_1.0,48384,2024-12-02T00:10:00.000000000,0.14839565497185025
jena,LORAPLUS,92602,budget_1.0,48528,2024-12-03T00:10:00.000000000,0.17171618327859028
jena,LORAPLUS,92602,budget_1.0,48672,2024-12-04T00:10:00.000000000,0.10857636530970118
jena,LORAPLUS,92602,budget_1.0,48816,2024-12-05T00:10:00.000000000,0.2177033318027857
jena,LORAPLUS,92602,budget_1.0,48960,2024-12-06T00:10:00.000000000,0.26978905273151976
jena,LORAPLUS,92602,budget_1.0,49104,2024-12-07T00:10:00.000000000,0.2318662141133044
jena,LORAPLUS,92602,budget_1.0,49248,2024-12-08T00:10:00.000000000,0.2635678793860385
jena,LORAPLUS,92602,budget_1.0,49392,2024-12-09T00:10:00.000000000,0.1935965666857615
jena,LORAPLUS,92602,budget_1.0,49536,2024-12-10T00:10:00.000000000,0.12579926691023746
jena,LORAPLUS,92602,budget_1.0,49680,2024-12-11T00:10:00.000000000,0.1487301247778049
jena,LORAPLUS,92602,budget_1.0,49824,2024-12-12T00:10:00.000000000,0.10993232881643934
jena,LORAPLUS,92602,budget_1.0,49968,2024-12-13T00:10:00.000000000,0.1190856199840336
jena,LORAPLUS,92602,budget_1.0,50112,2024-12-14T00:10:00.000000000,0.11740638676638711
jena,LORAPLUS,92602,budget_1.0,50256,2024-12-15T00:10:00.000000000,0.19741365777325484
jena,LORAPLUS,92602,budget_1.0,50400,2024-12-16T00:10:00.000000000,0.18712402259916144
jena,LORAPLUS,92602,budget_1.0,50544,2024-12-17T00:10:00.000000000,0.0921324641021837
jena,LORAPLUS,92602,budget_1.0,50688,2024-12-18T00:10:00.000000000,0.31791410857878566
jena,LORAPLUS,92602,budget_1.0,50832,2024-12-19T00:10:00.000000000,0.302917545671304
jena,LORAPLUS,92602,budget_1.0,50976,2024-12-20T00:10:00.000000000,0.11712321506866384
jena,LORAPLUS,92602,budget_1.0,51120,2024-12-21T00:10:00.000000000,0.26935108409374636
jena,LORAPLUS,92602,budget_1.0,51264,2024-12-22T00:10:00.000000000,0.23323847093533093
jena,LORAPLUS,92602,budget_1.0,51408,2024-12-23T00:10:00.000000000,0.14073497006773744
jena,LORAPLUS,92602,budget_1.0,51552,2024-12-24T00:10:00.000000000,0.12002560516403121
jena,LORAPLUS,92602,budget_1.0,51696,2024-12-25T00:10:00.000000000,0.13050503010005604
jena,LORAPLUS,92602,budget_1.0,51840,2024-12-26T00:10:00.000000000,0.14509074929013763
jena,LORAPLUS,92602,budget_1.0,51984,2024-12-27T00:10:00.000000000,0.19126421260012053
jena,LORAPLUS,92602,budget_1.0,52128,2024-12-28T00:10:00.000000000,0.13099382360380535
jena,LORAPLUS,92602,budget_1.0,52272,2024-12-29T00:10:00.000000000,0.16299193682920843
jena,LORAPLUS,92602,budget_1.0,52416,2024-12-30T00:10:00.000000000,0.1301454065862858
jena,LORAPLUS,92602,budget_1.0,52560,2024-12-31T00:10:00.000000000,0.11240878504817339
