dataset,comparison,candidate,reference,status,period,metric,candidate_value,reference_value,absolute_difference,relative_change_percent,conditional_block95_absolute_low,conditional_block95_absolute_high,conditional_block95_relative_percent_low,conditional_block95_relative_percent_high,reason
robin,raw_free__vs__pca_free,raw_free,pca_free,available,test_a,mse,0.3029626452557133,0.2925129381021796,0.010449707153533716,3.572391437223697,-0.001096418402804853,0.021197489924135386,-0.5057191053031728,6.079163115357101,
robin,raw_free__vs__pca_free,raw_free,pca_free,available,test_a,mae,0.3450619652697257,0.3400555449040152,0.005006420365710529,1.4722360628242812,-0.002111808788692368,0.012028257838472793,-0.6311447091536587,3.229183594849644,
robin,raw_free__vs__pca_free,raw_free,pca_free,available,test_b,mse,0.2993062797476739,0.28673004450868467,0.012576235238989208,4.386089103616168,-0.014986643389786232,0.04319367979806305,-5.981509537529083,12.015606600910257,
robin,raw_free__vs__pca_free,raw_free,pca_free,available,test_b,mae,0.3159501342625181,0.3138484844676865,0.002101649794831628,0.6696383442463338,-0.007818071031309765,0.012131281712452173,-2.647816645129405,3.2851809344825122,
robin,raw_free__vs__pca_free,raw_free,pca_free,available,combined,mse,0.30113573811206773,0.28962303876251194,0.011512699349555788,3.9750633785028717,-0.004115819502299803,0.027829695349381112,-1.432359163543159,7.93544730972381,
robin,raw_free__vs__pca_free,raw_free,pca_free,available,combined,mae,0.33050741349867435,0.3269535386703498,0.0035538748283245325,1.0869663141672612,-0.00268892194985558,0.009526416995359397,-0.8436863752996275,2.6429838735060547,
robin,raw_free__vs__raw_tied,raw_free,raw_tied,available,test_a,mse,0.3029626452557133,0.31013904199070896,-0.007176396734995649,-2.3139288394431285,-0.009911232372463951,-0.001867785282110498,-3.5354410714351108,-0.618631578149435,
robin,raw_free__vs__raw_tied,raw_free,raw_tied,available,test_a,mae,0.3450619652697257,0.3487069886377383,-0.00364502336801259,-1.0452969073697862,-0.0057552216507216385,-0.0011213370682173823,-1.7083211423759326,-0.3208813557696325,
robin,raw_free__vs__raw_tied,raw_free,raw_tied,available,test_b,mse,0.2993062797476739,0.30654987977126646,-0.007243600023592589,-2.3629433581893533,-0.022010090427720654,0.006755063493494881,-7.04333445985429,2.0726687720616424,
robin,raw_free__vs__raw_tied,raw_free,raw_tied,available,test_b,mae,0.3159501342625181,0.3144579717951572,0.0014921624673608913,0.47451888684600085,-0.006155294229943399,0.009979452342173952,-1.725390524357445,3.3849286985441913,
robin,raw_free__vs__raw_tied,raw_free,raw_tied,available,combined,mse,0.30113573811206773,0.30834581253418286,-0.007210074422115131,-2.338307876749852,-0.014379900770766866,0.0004937225920154587,-4.554506407350145,0.15289882474121527,
robin,raw_free__vs__raw_tied,raw_free,raw_tied,available,combined,mae,0.33050741349867435,0.3315839679416767,-0.0010765544430023644,-0.3246702335113267,-0.004965967540100672,0.003486115497942706,-1.3730354204825777,1.062201095364953,
robin,raw_free__vs__raw_interp,raw_free,raw_interp,available,test_a,mse,0.3029626452557133,0.35674077052395037,-0.053778125268237054,-15.074846979012893,-0.07552949233877325,-0.03579840493731523,-20.71785381321103,-11.733135555513343,
robin,raw_free__vs__raw_interp,raw_free,raw_interp,available,test_a,mae,0.3450619652697257,0.3887157181972224,-0.04365375292749668,-11.230251539596377,-0.05696880321226942,-0.03179440463625466,-14.724537722514357,-8.404991514675997,
robin,raw_free__vs__raw_interp,raw_free,raw_interp,available,test_b,mse,0.2993062797476739,0.3457174525360266,-0.04641117278835272,-13.424596429223165,-0.07535961792220686,-0.016372324728080083,-22.96855167072241,-4.380364561614581,
robin,raw_free__vs__raw_interp,raw_free,raw_interp,available,test_b,mae,0.3159501342625181,0.3640434169341527,-0.048093282671634596,-13.210864538262918,-0.07287673702416007,-0.023741505950385162,-19.67782489505868,-6.398916028088869,
robin,raw_free__vs__raw_interp,raw_free,raw_interp,available,combined,mse,0.30113573811206773,0.3512304631831836,-0.0500947250711159,-14.262636736321213,-0.06823755401521756,-0.03211922078822343,-19.367276017399107,-9.262666967338626,
robin,raw_free__vs__raw_interp,raw_free,raw_interp,available,combined,mae,0.33050741349867435,0.3763810552909165,-0.045873641792242126,-12.188084694322614,-0.05956818432617452,-0.03167517802325527,-15.640056111263442,-8.395744292524018,
robin,raw_free__vs__pca_tied,raw_free,pca_tied,available,test_a,mse,0.3029626452557133,0.28689607206469697,0.016066573191016342,5.600137037565723,0.005348740067104136,0.02307581907593329,2.2616634284101376,7.036706293724088,
robin,raw_free__vs__pca_tied,raw_free,pca_tied,available,test_a,mae,0.3450619652697257,0.33853658507214257,0.006525380197583142,1.9275258525434038,-0.0007678493543965575,0.013903862969637353,-0.22654668084589166,3.879654081247697,
robin,raw_free__vs__pca_tied,raw_free,pca_tied,available,test_b,mse,0.2993062797476739,0.3030506495049405,-0.003744369757266608,-1.235559060303405,-0.031159106276584806,0.033883086873124794,-14.276439257924626,7.3926289532256675,
robin,raw_free__vs__pca_tied,raw_free,pca_tied,available,test_b,mae,0.3159501342625181,0.3302285136358791,-0.014278379373360961,-4.323787554306947,-0.027960624136335266,0.003541269194908091,-9.138829701380349,0.9003227772582632,
robin,raw_free__vs__pca_tied,raw_free,pca_tied,available,combined,mse,0.30113573811206773,0.29497479070417976,0.006160947407887973,2.088635233261875,-0.008972473197089768,0.02402435149922636,-3.608473702825365,6.438187143845452,
robin,raw_free__vs__pca_tied,raw_free,pca_tied,available,combined,mae,0.33050741349867435,0.3343840030945986,-0.0038765895959242402,-1.1593226829178,-0.01134653198826689,0.006244919514239527,-3.506825011294823,1.6942185102292084,
robin,raw_free__vs__direct,raw_free,direct,available,test_a,mse,0.3029626452557133,0.3274836087713284,-0.024520963515615113,-7.487691859636657,-0.04054071764893315,-0.008153749932906304,-14.51983276962056,-2.292629225811654,
robin,raw_free__vs__direct,raw_free,direct,available,test_a,mae,0.3450619652697257,0.36720980137015946,-0.02214783610043375,-6.031384788149488,-0.03037741954792559,-0.014810352348580713,-8.687236633980106,-3.7782586943889944,
robin,raw_free__vs__direct,raw_free,direct,available,test_b,mse,0.2993062797476739,0.32796153694174895,-0.02865525719407508,-8.737383493590803,-0.0456161859698374,-0.015258014639510336,-17.821818407777947,-3.148207892100394,
robin,raw_free__vs__direct,raw_free,direct,available,test_b,mae,0.3159501342625181,0.33960766847911533,-0.02365753421659722,-6.966136637180227,-0.03474447325408079,-0.014180880598137833,-10.2847992283495,-3.719835598251245,
robin,raw_free__vs__direct,raw_free,direct,available,combined,mse,0.30113573811206773,0.3277241112749308,-0.026588373162863055,-8.113035400241829,-0.03897596461829364,-0.016078192168870145,-13.372637177476198,-3.9196665210469037,
robin,raw_free__vs__direct,raw_free,direct,available,combined,mae,0.33050741349867435,0.35341024347492483,-0.022902829976250483,-6.480522395462339,-0.029852091746922257,-0.016955062805128027,-8.619397791020008,-4.420470284996705,
robin,raw_free__vs__pca_level,raw_free,pca_level,available,test_a,mse,0.3029626452557133,0.273677231462517,0.029285413793196324,10.700712527928095,0.004426926135622471,0.046115671116572894,2.0955102340254954,14.324616923157906,
robin,raw_free__vs__pca_level,raw_free,pca_level,available,test_a,mae,0.3450619652697257,0.3318649999409754,0.01319696532875031,3.9766065511872255,0.0003311343409121897,0.024443640662931452,0.10280735879518273,6.732163019446123,
robin,raw_free__vs__pca_level,raw_free,pca_level,available,test_b,mse,0.2993062797476739,0.2767121277726573,0.022594151975016574,8.165219268444787,-0.015302060504913713,0.0827831388036487,-7.477446988199184,19.854418569916724,
robin,raw_free__vs__pca_level,raw_free,pca_level,available,test_b,mae,0.3159501342625181,0.31731871912638093,-0.0013685848638628206,-0.4312966053911695,-0.011166919583487075,0.019632506131432838,-3.8783917219675774,5.1544735767790435,
robin,raw_free__vs__pca_level,raw_free,pca_level,available,combined,mse,0.30113573811206773,0.27519585359042886,0.025939884521638867,9.425972151544451,0.0033796486129999163,0.05702442483906217,1.416380157931107,15.763665264379105,
robin,raw_free__vs__pca_level,raw_free,pca_level,available,combined,mae,0.33050741349867435,0.3245931998704771,0.0059142136281972735,1.8220386719614678,-0.0014466392334923236,0.017866473934468774,-0.47638108084379294,5.030376921717531,
robin,raw_free__vs__a,raw_free,a,available,test_a,mse,0.3029626452557133,0.29073952107874196,0.012223124176971356,4.204149518998804,-0.014011152026374546,0.029502452375946283,-4.62997362142014,9.20658992361203,
robin,raw_free__vs__a,raw_free,a,available,test_a,mae,0.3450619652697257,0.34279863391809545,0.00226333135163026,0.6602509834304169,-0.00853403058552366,0.015523065218529912,-2.4881471733501885,4.255923424203054,
robin,raw_free__vs__a,raw_free,a,available,test_b,mse,0.2993062797476739,0.25539930307179765,0.04390697667587623,17.1915021489049,0.007445105305184789,0.09976199443430231,3.16509979891079,38.09502885798082,
robin,raw_free__vs__a,raw_free,a,available,test_b,mae,0.3159501342625181,0.30331705446792445,0.01263307979459366,4.164975100643277,-0.01088168872472085,0.044932258248208914,-3.4703289013184397,15.388989192228259,
robin,raw_free__vs__a,raw_free,a,available,combined,mse,0.30113573811206773,0.27307069970786507,0.028065038404202658,10.277572231010884,0.005120863368942973,0.055719079175402274,2.014370845053175,20.072189142934636,
robin,raw_free__vs__a,raw_free,a,available,combined,mae,0.33050741349867435,0.3230593561147776,0.007448057383896756,2.3054764528319636,-0.005699249094098182,0.024434531280784676,-1.7512597563807013,7.5037466473611545,
robin,raw_free__vs__f0,raw_free,f0,available,test_a,mse,0.3029626452557133,0.23153876570433538,0.07142387955137794,30.847482206320056,0.02968334172555926,0.12480399332186744,13.153127968918925,51.85644807274542,
robin,raw_free__vs__f0,raw_free,f0,available,test_a,mae,0.3450619652697257,0.2830654624257689,0.0619965028439568,21.901825221865337,0.047128070142453356,0.08223273909312687,15.93126762373291,29.160383358473414,
robin,raw_free__vs__f0,raw_free,f0,available,test_b,mse,0.2993062797476739,0.22664913960946464,0.07265714013820923,32.057099472516654,0.04004362143500958,0.13507468417694196,18.293284947743707,52.28981803782516,
robin,raw_free__vs__f0,raw_free,f0,available,test_b,mae,0.3159501342625181,0.24107944671965875,0.07487068754285936,31.056437436544876,0.051583278262430705,0.10631396691545046,18.382373901583176,53.676397201972094,
robin,raw_free__vs__f0,raw_free,f0,available,combined,mse,0.30113573811206773,0.22909530431015587,0.07204043380191186,31.445617804711276,0.045850424022940296,0.11429042174997295,19.93931550281924,46.02758045979275,
robin,raw_free__vs__f0,raw_free,f0,available,combined,mae,0.33050741349867435,0.2620739422979974,0.06843347120067694,26.11227602432257,0.054164210668315164,0.08684621108488148,18.89626220638572,35.37586374854001,
robin,raw_free__vs__full_mse,raw_free,full_mse,available,test_a,mse,0.3029626452557133,0.22994633031549017,0.07301631494022315,31.75363348484125,0.020497053598985147,0.13806138844594368,7.791500466770682,61.28693055471151,
robin,raw_free__vs__full_mse,raw_free,full_mse,available,test_a,mae,0.3450619652697257,0.28350067038037857,0.06156129488934714,21.714691117572706,0.04178910934560945,0.08633864796756635,13.248258625324834,31.00186178391132,
robin,raw_free__vs__full_mse,raw_free,full_mse,available,test_b,mse,0.2993062797476739,0.20708478162007116,0.09222149812760272,44.5332087689559,0.052396810744955245,0.16132554788381903,26.660487363897346,78.31545498170873,
robin,raw_free__vs__full_mse,raw_free,full_mse,available,test_b,mae,0.3159501342625181,0.23393208915209693,0.08201804511042118,35.06062182734368,0.05217042343795943,0.12421127426263523,18.70633956310767,67.48564894210031,
robin,raw_free__vs__full_mse,raw_free,full_mse,available,combined,mse,0.30113573811206773,0.21851704774314318,0.08261869036892455,37.80880769817056,0.04991685640465462,0.1310938839307152,21.833275670374444,56.75184418146666,
robin,raw_free__vs__full_mse,raw_free,full_mse,available,combined,mae,0.33050741349867435,0.25871817997979923,0.07178923351887512,27.748043652935575,0.05312516886464359,0.09586981845066044,18.179941065231134,40.18575215948603,
robin,raw_free__vs__native,raw_free,native,available,test_a,mse,0.3029626452557133,0.23053471169419293,0.07242793356152039,31.41736575340416,0.029751517028266887,0.1256389939644002,12.283400302100898,55.3235103887384,
robin,raw_free__vs__native,raw_free,native,available,test_a,mae,0.3450619652697257,0.2789780852705676,0.0660838799991581,23.68783911290612,0.04939666268256218,0.08842669568235258,16.194164970065664,32.191964642106136,
robin,raw_free__vs__native,raw_free,native,available,test_b,mse,0.2993062797476739,0.2166828572732706,0.08262342247440327,38.13103792064286,0.04837696392394539,0.14527517491272082,23.043153696224284,60.552228256779,
robin,raw_free__vs__native,raw_free,native,available,test_b,mae,0.3159501342625181,0.23371273821415295,0.08223739604836516,35.18738288582728,0.05671491414765863,0.11767263895668484,20.28955686492646,62.26524201368994,
robin,raw_free__vs__native,raw_free,native,available,combined,mse,0.30113573811206773,0.22361026706170095,0.07752547105036678,34.66990673955732,0.049516069146195364,0.11902678434664674,21.776562890646296,49.827448758545025,
robin,raw_free__vs__native,raw_free,native,available,combined,mae,0.33050741349867435,0.256347035583104,0.07416037791557034,28.929680324517978,0.058191599473069074,0.09397026920290175,20.257537218409887,39.951250379201,
robin,pca_free__vs__pca_tied,pca_free,pca_tied,available,test_a,mse,0.2925129381021796,0.28689607206469697,0.005616866037482626,1.9578051372609888,0.0003220846389333954,0.008241578215636161,0.10401421458362523,3.6971060359249663,
robin,pca_free__vs__pca_tied,pca_free,pca_tied,available,test_a,mae,0.3400555449040152,0.33853658507214257,0.0015189598318726127,0.44868410058219277,-0.00022340997988129634,0.004145097303575811,-0.06170801478816389,1.2903794075289736,
robin,pca_free__vs__pca_tied,pca_free,pca_tied,available,test_b,mse,0.28673004450868467,0.3030506495049405,-0.016320604996255816,-5.385438052324567,-0.038550871118895574,0.003754066978073994,-15.120342997804945,0.9555231268960778,
robin,pca_free__vs__pca_tied,pca_free,pca_tied,available,test_b,mae,0.3138484844676865,0.3302285136358791,-0.01638002916819259,-4.960210427574935,-0.03039959440733437,-0.0016569621445501656,-9.228997520732877,-0.4726718009089372,
robin,pca_free__vs__pca_tied,pca_free,pca_tied,available,combined,mse,0.28962303876251194,0.29497479070417976,-0.005351751941667815,-1.8143082427118005,-0.01739661285826381,0.004145489952153164,-6.331399564209017,1.2589789479365445,
robin,pca_free__vs__pca_tied,pca_free,pca_tied,available,combined,mae,0.3269535386703498,0.3343840030945986,-0.007430464424248773,-2.222135136693924,-0.014230084062599525,0.00023704108443996116,-4.245496391664776,0.06425180370347285,
robin,pca_free__vs__direct,pca_free,direct,available,test_a,mse,0.2925129381021796,0.3274836087713284,-0.03497067066914883,-10.678601839143575,-0.04432258603103413,-0.025282026181007288,-14.604174086798206,-7.406573240444677,
robin,pca_free__vs__direct,pca_free,direct,available,test_a,mae,0.3400555449040152,0.36720980137015946,-0.027154256466144278,-7.394752635911234,-0.03191506915780572,-0.02275732620520739,-8.915788743582505,-5.966035153780712,
robin,pca_free__vs__direct,pca_free,direct,available,test_b,mse,0.28673004450868467,0.32796153694174895,-0.04123149243306429,-12.572051228186444,-0.07471479630169829,-0.020040538331478387,-21.28474390893336,-6.050874971781192,
robin,pca_free__vs__direct,pca_free,direct,available,test_b,mae,0.3138484844676865,0.33960766847911533,-0.02575918401142885,-7.584983026675367,-0.04195347941698062,-0.012273385358515767,-11.47603690730401,-3.7456283727219617,
robin,pca_free__vs__direct,pca_free,direct,available,combined,mse,0.28962303876251194,0.3277241112749308,-0.03810107251241884,-11.625959519486042,-0.05523218204763282,-0.026069928347869812,-16.277507949021473,-7.842814286152883,
robin,pca_free__vs__direct,pca_free,direct,available,combined,mae,0.3269535386703498,0.35341024347492483,-0.026456704804575015,-7.486117138099357,-0.03465282601814252,-0.01935090300908202,-9.460069028296129,-5.4597388727750085,
robin,pca_free__vs__pca_level,pca_free,pca_level,available,test_a,mse,0.2925129381021796,0.273677231462517,0.01883570663966261,6.882452931508246,-0.00012507407413112065,0.032242244996780814,-0.06224216674046144,11.001699683669594,
robin,pca_free__vs__pca_level,pca_free,pca_level,available,test_a,mae,0.3400555449040152,0.3318649999409754,0.00819054496303978,2.4680351843359585,-0.0007815925305015195,0.015525000452829308,-0.23970988201727733,4.479261914760667,
robin,pca_free__vs__pca_level,pca_free,pca_level,available,test_b,mse,0.28673004450868467,0.2767121277726573,0.010017916736027366,3.62033887587968,-0.012095844116422382,0.04656539630273487,-5.859431485282075,11.41426142860731,
robin,pca_free__vs__pca_level,pca_free,pca_level,available,test_b,mae,0.3138484844676865,0.31731871912638093,-0.003470234658694449,-1.0936117063148525,-0.007421406497585636,0.009791458809256087,-2.5784122630275603,2.6622126594354767,
robin,pca_free__vs__pca_level,pca_free,pca_level,available,combined,mse,0.28962303876251194,0.27519585359042886,0.014427185172083079,5.242515460845173,0.0002685782857750834,0.03385531149657148,0.1154674984682714,9.835430228117387,
robin,pca_free__vs__pca_level,pca_free,pca_level,available,combined,mae,0.3269535386703498,0.3245931998704771,0.002360338799872741,0.7271682835051968,-0.0015643141757292229,0.010445447004196213,-0.5117442996285055,2.96142658589029,
robin,pca_free__vs__a,pca_free,a,available,test_a,mse,0.2925129381021796,0.29073952107874196,0.00177341702343764,0.6099676496878247,-0.02953818612028626,0.021680509557072496,-9.10437049205357,7.44551900273854,
robin,pca_free__vs__a,pca_free,a,available,test_a,mae,0.3400555449040152,0.34279863391809545,-0.002743089014080269,-0.8002041848088789,-0.014743653656408577,0.010776995748496792,-4.080283839964826,3.021896429566134,
robin,pca_free__vs__a,pca_free,a,available,test_b,mse,0.28673004450868467,0.25539930307179765,0.03133074143688702,12.267355885493295,0.01918413371762793,0.05862568709526204,6.743860796143249,25.636580067008833,
robin,pca_free__vs__a,pca_free,a,available,test_b,mae,0.3138484844676865,0.30331705446792445,0.010531429999762032,3.4720863349527624,-0.006979021784176688,0.03677751911946477,-2.0017131585638315,13.01178323661722,
robin,pca_free__vs__a,pca_free,a,available,combined,mse,0.28962303876251194,0.27307069970786507,0.01655233905464687,6.061558077213996,0.0010967254458957743,0.03359830588218187,0.3898364568846633,12.653967856531096,
robin,pca_free__vs__a,pca_free,a,available,combined,mae,0.3269535386703498,0.3230593561147776,0.003894182555572223,1.2054077623397124,-0.006714370446384331,0.01891108454191076,-1.8992104587737775,5.957722632016718,
robin,pca_free__vs__f0,pca_free,f0,available,test_a,mse,0.2925129381021796,0.23153876570433538,0.06097417239784422,26.334325577128414,0.01961426337228444,0.11679125228207815,8.253681731739354,50.36527371879107,
robin,pca_free__vs__f0,pca_free,f0,available,test_a,mae,0.3400555449040152,0.2830654624257689,0.05699008247824627,20.13318120475095,0.04009638889546571,0.08083448322811343,13.102183670744564,29.192951283028165,
robin,pca_free__vs__f0,pca_free,f0,available,test_b,mse,0.28673004450868467,0.22664913960946464,0.06008090489922002,26.5083313365956,0.03506331818404669,0.10473570239582027,13.43282494537101,50.28005979530059,
robin,pca_free__vs__f0,pca_free,f0,available,test_b,mae,0.3138484844676865,0.24107944671965875,0.07276903774802773,30.184670961456042,0.05386966299347276,0.10086965495821215,17.55040951601591,52.933150543067335,
robin,pca_free__vs__f0,pca_free,f0,available,combined,mse,0.28962303876251194,0.22909530431015587,0.06052773445235607,26.42032958057135,0.03789702376594527,0.09573302014167917,14.993299231801025,41.857414325482814,
robin,pca_free__vs__f0,pca_free,f0,available,combined,mae,0.3269535386703498,0.2620739422979974,0.06487959637235241,24.756217960265396,0.05130429063347599,0.08308853181926895,17.312825723561737,34.50988077888815,
robin,pca_free__vs__full_mse,pca_free,full_mse,available,test_a,mse,0.2925129381021796,0.22994633031549017,0.06256660778668943,27.20922212624442,0.006828548782159628,0.12969672705086158,2.4670806408156287,59.30419324742414,
robin,pca_free__vs__full_mse,pca_free,full_mse,available,test_a,mae,0.3400555449040152,0.28350067038037857,0.05655487452363661,19.94876218379159,0.03413388480342622,0.08414783839138959,10.739921096679687,30.702621871026686,
robin,pca_free__vs__full_mse,pca_free,full_mse,available,test_b,mse,0.28673004450868467,0.20708478162007116,0.07964526288861351,38.460220140529195,0.06088923092745953,0.12127963627782568,27.04412156689922,66.08002770865474,
robin,pca_free__vs__full_mse,pca_free,full_mse,available,test_b,mae,0.3138484844676865,0.23393208915209693,0.07991639531558956,34.162220157675705,0.054216784806597376,0.1177579076956425,17.981633030235916,64.73122934436431,
robin,pca_free__vs__full_mse,pca_free,full_mse,available,combined,mse,0.28962303876251194,0.21851704774314318,0.07110599101936876,32.54024880610258,0.04456126911322945,0.11272458402281976,18.25224411017553,51.6421501985123,
robin,pca_free__vs__full_mse,pca_free,full_mse,available,combined,mae,0.3269535386703498,0.25871817997979923,0.06823535869055058,26.37439653289089,0.05015850980440891,0.09120776718810426,16.88062152909013,39.003302901378,
robin,pca_free__vs__native,pca_free,native,available,test_a,mse,0.2925129381021796,0.23053471169419293,0.06197822640798667,26.884552852154226,0.017692655066618695,0.11750827223328825,6.5574789281140795,53.852700766439966,
robin,pca_free__vs__native,pca_free,native,available,test_a,mae,0.3400555449040152,0.2789780852705676,0.06107745963344757,21.89328225341121,0.041500484075324855,0.0862791434347672,13.389247632979373,32.19591550234912,
robin,pca_free__vs__native,pca_free,native,available,test_b,mse,0.28673004450868467,0.2166828572732706,0.07004718723541406,32.3270553641785,0.04783471285542406,0.11349539218612976,18.750941156589064,56.52272279413952,
robin,pca_free__vs__native,pca_free,native,available,test_b,mae,0.3138484844676865,0.23371273821415295,0.08013574625353354,34.28813802185847,0.05867725232309449,0.11115678211695602,19.408730034376557,60.92798397004065,
robin,pca_free__vs__native,pca_free,native,available,combined,mse,0.28962303876251194,0.22361026706170095,0.06601277170081099,29.521350950578686,0.04177563770569932,0.10094827840422946,17.19526860556253,45.44887184517544,
robin,pca_free__vs__native,pca_free,native,available,combined,mae,0.3269535386703498,0.256347035583104,0.07060650308724581,27.543327320575237,0.05484762122386683,0.0898169885437531,18.79453578724456,38.67091427147333,
robin,raw_tied__vs__direct,raw_tied,direct,available,test_a,mse,0.31013904199070896,0.3274836087713284,-0.017344566780619464,-5.296316003629554,-0.03408795423114274,-0.0030356131246744226,-12.175721267716275,-0.7951213031624456,
robin,raw_tied__vs__direct,raw_tied,direct,available,test_a,mae,0.3487069886377383,0.36720980137015946,-0.01850281273242116,-5.03875786086922,-0.026171415015494977,-0.012494908450607347,-7.517524998127665,-3.196324024088397,
robin,raw_tied__vs__direct,raw_tied,direct,available,test_b,mse,0.30654987977126646,0.32796153694174895,-0.02141165717048249,-6.528709851205977,-0.04064383994494565,-0.008033829688585873,-15.695421015217663,-1.745969621322446,
robin,raw_tied__vs__direct,raw_tied,direct,available,test_b,mae,0.3144579717951572,0.33960766847911533,-0.02514969668395811,-7.4055149568875915,-0.03449891012493764,-0.017301488139449685,-10.732845245295813,-4.304864409546841,
robin,raw_tied__vs__direct,raw_tied,direct,available,combined,mse,0.30834581253418286,0.3277241112749308,-0.019378298740747923,-5.912991468757479,-0.03318521900462829,-0.009626954738951102,-11.427644990102714,-2.438927078899327,
robin,raw_tied__vs__direct,raw_tied,direct,available,combined,mae,0.3315839679416767,0.35341024347492483,-0.02182627553324812,-6.175903482208131,-0.028203681078615227,-0.01684802682249641,-8.253947944901094,-4.336679525633482,
robin,raw_interp__vs__direct,raw_interp,direct,available,test_a,mse,0.35674077052395037,0.3274836087713284,0.02925716175262194,8.933931643904444,0.003667712168699584,0.061147381453951974,1.458878375026714,17.372994294918392,
robin,raw_interp__vs__direct,raw_interp,direct,available,test_a,mae,0.3887157181972224,0.36720980137015946,0.021505916827062932,5.856574837277904,0.008942091258562903,0.03364390501119536,2.4938504461859186,9.218073727346624,
robin,raw_interp__vs__direct,raw_interp,direct,available,test_b,mse,0.3457174525360266,0.32796153694174895,0.017755915594277638,5.41402377847478,-0.02321619295230382,0.05036634136634976,-6.914849305577959,13.658726591009978,
robin,raw_interp__vs__direct,raw_interp,direct,available,test_b,mae,0.3640434169341527,0.33960766847911533,0.024435748455037376,7.195287598913594,-0.009343993764717756,0.05515339917299735,-2.5756020915375974,16.972894878808493,
robin,raw_interp__vs__direct,raw_interp,direct,available,combined,mse,0.3512304631831836,0.3277241112749308,0.023506351908252843,7.1726037540561505,-0.0018488832761168234,0.04702591185914701,-0.5721039657890326,13.03106211401172,
robin,raw_interp__vs__direct,raw_interp,direct,available,combined,mae,0.3763810552909165,0.35341024347492483,0.022970811815991643,6.499758351690638,0.003980187834037615,0.03948587713173586,1.019234951804889,11.146343581654811,
robin,pca_tied__vs__direct,pca_tied,direct,available,test_a,mse,0.28689607206469697,0.3274836087713284,-0.040587536706631455,-12.393761281338653,-0.04954238081272287,-0.027023631309560366,-17.507826695483534,-7.68270477211369,
robin,pca_tied__vs__direct,pca_tied,direct,available,test_a,mae,0.33853658507214257,0.36720980137015946,-0.02867321629801689,-7.8084016796472575,-0.03468271723811478,-0.02335767810764547,-9.716227203662303,-6.081932880035026,
robin,pca_tied__vs__direct,pca_tied,direct,available,test_b,mse,0.3030506495049405,0.32796153694174895,-0.02491088743680847,-7.595673464974959,-0.05692827339245716,-0.006033506706014011,-12.679009934324428,-2.4865127634632547,
robin,pca_tied__vs__direct,pca_tied,direct,available,test_b,mae,0.3302285136358791,0.33960766847911533,-0.00937915484323626,-2.761761795674247,-0.02395896840291725,-0.0017745287503183502,-5.790154906809304,-0.5690056966244206,
robin,pca_tied__vs__direct,pca_tied,direct,available,combined,mse,0.29497479070417976,0.3277241112749308,-0.03274932057075103,-9.992954269781304,-0.04874800039839435,-0.02123631905189056,-13.246774153294703,-6.9040036799575955,
robin,pca_tied__vs__direct,pca_tied,direct,available,combined,mae,0.3343840030945986,0.35341024347492483,-0.019026240380326243,-5.383613161081504,-0.027167152630613096,-0.014891785727987564,-7.129409587552686,-4.339841433127498,
jena,raw_free__vs__pca_free,raw_free,pca_free,available,test_a,mse,0.3047506420292897,0.3137219511760738,-0.008971309146784123,-2.859637049034242,-0.01577739597683763,7.696906836559492e-05,-4.335165971051056,0.030410626663451765,
jena,raw_free__vs__pca_free,raw_free,pca_free,available,test_a,mae,0.29830162869886695,0.31068936238207606,-0.012387733683209112,-3.987176641076969,-0.01664183111903096,-0.0074068929691040964,-5.008088545481798,-2.4348951807308663,
jena,raw_free__vs__pca_free,raw_free,pca_free,available,test_b,mse,0.20287105303331707,0.20152711679299642,0.0013439362403206423,0.6668761314642832,-0.0002362757629671655,0.003842114637637179,-0.12011638580682864,1.8235132329491486,
jena,raw_free__vs__pca_free,raw_free,pca_free,available,test_b,mae,0.23216762283816567,0.23560880829333386,-0.003441185455168194,-1.460550426826108,-0.006770716588707164,-0.00019356701033675897,-2.886894923003834,-0.08027777749244615,
jena,raw_free__vs__pca_free,raw_free,pca_free,available,combined,mse,0.25381084753130334,0.2576245339845351,-0.0038136864532317682,-1.4803273563459214,-0.007070693553047569,0.0011869415024950837,-2.4675134093475815,0.5041536103950722,
jena,raw_free__vs__pca_free,raw_free,pca_free,available,combined,mae,0.26523462576851636,0.273149085337705,-0.007914459569188625,-2.8974871211461926,-0.010582847744247378,-0.0048144921489903635,-3.716787999896015,-1.7383787944719964,
jena,raw_free__vs__raw_tied,raw_free,raw_tied,available,test_a,mse,0.3047506420292897,0.34116957811663556,-0.036418936087345866,-10.674731401430915,-0.04481325184850924,-0.028997507679847243,-13.721312307651868,-8.755163114739066,
jena,raw_free__vs__raw_tied,raw_free,raw_tied,available,test_a,mae,0.29830162869886695,0.3184043773036711,-0.020102748604804155,-6.313590527567278,-0.024673299533554356,-0.01765204887860611,-7.582308680142352,-5.53973611445056,
jena,raw_free__vs__raw_tied,raw_free,raw_tied,available,test_b,mse,0.20287105303331707,0.2196717951861857,-0.016800742152868642,-7.648110736578154,-0.0216963843966976,-0.01255436866306813,-9.312741389723165,-5.791284984385225,
jena,raw_free__vs__raw_tied,raw_free,raw_tied,available,test_b,mae,0.23216762283816567,0.24355913384148203,-0.011391511003316368,-4.67710277321417,-0.014898680784258057,-0.008465835464818416,-6.029960237890417,-3.567781732535787,
jena,raw_free__vs__raw_tied,raw_free,raw_tied,available,combined,mse,0.25381084753130334,0.2804206866514106,-0.02660983912010728,-9.489256815488018,-0.031604083904408276,-0.02247702377091864,-11.171544728051094,-8.181986221256919,
jena,raw_free__vs__raw_tied,raw_free,raw_tied,available,combined,mae,0.26523462576851636,0.2809817555725766,-0.015747129804060234,-5.60432465516175,-0.018750637888332658,-0.014001609723296215,-6.592593162418209,-4.9830101383122445,
jena,raw_free__vs__raw_interp,raw_free,raw_interp,available,test_a,mse,0.3047506420292897,0.40304824415282164,-0.09829760212353195,-24.3885449321697,-0.1265666918090076,-0.07402289592145155,-31.37003640739592,-19.01589027801522,
jena,raw_free__vs__raw_interp,raw_free,raw_interp,available,test_a,mae,0.29830162869886695,0.3587872686283336,-0.06048563992946665,-16.858357366109193,-0.07544914600536051,-0.04731262030767159,-20.12724816309569,-13.256449623368226,
jena,raw_free__vs__raw_interp,raw_free,raw_interp,available,test_b,mse,0.20287105303331707,0.247946190571493,-0.045075137538175936,-18.179403133511315,-0.051558137020360585,-0.034835158425771465,-20.335516098460477,-14.377193371171723,
jena,raw_free__vs__raw_interp,raw_free,raw_interp,available,test_b,mae,0.23216762283816567,0.2648452984869531,-0.03267767564878743,-12.33840126121673,-0.03703982815550344,-0.02484974428769499,-14.077323426535289,-9.384785059515897,
jena,raw_free__vs__raw_interp,raw_free,raw_interp,available,combined,mse,0.25381084753130334,0.32549721736215737,-0.07168636983085402,-22.023650589643523,-0.08609498579220558,-0.05809995702338359,-25.84157257538999,-18.307978733785784,
jena,raw_free__vs__raw_interp,raw_free,raw_interp,available,combined,mae,0.26523462576851636,0.31181628355764335,-0.046581657789126985,-14.938815015578156,-0.053129188522496776,-0.038366134925316264,-16.675488199401826,-12.340319696541366,
jena,raw_free__vs__pca_tied,raw_free,pca_tied,available,test_a,mse,0.3047506420292897,0.4278091807892188,-0.12305853875992911,-28.76481952372124,-0.15495447893676842,-0.08966423516508103,-34.86540521360152,-22.658687436755685,
jena,raw_free__vs__pca_tied,raw_free,pca_tied,available,test_a,mae,0.29830162869886695,0.38465873776569093,-0.08635710906682398,-22.45031779816922,-0.10427857740640498,-0.06571560004887798,-25.827024607174824,-17.534192424603912,
jena,raw_free__vs__pca_tied,raw_free,pca_tied,available,test_b,mse,0.20287105303331707,0.22849788638148963,-0.025626833348172562,-11.215348095337378,-0.03308900518743464,-0.012558616708908172,-14.02583627340907,-5.787184096778628,
jena,raw_free__vs__pca_tied,raw_free,pca_tied,available,test_b,mae,0.23216762283816567,0.2616085772015757,-0.029440954363410043,-11.253818463576245,-0.03252054013039673,-0.021777077000563524,-12.122206620684382,-8.574977897411529,
jena,raw_free__vs__pca_tied,raw_free,pca_tied,available,combined,mse,0.25381084753130334,0.32815353358535415,-0.07434268605405081,-22.654848552686378,-0.0894107403867923,-0.05477008260282155,-25.790538900909905,-17.84797576083902,
jena,raw_free__vs__pca_tied,raw_free,pca_tied,available,combined,mae,0.26523462576851636,0.3231336574836333,-0.057899031715116955,-17.917982350089773,-0.06537307307571481,-0.04554897304715232,-19.69346078507849,-14.4436743764997,
jena,raw_free__vs__direct,raw_free,direct,available,test_a,mse,0.3047506420292897,0.33206977160953727,-0.02731912958024757,-8.226924554991005,-0.03800068585157608,-0.014369379110956286,-9.693209054436483,-5.578339308188962,
jena,raw_free__vs__direct,raw_free,direct,available,test_a,mae,0.29830162869886695,0.3229672862749447,-0.02466565757607775,-7.637199996497377,-0.03293652324001114,-0.018289761062841012,-9.221937495205077,-6.161380672412048,
jena,raw_free__vs__direct,raw_free,direct,available,test_b,mse,0.20287105303331707,0.21589856495451548,-0.013027511921198415,-6.03408916772698,-0.016632898373195676,-0.009482869204435073,-7.493637485219165,-4.55285603821567,
jena,raw_free__vs__direct,raw_free,direct,available,test_b,mae,0.23216762283816567,0.25046071910777723,-0.018293096269611564,-7.303778546503236,-0.023634053039838388,-0.014922782246664561,-9.34046403178,-6.11644586637338,
jena,raw_free__vs__direct,raw_free,direct,available,combined,mse,0.25381084753130334,0.2739841682820264,-0.020173320750723034,-7.362951252700693,-0.025750430919969203,-0.01348210697314303,-8.36325089857268,-5.6180292780458645,
jena,raw_free__vs__direct,raw_free,direct,available,combined,mae,0.26523462576851636,0.286714002691361,-0.02147937692284463,-7.491568853010131,-0.02674831910760161,-0.01838590172221818,-8.810855154260613,-6.6458437858415875,
jena,raw_free__vs__pca_level,raw_free,pca_level,available,test_a,mse,0.3047506420292897,0.4224748625690661,-0.11772422053977638,-27.865378740854876,-0.14909982826225793,-0.08457763050321397,-34.23469476021777,-21.58152297119567,
jena,raw_free__vs__pca_level,raw_free,pca_level,available,test_a,mae,0.29830162869886695,0.38104055698820327,-0.08273892828933632,-21.71394272129879,-0.10069141176982117,-0.06178798649330548,-25.292828075376665,-16.53232315060724,
jena,raw_free__vs__pca_level,raw_free,pca_level,available,test_b,mse,0.20287105303331707,0.2262434526156686,-0.023372399582351544,-10.330641312328027,-0.03035250089408222,-0.01053155853489337,-13.08327784379514,-4.96063285153021,
jena,raw_free__vs__pca_level,raw_free,pca_level,available,test_b,mae,0.23216762283816567,0.25985927851479,-0.02769165567662435,-10.656404433543544,-0.030459918861802035,-0.01999844937211274,-11.550034083497078,-7.912022742769273,
jena,raw_free__vs__pca_level,raw_free,pca_level,available,combined,mse,0.25381084753130334,0.3243591575923673,-0.07054831006106393,-21.75005958972316,-0.0851656807524977,-0.05110454609608625,-25.02195857461578,-16.815478935550487,
jena,raw_free__vs__pca_level,raw_free,pca_level,available,combined,mae,0.26523462576851636,0.32044991775149667,-0.05521529198298031,-17.230552708644726,-0.06261052611662654,-0.04281904224935486,-19.060407049784608,-13.62352341023691,
jena,raw_free__vs__a,raw_free,a,available,test_a,mse,0.3047506420292897,0.3047550138164795,-4.371787189816345e-06,-0.0014345251075832972,-0.0054026659363369,0.009853059534581625,-1.569570990940874,3.756346422127775,
jena,raw_free__vs__a,raw_free,a,available,test_a,mae,0.29830162869886695,0.3098281819243739,-0.011526553225506941,-3.7203049619031954,-0.01834108684886215,-0.0033289087660064265,-5.490401914762459,-1.1309377312072237,
jena,raw_free__vs__a,raw_free,a,available,test_b,mse,0.20287105303331707,0.20143124084390243,0.0014398121894146354,0.7147909050167678,-0.002283353671780893,0.004653377495926563,-1.0400453676284303,2.3700737935087317,
jena,raw_free__vs__a,raw_free,a,available,test_b,mae,0.23216762283816567,0.24026482838999239,-0.00809720555182672,-3.370116885640673,-0.01372045823881807,-0.0035043747281933045,-5.692354237959714,-1.4344899659936086,
jena,raw_free__vs__a,raw_free,a,available,combined,mse,0.25381084753130334,0.25309312733019096,0.0007177202011123818,0.28357949055488496,-0.002462099747068615,0.005849290698134819,-0.8942492080009823,2.537224982050126,
jena,raw_free__vs__a,raw_free,a,available,combined,mae,0.26523462576851636,0.27504650515718304,-0.009811879388666678,-3.567352867493955,-0.014183556371411391,-0.0050463872608191435,-4.940669214270857,-1.8568254426963875,
jena,raw_free__vs__f0,raw_free,f0,available,test_a,mse,0.3047506420292897,0.3707561544364758,-0.0660055124071861,-17.80294450068132,-0.0895835999078702,-0.041461502865080324,-23.210285459980806,-11.751304435729164,
jena,raw_free__vs__f0,raw_free,f0,available,test_a,mae,0.29830162869886695,0.3131295741185513,-0.014827945419684352,-4.7354024165313975,-0.026208995854919773,0.001280838892271543,-8.34969891485342,0.4041610572926427,
jena,raw_free__vs__f0,raw_free,f0,available,test_b,mse,0.20287105303331707,0.2138438967827428,-0.010972843749425726,-5.131240084244123,-0.01615508304932069,-0.0006943296563880333,-7.283606209686208,-0.35059257061572846,
jena,raw_free__vs__f0,raw_free,f0,available,test_b,mae,0.23216762283816567,0.21638567720780014,0.01578194563036553,7.29343357379877,0.011911618593539855,0.024598593192221043,5.485900302820559,11.802813742009095,
jena,raw_free__vs__f0,raw_free,f0,available,combined,mse,0.25381084753130334,0.2923000256096091,-0.038489178078305764,-13.167695759873538,-0.04959782083157989,-0.024197474133533802,-16.01139047076428,-8.763682186946198,
jena,raw_free__vs__f0,raw_free,f0,available,combined,mae,0.26523462576851636,0.26475762566317573,0.0004770001053406303,0.1801648221258296,-0.004450959593875813,0.010620477002356153,-1.7008495578000116,4.0377198237187475,
jena,raw_free__vs__full_mse,raw_free,full_mse,available,test_a,mse,0.3047506420292897,0.2787377720518102,0.02601286997747948,9.332380676646995,0.019722213593463406,0.03585942131323123,7.839761182644868,13.478833792427375,
jena,raw_free__vs__full_mse,raw_free,full_mse,available,test_a,mae,0.29830162869886695,0.26755153892106165,0.0307500897778053,11.493146293162528,0.025490507223994353,0.03913779145998701,9.996371389024375,14.086169027918768,
jena,raw_free__vs__full_mse,raw_free,full_mse,available,test_b,mse,0.20287105303331707,0.1870454670442903,0.01582558598902678,8.46082304965961,0.011127813472466566,0.021997334043684546,6.067121260902986,11.600860289165318,
jena,raw_free__vs__full_mse,raw_free,full_mse,available,test_b,mae,0.23216762283816567,0.21033529148323998,0.021832331354925683,10.379775643435156,0.015863388301874982,0.0291687861369434,7.612766938253406,13.68692713698618,
jena,raw_free__vs__full_mse,raw_free,full_mse,available,combined,mse,0.25381084753130334,0.23289161954805002,0.020919227983253325,8.982387611820993,0.017425335612999044,0.027073723582981612,7.862406182747152,11.738046299812472,
jena,raw_free__vs__full_mse,raw_free,full_mse,available,combined,mae,0.26523462576851636,0.23894341520215084,0.02629121056636552,11.003111571048166,0.02257650112275284,0.032085880998152023,9.559485289069112,13.173873840886124,
jena,raw_free__vs__native,raw_free,native,available,test_a,mse,0.3047506420292897,0.2854452609178801,0.019305381111409614,6.763251577318564,0.012393531125406313,0.029838381037237408,4.409609666529023,11.610812140064347,
jena,raw_free__vs__native,raw_free,native,available,test_a,mae,0.29830162869886695,0.25398087769942296,0.04432075099944399,17.45042831606243,0.037367240670576465,0.05431108249517505,15.872540622694066,20.0598037402105,
jena,raw_free__vs__native,raw_free,native,available,test_b,mse,0.20287105303331707,0.19573452945488187,0.007136523578435194,3.6460217818033027,0.00042816572833350586,0.015142703688172639,0.22167001508285247,7.969318860814795,
jena,raw_free__vs__native,raw_free,native,available,test_b,mae,0.23216762283816567,0.1991875876422407,0.03298003519592496,16.557274269097604,0.02659828470676511,0.04201679732818611,13.367082532474296,20.90144443272682,
jena,raw_free__vs__native,raw_free,native,available,combined,mse,0.25381084753130334,0.2405898951863809,0.013220952344922432,5.4952234526227235,0.00881846497829477,0.020094144343375458,3.6399520224559114,8.661925971490643,
jena,raw_free__vs__native,raw_free,native,available,combined,mae,0.26523462576851636,0.22658423267083178,0.03865039309768459,17.057847601352563,0.03433754956187579,0.04556831896754482,15.568136898211336,19.69134636422834,
jena,pca_free__vs__pca_tied,pca_free,pca_tied,available,test_a,mse,0.3137219511760738,0.4278091807892188,-0.11408722961314499,-26.667784315118674,-0.1430747682919521,-0.08713809728310892,-33.974859284686815,-21.465407409553396,
jena,pca_free__vs__pca_tied,pca_free,pca_tied,available,test_a,mae,0.31068936238207606,0.38465873776569093,-0.07396937538361487,-19.229870043579304,-0.088839557442381,-0.05583990410091578,-22.505114125041707,-14.816933695475669,
jena,pca_free__vs__pca_tied,pca_free,pca_tied,available,test_b,mse,0.20152711679299642,0.22849788638148963,-0.026970769588493204,-11.803509439673345,-0.034586602253460184,-0.01478755266006501,-14.598680751589821,-6.870609099411428,
jena,pca_free__vs__pca_tied,pca_free,pca_tied,available,test_b,mae,0.23560880829333386,0.2616085772015757,-0.02599976890824185,-9.938423726913358,-0.030244928201037406,-0.016750751797637367,-11.213627682106,-6.792318977783863,
jena,pca_free__vs__pca_tied,pca_free,pca_tied,available,combined,mse,0.2576245339845351,0.32815353358535415,-0.07052899960081904,-21.49268326634494,-0.08418514399552562,-0.05444958515811356,-25.227044685576992,-17.48738785277471,
jena,pca_free__vs__pca_tied,pca_free,pca_tied,available,combined,mae,0.273149085337705,0.3231336574836333,-0.04998457214592833,-15.46869878401944,-0.05642937943807415,-0.038735480385452055,-17.16114201238072,-12.292549849523672,
jena,pca_free__vs__direct,pca_free,direct,available,test_a,mse,0.3137219511760738,0.33206977160953727,-0.018347820433463446,-5.525290767820218,-0.026589901243506152,-0.01147932332102277,-7.613068706561287,-4.248039084394843,
jena,pca_free__vs__direct,pca_free,direct,available,test_a,mae,0.31068936238207606,0.3229672862749447,-0.012277923892868636,-3.8015998569020204,-0.020597675788096056,-0.00785341132793107,-5.870278231764279,-2.566370813364102,
jena,pca_free__vs__direct,pca_free,direct,available,test_b,mse,0.20152711679299642,0.21589856495451548,-0.014371448161519057,-6.656574194713507,-0.019035302400207815,-0.01100398621383947,-8.369067879376624,-5.210373217065691,
jena,pca_free__vs__direct,pca_free,direct,available,test_b,mae,0.23560880829333386,0.25046071910777723,-0.01485191081444337,-5.929836370090576,-0.020347015181172518,-0.01157456802388345,-7.729167794786486,-4.857687032229562,
jena,pca_free__vs__direct,pca_free,direct,available,combined,mse,0.2576245339845351,0.2739841682820264,-0.016359634297491266,-5.971014456810304,-0.02132356603305558,-0.012941606143309688,-7.48132000760533,-5.1161185671084,
jena,pca_free__vs__direct,pca_free,direct,available,combined,mae,0.273149085337705,0.286714002691361,-0.013564917353656003,-4.731166677010271,-0.01884979167554354,-0.011326165320691197,-6.247651124228756,-4.095733478364636,
jena,pca_free__vs__pca_level,pca_free,pca_level,available,test_a,mse,0.3137219511760738,0.4224748625690661,-0.10875291139299226,-25.741865618149852,-0.137087882500986,-0.08239271436695,-33.25215568517563,-20.36326118558415,
jena,pca_free__vs__pca_level,pca_free,pca_level,available,test_a,mae,0.31068936238207606,0.38104055698820327,-0.07035119460612721,-18.46291511911296,-0.08531115264344816,-0.05178087161810804,-22.005447663839,-13.87712942628723,
jena,pca_free__vs__pca_level,pca_free,pca_level,available,test_b,mse,0.20152711679299642,0.2262434526156686,-0.024716335822672186,-10.924663470663656,-0.0318864886553936,-0.012882286854421048,-13.664972829687413,-6.089545107550423,
jena,pca_free__vs__pca_level,pca_free,pca_level,available,test_b,mae,0.23560880829333386,0.25985927851479,-0.024250470221456155,-9.332154833977162,-0.028206367113260276,-0.015234279156101716,-10.59846227009778,-6.153858171384167,
jena,pca_free__vs__pca_level,pca_free,pca_level,available,combined,mse,0.2576245339845351,0.3243591575923673,-0.06673462360783217,-20.574299213003798,-0.08008331094009283,-0.05086389297543428,-24.4400378675826,-16.49322032836106,
jena,pca_free__vs__pca_level,pca_free,pca_level,available,combined,mae,0.273149085337705,0.32044991775149667,-0.04730083241379168,-14.760756609234848,-0.053944600712876184,-0.03591521100281269,-16.576273247531084,-11.42827570206018,
jena,pca_free__vs__a,pca_free,a,available,test_a,mse,0.3137219511760738,0.3047550138164795,0.008966937359594307,2.9423428501800166,0.0020384943242368198,0.014012322507691312,0.7077676349430835,4.557350904781151,
jena,pca_free__vs__a,pca_free,a,available,test_a,mae,0.31068936238207606,0.3098281819243739,0.0008611804577021709,0.2779542042797052,-0.004301778418069327,0.0055434738542930575,-1.291237827938873,1.948672898549421,
jena,pca_free__vs__a,pca_free,a,available,test_b,mse,0.20152711679299642,0.20143124084390243,9.587594909399311e-05,0.04759735813189545,-0.0035296304112846337,0.0020372254792009273,-1.504129420609353,1.0988817585043116,
jena,pca_free__vs__a,pca_free,a,available,test_b,mae,0.23560880829333386,0.24026482838999239,-0.004656020096658525,-1.9378700277765915,-0.008096377415103837,-0.002236050914387716,-3.3068178467521117,-0.9284457626173144,
jena,pca_free__vs__a,pca_free,a,available,combined,mse,0.2576245339845351,0.25309312733019096,0.00453140665434415,1.7904107875803263,0.00039873468605818035,0.006981122957469835,0.15643037006261928,2.737086397337136,
jena,pca_free__vs__a,pca_free,a,available,combined,mae,0.273149085337705,0.27504650515718304,-0.0018974198194780523,-0.6898541824386092,-0.0049713202641982115,0.0008628447523652838,-1.7498144937037365,0.32527166169139704,
jena,pca_free__vs__f0,pca_free,f0,available,test_a,mse,0.3137219511760738,0.3707561544364758,-0.05703420326040198,-15.383211466061866,-0.07938736555934443,-0.03728521888775948,-22.045958523461547,-10.303706869722188,
jena,pca_free__vs__f0,pca_free,f0,available,test_a,mae,0.31068936238207606,0.3131295741185513,-0.0024402117364752396,-0.779297753444193,-0.013823790766734092,0.012497236669651704,-4.572832049186352,3.9928844969699813,
jena,pca_free__vs__f0,pca_free,f0,available,test_b,mse,0.20152711679299642,0.2138438967827428,-0.012316779989746368,-5.7597061104155545,-0.018278834925672754,-0.0025558095125745176,-8.158713294638211,-1.2684714341985577,
jena,pca_free__vs__f0,pca_free,f0,available,test_b,mae,0.23560880829333386,0.21638567720780014,0.019223131085533723,8.883735436460201,0.014530990172002302,0.029018527164633816,6.642730829058007,14.123283156497884,
jena,pca_free__vs__f0,pca_free,f0,available,combined,mse,0.2576245339845351,0.2923000256096091,-0.034675491625073995,-11.862979331854724,-0.045300212452915524,-0.02333326502176241,-15.331618528346878,-8.208244916505098,
jena,pca_free__vs__f0,pca_free,f0,available,combined,mae,0.273149085337705,0.26475762566317573,0.008391459674529256,3.1694874334629586,0.003103092497024236,0.018160365047389757,1.1897025841153566,6.900440075363933,
jena,pca_free__vs__full_mse,pca_free,full_mse,available,test_a,mse,0.3137219511760738,0.2787377720518102,0.034984179124263604,12.550928733749418,0.02247554691888745,0.04666683608933209,9.837430092756945,15.10063846875654,
jena,pca_free__vs__full_mse,pca_free,full_mse,available,test_a,mae,0.31068936238207606,0.26755153892106165,0.04313782346101441,16.123182709011363,0.035615235222099785,0.05277381033205319,13.804062435330353,18.40736885434189,
jena,pca_free__vs__full_mse,pca_free,full_mse,available,test_b,mse,0.20152711679299642,0.1870454670442903,0.014481649748706138,7.7423152656658845,0.009720838024246918,0.019605900369600276,5.3323529724410275,10.467758112270038,
jena,pca_free__vs__full_mse,pca_free,full_mse,available,test_b,mae,0.23560880829333386,0.21033529148323998,0.025273516810093877,12.015823227700109,0.020487129993425685,0.03083337018481616,9.830560700055639,14.619404867948036,
jena,pca_free__vs__full_mse,pca_free,full_mse,available,combined,mse,0.2576245339845351,0.23289161954805002,0.024732914436485093,10.619924617503129,0.018246161142428767,0.031195159448036046,8.645181997589155,12.350736754528164,
jena,pca_free__vs__full_mse,pca_free,full_mse,available,combined,mae,0.273149085337705,0.23894341520215084,0.034205670135554145,14.315385132758513,0.029906378245375773,0.039927478983759236,12.750474771680803,16.149239491963055,
jena,pca_free__vs__native,pca_free,native,available,test_a,mse,0.3137219511760738,0.2854452609178801,0.028276690258193737,9.906169108314142,0.015492348843666731,0.03824421800879913,6.129200622690366,12.831629798724597,
jena,pca_free__vs__native,pca_free,native,available,test_a,mae,0.31068936238207606,0.25398087769942296,0.056708484682653104,22.327856016690166,0.04745797151276608,0.06791073033812073,20.112179681039013,24.55738087218654,
jena,pca_free__vs__native,pca_free,native,available,test_b,mse,0.20152711679299642,0.19573452945488187,0.005792587338114552,2.959410051076237,-0.0008468497774622621,0.012684523658295026,-0.38093836025202127,6.714625940442895,
jena,pca_free__vs__native,pca_free,native,available,test_b,mae,0.23560880829333386,0.1991875876422407,0.036421220651093156,18.284884656823614,0.030605088183635346,0.04360870356353627,15.390840519541912,22.249057309609242,
jena,pca_free__vs__native,pca_free,native,available,combined,mse,0.2576245339845351,0.2405898951863809,0.0170346387981542,7.080363364786271,0.009877895944497868,0.023195644382654923,4.353365853924793,9.160793454435233,
jena,pca_free__vs__native,pca_free,native,available,combined,mae,0.273149085337705,0.22658423267083178,0.04656485266687321,20.550791252328615,0.04140674300601111,0.05372430112984556,18.86682273037512,22.835115907404738,
jena,raw_tied__vs__direct,raw_tied,direct,available,test_a,mse,0.34116957811663556,0.33206977160953727,0.009099806507098296,2.740329679209182,0.0011418067631408,0.02316532231486775,0.2642081900655855,8.43571684560048,
jena,raw_tied__vs__direct,raw_tied,direct,available,test_a,mae,0.3184043773036711,0.3229672862749447,-0.004562908971273594,-1.4128084066660398,-0.011461622455485383,0.0017874625630086892,-3.2172563234330935,0.5841365845720082,
jena,raw_tied__vs__direct,raw_tied,direct,available,test_b,mse,0.2196717951861857,0.21589856495451548,0.003773230231670227,1.7476865733059197,-0.0008480736784952564,0.007931967023715847,-0.3921823281570568,3.627691354512709,
jena,raw_tied__vs__direct,raw_tied,direct,available,test_b,mae,0.24355913384148203,0.25046071910777723,-0.006901585266295196,-2.7555559573896033,-0.010760978399069972,-0.00510774172006564,-4.283393961681589,-2.050303598993707,
jena,raw_tied__vs__direct,raw_tied,direct,available,combined,mse,0.2804206866514106,0.2739841682820264,0.006436518369384248,2.349230033889695,0.002108530290466322,0.01375763394662286,0.7197845975590432,5.510278860007682,
jena,raw_tied__vs__direct,raw_tied,direct,available,combined,mae,0.2809817555725766,0.286714002691361,-0.005732247118784395,-1.9992909536947125,-0.01008555845271727,-0.0027358906671776455,-3.3093397542487586,-0.9880158554156185,
jena,raw_interp__vs__direct,raw_interp,direct,available,test_a,mse,0.40304824415282164,0.33206977160953727,0.07097847254328438,21.37456601341723,0.047785803192299005,0.10445478929937797,13.425916654481755,36.599946356296954,
jena,raw_interp__vs__direct,raw_interp,direct,available,test_a,mae,0.3587872686283336,0.3229672862749447,0.0358199823533889,11.090901114639536,0.01726539506742301,0.05298829691328139,5.068146635486284,16.909880971979625,
jena,raw_interp__vs__direct,raw_interp,direct,available,test_b,mse,0.247946190571493,0.21589856495451548,0.03204762561697752,14.843834475569194,0.020962511651423155,0.03916028076186914,9.346343922723175,18.6056415491376,
jena,raw_interp__vs__direct,raw_interp,direct,available,test_b,mae,0.2648452984869531,0.25046071910777723,0.014384579379175866,5.743247655927217,0.0023950314424655865,0.021267775002149297,0.9246717345885003,8.827525119244267,
jena,raw_interp__vs__direct,raw_interp,direct,available,combined,mse,0.32549721736215737,0.2739841682820264,0.05151304908013099,18.80146922471297,0.038385497639927844,0.06757752393346503,13.315088237049665,26.505499180189897,
jena,raw_interp__vs__direct,raw_interp,direct,available,combined,mae,0.31181628355764335,0.286714002691361,0.025102280866282356,8.755163902233338,0.013042833259387637,0.03311708505860861,4.348390072643647,11.755149710149917,
jena,pca_tied__vs__direct,pca_tied,direct,available,test_a,mse,0.4278091807892188,0.33206977160953727,0.09573940917968154,28.83111242424568,0.06534981121050731,0.12478177801330397,18.97588074144607,43.37233139700133,
jena,pca_tied__vs__direct,pca_tied,direct,available,test_a,mae,0.38465873776569093,0.3229672862749447,0.06169145149074623,19.10145519761026,0.03713914891429709,0.0794469182346476,10.92168487762977,25.355128451566888,
jena,pca_tied__vs__direct,pca_tied,direct,available,test_b,mse,0.22849788638148963,0.21589856495451548,0.012599321426974147,5.835759690958815,-0.0005255530150523338,0.0186857337799153,-0.23520540749653757,8.882572373970353,
jena,pca_tied__vs__direct,pca_tied,direct,available,test_b,mae,0.2616085772015757,0.25046071910777723,0.01114785809379848,4.450940703800096,-0.00016613033089437484,0.014899783364460559,-0.06632285115047885,6.023408769773473,
jena,pca_tied__vs__direct,pca_tied,direct,available,combined,mse,0.32815353358535415,0.2739841682820264,0.05416936530332778,19.77098371887254,0.03649428680742128,0.06737769194829857,13.009890986307102,25.903142837794082,
jena,pca_tied__vs__direct,pca_tied,direct,available,combined,mae,0.3231336574836333,0.286714002691361,0.03641965479227233,12.702433243721616,0.021404512135245198,0.04373132580897156,7.185270594479835,15.331066422645552,
hog,raw_free__vs__pca_free,raw_free,pca_free,available,test_a,mse,2.4562353393261587,2.303366239313945,0.15286910001221354,6.636769151298554,-0.014642156172665599,0.3778489333637477,-0.6971804854087837,15.599073442159243,
hog,raw_free__vs__pca_free,raw_free,pca_free,available,test_a,mae,0.7525730587290478,0.7010041439438683,0.05156891478517944,7.356435083971306,0.027184835330496936,0.08734673772252258,4.0557314610983335,11.558533858390009,
hog,raw_free__vs__pca_free,raw_free,pca_free,available,test_b,mse,3.2339682920696156,3.2307915851307003,0.0031767069389152525,0.09832596300967338,-0.1382724891660221,0.39213051265377813,-4.783136163683171,12.471728185869058,
hog,raw_free__vs__pca_free,raw_free,pca_free,available,test_b,mae,0.863454981355142,0.8478132428498415,0.015641738505300484,1.844950953198408,-0.003701411387324263,0.05397767706248414,-0.4484262018697231,6.255363624832454,
hog,raw_free__vs__pca_free,raw_free,pca_free,available,combined,mse,2.8404478142605045,2.762650380205138,0.07779743405536665,2.8160434129775727,-0.01575032951415629,0.31917939497968,-0.5794239520848213,11.434810613952296,
hog,raw_free__vs__pca_free,raw_free,pca_free,available,combined,mae,0.8069715859801784,0.7734279637454431,0.03354362223473528,4.337006651827685,0.01778397341644951,0.06013359592568996,2.3543507859296344,7.573566525307053,
hog,raw_free__vs__raw_tied,raw_free,raw_tied,available,test_a,mse,2.4562353393261587,2.412934137173372,0.043301202152786544,1.794545548744719,-0.04806850424202781,0.1388947052660047,-2.290959223326501,5.292739538006532,
hog,raw_free__vs__raw_tied,raw_free,raw_tied,available,test_a,mae,0.7525730587290478,0.6597267803948963,0.09284627833415149,14.073443900303088,0.07118629172303662,0.1209376572359965,11.295591764156878,16.960757411685144,
hog,raw_free__vs__raw_tied,raw_free,raw_tied,available,test_b,mse,3.2339682920696156,3.180698095353395,0.053270196716220575,1.6747957561279305,-0.08501223747487133,0.14571880679292543,-2.518099644820624,5.149824609332353,
hog,raw_free__vs__raw_tied,raw_free,raw_tied,available,test_b,mae,0.863454981355142,0.7520835166058544,0.11137146474928761,14.808390596287225,0.07497862954643401,0.14231611034728772,10.363247278215741,17.38286329075941,
hog,raw_free__vs__raw_tied,raw_free,raw_tied,available,combined,mse,2.8404478142605045,2.7920879042370945,0.04835991002341,1.7320339359667756,-0.040833816275594195,0.10941030607733805,-1.4510708101494318,4.097039914746272,
hog,raw_free__vs__raw_tied,raw_free,raw_tied,available,combined,mae,0.8069715859801784,0.704864297708741,0.10210728827143734,14.486091663792761,0.07812726252514873,0.12128833076080149,11.556875353271248,16.352897432798784,
hog,raw_free__vs__raw_interp,raw_free,raw_interp,available,test_a,mse,2.4562353393261587,5.3800760716584435,-2.923840732332285,-54.345713580793145,-3.416760853960277,-2.5314248891390227,-63.73217284401196,-47.37535820504085,
hog,raw_free__vs__raw_interp,raw_free,raw_interp,available,test_a,mae,0.7525730587290478,1.5076767593377554,-0.7551037006087076,-50.08392521354416,-0.8294449568613077,-0.695356533748822,-54.406843620682125,-46.203712899414796,
hog,raw_free__vs__raw_interp,raw_free,raw_interp,available,test_b,mse,3.2339682920696156,6.3050354516093465,-3.071067159539731,-48.708166403027086,-4.053191550514949,-2.4266033932458475,-55.23154745531036,-44.198705836445264,
hog,raw_free__vs__raw_interp,raw_free,raw_interp,available,test_b,mae,0.863454981355142,1.6346496252728073,-0.7711946439176653,-47.17797820367532,-0.9240511158423967,-0.6667187212219668,-52.137619804777124,-43.66275275636864,
hog,raw_free__vs__raw_interp,raw_free,raw_interp,available,combined,mse,2.8404478142605045,5.837162967323111,-2.996715153062606,-51.33855555924084,-3.556715923537453,-2.651691623601033,-57.220472596344784,-47.580881266571964,
hog,raw_free__vs__raw_interp,raw_free,raw_interp,available,combined,mae,0.8069715859801784,1.5701792905237195,-0.7632077045435411,-48.60640495958776,-0.8526839421609287,-0.7078062908452376,-52.1196934347528,-46.13418973330003,
hog,raw_free__vs__pca_tied,raw_free,pca_tied,available,test_a,mse,2.4562353393261587,2.344485226043684,0.11175011328247475,4.766509596268727,-0.09636003810298013,0.38402402246764406,-4.657913918499515,15.359657314584176,
hog,raw_free__vs__pca_tied,raw_free,pca_tied,available,test_a,mae,0.7525730587290478,0.7399737540226115,0.012599304706436332,1.702669133593532,-0.017111401451740487,0.05211579643468402,-2.333135135978217,6.637294119387066,
hog,raw_free__vs__pca_tied,raw_free,pca_tied,available,test_b,mse,3.2339682920696156,3.1668439015188574,0.06712439055075814,2.119598964715768,-0.1063200967429012,0.3860882430739426,-3.700205264016895,12.92917520042549,
hog,raw_free__vs__pca_tied,raw_free,pca_tied,available,test_b,mae,0.863454981355142,0.8785255492106612,-0.01507056785551919,-1.7154387677239227,-0.037616448959742775,0.02108291717437758,-4.447651200617169,2.4798011484055498,
hog,raw_free__vs__pca_tied,raw_free,pca_tied,available,combined,mse,2.8404478142605045,2.7511897947942083,0.08925801946629619,3.244342489027471,-0.04253049445289429,0.31101149979849035,-1.5249554656344886,11.208184919072234,
hog,raw_free__vs__pca_tied,raw_free,pca_tied,available,combined,mae,0.8069715859801784,0.8083132293327551,-0.0013416433525766935,-0.16598062531825575,-0.018843042428992908,0.027385615925094253,-2.4116661635904624,3.303429046395684,
hog,raw_free__vs__direct,raw_free,direct,available,test_a,mse,2.4562353393261587,2.439824872464392,0.016410466861766615,0.6726083927979186,-0.17232982647588826,0.24842086355721543,-7.475941984571438,10.04352239216199,
hog,raw_free__vs__direct,raw_free,direct,available,test_a,mae,0.7525730587290478,0.7078105991597952,0.04476245956925262,6.324073081469504,0.01721397749774072,0.08313726770195645,2.532902553125594,10.935028601510906,
hog,raw_free__vs__direct,raw_free,direct,available,test_b,mse,3.2339682920696156,3.6886317998714904,-0.4546635078018748,-12.326074611668073,-0.7379902040366476,0.30197940993574685,-18.426851978121928,10.020016275101614,
hog,raw_free__vs__direct,raw_free,direct,available,test_b,mae,0.863454981355142,0.8452571701284737,0.018197811226668303,2.152931896916338,-0.010728429238023857,0.06887389935542582,-1.23634509268139,8.87980784789124,
hog,raw_free__vs__direct,raw_free,direct,available,combined,mse,2.8404478142605045,3.0593514993734656,-0.2189036851129611,-7.155231595904919,-0.3763571700995992,0.1883719583433595,-11.790265283845205,6.864292070651609,
hog,raw_free__vs__direct,raw_free,direct,available,combined,mae,0.8069715859801784,0.7754748189808041,0.031496766999374315,4.061610542141147,0.01167108152057754,0.06405016819554854,1.5377772084042538,8.474495410803915,
hog,raw_free__vs__pca_level,raw_free,pca_level,available,test_a,mse,2.4562353393261587,2.2216592684418277,0.23457607088433097,10.558597990989506,0.060595811125347,0.4824609375042775,3.071887457932237,20.19691243994663,
hog,raw_free__vs__pca_level,raw_free,pca_level,available,test_a,mae,0.7525730587290478,0.723392287776634,0.02918077095241378,4.033879189132867,0.0021762176364931536,0.06364512118693819,0.29746233807045147,8.460065330155707,
hog,raw_free__vs__pca_level,raw_free,pca_level,available,test_b,mse,3.2339682920696156,3.119826558388075,0.11414173368154046,3.6585922821464223,-0.01661660988677914,0.3658128219594549,-0.6006894770757616,12.646808944054225,
hog,raw_free__vs__pca_level,raw_free,pca_level,available,test_b,mae,0.863454981355142,0.8836830976291759,-0.02022811627403387,-2.2890690484296545,-0.042643674233289235,0.017156856647708732,-4.988822136258408,1.9773594177690184,
hog,raw_free__vs__pca_level,raw_free,pca_level,available,combined,mse,2.8404478142605045,2.666809359631549,0.17363845462895533,6.5110936408647335,0.07435455932167843,0.36424002409492295,2.974795730374116,13.993370334926576,
hog,raw_free__vs__pca_level,raw_free,pca_level,available,combined,mae,0.8069715859801784,0.8026490205905296,0.004322565389648814,0.5385374277873772,-0.01219291661286559,0.03190434227319211,-1.5919930803458997,3.9987944865307736,
hog,raw_free__vs__a,raw_free,a,available,test_a,mse,2.4562353393261587,2.223458662294939,0.23277667703121985,10.469125465591514,0.05764564198432383,0.46239790417263815,2.8663030140153394,19.687304587096772,
hog,raw_free__vs__a,raw_free,a,available,test_a,mae,0.7525730587290478,0.7244506129826789,0.028122445746368907,3.8818996412445985,0.000683128545140918,0.06012131204587464,0.10068751499966658,7.882502724546849,
hog,raw_free__vs__a,raw_free,a,available,test_b,mse,3.2339682920696156,3.10121720474869,0.13275108732092544,4.280612371092628,0.029158679672292798,0.39373656133839263,1.042476453078162,13.312596178770555,
hog,raw_free__vs__a,raw_free,a,available,test_b,mae,0.863454981355142,0.8695512511893143,-0.00609626983417233,-0.7010822911052406,-0.028593958153601162,0.028066972797741608,-3.3708590578335587,3.257593602932811,
hog,raw_free__vs__a,raw_free,a,available,combined,mse,2.8404478142605045,2.6585523598449763,0.18189545441552823,6.84189851450339,0.09630854394671659,0.3738365674109846,3.811613281157851,14.240540270184864,
hog,raw_free__vs__a,raw_free,a,available,combined,mae,0.8069715859801784,0.7961486730940146,0.010822912886163771,1.3594085190274166,-0.004714143167064055,0.036267409386420556,-0.6240596397237769,4.492498403618927,
hog,raw_free__vs__f0,raw_free,f0,available,test_a,mse,2.4562353393261587,2.383851981594088,0.0723833577320705,3.0364031949528827,0.009291905697032787,0.20125341954393375,0.40957626962335586,7.810373830044479,
hog,raw_free__vs__f0,raw_free,f0,available,test_a,mae,0.7525730587290478,0.6013448553238903,0.15122820340515752,25.14833245288255,0.1278620276970089,0.19220996300417603,22.653208088844263,30.443962868687393,
hog,raw_free__vs__f0,raw_free,f0,available,test_b,mse,3.2339682920696156,3.1002837773240275,0.13368451474558807,4.312008975545337,-0.018470746134053383,0.21089446903483813,-0.5709449567207368,7.035146424423262,
hog,raw_free__vs__f0,raw_free,f0,available,test_b,mae,0.863454981355142,0.6724840321921141,0.19097094916302793,28.397841438779576,0.1421730846688916,0.2311253526725658,21.839327418748073,32.03960890766775,
hog,raw_free__vs__f0,raw_free,f0,available,combined,mse,2.8404478142605045,2.7380442153643942,0.10240359889611028,3.740027218022184,0.025365398391009864,0.17301452401574574,0.9277806905078737,6.253997465883423,
hog,raw_free__vs__f0,raw_free,f0,available,combined,mae,0.8069715859801784,0.6361020968432587,0.17086948913691968,26.861959736476624,0.14311172822099993,0.1990986921207242,23.362288698827243,30.06662687854964,
hog,raw_free__vs__full_mse,raw_free,full_mse,available,test_a,mse,2.4562353393261587,2.3584799172719366,0.09775542205422205,4.144848609408392,-0.0470130518491594,0.27124007092169977,-2.1398401881589466,10.198243571735366,
hog,raw_free__vs__full_mse,raw_free,full_mse,available,test_a,mae,0.7525730587290478,0.5985408938447347,0.15403216488431304,25.734610027208927,0.12021318736826836,0.20141671532248215,21.195116536270902,32.11771381647923,
hog,raw_free__vs__full_mse,raw_free,full_mse,available,test_b,mse,3.2339682920696156,2.9001753083231607,0.33379298374645483,11.509407130958891,0.2004143866345691,0.41301187968940006,7.118089992886722,14.35060954339315,
hog,raw_free__vs__full_mse,raw_free,full_mse,available,test_b,mae,0.863454981355142,0.6509206410217576,0.21253434033338436,32.651344409629836,0.17124108453378495,0.25258789669552784,27.627547246708584,36.016835968165175,
hog,raw_free__vs__full_mse,raw_free,full_mse,available,combined,mse,2.8404478142605045,2.625304025311172,0.2151437889493324,8.195004726122407,0.11460624386858989,0.30623003261611936,4.589288628162961,11.166175713706448,
hog,raw_free__vs__full_mse,raw_free,full_mse,available,combined,mae,0.8069715859801784,0.623919078508208,0.18305250747197033,29.339142490986056,0.15385915786754845,0.21276956052868845,25.71778221468998,32.86621686453046,
hog,raw_free__vs__native,raw_free,native,available,test_a,mse,2.4562353393261587,2.3863951907829617,0.06984014854319698,2.926596098288434,-0.07392835996848579,0.2253983749908747,-3.0691728560209635,8.933667113548783,
hog,raw_free__vs__native,raw_free,native,available,test_a,mae,0.7525730587290478,0.5908244422095876,0.16174861651946015,27.376764562167835,0.13138515726665526,0.2092171886439577,23.4273688736886,33.99376354788726,
hog,raw_free__vs__native,raw_free,native,available,test_b,mse,3.2339682920696156,2.989048451841211,0.24491984022840452,8.193906662086304,0.10611352798500995,0.3059985885122225,3.1756925521266233,10.87311984641248,
hog,raw_free__vs__native,raw_free,native,available,test_b,mae,0.863454981355142,0.6486617124028949,0.21479326895224704,33.11329539654335,0.1691753876589736,0.25208412654469065,27.342529008947356,36.30837263262679,
hog,raw_free__vs__native,raw_free,native,available,combined,mse,2.8404478142605045,2.683559680642655,0.1568881336178496,5.846269592941501,0.05058342121753991,0.23235303306138377,1.9034880716542004,8.63920248289443,
hog,raw_free__vs__native,raw_free,native,available,combined,mae,0.8069715859801784,0.6189024191954751,0.1880691667847033,30.387531370321444,0.15892323976360817,0.21637693970307054,26.749418954511192,33.65174557096846,
hog,pca_free__vs__pca_tied,pca_free,pca_tied,available,test_a,mse,2.303366239313945,2.344485226043684,-0.04111898672973879,-1.7538599208461225,-0.1114474886207785,0.04051519604527973,-5.4745304699715565,1.5161797236498606,
hog,pca_free__vs__pca_tied,pca_free,pca_tied,available,test_a,mae,0.7010041439438683,0.7399737540226115,-0.03896961007874311,-5.266350308628962,-0.04911219961119087,-0.02961660381013514,-6.623284218626569,-3.844895942481926,
hog,pca_free__vs__pca_tied,pca_free,pca_tied,available,test_b,mse,3.2307915851307003,3.1668439015188574,0.06394768361184289,2.0192875178082756,-0.0959750661702976,0.0936345098521051,-2.676091773726902,3.023936194309713,
hog,pca_free__vs__pca_tied,pca_free,pca_tied,available,test_b,mae,0.8478132428498415,0.8785255492106612,-0.030712306360819674,-3.495892224012621,-0.04517893772171956,-0.01844759817906155,-5.142242557332432,-2.138648694711136,
hog,pca_free__vs__pca_tied,pca_free,pca_tied,available,combined,mse,2.762650380205138,2.7511897947942083,0.011460585410929536,0.4165683310041065,-0.07724452113669897,0.04328996429700274,-2.741605123002192,1.6087920516079182,
hog,pca_free__vs__pca_tied,pca_free,pca_tied,available,combined,mae,0.7734279637454431,0.8083132293327551,-0.034885265587311975,-4.315810297464635,-0.04350408631370559,-0.026914358191515046,-5.396095417328717,-3.3402851564557667,
hog,pca_free__vs__direct,pca_free,direct,available,test_a,mse,2.303366239313945,2.439824872464392,-0.13645863315044693,-5.5929683597583075,-0.22395357588910958,-0.08260726611230927,-9.178841250458657,-3.630595890399948,
hog,pca_free__vs__direct,pca_free,direct,available,test_a,mae,0.7010041439438683,0.7078105991597952,-0.006806455215926821,-0.9616209793985011,-0.017320329427778454,0.0006644655986268732,-2.457124555861582,0.0915657596900102,
hog,pca_free__vs__direct,pca_free,direct,available,test_b,mse,3.2307915851307003,3.6886317998714904,-0.45784021474079006,-12.41219616326956,-0.691161720302302,-0.002425302530817489,-16.3632368344702,-0.08311634429904942,
hog,pca_free__vs__direct,pca_free,direct,available,test_b,mae,0.8478132428498415,0.8452571701284737,0.002556072721367819,0.3024017792099075,-0.017499820904070505,0.028760146827986485,-1.9010862598767428,3.8200240770354794,
hog,pca_free__vs__direct,pca_free,direct,available,combined,mse,2.762650380205138,3.0593514993734656,-0.29670111916832775,-9.698170322340866,-0.4266747286086445,-0.07714751916757802,-12.652479218435325,-2.897219543418858,
hog,pca_free__vs__direct,pca_free,direct,available,combined,mae,0.7734279637454431,0.7754748189808041,-0.002046855235360967,-0.2639486396284435,-0.013184109624945397,0.011153109932215617,-1.6455423557744826,1.5122643409576169,
hog,pca_free__vs__pca_level,pca_free,pca_level,available,test_a,mse,2.303366239313945,2.2216592684418277,0.08170697087211742,3.6777453695418845,0.024445656249579974,0.15215283977809888,1.1567679102808133,7.040198023792139,
hog,pca_free__vs__pca_level,pca_free,pca_level,available,test_a,mae,0.7010041439438683,0.723392287776634,-0.02238814383276566,-3.09488284725515,-0.03670018821277524,-0.003312491849460984,-4.935832695878473,-0.4801463866459798,
hog,pca_free__vs__pca_level,pca_free,pca_level,available,test_b,mse,3.2307915851307003,3.119826558388075,0.1109650267426252,3.5567690916753287,-0.12946928289215145,0.23660349548844306,-4.027135885537796,8.46114658736616,
hog,pca_free__vs__pca_level,pca_free,pca_level,available,test_b,mae,0.8478132428498415,0.8836830976291759,-0.035869854779334354,-4.059131025089108,-0.06907783962825435,-0.00682581341022789,-7.86059343145592,-0.786147947802588,
hog,pca_free__vs__pca_level,pca_free,pca_level,available,combined,mse,2.762650380205138,2.666809359631549,0.09584102057358868,3.59384596530853,-0.030004902979256787,0.16503846761509347,-1.0511644522182824,6.699985444942554,
hog,pca_free__vs__pca_level,pca_free,pca_level,available,combined,mae,0.7734279637454431,0.8026490205905296,-0.02922105684508647,-3.6405771508433142,-0.04709982300865696,-0.011014717839807404,-5.8242903190695134,-1.419935214854302,
hog,pca_free__vs__a,pca_free,a,available,test_a,mse,2.303366239313945,2.223458662294939,0.0799075770190063,3.5938413595928895,0.03402275092944176,0.12615432757126724,1.521963267568644,5.836122260261185,
hog,pca_free__vs__a,pca_free,a,available,test_a,mae,0.7010041439438683,0.7244506129826789,-0.023446469038810536,-3.236448229683688,-0.04078246175363099,-0.006003168154491172,-5.367937491225483,-0.8564626138873165,
hog,pca_free__vs__a,pca_free,a,available,test_b,mse,3.2307915851307003,3.10121720474869,0.1295743803820102,4.1781781741569555,-0.0785880645252805,0.26904762171123064,-2.5788590909892086,9.590878234626377,
hog,pca_free__vs__a,pca_free,a,available,test_b,mae,0.8478132428498415,0.8695512511893143,-0.021738008339472814,-2.499911110442428,-0.052910145973064926,0.0057561192029290794,-6.1936303284330085,0.704145937430813,
hog,pca_free__vs__a,pca_free,a,available,combined,mse,2.762650380205138,2.6585523598449763,0.10409802036016158,3.915590376645118,-0.00394621859445704,0.17459928198418603,-0.14671905859785925,7.047106759913411,
hog,pca_free__vs__a,pca_free,a,available,combined,mae,0.7734279637454431,0.7961486730940146,-0.02272070934857151,-2.8538274466091456,-0.04059541260640427,-0.006076257824668809,-5.0336011541644545,-0.7822713090251443,
hog,pca_free__vs__f0,pca_free,f0,available,test_a,mse,2.303366239313945,2.383851981594088,-0.08048574228014305,-3.376289421557207,-0.28979668630521543,0.12257350857622559,-11.177490543504152,5.6807334963052565,
hog,pca_free__vs__f0,pca_free,f0,available,test_a,mae,0.7010041439438683,0.6013448553238903,0.09965928861997808,16.5727348854262,0.0838325748428979,0.12297876118714053,13.659105982655662,21.14094325515312,
hog,pca_free__vs__f0,pca_free,f0,available,test_b,mse,3.2307915851307003,3.1002837773240275,0.13050780780667282,4.209543937920388,-0.38755261539276104,0.317471252430935,-11.328818043698012,11.34782139362564,
hog,pca_free__vs__f0,pca_free,f0,available,test_b,mae,0.8478132428498415,0.6724840321921141,0.17532921065772744,26.07187713977418,0.11015329869328118,0.207738463401788,16.470468307190952,29.52264076127315,
hog,pca_free__vs__f0,pca_free,f0,available,combined,mse,2.762650380205138,2.7380442153643942,0.024606164840743627,0.8986766796046389,-0.2547628066188354,0.14832490193493494,-8.725815172869288,5.929558820032547,
hog,pca_free__vs__f0,pca_free,f0,available,combined,mae,0.7734279637454431,0.6361020968432587,0.1373258669021844,21.588651819209886,0.10506614522620851,0.15817244773871914,16.419570163246927,24.459323040502255,
hog,pca_free__vs__full_mse,pca_free,full_mse,available,test_a,mse,2.303366239313945,2.3584799172719366,-0.05511367795799149,-2.336830496387763,-0.27276274301701176,0.11642840303556869,-10.537747070547766,5.2420956734474355,
hog,pca_free__vs__full_mse,pca_free,full_mse,available,test_a,mae,0.7010041439438683,0.5985408938447347,0.1024632500991336,17.118838688023413,0.0838656615810934,0.12496654946856595,14.044527800483769,20.8478196540637,
hog,pca_free__vs__full_mse,pca_free,full_mse,available,test_b,mse,3.2307915851307003,2.9001753083231607,0.3306162768075396,11.399872133891696,-0.06749062312655998,0.4510629739366071,-2.236685637547863,17.034515639073277,
hog,pca_free__vs__full_mse,pca_free,full_mse,available,test_b,mae,0.8478132428498415,0.6509206410217576,0.19689260182808388,30.248326665293533,0.14301122845495032,0.2246739784483836,22.761806153645242,33.01456185160154,
hog,pca_free__vs__full_mse,pca_free,full_mse,available,combined,mse,2.762650380205138,2.625304025311172,0.13734635489396574,5.231636167460123,-0.09966547251818046,0.21701950521632324,-3.4690105438095133,8.593660663829532,
hog,pca_free__vs__full_mse,pca_free,full_mse,available,combined,mae,0.7734279637454431,0.623919078508208,0.14950888523723505,23.9628647988632,0.12144016769875834,0.16641990475624657,19.6464739449081,26.03076511706134,
hog,pca_free__vs__native,pca_free,native,available,test_a,mse,2.303366239313945,2.3863951907829617,-0.08302895146901657,-3.479262436904898,-0.3265597972860099,0.11441801437280791,-12.452377543910941,5.469254905380005,
hog,pca_free__vs__native,pca_free,native,available,test_a,mae,0.7010041439438683,0.5908244422095876,0.11017970173428071,18.648467101703933,0.09287686496648243,0.13264816285353265,15.519748788818045,22.944858958945886,
hog,pca_free__vs__native,pca_free,native,available,test_b,mse,3.2307915851307003,2.989048451841211,0.24174313328948926,8.087628460508192,-0.21397675171008906,0.3722522644581673,-6.10087811684998,14.05380931750697,
hog,pca_free__vs__native,pca_free,native,available,test_b,mae,0.8478132428498415,0.6486617124028949,0.19915153044694656,30.70190927551619,0.14239146331596814,0.2275307838000647,22.29248726864772,33.365819704163584,
hog,pca_free__vs__native,pca_free,native,available,combined,mse,2.762650380205138,2.683559680642655,0.07909069956248294,2.9472308789325083,-0.19035275723813583,0.17018619819453232,-6.300478260898285,6.891942776875444,
hog,pca_free__vs__native,pca_free,native,available,combined,mae,0.7734279637454431,0.6189024191954751,0.15452554454996803,24.96767499323063,0.12531630610412156,0.1723790693128619,20.289696434637083,27.27885255608544,
hog,raw_tied__vs__direct,raw_tied,direct,available,test_a,mse,2.412934137173372,2.439824872464392,-0.02689073529101993,-1.1021584210615258,-0.2619315144190271,0.2250568749571327,-10.567035216070755,9.386479815762353,
hog,raw_tied__vs__direct,raw_tied,direct,available,test_a,mae,0.6597267803948963,0.7078105991597952,-0.04808381876489887,-6.793317141898785,-0.06769149889940261,-0.027813744908526002,-9.544907470069484,-3.7909416756662844,
hog,raw_tied__vs__direct,raw_tied,direct,available,test_b,mse,3.180698095353395,3.6886317998714904,-0.5079337045180954,-13.77024685781301,-0.8548493806485151,0.36489525064501405,-22.07130539769417,12.540238732491757,
hog,raw_tied__vs__direct,raw_tied,direct,available,test_b,mae,0.7520835166058544,0.8452571701284737,-0.0931736535226193,-11.023113061372493,-0.13195693560948457,-0.01609182265703871,-14.485489821935934,-2.089072700145045,
hog,raw_tied__vs__direct,raw_tied,direct,available,combined,mse,2.7920879042370945,3.0593514993734656,-0.2672635951363711,-8.735955812566973,-0.45315795801416303,0.20239530897967686,-14.621409821136503,7.251414178563593,
hog,raw_tied__vs__direct,raw_tied,direct,available,combined,mae,0.704864297708741,0.7754748189808041,-0.07061052127206302,-9.105456366057826,-0.09148090607949827,-0.030760477540202676,-11.350590805728627,-4.079824819899502,
hog,raw_interp__vs__direct,raw_interp,direct,available,test_a,mse,5.3800760716584435,2.439824872464392,2.9402511991940514,120.5107478154444,2.5423292416816565,3.549675897790787,92.17882795344626,171.42682134557612,
hog,raw_interp__vs__direct,raw_interp,direct,available,test_a,mae,1.5076767593377554,0.7078105991597952,0.7998661601779602,113.00567710167655,0.7325150746559508,0.8978615297441446,98.24089583580621,131.37522342222377,
hog,raw_interp__vs__direct,raw_interp,direct,available,test_b,mse,6.3050354516093465,3.6886317998714904,2.616403651737856,70.9315484356289,1.9486978528034673,4.107426158067281,50.85675670740252,132.69899101440336,
hog,raw_interp__vs__direct,raw_interp,direct,available,test_b,mae,1.6346496252728073,0.8452571701284737,0.7893924551443336,93.39080259139962,0.6588414606973322,0.983378703966974,76.42127621984527,126.17879154022597,
hog,raw_interp__vs__direct,raw_interp,direct,available,combined,mse,5.837162967323111,3.0593514993734656,2.777811467949645,90.79739508580568,2.4185457669283874,3.611936277382146,75.82183734285383,133.6568119837995,
hog,raw_interp__vs__direct,raw_interp,direct,available,combined,mae,1.5701792905237195,0.7754748189808041,0.7947044715429155,102.4797262388719,0.7260073516677387,0.9092425193555921,91.31211834187879,121.71176877257832,
hog,pca_tied__vs__direct,pca_tied,direct,available,test_a,mse,2.344485226043684,2.439824872464392,-0.09533964642070814,-3.9076430237555737,-0.24611339822537093,-0.0021944049637464126,-9.023883638834254,-0.09458165570351725,
hog,pca_tied__vs__direct,pca_tied,direct,available,test_a,mae,0.7399737540226115,0.7078105991597952,0.03216315486281629,4.544034082139414,0.01575354728164597,0.04527432022727084,2.085409704358873,6.400085734132757,
hog,pca_tied__vs__direct,pca_tied,direct,available,test_b,mse,3.1668439015188574,3.6886317998714904,-0.521787898352633,-14.145838529365054,-0.7217769570693452,-0.030222985612498653,-17.51260527297619,-1.0650083498461758,
hog,pca_tied__vs__direct,pca_tied,direct,available,test_b,mae,0.8785255492106612,0.8452571701284737,0.033268379082187494,3.9358884204591735,0.014893725619888786,0.05717031335592969,1.6818597353278302,7.485007500940087,
hog,pca_tied__vs__direct,pca_tied,direct,available,combined,mse,2.7511897947942083,3.0593514993734656,-0.3081617045792573,-10.072778647447562,-0.43853379769987055,-0.05639736790488379,-12.89992629283543,-2.085502476380831,
hog,pca_tied__vs__direct,pca_tied,direct,available,combined,mae,0.8083132293327551,0.7754748189808041,0.03283841035195101,4.2346198159097,0.020670806534963317,0.046476278619350185,2.554990205183531,6.266277283511737,
peacock_education,raw_free__vs__pca_free,raw_free,pca_free,available,test_a,mse,0.2485771219252338,0.2392754733577934,0.009301648567440396,3.887422491285371,0.003936925057445029,0.013902266453932522,1.6469947052701337,5.8754071633295,
peacock_education,raw_free__vs__pca_free,raw_free,pca_free,available,test_a,mae,0.34870234217387647,0.3394827757955198,0.009219566378356692,2.7157685266217753,0.004977619677328319,0.013851318266048036,1.3564631290072973,4.351806165929659,
peacock_education,raw_free__vs__pca_free,raw_free,pca_free,available,test_b,mse,0.1770509481389516,0.17647606118489043,0.0005748869540611878,0.32575917107470476,-0.006150803807174665,0.007632920237440825,-3.0274251883230434,5.076616389519985,
peacock_education,raw_free__vs__pca_free,raw_free,pca_free,available,test_b,mae,0.2947005333261789,0.29178194811310953,0.002918585213069369,1.0002624329377556,-0.0018553823066579432,0.0083466009996622,-0.5813162461728612,2.984868675828419,
peacock_education,raw_free__vs__pca_free,raw_free,pca_free,available,combined,mse,0.21282079844547452,0.207879657578632,0.004941140866842525,2.376923708840295,0.0006406737968627611,0.00932208566767046,0.28147294599640704,4.679549102707343,
peacock_education,raw_free__vs__pca_free,raw_free,pca_free,available,combined,mae,0.3217061473485544,0.315634781221375,0.006071366127179401,1.9235415386370744,0.002847903150876183,0.009807393465386173,0.858712204455032,3.185010032558644,
peacock_education,raw_free__vs__raw_tied,raw_free,raw_tied,available,test_a,mse,0.2485771219252338,0.24991966781198316,-0.001342545886749369,-0.5371909696036321,-0.0059335108466314216,0.005327786683260742,-2.592732400164117,1.9437922869169622,
peacock_education,raw_free__vs__raw_tied,raw_free,raw_tied,available,test_a,mae,0.34870234217387647,0.3487980559452676,-9.571377139111492e-05,-0.027441027769413387,-0.0036891961193713713,0.004195706081279809,-1.1181560606059515,1.1795172018500428,
peacock_education,raw_free__vs__raw_tied,raw_free,raw_tied,available,test_b,mse,0.1770509481389516,0.1815851822825119,-0.004534234143560273,-2.4970287148793178,-0.007516047281206678,-0.0012661007638506744,-4.4952708646480595,-0.7342585466665528,
peacock_education,raw_free__vs__raw_tied,raw_free,raw_tied,available,test_b,mae,0.2947005333261789,0.2977612986817394,-0.003060765355560491,-1.0279258483594853,-0.006074569751239406,-0.0009025745099151084,-2.1212506511988143,-0.2963342077888807,
peacock_education,raw_free__vs__raw_tied,raw_free,raw_tied,available,combined,mse,0.21282079844547452,0.21575868870151638,-0.002937890256041853,-1.3616555948326938,-0.005423833996478622,0.0007424971857735756,-2.714763633238907,0.3280114267291894,
peacock_education,raw_free__vs__raw_tied,raw_free,raw_tied,available,combined,mae,0.3217061473485544,0.3232839798287986,-0.001577832480244179,-0.48806392481302396,-0.003959821911664459,0.0006763660507693934,-1.24667812204751,0.2079661811825537,
peacock_education,raw_free__vs__raw_interp,raw_free,raw_interp,available,test_a,mse,0.2485771219252338,0.277899542436138,-0.029322420510904224,-10.551446128286658,-0.041187231738995536,-0.021084687240017896,-15.352267338721095,-7.169950247761226,
peacock_education,raw_free__vs__raw_interp,raw_free,raw_interp,available,test_a,mae,0.34870234217387647,0.3766234329147261,-0.02792109074084964,-7.413529881761617,-0.04035683812603906,-0.018311491401702868,-10.685280213473012,-4.61581115641204,
peacock_education,raw_free__vs__raw_interp,raw_free,raw_interp,available,test_b,mse,0.1770509481389516,0.19058283945065316,-0.013531891311701544,-7.100267448373966,-0.017519571165698102,-0.003878244886482768,-9.17106899346963,-2.279488378396285,
peacock_education,raw_free__vs__raw_interp,raw_free,raw_interp,available,test_b,mae,0.2947005333261789,0.308609677009812,-0.013909143683633107,-4.507034198798269,-0.01720595184132806,-0.006197959584411065,-5.683793801144722,-2.0665906740148365,
peacock_education,raw_free__vs__raw_interp,raw_free,raw_interp,available,combined,mse,0.21282079844547452,0.2342471146152601,-0.021426316169785575,-9.146885845307976,-0.026991089568327256,-0.014572525203630317,-11.732782693093142,-6.253833807524627,
peacock_education,raw_free__vs__raw_interp,raw_free,raw_interp,available,combined,mae,0.3217061473485544,0.3426204435410142,-0.02091429619245977,-6.10421724293757,-0.026644926135649963,-0.014123577509047714,-7.862228035410731,-4.057251537144987,
peacock_education,raw_free__vs__pca_tied,raw_free,pca_tied,available,test_a,mse,0.2485771219252338,0.23518513135762165,0.013391990567612144,5.694233513107736,0.0025933908699496836,0.023111098857710094,1.0508262241509927,10.57070658082753,
peacock_education,raw_free__vs__pca_tied,raw_free,pca_tied,available,test_a,mae,0.34870234217387647,0.33558308504887735,0.013119257124999117,3.9093916557469846,0.0050072108755268695,0.022058798400112455,1.37204824931561,7.093888691492061,
peacock_education,raw_free__vs__pca_tied,raw_free,pca_tied,available,test_b,mse,0.1770509481389516,0.17485807628418945,0.002192871854762163,1.254086686392558,-0.005721768984659533,0.010997232717011177,-2.9607123457536613,7.4232534097951755,
peacock_education,raw_free__vs__pca_tied,raw_free,pca_tied,available,test_b,mae,0.2947005333261789,0.290613472293468,0.0040870610327108925,1.4063563538388497,-0.002178527882220928,0.011890621547349793,-0.7041081782622352,4.278834665935125,
peacock_education,raw_free__vs__pca_tied,raw_free,pca_tied,available,combined,mse,0.21282079844547452,0.20502536099258797,0.00779543745288655,3.8021820398932835,0.0011896746470805278,0.014536415028634139,0.5510830193809766,7.643008540342089,
peacock_education,raw_free__vs__pca_tied,raw_free,pca_tied,available,combined,mae,0.3217061473485544,0.3131005806199122,0.008605566728642211,2.7484991281727837,0.0037772949541955703,0.014885022523414237,1.147756651072927,4.991756886809901,
peacock_education,raw_free__vs__direct,raw_free,direct,available,test_a,mse,0.2485771219252338,0.2534421938454186,-0.004865071920184816,-1.9195982509337641,-0.008020674095089435,-0.0018692974849466807,-3.282449511048074,-0.6587012026742642,
peacock_education,raw_free__vs__direct,raw_free,direct,available,test_a,mae,0.34870234217387647,0.3553124934493429,-0.006610151275466436,-1.860376822468487,-0.010513885408881733,-0.0032065216476973137,-2.9957245353327586,-0.8390665880880998,
peacock_education,raw_free__vs__direct,raw_free,direct,available,test_b,mse,0.1770509481389516,0.18631634792171187,-0.009265399782760253,-4.972939780170806,-0.013204253067766222,-0.005446623429042721,-6.66660527439133,-3.319393961126539,
peacock_education,raw_free__vs__direct,raw_free,direct,available,test_b,mae,0.2947005333261789,0.3035814266671301,-0.008880893340951213,-2.925374400683907,-0.011405678767981505,-0.005779847675875174,-3.708700139867087,-1.9657583276387374,
peacock_education,raw_free__vs__direct,raw_free,direct,available,combined,mse,0.21282079844547452,0.21988384962430318,-0.007063051178828661,-3.2121736957474116,-0.009602512662756513,-0.004691234976636946,-4.374162271858379,-2.0958369607597414,
peacock_education,raw_free__vs__direct,raw_free,direct,available,combined,mae,0.3217061473485544,0.3294499602296578,-0.0077438128811033735,-2.3505277935699866,-0.010124798552829068,-0.005373899639638277,-3.0932303051234507,-1.6045854262580368,
peacock_education,raw_free__vs__pca_level,raw_free,pca_level,available,test_a,mse,0.2485771219252338,0.23429974890987387,0.014277373015359918,6.093635644847351,0.0025775100553099293,0.02385618393052356,1.0409077199845345,10.580995520014582,
peacock_education,raw_free__vs__pca_level,raw_free,pca_level,available,test_a,mae,0.34870234217387647,0.33919328961965545,0.00950905255422102,2.803431802817715,0.0019585917951897387,0.016766169136950348,0.538612606174221,5.227602892856479,
peacock_education,raw_free__vs__pca_level,raw_free,pca_level,available,test_b,mse,0.1770509481389516,0.17222325963953541,0.0048276884994161995,2.8031570819879894,-0.0032173927823816602,0.011879827292288965,-1.8589627204015737,7.797217405441379,
peacock_education,raw_free__vs__pca_level,raw_free,pca_level,available,test_b,mae,0.2947005333261789,0.2908096468505009,0.0038908864756779793,1.3379495892989415,-0.00285139744401046,0.011090461598092885,-0.9720604583164858,3.9249275040379095,
peacock_education,raw_free__vs__pca_level,raw_free,pca_level,available,combined,mse,0.21282079844547452,0.2032661712362121,0.009554627209262423,4.700549605059051,0.0023493706777923625,0.015386071292017823,1.113257648228825,7.924365004721261,
peacock_education,raw_free__vs__pca_level,raw_free,pca_level,available,combined,mae,0.3217061473485544,0.3150042747804322,0.0067018725681222135,2.127549720648594,0.001857658416949734,0.012052986298210838,0.5660991306397147,3.9778867115254055,
peacock_education,raw_free__vs__a,raw_free,a,available,test_a,mse,0.2485771219252338,0.23429974890987387,0.014277373015359918,6.093635644847351,0.0025775100553099293,0.02385618393052356,1.0409077199845345,10.580995520014582,
peacock_education,raw_free__vs__a,raw_free,a,available,test_a,mae,0.34870234217387647,0.33919328961965545,0.00950905255422102,2.803431802817715,0.0019585917951897387,0.016766169136950348,0.538612606174221,5.227602892856479,
peacock_education,raw_free__vs__a,raw_free,a,available,test_b,mse,0.1770509481389516,0.17222325963953541,0.0048276884994161995,2.8031570819879894,-0.0032173927823816602,0.011879827292288965,-1.8589627204015737,7.797217405441379,
peacock_education,raw_free__vs__a,raw_free,a,available,test_b,mae,0.2947005333261789,0.2908096468505009,0.0038908864756779793,1.3379495892989415,-0.00285139744401046,0.011090461598092885,-0.9720604583164858,3.9249275040379095,
peacock_education,raw_free__vs__a,raw_free,a,available,combined,mse,0.21282079844547452,0.2032661712362121,0.009554627209262423,4.700549605059051,0.0023493706777923625,0.015386071292017823,1.113257648228825,7.924365004721261,
peacock_education,raw_free__vs__a,raw_free,a,available,combined,mae,0.3217061473485544,0.3150042747804322,0.0067018725681222135,2.127549720648594,0.001857658416949734,0.012052986298210838,0.5660991306397147,3.9778867115254055,
peacock_education,raw_free__vs__f0,raw_free,f0,available,test_a,mse,0.2485771219252338,0.23501060053700065,0.013566521388233138,5.772727424734694,0.006992515979801209,0.025134795036974026,2.6155770175981243,11.62677559471723,
peacock_education,raw_free__vs__f0,raw_free,f0,available,test_a,mae,0.34870234217387647,0.324832173099962,0.023870169073914482,7.3484620830858445,0.016927947001747393,0.032971791586784614,4.766407477258661,10.52712268748323,
peacock_education,raw_free__vs__f0,raw_free,f0,available,test_b,mse,0.1770509481389516,0.1680198100700378,0.009031138068913813,5.375043612505722,0.004570877336797456,0.018583406140952025,2.519380108276883,12.590994343893183,
peacock_education,raw_free__vs__f0,raw_free,f0,available,test_b,mae,0.2947005333261789,0.2758747584648228,0.018825774861356115,6.824029485740943,0.013857936537499466,0.026830810273831218,5.049598804311537,9.997899178819443,
peacock_education,raw_free__vs__f0,raw_free,f0,available,combined,mse,0.21282079844547452,0.20152139200163005,0.011299406443844473,5.607050612151922,0.007805530496122464,0.019470127950872662,3.6239958668949463,10.417202761250827,
peacock_education,raw_free__vs__f0,raw_free,f0,available,combined,mae,0.3217061473485544,0.30035755345036663,0.021348593898187773,7.107726658758917,0.017164650016198067,0.027567933587137376,5.43026040978827,9.420840918180607,
peacock_education,raw_free__vs__full_mse,raw_free,full_mse,available,test_a,mse,0.2485771219252338,0.23091122627667715,0.01766589564855664,7.650513980376777,0.010936497853665229,0.02714141365211012,4.079655651465866,13.285782013450742,
peacock_education,raw_free__vs__full_mse,raw_free,full_mse,available,test_a,mae,0.34870234217387647,0.32318283904291023,0.025519503130966237,7.896305140007114,0.018388992783828627,0.034254605623498476,5.101459136251968,11.28028153723954,
peacock_education,raw_free__vs__full_mse,raw_free,full_mse,available,test_b,mse,0.1770509481389516,0.1654286494156435,0.011622298723308111,7.025565864414937,0.0074174748840007045,0.019620172535822277,3.9879573757765616,13.482779346493727,
peacock_education,raw_free__vs__full_mse,raw_free,full_mse,available,test_b,mae,0.2947005333261789,0.2744872494020122,0.020213283924166714,7.36401562120012,0.016452698178019205,0.026901548415763147,6.035113815153099,10.036939045928742,
peacock_education,raw_free__vs__full_mse,raw_free,full_mse,available,combined,mse,0.21282079844547452,0.19817634895372815,0.01464444949174637,7.389605050785185,0.011318178096860367,0.021581660483147233,5.163809479700701,11.959363797941558,
peacock_education,raw_free__vs__full_mse,raw_free,full_mse,available,combined,mae,0.3217061473485544,0.2988394352949437,0.022866712053610683,7.65183886492158,0.019136214833811324,0.028864650707953653,6.043584554514668,9.940142873429966,
peacock_education,raw_free__vs__native,raw_free,native,available,test_a,mse,0.2485771219252338,0.2341811453242348,0.014395976600998978,6.147367919422835,0.0005662838239695295,0.028823463154170947,0.20328684437439767,14.512438127778136,
peacock_education,raw_free__vs__native,raw_free,native,available,test_a,mae,0.34870234217387647,0.3240609703289575,0.02464137184491899,7.603930772627537,0.012461681391415753,0.03701294444074984,3.346179760671024,12.383959617445898,
peacock_education,raw_free__vs__native,raw_free,native,available,test_b,mse,0.1770509481389516,0.16605016100745162,0.01100078713149999,6.6249782985795,0.0066378393512405735,0.017922776500329755,3.500026541562306,12.338167530919057,
peacock_education,raw_free__vs__native,raw_free,native,available,test_b,mae,0.2947005333261789,0.2753917260076826,0.019308807318496324,7.01139703738146,0.01490438202203687,0.025987235472020795,5.570647677064577,9.583557013493664,
peacock_education,raw_free__vs__native,raw_free,native,available,combined,mse,0.21282079844547452,0.20012303842609322,0.012697760019381304,6.344976629999884,0.006033034095691138,0.021435294623177194,2.6951177183298087,12.118008173540682,
peacock_education,raw_free__vs__native,raw_free,native,available,combined,mae,0.3217061473485544,0.2997312817206841,0.02197486562787032,7.331522256108199,0.01568201204377121,0.029404284063055258,4.8955787277413485,10.258415483387811,
peacock_education,pca_free__vs__pca_tied,pca_free,pca_tied,available,test_a,mse,0.2392754733577934,0.23518513135762165,0.004090342000171748,1.7392009335624152,-0.0018269247700238827,0.009749709723295962,-0.7188212563926699,4.484588586139055,
peacock_education,pca_free__vs__pca_tied,pca_free,pca_tied,available,test_a,mae,0.3394827757955198,0.33558308504887735,0.0038996907466424258,1.1620641565037284,-0.00020416656166822862,0.008792764547377591,-0.05703986795368294,2.7705303312430134,
peacock_education,pca_free__vs__pca_tied,pca_free,pca_tied,available,test_b,mse,0.17647606118489043,0.17485807628418945,0.001617984900700975,0.9253132226339562,-0.001064440311171938,0.0043421699394114305,-0.6453748880414832,2.779610083757823,
peacock_education,pca_free__vs__pca_tied,pca_free,pca_tied,available,test_b,mae,0.29178194811310953,0.290613472293468,0.0011684758196415235,0.4020721442884693,-0.0009078800689185388,0.003905040008359117,-0.32057625684367924,1.3709387782402371,
peacock_education,pca_free__vs__pca_tied,pca_free,pca_tied,available,combined,mse,0.207879657578632,0.20502536099258797,0.002854296586044025,1.3921675700145275,-0.0004970548903841257,0.0059306480674989,-0.22355289173327467,3.1023142111054227,
peacock_education,pca_free__vs__pca_tied,pca_free,pca_tied,available,combined,mae,0.315634781221375,0.3131005806199122,0.0025342006014628105,0.809388662405324,0.0004040030075765769,0.005434086130490141,0.12380511409644838,1.7975878625401973,
peacock_education,pca_free__vs__direct,pca_free,direct,available,test_a,mse,0.2392754733577934,0.2534421938454186,-0.014166720487625212,-5.589724533502849,-0.020590664605755826,-0.007868990511364514,-8.294895796061299,-3.0682003128642608,
peacock_education,pca_free__vs__direct,pca_free,direct,available,test_a,mae,0.3394827757955198,0.3553124934493429,-0.015829717653823128,-4.455153687434292,-0.022145057305813867,-0.009621224770696192,-6.431025502570621,-2.531034820755803,
peacock_education,pca_free__vs__direct,pca_free,direct,available,test_b,mse,0.17647606118489043,0.18631634792171187,-0.00984028673682144,-5.281494000170197,-0.016618758072882565,-0.004430646709321712,-9.923273250983135,-2.1732727754928347,
peacock_education,pca_free__vs__direct,pca_free,direct,available,test_b,mae,0.29178194811310953,0.3035814266671301,-0.011799478554020582,-3.8867590430551706,-0.01750129309651224,-0.007204393912218118,-5.9450946578067905,-2.288731279833045,
peacock_education,pca_free__vs__direct,pca_free,direct,available,combined,mse,0.207879657578632,0.21988384962430318,-0.012004192045671186,-5.459333218961613,-0.016703375412395402,-0.007776898176659516,-7.844768617115173,-3.326421537094432,
peacock_education,pca_free__vs__direct,pca_free,direct,available,combined,mae,0.315634781221375,0.3294499602296578,-0.013815179008282774,-4.193407399002958,-0.01802171781275723,-0.009857037871851796,-5.605928170238686,-2.8878960049929474,
peacock_education,pca_free__vs__pca_level,pca_free,pca_level,available,test_a,mse,0.2392754733577934,0.23429974890987387,0.004975724447919522,2.1236576099932107,-0.002636646454951716,0.010841235136031612,-0.9720923766499665,4.757700660498838,
peacock_education,pca_free__vs__pca_level,pca_free,pca_level,available,test_a,mae,0.3394827757955198,0.33919328961965545,0.00028948617586432857,0.08534549023329309,-0.003428766007170965,0.004538916523141747,-0.9657955271362715,1.3668075764222116,
peacock_education,pca_free__vs__pca_level,pca_free,pca_level,available,test_b,mse,0.17647606118489043,0.17222325963953541,0.004252801545355012,2.469353764558955,-0.0023634650930042973,0.009510544599999917,-1.49900004694368,5.189618052416626,
peacock_education,pca_free__vs__pca_level,pca_free,pca_level,available,test_b,mae,0.29178194811310953,0.2908096468505009,0.0009723012626086103,0.3343428504311103,-0.004877875698457162,0.0070865565667683605,-1.7511920816356756,2.3398061834963766,
peacock_education,pca_free__vs__pca_level,pca_free,pca_level,available,combined,mse,0.207879657578632,0.2032661712362121,0.004613486342419898,2.269677396077208,-0.0008530115859370683,0.008216348520598028,-0.42447509954153684,4.036794688937262,
peacock_education,pca_free__vs__pca_level,pca_free,pca_level,available,combined,mae,0.315634781221375,0.3150042747804322,0.0006305064409428129,0.20015805861120317,-0.003012700762754958,0.004117732062733964,-0.9519829127873825,1.3163181894246763,
peacock_education,pca_free__vs__a,pca_free,a,available,test_a,mse,0.2392754733577934,0.23429974890987387,0.004975724447919522,2.1236576099932107,-0.002636646454951716,0.010841235136031612,-0.9720923766499665,4.757700660498838,
peacock_education,pca_free__vs__a,pca_free,a,available,test_a,mae,0.3394827757955198,0.33919328961965545,0.00028948617586432857,0.08534549023329309,-0.003428766007170965,0.004538916523141747,-0.9657955271362715,1.3668075764222116,
peacock_education,pca_free__vs__a,pca_free,a,available,test_b,mse,0.17647606118489043,0.17222325963953541,0.004252801545355012,2.469353764558955,-0.0023634650930042973,0.009510544599999917,-1.49900004694368,5.189618052416626,
peacock_education,pca_free__vs__a,pca_free,a,available,test_b,mae,0.29178194811310953,0.2908096468505009,0.0009723012626086103,0.3343428504311103,-0.004877875698457162,0.0070865565667683605,-1.7511920816356756,2.3398061834963766,
peacock_education,pca_free__vs__a,pca_free,a,available,combined,mse,0.207879657578632,0.2032661712362121,0.004613486342419898,2.269677396077208,-0.0008530115859370683,0.008216348520598028,-0.42447509954153684,4.036794688937262,
peacock_education,pca_free__vs__a,pca_free,a,available,combined,mae,0.315634781221375,0.3150042747804322,0.0006305064409428129,0.20015805861120317,-0.003012700762754958,0.004117732062733964,-0.9519829127873825,1.3163181894246763,
peacock_education,pca_free__vs__f0,pca_free,f0,available,test_a,mse,0.2392754733577934,0.23501060053700065,0.004264872820792742,1.8147576369097742,-0.004579376254308193,0.019854964273226118,-1.7445102570052178,8.863468545433694,
peacock_education,pca_free__vs__f0,pca_free,f0,available,test_a,mae,0.3394827757955198,0.324832173099962,0.01465060269555779,4.51020678024073,0.006522747478496823,0.02599371806641706,1.912878950471405,8.141103176996207,
peacock_education,pca_free__vs__f0,pca_free,f0,available,test_b,mse,0.17647606118489043,0.1680198100700378,0.008456251114852625,5.032889342826718,0.00113291182581194,0.017511614119636087,0.7593399125423342,11.161194231714335,
peacock_education,pca_free__vs__f0,pca_free,f0,available,test_b,mae,0.29178194811310953,0.2758747584648228,0.015907189648286746,5.7660910105754,0.008705914746621716,0.023062550858441905,3.2658248366282066,8.318668713224836,
peacock_education,pca_free__vs__f0,pca_free,f0,available,combined,mse,0.207879657578632,0.20152139200163005,0.006358265577001948,3.155131826873505,0.0010460478452418854,0.015577727510937547,0.5268263648810974,8.18499689329944,
peacock_education,pca_free__vs__f0,pca_free,f0,available,combined,mae,0.315634781221375,0.30035755345036663,0.015277227771008373,5.086347120460514,0.009994999504056528,0.021872961190049806,3.308876532009365,7.300306648511542,
peacock_education,pca_free__vs__full_mse,pca_free,full_mse,available,test_a,mse,0.2392754733577934,0.23091122627667715,0.008364247081116244,3.622278230463437,0.00010936816252140188,0.02094294487480945,0.04111814199232087,9.886750261315003,
peacock_education,pca_free__vs__full_mse,pca_free,full_mse,available,test_a,mae,0.3394827757955198,0.32318283904291023,0.016299936752609545,5.043565060843265,0.00953663196201215,0.025942673559462247,2.6834070373198022,8.160479913051178,
peacock_education,pca_free__vs__full_mse,pca_free,full_mse,available,test_b,mse,0.17647606118489043,0.1654286494156435,0.011047411769246923,6.678052325440942,0.004445427732675851,0.018654910741617042,3.0263861436532937,11.970945724405427,
peacock_education,pca_free__vs__full_mse,pca_free,full_mse,available,test_b,mae,0.29178194811310953,0.2744872494020122,0.017294698711097345,6.3007293594784235,0.011393295609608185,0.02372594945069357,4.272209654293119,8.462786089251935,
peacock_education,pca_free__vs__full_mse,pca_free,full_mse,available,combined,mse,0.207879657578632,0.19817634895372815,0.009703308624903845,4.896300025776261,0.004709584003158912,0.017479077755480663,2.2486660398369507,9.390465024664715,
peacock_education,pca_free__vs__full_mse,pca_free,full_mse,available,combined,mae,0.315634781221375,0.2988394352949437,0.016795345926431282,5.620190625060873,0.01241639676039685,0.022594234436783985,4.019236715864813,7.636113375731858,
peacock_education,pca_free__vs__native,pca_free,native,available,test_a,mse,0.2392754733577934,0.2341811453242348,0.005094328033558582,2.175379246055546,-0.009910148258138117,0.020711126645333887,-3.399015022827152,10.143285212837446,
peacock_education,pca_free__vs__native,pca_free,native,available,test_a,mae,0.3394827757955198,0.3240609703289575,0.0154218054665623,4.758920968146048,0.0037932653989328573,0.02695865556335851,1.0375718690783842,8.738300272004464,
peacock_education,pca_free__vs__native,pca_free,native,available,test_b,mse,0.17647606118489043,0.16605016100745162,0.010425900177438802,6.278765473145752,0.004061568116068656,0.017239565062507796,2.650721987012307,10.862664353293187,
peacock_education,pca_free__vs__native,pca_free,native,available,test_b,mae,0.29178194811310953,0.2753917260076826,0.016390222105426955,5.951602955918043,0.009662929361890749,0.023316016133650263,3.6611185178665764,8.212261483750586,
peacock_education,pca_free__vs__native,pca_free,native,available,combined,mse,0.207879657578632,0.20012303842609322,0.0077566191525387795,3.8759251376264463,-0.00030495533652003106,0.017017941937676324,-0.13781577210758347,9.116358472559728,
peacock_education,pca_free__vs__native,pca_free,native,available,combined,mae,0.315634781221375,0.2997312817206841,0.01590349950069092,5.305919158451802,0.009230555694392536,0.022904250171573232,2.8873891237243297,7.779450162758569,
peacock_education,raw_tied__vs__direct,raw_tied,direct,available,test_a,mse,0.24991966781198316,0.2534421938454186,-0.003522526033435447,-1.3898735565649076,-0.012398769663890372,0.0019427028830778144,-4.438427933211196,0.8433512895322838,
peacock_education,raw_tied__vs__direct,raw_tied,direct,available,test_a,mae,0.3487980559452676,0.3553124934493429,-0.006514437504075321,-1.8334389091792767,-0.013779514501227733,-0.001350404455695155,-3.7869267084027793,-0.3666934506594391,
peacock_education,raw_tied__vs__direct,raw_tied,direct,available,test_b,mse,0.1815851822825119,0.18631634792171187,-0.00473116563919998,-2.5393185793808954,-0.009268045108387428,-0.0006230037958185904,-4.52513690365452,-0.3888391149411166,
peacock_education,raw_tied__vs__direct,raw_tied,direct,available,test_b,mae,0.2977612986817394,0.3035814266671301,-0.005820127985390722,-1.917155489150644,-0.008483696071613634,-0.0020556524508713544,-2.6781941388210284,-0.7189862897464756,
peacock_education,raw_tied__vs__direct,raw_tied,direct,available,combined,mse,0.21575868870151638,0.21988384962430318,-0.004125160922786808,-1.8760636262440917,-0.008967974620932887,-0.0008711991638716186,-3.900883843698991,-0.4129073806665338,
peacock_education,raw_tied__vs__direct,raw_tied,direct,available,combined,mae,0.3232839798287986,0.3294499602296578,-0.0061659804008591945,-1.8715984656853268,-0.009679011132125926,-0.0027359144881085357,-2.930936248146693,-0.841960603311621,
peacock_education,raw_interp__vs__direct,raw_interp,direct,available,test_a,mse,0.277899542436138,0.2534421938454186,0.024457348590719408,9.650069792891951,0.01620172920298194,0.03602688897580082,6.119033121997652,15.441040785554927,
peacock_education,raw_interp__vs__direct,raw_interp,direct,available,test_a,mae,0.3766234329147261,0.3553124934493429,0.021310939465383205,5.997801895030048,0.01303798308329564,0.032490756710981436,3.4816588884149526,9.471887021303257,
peacock_education,raw_interp__vs__direct,raw_interp,direct,available,test_b,mse,0.19058283945065316,0.18631634792171187,0.004266491528941291,2.289917968300895,-0.006872178952835075,0.010007283543786993,-3.7713538453940223,5.881493454409936,
peacock_education,raw_interp__vs__direct,raw_interp,direct,available,test_b,mae,0.308609677009812,0.3035814266671301,0.005028250342681895,1.6563102683469673,-0.003931129826115973,0.010478000318298248,-1.3023973376643272,3.5966413819020557,
peacock_education,raw_interp__vs__direct,raw_interp,direct,available,combined,mse,0.2342471146152601,0.21988384962430318,0.014363264990956914,6.532205532829356,0.0070823872787293025,0.020355915330727604,3.135441422178705,9.741622653007017,
peacock_education,raw_interp__vs__direct,raw_interp,direct,available,combined,mae,0.3426204435410142,0.3294499602296578,0.013170483311356396,3.997718895511574,0.0067128931088207295,0.01919028353957854,1.972221535730119,5.919994864207822,
peacock_education,pca_tied__vs__direct,pca_tied,direct,available,test_a,mse,0.23518513135762165,0.2534421938454186,-0.01825706248779696,-7.203639698183976,-0.029685213809966884,-0.006497621719177266,-12.03243228045449,-2.431536068677589,
peacock_education,pca_tied__vs__direct,pca_tied,direct,available,test_a,mae,0.33558308504887735,0.3553124934493429,-0.019729408400465553,-5.552692000479399,-0.030272937066126684,-0.010204011826830063,-8.831770022723248,-2.6851368533762296,
peacock_education,pca_tied__vs__direct,pca_tied,direct,available,test_b,mse,0.17485807628418945,0.18631634792171187,-0.011458271637522416,-6.149901372227981,-0.02026765692694349,-0.0037381549864304864,-11.89850453932495,-1.9410386897504235,
peacock_education,pca_tied__vs__direct,pca_tied,direct,available,test_b,mae,0.290613472293468,0.3035814266671301,-0.012967954373662105,-4.271656048273718,-0.020979561536243543,-0.006704327129967644,-7.039076931786381,-2.206938449570442,
peacock_education,pca_tied__vs__direct,pca_tied,direct,available,combined,mse,0.20502536099258797,0.21988384962430318,-0.014858488631715211,-6.757426094323274,-0.022251056985802316,-0.00781645460192953,-10.417967072829418,-3.472635844013265,
peacock_education,pca_tied__vs__direct,pca_tied,direct,available,combined,mae,0.3131005806199122,0.3294499602296578,-0.016349379609745585,-4.962629104082611,-0.0232589855091848,-0.010646766504722948,-7.1854941125910425,-3.1570873714298737,
